"","Taxa","BLUE.N","BLUE.I","QTNs","Group","RefInf","ID","BLUP","PEV","gBreedingValue","Prediction","COI"
"1","Sample_11",1.61326196862591,0.196295025977838,0,"   1","2","   1",-0.0329956887597437,0.109626400977682,0.163299337218094,1.776561305844,NA
"2","Sample_12",1.61326196862591,0.0779778054638785,0,"   2","2","   2",0.428005879883476,0.127742253419951,0.505983685347355,2.11924565397326,NA
"3","Sample_13",1.61326196862591,-0.255700312646027,0,"   3","2","   3",0.079588944264528,0.154756447816484,-0.176111368381499,1.43715060024441,NA
"4","Sample_14",1.61326196862591,0.0575147970937551,0,"   4","2","   4",-0.232547077878834,0.0977250664330256,-0.175032280785079,1.43822968784083,NA
"5","Sample_15",1.61326196862591,0.196295025977838,0,"   5","2","   5",-0.0329956887597437,0.109626400977682,0.163299337218094,1.776561305844,NA
"6","Sample_16",1.61326196862591,0.196295025977838,0,"   6","2","   6",-0.0329956887597437,0.109626400977682,0.163299337218094,1.776561305844,NA
"7","Sample_17",1.61326196862591,0.196295025977838,0,"   7","2","   7",-0.0329956887597437,0.109626400977682,0.163299337218094,1.776561305844,NA
"8","Sample_18",1.61326196862591,-0.165124790689693,0,"   8","2","   8",-0.18958508560746,0.138649896700491,-0.354709876297153,1.25855209232875,NA
"9","Sample_19",1.61326196862591,0.0575147970937551,0,"   9","2","   9",-0.232547077878834,0.0977250664330256,-0.175032280785079,1.43822968784083,NA
"10","Sample_20",1.61326196862591,-0.145541838774381,0,"  10","2","  10",0.329579128659456,0.122506047886991,0.184037289885075,1.79729925851098,NA
"11","Sample_21",1.61326196862591,0.233648989517429,0,"  11","2","  11",0.418364505878247,0.141219194359636,0.652013495395677,2.26527546402158,NA
"12","Sample_22",1.61326196862591,-0.020118552503301,0,"  12","2","  12",-0.224268547116318,0.077789151764933,-0.244387099619619,1.36887486900629,NA
"13","Sample_23",1.61326196862591,0.0514535196970152,0,"  13","2","  13",0.308453149248077,0.149190482591837,0.359906668945092,1.973168637571,NA
"14","Sample_24",1.61326196862591,-0.0983252463540884,0,"  14","2","  14",0.103531450767297,0.0972979002311195,0.00520620441320896,1.61846817303912,NA
"15","Sample_25",1.61326196862591,-0.202482881718008,0,"  15","2","  15",-0.00774274910558918,0.0988102147349242,-0.210225630823597,1.40303633780231,NA
"16","Sample_26",1.61326196862591,-0.00536279908112001,0,"  16","2","  16",0.0476095231292885,0.130750942744281,0.0422467240481685,1.65550869267408,NA
"17","Sample_27",1.61326196862591,0.0583948535485673,0,"  17","2","  17",-0.091158334383445,0.143886102233447,-0.0327634808348777,1.58049848779103,NA
"18","Sample_28",1.61326196862591,-0.131382253624342,0,"  18","2","  18",-0.242696639856642,0.105902509948532,-0.374078893480984,1.23918307514492,NA
"19","Sample_29",1.61326196862591,-0.340270868605912,0,"  19","2","  19",-0.145723572481311,0.148371802090423,-0.485994441087223,1.12726752753869,NA
"20","Sample_30",1.61326196862591,-0.346206000307513,0,"  20","2","  20",-0.103308202994908,0.153707758454981,-0.449514203302421,1.16374776532349,NA
"21","Sample_31",1.61326196862591,-0.00548752324661133,0,"  21","2","  21",-0.028868728516971,0.125494649439773,-0.0343562517635823,1.57890571686233,NA
"22","Sample_32",1.61326196862591,-0.340439728000205,0,"  22","2","  22",0.18071358215961,0.161421576828192,-0.159726145840595,1.45353582278531,NA
"23","Sample_33",1.61326196862591,0.0840390828606184,0,"  23","2","  23",-0.112994347243435,0.0762768372611278,-0.0289552643828161,1.58430670424309,NA
"24","Sample_34",1.61326196862591,-0.157906539391205,0,"  24","2","  24",-0.362249370492055,0.127350739120431,-0.52015590988326,1.09310605874265,NA
"25","Sample_35",1.61326196862591,0.0840390828606184,0,"  25","2","  25",-0.112994347243435,0.0762768372611278,-0.0289552643828161,1.58430670424309,NA
"26","Sample_36",1.61326196862591,0.203401091734959,0,"  26","2","  26",-0.125841795892313,0.0830253572978851,0.0775592958426455,1.69082126446855,NA
"27","Sample_37",1.61326196862591,-0.0538610895686521,0,"  27","2","  27",-0.171156992867126,0.110536538516891,-0.225018082435778,1.38824388619013,NA
"28","Sample_38",1.61326196862591,-0.340439728000205,0,"  28","2","  28",0.18071358215961,0.161421576828192,-0.159726145840595,1.45353582278531,NA
"29","Sample_39",1.61326196862591,0.021036762520252,0,"  29","2","  29",0.0906840021184319,0.10404642026788,0.111720764638684,1.72498273326459,NA
"30","Sample_40",1.61326196862591,0.0779778054638785,0,"  30","2","  30",0.428005879883476,0.127742253419951,0.505983685347355,2.11924565397326,NA
"31","Sample_41",1.61326196862591,-0.046518114104673,0,"  31","2","  31",-0.267343026105445,0.104493674241325,-0.313861140210118,1.29940082841579,NA
"32","Sample_42",1.61326196862591,0.125194397884171,0,"  32","2","  32",0.201958201991315,0.102534105764073,0.327152599875487,1.94041456850139,NA
"33","Sample_43",1.61326196862591,-0.0261798299000409,0,"  33","2","  33",0.316731680010574,0.129254567923758,0.290551850110533,1.90381381873644,NA
"34","Sample_44",1.61326196862591,-0.074441210680715,0,"  34","2","  34",0.0946252379084117,0.129598343100607,0.0201840272276966,1.6334459958536,NA
"35","Sample_45",1.61326196862591,-0.0902269386007886,0,"  35","2","  35",0.0722559093780928,0.132159778451494,-0.0179710292226958,1.59529093940321,NA
"36","Sample_46",1.61326196862591,0.129660213547803,0,"  36","2","  36",-0.0193468486355659,0.129681734125669,0.110313364912237,1.72357533353814,NA
"37","Sample_47",1.61326196862591,0.149078433557545,0,"  37","2","  37",0.193051989132411,0.134834548633561,0.342130422689956,1.95539239131586,NA
"38","Sample_48",1.61326196862591,0.0840390828606184,0,"  38","2","  38",-0.112994347243435,0.0762768372611278,-0.0289552643828161,1.58430670424309,NA
"39","Sample_49",1.61326196862591,-0.020118552503301,0,"  39","2","  39",-0.224268547116318,0.077789151764933,-0.244387099619619,1.36887486900629,NA
"40","Sample_50",1.61326196862591,0.021036762520252,0,"  40","2","  40",0.0906840021184319,0.10404642026788,0.111720764638684,1.72498273326459,NA
"41","Sample_51",1.61326196862591,0.307558727098878,0,"  41","2","  41",-0.0145675960194219,0.0815130427940826,0.292991131079456,1.90625309970536,NA
"42","Sample_52",1.61326196862591,0.0921373906139183,0,"  42","2","  42",-0.144269888632639,0.111138715481489,-0.0521324980187203,1.56112947060719,NA
"43","Sample_53",1.61326196862591,0.307558727098878,0,"  43","2","  43",-0.0145675960194219,0.0815130427940826,0.292991131079456,1.90625309970536,NA
"44","Sample_54",1.61326196862591,-0.0468116976644572,0,"  44","2","  44",-0.0173841231108059,0.112287155674602,-0.0641958207752631,1.54906614785064,NA
"45","Sample_55",1.61326196862591,0.280865581937722,0,"  45","2","  45",0.192316827986082,0.116011046703751,0.473182409923804,2.08644437854971,NA
"46","Sample_56",1.61326196862591,0.203401091734959,0,"  46","2","  46",-0.125841795892313,0.0830253572978851,0.0775592958426455,1.69082126446855,NA
"47","Sample_57",1.61326196862591,-0.131382253624342,0,"  47","2","  47",-0.242696639856642,0.105902509948532,-0.374078893480984,1.23918307514492,NA
"48","Sample_58",1.61326196862591,0.233817848911722,0,"  48","2","  48",0.0919273512373283,0.128169419621856,0.32574520014905,1.93900716877496,NA
"49","Sample_59",1.61326196862591,-0.0185287207053333,0,"  49","2","  49",0.106392748101974,0.157431649484147,0.087864027396641,1.70112599602255,NA
"50","Sample_60",1.61326196862591,0.021036762520252,0,"  50","2","  50",0.0906840021184319,0.10404642026788,0.111720764638684,1.72498273326459,NA
"51","Sample_61",1.61326196862591,0.0840390828606184,0,"  51","2","  51",-0.112994347243435,0.0762768372611278,-0.0289552643828161,1.58430670424309,NA
"52","Sample_62",1.61326196862591,-0.0983252463540884,0,"  52","2","  52",0.103531450767297,0.0972979002311195,0.00520620441320896,1.61846817303912,NA
"53","Sample_63",1.61326196862591,-0.020118552503301,0,"  53","2","  53",-0.224268547116318,0.077789151764933,-0.244387099619619,1.36887486900629,NA
"54","Sample_64",1.61326196862591,-0.229176026879164,0,"  54","2","  54",0.199141674899919,0.133308218644598,-0.0300343519792454,1.58322761664666,NA
"55","Sample_65",1.61326196862591,0.0139306967631309,0,"  55","2","  55",0.183530109250991,0.130647463947673,0.197460806014122,1.81072277464003,NA
"56","Sample_66",1.61326196862591,0.203401091734959,0,"  56","2","  56",-0.125841795892313,0.0830253572978851,0.0775592958426455,1.69082126446855,NA
"57","Sample_67",1.61326196862591,0.156184499314666,0,"  57","2","  57",0.100205881999841,0.108233504953768,0.256390381314507,1.86965234994041,NA
"58","Sample_68",1.61326196862591,0.149078433557545,0,"  58","2","  58",0.193051989132411,0.134834548633561,0.342130422689956,1.95539239131586,NA
"59","Sample_69",1.61326196862591,0.125194397884171,0,"  59","2","  59",0.201958201991315,0.102534105764073,0.327152599875487,1.94041456850139,NA
"60","Sample_70",1.61326196862591,0.307558727098878,0,"  60","2","  60",-0.0145675960194219,0.0815130427940826,0.292991131079456,1.90625309970536,NA
"61","Sample_71",1.61326196862591,-0.313746582839048,0,"  61","2","  61",-0.0261708418459169,0.126923572918526,-0.339917424684965,1.27334454394094,NA
"62","Sample_72",1.61326196862591,0.143077595049818,0,"  62","2","  62",0.0543360046103549,0.165572634059252,0.197413599660173,1.81067556828608,NA
"63","Sample_73",1.61326196862591,-0.229007167484871,0,"  63","2","  63",-0.127295479740985,0.120258443906821,-0.356302647225856,1.25695932140005,NA
"64","Sample_74",1.61326196862591,-0.0983252463540884,0,"  64","2","  64",0.103531450767297,0.0972979002311195,0.00520620441320896,1.61846817303912,NA
"65","Sample_75",1.61326196862591,0.143077595049818,0,"  65","2","  65",0.0543360046103549,0.165572634059252,0.197413599660173,1.81067556828608,NA
"66","Sample_76",1.61326196862591,0.0368224904403255,0,"  66","2","  66",0.113053330648722,0.101484984917003,0.149875821089047,1.76313778971495,NA
"67","Sample_77",1.61326196862591,-0.0468116976644572,0,"  67","2","  67",-0.0173841231108059,0.112287155674602,-0.0641958207752631,1.54906614785064,NA
"68","Sample_78",1.61326196862591,-0.0468116976644572,0,"  68","2","  68",-0.0173841231108059,0.112287155674602,-0.0641958207752631,1.54906614785064,NA
"69","Sample_79",1.61326196862591,0.176707946573803,0,"  69","2","  69",0.0810426281131971,0.117523361207558,0.257750574687,1.87101254331291,NA
"70","Sample_80",1.61326196862591,0.0921373906139183,0,"  70","2","  70",-0.144269888632639,0.111138715481489,-0.0521324980187203,1.56112947060719,NA
"71","Sample_81",1.61326196862591,-0.0902269386007886,0,"  71","2","  71",0.0722559093780928,0.132159778451494,-0.0179710292226958,1.59529093940321,NA
"72","Sample_82",1.61326196862591,0.0139306967631309,0,"  72","2","  72",0.183530109250991,0.130647463947673,0.197460806014122,1.81072277464003,NA
"73","Sample_83",1.61326196862591,-0.347489119904399,0,"  73","2","  73",0.0269407124032882,0.159670959670478,-0.320548407501111,1.2927135611248,NA
"74","Sample_84",1.61326196862591,-0.0983252463540884,0,"  74","2","  74",0.103531450767297,0.0972979002311195,0.00520620441320896,1.61846817303912,NA
"75","Sample_85",1.61326196862591,-0.0902269386007886,0,"  75","2","  75",0.0722559093780928,0.132159778451494,-0.0179710292226958,1.59529093940321,NA
"76","Sample_86",1.61326196862591,0.176707946573803,0,"  76","2","  76",0.0810426281131971,0.117523361207558,0.257750574687,1.87101254331291,NA
"77","Sample_87",1.61326196862591,-0.0673351449235939,0,"  77","2","  77",0.00177913077582782,0.102997299420821,-0.0655560141477661,1.54770595447814,NA
"78","Sample_88",1.61326196862591,-0.0127624483980253,0,"  78","2","  78",0.390414533256503,0.165145467857346,0.377652084858477,1.99091405348439,NA
"79","Sample_89",1.61326196862591,-0.0537489040272855,0,"  79","2","  79",-0.250975170619145,0.125838424616621,-0.30472407464643,1.30853789397948,NA
"80","Sample_90",1.61326196862591,-0.125018391515245,0,"  80","2","  80",0.310415874772815,0.131795904140789,0.185397483257571,1.79865945188348,NA
"81","Sample_91",1.61326196862591,-0.0983252463540884,0,"  81","2","  81",0.103531450767297,0.0972979002311195,0.00520620441320896,1.61846817303912,NA
"82","Sample_92",1.61326196862591,-0.0261798299000409,0,"  82","2","  82",0.316731680010574,0.129254567923758,0.290551850110533,1.90381381873644,NA
"83","Sample_93",1.61326196862591,0.149078433557545,0,"  83","2","  83",0.193051989132411,0.134834548633561,0.342130422689956,1.95539239131586,NA
"84","Sample_94",1.61326196862591,0.0921373906139183,0,"  84","2","  84",-0.144269888632639,0.111138715481489,-0.0521324980187203,1.56112947060719,NA
"85","Sample_95",1.61326196862591,-0.0272246182604222,0,"  85","2","  85",-0.13142243998376,0.104390195444723,-0.158647058244182,1.45461491038173,NA
"86","Sample_96",1.61326196862591,0.280865581937722,0,"  86","2","  86",0.192316827986082,0.116011046703751,0.473182409923804,2.08644437854971,NA
"87","Sample_97",1.61326196862591,0.307558727098878,0,"  87","2","  87",-0.0145675960194219,0.0815130427940826,0.292991131079456,1.90625309970536,NA
"88","Sample_98",1.61326196862591,0.203401091734959,0,"  88","2","  88",-0.125841795892313,0.0830253572978851,0.0775592958426455,1.69082126446855,NA
"89","Sample_99",1.61326196862591,0.307558727098878,0,"  89","2","  89",-0.0145675960194219,0.0815130427940826,0.292991131079456,1.90625309970536,NA
"90","Sample_100",1.61326196862591,0.0840390828606184,0,"  90","2","  90",-0.112994347243435,0.0762768372611278,-0.0289552643828161,1.58430670424309,NA
"91","Sample_101",1.61326196862591,-0.209588947475129,0,"  91","2","  91",0.0851033580269817,0.125411258414718,-0.124485589448147,1.48877637917776,NA
"92","Sample_102",1.61326196862591,0.307558727098878,0,"  92","2","  92",-0.0145675960194219,0.0815130427940826,0.292991131079456,1.90625309970536,NA
"93","Sample_103",1.61326196862591,0.065613104847055,0,"  93","2","  93",-0.263822619268035,0.132586944653383,-0.19820951442098,1.41505245420493,NA
"94","Sample_104",1.61326196862591,-0.0539177634215783,0,"  94","2","  94",0.0754619840217534,0.138888199354405,0.0215442206001751,1.63480618922608,NA
"95","Sample_105",1.61326196862591,-0.234942299186472,0,"  95","2","  95",-0.0848801102545979,0.125594400271394,-0.31982240944107,1.29343955918484,NA
"96","Sample_106",1.61326196862591,-0.0983252463540884,0,"  96","2","  96",0.103531450767297,0.0972979002311195,0.00520620441320896,1.61846817303912,NA
"97","Sample_107",1.61326196862591,0.156184499314666,0,"  97","2","  97",0.100205881999841,0.108233504953768,0.256390381314507,1.86965234994041,NA
"98","Sample_108",1.61326196862591,-0.020118552503301,0,"  98","2","  98",-0.224268547116318,0.077789151764933,-0.244387099619619,1.36887486900629,NA
"99","Sample_109",1.61326196862591,0.0583948535485673,0,"  99","2","  99",-0.091158334383445,0.143886102233447,-0.0327634808348777,1.58049848779103,NA
"100","Sample_110",1.61326196862591,0.196295025977838,0," 100","2"," 100",-0.0329956887597437,0.109626400977682,0.163299337218094,1.776561305844,NA
"101","Sample_111",1.61326196862591,0.021036762520252,0," 101","2"," 101",0.0906840021184319,0.10404642026788,0.111720764638684,1.72498273326459,NA
"102","Sample_112",1.61326196862591,0.143077595049818,0," 102","2"," 102",0.0543360046103549,0.165572634059252,0.197413599660173,1.81067556828608,NA
"103","Sample_113",1.61326196862591,-0.34014614444042,0," 103","2"," 103",-0.0692453208350334,0.153628095394914,-0.409391465275454,1.20387050335045,NA
"104","Sample_114",1.61326196862591,-0.0902269386007886,0," 104","2"," 104",0.0722559093780928,0.132159778451494,-0.0179710292226958,1.59529093940321,NA
"105","Sample_115",1.61326196862591,0.0139306967631309,0," 105","2"," 105",0.183530109250991,0.130647463947673,0.197460806014122,1.81072277464003,NA
"106","Sample_116",1.61326196862591,-0.197710353853296,0," 106","2"," 106",0.231862410884041,0.211563542031213,0.0341520570307453,1.64741402565665,NA
"107","Sample_117",1.61326196862591,-0.020118552503301,0," 107","2"," 107",-0.224268547116318,0.077789151764933,-0.244387099619619,1.36887486900629,NA
"108","Sample_118",1.61326196862591,-0.131382253624342,0," 108","2"," 108",-0.242696639856642,0.105902509948532,-0.374078893480984,1.23918307514492,NA
"109","Sample_119",1.61326196862591,-0.256805539895422,0," 109","2"," 109",0.311151035919137,0.150619406070602,0.0543454960237149,1.66760746464962,NA
"110","Sample_120",1.61326196862591,0.0779778054638785,0," 110","2"," 110",0.428005879883476,0.127742253419951,0.505983685347355,2.11924565397326,NA
"111","Sample_121",1.61326196862591,-0.116920083761945,0," 111","2"," 111",0.279140333383614,0.166657782361143,0.16222024962167,1.77548221824758,NA
"112","Sample_122",1.61326196862591,-0.202482881718008,0," 112","2"," 112",-0.00774274910558918,0.0988102147349242,-0.210225630823597,1.40303633780231,NA
"113","Sample_123",1.61326196862591,0.169658554669608,0," 113","2"," 113",-0.0727302416431141,0.115772744049838,0.0969283130264937,1.7101902816524,NA
"114","Sample_124",1.61326196862591,0.169770740210974,0," 114","2"," 114",-0.152548419395146,0.13107463014958,0.0172223208158283,1.63048428944174,NA
"115","Sample_125",1.61326196862591,0.203401091734959,0," 115","2"," 115",-0.125841795892313,0.0830253572978851,0.0775592958426455,1.69082126446855,NA
"116","Sample_126",1.61326196862591,-0.0983252463540884,0," 116","2"," 116",0.103531450767297,0.0972979002311195,0.00520620441320896,1.61846817303912,NA
"117","Sample_127",1.61326196862591,0.307558727098878,0," 117","2"," 117",-0.0145675960194219,0.0815130427940826,0.292991131079456,1.90625309970536,NA
"118","Sample_128",1.61326196862591,-0.131382253624342,0," 118","2"," 118",-0.242696639856642,0.105902509948532,-0.374078893480984,1.23918307514492,NA
"119","Sample_129",1.61326196862591,0.125194397884171,0," 119","2"," 119",0.201958201991315,0.102534105764073,0.327152599875487,1.94041456850139,NA
"120","Sample_130",1.61326196862591,0.307558727098878,0," 120","2"," 120",-0.0145675960194219,0.0815130427940826,0.292991131079456,1.90625309970536,NA
"121","Sample_131",1.61326196862591,0.307558727098878,0," 121","2"," 121",-0.0145675960194219,0.0815130427940826,0.292991131079456,1.90625309970536,NA
"122","Sample_132",1.61326196862591,0.307558727098878,0," 122","2"," 122",-0.0145675960194219,0.0815130427940826,0.292991131079456,1.90625309970536,NA
"123","Sample_133",1.61326196862591,0.0389199596858988,0," 123","2"," 123",-0.0569381952625188,0.167084948563053,-0.01801823557662,1.59524373304929,NA
"124","Sample_134",1.61326196862591,-0.0804420491884417,0," 124","2"," 124",-0.0440907466136555,0.160336428526294,-0.124532795802097,1.48872917282381,NA
"125","Sample_135",1.61326196862591,-0.0272246182604222,0," 125","2"," 125",-0.13142243998376,0.104390195444723,-0.158647058244182,1.45461491038173,NA
"126","Sample_136",1.61326196862591,-0.317241222121929,0," 126","2"," 126",0.571147014173847,0.217864796732222,0.253905792051917,1.86716776067783,NA
"127","Sample_137",1.61326196862591,-0.131382253624342,0," 127","2"," 127",-0.242696639856642,0.105902509948532,-0.374078893480984,1.23918307514492,NA
"128","Sample_138",1.61326196862591,0.115335896492194,0," 128","2"," 128",0.246163543381595,0.167581935385529,0.361499439873789,1.9747614084997,NA
"129","Sample_139",1.61326196862591,0.281034441332015,0," 129","2"," 129",-0.134120326654819,0.102961271965978,0.146914114677196,1.7601760833031,NA
"130","Sample_140",1.61326196862591,0.0986701121173081,0," 130","2"," 130",0.0824054713559145,0.123982334935969,0.181075583473223,1.79433755209913,NA
"131","Sample_141",1.61326196862591,-0.0525779699717652,0," 131","2"," 131",-0.301405908265329,0.104573337301407,-0.353983878237094,1.25927809038881,NA
"132","Sample_142",1.61326196862591,0.203401091734959,0," 132","2"," 132",-0.125841795892313,0.0830253572978851,0.0775592958426455,1.69082126446855,NA
"133","Sample_143",1.61326196862591,-0.0272246182604222,0," 133","2"," 133",-0.13142243998376,0.104390195444723,-0.158647058244182,1.45461491038173,NA
"134","Sample_144",1.61326196862591,0.0985012527230153,0," 134","2"," 134",0.408842625996819,0.137032109673745,0.507343878719835,2.12060584734574,NA
"135","Sample_145",1.61326196862591,0.203401091734959,0," 135","2"," 135",-0.125841795892313,0.0830253572978851,0.0775592958426455,1.69082126446855,NA
"136","Sample_146",1.61326196862591,-0.313746582839048,0," 136","2"," 136",-0.0261708418459169,0.126923572918526,-0.339917424684965,1.27334454394094,NA
"137","Sample_147",1.61326196862591,-0.020118552503301,0," 137","2"," 137",-0.224268547116318,0.077789151764933,-0.244387099619619,1.36887486900629,NA
"138","Sample_148",1.61326196862591,0.260342134678585,0," 138","2"," 138",0.211480081872726,0.106721190449964,0.471822216551312,2.08508418517722,NA
"139","Sample_149",1.61326196862591,-0.262918563944515,0," 139","2"," 139",0.252253229149111,0.166055605396556,-0.0106653347954039,1.6025966338305,NA
"140","Sample_150",1.61326196862591,-0.0983252463540884,0," 140","2"," 140",0.103531450767297,0.0972979002311195,0.00520620441320896,1.61846817303912,NA
"141","Sample_151",1.61326196862591,0.142965409508452,0," 141","2"," 141",0.134154182362398,0.150270747959517,0.277119591870849,1.89038156049676,NA
"142","Sample_152",1.61326196862591,0.0101293452791694,0," 142","2"," 142",0.319937754654219,0.135982988826685,0.330067099933389,1.9433290685593,NA
"143","Sample_153",1.61326196862591,-0.131382253624342,0," 143","2"," 143",-0.242696639856642,0.105902509948532,-0.374078893480984,1.23918307514492,NA
"144","Sample_154",1.61326196862591,0.307558727098878,0," 144","2"," 144",-0.0145675960194219,0.0815130427940826,0.292991131079456,1.90625309970536,NA
"145","Sample_155",1.61326196862591,0.125194397884171,0," 145","2"," 145",0.201958201991315,0.102534105764073,0.327152599875487,1.94041456850139,NA
"146","Sample_156",1.61326196862591,-0.0537489040272855,0," 146","2"," 146",-0.250975170619145,0.125838424616621,-0.30472407464643,1.30853789397948,NA
"147","Sample_157",1.61326196862591,-0.209588947475129,0," 147","2"," 147",0.0851033580269817,0.125411258414718,-0.124485589448147,1.48877637917776,NA
"148","Sample_158",1.61326196862591,-0.052872975061197,0," 148","2"," 148",0.523616104016077,0.163752571833436,0.470743128954879,2.08400509758079,NA
"149","Sample_159",1.61326196862591,-0.0983252463540884,0," 149","2"," 149",0.103531450767297,0.0972979002311195,0.00520620441320896,1.61846817303912,NA
"150","Sample_160",1.61326196862591,0.0368224904403255,0," 150","2"," 150",0.113053330648722,0.101484984917003,0.149875821089047,1.76313778971495,NA
"151","Sample_161",1.61326196862591,-0.313746582839048,0," 151","2"," 151",-0.0261708418459169,0.126923572918526,-0.339917424684965,1.27334454394094,NA
"152","Sample_162",1.61326196862591,0.260342134678585,0," 152","2"," 152",0.211480081872726,0.106721190449964,0.471822216551312,2.08508418517722,NA
"153","Sample_163",1.61326196862591,-0.020118552503301,0," 153","2"," 153",-0.224268547116318,0.077789151764933,-0.244387099619619,1.36887486900629,NA
"154","Sample_164",1.61326196862591,-0.0983252463540884,0," 154","2"," 154",0.103531450767297,0.0972979002311195,0.00520620441320896,1.61846817303912,NA
"155","Sample_165",1.61326196862591,-0.202482881718008,0," 155","2"," 155",-0.00774274910558918,0.0988102147349242,-0.210225630823597,1.40303633780231,NA
"156","Sample_166",1.61326196862591,-0.0902269386007886,0," 156","2"," 156",0.0722559093780928,0.132159778451494,-0.0179710292226958,1.59529093940321,NA
"157","Sample_167",1.61326196862591,-0.0537489040272855,0," 157","2"," 157",-0.250975170619145,0.125838424616621,-0.30472407464643,1.30853789397948,NA
"158","Sample_168",1.61326196862591,0.0840390828606184,0," 158","2"," 158",-0.112994347243435,0.0762768372611278,-0.0289552643828161,1.58430670424309,NA
"159","Sample_169",1.61326196862591,-0.131382253624342,0," 159","2"," 159",-0.242696639856642,0.105902509948532,-0.374078893480984,1.23918307514492,NA
"160","Sample_170",1.61326196862591,-0.020118552503301,0," 160","2"," 160",-0.224268547116318,0.077789151764933,-0.244387099619619,1.36887486900629,NA
"161","Sample_171",1.61326196862591,0.0573459376994623,0," 161","2"," 161",0.0938900767620725,0.110774841170802,0.151236014461535,1.76449798308744,NA
"162","Sample_172",1.61326196862591,0.0575147970937551,0," 162","2"," 162",-0.232547077878834,0.0977250664330256,-0.175032280785079,1.43822968784083,NA
"163","Sample_173",1.61326196862591,-0.131382253624342,0," 163","2"," 163",-0.242696639856642,0.105902509948532,-0.374078893480984,1.23918307514492,NA
"164","Sample_174",1.61326196862591,-0.0598101814240254,0," 164","2"," 164",0.290025056507734,0.17730384077546,0.230214875083709,1.84347684370962,NA
"165","Sample_175",1.61326196862591,0.203401091734959,0," 165","2"," 165",-0.125841795892313,0.0830253572978851,0.0775592958426455,1.69082126446855,NA
"166","Sample_176",1.61326196862591,0.125194397884171,0," 166","2"," 166",0.201958201991315,0.102534105764073,0.327152599875487,1.94041456850139,NA
"167","Sample_177",1.61326196862591,0.280865581937722,0," 167","2"," 167",0.192316827986082,0.116011046703751,0.473182409923804,2.08644437854971,NA
"168","Sample_178",1.61326196862591,-0.0539177634215783,0," 168","2"," 168",0.0754619840217534,0.138888199354405,0.0215442206001751,1.63480618922608,NA
"169","Sample_179",1.61326196862591,-0.131382253624342,0," 169","2"," 169",-0.242696639856642,0.105902509948532,-0.374078893480984,1.23918307514492,NA
"170","Sample_180",1.61326196862591,0.0514491878686462,0," 170","2"," 170",-0.172128763862944,0.107070824308508,-0.120679575994297,1.49258239263161,NA
"171","Sample_181",1.61326196862591,0.122554147790682,0," 171","2"," 171",0.0734992584970166,0.156282777805459,0.196053406287698,1.80931537491361,NA
"172","Sample_182",1.61326196862591,0.307558727098878,0," 172","2"," 172",-0.0145675960194219,0.0815130427940826,0.292991131079456,1.90625309970536,NA
"173","Sample_183",1.61326196862591,-0.0198118403022202,0," 173","2"," 173",0.236641663500182,0.16339485069965,0.216829823197962,1.83009179182387,NA
"174","Sample_184",1.61326196862591,0.196295025977838,0," 174","2"," 174",-0.0329956887597437,0.109626400977682,0.163299337218094,1.776561305844,NA
"175","Sample_185",1.61326196862591,0.0840390828606184,0," 175","2"," 175",-0.112994347243435,0.0762768372611278,-0.0289552643828161,1.58430670424309,NA
"176","Sample_186",1.61326196862591,-0.0379469407150755,0," 176","2"," 176",-0.106006089665997,0.152278834976254,-0.143953030381073,1.46930893824483,NA
"177","Sample_187",1.61326196862591,0.0657378290125463,0," 177","2"," 177",-0.187344367621777,0.137843237957892,-0.121606538609231,1.49165543001668,NA
"178","Sample_188",1.61326196862591,-0.184599684552361,0," 178","2"," 178",-0.155364946486541,0.161848743030101,-0.339964631038902,1.27329733758701,NA
"179","Sample_189",1.61326196862591,0.203401091734959,0," 179","2"," 179",-0.125841795892313,0.0830253572978851,0.0775592958426455,1.69082126446855,NA
"180","Sample_190",1.61326196862591,-0.158760928580596,0," 180","2"," 180",0.363527429022007,0.164543290892744,0.204766500441412,1.81802846906732,NA
"181","Sample_191",1.61326196862591,-0.202482881718008,0," 181","2"," 181",-0.00774274910558918,0.0988102147349242,-0.210225630823597,1.40303633780231,NA
"182","Sample_192",1.61326196862591,0.065613104847055,0," 182","2"," 182",-0.263822619268035,0.132586944653383,-0.19820951442098,1.41505245420493,NA
"183","Sample_193",1.61326196862591,-0.202482881718008,0," 183","2"," 183",-0.00774274910558918,0.0988102147349242,-0.210225630823597,1.40303633780231,NA
"184","Sample_194",1.61326196862591,0.281034441332015,0," 184","2"," 184",-0.134120326654819,0.102961271965978,0.146914114677196,1.7601760833031,NA
"185","Sample_195",1.61326196862591,-0.020118552503301,0," 185","2"," 185",-0.224268547116318,0.077789151764933,-0.244387099619619,1.36887486900629,NA
"186","Sample_196",1.61326196862591,0.176707946573803,0," 186","2"," 186",0.0810426281131971,0.117523361207558,0.257750574687,1.87101254331291,NA
"187","Sample_197",1.61326196862591,0.156184499314666,0," 187","2"," 187",0.100205881999841,0.108233504953768,0.256390381314507,1.86965234994041,NA
"188","Sample_198",1.61326196862591,0.203401091734959,0," 188","2"," 188",-0.125841795892313,0.0830253572978851,0.0775592958426455,1.69082126446855,NA
"189","Sample_199",1.61326196862591,-0.234942299186472,0," 189","2"," 189",-0.0848801102545979,0.125594400271394,-0.31982240944107,1.29343955918484,NA
"190","Sample_200",1.61326196862591,-0.276392619299457,0," 190","2"," 190",0.425189352792076,0.15851636630048,0.148796733492619,1.76205870211853,NA
"191","Sample_201",1.61326196862591,0.129660213547803,0," 191","2"," 191",-0.0193468486355659,0.129681734125669,0.110313364912237,1.72357533353814,NA
"192","Sample_202",1.61326196862591,0.281034441332015,0," 192","2"," 192",-0.134120326654819,0.102961271965978,0.146914114677196,1.7601760833031,NA
"193","Sample_203",1.61326196862591,-0.202482881718008,0," 193","2"," 193",-0.00774274910558918,0.0988102147349242,-0.210225630823597,1.40303633780231,NA
"194","Sample_204",1.61326196862591,0.0576395212592464,0," 194","2"," 194",-0.156068826232576,0.102981359737533,-0.0984293049733293,1.51483266365258,NA
"195","Sample_205",1.61326196862591,0.307558727098878,0," 195","2"," 195",-0.0145675960194219,0.0815130427940826,0.292991131079456,1.90625309970536,NA
"196","Sample_206",1.61326196862591,0.307558727098878,0," 196","2"," 196",-0.0145675960194219,0.0815130427940826,0.292991131079456,1.90625309970536,NA
"197","Sample_207",1.61326196862591,0.280865581937722,0," 197","2"," 197",0.192316827986082,0.116011046703751,0.473182409923804,2.08644437854971,NA
"198","Sample_208",1.61326196862591,0.143134268902744,0," 198","2"," 198",-0.192282972278512,0.137220973221746,-0.0491487033757671,1.56411326525014,NA
"199","Sample_209",1.61326196862591,0.176876805968096,0," 199","2"," 199",-0.245394526527705,0.104473586469783,-0.0685177205596092,1.5447442480663,NA
"200","Sample_210",1.61326196862591,0.00436307297186132,0," 200","2"," 200",0.0359159694997,0.128269170453477,0.0402790424715613,1.65354101109747,NA
"201","Sample_211",1.61326196862591,0.170941674266495,0," 201","2"," 201",-0.202979157041331,0.109809542834365,-0.0320374827748364,1.58122448585107,NA
"202","Sample_212",1.61326196862591,0.0317017083874111,0," 202","2"," 202",0.115726089622065,0.178384106143125,0.147427798009476,1.76068976663538,NA
"203","Sample_213",1.61326196862591,0.307558727098878,0," 203","2"," 203",-0.0145675960194219,0.0815130427940826,0.292991131079456,1.90625309970536,NA
"204","Sample_214",1.61326196862591,0.203401091734959,0," 204","2"," 204",-0.125841795892313,0.0830253572978851,0.0775592958426455,1.69082126446855,NA
"205","Sample_215",1.61326196862591,-0.178598846044634,0," 205","2"," 205",-0.0166489619644992,0.131110657604416,-0.195247808009134,1.41801416061677,NA
"206","Sample_216",1.61326196862591,-0.0525779699717652,0," 206","2"," 206",-0.301405908265329,0.104573337301407,-0.353983878237094,1.25927809038881,NA
"207","Sample_217",1.61326196862591,-0.143444369528808,0," 207","2"," 207",0.159587602748211,0.188106011533048,0.0161432332194031,1.62940520184531,NA
"208","Sample_218",1.61326196862591,-0.016394940487694,0," 208","2"," 208",0.200385024018835,0.157431217998578,0.183990083531141,1.79725205215705,NA
"209","Sample_219",1.61326196862591,0.0442352683985275,0," 209","2"," 209",0.481117434132672,0.16048964017191,0.5253527025312,2.13861467115711,NA
"210","Sample_220",1.61326196862591,-0.0537489040272855,0," 210","2"," 210",-0.250975170619145,0.125838424616621,-0.30472407464643,1.30853789397948,NA
"211","Sample_221",1.61326196862591,0.307558727098878,0," 211","2"," 211",-0.0145675960194219,0.0815130427940826,0.292991131079456,1.90625309970536,NA
"212","Sample_222",1.61326196862591,0.0308216519325989,0," 212","2"," 212",-0.0256626538733178,0.132223070342691,0.00515899805928112,1.61842096668519,NA
"213","Sample_223",1.61326196862591,0.203401091734959,0," 213","2"," 213",-0.125841795892313,0.0830253572978851,0.0775592958426455,1.69082126446855,NA
"214","Sample_224",1.61326196862591,0.203401091734959,0," 214","2"," 214",-0.125841795892313,0.0830253572978851,0.0775592958426455,1.69082126446855,NA
"215","Sample_225",1.61326196862591,0.021036762520252,0," 215","2"," 215",0.0906840021184319,0.10404642026788,0.111720764638684,1.72498273326459,NA
"216","Sample_226",1.61326196862591,0.203401091734959,0," 216","2"," 216",-0.125841795892313,0.0830253572978851,0.0775592958426455,1.69082126446855,NA
"217","Sample_227",1.61326196862591,-0.00565638264090413,0," 217","2"," 217",0.29756842612393,0.138544424177553,0.291912043483026,1.90517401210893,NA
"218","Sample_228",1.61326196862591,0.0840390828606184,0," 218","2"," 218",-0.112994347243435,0.0762768372611278,-0.0289552643828161,1.58430670424309,NA
"219","Sample_229",1.61326196862591,0.0502965457952674,0," 219","2"," 219",-0.0598827929942456,0.109024224013091,-0.00958624719897824,1.60367572142693,NA
"220","Sample_230",1.61326196862591,-0.202482881718008,0," 220","2"," 220",-0.00774274910558918,0.0988102147349242,-0.210225630823597,1.40303633780231,NA
"221","Sample_231",1.61326196862591,0.196295025977838,0," 221","2"," 221",-0.0329956887597437,0.109626400977682,0.163299337218094,1.776561305844,NA
"222","Sample_232",1.61326196862591,-0.0379469407150755,0," 222","2"," 222",-0.106006089665997,0.152278834976254,-0.143953030381073,1.46930893824483,NA
"223","Sample_233",1.61326196862591,0.169658554669608,0," 223","2"," 223",-0.0727302416431141,0.115772744049838,0.0969283130264937,1.7101902816524,NA
"224","Sample_234",1.61326196862591,-0.0261798299000409,0," 224","2"," 224",0.316731680010574,0.129254567923758,0.290551850110533,1.90381381873644,NA
"225","Sample_235",1.61326196862591,0.176876805968096,0," 225","2"," 225",-0.245394526527705,0.104473586469783,-0.0685177205596092,1.5447442480663,NA
"226","Sample_236",1.61326196862591,0.156184499314666,0," 226","2"," 226",0.100205881999841,0.108233504953768,0.256390381314507,1.86965234994041,NA
"227","Sample_237",1.61326196862591,0.247123044872371,0," 227","2"," 227",0.245428382235278,0.148758433455709,0.49255142710765,2.10581339573356,NA
"228","Sample_238",1.61326196862591,0.248406164469258,0," 228","2"," 228",0.115179466837073,0.142795232240227,0.363585631306331,1.97684759993224,NA
"229","Sample_239",1.61326196862591,-0.00565638264090413,0," 229","2"," 229",0.29756842612393,0.138544424177553,0.291912043483026,1.90517401210893,NA
"230","Sample_240",1.61326196862591,-0.00565638264090413,0," 230","2"," 230",0.29756842612393,0.138544424177553,0.291912043483026,1.90517401210893,NA
"231","Sample_241",1.61326196862591,-0.205123131811498,0," 231","2"," 231",-0.13620169259989,0.152558886776311,-0.341324824411388,1.27193714421452,NA
"232","Sample_242",1.61326196862591,-0.209588947475129,0," 232","2"," 232",0.0851033580269817,0.125411258414718,-0.124485589448147,1.48877637917776,NA
"233","Sample_243",1.61326196862591,0.196295025977838,0," 233","2"," 233",-0.0329956887597437,0.109626400977682,0.163299337218094,1.776561305844,NA
"234","Sample_244",1.61326196862591,-0.0983252463540884,0," 234","2"," 234",0.103531450767297,0.0972979002311195,0.00520620441320896,1.61846817303912,NA
"235","Sample_245",1.61326196862591,0.0840390828606184,0," 235","2"," 235",-0.112994347243435,0.0762768372611278,-0.0289552643828161,1.58430670424309,NA
"236","Sample_246",1.61326196862591,-0.131382253624342,0," 236","2"," 236",-0.242696639856642,0.105902509948532,-0.374078893480984,1.23918307514492,NA
"237","Sample_247",1.61326196862591,0.233648989517429,0," 237","2"," 237",0.418364505878247,0.141219194359636,0.652013495395677,2.26527546402158,NA
"238","Sample_248",1.61326196862591,-0.0983252463540884,0," 238","2"," 238",0.103531450767297,0.0972979002311195,0.00520620441320896,1.61846817303912,NA
"239","Sample_249",1.61326196862591,-0.0902269386007886,0," 239","2"," 239",0.0722559093780928,0.132159778451494,-0.0179710292226958,1.59529093940321,NA
"240","Sample_250",1.61326196862591,-0.059922366965392,0," 240","2"," 240",0.369843234259771,0.162001954675699,0.309920867294379,1.92318283592029,NA
"241","Sample_251",1.61326196862591,0.281034441332015,0," 241","2"," 241",-0.134120326654819,0.102961271965978,0.146914114677196,1.7601760833031,NA
"242","Sample_252",1.61326196862591,0.0654442454527622,0," 242","2"," 242",0.0626145353728783,0.145636719391158,0.12805878082564,1.74132074945155,NA
"243","Sample_253",1.61326196862591,0.0102982046734621,0," 243","2"," 243",-0.00649939998667262,0.122933214088894,0.00379880468678953,1.6170607733127,NA
"244","Sample_254",1.61326196862591,0.307558727098878,0," 244","2"," 244",-0.0145675960194219,0.0815130427940826,0.292991131079456,1.90625309970536,NA
"245","Sample_255",1.61326196862591,0.0779778054638785,0," 245","2"," 245",0.428005879883476,0.127742253419951,0.505983685347355,2.11924565397326,NA
"246","Sample_256",1.61326196862591,-0.0983252463540884,0," 246","2"," 246",0.103531450767297,0.0972979002311195,0.00520620441320896,1.61846817303912,NA
"247","Sample_257",1.61326196862591,-0.202482881718008,0," 247","2"," 247",-0.00774274910558918,0.0988102147349242,-0.210225630823597,1.40303633780231,NA
"248","Sample_258",1.61326196862591,-0.236113233241992,0," 248","2"," 248",-0.0344493726084134,0.146859487586619,-0.270562605850406,1.3426993627755,NA
"249","Sample_259",1.61326196862591,0.0449207981936254,0," 249","2"," 249",0.081777789259528,0.136346863137367,0.126698587453153,1.73996055607906,NA
"250","Sample_260",1.61326196862591,-0.020118552503301,0," 250","2"," 250",-0.224268547116318,0.077789151764933,-0.244387099619619,1.36887486900629,NA
"251","Sample_261",1.61326196862591,-0.124849532120952,0," 251","2"," 251",-0.0160212798680964,0.118746129403016,-0.140870811989048,1.47239115663686,NA
"252","Sample_262",1.61326196862591,-0.0537489040272855,0," 252","2"," 252",-0.250975170619145,0.125838424616621,-0.30472407464643,1.30853789397948,NA
"253","Sample_263",1.61326196862591,-0.236282092636285,0," 253","2"," 253",0.291987782032482,0.159909262324384,0.0557056893961966,1.6689676580221,NA
"254","Sample_264",1.61326196862591,0.0914518608188204,0," 254","2"," 254",0.25506975624051,0.135281492516034,0.346521617059331,1.95978358568524,NA
"255","Sample_265",1.61326196862591,0.233817848911722,0," 255","2"," 255",0.0919273512373283,0.128169419621856,0.32574520014905,1.93900716877496,NA
"256","Sample_266",1.61326196862591,0.169770740210974,0," 256","2"," 256",-0.152548419395146,0.13107463014958,0.0172223208158283,1.63048428944174,NA
"257","Sample_267",1.61326196862591,-0.0127624483980253,0," 257","2"," 257",0.390414533256503,0.165145467857346,0.377652084858477,1.99091405348439,NA
"258","Sample_268",1.61326196862591,0.233817848911722,0," 258","2"," 258",0.0919273512373283,0.128169419621856,0.32574520014905,1.93900716877496,NA
"259","Sample_269",1.61326196862591,0.281034441332015,0," 259","2"," 259",-0.134120326654819,0.102961271965978,0.146914114677196,1.7601760833031,NA
"260","Sample_270",1.61326196862591,-0.0261798299000409,0," 260","2"," 260",0.316731680010574,0.129254567923758,0.290551850110533,1.90381381873644,NA
"261","Sample_271",1.61326196862591,-0.0609671553257732,0," 261","2"," 261",-0.0783108857345537,0.137137582196677,-0.139278041060327,1.47398392756558,NA
"262","Sample_272",1.61326196862591,-0.116920083761945,0," 262","2"," 262",0.279140333383614,0.166657782361143,0.16222024962167,1.77548221824758,NA
"263","Sample_273",1.61326196862591,0.307558727098878,0," 263","2"," 263",-0.0145675960194219,0.0815130427940826,0.292991131079456,1.90625309970536,NA
"264","Sample_274",1.61326196862591,-0.211188741036607,0," 264","2"," 264",-0.0757833785840013,0.161904644651799,-0.286972119620608,1.3262898490053,NA
"265","Sample_275",1.61326196862591,0.0502965457952674,0," 265","2"," 265",-0.0598827929942456,0.109024224013091,-0.00958624719897824,1.60367572142693,NA
"266","Sample_276",1.61326196862591,-0.347489119904399,0," 266","2"," 266",0.0269407124032882,0.159670959670478,-0.320548407501111,1.2927135611248,NA
"267","Sample_277",1.61326196862591,-0.020118552503301,0," 267","2"," 267",-0.224268547116318,0.077789151764933,-0.244387099619619,1.36887486900629,NA
"268","Sample_278",1.61326196862591,0.162552488912487,0," 268","2"," 268",0.0201158654894457,0.142373787729635,0.182668354401932,1.79593032302784,NA
"269","Sample_279",1.61326196862591,0.0840390828606184,0," 269","2"," 269",-0.112994347243435,0.0762768372611278,-0.0289552643828161,1.58430670424309,NA
"270","Sample_280",1.61326196862591,-0.130784663822553,0," 270","2"," 270",0.0263940896182917,0.124082085767596,-0.104390574204261,1.50887139442165,NA
"271","Sample_281",1.61326196862591,0.021036762520252,0," 271","2"," 271",0.0906840021184319,0.10404642026788,0.111720764638684,1.72498273326459,NA
"272","Sample_282",1.61326196862591,-0.313746582839048,0," 272","2"," 272",-0.0261708418459169,0.126923572918526,-0.339917424684965,1.27334454394094,NA
"273","Sample_283",1.61326196862591,-0.074441210680715,0," 273","2"," 273",0.0946252379084117,0.129598343100607,0.0201840272276966,1.6334459958536,NA
"274","Sample_284",1.61326196862591,0.021036762520252,0," 274","2"," 274",0.0906840021184319,0.10404642026788,0.111720764638684,1.72498273326459,NA
"275","Sample_285",1.61326196862591,0.169658554669608,0," 275","2"," 275",-0.0727302416431141,0.115772744049838,0.0969283130264937,1.7101902816524,NA
"276","Sample_286",1.61326196862591,-0.0272246182604222,0," 276","2"," 276",-0.13142243998376,0.104390195444723,-0.158647058244182,1.45461491038173,NA
"277","Sample_287",1.61326196862591,0.0368224904403255,0," 277","2"," 277",0.113053330648722,0.101484984917003,0.149875821089047,1.76313778971495,NA
"278","Sample_288",1.61326196862591,0.203401091734959,0," 278","2"," 278",-0.125841795892313,0.0830253572978851,0.0775592958426455,1.69082126446855,NA
"279","Sample_289",1.61326196862591,0.203401091734959,0," 279","2"," 279",-0.125841795892313,0.0830253572978851,0.0775592958426455,1.69082126446855,NA
"280","Sample_290",1.61326196862591,0.021036762520252,0," 280","2"," 280",0.0906840021184319,0.10404642026788,0.111720764638684,1.72498273326459,NA
"281","Sample_291",1.61326196862591,-0.374182265065556,0," 281","2"," 281",0.233825136408791,0.194168963580162,-0.140357128656765,1.47290483996914,NA
"282","Sample_292",1.61326196862591,0.307558727098878,0," 282","2"," 282",-0.0145675960194219,0.0815130427940826,0.292991131079456,1.90625309970536,NA
"283","Sample_293",1.61326196862591,-0.0670284327225131,0," 283","2"," 283",0.46268934139235,0.188602998355507,0.395660908669837,2.00892287729574,NA
"284","Sample_294",1.61326196862591,0.0139306967631309,0," 284","2"," 284",0.183530109250991,0.130647463947673,0.197460806014122,1.81072277464003,NA
"285","Sample_295",1.61326196862591,-0.0983252463540884,0," 285","2"," 285",0.103531450767297,0.0972979002311195,0.00520620441320896,1.61846817303912,NA
"286","Sample_296",1.61326196862591,0.0921373906139183,0," 286","2"," 286",-0.144269888632639,0.111138715481489,-0.0521324980187203,1.56112947060719,NA
"287","Sample_297",1.61326196862591,0.125194397884171,0," 287","2"," 287",0.201958201991315,0.102534105764073,0.327152599875487,1.94041456850139,NA
"288","Sample_298",1.61326196862591,-0.172234983935537,0," 288","2"," 288",0.536463552664969,0.157004051796662,0.364228568729432,1.97749053735534,NA
"289","Sample_299",1.61326196862591,0.0840390828606184,0," 289","2"," 289",-0.112994347243435,0.0762768372611278,-0.0289552643828161,1.58430670424309,NA
"290","Sample_300",1.61326196862591,0.275099309630414,0," 290","2"," 290",-0.0917049571684344,0.10829722833056,0.18339435246198,1.79665632108789,NA
"291","Sample_301",1.61326196862591,0.203401091734959,0," 291","2"," 291",-0.125841795892313,0.0830253572978851,0.0775592958426455,1.69082126446855,NA
"292","Sample_302",1.61326196862591,0.0575147970937551,0," 292","2"," 292",-0.232547077878834,0.0977250664330256,-0.175032280785079,1.43822968784083,NA
"293","Sample_303",1.61326196862591,-0.366964013767068,0," 293","2"," 293",0.0611608515241973,0.18286980600009,-0.305803162242871,1.30745880638304,NA
"294","Sample_304",1.61326196862591,-0.0272246182604222,0," 294","2"," 294",-0.13142243998376,0.104390195444723,-0.158647058244182,1.45461491038173,NA
"295","Sample_305",1.61326196862591,0.307558727098878,0," 295","2"," 295",-0.0145675960194219,0.0815130427940826,0.292991131079456,1.90625309970536,NA
"296","Sample_306",1.61326196862591,-0.202482881718008,0," 296","2"," 296",-0.00774274910558918,0.0988102147349242,-0.210225630823597,1.40303633780231,NA
"297","Sample_307",1.61326196862591,0.125194397884171,0," 297","2"," 297",0.201958201991315,0.102534105764073,0.327152599875487,1.94041456850139,NA
"298","Sample_308",1.61326196862591,-0.191649076456556,0," 298","2"," 298",-0.309137816242836,0.160098125872379,-0.500786892699392,1.11247507592652,NA
"299","Sample_309",1.61326196862591,-0.0902269386007886,0," 299","2"," 299",0.0722559093780928,0.132159778451494,-0.0179710292226958,1.59529093940321,NA
"300","Sample_310",1.61326196862591,0.0921373906139183,0," 300","2"," 300",-0.144269888632639,0.111138715481489,-0.0521324980187203,1.56112947060719,NA
"301","Sample_311",1.61326196862591,-0.131382253624342,0," 301","2"," 301",-0.242696639856642,0.105902509948532,-0.374078893480984,1.23918307514492,NA
"302","Sample_312",1.61326196862591,-0.00868715744006016,0," 302","2"," 302",-0.256572884778627,0.157256638721441,-0.265260042218688,1.34800192640722,NA
"303","Sample_313",1.61326196862591,-0.0599790408183182,0," 303","2"," 303",0.616462211148667,0.190353615513232,0.556483170330348,2.16974513895626,NA
"304","Sample_314",1.61326196862591,0.0515796653921542,0," 304","2"," 304",-0.190131708392453,0.103061022797609,-0.138552043000299,1.47470992562561,NA
"305","Sample_315",1.61326196862591,-0.145541838774381,0," 305","2"," 305",0.329579128659456,0.122506047886991,0.184037289885075,1.79729925851098,NA
"306","Sample_316",1.61326196862591,0.149078433557545,0," 306","2"," 306",0.193051989132411,0.134834548633561,0.342130422689956,1.95539239131586,NA
"307","Sample_317",1.61326196862591,-0.202482881718008,0," 307","2"," 307",-0.00774274910558918,0.0988102147349242,-0.210225630823597,1.40303633780231,NA
"308","Sample_318",1.61326196862591,0.281034441332015,0," 308","2"," 308",-0.134120326654819,0.102961271965978,0.146914114677196,1.7601760833031,NA
"309","Sample_319",1.61326196862591,-0.0466428382701644,0," 309","2"," 309",-0.343821277751721,0.099237380936828,-0.390464116021886,1.22279785260402,NA
"310","Sample_320",1.61326196862591,-0.020118552503301,0," 310","2"," 310",-0.224268547116318,0.077789151764933,-0.244387099619619,1.36887486900629,NA
"311","Sample_321",1.61326196862591,0.307558727098878,0," 311","2"," 311",-0.0145675960194219,0.0815130427940826,0.292991131079456,1.90625309970536,NA
"312","Sample_322",1.61326196862591,0.024760374535859,0," 312","2"," 312",0.515337573253588,0.183688486501509,0.540097947789447,2.15335991641536,NA
"313","Sample_323",1.61326196862591,0.307558727098878,0," 313","2"," 313",-0.0145675960194219,0.0815130427940826,0.292991131079456,1.90625309970536,NA
"314","Sample_324",1.61326196862591,0.203401091734959,0," 314","2"," 314",-0.125841795892313,0.0830253572978851,0.0775592958426455,1.69082126446855,NA
"315","Sample_325",1.61326196862591,-0.0983252463540884,0," 315","2"," 315",0.103531450767297,0.0972979002311195,0.00520620441320896,1.61846817303912,NA
"316","Sample_326",1.61326196862591,0.0779778054638785,0," 316","2"," 316",0.428005879883476,0.127742253419951,0.505983685347355,2.11924565397326,NA
"317","Sample_327",1.61326196862591,-0.0466428382701644,0," 317","2"," 317",-0.343821277751721,0.099237380936828,-0.390464116021886,1.22279785260402,NA
"318","Sample_328",1.61326196862591,-0.145541838774381,0," 318","2"," 318",0.329579128659456,0.122506047886991,0.184037289885075,1.79729925851098,NA
"319","Sample_329",1.61326196862591,0.0921373906139183,0," 319","2"," 319",-0.144269888632639,0.111138715481489,-0.0521324980187203,1.56112947060719,NA
"320","Sample_330",1.61326196862591,-0.012705774545099,0," 320","2"," 320",0.143795556367626,0.136793807019832,0.131089781822527,1.74435175044843,NA
"321","Sample_331",1.61326196862591,0.203401091734959,0," 321","2"," 321",-0.125841795892313,0.0830253572978851,0.0775592958426455,1.69082126446855,NA
"322","Sample_332",1.61326196862591,0.203401091734959,0," 322","2"," 322",-0.125841795892313,0.0830253572978851,0.0775592958426455,1.69082126446855,NA
"323","Sample_333",1.61326196862591,0.0840390828606184,0," 323","2"," 323",-0.112994347243435,0.0762768372611278,-0.0289552643828161,1.58430670424309,NA
"324","Sample_334",1.61326196862591,-0.340270868605912,0," 324","2"," 324",-0.145723572481311,0.148371802090423,-0.485994441087223,1.12726752753869,NA
"325","Sample_335",1.61326196862591,-0.229007167484871,0," 325","2"," 325",-0.127295479740985,0.120258443906821,-0.356302647225856,1.25695932140005,NA
"326","Sample_336",1.61326196862591,0.247123044872371,0," 326","2"," 326",0.245428382235278,0.148758433455709,0.49255142710765,2.10581339573356,NA
"327","Sample_337",1.61326196862591,0.00307995337497447,0," 327","2"," 327",0.166164884897922,0.134232371668959,0.169244838272897,1.7825068068988,NA
"328","Sample_338",1.61326196862591,0.280865581937722,0," 328","2"," 328",0.192316827986082,0.116011046703751,0.473182409923804,2.08644437854971,NA
"329","Sample_339",1.61326196862591,0.0779778054638785,0," 329","2"," 329",0.428005879883476,0.127742253419951,0.505983685347355,2.11924565397326,NA
"330","Sample_340",1.61326196862591,-0.178598846044634,0," 330","2"," 330",-0.0166489619644992,0.131110657604416,-0.195247808009134,1.41801416061677,NA
"331","Sample_341",1.61326196862591,-0.0983252463540884,0," 331","2"," 331",0.103531450767297,0.0972979002311195,0.00520620441320896,1.61846817303912,NA
"332","Sample_342",1.61326196862591,0.0182276530324693,0," 332","2"," 332",0.288662213265038,0.170844867047043,0.306889866297508,1.92015183492342,NA
"333","Sample_343",1.61326196862591,0.169658554669608,0," 333","2"," 333",-0.0727302416431141,0.115772744049838,0.0969283130264937,1.7101902816524,NA
"334","Sample_344",1.61326196862591,-0.0525779699717652,0," 334","2"," 334",-0.301405908265329,0.104573337301407,-0.353983878237094,1.25927809038881,NA
"335","Sample_345",1.61326196862591,0.203401091734959,0," 335","2"," 335",-0.125841795892313,0.0830253572978851,0.0775592958426455,1.69082126446855,NA
"336","Sample_346",1.61326196862591,0.0502965457952674,0," 336","2"," 336",-0.0598827929942456,0.109024224013091,-0.00958624719897824,1.60367572142693,NA
"337","Sample_347",1.61326196862591,0.203401091734959,0," 337","2"," 337",-0.125841795892313,0.0830253572978851,0.0775592958426455,1.69082126446855,NA
"338","Sample_348",1.61326196862591,-0.0902269386007886,0," 338","2"," 338",0.0722559093780928,0.132159778451494,-0.0179710292226958,1.59529093940321,NA
"339","Sample_349",1.61326196862591,-0.131382253624342,0," 339","2"," 339",-0.242696639856642,0.105902509948532,-0.374078893480984,1.23918307514492,NA
"340","Sample_350",1.61326196862591,-0.202482881718008,0," 340","2"," 340",-0.00774274910558918,0.0988102147349242,-0.210225630823597,1.40303633780231,NA
"341","Sample_351",1.61326196862591,-0.020118552503301,0," 341","2"," 341",-0.224268547116318,0.077789151764933,-0.244387099619619,1.36887486900629,NA
"342","Sample_352",1.61326196862591,-0.101134355841871,0," 342","2"," 342",0.301509661913917,0.164096347010275,0.200375306072046,1.81363727469795,NA
"343","Sample_353",1.61326196862591,-0.0392300603119624,0," 343","2"," 343",0.0242428257322157,0.158242036191742,-0.0149872345797467,1.59827473404616,NA
"344","Sample_354",1.61326196862591,-0.020118552503301,0," 344","2"," 344",-0.224268547116318,0.077789151764933,-0.244387099619619,1.36887486900629,NA
"345","Sample_355",1.61326196862591,0.0139306967631309,0," 345","2"," 345",0.183530109250991,0.130647463947673,0.197460806014122,1.81072277464003,NA
"346","Sample_356",1.61326196862591,-0.116751224367652,0," 346","2"," 346",-0.0472968212573042,0.153608007623386,-0.164048045624956,1.44921392300095,NA
"347","Sample_357",1.61326196862591,-0.020118552503301,0," 347","2"," 347",-0.224268547116318,0.077789151764933,-0.244387099619619,1.36887486900629,NA
"348","Sample_358",1.61326196862591,0.115335896492194,0," 348","2"," 348",0.246163543381595,0.167581935385529,0.361499439873789,1.9747614084997,NA
"349","Sample_359",1.61326196862591,0.203401091734959,0," 349","2"," 349",-0.125841795892313,0.0830253572978851,0.0775592958426455,1.69082126446855,NA
"350","Sample_360",1.61326196862591,0.203401091734959,0," 350","2"," 350",-0.125841795892313,0.0830253572978851,0.0775592958426455,1.69082126446855,NA
"351","Sample_361",1.61326196862591,-0.0673351449235939,0," 351","2"," 351",0.00177913077582782,0.102997299420821,-0.0655560141477661,1.54770595447814,NA
"352","Sample_362",1.61326196862591,-0.163841671092806,0," 352","2"," 352",-0.319834001005661,0.132686695485003,-0.483675672098467,1.12958629652744,NA
"353","Sample_363",1.61326196862591,-0.020118552503301,0," 353","2"," 353",-0.224268547116318,0.077789151764933,-0.244387099619619,1.36887486900629,NA
"354","Sample_364",1.61326196862591,0.0139306967631309,0," 354","2"," 354",0.183530109250991,0.130647463947673,0.197460806014122,1.81072277464003,NA
"355","Sample_365",1.61326196862591,-0.209588947475129,0," 355","2"," 355",0.0851033580269817,0.125411258414718,-0.124485589448147,1.48877637917776,NA
"356","Sample_366",1.61326196862591,0.0914518608188204,0," 356","2"," 356",0.25506975624051,0.135281492516034,0.346521617059331,1.95978358568524,NA
"357","Sample_367",1.61326196862591,-0.256805539895422,0," 357","2"," 357",0.311151035919137,0.150619406070602,0.0543454960237149,1.66760746464962,NA
"358","Sample_368",1.61326196862591,0.021036762520252,0," 358","2"," 358",0.0906840021184319,0.10404642026788,0.111720764638684,1.72498273326459,NA
"359","Sample_369",1.61326196862591,-0.137443531021081,0," 359","2"," 359",0.298303587270257,0.157367926107355,0.160860056249175,1.77412202487508,NA
"360","Sample_370",1.61326196862591,0.021036762520252,0," 360","2"," 360",0.0906840021184319,0.10404642026788,0.111720764638684,1.72498273326459,NA
"361","Sample_371",1.61326196862591,0.0921373906139183,0," 361","2"," 361",-0.144269888632639,0.111138715481489,-0.0521324980187203,1.56112947060719,NA
"362","Sample_372",1.61326196862591,-0.158592069186303,0," 362","2"," 362",0.0370902743811123,0.151493516154968,-0.12150179480519,1.49176017382072,NA
"363","Sample_373",1.61326196862591,-0.229007167484871,0," 363","2"," 363",-0.127295479740985,0.120258443906821,-0.356302647225856,1.25695932140005,NA
"364","Sample_374",1.61326196862591,-0.202482881718008,0," 364","2"," 364",-0.00774274910558918,0.0988102147349242,-0.210225630823597,1.40303633780231,NA
"365","Sample_375",1.61326196862591,-0.172066124541245,0," 365","2"," 365",0.210026398024066,0.143954277058885,0.0379602734828212,1.65122224210873,NA
"366","Sample_376",1.61326196862591,-0.020118552503301,0," 366","2"," 366",-0.224268547116318,0.077789151764933,-0.244387099619619,1.36887486900629,NA
"367","Sample_377",1.61326196862591,-0.158075398785498,0," 367","2"," 367",-0.035812215851131,0.140400513858205,-0.193887614636629,1.41937435398928,NA
"368","Sample_378",1.61326196862591,0.0986701121173081,0," 368","2"," 368",0.0824054713559145,0.123982334935969,0.181075583473223,1.79433755209913,NA
"369","Sample_379",1.61326196862591,-0.313746582839048,0," 369","2"," 369",-0.0261708418459169,0.126923572918526,-0.339917424684965,1.27334454394094,NA
"370","Sample_380",1.61326196862591,0.0840390828606184,0," 370","2"," 370",-0.112994347243435,0.0762768372611278,-0.0289552643828161,1.58430670424309,NA
"371","Sample_381",1.61326196862591,0.156184499314666,0," 371","2"," 371",0.100205881999841,0.108233504953768,0.256390381314507,1.86965234994041,NA
"372","Sample_382",1.61326196862591,0.203401091734959,0," 372","2"," 372",-0.125841795892313,0.0830253572978851,0.0775592958426455,1.69082126446855,NA
"373","Sample_383",1.61326196862591,-0.020118552503301,0," 373","2"," 373",-0.224268547116318,0.077789151764933,-0.244387099619619,1.36887486900629,NA
"374","Sample_384",1.61326196862591,-0.0539177634215783,0," 374","2"," 374",0.0754619840217534,0.138888199354405,0.0215442206001751,1.63480618922608,NA
"375","Sample_385",1.61326196862591,0.021036762520252,0," 375","2"," 375",0.0906840021184319,0.10404642026788,0.111720764638684,1.72498273326459,NA
"376","Sample_386",1.61326196862591,0.0583948535485673,0," 376","2"," 376",-0.091158334383445,0.143886102233447,-0.0327634808348777,1.58049848779103,NA
"377","Sample_387",1.61326196862591,0.281034441332015,0," 377","2"," 377",-0.134120326654819,0.102961271965978,0.146914114677196,1.7601760833031,NA
"378","Sample_388",1.61326196862591,-0.0673351449235939,0," 378","2"," 378",0.00177913077582782,0.102997299420821,-0.0655560141477661,1.54770595447814,NA
"379","Sample_389",1.61326196862591,0.307558727098878,0," 379","2"," 379",-0.0145675960194219,0.0815130427940826,0.292991131079456,1.90625309970536,NA
"380","Sample_390",1.61326196862591,-0.052872975061197,0," 380","2"," 380",0.523616104016077,0.163752571833436,0.470743128954879,2.08400509758079,NA
"381","Sample_391",1.61326196862591,-0.202482881718008,0," 381","2"," 381",-0.00774274910558918,0.0988102147349242,-0.210225630823597,1.40303633780231,NA
"382","Sample_392",1.61326196862591,-0.122686356069253,0," 382","2"," 382",-0.00488145177091608,0.15894396398796,-0.127567807840169,1.48569416078574,NA
"383","Sample_393",1.61326196862591,-0.0537489040272855,0," 383","2"," 383",-0.250975170619145,0.125838424616621,-0.30472407464643,1.30853789397948,NA
"384","Sample_394",1.61326196862591,0.0139306967631309,0," 384","2"," 384",0.183530109250991,0.130647463947673,0.197460806014122,1.81072277464003,NA
"385","Sample_395",1.61326196862591,-0.131382253624342,0," 385","2"," 385",-0.242696639856642,0.105902509948532,-0.374078893480984,1.23918307514492,NA
"386","Sample_396",1.61326196862591,-0.163967816787945,0," 386","2"," 386",0.178750856634861,0.178816155279259,0.0147830398469158,1.62804500847282,NA
"387","Sample_397",1.61326196862591,0.0840390828606184,0," 387","2"," 387",-0.112994347243435,0.0762768372611278,-0.0289552643828161,1.58430670424309,NA
"388","Sample_398",1.61326196862591,-0.360963175259341,0," 388","2"," 388",0.19987683604625,0.152131720574411,-0.161086339213092,1.45217562941282,NA
"389","Sample_399",1.61326196862591,0.0102982046734621,0," 389","2"," 389",-0.00649939998667262,0.122933214088894,0.00379880468678953,1.6170607733127,NA
"390","Sample_400",1.61326196862591,0.307558727098878,0," 390","2"," 390",-0.0145675960194219,0.0815130427940826,0.292991131079456,1.90625309970536,NA
"391","Sample_401",1.61326196862591,0.0840390828606184,0," 391","2"," 391",-0.112994347243435,0.0762768372611278,-0.0289552643828161,1.58430670424309,NA
"392","Sample_402",1.61326196862591,-0.209588947475129,0," 392","2"," 392",0.0851033580269817,0.125411258414718,-0.124485589448147,1.48877637917776,NA
"393","Sample_403",1.61326196862591,-0.145541838774381,0," 393","2"," 393",0.329579128659456,0.122506047886991,0.184037289885075,1.79729925851098,NA
"394","Sample_404",1.61326196862591,0.023772260028404,0," 394","2"," 394",-0.179435523629641,0.130472453184985,-0.155663263601237,1.45759870502467,NA
"395","Sample_405",1.61326196862591,0.156184499314666,0," 395","2"," 395",0.100205881999841,0.108233504953768,0.256390381314507,1.86965234994041,NA
"396","Sample_406",1.61326196862591,0.0251801037907822,0," 396","2"," 396",-0.23320618738157,0.129765545273993,-0.208026083590788,1.40523588503512,NA
"397","Sample_407",1.61326196862591,-0.157906539391205,0," 397","2"," 397",-0.362249370492055,0.127350739120431,-0.52015590988326,1.09310605874265,NA
"398","Sample_408",1.61326196862591,-0.131382253624342,0," 398","2"," 398",-0.242696639856642,0.105902509948532,-0.374078893480984,1.23918307514492,NA
"399","Sample_409",1.61326196862591,-0.0983252463540884,0," 399","2"," 399",0.103531450767297,0.0972979002311195,0.00520620441320896,1.61846817303912,NA
"400","Sample_410",1.61326196862591,0.176707946573803,0," 400","2"," 400",0.0810426281131971,0.117523361207558,0.257750574687,1.87101254331291,NA
"401","Sample_411",1.61326196862591,-0.0609671553257732,0," 401","2"," 401",-0.0783108857345537,0.137137582196677,-0.139278041060327,1.47398392756558,NA
"402","Sample_412",1.61326196862591,0.0308216519325989,0," 402","2"," 402",-0.0256626538733178,0.132223070342691,0.00515899805928112,1.61842096668519,NA
"403","Sample_413",1.61326196862591,0.0573459376994623,0," 403","2"," 403",0.0938900767620725,0.110774841170802,0.151236014461535,1.76449798308744,NA
"404","Sample_414",1.61326196862591,-0.020118552503301,0," 404","2"," 404",-0.224268547116318,0.077789151764933,-0.244387099619619,1.36887486900629,NA
"405","Sample_415",1.61326196862591,-0.236225418783359,0," 405","2"," 405",0.0453688051436115,0.131557601486883,-0.190856613639747,1.42240535498616,NA
"406","Sample_416",1.61326196862591,0.0139306967631309,0," 406","2"," 406",0.183530109250991,0.130647463947673,0.197460806014122,1.81072277464003,NA
"407","Sample_417",1.61326196862591,0.023772260028404,0," 407","2"," 407",-0.179435523629641,0.130472453184985,-0.155663263601237,1.45759870502467,NA
"408","Sample_418",1.61326196862591,0.307558727098878,0," 408","2"," 408",-0.0145675960194219,0.0815130427940826,0.292991131079456,1.90625309970536,NA
"409","Sample_419",1.61326196862591,0.307558727098878,0," 409","2"," 409",-0.0145675960194219,0.0815130427940826,0.292991131079456,1.90625309970536,NA
"410","Sample_420",1.61326196862591,-0.101134355841871,0," 410","2"," 410",0.301509661913917,0.164096347010275,0.200375306072046,1.81363727469795,NA
"411","Sample_421",1.61326196862591,0.281034441332015,0," 411","2"," 411",-0.134120326654819,0.102961271965978,0.146914114677196,1.7601760833031,NA
"412","Sample_422",1.61326196862591,0.0101293452791694,0," 412","2"," 412",0.319937754654219,0.135982988826685,0.330067099933389,1.9433290685593,NA
"413","Sample_423",1.61326196862591,0.0575147970937551,0," 413","2"," 413",-0.232547077878834,0.0977250664330256,-0.175032280785079,1.43822968784083,NA
"414","Sample_424",1.61326196862591,0.169658554669608,0," 414","2"," 414",-0.0727302416431141,0.115772744049838,0.0969283130264937,1.7101902816524,NA
"415","Sample_425",1.61326196862591,0.280865581937722,0," 415","2"," 415",0.192316827986082,0.116011046703751,0.473182409923804,2.08644437854971,NA
"416","Sample_426",1.61326196862591,0.176876805968096,0," 416","2"," 416",-0.245394526527705,0.104473586469783,-0.0685177205596092,1.5447442480663,NA
"417","Sample_427",1.61326196862591,-0.262749704550222,0," 417","2"," 417",-0.0741839254917819,0.153005830658772,-0.336933630042004,1.2763283385839,NA
"418","Sample_428",1.61326196862591,0.307558727098878,0," 418","2"," 418",-0.0145675960194219,0.0815130427940826,0.292991131079456,1.90625309970536,NA
"419","Sample_429",1.61326196862591,0.0840390828606184,0," 419","2"," 419",-0.112994347243435,0.0762768372611278,-0.0289552643828161,1.58430670424309,NA
"420","Sample_430",1.61326196862591,0.125194397884171,0," 420","2"," 420",0.201958201991315,0.102534105764073,0.327152599875487,1.94041456850139,NA
"421","Sample_431",1.61326196862591,-0.165124790689693,0," 421","2"," 421",-0.18958508560746,0.138649896700491,-0.354709876297153,1.25855209232875,NA
"422","Sample_432",1.61326196862591,0.203401091734959,0," 422","2"," 422",-0.125841795892313,0.0830253572978851,0.0775592958426455,1.69082126446855,NA
"423","Sample_433",1.61326196862591,0.281034441332015,0," 423","2"," 423",-0.134120326654819,0.102961271965978,0.146914114677196,1.7601760833031,NA
"424","Sample_434",1.61326196862591,0.203401091734959,0," 424","2"," 424",-0.125841795892313,0.0830253572978851,0.0775592958426455,1.69082126446855,NA
"425","Sample_435",1.61326196862591,-0.00548752324661133,0," 425","2"," 425",-0.028868728516971,0.125494649439773,-0.0343562517635823,1.57890571686233,NA
"426","Sample_436",1.61326196862591,0.149078433557545,0," 426","2"," 426",0.193051989132411,0.134834548633561,0.342130422689956,1.95539239131586,NA
"427","Sample_437",1.61326196862591,-0.0272246182604222,0," 427","2"," 427",-0.13142243998376,0.104390195444723,-0.158647058244182,1.45461491038173,NA
"428","Sample_438",1.61326196862591,0.0139306967631309,0," 428","2"," 428",0.183530109250991,0.130647463947673,0.197460806014122,1.81072277464003,NA
"429","Sample_439",1.61326196862591,-0.125018391515245,0," 429","2"," 429",0.310415874772815,0.131795904140789,0.185397483257571,1.79865945188348,NA
"430","Sample_440",1.61326196862591,-0.191649076456556,0," 430","2"," 430",-0.309137816242836,0.160098125872379,-0.500786892699392,1.11247507592652,NA
"431","Sample_441",1.61326196862591,0.203401091734959,0," 431","2"," 431",-0.125841795892313,0.0830253572978851,0.0775592958426455,1.69082126446855,NA
"432","Sample_442",1.61326196862591,-0.313746582839048,0," 432","2"," 432",-0.0261708418459169,0.126923572918526,-0.339917424684965,1.27334454394094,NA
"433","Sample_443",1.61326196862591,0.176876805968096,0," 433","2"," 433",-0.245394526527705,0.104473586469783,-0.0685177205596092,1.5447442480663,NA
"434","Sample_444",1.61326196862591,0.169770740210974,0," 434","2"," 434",-0.152548419395146,0.13107463014958,0.0172223208158283,1.63048428944174,NA
"435","Sample_445",1.61326196862591,-0.0804420491884417,0," 435","2"," 435",-0.0440907466136555,0.160336428526294,-0.124532795802097,1.48872917282381,NA
"436","Sample_446",1.61326196862591,0.233817848911722,0," 436","2"," 436",0.0919273512373283,0.128169419621856,0.32574520014905,1.93900716877496,NA
"437","Sample_447",1.61326196862591,0.0985012527230153,0," 437","2"," 437",0.408842625996819,0.137032109673745,0.507343878719835,2.12060584734574,NA
"438","Sample_448",1.61326196862591,0.0914518608188204,0," 438","2"," 438",0.25506975624051,0.135281492516034,0.346521617059331,1.95978358568524,NA
"439","Sample_449",1.61326196862591,0.0840390828606184,0," 439","2"," 439",-0.112994347243435,0.0762768372611278,-0.0289552643828161,1.58430670424309,NA
"440","Sample_450",1.61326196862591,0.162552488912487,0," 440","2"," 440",0.0201158654894457,0.142373787729635,0.182668354401932,1.79593032302784,NA
"441","Sample_451",1.61326196862591,-0.163841671092806,0," 441","2"," 441",-0.319834001005661,0.132686695485003,-0.483675672098467,1.12958629652744,NA
"442","Sample_452",1.61326196862591,-0.020118552503301,0," 442","2"," 442",-0.224268547116318,0.077789151764933,-0.244387099619619,1.36887486900629,NA
"443","Sample_453",1.61326196862591,-0.209588947475129,0," 443","2"," 443",0.0851033580269817,0.125411258414718,-0.124485589448147,1.48877637917776,NA
"444","Sample_454",1.61326196862591,0.281034441332015,0," 444","2"," 444",-0.134120326654819,0.102961271965978,0.146914114677196,1.7601760833031,NA
"445","Sample_455",1.61326196862591,-0.0538610895686521,0," 445","2"," 445",-0.171156992867126,0.110536538516891,-0.225018082435778,1.38824388619013,NA
"446","Sample_456",1.61326196862591,-0.00565638264090413,0," 446","2"," 446",0.29756842612393,0.138544424177553,0.291912043483026,1.90517401210893,NA
"447","Sample_457",1.61326196862591,0.0840390828606184,0," 447","2"," 447",-0.112994347243435,0.0762768372611278,-0.0289552643828161,1.58430670424309,NA
"448","Sample_458",1.61326196862591,-0.202482881718008,0," 448","2"," 448",-0.00774274910558918,0.0988102147349242,-0.210225630823597,1.40303633780231,NA
"449","Sample_459",1.61326196862591,0.0779778054638785,0," 449","2"," 449",0.428005879883476,0.127742253419951,0.505983685347355,2.11924565397326,NA
"450","Sample_460",1.61326196862591,-0.020118552503301,0," 450","2"," 450",-0.224268547116318,0.077789151764933,-0.244387099619619,1.36887486900629,NA
"451","Sample_461",1.61326196862591,0.0512846603027224,0," 451","2"," 451",0.634890303888976,0.162240257329628,0.686174964191698,2.29943693281761,NA
"452","Sample_462",1.61326196862591,0.129660213547803,0," 452","2"," 452",-0.0193468486355659,0.129681734125669,0.110313364912237,1.72357533353814,NA
"453","Sample_463",1.61326196862591,0.156184499314666,0," 453","2"," 453",0.100205881999841,0.108233504953768,0.256390381314507,1.86965234994041,NA
"454","Sample_464",1.61326196862591,-0.020118552503301,0," 454","2"," 454",-0.224268547116318,0.077789151764933,-0.244387099619619,1.36887486900629,NA
"455","Sample_465",1.61326196862591,0.163835608509374,0," 455","2"," 455",-0.110133049908755,0.136410586514154,0.053702558600619,1.66696452722653,NA
"456","Sample_466",1.61326196862591,-0.340439728000205,0," 456","2"," 456",0.18071358215961,0.161421576828192,-0.159726145840595,1.45353582278531,NA
"457","Sample_467",1.61326196862591,0.0921373906139183,0," 457","2"," 457",-0.144269888632639,0.111138715481489,-0.0521324980187203,1.56112947060719,NA
"458","Sample_468",1.61326196862591,-0.163967816787945,0," 458","2"," 458",0.178750856634861,0.178816155279259,0.0147830398469158,1.62804500847282,NA
"459","Sample_469",1.61326196862591,-0.202482881718008,0," 459","2"," 459",-0.00774274910558918,0.0988102147349242,-0.210225630823597,1.40303633780231,NA
"460","Sample_470",1.61326196862591,-0.145541838774381,0," 460","2"," 460",0.329579128659456,0.122506047886991,0.184037289885075,1.79729925851098,NA
"461","Sample_471",1.61326196862591,0.125194397884171,0," 461","2"," 461",0.201958201991315,0.102534105764073,0.327152599875487,1.94041456850139,NA
"462","Sample_472",1.61326196862591,0.307558727098878,0," 462","2"," 462",-0.0145675960194219,0.0815130427940826,0.292991131079456,1.90625309970536,NA
"463","Sample_473",1.61326196862591,0.021036762520252,0," 463","2"," 463",0.0906840021184319,0.10404642026788,0.111720764638684,1.72498273326459,NA
"464","Sample_474",1.61326196862591,0.203401091734959,0," 464","2"," 464",-0.125841795892313,0.0830253572978851,0.0775592958426455,1.69082126446855,NA
"465","Sample_475",1.61326196862591,0.125194397884171,0," 465","2"," 465",0.201958201991315,0.102534105764073,0.327152599875487,1.94041456850139,NA
"466","Sample_476",1.61326196862591,0.307558727098878,0," 466","2"," 466",-0.0145675960194219,0.0815130427940826,0.292991131079456,1.90625309970536,NA
"467","Sample_477",1.61326196862591,-0.127658641608735,0," 467","2"," 467",0.1819569312785,0.185544576182176,0.0542982896697651,1.66756025829567,NA
"468","Sample_478",1.61326196862591,0.275099309630414,0," 468","2"," 468",-0.0917049571684344,0.10829722833056,0.18339435246198,1.79665632108789,NA
"469","Sample_479",1.61326196862591,0.0921373906139183,0," 469","2"," 469",-0.144269888632639,0.111138715481489,-0.0521324980187203,1.56112947060719,NA
"470","Sample_480",1.61326196862591,-0.012705774545099,0," 470","2"," 470",0.143795556367626,0.136793807019832,0.131089781822527,1.74435175044843,NA
"471","Sample_481",1.61326196862591,0.065613104847055,0," 471","2"," 471",-0.263822619268035,0.132586944653383,-0.19820951442098,1.41505245420493,NA
"472","Sample_482",1.61326196862591,-0.0864466527322553,0," 472","2"," 472",0.25029050362438,0.183450183847603,0.163843850892124,1.77710581951803,NA
"473","Sample_483",1.61326196862591,-0.236113233241992,0," 473","2"," 473",-0.0344493726084134,0.146859487586619,-0.270562605850406,1.3426993627755,NA
"474","Sample_484",1.61326196862591,0.125194397884171,0," 474","2"," 474",0.201958201991315,0.102534105764073,0.327152599875487,1.94041456850139,NA
"475","Sample_485",1.61326196862591,-0.209588947475129,0," 475","2"," 475",0.0851033580269817,0.125411258414718,-0.124485589448147,1.48877637917776,NA
"476","Sample_486",1.61326196862591,0.123725081846202,0," 476","2"," 476",0.0230685208508274,0.13501769049024,0.146793602697029,1.76005557132294,NA
"477","Sample_487",1.61326196862591,0.196295025977838,0," 477","2"," 477",-0.0329956887597437,0.109626400977682,0.163299337218094,1.776561305844,NA
"478","Sample_488",1.61326196862591,-0.313746582839048,0," 478","2"," 478",-0.0261708418459169,0.126923572918526,-0.339917424684965,1.27334454394094,NA
"479","Sample_489",1.61326196862591,0.0986701121173081,0," 479","2"," 479",0.0824054713559145,0.123982334935969,0.181075583473223,1.79433755209913,NA
"480","Sample_490",1.61326196862591,0.307558727098878,0," 480","2"," 480",-0.0145675960194219,0.0815130427940826,0.292991131079456,1.90625309970536,NA
"481","Sample_491",1.61326196862591,-0.0792327332621366,0," 481","2"," 481",-0.402955694371217,0.130031367984206,-0.482188427633353,1.13107354099255,NA
"482","Sample_492",1.61326196862591,0.0986701121173081,0," 482","2"," 482",0.0824054713559145,0.123982334935969,0.181075583473223,1.79433755209913,NA
"483","Sample_493",1.61326196862591,-0.0804420491884417,0," 483","2"," 483",-0.0440907466136555,0.160336428526294,-0.124532795802097,1.48872917282381,NA
"484","Sample_494",1.61326196862591,0.0449207981936254,0," 484","2"," 484",0.081777789259528,0.136346863137367,0.126698587453153,1.73996055607906,NA
"485","Sample_495",1.61326196862591,-0.00565638264090413,0," 485","2"," 485",0.29756842612393,0.138544424177553,0.291912043483026,1.90517401210893,NA
"486","Sample_496",1.61326196862591,0.0514535196970152,0," 486","2"," 486",0.308453149248077,0.149190482591837,0.359906668945092,1.973168637571,NA
"487","Sample_497",1.61326196862591,-0.0233196082263975,0," 487","2"," 487",0.12309040590879,0.160936894145363,0.0997707976823929,1.7130327663083,NA
"488","Sample_498",1.61326196862591,0.233648989517429,0," 488","2"," 488",0.418364505878247,0.141219194359636,0.652013495395677,2.26527546402158,NA
"489","Sample_499",1.61326196862591,0.0840390828606184,0," 489","2"," 489",-0.112994347243435,0.0762768372611278,-0.0289552643828161,1.58430670424309,NA
"490","Sample_500",1.61326196862591,0.0986701121173081,0," 490","2"," 490",0.0824054713559145,0.123982334935969,0.181075583473223,1.79433755209913,NA
"491","Sample_501",1.61326196862591,0.0575147970937551,0," 491","2"," 491",-0.232547077878834,0.0977250664330256,-0.175032280785079,1.43822968784083,NA
"492","Sample_502",1.61326196862591,-0.131382253624342,0," 492","2"," 492",-0.242696639856642,0.105902509948532,-0.374078893480984,1.23918307514492,NA
"493","Sample_503",1.61326196862591,0.196295025977838,0," 493","2"," 493",-0.0329956887597437,0.109626400977682,0.163299337218094,1.776561305844,NA
"494","Sample_504",1.61326196862591,0.0840390828606184,0," 494","2"," 494",-0.112994347243435,0.0762768372611278,-0.0289552643828161,1.58430670424309,NA
"495","Sample_505",1.61326196862591,0.0183965124267621,0," 495","2"," 495",-0.0377749413758778,0.15779509230926,-0.0193784289491157,1.59388353967679,NA
"496","Sample_506",1.61326196862591,0.280865581937722,0," 496","2"," 496",0.192316827986082,0.116011046703751,0.473182409923804,2.08644437854971,NA
"497","Sample_507",1.61326196862591,-0.020118552503301,0," 497","2"," 497",-0.224268547116318,0.077789151764933,-0.244387099619619,1.36887486900629,NA
"498","Sample_508",1.61326196862591,0.203401091734959,0," 498","2"," 498",-0.125841795892313,0.0830253572978851,0.0775592958426455,1.69082126446855,NA
"499","Sample_509",1.61326196862591,0.176876805968096,0," 499","2"," 499",-0.245394526527705,0.104473586469783,-0.0685177205596092,1.5447442480663,NA
"500","Sample_510",1.61326196862591,0.0840390828606184,0," 500","2"," 500",-0.112994347243435,0.0762768372611278,-0.0289552643828161,1.58430670424309,NA
"501","Sample_511",1.61326196862591,-0.0125935890037325,0," 501","2"," 501",0.0639773786156015,0.152095693119564,0.051383789611869,1.66464575823778,NA
"502","Sample_512",1.61326196862591,-0.249699474138301,0," 502","2"," 502",0.218304928786561,0.124018362390805,-0.03139454535174,1.58186742327417,NA
"503","Sample_513",1.61326196862591,0.0449207981936254,0," 503","2"," 503",0.081777789259528,0.136346863137367,0.126698587453153,1.73996055607906,NA
"504","Sample_514",1.61326196862591,-0.205291991205791,0," 504","2"," 504",0.190235462041025,0.165608661514084,-0.0150565291647654,1.59820543946114,NA
"505","Sample_515",1.61326196862591,0.0840390828606184,0," 505","2"," 505",-0.112994347243435,0.0762768372611278,-0.0289552643828161,1.58430670424309,NA
"506","Sample_516",1.61326196862591,-0.0537489040272855,0," 506","2"," 506",-0.250975170619145,0.125838424616621,-0.30472407464643,1.30853789397948,NA
"507","Sample_517",1.61326196862591,-0.020118552503301,0," 507","2"," 507",-0.224268547116318,0.077789151764933,-0.244387099619619,1.36887486900629,NA
"508","Sample_518",1.61326196862591,0.150308384972431,0," 508","2"," 508",0.0379681491240859,0.144227883683945,0.188276534096517,1.80153850272242,NA
"509","Sample_519",1.61326196862591,-0.242048364943593,0," 509","2"," 509",0.00796599687796531,0.152195443951208,-0.234082368065628,1.37917960056028,NA
"510","Sample_520",1.61326196862591,-0.00565638264090413,0," 510","2"," 510",0.29756842612393,0.138544424177553,0.291912043483026,1.90517401210893,NA
"511","Sample_521",1.61326196862591,-0.0673351449235939,0," 511","2"," 511",0.00177913077582782,0.102997299420821,-0.0655560141477661,1.54770595447814,NA
"512","Sample_522",1.61326196862591,-0.020118552503301,0," 512","2"," 512",-0.224268547116318,0.077789151764933,-0.244387099619619,1.36887486900629,NA
"513","Sample_523",1.61326196862591,0.280865581937722,0," 513","2"," 513",0.192316827986082,0.116011046703751,0.473182409923804,2.08644437854971,NA
"514","Sample_524",1.61326196862591,-0.202482881718008,0," 514","2"," 514",-0.00774274910558918,0.0988102147349242,-0.210225630823597,1.40303633780231,NA
"515","Sample_525",1.61326196862591,-0.020118552503301,0," 515","2"," 515",-0.224268547116318,0.077789151764933,-0.244387099619619,1.36887486900629,NA
"516","Sample_526",1.61326196862591,-0.229176026879164,0," 516","2"," 516",0.199141674899919,0.133308218644598,-0.0300343519792454,1.58322761664666,NA
"517","Sample_527",1.61326196862591,0.143134268902744,0," 517","2"," 517",-0.192282972278512,0.137220973221746,-0.0491487033757671,1.56411326525014,NA
"518","Sample_528",1.61326196862591,-0.229176026879164,0," 518","2"," 518",0.199141674899919,0.133308218644598,-0.0300343519792454,1.58322761664666,NA
"519","Sample_529",1.61326196862591,0.125194397884171,0," 519","2"," 519",0.201958201991315,0.102534105764073,0.327152599875487,1.94041456850139,NA
"520","Sample_530",1.61326196862591,0.0502965457952674,0," 520","2"," 520",-0.0598827929942456,0.109024224013091,-0.00958624719897824,1.60367572142693,NA
"521","Sample_531",1.61326196862591,0.117724243338475,0," 521","2"," 521",-0.115647463671212,0.165755775915939,0.00207677966726287,1.61533874829317,NA
"522","Sample_532",1.61326196862591,0.0102982046734621,0," 522","2"," 522",-0.00649939998667262,0.122933214088894,0.00379880468678953,1.6170607733127,NA
"523","Sample_533",1.61326196862591,0.260342134678585,0," 523","2"," 523",0.211480081872726,0.106721190449964,0.471822216551312,2.08508418517722,NA
"524","Sample_534",1.61326196862591,0.0308216519325989,0," 524","2"," 524",-0.0256626538733178,0.132223070342691,0.00515899805928112,1.61842096668519,NA
"525","Sample_535",1.61326196862591,0.0449207981936254,0," 525","2"," 525",0.081777789259528,0.136346863137367,0.126698587453153,1.73996055607906,NA
"526","Sample_536",1.61326196862591,-0.0902269386007886,0," 526","2"," 526",0.0722559093780928,0.132159778451494,-0.0179710292226958,1.59529093940321,NA
"527","Sample_537",1.61326196862591,0.0514491878686462,0," 527","2"," 527",-0.172128763862944,0.107070824308508,-0.120679575994297,1.49258239263161,NA
"528","Sample_538",1.61326196862591,0.169658554669608,0," 528","2"," 528",-0.0727302416431141,0.115772744049838,0.0969283130264937,1.7101902816524,NA
"529","Sample_539",1.61326196862591,-0.191524352291065,0," 529","2"," 529",-0.232659564596578,0.165354419176888,-0.424183916887643,1.18907805173826,NA
"530","Sample_540",1.61326196862591,0.0921373906139183,0," 530","2"," 530",-0.144269888632639,0.111138715481489,-0.0521324980187203,1.56112947060719,NA
"531","Sample_541",1.61326196862591,-0.125018391515245,0," 531","2"," 531",0.310415874772815,0.131795904140789,0.185397483257571,1.79865945188348,NA
"532","Sample_542",1.61326196862591,-0.137443531021081,0," 532","2"," 532",0.298303587270257,0.157367926107355,0.160860056249175,1.77412202487508,NA
"533","Sample_543",1.61326196862591,-0.0673351449235939,0," 533","2"," 533",0.00177913077582782,0.102997299420821,-0.0655560141477661,1.54770595447814,NA
"534","Sample_544",1.61326196862591,-0.0466428382701644,0," 534","2"," 534",-0.343821277751721,0.099237380936828,-0.390464116021886,1.22279785260402,NA
"535","Sample_545",1.61326196862591,-0.0321806684077675,0," 535","2"," 535",0.178015695488542,0.159992653349435,0.145835027080775,1.75909699570668,NA
"536","Sample_546",1.61326196862591,0.0840390828606184,0," 536","2"," 536",-0.112994347243435,0.0762768372611278,-0.0289552643828161,1.58430670424309,NA
"537","Sample_547",1.61326196862591,-0.143444369528808,0," 537","2"," 537",0.159587602748211,0.188106011533048,0.0161432332194031,1.62940520184531,NA
"538","Sample_548",1.61326196862591,-0.00565638264090413,0," 538","2"," 538",0.29756842612393,0.138544424177553,0.291912043483026,1.90517401210893,NA
"539","Sample_549",1.61326196862591,-0.0802606511700241,0," 539","2"," 539",-0.214231471856253,0.137241060993284,-0.294492123026277,1.31876984559963,NA
"540","Sample_550",1.61326196862591,-0.0466428382701644,0," 540","2"," 540",-0.343821277751721,0.099237380936828,-0.390464116021886,1.22279785260402,NA
"541","Sample_551",1.61326196862591,0.307558727098878,0," 541","2"," 541",-0.0145675960194219,0.0815130427940826,0.292991131079456,1.90625309970536,NA
"542","Sample_552",1.61326196862591,-0.0983252463540884,0," 542","2"," 542",0.103531450767297,0.0972979002311195,0.00520620441320896,1.61846817303912,NA
"543","Sample_553",1.61326196862591,-0.0124688648382412,0," 543","2"," 543",0.140455630261865,0.157351986424067,0.127986765423623,1.74124873404953,NA
"544","Sample_554",1.61326196862591,-0.0537489040272855,0," 544","2"," 544",-0.250975170619145,0.125838424616621,-0.30472407464643,1.30853789397948,NA
"545","Sample_555",1.61326196862591,-0.202482881718008,0," 545","2"," 545",-0.00774274910558918,0.0988102147349242,-0.210225630823597,1.40303633780231,NA
"546","Sample_556",1.61326196862591,0.0985012527230153,0," 546","2"," 546",0.408842625996819,0.137032109673745,0.507343878719835,2.12060584734574,NA
"547","Sample_557",1.61326196862591,0.0583948535485673,0," 547","2"," 547",-0.091158334383445,0.143886102233447,-0.0327634808348777,1.58049848779103,NA
"548","Sample_558",1.61326196862591,0.273816190033527,0," 548","2"," 548",0.0385439582297692,0.114260429546038,0.312360148263296,1.9256221168892,NA
"549","Sample_559",1.61326196862591,-0.116920083761945,0," 549","2"," 549",0.279140333383614,0.166657782361143,0.16222024962167,1.77548221824758,NA
"550","Sample_560",1.61326196862591,0.203401091734959,0," 550","2"," 550",-0.125841795892313,0.0830253572978851,0.0775592958426455,1.69082126446855,NA
"551","Sample_561",1.61326196862591,0.021036762520252,0," 551","2"," 551",0.0906840021184319,0.10404642026788,0.111720764638684,1.72498273326459,NA
"552","Sample_562",1.61326196862591,0.0573459376994623,0," 552","2"," 552",0.0938900767620725,0.110774841170802,0.151236014461535,1.76449798308744,NA
"553","Sample_563",1.61326196862591,-0.131382253624342,0," 553","2"," 553",-0.242696639856642,0.105902509948532,-0.374078893480984,1.23918307514492,NA
"554","Sample_564",1.61326196862591,-0.0198118403022202,0," 554","2"," 554",0.236641663500182,0.16339485069965,0.216829823197962,1.83009179182387,NA
"555","Sample_565",1.61326196862591,0.233817848911722,0," 555","2"," 555",0.0919273512373283,0.128169419621856,0.32574520014905,1.93900716877496,NA
"556","Sample_566",1.61326196862591,-0.125018391515245,0," 556","2"," 556",0.310415874772815,0.131795904140789,0.185397483257571,1.79865945188348,NA
"557","Sample_567",1.61326196862591,0.0101293452791694,0," 557","2"," 557",0.319937754654219,0.135982988826685,0.330067099933389,1.9433290685593,NA
"558","Sample_568",1.61326196862591,-0.131382253624342,0," 558","2"," 558",-0.242696639856642,0.105902509948532,-0.374078893480984,1.23918307514492,NA
"559","Sample_569",1.61326196862591,0.273816190033527,0," 559","2"," 559",0.0385439582297692,0.114260429546038,0.312360148263296,1.9256221168892,NA
"560","Sample_570",1.61326196862591,0.169770740210974,0," 560","2"," 560",-0.152548419395146,0.13107463014958,0.0172223208158283,1.63048428944174,NA
"561","Sample_571",1.61326196862591,-0.020118552503301,0," 561","2"," 561",-0.224268547116318,0.077789151764933,-0.244387099619619,1.36887486900629,NA
"562","Sample_572",1.61326196862591,0.125194397884171,0," 562","2"," 562",0.201958201991315,0.102534105764073,0.327152599875487,1.94041456850139,NA
"563","Sample_573",1.61326196862591,-0.0733359834313205,0," 563","2"," 563",-0.136936853746208,0.133735384846501,-0.210272837177529,1.40298913144838,NA
"564","Sample_574",1.61326196862591,0.169601880816682,0," 564","2"," 564",0.173888735245762,0.144124404887359,0.343490616062443,1.95675258468835,NA
"565","Sample_575",1.61326196862591,0.0921373906139183,0," 565","2"," 565",-0.144269888632639,0.111138715481489,-0.0521324980187203,1.56112947060719,NA
"566","Sample_576",1.61326196862591,-0.0658757906491342,0," 566","2"," 566",0.350443370523632,0.186649598650939,0.284567579874498,1.89782954850041,NA
"567","Sample_577",1.61326196862591,0.196295025977838,0," 567","2"," 567",-0.0329956887597437,0.109626400977682,0.163299337218094,1.776561305844,NA
"568","Sample_578",1.61326196862591,0.125194397884171,0," 568","2"," 568",0.201958201991315,0.102534105764073,0.327152599875487,1.94041456850139,NA
"569","Sample_579",1.61326196862591,-0.0185287207053333,0," 569","2"," 569",0.106392748101974,0.157431649484147,0.087864027396641,1.70112599602255,NA
"570","Sample_580",1.61326196862591,-0.131382253624342,0," 570","2"," 570",-0.242696639856642,0.105902509948532,-0.374078893480984,1.23918307514492,NA
"571","Sample_581",1.61326196862591,0.307558727098878,0," 571","2"," 571",-0.0145675960194219,0.0815130427940826,0.292991131079456,1.90625309970536,NA
"572","Sample_582",1.61326196862591,-0.0983252463540884,0," 572","2"," 572",0.103531450767297,0.0972979002311195,0.00520620441320896,1.61846817303912,NA
"573","Sample_583",1.61326196862591,-0.0983252463540884,0," 573","2"," 573",0.103531450767297,0.0972979002311195,0.00520620441320896,1.61846817303912,NA
"574","Sample_584",1.61326196862591,0.0985012527230153,0," 574","2"," 574",0.408842625996819,0.137032109673745,0.507343878719835,2.12060584734574,NA
"575","Sample_585",1.61326196862591,0.0573459376994623,0," 575","2"," 575",0.0938900767620725,0.110774841170802,0.151236014461535,1.76449798308744,NA
"576","Sample_586",1.61326196862591,-0.0261798299000409,0," 576","2"," 576",0.316731680010574,0.129254567923758,0.290551850110533,1.90381381873644,NA
"577","Sample_587",1.61326196862591,0.176876805968096,0," 577","2"," 577",-0.245394526527705,0.104473586469783,-0.0685177205596092,1.5447442480663,NA
"578","Sample_588",1.61326196862591,0.169601880816682,0," 578","2"," 578",0.173888735245762,0.144124404887359,0.343490616062443,1.95675258468835,NA
"579","Sample_589",1.61326196862591,-0.130784663822553,0," 579","2"," 579",0.0263940896182917,0.124082085767596,-0.104390574204261,1.50887139442165,NA
"580","Sample_590",1.61326196862591,0.0840390828606184,0," 580","2"," 580",-0.112994347243435,0.0762768372611278,-0.0289552643828161,1.58430670424309,NA
"581","Sample_591",1.61326196862591,0.203401091734959,0," 581","2"," 581",-0.125841795892313,0.0830253572978851,0.0775592958426455,1.69082126446855,NA
"582","Sample_592",1.61326196862591,0.203401091734959,0," 582","2"," 582",-0.125841795892313,0.0830253572978851,0.0775592958426455,1.69082126446855,NA
"583","Sample_593",1.61326196862591,-0.202482881718008,0," 583","2"," 583",-0.00774274910558918,0.0988102147349242,-0.210225630823597,1.40303633780231,NA
"584","Sample_594",1.61326196862591,0.150183660806939,0," 584","2"," 584",-0.0385101025222016,0.138971590379461,0.111673558284738,1.72493552691065,NA
"585","Sample_595",1.61326196862591,0.0502965457952674,0," 585","2"," 585",-0.0598827929942456,0.109024224013091,-0.00958624719897824,1.60367572142693,NA
"586","Sample_596",1.61326196862591,0.0583948535485673,0," 586","2"," 586",-0.091158334383445,0.143886102233447,-0.0327634808348777,1.58049848779103,NA
"587","Sample_597",1.61326196862591,-0.0462114019035922,0," 587","2"," 587",0.193567184511063,0.190099373176036,0.14735578260747,1.76061775123338,NA
"588","Sample_598",1.61326196862591,-0.131382253624342,0," 588","2"," 588",-0.242696639856642,0.105902509948532,-0.374078893480984,1.23918307514492,NA
"589","Sample_599",1.61326196862591,0.227882717210121,0," 589","2"," 589",0.134342720723721,0.133505375986443,0.362225437933843,1.97548740655975,NA
"590","Sample_600",1.61326196862591,-0.0983252463540884,0," 590","2"," 590",0.103531450767297,0.0972979002311195,0.00520620441320896,1.61846817303912,NA
"591","Sample_601",1.61326196862591,-0.0198118403022202,0," 591","2"," 591",0.236641663500182,0.16339485069965,0.216829823197962,1.83009179182387,NA
"592","Sample_602",1.61326196862591,0.0840390828606184,0," 592","2"," 592",-0.112994347243435,0.0762768372611278,-0.0289552643828161,1.58430670424309,NA
"593","Sample_603",1.61326196862591,-0.178598846044634,0," 593","2"," 593",-0.0166489619644992,0.131110657604416,-0.195247808009134,1.41801416061677,NA
"594","Sample_604",1.61326196862591,-0.0983252463540884,0," 594","2"," 594",0.103531450767297,0.0972979002311195,0.00520620441320896,1.61846817303912,NA
"595","Sample_605",1.61326196862591,0.0102982046734621,0," 595","2"," 595",-0.00649939998667262,0.122933214088894,0.00379880468678953,1.6170607733127,NA
"596","Sample_606",1.61326196862591,-0.116751224367652,0," 596","2"," 596",-0.0472968212573042,0.153608007623386,-0.164048045624956,1.44921392300095,NA
"597","Sample_607",1.61326196862591,-0.0940282900847501,0," 597","2"," 597",0.208663554781352,0.137495303330476,0.114635264696602,1.72789723332251,NA
"598","Sample_608",1.61326196862591,0.307558727098878,0," 598","2"," 598",-0.0145675960194219,0.0815130427940826,0.292991131079456,1.90625309970536,NA
"599","Sample_609",1.61326196862591,-0.127770827150101,0," 599","2"," 599",0.261775109030543,0.170242690082431,0.134004281880442,1.74726625050635,NA
"600","Sample_610",1.61326196862591,-0.313746582839048,0," 600","2"," 600",-0.0261708418459169,0.126923572918526,-0.339917424684965,1.27334454394094,NA
"601","Sample_611",1.61326196862591,-0.020118552503301,0," 601","2"," 601",-0.224268547116318,0.077789151764933,-0.244387099619619,1.36887486900629,NA
"602","Sample_612",1.61326196862591,0.196295025977838,0," 602","2"," 602",-0.0329956887597437,0.109626400977682,0.163299337218094,1.776561305844,NA
"603","Sample_613",1.61326196862591,0.125194397884171,0," 603","2"," 603",0.201958201991315,0.102534105764073,0.327152599875487,1.94041456850139,NA
"604","Sample_614",1.61326196862591,0.0101293452791694,0," 604","2"," 604",0.319937754654219,0.135982988826685,0.330067099933389,1.9433290685593,NA
"605","Sample_615",1.61326196862591,-0.178598846044634,0," 605","2"," 605",-0.0166489619644992,0.131110657604416,-0.195247808009134,1.41801416061677,NA
"606","Sample_616",1.61326196862591,0.149078433557545,0," 606","2"," 606",0.193051989132411,0.134834548633561,0.342130422689956,1.95539239131586,NA
"607","Sample_617",1.61326196862591,-0.131382253624342,0," 607","2"," 607",-0.242696639856642,0.105902509948532,-0.374078893480984,1.23918307514492,NA
"608","Sample_618",1.61326196862591,-0.0673351449235939,0," 608","2"," 608",0.00177913077582782,0.102997299420821,-0.0655560141477661,1.54770595447814,NA
"609","Sample_619",1.61326196862591,-0.0272246182604222,0," 609","2"," 609",-0.13142243998376,0.104390195444723,-0.158647058244182,1.45461491038173,NA
"610","Sample_620",1.61326196862591,-0.229007167484871,0," 610","2"," 610",-0.127295479740985,0.120258443906821,-0.356302647225856,1.25695932140005,NA
"611","Sample_621",1.61326196862591,0.12949135415351,0," 611","2"," 611",0.307090306005353,0.142731508863443,0.436581660158863,2.04984362878477,NA
"612","Sample_622",1.61326196862591,0.273816190033527,0," 612","2"," 612",0.0385439582297692,0.114260429546038,0.312360148263296,1.9256221168892,NA
"613","Sample_623",1.61326196862591,0.021036762520252,0," 613","2"," 613",0.0906840021184319,0.10404642026788,0.111720764638684,1.72498273326459,NA
"614","Sample_624",1.61326196862591,0.125194397884171,0," 614","2"," 614",0.201958201991315,0.102534105764073,0.327152599875487,1.94041456850139,NA
"615","Sample_625",1.61326196862591,-0.236225418783359,0," 615","2"," 615",0.0453688051436115,0.131557601486883,-0.190856613639747,1.42240535498616,NA
"616","Sample_626",1.61326196862591,0.156184499314666,0," 616","2"," 616",0.100205881999841,0.108233504953768,0.256390381314507,1.86965234994041,NA
"617","Sample_627",1.61326196862591,-0.0865033265851815,0," 617","2"," 617",0.496909480513261,0.211801844685124,0.410406153928079,2.02366812255399,NA
"618","Sample_628",1.61326196862591,-0.074441210680715,0," 618","2"," 618",0.0946252379084117,0.129598343100607,0.0201840272276966,1.6334459958536,NA
"619","Sample_629",1.61326196862591,0.0502965457952674,0," 619","2"," 619",-0.0598827929942456,0.109024224013091,-0.00958624719897824,1.60367572142693,NA
"620","Sample_630",1.61326196862591,0.0921373906139183,0," 620","2"," 620",-0.144269888632639,0.111138715481489,-0.0521324980187203,1.56112947060719,NA
"621","Sample_631",1.61326196862591,0.273816190033527,0," 621","2"," 621",0.0385439582297692,0.114260429546038,0.312360148263296,1.9256221168892,NA
"622","Sample_632",1.61326196862591,-0.229007167484871,0," 622","2"," 622",-0.127295479740985,0.120258443906821,-0.356302647225856,1.25695932140005,NA
"623","Sample_633",1.61326196862591,-0.202482881718008,0," 623","2"," 623",-0.00774274910558918,0.0988102147349242,-0.210225630823597,1.40303633780231,NA
"624","Sample_634",1.61326196862591,0.307558727098878,0," 624","2"," 624",-0.0145675960194219,0.0815130427940826,0.292991131079456,1.90625309970536,NA
"625","Sample_635",1.61326196862591,0.0573459376994623,0," 625","2"," 625",0.0938900767620725,0.110774841170802,0.151236014461535,1.76449798308744,NA
"626","Sample_636",1.61326196862591,0.0250553796252909,0," 626","2"," 626",-0.309684439027844,0.124509251969499,-0.284629059402553,1.32863290922335,NA
"627","Sample_637",1.61326196862591,-0.313746582839048,0," 627","2"," 627",-0.0261708418459169,0.126923572918526,-0.339917424684965,1.27334454394094,NA
"628","Sample_638",1.61326196862591,0.0840390828606184,0," 628","2"," 628",-0.112994347243435,0.0762768372611278,-0.0289552643828161,1.58430670424309,NA
"629","Sample_639",1.61326196862591,0.170941674266495,0," 629","2"," 629",-0.202979157041331,0.109809542834365,-0.0320374827748364,1.58122448585107,NA
"630","Sample_640",1.61326196862591,0.0139306967631309,0," 630","2"," 630",0.183530109250991,0.130647463947673,0.197460806014122,1.81072277464003,NA
"631","Sample_641",1.61326196862591,0.021036762520252,0," 631","2"," 631",0.0906840021184319,0.10404642026788,0.111720764638684,1.72498273326459,NA
"632","Sample_642",1.61326196862591,-0.0860835973302583,0," 632","2"," 632",-0.251634280121913,0.157878903457615,-0.337717877452171,1.27554409117374,NA
"633","Sample_643",1.61326196862591,0.169770740210974,0," 633","2"," 633",-0.152548419395146,0.13107463014958,0.0172223208158283,1.63048428944174,NA
"634","Sample_644",1.61326196862591,0.196295025977838,0," 634","2"," 634",-0.0329956887597437,0.109626400977682,0.163299337218094,1.776561305844,NA
"635","Sample_645",1.61326196862591,-0.101077681988945,0," 635","2"," 635",0.0548906850250281,0.135744686172763,-0.0461869969639169,1.56707497166199,NA
"636","Sample_646",1.61326196862591,0.125194397884171,0," 636","2"," 636",0.201958201991315,0.102534105764073,0.327152599875487,1.94041456850139,NA
"637","Sample_647",1.61326196862591,-0.0801484656286575,0," 637","2"," 637",-0.294049649608277,0.152542947093027,-0.374198115236935,1.23906385338897,NA
"638","Sample_648",1.61326196862591,-0.074441210680715,0," 638","2"," 638",0.0946252379084117,0.129598343100607,0.0201840272276966,1.6334459958536,NA
"639","Sample_649",1.61326196862591,-0.137443531021081,0," 639","2"," 639",0.298303587270257,0.157367926107355,0.160860056249175,1.77412202487508,NA
"640","Sample_650",1.61326196862591,-0.249699474138301,0," 640","2"," 640",0.218304928786561,0.124018362390805,-0.03139454535174,1.58186742327417,NA
"641","Sample_651",1.61326196862591,-0.202482881718008,0," 641","2"," 641",-0.00774274910558918,0.0988102147349242,-0.210225630823597,1.40303633780231,NA
"642","Sample_652",1.61326196862591,0.260342134678585,0," 642","2"," 642",0.211480081872726,0.106721190449964,0.471822216551312,2.08508418517722,NA
"643","Sample_653",1.61326196862591,-0.229176026879164,0," 643","2"," 643",0.199141674899919,0.133308218644598,-0.0300343519792454,1.58322761664666,NA
"644","Sample_654",1.61326196862591,0.0389199596858988,0," 644","2"," 644",-0.0569381952625188,0.167084948563053,-0.01801823557662,1.59524373304929,NA
"645","Sample_655",1.61326196862591,-0.202482881718008,0," 645","2"," 645",-0.00774274910558918,0.0988102147349242,-0.210225630823597,1.40303633780231,NA
"646","Sample_656",1.61326196862591,0.150183660806939,0," 646","2"," 646",-0.0385101025222016,0.138971590379461,0.111673558284738,1.72493552691065,NA
"647","Sample_657",1.61326196862591,-0.0609671553257732,0," 647","2"," 647",-0.0783108857345537,0.137137582196677,-0.139278041060327,1.47398392756558,NA
"648","Sample_658",1.61326196862591,-0.020118552503301,0," 648","2"," 648",-0.224268547116318,0.077789151764933,-0.244387099619619,1.36887486900629,NA
"649","Sample_659",1.61326196862591,-0.0983252463540884,0," 649","2"," 649",0.103531450767297,0.0972979002311195,0.00520620441320896,1.61846817303912,NA
"650","Sample_660",1.61326196862591,0.0840390828606184,0," 650","2"," 650",-0.112994347243435,0.0762768372611278,-0.0289552643828161,1.58430670424309,NA
"651","Sample_661",1.61326196862591,-0.0272246182604222,0," 651","2"," 651",-0.13142243998376,0.104390195444723,-0.158647058244182,1.45461491038173,NA
"652","Sample_662",1.61326196862591,-0.0673351449235939,0," 652","2"," 652",0.00177913077582782,0.102997299420821,-0.0655560141477661,1.54770595447814,NA
"653","Sample_663",1.61326196862591,-0.0463361260690835,0," 653","2"," 653",0.117088932864796,0.18484307987151,0.0707528067957124,1.68401477542162,NA
"654","Sample_664",1.61326196862591,0.021036762520252,0," 654","2"," 654",0.0906840021184319,0.10404642026788,0.111720764638684,1.72498273326459,NA
"655","Sample_665",1.61326196862591,0.0921373906139183,0," 655","2"," 655",-0.144269888632639,0.111138715481489,-0.0521324980187203,1.56112947060719,NA
"656","Sample_666",1.61326196862591,-0.0940282900847501,0," 656","2"," 656",0.208663554781352,0.137495303330476,0.114635264696602,1.72789723332251,NA
"657","Sample_667",1.61326196862591,0.0139306967631309,0," 657","2"," 657",0.183530109250991,0.130647463947673,0.197460806014122,1.81072277464003,NA
"658","Sample_668",1.61326196862591,-0.0261798299000409,0," 658","2"," 658",0.316731680010574,0.129254567923758,0.290551850110533,1.90381381873644,NA
"659","Sample_669",1.61326196862591,-0.020118552503301,0," 659","2"," 659",-0.224268547116318,0.077789151764933,-0.244387099619619,1.36887486900629,NA
"660","Sample_670",1.61326196862591,0.307558727098878,0," 660","2"," 660",-0.0145675960194219,0.0815130427940826,0.292991131079456,1.90625309970536,NA
"661","Sample_671",1.61326196862591,-0.131382253624342,0," 661","2"," 661",-0.242696639856642,0.105902509948532,-0.374078893480984,1.23918307514492,NA
"662","Sample_672",1.61326196862591,-0.157439427112924,0," 662","2"," 662",-0.0751556964875966,0.149540116450396,-0.232595123600521,1.38066684502539,NA
"663","Sample_673",1.61326196862591,-0.0596840357288863,0," 663","2"," 663",-0.208559801132772,0.131174380981204,-0.268243836861658,1.34501813176425,NA
"664","Sample_674",1.61326196862591,-0.202482881718008,0," 664","2"," 664",-0.00774274910558918,0.0988102147349242,-0.210225630823597,1.40303633780231,NA
"665","Sample_675",1.61326196862591,0.156184499314666,0," 665","2"," 665",0.100205881999841,0.108233504953768,0.256390381314507,1.86965234994041,NA
"666","Sample_676",1.61326196862591,0.247123044872371,0," 666","2"," 666",0.245428382235278,0.148758433455709,0.49255142710765,2.10581339573356,NA
"667","Sample_677",1.61326196862591,-0.020118552503301,0," 667","2"," 667",-0.224268547116318,0.077789151764933,-0.244387099619619,1.36887486900629,NA
"668","Sample_678",1.61326196862591,0.125194397884171,0," 668","2"," 668",0.201958201991315,0.102534105764073,0.327152599875487,1.94041456850139,NA
"669","Sample_679",1.61326196862591,-0.0803853753355154,0," 669","2"," 669",-0.29070972350253,0.131984767688788,-0.371095098838045,1.24216686978786,NA
"670","Sample_680",1.61326196862591,-0.340270868605912,0," 670","2"," 670",-0.145723572481311,0.148371802090423,-0.485994441087223,1.12726752753869,NA
"671","Sample_681",1.61326196862591,0.169601880816682,0," 671","2"," 671",0.173888735245762,0.144124404887359,0.343490616062443,1.95675258468835,NA
"672","Sample_682",1.61326196862591,0.065613104847055,0," 672","2"," 672",-0.263822619268035,0.132586944653383,-0.19820951442098,1.41505245420493,NA
"673","Sample_683",1.61326196862591,-0.202482881718008,0," 673","2"," 673",-0.00774274910558918,0.0988102147349242,-0.210225630823597,1.40303633780231,NA
"674","Sample_684",1.61326196862591,-0.340270868605912,0," 674","2"," 674",-0.145723572481311,0.148371802090423,-0.485994441087223,1.12726752753869,NA
"675","Sample_685",1.61326196862591,-0.0272246182604222,0," 675","2"," 675",-0.13142243998376,0.104390195444723,-0.158647058244182,1.45461491038173,NA
"676","Sample_686",1.61326196862591,0.0986701121173081,0," 676","2"," 676",0.0824054713559145,0.123982334935969,0.181075583473223,1.79433755209913,NA
"677","Sample_687",1.61326196862591,-0.124849532120952,0," 677","2"," 677",-0.0160212798680964,0.118746129403016,-0.140870811989048,1.47239115663686,NA
"678","Sample_688",1.61326196862591,0.0840390828606184,0," 678","2"," 678",-0.112994347243435,0.0762768372611278,-0.0289552643828161,1.58430670424309,NA
"679","Sample_689",1.61326196862591,-0.0125935890037325,0," 679","2"," 679",0.0639773786156015,0.152095693119564,0.051383789611869,1.66464575823778,NA
"680","Sample_690",1.61326196862591,0.307558727098878,0," 680","2"," 680",-0.0145675960194219,0.0815130427940826,0.292991131079456,1.90625309970536,NA
"681","Sample_691",1.61326196862591,0.0921373906139183,0," 681","2"," 681",-0.144269888632639,0.111138715481489,-0.0521324980187203,1.56112947060719,NA
"682","Sample_692",1.61326196862591,-0.158075398785498,0," 682","2"," 682",-0.035812215851131,0.140400513858205,-0.193887614636629,1.41937435398928,NA
"683","Sample_693",1.61326196862591,0.273816190033527,0," 683","2"," 683",0.0385439582297692,0.114260429546038,0.312360148263296,1.9256221168892,NA
"684","Sample_694",1.61326196862591,-0.202482881718008,0," 684","2"," 684",-0.00774274910558918,0.0988102147349242,-0.210225630823597,1.40303633780231,NA
"685","Sample_695",1.61326196862591,0.260342134678585,0," 685","2"," 685",0.211480081872726,0.106721190449964,0.471822216551312,2.08508418517722,NA
"686","Sample_696",1.61326196862591,0.156184499314666,0," 686","2"," 686",0.100205881999841,0.108233504953768,0.256390381314507,1.86965234994041,NA
"687","Sample_697",1.61326196862591,0.110742901746845,0," 687","2"," 687",0.0536768951076209,0.197613112900231,0.164419796854466,1.77768176548037,NA
"688","Sample_698",1.61326196862591,-0.0983252463540884,0," 688","2"," 688",0.103531450767297,0.0972979002311195,0.00520620441320896,1.61846817303912,NA
"689","Sample_699",1.61326196862591,0.203401091734959,0," 689","2"," 689",-0.125841795892313,0.0830253572978851,0.0775592958426455,1.69082126446855,NA
"690","Sample_700",1.61326196862591,-0.116751224367652,0," 690","2"," 690",-0.0472968212573042,0.153608007623386,-0.164048045624956,1.44921392300095,NA
"691","Sample_701",1.61326196862591,0.307558727098878,0," 691","2"," 691",-0.0145675960194219,0.0815130427940826,0.292991131079456,1.90625309970536,NA
"692","Sample_702",1.61326196862591,0.125194397884171,0," 692","2"," 692",0.201958201991315,0.102534105764073,0.327152599875487,1.94041456850139,NA
"693","Sample_703",1.61326196862591,0.0654442454527622,0," 693","2"," 693",0.0626145353728783,0.145636719391158,0.12805878082564,1.74132074945155,NA
"694","Sample_704",1.61326196862591,0.176707946573803,0," 694","2"," 694",0.0810426281131971,0.117523361207558,0.257750574687,1.87101254331291,NA
"695","Sample_705",1.61326196862591,-0.179284375839732,0," 695","2"," 695",0.382690682908649,0.155253434638954,0.203406307068917,1.81666827569482,NA
"696","Sample_706",1.61326196862591,0.0139306967631309,0," 696","2"," 696",0.183530109250991,0.130647463947673,0.197460806014122,1.81072277464003,NA
"697","Sample_707",1.61326196862591,-0.020118552503301,0," 697","2"," 697",-0.224268547116318,0.077789151764933,-0.244387099619619,1.36887486900629,NA
"698","Sample_708",1.61326196862591,0.196295025977838,0," 698","2"," 698",-0.0329956887597437,0.109626400977682,0.163299337218094,1.776561305844,NA
"699","Sample_709",1.61326196862591,-0.0272246182604222,0," 699","2"," 699",-0.13142243998376,0.104390195444723,-0.158647058244182,1.45461491038173,NA
"700","Sample_710",1.61326196862591,-0.0321806684077675,0," 700","2"," 700",0.178015695488542,0.159992653349435,0.145835027080775,1.75909699570668,NA
"701","Sample_711",1.61326196862591,-0.124849532120952,0," 701","2"," 701",-0.0160212798680964,0.118746129403016,-0.140870811989048,1.47239115663686,NA
"702","Sample_712",1.61326196862591,-0.125018391515245,0," 702","2"," 702",0.310415874772815,0.131795904140789,0.185397483257571,1.79865945188348,NA
"703","Sample_713",1.61326196862591,-0.101134355841871,0," 703","2"," 703",0.301509661913917,0.164096347010275,0.200375306072046,1.81363727469795,NA
"704","Sample_714",1.61326196862591,0.203401091734959,0," 704","2"," 704",-0.125841795892313,0.0830253572978851,0.0775592958426455,1.69082126446855,NA
"705","Sample_715",1.61326196862591,-0.131382253624342,0," 705","2"," 705",-0.242696639856642,0.105902509948532,-0.374078893480984,1.23918307514492,NA
"706","Sample_716",1.61326196862591,0.0779778054638785,0," 706","2"," 706",0.428005879883476,0.127742253419951,0.505983685347355,2.11924565397326,NA
"707","Sample_717",1.61326196862591,0.203401091734959,0," 707","2"," 707",-0.125841795892313,0.0830253572978851,0.0775592958426455,1.69082126446855,NA
"708","Sample_718",1.61326196862591,0.307558727098878,0," 708","2"," 708",-0.0145675960194219,0.0815130427940826,0.292991131079456,1.90625309970536,NA
"709","Sample_719",1.61326196862591,-0.202482881718008,0," 709","2"," 709",-0.00774274910558918,0.0988102147349242,-0.210225630823597,1.40303633780231,NA
"710","Sample_720",1.61326196862591,0.0368224904403255,0," 710","2"," 710",0.113053330648722,0.101484984917003,0.149875821089047,1.76313778971495,NA
"711","Sample_721",1.61326196862591,-0.0983252463540884,0," 711","2"," 711",0.103531450767297,0.0972979002311195,0.00520620441320896,1.61846817303912,NA
"712","Sample_722",1.61326196862591,0.0449207981936254,0," 712","2"," 712",0.081777789259528,0.136346863137367,0.126698587453153,1.73996055607906,NA
"713","Sample_723",1.61326196862591,-0.0125935890037325,0," 713","2"," 713",0.0639773786156015,0.152095693119564,0.051383789611869,1.66464575823778,NA
"714","Sample_724",1.61326196862591,0.0840390828606184,0," 714","2"," 714",-0.112994347243435,0.0762768372611278,-0.0289552643828161,1.58430670424309,NA
"715","Sample_725",1.61326196862591,-0.0673351449235939,0," 715","2"," 715",0.00177913077582782,0.102997299420821,-0.0655560141477661,1.54770595447814,NA
"716","Sample_726",1.61326196862591,-0.0466428382701644,0," 716","2"," 716",-0.343821277751721,0.099237380936828,-0.390464116021886,1.22279785260402,NA
"717","Sample_727",1.61326196862591,-0.125018391515245,0," 717","2"," 717",0.310415874772815,0.131795904140789,0.185397483257571,1.79865945188348,NA
"718","Sample_728",1.61326196862591,0.0139306967631309,0," 718","2"," 718",0.183530109250991,0.130647463947673,0.197460806014122,1.81072277464003,NA
"719","Sample_729",1.61326196862591,-0.229176026879164,0," 719","2"," 719",0.199141674899919,0.133308218644598,-0.0300343519792454,1.58322761664666,NA
"720","Sample_730",1.61326196862591,-0.116751224367652,0," 720","2"," 720",-0.0472968212573042,0.153608007623386,-0.164048045624956,1.44921392300095,NA
"721","Sample_731",1.61326196862591,0.162552488912487,0," 721","2"," 721",0.0201158654894457,0.142373787729635,0.182668354401932,1.79593032302784,NA
"722","Sample_732",1.61326196862591,0.203401091734959,0," 722","2"," 722",-0.125841795892313,0.0830253572978851,0.0775592958426455,1.69082126446855,NA
"723","Sample_733",1.61326196862591,-0.0537489040272855,0," 723","2"," 723",-0.250975170619145,0.125838424616621,-0.30472407464643,1.30853789397948,NA
"724","Sample_734",1.61326196862591,0.176876805968096,0," 724","2"," 724",-0.245394526527705,0.104473586469783,-0.0685177205596092,1.5447442480663,NA
"725","Sample_735",1.61326196862591,0.203401091734959,0," 725","2"," 725",-0.125841795892313,0.0830253572978851,0.0775592958426455,1.69082126446855,NA
"726","Sample_736",1.61326196862591,0.156184499314666,0," 726","2"," 726",0.100205881999841,0.108233504953768,0.256390381314507,1.86965234994041,NA
"727","Sample_737",1.61326196862591,-0.178598846044634,0," 727","2"," 727",-0.0166489619644992,0.131110657604416,-0.195247808009134,1.41801416061677,NA
"728","Sample_738",1.61326196862591,0.203401091734959,0," 728","2"," 728",-0.125841795892313,0.0830253572978851,0.0775592958426455,1.69082126446855,NA
"729","Sample_739",1.61326196862591,-0.236282092636285,0," 729","2"," 729",0.291987782032482,0.159909262324384,0.0557056893961966,1.6689676580221,NA
"730","Sample_740",1.61326196862591,0.233942573077213,0," 730","2"," 730",0.168405602883601,0.133425712926364,0.402348175960814,2.01561014458672,NA
"731","Sample_741",1.61326196862591,-0.0876603004869293,0," 731","2"," 731",0.128573538270956,0.171635586106359,0.0409132377840263,1.65417520640993,NA
"732","Sample_742",1.61326196862591,0.203401091734959,0," 732","2"," 732",-0.125841795892313,0.0830253572978851,0.0775592958426455,1.69082126446855,NA
"733","Sample_743",1.61326196862591,0.149078433557545,0," 733","2"," 733",0.193051989132411,0.134834548633561,0.342130422689956,1.95539239131586,NA
"734","Sample_744",1.61326196862591,0.203401091734959,0," 734","2"," 734",-0.125841795892313,0.0830253572978851,0.0775592958426455,1.69082126446855,NA
"735","Sample_745",1.61326196862591,0.125194397884171,0," 735","2"," 735",0.201958201991315,0.102534105764073,0.327152599875487,1.94041456850139,NA
"736","Sample_746",1.61326196862591,0.247123044872371,0," 736","2"," 736",0.245428382235278,0.148758433455709,0.49255142710765,2.10581339573356,NA
"737","Sample_747",1.61326196862591,-0.313746582839048,0," 737","2"," 737",-0.0261708418459169,0.126923572918526,-0.339917424684965,1.27334454394094,NA
"738","Sample_748",1.61326196862591,0.307558727098878,0," 738","2"," 738",-0.0145675960194219,0.0815130427940826,0.292991131079456,1.90625309970536,NA
"739","Sample_749",1.61326196862591,0.021036762520252,0," 739","2"," 739",0.0906840021184319,0.10404642026788,0.111720764638684,1.72498273326459,NA
"740","Sample_750",1.61326196862591,0.0575147970937551,0," 740","2"," 740",-0.232547077878834,0.0977250664330256,-0.175032280785079,1.43822968784083,NA
"741","Sample_751",1.61326196862591,-0.0938594306904573,0," 741","2"," 741",-0.117773599859566,0.124445528592714,-0.211633030550023,1.40162893807588,NA
"742","Sample_752",1.61326196862591,-0.143444369528808,0," 742","2"," 742",0.159587602748211,0.188106011533048,0.0161432332194031,1.62940520184531,NA
"743","Sample_753",1.61326196862591,-0.020118552503301,0," 743","2"," 743",-0.224268547116318,0.077789151764933,-0.244387099619619,1.36887486900629,NA
"744","Sample_754",1.61326196862591,0.0654442454527622,0," 744","2"," 744",0.0626145353728783,0.145636719391158,0.12805878082564,1.74132074945155,NA
"745","Sample_755",1.61326196862591,-0.125018391515245,0," 745","2"," 745",0.310415874772815,0.131795904140789,0.185397483257571,1.79865945188348,NA
"746","Sample_756",1.61326196862591,0.170941674266495,0," 746","2"," 746",-0.202979157041331,0.109809542834365,-0.0320374827748364,1.58122448585107,NA
"747","Sample_757",1.61326196862591,0.0575147970937551,0," 747","2"," 747",-0.232547077878834,0.0977250664330256,-0.175032280785079,1.43822968784083,NA
"748","Sample_758",1.61326196862591,-0.255700312646027,0," 748","2"," 748",0.079588944264528,0.154756447816484,-0.176111368381499,1.43715060024441,NA
"749","Sample_759",1.61326196862591,0.247291904266664,0," 749","2"," 749",-0.0810087724056242,0.135708658717937,0.16628313186104,1.77954510048695,NA
"750","Sample_760",1.61326196862591,-0.151542677282108,0," 750","2"," 750",0.19086314413742,0.153244133312683,0.0393204668553119,1.65258243548122,NA
"751","Sample_761",1.61326196862591,0.169601880816682,0," 751","2"," 751",0.173888735245762,0.144124404887359,0.343490616062443,1.95675258468835,NA
"752","Sample_762",1.61326196862591,0.0575147970937551,0," 752","2"," 752",-0.232547077878834,0.0977250664330256,-0.175032280785079,1.43822968784083,NA
"753","Sample_763",1.61326196862591,-0.0673351449235939,0," 753","2"," 753",0.00177913077582782,0.102997299420821,-0.0655560141477661,1.54770595447814,NA
"754","Sample_764",1.61326196862591,-0.020118552503301,0," 754","2"," 754",-0.224268547116318,0.077789151764933,-0.244387099619619,1.36887486900629,NA
"755","Sample_765",1.61326196862591,-0.020118552503301,0," 755","2"," 755",-0.224268547116318,0.077789151764933,-0.244387099619619,1.36887486900629,NA
"756","Sample_766",1.61326196862591,-0.122816833592761,0," 756","2"," 756",0.0131214927585923,0.162953765498866,-0.109695340834168,1.50356662779174,NA
"757","Sample_767",1.61326196862591,-0.0114226549482122,0," 757","2"," 757",0.0135466409694012,0.130830605804354,0.002123986021189,1.6153859546471,NA
"758","Sample_768",1.61326196862591,0.0840390828606184,0," 758","2"," 758",-0.112994347243435,0.0762768372611278,-0.0289552643828161,1.58430670424309,NA
"759","Sample_769",1.61326196862591,-0.184599684552361,0," 759","2"," 759",-0.155364946486541,0.161848743030101,-0.339964631038902,1.27329733758701,NA
"760","Sample_770",1.61326196862591,0.307558727098878,0," 760","2"," 760",-0.0145675960194219,0.0815130427940826,0.292991131079456,1.90625309970536,NA
"761","Sample_771",1.61326196862591,-0.0902269386007886,0," 761","2"," 761",0.0722559093780928,0.132159778451494,-0.0179710292226958,1.59529093940321,NA
"762","Sample_772",1.61326196862591,0.0921373906139183,0," 762","2"," 762",-0.144269888632639,0.111138715481489,-0.0521324980187203,1.56112947060719,NA
"763","Sample_773",1.61326196862591,-0.399423431235532,0," 763","2"," 763",-0.0159765096248042,0.20965399153656,-0.415399940860336,1.19786202776557,NA
"764","Sample_774",1.61326196862591,-0.229176026879164,0," 764","2"," 764",0.199141674899919,0.133308218644598,-0.0300343519792454,1.58322761664666,NA
"765","Sample_775",1.61326196862591,-0.236282092636285,0," 765","2"," 765",0.291987782032482,0.159909262324384,0.0557056893961966,1.6689676580221,NA
"766","Sample_776",1.61326196862591,0.0840390828606184,0," 766","2"," 766",-0.112994347243435,0.0762768372611278,-0.0289552643828161,1.58430670424309,NA
"767","Sample_777",1.61326196862591,-0.249699474138301,0," 767","2"," 767",0.218304928786561,0.124018362390805,-0.03139454535174,1.58186742327417,NA
"768","Sample_778",1.61326196862591,0.065613104847055,0," 768","2"," 768",-0.263822619268035,0.132586944653383,-0.19820951442098,1.41505245420493,NA
"769","Sample_779",1.61326196862591,-0.209588947475129,0," 769","2"," 769",0.0851033580269817,0.125411258414718,-0.124485589448147,1.48877637917776,NA
"770","Sample_780",1.61326196862591,0.021036762520252,0," 770","2"," 770",0.0906840021184319,0.10404642026788,0.111720764638684,1.72498273326459,NA
"771","Sample_781",1.61326196862591,0.169770740210974,0," 771","2"," 771",-0.152548419395146,0.13107463014958,0.0172223208158283,1.63048428944174,NA
"772","Sample_782",1.61326196862591,-0.0902269386007886,0," 772","2"," 772",0.0722559093780928,0.132159778451494,-0.0179710292226958,1.59529093940321,NA
"773","Sample_783",1.61326196862591,0.0840390828606184,0," 773","2"," 773",-0.112994347243435,0.0762768372611278,-0.0289552643828161,1.58430670424309,NA
"774","Sample_784",1.61326196862591,0.307558727098878,0," 774","2"," 774",-0.0145675960194219,0.0815130427940826,0.292991131079456,1.90625309970536,NA
"775","Sample_785",1.61326196862591,0.021036762520252,0," 775","2"," 775",0.0906840021184319,0.10404642026788,0.111720764638684,1.72498273326459,NA
"776","Sample_786",1.61326196862591,-0.0466428382701644,0," 776","2"," 776",-0.343821277751721,0.099237380936828,-0.390464116021886,1.22279785260402,NA
"777","Sample_787",1.61326196862591,0.203401091734959,0," 777","2"," 777",-0.125841795892313,0.0830253572978851,0.0775592958426455,1.69082126446855,NA
"778","Sample_788",1.61326196862591,-0.283442011203652,0," 778","2"," 778",0.271416483035763,0.156765749142756,-0.0120255281678887,1.60123644045802,NA
"779","Sample_789",1.61326196862591,0.125194397884171,0," 779","2"," 779",0.201958201991315,0.102534105764073,0.327152599875487,1.94041456850139,NA
"780","Sample_790",1.61326196862591,-0.236113233241992,0," 780","2"," 780",-0.0344493726084134,0.146859487586619,-0.270562605850406,1.3426993627755,NA
"781","Sample_791",1.61326196862591,-0.340270868605912,0," 781","2"," 781",-0.145723572481311,0.148371802090423,-0.485994441087223,1.12726752753869,NA
"782","Sample_792",1.61326196862591,0.176876805968096,0," 782","2"," 782",-0.245394526527705,0.104473586469783,-0.0685177205596092,1.5447442480663,NA
"783","Sample_793",1.61326196862591,0.203401091734959,0," 783","2"," 783",-0.125841795892313,0.0830253572978851,0.0775592958426455,1.69082126446855,NA
"784","Sample_794",1.61326196862591,0.143077595049818,0," 784","2"," 784",0.0543360046103549,0.165572634059252,0.197413599660173,1.81067556828608,NA
"785","Sample_795",1.61326196862591,0.149078433557545,0," 785","2"," 785",0.193051989132411,0.134834548633561,0.342130422689956,1.95539239131586,NA
"786","Sample_796",1.61326196862591,-0.209588947475129,0," 786","2"," 786",0.0851033580269817,0.125411258414718,-0.124485589448147,1.48877637917776,NA
"787","Sample_797",1.61326196862591,0.0183965124267621,0," 787","2"," 787",-0.0377749413758778,0.15779509230926,-0.0193784289491157,1.59388353967679,NA
"788","Sample_798",1.61326196862591,-0.202482881718008,0," 788","2"," 788",-0.00774274910558918,0.0988102147349242,-0.210225630823597,1.40303633780231,NA
"789","Sample_799",1.61326196862591,0.0840390828606184,0," 789","2"," 789",-0.112994347243435,0.0762768372611278,-0.0289552643828161,1.58430670424309,NA
"790","Sample_800",1.61326196862591,0.0914518608188204,0," 790","2"," 790",0.25506975624051,0.135281492516034,0.346521617059331,1.95978358568524,NA
"791","Sample_801",1.61326196862591,0.254341296170859,0," 791","2"," 791",0.0727640973506913,0.137459275875648,0.32710539352155,1.94036736214746,NA
"792","Sample_802",1.61326196862591,-0.236113233241992,0," 792","2"," 792",-0.0344493726084134,0.146859487586619,-0.270562605850406,1.3426993627755,NA
"793","Sample_803",1.61326196862591,0.307558727098878,0," 793","2"," 793",-0.0145675960194219,0.0815130427940826,0.292991131079456,1.90625309970536,NA
"794","Sample_804",1.61326196862591,-0.0272246182604222,0," 794","2"," 794",-0.13142243998376,0.104390195444723,-0.158647058244182,1.45461491038173,NA
"795","Sample_805",1.61326196862591,0.0840390828606184,0," 795","2"," 795",-0.112994347243435,0.0762768372611278,-0.0289552643828161,1.58430670424309,NA
"796","Sample_806",1.61326196862591,-0.020118552503301,0," 796","2"," 796",-0.224268547116318,0.077789151764933,-0.244387099619619,1.36887486900629,NA
"797","Sample_807",1.61326196862591,0.065613104847055,0," 797","2"," 797",-0.263822619268035,0.132586944653383,-0.19820951442098,1.41505245420493,NA
"798","Sample_808",1.61326196862591,0.0840390828606184,0," 798","2"," 798",-0.112994347243435,0.0762768372611278,-0.0289552643828161,1.58430670424309,NA
"799","Sample_809",1.61326196862591,0.307558727098878,0," 799","2"," 799",-0.0145675960194219,0.0815130427940826,0.292991131079456,1.90625309970536,NA
"800","Sample_810",1.61326196862591,0.307558727098878,0," 800","2"," 800",-0.0145675960194219,0.0815130427940826,0.292991131079456,1.90625309970536,NA
"801","Sample_811",1.61326196862591,-0.0466428382701644,0," 801","2"," 801",-0.343821277751721,0.099237380936828,-0.390464116021886,1.22279785260402,NA
"802","Sample_812",1.61326196862591,-0.131382253624342,0," 802","2"," 802",-0.242696639856642,0.105902509948532,-0.374078893480984,1.23918307514492,NA
"803","Sample_813",1.61326196862591,0.203401091734959,0," 803","2"," 803",-0.125841795892313,0.0830253572978851,0.0775592958426455,1.69082126446855,NA
"804","Sample_814",1.61326196862591,-0.00565638264090413,0," 804","2"," 804",0.29756842612393,0.138544424177553,0.291912043483026,1.90517401210893,NA
"805","Sample_815",1.61326196862591,0.122385288396389,0," 805","2"," 805",0.399936413137918,0.169332552543223,0.522321701534307,2.13558367016021,NA
"806","Sample_816",1.61326196862591,-0.158075398785498,0," 806","2"," 806",-0.035812215851131,0.140400513858205,-0.193887614636629,1.41937435398928,NA
"807","Sample_817",1.61326196862591,-0.157906539391205,0," 807","2"," 807",-0.362249370492055,0.127350739120431,-0.52015590988326,1.09310605874265,NA
"808","Sample_818",1.61326196862591,0.065613104847055,0," 808","2"," 808",-0.263822619268035,0.132586944653383,-0.19820951442098,1.41505245420493,NA
"809","Sample_819",1.61326196862591,-0.393422592727806,0," 809","2"," 809",0.122739474897241,0.178915906110883,-0.270683117830564,1.34257885079534,NA
"810","Sample_820",1.61326196862591,-0.209588947475129,0," 810","2"," 810",0.0851033580269817,0.125411258414718,-0.124485589448147,1.48877637917776,NA
"811","Sample_821",1.61326196862591,-0.202482881718008,0," 811","2"," 811",-0.00774274910558918,0.0988102147349242,-0.210225630823597,1.40303633780231,NA
"812","Sample_822",1.61326196862591,0.125194397884171,0," 812","2"," 812",0.201958201991315,0.102534105764073,0.327152599875487,1.94041456850139,NA
"813","Sample_823",1.61326196862591,-0.0983252463540884,0," 813","2"," 813",0.103531450767297,0.0972979002311195,0.00520620441320896,1.61846817303912,NA
"814","Sample_824",1.61326196862591,0.176876805968096,0," 814","2"," 814",-0.245394526527705,0.104473586469783,-0.0685177205596092,1.5447442480663,NA
"815","Sample_825",1.61326196862591,0.0840390828606184,0," 815","2"," 815",-0.112994347243435,0.0762768372611278,-0.0289552643828161,1.58430670424309,NA
"816","Sample_826",1.61326196862591,-0.0609671553257732,0," 816","2"," 816",-0.0783108857345537,0.137137582196677,-0.139278041060327,1.47398392756558,NA
"817","Sample_827",1.61326196862591,0.0575147970937551,0," 817","2"," 817",-0.232547077878834,0.0977250664330256,-0.175032280785079,1.43822968784083,NA
"818","Sample_828",1.61326196862591,-0.101077681988945,0," 818","2"," 818",0.0548906850250281,0.135744686172763,-0.0461869969639169,1.56707497166199,NA
"819","Sample_829",1.61326196862591,-0.236113233241992,0," 819","2"," 819",-0.0344493726084134,0.146859487586619,-0.270562605850406,1.3426993627755,NA
"820","Sample_830",1.61326196862591,0.176876805968096,0," 820","2"," 820",-0.245394526527705,0.104473586469783,-0.0685177205596092,1.5447442480663,NA
"821","Sample_831",1.61326196862591,-0.0379469407150755,0," 821","2"," 821",-0.106006089665997,0.152278834976254,-0.143953030381073,1.46930893824483,NA
"822","Sample_832",1.61326196862591,-0.209588947475129,0," 822","2"," 822",0.0851033580269817,0.125411258414718,-0.124485589448147,1.48877637917776,NA
"823","Sample_833",1.61326196862591,-0.0539177634215783,0," 823","2"," 823",0.0754619840217534,0.138888199354405,0.0215442206001751,1.63480618922608,NA
"824","Sample_834",1.61326196862591,-0.202482881718008,0," 824","2"," 824",-0.00774274910558918,0.0988102147349242,-0.210225630823597,1.40303633780231,NA
"825","Sample_835",1.61326196862591,-0.360963175259341,0," 825","2"," 825",0.19987683604625,0.152131720574411,-0.161086339213092,1.45217562941282,NA
"826","Sample_836",1.61326196862591,-0.202482881718008,0," 826","2"," 826",-0.00774274910558918,0.0988102147349242,-0.210225630823597,1.40303633780231,NA
"827","Sample_837",1.61326196862591,0.307558727098878,0," 827","2"," 827",-0.0145675960194219,0.0815130427940826,0.292991131079456,1.90625309970536,NA
"828","Sample_838",1.61326196862591,-0.0902269386007886,0," 828","2"," 828",0.0722559093780928,0.132159778451494,-0.0179710292226958,1.59529093940321,NA
"829","Sample_839",1.61326196862591,0.176876805968096,0," 829","2"," 829",-0.245394526527705,0.104473586469783,-0.0685177205596092,1.5447442480663,NA
"830","Sample_840",1.61326196862591,0.169770740210974,0," 830","2"," 830",-0.152548419395146,0.13107463014958,0.0172223208158283,1.63048428944174,NA
"831","Sample_841",1.61326196862591,0.0101293452791694,0," 831","2"," 831",0.319937754654219,0.135982988826685,0.330067099933389,1.9433290685593,NA
"832","Sample_842",1.61326196862591,0.307558727098878,0," 832","2"," 832",-0.0145675960194219,0.0815130427940826,0.292991131079456,1.90625309970536,NA
"833","Sample_843",1.61326196862591,-0.124849532120952,0," 833","2"," 833",-0.0160212798680964,0.118746129403016,-0.140870811989048,1.47239115663686,NA
"834","Sample_844",1.61326196862591,-0.202482881718008,0," 834","2"," 834",-0.00774274910558918,0.0988102147349242,-0.210225630823597,1.40303633780231,NA
"835","Sample_845",1.61326196862591,-0.283442011203652,0," 835","2"," 835",0.271416483035763,0.156765749142756,-0.0120255281678887,1.60123644045802,NA
"836","Sample_846",1.61326196862591,-0.020118552503301,0," 836","2"," 836",-0.224268547116318,0.077789151764933,-0.244387099619619,1.36887486900629,NA
"837","Sample_847",1.61326196862591,-0.157906539391205,0," 837","2"," 837",-0.362249370492055,0.127350739120431,-0.52015590988326,1.09310605874265,NA
"838","Sample_848",1.61326196862591,-0.131382253624342,0," 838","2"," 838",-0.242696639856642,0.105902509948532,-0.374078893480984,1.23918307514492,NA
"839","Sample_849",1.61326196862591,-0.0983252463540884,0," 839","2"," 839",0.103531450767297,0.0972979002311195,0.00520620441320896,1.61846817303912,NA
"840","Sample_850",1.61326196862591,-0.074441210680715,0," 840","2"," 840",0.0946252379084117,0.129598343100607,0.0201840272276966,1.6334459958536,NA
"841","Sample_851",1.61326196862591,0.021036762520252,0," 841","2"," 841",0.0906840021184319,0.10404642026788,0.111720764638684,1.72498273326459,NA
"842","Sample_852",1.61326196862591,-0.0272246182604222,0," 842","2"," 842",-0.13142243998376,0.104390195444723,-0.158647058244182,1.45461491038173,NA
"843","Sample_853",1.61326196862591,-0.145541838774381,0," 843","2"," 843",0.329579128659456,0.122506047886991,0.184037289885075,1.79729925851098,NA
"844","Sample_854",1.61326196862591,0.0840390828606184,0," 844","2"," 844",-0.112994347243435,0.0762768372611278,-0.0289552643828161,1.58430670424309,NA
"845","Sample_855",1.61326196862591,0.254341296170859,0," 845","2"," 845",0.0727640973506913,0.137459275875648,0.32710539352155,1.94036736214746,NA
"846","Sample_856",1.61326196862591,0.021036762520252,0," 846","2"," 846",0.0906840021184319,0.10404642026788,0.111720764638684,1.72498273326459,NA
"847","Sample_857",1.61326196862591,0.169770740210974,0," 847","2"," 847",-0.152548419395146,0.13107463014958,0.0172223208158283,1.63048428944174,NA
"848","Sample_858",1.61326196862591,0.0921373906139183,0," 848","2"," 848",-0.144269888632639,0.111138715481489,-0.0521324980187203,1.56112947060719,NA
"849","Sample_859",1.61326196862591,-0.020118552503301,0," 849","2"," 849",-0.224268547116318,0.077789151764933,-0.244387099619619,1.36887486900629,NA
"850","Sample_860",1.61326196862591,-0.0863387990192577,0," 850","2"," 850",-0.310109587238665,0.156632411664007,-0.396448386257922,1.21681358236799,NA
"851","Sample_861",1.61326196862591,0.0914518608188204,0," 851","2"," 851",0.25506975624051,0.135281492516034,0.346521617059331,1.95978358568524,NA
"852","Sample_862",1.61326196862591,-0.0272246182604222,0," 852","2"," 852",-0.13142243998376,0.104390195444723,-0.158647058244182,1.45461491038173,NA
"853","Sample_863",1.61326196862591,0.203401091734959,0," 853","2"," 853",-0.125841795892313,0.0830253572978851,0.0775592958426455,1.69082126446855,NA
"854","Sample_864",1.61326196862591,0.203401091734959,0," 854","2"," 854",-0.125841795892313,0.0830253572978851,0.0775592958426455,1.69082126446855,NA
"855","Sample_865",1.61326196862591,0.129784937713294,0," 855","2"," 855",0.0571314030107078,0.134938027430168,0.186916340724002,1.80017830934991,NA
"856","Sample_866",1.61326196862591,0.150183660806939,0," 856","2"," 856",-0.0385101025222016,0.138971590379461,0.111673558284738,1.72493552691065,NA
"857","Sample_867",1.61326196862591,0.156184499314666,0," 857","2"," 857",0.100205881999841,0.108233504953768,0.256390381314507,1.86965234994041,NA
"858","Sample_868",1.61326196862591,0.0840390828606184,0," 858","2"," 858",-0.112994347243435,0.0762768372611278,-0.0289552643828161,1.58430670424309,NA
"859","Sample_869",1.61326196862591,0.176876805968096,0," 859","2"," 859",-0.245394526527705,0.104473586469783,-0.0685177205596092,1.5447442480663,NA
"860","Sample_870",1.61326196862591,-0.020118552503301,0," 860","2"," 860",-0.224268547116318,0.077789151764933,-0.244387099619619,1.36887486900629,NA
"861","Sample_871",1.61326196862591,-0.0596840357288863,0," 861","2"," 861",-0.208559801132772,0.131174380981204,-0.268243836861658,1.34501813176425,NA
"862","Sample_872",1.61326196862591,-0.202482881718008,0," 862","2"," 862",-0.00774274910558918,0.0988102147349242,-0.210225630823597,1.40303633780231,NA
"863","Sample_873",1.61326196862591,0.0986701121173081,0," 863","2"," 863",0.0824054713559145,0.123982334935969,0.181075583473223,1.79433755209913,NA
"864","Sample_874",1.61326196862591,-0.202482881718008,0," 864","2"," 864",-0.00774274910558918,0.0988102147349242,-0.210225630823597,1.40303633780231,NA
"865","Sample_875",1.61326196862591,-0.366964013767068,0," 865","2"," 865",0.0611608515241973,0.18286980600009,-0.305803162242871,1.30745880638304,NA
"866","Sample_876",1.61326196862591,0.176707946573803,0," 866","2"," 866",0.0810426281131971,0.117523361207558,0.257750574687,1.87101254331291,NA
"867","Sample_877",1.61326196862591,-0.020118552503301,0," 867","2"," 867",-0.224268547116318,0.077789151764933,-0.244387099619619,1.36887486900629,NA
"868","Sample_878",1.61326196862591,0.0840390828606184,0," 868","2"," 868",-0.112994347243435,0.0762768372611278,-0.0289552643828161,1.58430670424309,NA
"869","Sample_879",1.61326196862591,0.196295025977838,0," 869","2"," 869",-0.0329956887597437,0.109626400977682,0.163299337218094,1.776561305844,NA
"870","Sample_880",1.61326196862591,-0.0466428382701644,0," 870","2"," 870",-0.343821277751721,0.099237380936828,-0.390464116021886,1.22279785260402,NA
"871","Sample_881",1.61326196862591,0.203401091734959,0," 871","2"," 871",-0.125841795892313,0.0830253572978851,0.0775592958426455,1.69082126446855,NA
"872","Sample_882",1.61326196862591,0.0139306967631309,0," 872","2"," 872",0.183530109250991,0.130647463947673,0.197460806014122,1.81072277464003,NA
"873","Sample_883",1.61326196862591,-0.0983252463540884,0," 873","2"," 873",0.103531450767297,0.0972979002311195,0.00520620441320896,1.61846817303912,NA
"874","Sample_884",1.61326196862591,0.0921373906139183,0," 874","2"," 874",-0.144269888632639,0.111138715481489,-0.0521324980187203,1.56112947060719,NA
"875","Sample_885",1.61326196862591,0.307558727098878,0," 875","2"," 875",-0.0145675960194219,0.0815130427940826,0.292991131079456,1.90625309970536,NA
"876","Sample_886",1.61326196862591,0.0449207981936254,0," 876","2"," 876",0.081777789259528,0.136346863137367,0.126698587453153,1.73996055607906,NA
"877","Sample_887",1.61326196862591,0.125194397884171,0," 877","2"," 877",0.201958201991315,0.102534105764073,0.327152599875487,1.94041456850139,NA
"878","Sample_888",1.61326196862591,-0.020118552503301,0," 878","2"," 878",-0.224268547116318,0.077789151764933,-0.244387099619619,1.36887486900629,NA
"879","Sample_889",1.61326196862591,0.233648989517429,0," 879","2"," 879",0.418364505878247,0.141219194359636,0.652013495395677,2.26527546402158,NA
"880","Sample_890",1.61326196862591,0.0840390828606184,0," 880","2"," 880",-0.112994347243435,0.0762768372611278,-0.0289552643828161,1.58430670424309,NA
"881","Sample_891",1.61326196862591,0.307558727098878,0," 881","2"," 881",-0.0145675960194219,0.0815130427940826,0.292991131079456,1.90625309970536,NA
"882","Sample_892",1.61326196862591,0.0840390828606184,0," 882","2"," 882",-0.112994347243435,0.0762768372611278,-0.0289552643828161,1.58430670424309,NA
"883","Sample_893",1.61326196862591,-0.137443531021081,0," 883","2"," 883",0.298303587270257,0.157367926107355,0.160860056249175,1.77412202487508,NA
"884","Sample_894",1.61326196862591,0.307558727098878,0," 884","2"," 884",-0.0145675960194219,0.0815130427940826,0.292991131079456,1.90625309970536,NA
"885","Sample_895",1.61326196862591,0.203401091734959,0," 885","2"," 885",-0.125841795892313,0.0830253572978851,0.0775592958426455,1.69082126446855,NA
"886","Sample_896",1.61326196862591,0.0921373906139183,0," 886","2"," 886",-0.144269888632639,0.111138715481489,-0.0521324980187203,1.56112947060719,NA
"887","Sample_897",1.61326196862591,-0.131382253624342,0," 887","2"," 887",-0.242696639856642,0.105902509948532,-0.374078893480984,1.23918307514492,NA
"888","Sample_898",1.61326196862591,-0.282289369130273,0," 888","2"," 888",0.159170512167044,0.154812349438184,-0.123118856963229,1.49014311166268,NA
"889","Sample_899",1.61326196862591,-0.116920083761945,0," 889","2"," 889",0.279140333383614,0.166657782361143,0.16222024962167,1.77548221824758,NA
"890","Sample_900",1.61326196862591,0.203401091734959,0," 890","2"," 890",-0.125841795892313,0.0830253572978851,0.0775592958426455,1.69082126446855,NA
"891","Sample_901",1.61326196862591,0.0921373906139183,0," 891","2"," 891",-0.144269888632639,0.111138715481489,-0.0521324980187203,1.56112947060719,NA
"892","Sample_902",1.61326196862591,0.0250553796252909,0," 892","2"," 892",-0.309684439027844,0.124509251969499,-0.284629059402553,1.32863290922335,NA
"893","Sample_903",1.61326196862591,0.275099309630414,0," 893","2"," 893",-0.0917049571684344,0.10829722833056,0.18339435246198,1.79665632108789,NA
"894","Sample_904",1.61326196862591,-0.313746582839048,0," 894","2"," 894",-0.0261708418459169,0.126923572918526,-0.339917424684965,1.27334454394094,NA
"895","Sample_905",1.61326196862591,0.201189572048965,0," 895","2"," 895",0.341227144729228,0.168003379896107,0.542416716778193,2.1556786854041,NA
"896","Sample_906",1.61326196862591,0.196295025977838,0," 896","2"," 896",-0.0329956887597437,0.109626400977682,0.163299337218094,1.776561305844,NA
"897","Sample_907",1.61326196862591,-0.0851635331353685,0," 897","2"," 897",0.120041588226174,0.177486982632124,0.0348780550908058,1.64814002371671,NA
"898","Sample_908",1.61326196862591,0.156184499314666,0," 898","2"," 898",0.100205881999841,0.108233504953768,0.256390381314507,1.86965234994041,NA
"899","Sample_909",1.61326196862591,0.196295025977838,0," 899","2"," 899",-0.0329956887597437,0.109626400977682,0.163299337218094,1.776561305844,NA
"900","Sample_910",1.61326196862591,-0.157906539391205,0," 900","2"," 900",-0.362249370492055,0.127350739120431,-0.52015590988326,1.09310605874265,NA
"901","Sample_911",1.61326196862591,0.0576395212592464,0," 901","2"," 901",-0.156068826232576,0.102981359737533,-0.0984293049733293,1.51483266365258,NA
"902","Sample_912",1.61326196862591,-0.00548752324661133,0," 902","2"," 902",-0.028868728516971,0.125494649439773,-0.0343562517635823,1.57890571686233,NA
"903","Sample_913",1.61326196862591,0.0573459376994623,0," 903","2"," 903",0.0938900767620725,0.110774841170802,0.151236014461535,1.76449798308744,NA
"904","Sample_914",1.61326196862591,-0.202482881718008,0," 904","2"," 904",-0.00774274910558918,0.0988102147349242,-0.210225630823597,1.40303633780231,NA
"905","Sample_915",1.61326196862591,0.162552488912487,0," 905","2"," 905",0.0201158654894457,0.142373787729635,0.182668354401932,1.79593032302784,NA
"906","Sample_916",1.61326196862591,0.0921373906139183,0," 906","2"," 906",-0.144269888632639,0.111138715481489,-0.0521324980187203,1.56112947060719,NA
"907","Sample_917",1.61326196862591,0.0840390828606184,0," 907","2"," 907",-0.112994347243435,0.0762768372611278,-0.0289552643828161,1.58430670424309,NA
"908","Sample_918",1.61326196862591,0.0183965124267621,0," 908","2"," 908",-0.0377749413758778,0.15779509230926,-0.0193784289491157,1.59388353967679,NA
"909","Sample_919",1.61326196862591,0.0368224904403255,0," 909","2"," 909",0.113053330648722,0.101484984917003,0.149875821089047,1.76313778971495,NA
"910","Sample_920",1.61326196862591,-0.150493761433003,0," 910","2"," 910",0.00581473299189028,0.186355394375341,-0.144679028441113,1.46858294018479,NA
"911","Sample_921",1.61326196862591,0.0840390828606184,0," 911","2"," 911",-0.112994347243435,0.0762768372611278,-0.0289552643828161,1.58430670424309,NA
"912","Sample_922",1.61326196862591,-0.30291690506632,0," 912","2"," 912",0.305636622156676,0.179964595472371,0.00271971709035596,1.61598168571626,NA
"913","Sample_923",1.61326196862591,-0.132067783419439,0," 913","2"," 913",0.156643005016494,0.130045286983067,0.0245752215970546,1.63783719022296,NA
"914","Sample_924",1.61326196862591,-0.184599684552361,0," 914","2"," 914",-0.155364946486541,0.161848743030101,-0.339964631038902,1.27329733758701,NA
"915","Sample_925",1.61326196862591,0.233817848911722,0," 915","2"," 915",0.0919273512373283,0.128169419621856,0.32574520014905,1.93900716877496,NA
"916","Sample_926",1.61326196862591,-0.205123131811498,0," 916","2"," 916",-0.13620169259989,0.152558886776311,-0.341324824411388,1.27193714421452,NA
"917","Sample_927",1.61326196862591,0.169601880816682,0," 917","2"," 917",0.173888735245762,0.144124404887359,0.343490616062443,1.95675258468835,NA
"918","Sample_928",1.61326196862591,-0.158075398785498,0," 918","2"," 918",-0.035812215851131,0.140400513858205,-0.193887614636629,1.41937435398928,NA
"919","Sample_929",1.61326196862591,0.227882717210121,0," 919","2"," 919",0.134342720723721,0.133505375986443,0.362225437933843,1.97548740655975,NA
"920","Sample_930",1.61326196862591,-0.202482881718008,0," 920","2"," 920",-0.00774274910558918,0.0988102147349242,-0.210225630823597,1.40303633780231,NA
"921","Sample_931",1.61326196862591,0.0575147970937551,0," 921","2"," 921",-0.232547077878834,0.0977250664330256,-0.175032280785079,1.43822968784083,NA
"922","Sample_932",1.61326196862591,0.162552488912487,0," 922","2"," 922",0.0201158654894457,0.142373787729635,0.182668354401932,1.79593032302784,NA
"923","Sample_933",1.61326196862591,0.0840390828606184,0," 923","2"," 923",-0.112994347243435,0.0762768372611278,-0.0289552643828161,1.58430670424309,NA
"924","Sample_934",1.61326196862591,-0.033285895657162,0," 924","2"," 924",0.409577787143145,0.155855611603553,0.376291891485983,1.98955386011189,NA
"925","Sample_935",1.61326196862591,-0.209588947475129,0," 925","2"," 925",0.0851033580269817,0.125411258414718,-0.124485589448147,1.48877637917776,NA
"926","Sample_936",1.61326196862591,-0.249699474138301,0," 926","2"," 926",0.218304928786561,0.124018362390805,-0.03139454535174,1.58186742327417,NA
"927","Sample_937",1.61326196862591,0.125194397884171,0," 927","2"," 927",0.201958201991315,0.102534105764073,0.327152599875487,1.94041456850139,NA
"928","Sample_938",1.61326196862591,0.0986701121173081,0," 928","2"," 928",0.0824054713559145,0.123982334935969,0.181075583473223,1.79433755209913,NA
"929","Sample_939",1.61326196862591,-0.249699474138301,0," 929","2"," 929",0.218304928786561,0.124018362390805,-0.03139454535174,1.58186742327417,NA
"930","Sample_940",1.61326196862591,0.021036762520252,0," 930","2"," 930",0.0906840021184319,0.10404642026788,0.111720764638684,1.72498273326459,NA
"931","Sample_941",1.61326196862591,-0.211058263513099,0," 931","2"," 931",-0.0937863231135233,0.1578948431409,-0.304844586626622,1.30841738199929,NA
"932","Sample_942",1.61326196862591,-0.0468116976644572,0," 932","2"," 932",-0.0173841231108059,0.112287155674602,-0.0641958207752631,1.54906614785064,NA
"933","Sample_943",1.61326196862591,-0.0381158001093683,0," 933","2"," 933",0.220431064974909,0.165328609714041,0.182315264865541,1.79557723349145,NA
"934","Sample_944",1.61326196862591,0.307558727098878,0," 934","2"," 934",-0.0145675960194219,0.0815130427940826,0.292991131079456,1.90625309970536,NA
"935","Sample_945",1.61326196862591,0.149078433557545,0," 935","2"," 935",0.193051989132411,0.134834548633561,0.342130422689956,1.95539239131586,NA
"936","Sample_946",1.61326196862591,0.0368224904403255,0," 936","2"," 936",0.113053330648722,0.101484984917003,0.149875821089047,1.76313778971495,NA
"937","Sample_947",1.61326196862591,-0.0670284327225131,0," 937","2"," 937",0.46268934139235,0.188602998355507,0.395660908669837,2.00892287729574,NA
"938","Sample_948",1.61326196862591,0.0250553796252909,0," 938","2"," 938",-0.309684439027844,0.124509251969499,-0.284629059402553,1.32863290922335,NA
"939","Sample_949",1.61326196862591,0.0573459376994623,0," 939","2"," 939",0.0938900767620725,0.110774841170802,0.151236014461535,1.76449798308744,NA
"940","Sample_950",1.61326196862591,0.065613104847055,0," 940","2"," 940",-0.263822619268035,0.132586944653383,-0.19820951442098,1.41505245420493,NA
"941","Sample_951",1.61326196862591,-0.236113233241992,0," 941","2"," 941",-0.0344493726084134,0.146859487586619,-0.270562605850406,1.3426993627755,NA
"942","Sample_952",1.61326196862591,-0.0261798299000409,0," 942","2"," 942",0.316731680010574,0.129254567923758,0.290551850110533,1.90381381873644,NA
"943","Sample_953",1.61326196862591,0.281034441332015,0," 943","2"," 943",-0.134120326654819,0.102961271965978,0.146914114677196,1.7601760833031,NA
"944","Sample_954",1.61326196862591,0.0139306967631309,0," 944","2"," 944",0.183530109250991,0.130647463947673,0.197460806014122,1.81072277464003,NA
"945","Sample_955",1.61326196862591,0.307558727098878,0," 945","2"," 945",-0.0145675960194219,0.0815130427940826,0.292991131079456,1.90625309970536,NA
"946","Sample_956",1.61326196862591,0.021036762520252,0," 946","2"," 946",0.0906840021184319,0.10404642026788,0.111720764638684,1.72498273326459,NA
"947","Sample_957",1.61326196862591,0.169658554669608,0," 947","2"," 947",-0.0727302416431141,0.115772744049838,0.0969283130264937,1.7101902816524,NA
"948","Sample_958",1.61326196862591,0.196295025977838,0," 948","2"," 948",-0.0329956887597437,0.109626400977682,0.163299337218094,1.776561305844,NA
"949","Sample_959",1.61326196862591,0.149078433557545,0," 949","2"," 949",0.193051989132411,0.134834548633561,0.342130422689956,1.95539239131586,NA
"950","Sample_960",1.61326196862591,0.0840390828606184,0," 950","2"," 950",-0.112994347243435,0.0762768372611278,-0.0289552643828161,1.58430670424309,NA
"951","Sample_961",1.61326196862591,-0.262749704550222,0," 951","2"," 951",-0.0741839254917819,0.153005830658772,-0.336933630042004,1.2763283385839,NA
"952","Sample_962",1.61326196862591,0.307558727098878,0," 952","2"," 952",-0.0145675960194219,0.0815130427940826,0.292991131079456,1.90625309970536,NA
"953","Sample_963",1.61326196862591,-0.313746582839048,0," 953","2"," 953",-0.0261708418459169,0.126923572918526,-0.339917424684965,1.27334454394094,NA
"954","Sample_964",1.61326196862591,0.0502965457952674,0," 954","2"," 954",-0.0598827929942456,0.109024224013091,-0.00958624719897824,1.60367572142693,NA
"955","Sample_965",1.61326196862591,0.021036762520252,0," 955","2"," 955",0.0906840021184319,0.10404642026788,0.111720764638684,1.72498273326459,NA
"956","Sample_966",1.61326196862591,-0.178598846044634,0," 956","2"," 956",-0.0166489619644992,0.131110657604416,-0.195247808009134,1.41801416061677,NA
"957","Sample_967",1.61326196862591,-0.238865668876849,0," 957","2"," 957",-0.0830901383506818,0.185306273528259,-0.321955807227531,1.29130616139838,NA
"958","Sample_968",1.61326196862591,0.0921373906139183,0," 958","2"," 958",-0.144269888632639,0.111138715481489,-0.0521324980187203,1.56112947060719,NA
"959","Sample_969",1.61326196862591,0.0927349804157073,0," 959","2"," 959",0.124820840842307,0.129318291300544,0.217555821258015,1.83081778988392,NA
"960","Sample_970",1.61326196862591,-0.020118552503301,0," 960","2"," 960",-0.224268547116318,0.077789151764933,-0.244387099619619,1.36887486900629,NA
"961","Sample_971",1.61326196862591,-0.020118552503301,0," 961","2"," 961",-0.224268547116318,0.077789151764933,-0.244387099619619,1.36887486900629,NA
"962","Sample_972",1.61326196862591,0.125194397884171,0," 962","2"," 962",0.201958201991315,0.102534105764073,0.327152599875487,1.94041456850139,NA
"963","Sample_973",1.61326196862591,-0.0983252463540884,0," 963","2"," 963",0.103531450767297,0.0972979002311195,0.00520620441320896,1.61846817303912,NA
"964","Sample_974",1.61326196862591,0.203401091734959,0," 964","2"," 964",-0.125841795892313,0.0830253572978851,0.0775592958426455,1.69082126446855,NA
"965","Sample_975",1.61326196862591,0.307558727098878,0," 965","2"," 965",-0.0145675960194219,0.0815130427940826,0.292991131079456,1.90625309970536,NA
"966","Sample_976",1.61326196862591,0.196295025977838,0," 966","2"," 966",-0.0329956887597437,0.109626400977682,0.163299337218094,1.776561305844,NA
"967","Sample_977",1.61326196862591,-0.0983252463540884,0," 967","2"," 967",0.103531450767297,0.0972979002311195,0.00520620441320896,1.61846817303912,NA
"968","Sample_978",1.61326196862591,-0.0272246182604222,0," 968","2"," 968",-0.13142243998376,0.104390195444723,-0.158647058244182,1.45461491038173,NA
"969","Sample_979",1.61326196862591,-0.347489119904399,0," 969","2"," 969",0.0269407124032882,0.159670959670478,-0.320548407501111,1.2927135611248,NA
"970","Sample_980",1.61326196862591,-0.184599684552361,0," 970","2"," 970",-0.155364946486541,0.161848743030101,-0.339964631038902,1.27329733758701,NA
"971","Sample_981",1.61326196862591,-0.178598846044634,0," 971","2"," 971",-0.0166489619644992,0.131110657604416,-0.195247808009134,1.41801416061677,NA
"972","Sample_982",1.61326196862591,-0.158075398785498,0," 972","2"," 972",-0.035812215851131,0.140400513858205,-0.193887614636629,1.41937435398928,NA
"973","Sample_983",1.61326196862591,0.0779778054638785,0," 973","2"," 973",0.428005879883476,0.127742253419951,0.505983685347355,2.11924565397326,NA
"974","Sample_984",1.61326196862591,-0.202482881718008,0," 974","2"," 974",-0.00774274910558918,0.0988102147349242,-0.210225630823597,1.40303633780231,NA
"975","Sample_985",1.61326196862591,0.203401091734959,0," 975","2"," 975",-0.125841795892313,0.0830253572978851,0.0775592958426455,1.69082126446855,NA
"976","Sample_986",1.61326196862591,0.021036762520252,0," 976","2"," 976",0.0906840021184319,0.10404642026788,0.111720764638684,1.72498273326459,NA
"977","Sample_987",1.61326196862591,-0.0983252463540884,0," 977","2"," 977",0.103531450767297,0.0972979002311195,0.00520620441320896,1.61846817303912,NA
"978","Sample_988",1.61326196862591,0.203401091734959,0," 978","2"," 978",-0.125841795892313,0.0830253572978851,0.0775592958426455,1.69082126446855,NA
"979","Sample_989",1.61326196862591,0.0921373906139183,0," 979","2"," 979",-0.144269888632639,0.111138715481489,-0.0521324980187203,1.56112947060719,NA
"980","Sample_990",1.61326196862591,-0.0538610895686521,0," 980","2"," 980",-0.171156992867126,0.110536538516891,-0.225018082435778,1.38824388619013,NA
"981","Sample_991",1.61326196862591,-0.125018391515245,0," 981","2"," 981",0.310415874772815,0.131795904140789,0.185397483257571,1.79865945188348,NA
"982","Sample_992",1.61326196862591,0.0840390828606184,0," 982","2"," 982",-0.112994347243435,0.0762768372611278,-0.0289552643828161,1.58430670424309,NA
"983","Sample_993",1.61326196862591,-0.0466428382701644,0," 983","2"," 983",-0.343821277751721,0.099237380936828,-0.390464116021886,1.22279785260402,NA
"984","Sample_994",1.61326196862591,0.021036762520252,0," 984","2"," 984",0.0906840021184319,0.10404642026788,0.111720764638684,1.72498273326459,NA
"985","Sample_995",1.61326196862591,-0.131382253624342,0," 985","2"," 985",-0.242696639856642,0.105902509948532,-0.374078893480984,1.23918307514492,NA
"986","Sample_996",1.61326196862591,-0.24333148454048,0," 986","2"," 986",0.138214912276175,0.158158645166675,-0.105116572264305,1.5081453963616,NA
"987","Sample_997",1.61326196862591,0.0575147970937551,0," 987","2"," 987",-0.232547077878834,0.0977250664330256,-0.175032280785079,1.43822968784083,NA
"988","Sample_998",1.61326196862591,0.196295025977838,0," 988","2"," 988",-0.0329956887597437,0.109626400977682,0.163299337218094,1.776561305844,NA
"989","Sample_999",1.61326196862591,-0.158075398785498,0," 989","2"," 989",-0.035812215851131,0.140400513858205,-0.193887614636629,1.41937435398928,NA
"990","Sample_1000",1.61326196862591,-0.131382253624342,0," 990","2"," 990",-0.242696639856642,0.105902509948532,-0.374078893480984,1.23918307514492,NA
"991","Sample_1001",1.61326196862591,-0.020118552503301,0," 991","2"," 991",-0.224268547116318,0.077789151764933,-0.244387099619619,1.36887486900629,NA
"992","Sample_1002",1.61326196862591,0.203401091734959,0," 992","2"," 992",-0.125841795892313,0.0830253572978851,0.0775592958426455,1.69082126446855,NA
"993","Sample_1003",1.61326196862591,0.307558727098878,0," 993","2"," 993",-0.0145675960194219,0.0815130427940826,0.292991131079456,1.90625309970536,NA
"994","Sample_1004",1.61326196862591,-0.0537489040272855,0," 994","2"," 994",-0.250975170619145,0.125838424616621,-0.30472407464643,1.30853789397948,NA
"995","Sample_1005",1.61326196862591,-0.229176026879164,0," 995","2"," 995",0.199141674899919,0.133308218644598,-0.0300343519792454,1.58322761664666,NA
"996","Sample_1006",1.61326196862591,0.307558727098878,0," 996","2"," 996",-0.0145675960194219,0.0815130427940826,0.292991131079456,1.90625309970536,NA
"997","Sample_1007",1.61326196862591,0.0921373906139183,0," 997","2"," 997",-0.144269888632639,0.111138715481489,-0.0521324980187203,1.56112947060719,NA
"998","Sample_1008",1.61326196862591,-0.0983252463540884,0," 998","2"," 998",0.103531450767297,0.0972979002311195,0.00520620441320896,1.61846817303912,NA
"999","Sample_1009",1.61326196862591,-0.130784663822553,0," 999","2"," 999",0.0263940896182917,0.124082085767596,-0.104390574204261,1.50887139442165,NA
"1000","Sample_1010",1.61326196862591,0.021036762520252,0,"1000","2","1000",0.0906840021184319,0.10404642026788,0.111720764638684,1.72498273326459,NA
"1001","Sample_1011",1.61326196862591,-0.0261798299000409,0,"1001","2","1001",0.316731680010574,0.129254567923758,0.290551850110533,1.90381381873644,NA
"1002","Sample_1012",1.61326196862591,-0.202482881718008,0,"1002","2","1002",-0.00774274910558918,0.0988102147349242,-0.210225630823597,1.40303633780231,NA
"1003","Sample_1013",1.61326196862591,-0.209588947475129,0,"1003","2","1003",0.0851033580269817,0.125411258414718,-0.124485589448147,1.48877637917776,NA
"1004","Sample_1014",1.61326196862591,-0.145541838774381,0,"1004","2","1004",0.329579128659456,0.122506047886991,0.184037289885075,1.79729925851098,NA
"1005","Sample_1015",1.61326196862591,-0.202482881718008,0,"1005","2","1005",-0.00774274910558918,0.0988102147349242,-0.210225630823597,1.40303633780231,NA
"1006","Sample_1016",1.61326196862591,-0.374013405671263,0,"1006","2","1006",-0.0926120182321004,0.181119188842367,-0.466625423903363,1.14663654472254,NA
"1007","Sample_1017",1.61326196862591,0.0139306967631309,0,"1007","2","1007",0.183530109250991,0.130647463947673,0.197460806014122,1.81072277464003,NA
"1008","Sample_1018",1.61326196862591,-0.149210641836116,0,"1008","2","1008",-0.124434182406319,0.180392193159862,-0.273644824242435,1.33961714438347,NA
"1009","Sample_1019",1.61326196862591,0.0368224904403255,0,"1009","2","1009",0.113053330648722,0.101484984917003,0.149875821089047,1.76313778971495,NA
"1010","Sample_1020",1.61326196862591,-0.124849532120952,0,"1010","2","1010",-0.0160212798680964,0.118746129403016,-0.140870811989048,1.47239115663686,NA
"1011","Sample_1021",1.61326196862591,0.0921373906139183,0,"1011","2","1011",-0.144269888632639,0.111138715481489,-0.0521324980187203,1.56112947060719,NA
"1012","Sample_1022",1.61326196862591,-0.059922366965392,0,"1012","2","1012",0.369843234259771,0.162001954675699,0.309920867294379,1.92318283592029,NA
"1013","Sample_1023",1.61326196862591,0.0502965457952674,0,"1013","2","1013",-0.0598827929942456,0.109024224013091,-0.00958624719897824,1.60367572142693,NA
"1014","Sample_1024",1.61326196862591,-0.0261798299000409,0,"1014","2","1014",0.316731680010574,0.129254567923758,0.290551850110533,1.90381381873644,NA
"1015","Sample_1025",1.61326196862591,-0.0902269386007886,0,"1015","2","1015",0.0722559093780928,0.132159778451494,-0.0179710292226958,1.59529093940321,NA
"1016","Sample_1026",1.61326196862591,0.125194397884171,0,"1016","2","1016",0.201958201991315,0.102534105764073,0.327152599875487,1.94041456850139,NA
"1017","Sample_1027",1.61326196862591,0.307558727098878,0,"1017","2","1017",-0.0145675960194219,0.0815130427940826,0.292991131079456,1.90625309970536,NA
"1018","Sample_1028",1.61326196862591,0.0840390828606184,0,"1018","2","1018",-0.112994347243435,0.0762768372611278,-0.0289552643828161,1.58430670424309,NA
"1019","Sample_1029",1.61326196862591,0.233817848911722,0,"1019","2","1019",0.0919273512373283,0.128169419621856,0.32574520014905,1.93900716877496,NA
"1020","Sample_1030",1.61326196862591,0.125194397884171,0,"1020","2","1020",0.201958201991315,0.102534105764073,0.327152599875487,1.94041456850139,NA
"1021","Sample_1031",1.61326196862591,-0.0125935890037325,0,"1021","2","1021",0.0639773786156015,0.152095693119564,0.051383789611869,1.66464575823778,NA
"1022","Sample_1032",1.61326196862591,0.0654442454527622,0,"1022","2","1022",0.0626145353728783,0.145636719391158,0.12805878082564,1.74132074945155,NA
"1023","Sample_1033",1.61326196862591,0.0840390828606184,0,"1023","2","1023",-0.112994347243435,0.0762768372611278,-0.0289552643828161,1.58430670424309,NA
"1024","Sample_1034",1.61326196862591,0.125194397884171,0,"1024","2","1024",0.201958201991315,0.102534105764073,0.327152599875487,1.94041456850139,NA
"1025","Sample_1035",1.61326196862591,-0.255700312646027,0,"1025","2","1025",0.079588944264528,0.154756447816484,-0.176111368381499,1.43715060024441,NA
"1026","Sample_1036",1.61326196862591,0.203401091734959,0,"1026","2","1026",-0.125841795892313,0.0830253572978851,0.0775592958426455,1.69082126446855,NA
"1027","Sample_1037",1.61326196862591,-0.0537489040272855,0,"1027","2","1027",-0.250975170619145,0.125838424616621,-0.30472407464643,1.30853789397948,NA
"1028","Sample_1038",1.61326196862591,0.169658554669608,0,"1028","2","1028",-0.0727302416431141,0.115772744049838,0.0969283130264937,1.7101902816524,NA
"1029","Sample_1039",1.61326196862591,0.0449207981936254,0,"1029","2","1029",0.081777789259528,0.136346863137367,0.126698587453153,1.73996055607906,NA
"1030","Sample_1040",1.61326196862591,-0.209588947475129,0,"1030","2","1030",0.0851033580269817,0.125411258414718,-0.124485589448147,1.48877637917776,NA
"1031","Sample_1041",1.61326196862591,0.0139306967631309,0,"1031","2","1031",0.183530109250991,0.130647463947673,0.197460806014122,1.81072277464003,NA
"1032","Sample_1042",1.61326196862591,-0.163841671092806,0,"1032","2","1032",-0.319834001005661,0.132686695485003,-0.483675672098467,1.12958629652744,NA
"1033","Sample_1043",1.61326196862591,0.176876805968096,0,"1033","2","1033",-0.245394526527705,0.104473586469783,-0.0685177205596092,1.5447442480663,NA
"1034","Sample_1044",1.61326196862591,-0.0468116976644572,0,"1034","2","1034",-0.0173841231108059,0.112287155674602,-0.0641958207752631,1.54906614785064,NA
"1035","Sample_1045",1.61326196862591,-0.236225418783359,0,"1035","2","1035",0.0453688051436115,0.131557601486883,-0.190856613639747,1.42240535498616,NA
"1036","Sample_1046",1.61326196862591,0.203401091734959,0,"1036","2","1036",-0.125841795892313,0.0830253572978851,0.0775592958426455,1.69082126446855,NA
"1037","Sample_1047",1.61326196862591,0.203401091734959,0,"1037","2","1037",-0.125841795892313,0.0830253572978851,0.0775592958426455,1.69082126446855,NA
"1038","Sample_1048",1.61326196862591,0.0575147970937551,0,"1038","2","1038",-0.232547077878834,0.0977250664330256,-0.175032280785079,1.43822968784083,NA
"1039","Sample_1049",1.61326196862591,0.203401091734959,0,"1039","2","1039",-0.125841795892313,0.0830253572978851,0.0775592958426455,1.69082126446855,NA
"1040","Sample_1050",1.61326196862591,0.0101293452791694,0,"1040","2","1040",0.319937754654219,0.135982988826685,0.330067099933389,1.9433290685593,NA
"1041","Sample_1051",1.61326196862591,-0.143444369528808,0,"1041","2","1041",0.159587602748211,0.188106011533048,0.0161432332194031,1.62940520184531,NA
"1042","Sample_1052",1.61326196862591,0.196295025977838,0,"1042","2","1042",-0.0329956887597437,0.109626400977682,0.163299337218094,1.776561305844,NA
"1043","Sample_1053",1.61326196862591,0.150183660806939,0,"1043","2","1043",-0.0385101025222016,0.138971590379461,0.111673558284738,1.72493552691065,NA
"1044","Sample_1054",1.61326196862591,0.0514535196970152,0,"1044","2","1044",0.308453149248077,0.149190482591837,0.359906668945092,1.973168637571,NA
"1045","Sample_1055",1.61326196862591,-0.202482881718008,0,"1045","2","1045",-0.00774274910558918,0.0988102147349242,-0.210225630823597,1.40303633780231,NA
"1046","Sample_1056",1.61326196862591,-0.0805542347298082,0,"1046","2","1046",0.0357274311383712,0.145034542426569,-0.0448268035914371,1.56843516503447,NA
"1047","Sample_1057",1.61326196862591,0.021036762520252,0,"1047","2","1047",0.0906840021184319,0.10404642026788,0.111720764638684,1.72498273326459,NA
"1048","Sample_1058",1.61326196862591,-0.0527041156669043,0,"1048","2","1048",0.197178949375181,0.15070279709565,0.144474833708277,1.75773680233418,NA
"1049","Sample_1059",1.61326196862591,0.0101293452791694,0,"1049","2","1049",0.319937754654219,0.135982988826685,0.330067099933389,1.9433290685593,NA
"1050","Sample_1060",1.61326196862591,-0.020118552503301,0,"1050","2","1050",-0.224268547116318,0.077789151764933,-0.244387099619619,1.36887486900629,NA
"1051","Sample_1061",1.61326196862591,-0.020118552503301,0,"1051","2","1051",-0.224268547116318,0.077789151764933,-0.244387099619619,1.36887486900629,NA
"1052","Sample_1062",1.61326196862591,0.0840390828606184,0,"1052","2","1052",-0.112994347243435,0.0762768372611278,-0.0289552643828161,1.58430670424309,NA
"1053","Sample_1063",1.61326196862591,0.281034441332015,0,"1053","2","1053",-0.134120326654819,0.102961271965978,0.146914114677196,1.7601760833031,NA
"1054","Sample_1064",1.61326196862591,-0.209588947475129,0,"1054","2","1054",0.0851033580269817,0.125411258414718,-0.124485589448147,1.48877637917776,NA
"1055","Sample_1065",1.61326196862591,-0.163841671092806,0,"1055","2","1055",-0.319834001005661,0.132686695485003,-0.483675672098467,1.12958629652744,NA
"1056","Sample_1066",1.61326196862591,-0.276392619299457,0,"1056","2","1056",0.425189352792076,0.15851636630048,0.148796733492619,1.76205870211853,NA
"1057","Sample_1067",1.61326196862591,0.0368224904403255,0,"1057","2","1057",0.113053330648722,0.101484984917003,0.149875821089047,1.76313778971495,NA
"1058","Sample_1068",1.61326196862591,-0.0321806684077675,0,"1058","2","1058",0.178015695488542,0.159992653349435,0.145835027080775,1.75909699570668,NA
"1059","Sample_1069",1.61326196862591,0.0111782611282744,0,"1059","2","1059",0.134889343508709,0.169094249889327,0.146067604636984,1.75932957326289,NA
"1060","Sample_1070",1.61326196862591,-0.020118552503301,0,"1060","2","1060",-0.224268547116318,0.077789151764933,-0.244387099619619,1.36887486900629,NA
"1061","Sample_1071",1.61326196862591,0.122554147790682,0,"1061","2","1061",0.0734992584970166,0.156282777805459,0.196053406287698,1.80931537491361,NA
"1062","Sample_1072",1.61326196862591,-0.262918563944515,0,"1062","2","1062",0.252253229149111,0.166055605396556,-0.0106653347954039,1.6025966338305,NA
"1063","Sample_1073",1.61326196862591,0.125194397884171,0,"1063","2","1063",0.201958201991315,0.102534105764073,0.327152599875487,1.94041456850139,NA
"1064","Sample_1074",1.61326196862591,-0.205291991205791,0,"1064","2","1064",0.190235462041025,0.165608661514084,-0.0150565291647654,1.59820543946114,NA
"1065","Sample_1075",1.61326196862591,0.156184499314666,0,"1065","2","1065",0.100205881999841,0.108233504953768,0.256390381314507,1.86965234994041,NA
"1066","Sample_1076",1.61326196862591,0.021036762520252,0,"1066","2","1066",0.0906840021184319,0.10404642026788,0.111720764638684,1.72498273326459,NA
"1067","Sample_1077",1.61326196862591,-0.151542677282108,0,"1067","2","1067",0.19086314413742,0.153244133312683,0.0393204668553119,1.65258243548122,NA
"1068","Sample_1078",1.61326196862591,-0.131382253624342,0,"1068","2","1068",-0.242696639856642,0.105902509948532,-0.374078893480984,1.23918307514492,NA
"1069","Sample_1079",1.61326196862591,0.0139306967631309,0,"1069","2","1069",0.183530109250991,0.130647463947673,0.197460806014122,1.81072277464003,NA
"1070","Sample_1080",1.61326196862591,0.170941674266495,0,"1070","2","1070",-0.202979157041331,0.109809542834365,-0.0320374827748364,1.58122448585107,NA
"1071","Sample_1081",1.61326196862591,-0.0537489040272855,0,"1071","2","1071",-0.250975170619145,0.125838424616621,-0.30472407464643,1.30853789397948,NA
"1072","Sample_1082",1.61326196862591,-0.0733359834313205,0,"1072","2","1072",-0.136936853746208,0.133735384846501,-0.210272837177529,1.40298913144838,NA
"1073","Sample_1083",1.61326196862591,-0.131382253624342,0,"1073","2","1073",-0.242696639856642,0.105902509948532,-0.374078893480984,1.23918307514492,NA
"1074","Sample_1084",1.61326196862591,-0.0804420491884417,0,"1074","2","1074",-0.0440907466136555,0.160336428526294,-0.124532795802097,1.48872917282381,NA
"1075","Sample_1085",1.61326196862591,0.162552488912487,0,"1075","2","1075",0.0201158654894457,0.142373787729635,0.182668354401932,1.79593032302784,NA
"1076","Sample_1086",1.61326196862591,-0.209588947475129,0,"1076","2","1076",0.0851033580269817,0.125411258414718,-0.124485589448147,1.48877637917776,NA
"1077","Sample_1087",1.61326196862591,-0.0272246182604222,0,"1077","2","1077",-0.13142243998376,0.104390195444723,-0.158647058244182,1.45461491038173,NA
"1078","Sample_1088",1.61326196862591,0.0575147970937551,0,"1078","2","1078",-0.232547077878834,0.0977250664330256,-0.175032280785079,1.43822968784083,NA
"1079","Sample_1089",1.61326196862591,0.280865581937722,0,"1079","2","1079",0.192316827986082,0.116011046703751,0.473182409923804,2.08644437854971,NA
"1080","Sample_1090",1.61326196862591,-0.163972148616314,0,"1080","2","1080",-0.301831056476148,0.136696496995912,-0.465803205092462,1.14745876353345,NA
"1081","Sample_1091",1.61326196862591,0.169770740210974,0,"1081","2","1081",-0.152548419395146,0.13107463014958,0.0172223208158283,1.63048428944174,NA
"1082","Sample_1092",1.61326196862591,0.0840390828606184,0,"1082","2","1082",-0.112994347243435,0.0762768372611278,-0.0289552643828161,1.58430670424309,NA
"1083","Sample_1093",1.61326196862591,-0.163841671092806,0,"1083","2","1083",-0.319834001005661,0.132686695485003,-0.483675672098467,1.12958629652744,NA
"1084","Sample_1094",1.61326196862591,-0.0983252463540884,0,"1084","2","1084",0.103531450767297,0.0972979002311195,0.00520620441320896,1.61846817303912,NA
"1085","Sample_1095",1.61326196862591,-0.209588947475129,0,"1085","2","1085",0.0851033580269817,0.125411258414718,-0.124485589448147,1.48877637917776,NA
"1086","Sample_1096",1.61326196862591,-0.0983252463540884,0,"1086","2","1086",0.103531450767297,0.0972979002311195,0.00520620441320896,1.61846817303912,NA
"1087","Sample_1097",1.61326196862591,-0.125018391515245,0,"1087","2","1087",0.310415874772815,0.131795904140789,0.185397483257571,1.79865945188348,NA
"1088","Sample_1098",1.61326196862591,0.196295025977838,0,"1088","2","1088",-0.0329956887597437,0.109626400977682,0.163299337218094,1.776561305844,NA
"1089","Sample_1099",1.61326196862591,0.125194397884171,0,"1089","2","1089",0.201958201991315,0.102534105764073,0.327152599875487,1.94041456850139,NA
"1090","Sample_1100",1.61326196862591,0.307558727098878,0,"1090","2","1090",-0.0145675960194219,0.0815130427940826,0.292991131079456,1.90625309970536,NA
"1091","Sample_1101",1.61326196862591,-0.131382253624342,0,"1091","2","1091",-0.242696639856642,0.105902509948532,-0.374078893480984,1.23918307514492,NA
"1092","Sample_1102",1.61326196862591,0.0139306967631309,0,"1092","2","1092",0.183530109250991,0.130647463947673,0.197460806014122,1.81072277464003,NA
"1093","Sample_1103",1.61326196862591,0.125194397884171,0,"1093","2","1093",0.201958201991315,0.102534105764073,0.327152599875487,1.94041456850139,NA
"1094","Sample_1104",1.61326196862591,-0.282158891606765,0,"1094","2","1094",0.141167567637576,0.150802547927273,-0.140991323969189,1.47227064465672,NA
"1095","Sample_1105",1.61326196862591,0.162552488912487,0,"1095","2","1095",0.0201158654894457,0.142373787729635,0.182668354401932,1.79593032302784,NA
"1096","Sample_1106",1.61326196862591,0.203401091734959,0,"1096","2","1096",-0.125841795892313,0.0830253572978851,0.0775592958426455,1.69082126446855,NA
"1097","Sample_1107",1.61326196862591,-0.202482881718008,0,"1097","2","1097",-0.00774274910558918,0.0988102147349242,-0.210225630823597,1.40303633780231,NA
"1098","Sample_1108",1.61326196862591,-0.178598846044634,0,"1098","2","1098",-0.0166489619644992,0.131110657604416,-0.195247808009134,1.41801416061677,NA
"1099","Sample_1109",1.61326196862591,0.176707946573803,0,"1099","2","1099",0.0810426281131971,0.117523361207558,0.257750574687,1.87101254331291,NA
"1100","Sample_1110",1.61326196862591,0.169770740210974,0,"1100","2","1100",-0.152548419395146,0.13107463014958,0.0172223208158283,1.63048428944174,NA
"1101","Sample_1111",1.61326196862591,-0.116751224367652,0,"1101","2","1101",-0.0472968212573042,0.153608007623386,-0.164048045624956,1.44921392300095,NA
"1102","Sample_1112",1.61326196862591,-0.0938594306904573,0,"1102","2","1102",-0.117773599859566,0.124445528592714,-0.211633030550023,1.40162893807588,NA
"1103","Sample_1113",1.61326196862591,0.280865581937722,0,"1103","2","1103",0.192316827986082,0.116011046703751,0.473182409923804,2.08644437854971,NA
"1104","Sample_1114",1.61326196862591,0.143134268902744,0,"1104","2","1104",-0.192282972278512,0.137220973221746,-0.0491487033757671,1.56411326525014,NA
"1105","Sample_1115",1.61326196862591,-0.235988509076501,0,"1105","2","1105",0.0420288790378451,0.152115780891121,-0.193959630038656,1.41930233858725,NA
"1106","Sample_1116",1.61326196862591,0.196295025977838,0,"1106","2","1106",-0.0329956887597437,0.109626400977682,0.163299337218094,1.776561305844,NA
"1107","Sample_1117",1.61326196862591,0.196295025977838,0,"1107","2","1107",-0.0329956887597437,0.109626400977682,0.163299337218094,1.776561305844,NA
"1108","Sample_1118",1.61326196862591,0.169601880816682,0,"1108","2","1108",0.173888735245762,0.144124404887359,0.343490616062443,1.95675258468835,NA
"1109","Sample_1119",1.61326196862591,0.203401091734959,0,"1109","2","1109",-0.125841795892313,0.0830253572978851,0.0775592958426455,1.69082126446855,NA
"1110","Sample_1120",1.61326196862591,0.203401091734959,0,"1110","2","1110",-0.125841795892313,0.0830253572978851,0.0775592958426455,1.69082126446855,NA
"1111","Sample_1121",1.61326196862591,0.281034441332015,0,"1111","2","1111",-0.134120326654819,0.102961271965978,0.146914114677196,1.7601760833031,NA
"1112","Sample_1122",1.61326196862591,0.169601880816682,0,"1112","2","1112",0.173888735245762,0.144124404887359,0.343490616062443,1.95675258468835,NA
"1113","Sample_1123",1.61326196862591,-0.0673351449235939,0,"1113","2","1113",0.00177913077582782,0.102997299420821,-0.0655560141477661,1.54770595447814,NA
"1114","Sample_1124",1.61326196862591,-0.0525779699717652,0,"1114","2","1114",-0.301405908265329,0.104573337301407,-0.353983878237094,1.25927809038881,NA
"1115","Sample_1125",1.61326196862591,0.0662106946488439,0,"1115","2","1115",0.00526811020688639,0.150766520472455,0.0714788048557303,1.68474077348164,NA
"1116","Sample_1126",1.61326196862591,-0.020118552503301,0,"1116","2","1116",-0.224268547116318,0.077789151764933,-0.244387099619619,1.36887486900629,NA
"1117","Sample_1127",1.61326196862591,-0.234942299186472,0,"1117","2","1117",-0.0848801102545979,0.125594400271394,-0.31982240944107,1.29343955918484,NA
"1118","Sample_1128",1.61326196862591,-0.202482881718008,0,"1118","2","1118",-0.00774274910558918,0.0988102147349242,-0.210225630823597,1.40303633780231,NA
"1119","Sample_1129",1.61326196862591,0.281034441332015,0,"1119","2","1119",-0.134120326654819,0.102961271965978,0.146914114677196,1.7601760833031,NA
"1120","Sample_1130",1.61326196862591,0.203401091734959,0,"1120","2","1120",-0.125841795892313,0.0830253572978851,0.0775592958426455,1.69082126446855,NA
"1121","Sample_1131",1.61326196862591,-0.0537489040272855,0,"1121","2","1121",-0.250975170619145,0.125838424616621,-0.30472407464643,1.30853789397948,NA
"1122","Sample_1132",1.61326196862591,0.176707946573803,0,"1122","2","1122",0.0810426281131971,0.117523361207558,0.257750574687,1.87101254331291,NA
"1123","Sample_1133",1.61326196862591,0.203401091734959,0,"1123","2","1123",-0.125841795892313,0.0830253572978851,0.0775592958426455,1.69082126446855,NA
"1124","Sample_1134",1.61326196862591,-0.0983252463540884,0,"1124","2","1124",0.103531450767297,0.0972979002311195,0.00520620441320896,1.61846817303912,NA
"1125","Sample_1135",1.61326196862591,0.203401091734959,0,"1125","2","1125",-0.125841795892313,0.0830253572978851,0.0775592958426455,1.69082126446855,NA
"1126","Sample_1136",1.61326196862591,0.0575147970937551,0,"1126","2","1126",-0.232547077878834,0.0977250664330256,-0.175032280785079,1.43822968784083,NA
"1127","Sample_1137",1.61326196862591,0.0840390828606184,0,"1127","2","1127",-0.112994347243435,0.0762768372611278,-0.0289552643828161,1.58430670424309,NA
"1128","Sample_1138",1.61326196862591,0.307558727098878,0,"1128","2","1128",-0.0145675960194219,0.0815130427940826,0.292991131079456,1.90625309970536,NA
"1129","Sample_1139",1.61326196862591,0.0985012527230153,0,"1129","2","1129",0.408842625996819,0.137032109673745,0.507343878719835,2.12060584734574,NA
"1130","Sample_1140",1.61326196862591,0.196295025977838,0,"1130","2","1130",-0.0329956887597437,0.109626400977682,0.163299337218094,1.776561305844,NA
"1131","Sample_1141",1.61326196862591,-0.234942299186472,0,"1131","2","1131",-0.0848801102545979,0.125594400271394,-0.31982240944107,1.29343955918484,NA
"1132","Sample_1142",1.61326196862591,0.023772260028404,0,"1132","2","1132",-0.179435523629641,0.130472453184985,-0.155663263601237,1.45759870502467,NA
"1133","Sample_1143",1.61326196862591,-0.212341383109986,0,"1133","2","1133",0.0364625922847208,0.163858044356364,-0.175878790825265,1.43738317780064,NA
"1134","Sample_1144",1.61326196862591,0.0779778054638785,0,"1134","2","1134",0.428005879883476,0.127742253419951,0.505983685347355,2.11924565397326,NA
"1135","Sample_1145",1.61326196862591,0.0139306967631309,0,"1135","2","1135",0.183530109250991,0.130647463947673,0.197460806014122,1.81072277464003,NA
"1136","Sample_1146",1.61326196862591,0.169770740210974,0,"1136","2","1136",-0.152548419395146,0.13107463014958,0.0172223208158283,1.63048428944174,NA
"1137","Sample_1147",1.61326196862591,0.156184499314666,0,"1137","2","1137",0.100205881999841,0.108233504953768,0.256390381314507,1.86965234994041,NA
"1138","Sample_1148",1.61326196862591,-0.0983252463540884,0,"1138","2","1138",0.103531450767297,0.0972979002311195,0.00520620441320896,1.61846817303912,NA
"1139","Sample_1149",1.61326196862591,-0.137443531021081,0,"1139","2","1139",0.298303587270257,0.157367926107355,0.160860056249175,1.77412202487508,NA
"1140","Sample_1150",1.61326196862591,0.307558727098878,0,"1140","2","1140",-0.0145675960194219,0.0815130427940826,0.292991131079456,1.90625309970536,NA
"1141","Sample_1151",1.61326196862591,0.203401091734959,0,"1141","2","1141",-0.125841795892313,0.0830253572978851,0.0775592958426455,1.69082126446855,NA
"1142","Sample_1152",1.61326196862591,0.021036762520252,0,"1142","2","1142",0.0906840021184319,0.10404642026788,0.111720764638684,1.72498273326459,NA
"1143","Sample_1153",1.61326196862591,-0.131382253624342,0,"1143","2","1143",-0.242696639856642,0.105902509948532,-0.374078893480984,1.23918307514492,NA
"1144","Sample_1154",1.61326196862591,0.196295025977838,0,"1144","2","1144",-0.0329956887597437,0.109626400977682,0.163299337218094,1.776561305844,NA
"1145","Sample_1155",1.61326196862591,0.254341296170859,0,"1145","2","1145",0.0727640973506913,0.137459275875648,0.32710539352155,1.94036736214746,NA
"1146","Sample_1156",1.61326196862591,-0.020118552503301,0,"1146","2","1146",-0.224268547116318,0.077789151764933,-0.244387099619619,1.36887486900629,NA
"1147","Sample_1157",1.61326196862591,0.0178371283268032,0,"1147","2","1147",-0.137020154143247,0.135808409549567,-0.119183025816444,1.49407894280946,NA
"1148","Sample_1158",1.61326196862591,-0.133593773310335,0,"1148","2","1148",0.22437230076489,0.190880532546758,0.0907785274545551,1.70404049608046,NA
"1149","Sample_1159",1.61326196862591,0.281034441332015,0,"1149","2","1149",-0.134120326654819,0.102961271965978,0.146914114677196,1.7601760833031,NA
"1150","Sample_1160",1.61326196862591,0.260342134678585,0,"1150","2","1150",0.211480081872726,0.106721190449964,0.471822216551312,2.08508418517722,NA
"1151","Sample_1161",1.61326196862591,0.021036762520252,0,"1151","2","1151",0.0906840021184319,0.10404642026788,0.111720764638684,1.72498273326459,NA
"1152","Sample_1162",1.61326196862591,0.122385288396389,0,"1152","2","1152",0.399936413137918,0.169332552543223,0.522321701534307,2.13558367016021,NA
"1153","Sample_1163",1.61326196862591,-0.249699474138301,0,"1153","2","1153",0.218304928786561,0.124018362390805,-0.03139454535174,1.58186742327417,NA
"1154","Sample_1164",1.61326196862591,0.156184499314666,0,"1154","2","1154",0.100205881999841,0.108233504953768,0.256390381314507,1.86965234994041,NA
"1155","Sample_1165",1.61326196862591,0.130093071444023,0,"1155","2","1155",-0.0570214956595684,0.169157973266124,0.0730715757844541,1.68633354441036,NA
"1156","Sample_1166",1.61326196862591,0.0840390828606184,0,"1156","2","1156",-0.112994347243435,0.0762768372611278,-0.0289552643828161,1.58430670424309,NA
"1157","Sample_1167",1.61326196862591,0.203401091734959,0,"1157","2","1157",-0.125841795892313,0.0830253572978851,0.0775592958426455,1.69082126446855,NA
"1158","Sample_1168",1.61326196862591,-0.0539177634215783,0,"1158","2","1158",0.0754619840217534,0.138888199354405,0.0215442206001751,1.63480618922608,NA
"1159","Sample_1169",1.61326196862591,-0.116920083761945,0,"1159","2","1159",0.279140333383614,0.166657782361143,0.16222024962167,1.77548221824758,NA
"1160","Sample_1170",1.61326196862591,-0.0468116976644572,0,"1160","2","1160",-0.0173841231108059,0.112287155674602,-0.0641958207752631,1.54906614785064,NA
"1161","Sample_1171",1.61326196862591,0.021036762520252,0,"1161","2","1161",0.0906840021184319,0.10404642026788,0.111720764638684,1.72498273326459,NA
"1162","Sample_1172",1.61326196862591,-0.0596840357288863,0,"1162","2","1162",-0.208559801132772,0.131174380981204,-0.268243836861658,1.34501813176425,NA
"1163","Sample_1173",1.61326196862591,0.307558727098878,0,"1163","2","1163",-0.0145675960194219,0.0815130427940826,0.292991131079456,1.90625309970536,NA
"1164","Sample_1174",1.61326196862591,-0.172066124541245,0,"1164","2","1164",0.210026398024066,0.143954277058885,0.0379602734828212,1.65122224210873,NA
"1165","Sample_1175",1.61326196862591,-0.132067783419439,0,"1165","2","1165",0.156643005016494,0.130045286983067,0.0245752215970546,1.63783719022296,NA
"1166","Sample_1176",1.61326196862591,0.0102982046734621,0,"1166","2","1166",-0.00649939998667262,0.122933214088894,0.00379880468678953,1.6170607733127,NA
"1167","Sample_1177",1.61326196862591,-0.283442011203652,0,"1167","2","1167",0.271416483035763,0.156765749142756,-0.0120255281678887,1.60123644045802,NA
"1168","Sample_1178",1.61326196862591,0.0840390828606184,0,"1168","2","1168",-0.112994347243435,0.0762768372611278,-0.0289552643828161,1.58430670424309,NA
"1169","Sample_1179",1.61326196862591,0.065613104847055,0,"1169","2","1169",-0.263822619268035,0.132586944653383,-0.19820951442098,1.41505245420493,NA
"1170","Sample_1180",1.61326196862591,0.0840390828606184,0,"1170","2","1170",-0.112994347243435,0.0762768372611278,-0.0289552643828161,1.58430670424309,NA
"1171","Sample_1181",1.61326196862591,0.203401091734959,0,"1171","2","1171",-0.125841795892313,0.0830253572978851,0.0775592958426455,1.69082126446855,NA
"1172","Sample_1182",1.61326196862591,-0.0272246182604222,0,"1172","2","1172",-0.13142243998376,0.104390195444723,-0.158647058244182,1.45461491038173,NA
"1173","Sample_1183",1.61326196862591,-0.236113233241992,0,"1173","2","1173",-0.0344493726084134,0.146859487586619,-0.270562605850406,1.3426993627755,NA
"1174","Sample_1184",1.61326196862591,-0.0468116976644572,0,"1174","2","1174",-0.0173841231108059,0.112287155674602,-0.0641958207752631,1.54906614785064,NA
"1175","Sample_1185",1.61326196862591,0.176707946573803,0,"1175","2","1175",0.0810426281131971,0.117523361207558,0.257750574687,1.87101254331291,NA
"1176","Sample_1186",1.61326196862591,-0.125018391515245,0,"1176","2","1176",0.310415874772815,0.131795904140789,0.185397483257571,1.79865945188348,NA
"1177","Sample_1187",1.61326196862591,0.125194397884171,0,"1177","2","1177",0.201958201991315,0.102534105764073,0.327152599875487,1.94041456850139,NA
"1178","Sample_1188",1.61326196862591,0.254341296170859,0,"1178","2","1178",0.0727640973506913,0.137459275875648,0.32710539352155,1.94036736214746,NA
"1179","Sample_1189",1.61326196862591,-0.366964013767068,0,"1179","2","1179",0.0611608515241973,0.18286980600009,-0.305803162242871,1.30745880638304,NA
"1180","Sample_1190",1.61326196862591,0.125194397884171,0,"1180","2","1180",0.201958201991315,0.102534105764073,0.327152599875487,1.94041456850139,NA
"1181","Sample_1191",1.61326196862591,0.170941674266495,0,"1181","2","1181",-0.202979157041331,0.109809542834365,-0.0320374827748364,1.58122448585107,NA
"1182","Sample_1192",1.61326196862591,0.176876805968096,0,"1182","2","1182",-0.245394526527705,0.104473586469783,-0.0685177205596092,1.5447442480663,NA
"1183","Sample_1193",1.61326196862591,-0.0466428382701644,0,"1183","2","1183",-0.343821277751721,0.099237380936828,-0.390464116021886,1.22279785260402,NA
"1184","Sample_1194",1.61326196862591,0.021036762520252,0,"1184","2","1184",0.0906840021184319,0.10404642026788,0.111720764638684,1.72498273326459,NA
"1185","Sample_1195",1.61326196862591,-0.020118552503301,0,"1185","2","1185",-0.224268547116318,0.077789151764933,-0.244387099619619,1.36887486900629,NA
"1186","Sample_1196",1.61326196862591,-0.229176026879164,0,"1186","2","1186",0.199141674899919,0.133308218644598,-0.0300343519792454,1.58322761664666,NA
"1187","Sample_1197",1.61326196862591,0.281159165497506,0,"1187","2","1187",-0.0576420750085553,0.108217565270486,0.223517090488951,1.83677905911486,NA
"1188","Sample_1198",1.61326196862591,0.149078433557545,0,"1188","2","1188",0.193051989132411,0.134834548633561,0.342130422689956,1.95539239131586,NA
"1189","Sample_1199",1.61326196862591,0.176876805968096,0,"1189","2","1189",-0.245394526527705,0.104473586469783,-0.0685177205596092,1.5447442480663,NA
"1190","Sample_1200",1.61326196862591,0.260342134678585,0,"1190","2","1190",0.211480081872726,0.106721190449964,0.471822216551312,2.08508418517722,NA
"1191","Sample_1201",1.61326196862591,-0.0185287207053333,0,"1191","2","1191",0.106392748101974,0.157431649484147,0.087864027396641,1.70112599602255,NA
"1192","Sample_1202",1.61326196862591,-0.269855770307343,0,"1192","2","1192",0.0186621816407755,0.179606874338571,-0.251193588666568,1.36206837995934,NA
"1193","Sample_1203",1.61326196862591,-0.209588947475129,0,"1193","2","1193",0.0851033580269817,0.125411258414718,-0.124485589448147,1.48877637917776,NA
"1194","Sample_1204",1.61326196862591,0.176876805968096,0,"1194","2","1194",-0.245394526527705,0.104473586469783,-0.0685177205596092,1.5447442480663,NA
"1195","Sample_1205",1.61326196862591,0.203401091734959,0,"1195","2","1195",-0.125841795892313,0.0830253572978851,0.0775592958426455,1.69082126446855,NA
"1196","Sample_1206",1.61326196862591,0.125194397884171,0,"1196","2","1196",0.201958201991315,0.102534105764073,0.327152599875487,1.94041456850139,NA
"1197","Sample_1207",1.61326196862591,0.125194397884171,0,"1197","2","1197",0.201958201991315,0.102534105764073,0.327152599875487,1.94041456850139,NA
"1198","Sample_1208",1.61326196862591,0.196295025977838,0,"1198","2","1198",-0.0329956887597437,0.109626400977682,0.163299337218094,1.776561305844,NA
"1199","Sample_1209",1.61326196862591,-0.020118552503301,0,"1199","2","1199",-0.224268547116318,0.077789151764933,-0.244387099619619,1.36887486900629,NA
"1200","Sample_1210",1.61326196862591,-0.020118552503301,0,"1200","2","1200",-0.224268547116318,0.077789151764933,-0.244387099619619,1.36887486900629,NA
"1201","Sample_1211",1.61326196862591,-0.178598846044634,0,"1201","2","1201",-0.0166489619644992,0.131110657604416,-0.195247808009134,1.41801416061677,NA
"1202","Sample_1212",1.61326196862591,0.162552488912487,0,"1202","2","1202",0.0201158654894457,0.142373787729635,0.182668354401932,1.79593032302784,NA
"1203","Sample_1213",1.61326196862591,0.021036762520252,0,"1203","2","1203",0.0906840021184319,0.10404642026788,0.111720764638684,1.72498273326459,NA
"1204","Sample_1214",1.61326196862591,-0.0792711151329214,0,"1204","2","1204",-0.0945214842598378,0.13907134121109,-0.173792599392759,1.43946936923315,NA
"1205","Sample_1215",1.61326196862591,-0.205291991205791,0,"1205","2","1205",0.190235462041025,0.165608661514084,-0.0150565291647654,1.59820543946114,NA
"1206","Sample_1216",1.61326196862591,-0.209588947475129,0,"1206","2","1206",0.0851033580269817,0.125411258414718,-0.124485589448147,1.48877637917776,NA
"1207","Sample_1217",1.61326196862591,-0.313746582839048,0,"1207","2","1207",-0.0261708418459169,0.126923572918526,-0.339917424684965,1.27334454394094,NA
"1208","Sample_1218",1.61326196862591,0.176707946573803,0,"1208","2","1208",0.0810426281131971,0.117523361207558,0.257750574687,1.87101254331291,NA
"1209","Sample_1219",1.61326196862591,-0.340270868605912,0,"1209","2","1209",-0.145723572481311,0.148371802090423,-0.485994441087223,1.12726752753869,NA
"1210","Sample_1220",1.61326196862591,-0.340439728000205,0,"1210","2","1210",0.18071358215961,0.161421576828192,-0.159726145840595,1.45353582278531,NA
"1211","Sample_1221",1.61326196862591,-0.236225418783359,0,"1211","2","1211",0.0453688051436115,0.131557601486883,-0.190856613639747,1.42240535498616,NA
"1212","Sample_1222",1.61326196862591,-0.262806378403149,0,"1212","2","1212",0.172435051397075,0.181357491496296,-0.090371327006074,1.52289064161983,NA
"1213","Sample_1223",1.61326196862591,0.0449207981936254,0,"1213","2","1213",0.081777789259528,0.136346863137367,0.126698587453153,1.73996055607906,NA
"1214","Sample_1224",1.61326196862591,0.0182276530324693,0,"1214","2","1214",0.288662213265038,0.170844867047043,0.306889866297508,1.92015183492342,NA
"1215","Sample_1225",1.61326196862591,-0.313746582839048,0,"1215","2","1215",-0.0261708418459169,0.126923572918526,-0.339917424684965,1.27334454394094,NA
"1216","Sample_1226",1.61326196862591,0.0654442454527622,0,"1216","2","1216",0.0626145353728783,0.145636719391158,0.12805878082564,1.74132074945155,NA
"1217","Sample_1227",1.61326196862591,0.0840390828606184,0,"1217","2","1217",-0.112994347243435,0.0762768372611278,-0.0289552643828161,1.58430670424309,NA
"1218","Sample_1228",1.61326196862591,-0.0466428382701644,0,"1218","2","1218",-0.343821277751721,0.099237380936828,-0.390464116021886,1.22279785260402,NA
"1219","Sample_1229",1.61326196862591,0.170941674266495,0,"1219","2","1219",-0.202979157041331,0.109809542834365,-0.0320374827748364,1.58122448585107,NA
"1220","Sample_1230",1.61326196862591,0.156184499314666,0,"1220","2","1220",0.100205881999841,0.108233504953768,0.256390381314507,1.86965234994041,NA
"1221","Sample_1231",1.61326196862591,-0.0468116976644572,0,"1221","2","1221",-0.0173841231108059,0.112287155674602,-0.0641958207752631,1.54906614785064,NA
"1222","Sample_1232",1.61326196862591,-0.165124790689693,0,"1222","2","1222",-0.18958508560746,0.138649896700491,-0.354709876297153,1.25855209232875,NA
"1223","Sample_1233",1.61326196862591,0.123725081846202,0,"1223","2","1223",0.0230685208508274,0.13501769049024,0.146793602697029,1.76005557132294,NA
"1224","Sample_1234",1.61326196862591,0.307558727098878,0,"1224","2","1224",-0.0145675960194219,0.0815130427940826,0.292991131079456,1.90625309970536,NA
"1225","Sample_1235",1.61326196862591,0.196295025977838,0,"1225","2","1225",-0.0329956887597437,0.109626400977682,0.163299337218094,1.776561305844,NA
"1226","Sample_1236",1.61326196862591,0.260342134678585,0,"1226","2","1226",0.211480081872726,0.106721190449964,0.471822216551312,2.08508418517722,NA
"1227","Sample_1237",1.61326196862591,0.156184499314666,0,"1227","2","1227",0.100205881999841,0.108233504953768,0.256390381314507,1.86965234994041,NA
"1228","Sample_1238",1.61326196862591,-0.0468116976644572,0,"1228","2","1228",-0.0173841231108059,0.112287155674602,-0.0641958207752631,1.54906614785064,NA
"1229","Sample_1239",1.61326196862591,-0.0876603004869293,0,"1229","2","1229",0.128573538270956,0.171635586106359,0.0409132377840263,1.65417520640993,NA
"1230","Sample_1240",1.61326196862591,-0.276392619299457,0,"1230","2","1230",0.425189352792076,0.15851636630048,0.148796733492619,1.76205870211853,NA
"1231","Sample_1241",1.61326196862591,0.260342134678585,0,"1231","2","1231",0.211480081872726,0.106721190449964,0.471822216551312,2.08508418517722,NA
"1232","Sample_1242",1.61326196862591,-0.0983252463540884,0,"1232","2","1232",0.103531450767297,0.0972979002311195,0.00520620441320896,1.61846817303912,NA
"1233","Sample_1243",1.61326196862591,-0.0983252463540884,0,"1233","2","1233",0.103531450767297,0.0972979002311195,0.00520620441320896,1.61846817303912,NA
"1234","Sample_1244",1.61326196862591,-0.24333148454048,0,"1234","2","1234",0.138214912276175,0.158158645166675,-0.105116572264305,1.5081453963616,NA
"1235","Sample_1245",1.61326196862591,-0.202482881718008,0,"1235","2","1235",-0.00774274910558918,0.0988102147349242,-0.210225630823597,1.40303633780231,NA
"1236","Sample_1246",1.61326196862591,-0.020118552503301,0,"1236","2","1236",-0.224268547116318,0.077789151764933,-0.244387099619619,1.36887486900629,NA
"1237","Sample_1247",1.61326196862591,0.0139306967631309,0,"1237","2","1237",0.183530109250991,0.130647463947673,0.197460806014122,1.81072277464003,NA
"1238","Sample_1248",1.61326196862591,-0.202482881718008,0,"1238","2","1238",-0.00774274910558918,0.0988102147349242,-0.210225630823597,1.40303633780231,NA
"1239","Sample_1249",1.61326196862591,0.0921373906139183,0,"1239","2","1239",-0.144269888632639,0.111138715481489,-0.0521324980187203,1.56112947060719,NA
"1240","Sample_1250",1.61326196862591,-0.0272246182604222,0,"1240","2","1240",-0.13142243998376,0.104390195444723,-0.158647058244182,1.45461491038173,NA
"1241","Sample_1251",1.61326196862591,0.176707946573803,0,"1241","2","1241",0.0810426281131971,0.117523361207558,0.257750574687,1.87101254331291,NA
"1242","Sample_1252",1.61326196862591,0.203401091734959,0,"1242","2","1242",-0.125841795892313,0.0830253572978851,0.0775592958426455,1.69082126446855,NA
"1243","Sample_1253",1.61326196862591,0.021036762520252,0,"1243","2","1243",0.0906840021184319,0.10404642026788,0.111720764638684,1.72498273326459,NA
"1244","Sample_1254",1.61326196862591,0.125194397884171,0,"1244","2","1244",0.201958201991315,0.102534105764073,0.327152599875487,1.94041456850139,NA
"1245","Sample_1255",1.61326196862591,-0.158592069186303,0,"1245","2","1245",0.0370902743811123,0.151493516154968,-0.12150179480519,1.49176017382072,NA
"1246","Sample_1256",1.61326196862591,0.307558727098878,0,"1246","2","1246",-0.0145675960194219,0.0815130427940826,0.292991131079456,1.90625309970536,NA
"1247","Sample_1257",1.61326196862591,0.0502965457952674,0,"1247","2","1247",-0.0598827929942456,0.109024224013091,-0.00958624719897824,1.60367572142693,NA
"1248","Sample_1258",1.61326196862591,0.0318705677817039,0,"1248","2","1248",-0.210711065018835,0.165334331405334,-0.178840497237131,1.43442147138878,NA
"1249","Sample_1259",1.61326196862591,0.307558727098878,0,"1249","2","1249",-0.0145675960194219,0.0815130427940826,0.292991131079456,1.90625309970536,NA
"1250","Sample_1260",1.61326196862591,-0.172066124541245,0,"1250","2","1250",0.210026398024066,0.143954277058885,0.0379602734828212,1.65122224210873,NA
"1251","Sample_1261",1.61326196862591,-0.125018391515245,0,"1251","2","1251",0.310415874772815,0.131795904140789,0.185397483257571,1.79865945188348,NA
"1252","Sample_1262",1.61326196862591,0.125194397884171,0,"1252","2","1252",0.201958201991315,0.102534105764073,0.327152599875487,1.94041456850139,NA
"1253","Sample_1263",1.61326196862591,0.176876805968096,0,"1253","2","1253",-0.245394526527705,0.104473586469783,-0.0685177205596092,1.5447442480663,NA
"1254","Sample_1264",1.61326196862591,0.169770740210974,0,"1254","2","1254",-0.152548419395146,0.13107463014958,0.0172223208158283,1.63048428944174,NA
"1255","Sample_1265",1.61326196862591,-0.020118552503301,0,"1255","2","1255",-0.224268547116318,0.077789151764933,-0.244387099619619,1.36887486900629,NA
"1256","Sample_1266",1.61326196862591,0.260342134678585,0,"1256","2","1256",0.211480081872726,0.106721190449964,0.471822216551312,2.08508418517722,NA
"1257","Sample_1267",1.61326196862591,0.0515796653921542,0,"1257","2","1257",-0.190131708392453,0.103061022797609,-0.138552043000299,1.47470992562561,NA
"1258","Sample_1268",1.61326196862591,-0.0272246182604222,0,"1258","2","1258",-0.13142243998376,0.104390195444723,-0.158647058244182,1.45461491038173,NA
"1259","Sample_1269",1.61326196862591,0.248444546340043,0,"1259","2","1259",-0.193254743274328,0.133755259013363,0.0551898030657152,1.66845177169162,NA
"1260","Sample_1270",1.61326196862591,0.0449207981936254,0,"1260","2","1260",0.081777789259528,0.136346863137367,0.126698587453153,1.73996055607906,NA
"1261","Sample_1271",1.61326196862591,0.0840390828606184,0,"1261","2","1261",-0.112994347243435,0.0762768372611278,-0.0289552643828161,1.58430670424309,NA
"1262","Sample_1272",1.61326196862591,-0.00565638264090413,0,"1262","2","1262",0.29756842612393,0.138544424177553,0.291912043483026,1.90517401210893,NA
"1263","Sample_1273",1.61326196862591,0.0573459376994623,0,"1263","2","1263",0.0938900767620725,0.110774841170802,0.151236014461535,1.76449798308744,NA
"1264","Sample_1274",1.61326196862591,0.125194397884171,0,"1264","2","1264",0.201958201991315,0.102534105764073,0.327152599875487,1.94041456850139,NA
"1265","Sample_1275",1.61326196862591,-0.157906539391205,0,"1265","2","1265",-0.362249370492055,0.127350739120431,-0.52015590988326,1.09310605874265,NA
"1266","Sample_1276",1.61326196862591,-0.0527084474952732,0,"1266","2","1266",-0.283402963735827,0.108583138812318,-0.3361114112311,1.27715055739481,NA
"1267","Sample_1277",1.61326196862591,0.0840390828606184,0,"1267","2","1267",-0.112994347243435,0.0762768372611278,-0.0289552643828161,1.58430670424309,NA
"1268","Sample_1278",1.61326196862591,0.203401091734959,0,"1268","2","1268",-0.125841795892313,0.0830253572978851,0.0775592958426455,1.69082126446855,NA
"1269","Sample_1279",1.61326196862591,-0.145541838774381,0,"1269","2","1269",0.329579128659456,0.122506047886991,0.184037289885075,1.79729925851098,NA
"1270","Sample_1280",1.61326196862591,0.0139306967631309,0,"1270","2","1270",0.183530109250991,0.130647463947673,0.197460806014122,1.81072277464003,NA
"1271","Sample_1281",1.61326196862591,0.0921373906139183,0,"1271","2","1271",-0.144269888632639,0.111138715481489,-0.0521324980187203,1.56112947060719,NA
"1272","Sample_1282",1.61326196862591,-0.0673351449235939,0,"1272","2","1272",0.00177913077582782,0.102997299420821,-0.0655560141477661,1.54770595447814,NA
"1273","Sample_1283",1.61326196862591,-0.313746582839048,0,"1273","2","1273",-0.0261708418459169,0.126923572918526,-0.339917424684965,1.27334454394094,NA
"1274","Sample_1284",1.61326196862591,0.196295025977838,0,"1274","2","1274",-0.0329956887597437,0.109626400977682,0.163299337218094,1.776561305844,NA
"1275","Sample_1285",1.61326196862591,0.0368224904403255,0,"1275","2","1275",0.113053330648722,0.101484984917003,0.149875821089047,1.76313778971495,NA
"1276","Sample_1286",1.61326196862591,0.307558727098878,0,"1276","2","1276",-0.0145675960194219,0.0815130427940826,0.292991131079456,1.90625309970536,NA
"1277","Sample_1287",1.61326196862591,-0.107031105672687,0,"1277","2","1277",0.0354908212888996,0.16039233014798,-0.0715402843837876,1.54172168424212,NA
"1278","Sample_1288",1.61326196862591,0.125194397884171,0,"1278","2","1278",0.201958201991315,0.102534105764073,0.327152599875487,1.94041456850139,NA
"1279","Sample_1289",1.61326196862591,-0.202482881718008,0,"1279","2","1279",-0.00774274910558918,0.0988102147349242,-0.210225630823597,1.40303633780231,NA
"1280","Sample_1290",1.61326196862591,-0.149210641836116,0,"1280","2","1280",-0.124434182406319,0.180392193159862,-0.273644824242435,1.33961714438347,NA
"1281","Sample_1291",1.61326196862591,-0.124849532120952,0,"1281","2","1281",-0.0160212798680964,0.118746129403016,-0.140870811989048,1.47239115663686,NA
"1282","Sample_1292",1.61326196862591,-0.165124790689693,0,"1282","2","1282",-0.18958508560746,0.138649896700491,-0.354709876297153,1.25855209232875,NA
"1283","Sample_1293",1.61326196862591,-0.313746582839048,0,"1283","2","1283",-0.0261708418459169,0.126923572918526,-0.339917424684965,1.27334454394094,NA
"1284","Sample_1294",1.61326196862591,0.065613104847055,0,"1284","2","1284",-0.263822619268035,0.132586944653383,-0.19820951442098,1.41505245420493,NA
"1285","Sample_1295",1.61326196862591,0.176876805968096,0,"1285","2","1285",-0.245394526527705,0.104473586469783,-0.0685177205596092,1.5447442480663,NA
"1286","Sample_1296",1.61326196862591,-0.0261798299000409,0,"1286","2","1286",0.316731680010574,0.129254567923758,0.290551850110533,1.90381381873644,NA
"1287","Sample_1297",1.61326196862591,-0.020118552503301,0,"1287","2","1287",-0.224268547116318,0.077789151764933,-0.244387099619619,1.36887486900629,NA
"1288","Sample_1298",1.61326196862591,-0.0539177634215783,0,"1288","2","1288",0.0754619840217534,0.138888199354405,0.0215442206001751,1.63480618922608,NA
"1289","Sample_1299",1.61326196862591,0.0368224904403255,0,"1289","2","1289",0.113053330648722,0.101484984917003,0.149875821089047,1.76313778971495,NA
"1290","Sample_1300",1.61326196862591,-0.229176026879164,0,"1290","2","1290",0.199141674899919,0.133308218644598,-0.0300343519792454,1.58322761664666,NA
"1291","Sample_1301",1.61326196862591,-0.0537489040272855,0,"1291","2","1291",-0.250975170619145,0.125838424616621,-0.30472407464643,1.30853789397948,NA
"1292","Sample_1302",1.61326196862591,0.281034441332015,0,"1292","2","1292",-0.134120326654819,0.102961271965978,0.146914114677196,1.7601760833031,NA
"1293","Sample_1303",1.61326196862591,0.0840390828606184,0,"1293","2","1293",-0.112994347243435,0.0762768372611278,-0.0289552643828161,1.58430670424309,NA
"1294","Sample_1304",1.61326196862591,0.125194397884171,0,"1294","2","1294",0.201958201991315,0.102534105764073,0.327152599875487,1.94041456850139,NA
"1295","Sample_1305",1.61326196862591,-0.131382253624342,0,"1295","2","1295",-0.242696639856642,0.105902509948532,-0.374078893480984,1.23918307514492,NA
"1296","Sample_1306",1.61326196862591,-0.229007167484871,0,"1296","2","1296",-0.127295479740985,0.120258443906821,-0.356302647225856,1.25695932140005,NA
"1297","Sample_1307",1.61326196862591,-0.0468116976644572,0,"1297","2","1297",-0.0173841231108059,0.112287155674602,-0.0641958207752631,1.54906614785064,NA
"1298","Sample_1308",1.61326196862591,0.176707946573803,0,"1298","2","1298",0.0810426281131971,0.117523361207558,0.257750574687,1.87101254331291,NA
"1299","Sample_1309",1.61326196862591,-0.020118552503301,0,"1299","2","1299",-0.224268547116318,0.077789151764933,-0.244387099619619,1.36887486900629,NA
"1300","Sample_1310",1.61326196862591,0.12949135415351,0,"1300","2","1300",0.307090306005353,0.142731508863443,0.436581660158863,2.04984362878477,NA
"1301","Sample_1311",1.61326196862591,-0.229007167484871,0,"1301","2","1301",-0.127295479740985,0.120258443906821,-0.356302647225856,1.25695932140005,NA
"1302","Sample_1312",1.61326196862591,-0.020118552503301,0,"1302","2","1302",-0.224268547116318,0.077789151764933,-0.244387099619619,1.36887486900629,NA
"1303","Sample_1313",1.61326196862591,0.196295025977838,0,"1303","2","1303",-0.0329956887597437,0.109626400977682,0.163299337218094,1.776561305844,NA
"1304","Sample_1314",1.61326196862591,-0.131382253624342,0,"1304","2","1304",-0.242696639856642,0.105902509948532,-0.374078893480984,1.23918307514492,NA
"1305","Sample_1315",1.61326196862591,-0.100965496447578,0,"1305","2","1305",-0.0249274927269994,0.151046572272506,-0.125892989174578,1.48736897945133,NA
"1306","Sample_1316",1.61326196862591,0.0840390828606184,0,"1306","2","1306",-0.112994347243435,0.0762768372611278,-0.0289552643828161,1.58430670424309,NA
"1307","Sample_1317",1.61326196862591,0.0515796653921542,0,"1307","2","1307",-0.190131708392453,0.103061022797609,-0.138552043000299,1.47470992562561,NA
"1308","Sample_1318",1.61326196862591,0.0502965457952674,0,"1308","2","1308",-0.0598827929942456,0.109024224013091,-0.00958624719897824,1.60367572142693,NA
"1309","Sample_1319",1.61326196862591,-0.116751224367652,0,"1309","2","1309",-0.0472968212573042,0.153608007623386,-0.164048045624956,1.44921392300095,NA
"1310","Sample_1320",1.61326196862591,-0.0983252463540884,0,"1310","2","1310",0.103531450767297,0.0972979002311195,0.00520620441320896,1.61846817303912,NA
"1311","Sample_1321",1.61326196862591,0.0139306967631309,0,"1311","2","1311",0.183530109250991,0.130647463947673,0.197460806014122,1.81072277464003,NA
"1312","Sample_1322",1.61326196862591,-0.0466428382701644,0,"1312","2","1312",-0.343821277751721,0.099237380936828,-0.390464116021886,1.22279785260402,NA
"1313","Sample_1323",1.61326196862591,0.021036762520252,0,"1313","2","1313",0.0906840021184319,0.10404642026788,0.111720764638684,1.72498273326459,NA
"1314","Sample_1324",1.61326196862591,-0.0272246182604222,0,"1314","2","1314",-0.13142243998376,0.104390195444723,-0.158647058244182,1.45461491038173,NA
"1315","Sample_1325",1.61326196862591,0.307558727098878,0,"1315","2","1315",-0.0145675960194219,0.0815130427940826,0.292991131079456,1.90625309970536,NA
"1316","Sample_1326",1.61326196862591,0.203401091734959,0,"1316","2","1316",-0.125841795892313,0.0830253572978851,0.0775592958426455,1.69082126446855,NA
"1317","Sample_1327",1.61326196862591,0.0921373906139183,0,"1317","2","1317",-0.144269888632639,0.111138715481489,-0.0521324980187203,1.56112947060719,NA
"1318","Sample_1328",1.61326196862591,-0.202482881718008,0,"1318","2","1318",-0.00774274910558918,0.0988102147349242,-0.210225630823597,1.40303633780231,NA
"1319","Sample_1329",1.61326196862591,0.203401091734959,0,"1319","2","1319",-0.125841795892313,0.0830253572978851,0.0775592958426455,1.69082126446855,NA
"1320","Sample_1330",1.61326196862591,0.0449207981936254,0,"1320","2","1320",0.081777789259528,0.136346863137367,0.126698587453153,1.73996055607906,NA
"1321","Sample_1331",1.61326196862591,-0.209588947475129,0,"1321","2","1321",0.0851033580269817,0.125411258414718,-0.124485589448147,1.48877637917776,NA
"1322","Sample_1332",1.61326196862591,0.280865581937722,0,"1322","2","1322",0.192316827986082,0.116011046703751,0.473182409923804,2.08644437854971,NA
"1323","Sample_1333",1.61326196862591,0.0139306967631309,0,"1323","2","1323",0.183530109250991,0.130647463947673,0.197460806014122,1.81072277464003,NA
"1324","Sample_1334",1.61326196862591,0.0449207981936254,0,"1324","2","1324",0.081777789259528,0.136346863137367,0.126698587453153,1.73996055607906,NA
"1325","Sample_1335",1.61326196862591,0.149078433557545,0,"1325","2","1325",0.193051989132411,0.134834548633561,0.342130422689956,1.95539239131586,NA
"1326","Sample_1336",1.61326196862591,0.203401091734959,0,"1326","2","1326",-0.125841795892313,0.0830253572978851,0.0775592958426455,1.69082126446855,NA
"1327","Sample_1337",1.61326196862591,0.0308216519325989,0,"1327","2","1327",-0.0256626538733178,0.132223070342691,0.00515899805928112,1.61842096668519,NA
"1328","Sample_1338",1.61326196862591,0.0840390828606184,0,"1328","2","1328",-0.112994347243435,0.0762768372611278,-0.0289552643828161,1.58430670424309,NA
"1329","Sample_1339",1.61326196862591,0.0654442454527622,0,"1329","2","1329",0.0626145353728783,0.145636719391158,0.12805878082564,1.74132074945155,NA
"1330","Sample_1340",1.61326196862591,0.137199137201144,0,"1330","2","1330",-0.149867602792136,0.142556929586314,-0.0126684655909926,1.60059350303492,NA
"1331","Sample_1341",1.61326196862591,0.163835608509374,0,"1331","2","1331",-0.110133049908755,0.136410586514154,0.053702558600619,1.66696452722653,NA
"1332","Sample_1342",1.61326196862591,0.125194397884171,0,"1332","2","1332",0.201958201991315,0.102534105764073,0.327152599875487,1.94041456850139,NA
"1333","Sample_1343",1.61326196862591,-0.346206000307513,0,"1333","2","1333",-0.103308202994908,0.153707758454981,-0.449514203302421,1.16374776532349,NA
"1334","Sample_1344",1.61326196862591,-0.0983252463540884,0,"1334","2","1334",0.103531450767297,0.0972979002311195,0.00520620441320896,1.61846817303912,NA
"1335","Sample_1345",1.61326196862591,-0.255700312646027,0,"1335","2","1335",0.079588944264528,0.154756447816484,-0.176111368381499,1.43715060024441,NA
"1336","Sample_1346",1.61326196862591,-0.131382253624342,0,"1336","2","1336",-0.242696639856642,0.105902509948532,-0.374078893480984,1.23918307514492,NA
"1337","Sample_1347",1.61326196862591,0.0368224904403255,0,"1337","2","1337",0.113053330648722,0.101484984917003,0.149875821089047,1.76313778971495,NA
"1338","Sample_1348",1.61326196862591,-0.0198118403022202,0,"1338","2","1338",0.236641663500182,0.16339485069965,0.216829823197962,1.83009179182387,NA
"1339","Sample_1349",1.61326196862591,0.169601880816682,0,"1339","2","1339",0.173888735245762,0.144124404887359,0.343490616062443,1.95675258468835,NA
"1340","Sample_1350",1.61326196862591,-0.0983252463540884,0,"1340","2","1340",0.103531450767297,0.0972979002311195,0.00520620441320896,1.61846817303912,NA
"1341","Sample_1351",1.61326196862591,0.162552488912487,0,"1341","2","1341",0.0201158654894457,0.142373787729635,0.182668354401932,1.79593032302784,NA
"1342","Sample_1352",1.61326196862591,-0.202482881718008,0,"1342","2","1342",-0.00774274910558918,0.0988102147349242,-0.210225630823597,1.40303633780231,NA
"1343","Sample_1353",1.61326196862591,0.12949135415351,0,"1343","2","1343",0.307090306005353,0.142731508863443,0.436581660158863,2.04984362878477,NA
"1344","Sample_1354",1.61326196862591,-0.283498685056578,0,"1344","2","1344",0.518035459924655,0.185117409980264,0.234536774868077,1.84779874349398,NA
"1345","Sample_1355",1.61326196862591,0.281034441332015,0,"1345","2","1345",-0.134120326654819,0.102961271965978,0.146914114677196,1.7601760833031,NA
"1346","Sample_1356",1.61326196862591,-0.132067783419439,0,"1346","2","1346",0.156643005016494,0.130045286983067,0.0245752215970546,1.63783719022296,NA
"1347","Sample_1357",1.61326196862591,-0.016394940487694,0,"1347","2","1347",0.200385024018835,0.157431217998578,0.183990083531141,1.79725205215705,NA
"1348","Sample_1358",1.61326196862591,0.0840390828606184,0,"1348","2","1348",-0.112994347243435,0.0762768372611278,-0.0289552643828161,1.58430670424309,NA
"1349","Sample_1359",1.61326196862591,-0.0468116976644572,0,"1349","2","1349",-0.0173841231108059,0.112287155674602,-0.0641958207752631,1.54906614785064,NA
"1350","Sample_1360",1.61326196862591,0.203401091734959,0,"1350","2","1350",-0.125841795892313,0.0830253572978851,0.0775592958426455,1.69082126446855,NA
"1351","Sample_1361",1.61326196862591,-0.105795400899785,0,"1351","2","1351",-0.214074214895224,0.160519570382979,-0.319869615795009,1.2933923528309,NA
"1352","Sample_1362",1.61326196862591,-0.130784663822553,0,"1352","2","1352",0.0263940896182917,0.124082085767596,-0.104390574204261,1.50887139442165,NA
"1353","Sample_1363",1.61326196862591,0.0921373906139183,0,"1353","2","1353",-0.144269888632639,0.111138715481489,-0.0521324980187203,1.56112947060719,NA
"1354","Sample_1364",1.61326196862591,0.0139306967631309,0,"1354","2","1354",0.183530109250991,0.130647463947673,0.197460806014122,1.81072277464003,NA
"1355","Sample_1365",1.61326196862591,0.065613104847055,0,"1355","2","1355",-0.263822619268035,0.132586944653383,-0.19820951442098,1.41505245420493,NA
"1356","Sample_1366",1.61326196862591,-0.157906539391205,0,"1356","2","1356",-0.362249370492055,0.127350739120431,-0.52015590988326,1.09310605874265,NA
"1357","Sample_1367",1.61326196862591,-0.158075398785498,0,"1357","2","1357",-0.035812215851131,0.140400513858205,-0.193887614636629,1.41937435398928,NA
"1358","Sample_1368",1.61326196862591,-0.256805539895422,0,"1358","2","1358",0.311151035919137,0.150619406070602,0.0543454960237149,1.66760746464962,NA
"1359","Sample_1369",1.61326196862591,-0.0539177634215783,0,"1359","2","1359",0.0754619840217534,0.138888199354405,0.0215442206001751,1.63480618922608,NA
"1360","Sample_1370",1.61326196862591,-0.074441210680715,0,"1360","2","1360",0.0946252379084117,0.129598343100607,0.0201840272276966,1.6334459958536,NA
"1361","Sample_1371",1.61326196862591,0.0368224904403255,0,"1361","2","1361",0.113053330648722,0.101484984917003,0.149875821089047,1.76313778971495,NA
"1362","Sample_1372",1.61326196862591,-0.315789243130749,0,"1362","2","1362",0.11446094413472,0.198851820778983,-0.20132829899603,1.41193366962988,NA
"1363","Sample_1373",1.61326196862591,0.0840390828606184,0,"1363","2","1363",-0.112994347243435,0.0762768372611278,-0.0289552643828161,1.58430670424309,NA
"1364","Sample_1374",1.61326196862591,0.307558727098878,0,"1364","2","1364",-0.0145675960194219,0.0815130427940826,0.292991131079456,1.90625309970536,NA
"1365","Sample_1375",1.61326196862591,0.125194397884171,0,"1365","2","1365",0.201958201991315,0.102534105764073,0.327152599875487,1.94041456850139,NA
"1366","Sample_1376",1.61326196862591,-0.163967816787945,0,"1366","2","1366",0.178750856634861,0.178816155279259,0.0147830398469158,1.62804500847282,NA
"1367","Sample_1377",1.61326196862591,-0.229007167484871,0,"1367","2","1367",-0.127295479740985,0.120258443906821,-0.356302647225856,1.25695932140005,NA
"1368","Sample_1378",1.61326196862591,-0.366964013767068,0,"1368","2","1368",0.0611608515241973,0.18286980600009,-0.305803162242871,1.30745880638304,NA
"1369","Sample_1379",1.61326196862591,-0.127770827150101,0,"1369","2","1369",0.261775109030543,0.170242690082431,0.134004281880442,1.74726625050635,NA
"1370","Sample_1380",1.61326196862591,0.307558727098878,0,"1370","2","1370",-0.0145675960194219,0.0815130427940826,0.292991131079456,1.90625309970536,NA
"1371","Sample_1381",1.61326196862591,-0.0983252463540884,0,"1371","2","1371",0.103531450767297,0.0972979002311195,0.00520620441320896,1.61846817303912,NA
"1372","Sample_1382",1.61326196862591,0.169770740210974,0,"1372","2","1372",-0.152548419395146,0.13107463014958,0.0172223208158283,1.63048428944174,NA
"1373","Sample_1383",1.61326196862591,-0.0378222165495842,0,"1373","2","1373",-0.0295278380197224,0.157535128280761,-0.0673500545693066,1.5459119140566,NA
"1374","Sample_1384",1.61326196862591,-0.116751224367652,0,"1374","2","1374",-0.0472968212573042,0.153608007623386,-0.164048045624956,1.44921392300095,NA
"1375","Sample_1385",1.61326196862591,-0.00548752324661133,0,"1375","2","1375",-0.028868728516971,0.125494649439773,-0.0343562517635823,1.57890571686233,NA
"1376","Sample_1386",1.61326196862591,0.307558727098878,0,"1376","2","1376",-0.0145675960194219,0.0815130427940826,0.292991131079456,1.90625309970536,NA
"1377","Sample_1387",1.61326196862591,0.196295025977838,0,"1377","2","1377",-0.0329956887597437,0.109626400977682,0.163299337218094,1.776561305844,NA
"1378","Sample_1388",1.61326196862591,-0.137443531021081,0,"1378","2","1378",0.298303587270257,0.157367926107355,0.160860056249175,1.77412202487508,NA
"1379","Sample_1389",1.61326196862591,-0.202482881718008,0,"1379","2","1379",-0.00774274910558918,0.0988102147349242,-0.210225630823597,1.40303633780231,NA
"1380","Sample_1390",1.61326196862591,-0.340439728000205,0,"1380","2","1380",0.18071358215961,0.161421576828192,-0.159726145840595,1.45353582278531,NA
"1381","Sample_1391",1.61326196862591,-0.0125935890037325,0,"1381","2","1381",0.0639773786156015,0.152095693119564,0.051383789611869,1.66464575823778,NA
"1382","Sample_1392",1.61326196862591,0.203401091734959,0,"1382","2","1382",-0.125841795892313,0.0830253572978851,0.0775592958426455,1.69082126446855,NA
"1383","Sample_1393",1.61326196862591,-0.0450530064721966,0,"1383","2","1383",-0.0131599825334344,0.178879878656054,-0.058212989005631,1.55504897962028,NA
"1384","Sample_1394",1.61326196862591,-0.0125935890037325,0,"1384","2","1384",0.0639773786156015,0.152095693119564,0.051383789611869,1.66464575823778,NA
"1385","Sample_1395",1.61326196862591,0.176707946573803,0,"1385","2","1385",0.0810426281131971,0.117523361207558,0.257750574687,1.87101254331291,NA
"1386","Sample_1396",1.61326196862591,-0.020118552503301,0,"1386","2","1386",-0.224268547116318,0.077789151764933,-0.244387099619619,1.36887486900629,NA
"1387","Sample_1397",1.61326196862591,-0.0940282900847501,0,"1387","2","1387",0.208663554781352,0.137495303330476,0.114635264696602,1.72789723332251,NA
"1388","Sample_1398",1.61326196862591,0.0575147970937551,0,"1388","2","1388",-0.232547077878834,0.0977250664330256,-0.175032280785079,1.43822968784083,NA
"1389","Sample_1399",1.61326196862591,-0.0468116976644572,0,"1389","2","1389",-0.0173841231108059,0.112287155674602,-0.0641958207752631,1.54906614785064,NA
"1390","Sample_1400",1.61326196862591,-0.137443531021081,0,"1390","2","1390",0.298303587270257,0.157367926107355,0.160860056249175,1.77412202487508,NA
"1391","Sample_1401",1.61326196862591,0.203401091734959,0,"1391","2","1391",-0.125841795892313,0.0830253572978851,0.0775592958426455,1.69082126446855,NA
"1392","Sample_1402",1.61326196862591,-0.020118552503301,0,"1392","2","1392",-0.224268547116318,0.077789151764933,-0.244387099619619,1.36887486900629,NA
"1393","Sample_1403",1.61326196862591,0.203401091734959,0,"1393","2","1393",-0.125841795892313,0.0830253572978851,0.0775592958426455,1.69082126446855,NA
"1394","Sample_1404",1.61326196862591,-0.178598846044634,0,"1394","2","1394",-0.0166489619644992,0.131110657604416,-0.195247808009134,1.41801416061677,NA
"1395","Sample_1405",1.61326196862591,-0.124849532120952,0,"1395","2","1395",-0.0160212798680964,0.118746129403016,-0.140870811989048,1.47239115663686,NA
"1396","Sample_1406",1.61326196862591,0.176876805968096,0,"1396","2","1396",-0.245394526527705,0.104473586469783,-0.0685177205596092,1.5447442480663,NA
"1397","Sample_1407",1.61326196862591,0.125194397884171,0,"1397","2","1397",0.201958201991315,0.102534105764073,0.327152599875487,1.94041456850139,NA
"1398","Sample_1408",1.61326196862591,-0.0272246182604222,0,"1398","2","1398",-0.13142243998376,0.104390195444723,-0.158647058244182,1.45461491038173,NA
"1399","Sample_1409",1.61326196862591,0.125194397884171,0,"1399","2","1399",0.201958201991315,0.102534105764073,0.327152599875487,1.94041456850139,NA
"1400","Sample_1410",1.61326196862591,-0.229176026879164,0,"1400","2","1400",0.199141674899919,0.133308218644598,-0.0300343519792454,1.58322761664666,NA
"1401","Sample_1411",1.61326196862591,-0.131382253624342,0,"1401","2","1401",-0.242696639856642,0.105902509948532,-0.374078893480984,1.23918307514492,NA
"1402","Sample_1412",1.61326196862591,0.0779778054638785,0,"1402","2","1402",0.428005879883476,0.127742253419951,0.505983685347355,2.11924565397326,NA
"1403","Sample_1413",1.61326196862591,-0.020118552503301,0,"1403","2","1403",-0.224268547116318,0.077789151764933,-0.244387099619619,1.36887486900629,NA
"1404","Sample_1414",1.61326196862591,0.169770740210974,0,"1404","2","1404",-0.152548419395146,0.13107463014958,0.0172223208158283,1.63048428944174,NA
"1405","Sample_1415",1.61326196862591,-0.269731046141852,0,"1405","2","1405",0.0951404332870425,0.184863167643079,-0.17459061285481,1.4386713557711,NA
"1406","Sample_1416",1.61326196862591,-0.202482881718008,0,"1406","2","1406",-0.00774274910558918,0.0988102147349242,-0.210225630823597,1.40303633780231,NA
"1407","Sample_1417",1.61326196862591,-0.0983252463540884,0,"1407","2","1407",0.103531450767297,0.0972979002311195,0.00520620441320896,1.61846817303912,NA
"1408","Sample_1418",1.61326196862591,0.203401091734959,0,"1408","2","1408",-0.125841795892313,0.0830253572978851,0.0775592958426455,1.69082126446855,NA
"1409","Sample_1419",1.61326196862591,0.170941674266495,0,"1409","2","1409",-0.202979157041331,0.109809542834365,-0.0320374827748364,1.58122448585107,NA
"1410","Sample_1420",1.61326196862591,-0.242048364943593,0,"1410","2","1410",0.00796599687796531,0.152195443951208,-0.234082368065628,1.37917960056028,NA
"1411","Sample_1421",1.61326196862591,0.0921373906139183,0,"1411","2","1411",-0.144269888632639,0.111138715481489,-0.0521324980187203,1.56112947060719,NA
"1412","Sample_1422",1.61326196862591,-0.178598846044634,0,"1412","2","1412",-0.0166489619644992,0.131110657604416,-0.195247808009134,1.41801416061677,NA
"1413","Sample_1423",1.61326196862591,-0.0198118403022202,0,"1413","2","1413",0.236641663500182,0.16339485069965,0.216829823197962,1.83009179182387,NA
"1414","Sample_1424",1.61326196862591,-0.0539177634215783,0,"1414","2","1414",0.0754619840217534,0.138888199354405,0.0215442206001751,1.63480618922608,NA
"1415","Sample_1425",1.61326196862591,0.0318705677817039,0,"1415","2","1415",-0.210711065018835,0.165334331405334,-0.178840497237131,1.43442147138878,NA
"1416","Sample_1426",1.61326196862591,-0.12396947566614,0,"1416","2","1416",0.12536746362731,0.164907165203426,0.00139798796117038,1.61465995658708,NA
"1417","Sample_1427",1.61326196862591,-0.00565638264090413,0,"1417","2","1417",0.29756842612393,0.138544424177553,0.291912043483026,1.90517401210893,NA
"1418","Sample_1428",1.61326196862591,-0.020118552503301,0,"1418","2","1418",-0.224268547116318,0.077789151764933,-0.244387099619619,1.36887486900629,NA
"1419","Sample_1429",1.61326196862591,0.176707946573803,0,"1419","2","1419",0.0810426281131971,0.117523361207558,0.257750574687,1.87101254331291,NA
"1420","Sample_1430",1.61326196862591,0.280865581937722,0,"1420","2","1420",0.192316827986082,0.116011046703751,0.473182409923804,2.08644437854971,NA
"1421","Sample_1431",1.61326196862591,0.149078433557545,0,"1421","2","1421",0.193051989132411,0.134834548633561,0.342130422689956,1.95539239131586,NA
"1422","Sample_1432",1.61326196862591,0.0921373906139183,0,"1422","2","1422",-0.144269888632639,0.111138715481489,-0.0521324980187203,1.56112947060719,NA
"1423","Sample_1433",1.61326196862591,0.143077595049818,0,"1423","2","1423",0.0543360046103549,0.165572634059252,0.197413599660173,1.81067556828608,NA
"1424","Sample_1434",1.61326196862591,-0.0983252463540884,0,"1424","2","1424",0.103531450767297,0.0972979002311195,0.00520620441320896,1.61846817303912,NA
"1425","Sample_1435",1.61326196862591,0.233817848911722,0,"1425","2","1425",0.0919273512373283,0.128169419621856,0.32574520014905,1.93900716877496,NA
"1426","Sample_1436",1.61326196862591,0.176876805968096,0,"1426","2","1426",-0.245394526527705,0.104473586469783,-0.0685177205596092,1.5447442480663,NA
"1427","Sample_1437",1.61326196862591,0.233817848911722,0,"1427","2","1427",0.0919273512373283,0.128169419621856,0.32574520014905,1.93900716877496,NA
"1428","Sample_1438",1.61326196862591,0.150183660806939,0,"1428","2","1428",-0.0385101025222016,0.138971590379461,0.111673558284738,1.72493552691065,NA
"1429","Sample_1439",1.61326196862591,0.0514535196970152,0,"1429","2","1429",0.308453149248077,0.149190482591837,0.359906668945092,1.973168637571,NA
"1430","Sample_1440",1.61326196862591,-0.313746582839048,0,"1430","2","1430",-0.0261708418459169,0.126923572918526,-0.339917424684965,1.27334454394094,NA
"1431","Sample_1441",1.61326196862591,0.0248865202309981,0,"1431","2","1431",0.0167527156130475,0.137559026707285,0.0416392358440456,1.65490120446995,NA
"1432","Sample_1442",1.61326196862591,-0.236282092636285,0,"1432","2","1432",0.291987782032482,0.159909262324384,0.0557056893961966,1.6689676580221,NA
"1433","Sample_1443",1.61326196862591,-0.131382253624342,0,"1433","2","1433",-0.242696639856642,0.105902509948532,-0.374078893480984,1.23918307514492,NA
"1434","Sample_1444",1.61326196862591,0.196295025977838,0,"1434","2","1434",-0.0329956887597437,0.109626400977682,0.163299337218094,1.776561305844,NA
"1435","Sample_1445",1.61326196862591,-0.0525779699717652,0,"1435","2","1435",-0.301405908265329,0.104573337301407,-0.353983878237094,1.25927809038881,NA
"1436","Sample_1446",1.61326196862591,0.021036762520252,0,"1436","2","1436",0.0906840021184319,0.10404642026788,0.111720764638684,1.72498273326459,NA
"1437","Sample_1447",1.61326196862591,-0.131382253624342,0,"1437","2","1437",-0.242696639856642,0.105902509948532,-0.374078893480984,1.23918307514492,NA
"1438","Sample_1448",1.61326196862591,-0.178598846044634,0,"1438","2","1438",-0.0166489619644992,0.131110657604416,-0.195247808009134,1.41801416061677,NA
"1439","Sample_1449",1.61326196862591,-0.157906539391205,0,"1439","2","1439",-0.362249370492055,0.127350739120431,-0.52015590988326,1.09310605874265,NA
"1440","Sample_1450",1.61326196862591,-0.131382253624342,0,"1440","2","1440",-0.242696639856642,0.105902509948532,-0.374078893480984,1.23918307514492,NA
"1441","Sample_1451",1.61326196862591,-0.0114226549482122,0,"1441","2","1441",0.0135466409694012,0.130830605804354,0.002123986021189,1.6153859546471,NA
"1442","Sample_1452",1.61326196862591,0.156184499314666,0,"1442","2","1442",0.100205881999841,0.108233504953768,0.256390381314507,1.86965234994041,NA
"1443","Sample_1453",1.61326196862591,-0.0272246182604222,0,"1443","2","1443",-0.13142243998376,0.104390195444723,-0.158647058244182,1.45461491038173,NA
"1444","Sample_1454",1.61326196862591,-0.249699474138301,0,"1444","2","1444",0.218304928786561,0.124018362390805,-0.03139454535174,1.58186742327417,NA
"1445","Sample_1455",1.61326196862591,0.0368224904403255,0,"1445","2","1445",0.113053330648722,0.101484984917003,0.149875821089047,1.76313778971495,NA
"1446","Sample_1456",1.61326196862591,0.0921373906139183,0,"1446","2","1446",-0.144269888632639,0.111138715481489,-0.0521324980187203,1.56112947060719,NA
"1447","Sample_1457",1.61326196862591,0.065613104847055,0,"1447","2","1447",-0.263822619268035,0.132586944653383,-0.19820951442098,1.41505245420493,NA
"1448","Sample_1458",1.61326196862591,0.0921373906139183,0,"1448","2","1448",-0.144269888632639,0.111138715481489,-0.0521324980187203,1.56112947060719,NA
"1449","Sample_1459",1.61326196862591,-0.0983252463540884,0,"1449","2","1449",0.103531450767297,0.0972979002311195,0.00520620441320896,1.61846817303912,NA
"1450","Sample_1460",1.61326196862591,-0.0902269386007886,0,"1450","2","1450",0.0722559093780928,0.132159778451494,-0.0179710292226958,1.59529093940321,NA
"1451","Sample_1461",1.61326196862591,-0.124849532120952,0,"1451","2","1451",-0.0160212798680964,0.118746129403016,-0.140870811989048,1.47239115663686,NA
"1452","Sample_1462",1.61326196862591,-0.340439728000205,0,"1452","2","1452",0.18071358215961,0.161421576828192,-0.159726145840595,1.45353582278531,NA
"1453","Sample_1463",1.61326196862591,-0.0125935890037325,0,"1453","2","1453",0.0639773786156015,0.152095693119564,0.051383789611869,1.66464575823778,NA
"1454","Sample_1464",1.61326196862591,-0.276223759905164,0,"1454","2","1454",0.098752198151167,0.145466591562698,-0.177471561753997,1.43579040687191,NA
"1455","Sample_1465",1.61326196862591,0.149078433557545,0,"1455","2","1455",0.193051989132411,0.134834548633561,0.342130422689956,1.95539239131586,NA
"1456","Sample_1466",1.61326196862591,-0.236113233241992,0,"1456","2","1456",-0.0344493726084134,0.146859487586619,-0.270562605850406,1.3426993627755,NA
"1457","Sample_1467",1.61326196862591,0.12949135415351,0,"1457","2","1457",0.307090306005353,0.142731508863443,0.436581660158863,2.04984362878477,NA
"1458","Sample_1468",1.61326196862591,0.0840390828606184,0,"1458","2","1458",-0.112994347243435,0.0762768372611278,-0.0289552643828161,1.58430670424309,NA
"1459","Sample_1469",1.61326196862591,-0.134876892907222,0,"1459","2","1459",0.3546212161631,0.196843733762233,0.219744323255878,1.83300629188179,NA
"1460","Sample_1470",1.61326196862591,0.307558727098878,0,"1460","2","1460",-0.0145675960194219,0.0815130427940826,0.292991131079456,1.90625309970536,NA
"1461","Sample_1471",1.61326196862591,0.280865581937722,0,"1461","2","1461",0.192316827986082,0.116011046703751,0.473182409923804,2.08644437854971,NA
"1462","Sample_1472",1.61326196862591,0.0368224904403255,0,"1462","2","1462",0.113053330648722,0.101484984917003,0.149875821089047,1.76313778971495,NA
"1463","Sample_1473",1.61326196862591,-0.0902269386007886,0,"1463","2","1463",0.0722559093780928,0.132159778451494,-0.0179710292226958,1.59529093940321,NA
"1464","Sample_1474",1.61326196862591,-0.313746582839048,0,"1464","2","1464",-0.0261708418459169,0.126923572918526,-0.339917424684965,1.27334454394094,NA
"1465","Sample_1475",1.61326196862591,-0.0983252463540884,0,"1465","2","1465",0.103531450767297,0.0972979002311195,0.00520620441320896,1.61846817303912,NA
"1466","Sample_1476",1.61326196862591,0.0840390828606184,0,"1466","2","1466",-0.112994347243435,0.0762768372611278,-0.0289552643828161,1.58430670424309,NA
"1467","Sample_1477",1.61326196862591,-0.313746582839048,0,"1467","2","1467",-0.0261708418459169,0.126923572918526,-0.339917424684965,1.27334454394094,NA
"1468","Sample_1478",1.61326196862591,-0.261635444347628,0,"1468","2","1468",0.122004313750913,0.160092404181071,-0.139631130596715,1.47363083802919,NA
"1469","Sample_1479",1.61326196862591,0.247123044872371,0,"1469","2","1469",0.245428382235278,0.148758433455709,0.49255142710765,2.10581339573356,NA
"1470","Sample_1480",1.61326196862591,-0.131382253624342,0,"1470","2","1470",-0.242696639856642,0.105902509948532,-0.374078893480984,1.23918307514492,NA
"1471","Sample_1481",1.61326196862591,0.176707946573803,0,"1471","2","1471",0.0810426281131971,0.117523361207558,0.257750574687,1.87101254331291,NA
"1472","Sample_1482",1.61326196862591,-0.00565638264090413,0,"1472","2","1472",0.29756842612393,0.138544424177553,0.291912043483026,1.90517401210893,NA
"1473","Sample_1483",1.61326196862591,-0.255700312646027,0,"1473","2","1473",0.079588944264528,0.154756447816484,-0.176111368381499,1.43715060024441,NA
"1474","Sample_1484",1.61326196862591,0.122554147790682,0,"1474","2","1474",0.0734992584970166,0.156282777805459,0.196053406287698,1.80931537491361,NA
"1475","Sample_1485",1.61326196862591,-0.0466428382701644,0,"1475","2","1475",-0.343821277751721,0.099237380936828,-0.390464116021886,1.22279785260402,NA
"1476","Sample_1486",1.61326196862591,-0.0983252463540884,0,"1476","2","1476",0.103531450767297,0.0972979002311195,0.00520620441320896,1.61846817303912,NA
"1477","Sample_1487",1.61326196862591,-0.164136676182238,0,"1477","2","1477",0.50518801127577,0.191865930017017,0.341051335093533,1.95431330371944,NA
"1478","Sample_1488",1.61326196862591,-0.24333148454048,0,"1478","2","1478",0.138214912276175,0.158158645166675,-0.105116572264305,1.5081453963616,NA
"1479","Sample_1489",1.61326196862591,-0.137443531021081,0,"1479","2","1479",0.298303587270257,0.157367926107355,0.160860056249175,1.77412202487508,NA
"1480","Sample_1490",1.61326196862591,0.0921373906139183,0,"1480","2","1480",-0.144269888632639,0.111138715481489,-0.0521324980187203,1.56112947060719,NA
"1481","Sample_1491",1.61326196862591,-0.00548752324661133,0,"1481","2","1481",-0.028868728516971,0.125494649439773,-0.0343562517635823,1.57890571686233,NA
"1482","Sample_1492",1.61326196862591,0.0393870719641798,0,"1482","2","1482",0.230155478741932,0.189274325893022,0.269542550706112,1.88280451933202,NA
"1483","Sample_1493",1.61326196862591,0.0318705677817039,0,"1483","2","1483",-0.210711065018835,0.165334331405334,-0.178840497237131,1.43442147138878,NA
"1484","Sample_1494",1.61326196862591,0.203401091734959,0,"1484","2","1484",-0.125841795892313,0.0830253572978851,0.0775592958426455,1.69082126446855,NA
"1485","Sample_1495",1.61326196862591,-0.0466428382701644,0,"1485","2","1485",-0.343821277751721,0.099237380936828,-0.390464116021886,1.22279785260402,NA
"1486","Sample_1496",1.61326196862591,-0.0983252463540884,0,"1486","2","1486",0.103531450767297,0.0972979002311195,0.00520620441320896,1.61846817303912,NA
"1487","Sample_1497",1.61326196862591,0.0139306967631309,0,"1487","2","1487",0.183530109250991,0.130647463947673,0.197460806014122,1.81072277464003,NA
"1488","Sample_1498",1.61326196862591,0.260342134678585,0,"1488","2","1488",0.211480081872726,0.106721190449964,0.471822216551312,2.08508418517722,NA
"1489","Sample_1499",1.61326196862591,0.196295025977838,0,"1489","2","1489",-0.0329956887597437,0.109626400977682,0.163299337218094,1.776561305844,NA
"1490","Sample_1500",1.61326196862591,-0.0937215778836692,0,"1490","2","1490",0.669573765397854,0.223101002265187,0.575852187514184,2.18911415614009,NA
"1491","Sample_1501",1.61326196862591,-0.0983252463540884,0,"1491","2","1491",0.103531450767297,0.0972979002311195,0.00520620441320896,1.61846817303912,NA
"1492","Sample_1502",1.61326196862591,0.176707946573803,0,"1492","2","1492",0.0810426281131971,0.117523361207558,0.257750574687,1.87101254331291,NA
"1493","Sample_1503",1.61326196862591,-0.0902269386007886,0,"1493","2","1493",0.0722559093780928,0.132159778451494,-0.0179710292226958,1.59529093940321,NA
"1494","Sample_1504",1.61326196862591,0.021036762520252,0,"1494","2","1494",0.0906840021184319,0.10404642026788,0.111720764638684,1.72498273326459,NA
"1495","Sample_1505",1.61326196862591,0.169658554669608,0,"1495","2","1495",-0.0727302416431141,0.115772744049838,0.0969283130264937,1.7101902816524,NA
"1496","Sample_1506",1.61326196862591,-0.0902269386007886,0,"1496","2","1496",0.0722559093780928,0.132159778451494,-0.0179710292226958,1.59529093940321,NA
"1497","Sample_1507",1.61326196862591,0.00307995337497447,0,"1497","2","1497",0.166164884897922,0.134232371668959,0.169244838272897,1.7825068068988,NA
"1498","Sample_1508",1.61326196862591,-0.229007167484871,0,"1498","2","1498",-0.127295479740985,0.120258443906821,-0.356302647225856,1.25695932140005,NA
"1499","Sample_1509",1.61326196862591,-0.0392867341648886,0,"1499","2","1499",0.270861802621083,0.186593697029255,0.231575068456195,1.8448370370821,NA
"1500","Sample_1510",1.61326196862591,0.0985012527230153,0,"1500","2","1500",0.408842625996819,0.137032109673745,0.507343878719835,2.12060584734574,NA
"1501","Sample_1511",1.61326196862591,-0.0466428382701644,0,"1501","2","1501",-0.343821277751721,0.099237380936828,-0.390464116021886,1.22279785260402,NA
"1502","Sample_1512",1.61326196862591,-0.0902269386007886,0,"1502","2","1502",0.0722559093780928,0.132159778451494,-0.0179710292226958,1.59529093940321,NA
"1503","Sample_1513",1.61326196862591,-0.236225418783359,0,"1503","2","1503",0.0453688051436115,0.131557601486883,-0.190856613639747,1.42240535498616,NA
"1504","Sample_1514",1.61326196862591,0.307558727098878,0,"1504","2","1504",-0.0145675960194219,0.0815130427940826,0.292991131079456,1.90625309970536,NA
"1505","Sample_1515",1.61326196862591,0.203401091734959,0,"1505","2","1505",-0.125841795892313,0.0830253572978851,0.0775592958426455,1.69082126446855,NA
"1506","Sample_1516",1.61326196862591,0.125194397884171,0,"1506","2","1506",0.201958201991315,0.102534105764073,0.327152599875487,1.94041456850139,NA
"1507","Sample_1517",1.61326196862591,-0.209588947475129,0,"1507","2","1507",0.0851033580269817,0.125411258414718,-0.124485589448147,1.48877637917776,NA
"1508","Sample_1518",1.61326196862591,-0.202482881718008,0,"1508","2","1508",-0.00774274910558918,0.0988102147349242,-0.210225630823597,1.40303633780231,NA
"1509","Sample_1519",1.61326196862591,0.125194397884171,0,"1509","2","1509",0.201958201991315,0.102534105764073,0.327152599875487,1.94041456850139,NA
"1510","Sample_1520",1.61326196862591,-0.00565638264090413,0,"1510","2","1510",0.29756842612393,0.138544424177553,0.291912043483026,1.90517401210893,NA
"1511","Sample_1521",1.61326196862591,0.0840390828606184,0,"1511","2","1511",-0.112994347243435,0.0762768372611278,-0.0289552643828161,1.58430670424309,NA
"1512","Sample_1522",1.61326196862591,-0.00548752324661133,0,"1512","2","1512",-0.028868728516971,0.125494649439773,-0.0343562517635823,1.57890571686233,NA
"1513","Sample_1523",1.61326196862591,0.203401091734959,0,"1513","2","1513",-0.125841795892313,0.0830253572978851,0.0775592958426455,1.69082126446855,NA
"1514","Sample_1524",1.61326196862591,-0.209588947475129,0,"1514","2","1514",0.0851033580269817,0.125411258414718,-0.124485589448147,1.48877637917776,NA
"1515","Sample_1525",1.61326196862591,0.260342134678585,0,"1515","2","1515",0.211480081872726,0.106721190449964,0.471822216551312,2.08508418517722,NA
"1516","Sample_1526",1.61326196862591,-0.0673351449235939,0,"1516","2","1516",0.00177913077582782,0.102997299420821,-0.0655560141477661,1.54770595447814,NA
"1517","Sample_1527",1.61326196862591,0.280865581937722,0,"1517","2","1517",0.192316827986082,0.116011046703751,0.473182409923804,2.08644437854971,NA
"1518","Sample_1528",1.61326196862591,-0.209588947475129,0,"1518","2","1518",0.0851033580269817,0.125411258414718,-0.124485589448147,1.48877637917776,NA
"1519","Sample_1529",1.61326196862591,0.203401091734959,0,"1519","2","1519",-0.125841795892313,0.0830253572978851,0.0775592958426455,1.69082126446855,NA
"1520","Sample_1530",1.61326196862591,0.065613104847055,0,"1520","2","1520",-0.263822619268035,0.132586944653383,-0.19820951442098,1.41505245420493,NA
"1521","Sample_1531",1.61326196862591,0.137180845219002,0,"1521","2","1521",-0.211682836014648,0.161868617196967,-0.0745019907956455,1.53875997783026,NA
"1522","Sample_1532",1.61326196862591,0.065613104847055,0,"1522","2","1522",-0.263822619268035,0.132586944653383,-0.19820951442098,1.41505245420493,NA
"1523","Sample_1533",1.61326196862591,-0.033285895657162,0,"1523","2","1523",0.409577787143145,0.155855611603553,0.376291891485983,1.98955386011189,NA
"1524","Sample_1534",1.61326196862591,-0.309966296970515,0,"1524","2","1524",0.151863752400364,0.17821397831465,-0.158102544570151,1.45515942405576,NA
"1525","Sample_1535",1.61326196862591,-0.209588947475129,0,"1525","2","1525",0.0851033580269817,0.125411258414718,-0.124485589448147,1.48877637917776,NA
"1526","Sample_1536",1.61326196862591,0.176876805968096,0,"1526","2","1526",-0.245394526527705,0.104473586469783,-0.0685177205596092,1.5447442480663,NA
"1527","Sample_1537",1.61326196862591,0.247291904266664,0,"1527","2","1527",-0.0810087724056242,0.135708658717937,0.16628313186104,1.77954510048695,NA
"1528","Sample_1538",1.61326196862591,0.176876805968096,0,"1528","2","1528",-0.245394526527705,0.104473586469783,-0.0685177205596092,1.5447442480663,NA
"1529","Sample_1539",1.61326196862591,-0.020118552503301,0,"1529","2","1529",-0.224268547116318,0.077789151764933,-0.244387099619619,1.36887486900629,NA
"1530","Sample_1540",1.61326196862591,-0.0673351449235939,0,"1530","2","1530",0.00177913077582782,0.102997299420821,-0.0655560141477661,1.54770595447814,NA
"1531","Sample_1541",1.61326196862591,-0.313746582839048,0,"1531","2","1531",-0.0261708418459169,0.126923572918526,-0.339917424684965,1.27334454394094,NA
"1532","Sample_1542",1.61326196862591,0.0573459376994623,0,"1532","2","1532",0.0938900767620725,0.110774841170802,0.151236014461535,1.76449798308744,NA
"1533","Sample_1543",1.61326196862591,-0.0261798299000409,0,"1533","2","1533",0.316731680010574,0.129254567923758,0.290551850110533,1.90381381873644,NA
"1534","Sample_1544",1.61326196862591,0.0986701121173081,0,"1534","2","1534",0.0824054713559145,0.123982334935969,0.181075583473223,1.79433755209913,NA
"1535","Sample_1545",1.61326196862591,-0.0272246182604222,0,"1535","2","1535",-0.13142243998376,0.104390195444723,-0.158647058244182,1.45461491038173,NA
"1536","Sample_1546",1.61326196862591,0.307558727098878,0,"1536","2","1536",-0.0145675960194219,0.0815130427940826,0.292991131079456,1.90625309970536,NA
"1537","Sample_1547",1.61326196862591,-0.116920083761945,0,"1537","2","1537",0.279140333383614,0.166657782361143,0.16222024962167,1.77548221824758,NA
"1538","Sample_1548",1.61326196862591,0.307558727098878,0,"1538","2","1538",-0.0145675960194219,0.0815130427940826,0.292991131079456,1.90625309970536,NA
"1539","Sample_1549",1.61326196862591,0.0182276530324693,0,"1539","2","1539",0.288662213265038,0.170844867047043,0.306889866297508,1.92015183492342,NA
"1540","Sample_1550",1.61326196862591,-0.165124790689693,0,"1540","2","1540",-0.18958508560746,0.138649896700491,-0.354709876297153,1.25855209232875,NA
"1541","Sample_1551",1.61326196862591,0.196295025977838,0,"1541","2","1541",-0.0329956887597437,0.109626400977682,0.163299337218094,1.776561305844,NA
"1542","Sample_1552",1.61326196862591,-0.256805539895422,0,"1542","2","1542",0.311151035919137,0.150619406070602,0.0543454960237149,1.66760746464962,NA
"1543","Sample_1553",1.61326196862591,-0.0983252463540884,0,"1543","2","1543",0.103531450767297,0.0972979002311195,0.00520620441320896,1.61846817303912,NA
"1544","Sample_1554",1.61326196862591,0.0654442454527622,0,"1544","2","1544",0.0626145353728783,0.145636719391158,0.12805878082564,1.74132074945155,NA
"1545","Sample_1555",1.61326196862591,-0.255700312646027,0,"1545","2","1545",0.079588944264528,0.154756447816484,-0.176111368381499,1.43715060024441,NA
"1546","Sample_1556",1.61326196862591,0.247291904266664,0,"1546","2","1546",-0.0810087724056242,0.135708658717937,0.16628313186104,1.77954510048695,NA
"1547","Sample_1557",1.61326196862591,0.307558727098878,0,"1547","2","1547",-0.0145675960194219,0.0815130427940826,0.292991131079456,1.90625309970536,NA
"1548","Sample_1558",1.61326196862591,-0.229176026879164,0,"1548","2","1548",0.199141674899919,0.133308218644598,-0.0300343519792454,1.58322761664666,NA
"1549","Sample_1559",1.61326196862591,0.125194397884171,0,"1549","2","1549",0.201958201991315,0.102534105764073,0.327152599875487,1.94041456850139,NA
"1550","Sample_1560",1.61326196862591,0.203401091734959,0,"1550","2","1550",-0.125841795892313,0.0830253572978851,0.0775592958426455,1.69082126446855,NA
"1551","Sample_1561",1.61326196862591,0.125194397884171,0,"1551","2","1551",0.201958201991315,0.102534105764073,0.327152599875487,1.94041456850139,NA
"1552","Sample_1562",1.61326196862591,-0.020118552503301,0,"1552","2","1552",-0.224268547116318,0.077789151764933,-0.244387099619619,1.36887486900629,NA
"1553","Sample_1563",1.61326196862591,0.0921373906139183,0,"1553","2","1553",-0.144269888632639,0.111138715481489,-0.0521324980187203,1.56112947060719,NA
"1554","Sample_1564",1.61326196862591,-0.122686356069253,0,"1554","2","1554",-0.00488145177091608,0.15894396398796,-0.127567807840169,1.48569416078574,NA
"1555","Sample_1565",1.61326196862591,0.0840390828606184,0,"1555","2","1555",-0.112994347243435,0.0762768372611278,-0.0289552643828161,1.58430670424309,NA
"1556","Sample_1566",1.61326196862591,0.260342134678585,0,"1556","2","1556",0.211480081872726,0.106721190449964,0.471822216551312,2.08508418517722,NA
"1557","Sample_1567",1.61326196862591,-0.209588947475129,0,"1557","2","1557",0.0851033580269817,0.125411258414718,-0.124485589448147,1.48877637917776,NA
"1558","Sample_1568",1.61326196862591,0.203401091734959,0,"1558","2","1558",-0.125841795892313,0.0830253572978851,0.0775592958426455,1.69082126446855,NA
"1559","Sample_1569",1.61326196862591,0.125194397884171,0,"1559","2","1559",0.201958201991315,0.102534105764073,0.327152599875487,1.94041456850139,NA
"1560","Sample_1570",1.61326196862591,-0.0902269386007886,0,"1560","2","1560",0.0722559093780928,0.132159778451494,-0.0179710292226958,1.59529093940321,NA
"1561","Sample_1571",1.61326196862591,0.281034441332015,0,"1561","2","1561",-0.134120326654819,0.102961271965978,0.146914114677196,1.7601760833031,NA
"1562","Sample_1572",1.61326196862591,0.203401091734959,0,"1562","2","1562",-0.125841795892313,0.0830253572978851,0.0775592958426455,1.69082126446855,NA
"1563","Sample_1573",1.61326196862591,0.00436307297186132,0,"1563","2","1563",0.0359159694997,0.128269170453477,0.0402790424715613,1.65354101109747,NA
"1564","Sample_1574",1.61326196862591,0.203401091734959,0,"1564","2","1564",-0.125841795892313,0.0830253572978851,0.0775592958426455,1.69082126446855,NA
"1565","Sample_1575",1.61326196862591,0.307558727098878,0,"1565","2","1565",-0.0145675960194219,0.0815130427940826,0.292991131079456,1.90625309970536,NA
"1566","Sample_1576",1.61326196862591,0.176707946573803,0,"1566","2","1566",0.0810426281131971,0.117523361207558,0.257750574687,1.87101254331291,NA
"1567","Sample_1577",1.61326196862591,-0.202482881718008,0,"1567","2","1567",-0.00774274910558918,0.0988102147349242,-0.210225630823597,1.40303633780231,NA
"1568","Sample_1578",1.61326196862591,0.12949135415351,0,"1568","2","1568",0.307090306005353,0.142731508863443,0.436581660158863,2.04984362878477,NA
"1569","Sample_1579",1.61326196862591,-0.0673351449235939,0,"1569","2","1569",0.00177913077582782,0.102997299420821,-0.0655560141477661,1.54770595447814,NA
"1570","Sample_1580",1.61326196862591,-0.229007167484871,0,"1570","2","1570",-0.127295479740985,0.120258443906821,-0.356302647225856,1.25695932140005,NA
"1571","Sample_1581",1.61326196862591,0.203401091734959,0,"1571","2","1571",-0.125841795892313,0.0830253572978851,0.0775592958426455,1.69082126446855,NA
"1572","Sample_1582",1.61326196862591,-0.00565638264090413,0,"1572","2","1572",0.29756842612393,0.138544424177553,0.291912043483026,1.90517401210893,NA
"1573","Sample_1583",1.61326196862591,0.0449207981936254,0,"1573","2","1573",0.081777789259528,0.136346863137367,0.126698587453153,1.73996055607906,NA
"1574","Sample_1584",1.61326196862591,0.307558727098878,0,"1574","2","1574",-0.0145675960194219,0.0815130427940826,0.292991131079456,1.90625309970536,NA
"1575","Sample_1585",1.61326196862591,-0.202482881718008,0,"1575","2","1575",-0.00774274910558918,0.0988102147349242,-0.210225630823597,1.40303633780231,NA
"1576","Sample_1586",1.61326196862591,0.0573459376994623,0,"1576","2","1576",0.0938900767620725,0.110774841170802,0.151236014461535,1.76449798308744,NA
"1577","Sample_1587",1.61326196862591,0.0888116107253304,0,"1577","2","1577",0.126610812746211,0.189030164557409,0.215422423471542,1.82868439209745,NA
"1578","Sample_1588",1.61326196862591,-0.178598846044634,0,"1578","2","1578",-0.0166489619644992,0.131110657604416,-0.195247808009134,1.41801416061677,NA
"1579","Sample_1589",1.61326196862591,0.0308216519325989,0,"1579","2","1579",-0.0256626538733178,0.132223070342691,0.00515899805928112,1.61842096668519,NA
"1580","Sample_1590",1.61326196862591,-0.0983252463540884,0,"1580","2","1580",0.103531450767297,0.0972979002311195,0.00520620441320896,1.61846817303912,NA
"1581","Sample_1591",1.61326196862591,0.307558727098878,0,"1581","2","1581",-0.0145675960194219,0.0815130427940826,0.292991131079456,1.90625309970536,NA
"1582","Sample_1592",1.61326196862591,-0.158075398785498,0,"1582","2","1582",-0.035812215851131,0.140400513858205,-0.193887614636629,1.41937435398928,NA
"1583","Sample_1593",1.61326196862591,0.11656584790708,0,"1583","2","1583",0.0910797033732634,0.176975270435916,0.207645551280343,1.82090751990625,NA
"1584","Sample_1594",1.61326196862591,-0.0380774182385835,0,"1584","2","1584",-0.0880031451364786,0.156288636487156,-0.126080563375062,1.48718140525085,NA
"1585","Sample_1595",1.61326196862591,-0.020118552503301,0,"1585","2","1585",-0.224268547116318,0.077789151764933,-0.244387099619619,1.36887486900629,NA
"1586","Sample_1596",1.61326196862591,0.176876805968096,0,"1586","2","1586",-0.245394526527705,0.104473586469783,-0.0685177205596092,1.5447442480663,NA
"1587","Sample_1597",1.61326196862591,0.176876805968096,0,"1587","2","1587",-0.245394526527705,0.104473586469783,-0.0685177205596092,1.5447442480663,NA
"1588","Sample_1598",1.61326196862591,-0.074441210680715,0,"1588","2","1588",0.0946252379084117,0.129598343100607,0.0201840272276966,1.6334459958536,NA
"1589","Sample_1599",1.61326196862591,0.176876805968096,0,"1589","2","1589",-0.245394526527705,0.104473586469783,-0.0685177205596092,1.5447442480663,NA
"1590","Sample_1600",1.61326196862591,0.0139306967631309,0,"1590","2","1590",0.183530109250991,0.130647463947673,0.197460806014122,1.81072277464003,NA
"1591","Sample_1601",1.61326196862591,0.156184499314666,0,"1591","2","1591",0.100205881999841,0.108233504953768,0.256390381314507,1.86965234994041,NA
"1592","Sample_1602",1.61326196862591,0.0985012527230153,0,"1592","2","1592",0.408842625996819,0.137032109673745,0.507343878719835,2.12060584734574,NA
"1593","Sample_1603",1.61326196862591,0.021036762520252,0,"1593","2","1593",0.0906840021184319,0.10404642026788,0.111720764638684,1.72498273326459,NA
"1594","Sample_1604",1.61326196862591,0.196295025977838,0,"1594","2","1594",-0.0329956887597437,0.109626400977682,0.163299337218094,1.776561305844,NA
"1595","Sample_1605",1.61326196862591,-0.256805539895422,0,"1595","2","1595",0.311151035919137,0.150619406070602,0.0543454960237149,1.66760746464962,NA
"1596","Sample_1606",1.61326196862591,0.021036762520252,0,"1596","2","1596",0.0906840021184319,0.10404642026788,0.111720764638684,1.72498273326459,NA
"1597","Sample_1607",1.61326196862591,-0.00565638264090413,0,"1597","2","1597",0.29756842612393,0.138544424177553,0.291912043483026,1.90517401210893,NA
"1598","Sample_1608",1.61326196862591,-0.020118552503301,0,"1598","2","1598",-0.224268547116318,0.077789151764933,-0.244387099619619,1.36887486900629,NA
"1599","Sample_1609",1.61326196862591,0.307558727098878,0,"1599","2","1599",-0.0145675960194219,0.0815130427940826,0.292991131079456,1.90625309970536,NA
"1600","Sample_1610",1.61326196862591,-0.020118552503301,0,"1600","2","1600",-0.224268547116318,0.077789151764933,-0.244387099619619,1.36887486900629,NA
"1601","Sample_1611",1.61326196862591,0.0921373906139183,0,"1601","2","1601",-0.144269888632639,0.111138715481489,-0.0521324980187203,1.56112947060719,NA
"1602","Sample_1612",1.61326196862591,-0.190660961949101,0,"1602","2","1602",0.385635280640368,0.21331415918892,0.194974318691267,1.80823628731718,NA
"1603","Sample_1613",1.61326196862591,0.281034441332015,0,"1603","2","1603",-0.134120326654819,0.102961271965978,0.146914114677196,1.7601760833031,NA
"1604","Sample_1614",1.61326196862591,0.280865581937722,0,"1604","2","1604",0.192316827986082,0.116011046703751,0.473182409923804,2.08644437854971,NA
"1605","Sample_1615",1.61326196862591,0.260342134678585,0,"1605","2","1605",0.211480081872726,0.106721190449964,0.471822216551312,2.08508418517722,NA
"1606","Sample_1616",1.61326196862591,-0.313746582839048,0,"1606","2","1606",-0.0261708418459169,0.126923572918526,-0.339917424684965,1.27334454394094,NA
"1607","Sample_1617",1.61326196862591,0.0139306967631309,0,"1607","2","1607",0.183530109250991,0.130647463947673,0.197460806014122,1.81072277464003,NA
"1608","Sample_1618",1.61326196862591,0.280865581937722,0,"1608","2","1608",0.192316827986082,0.116011046703751,0.473182409923804,2.08644437854971,NA
"1609","Sample_1619",1.61326196862591,0.260342134678585,0,"1609","2","1609",0.211480081872726,0.106721190449964,0.471822216551312,2.08508418517722,NA
"1610","Sample_1620",1.61326196862591,-0.020118552503301,0,"1610","2","1610",-0.224268547116318,0.077789151764933,-0.244387099619619,1.36887486900629,NA
"1611","Sample_1621",1.61326196862591,-0.116920083761945,0,"1611","2","1611",0.279140333383614,0.166657782361143,0.16222024962167,1.77548221824758,NA
"1612","Sample_1622",1.61326196862591,0.281034441332015,0,"1612","2","1612",-0.134120326654819,0.102961271965978,0.146914114677196,1.7601760833031,NA
"1613","Sample_1623",1.61326196862591,-0.0261798299000409,0,"1613","2","1613",0.316731680010574,0.129254567923758,0.290551850110533,1.90381381873644,NA
"1614","Sample_1624",1.61326196862591,-0.074441210680715,0,"1614","2","1614",0.0946252379084117,0.129598343100607,0.0201840272276966,1.6334459958536,NA
"1615","Sample_1625",1.61326196862591,-0.0983252463540884,0,"1615","2","1615",0.103531450767297,0.0972979002311195,0.00520620441320896,1.61846817303912,NA
"1616","Sample_1626",1.61326196862591,-0.42024621541247,0,"1616","2","1616",0.347626843432271,0.217423711531442,-0.0726193719801985,1.54064259664571,NA
"1617","Sample_1627",1.61326196862591,-0.0321806684077675,0,"1617","2","1617",0.178015695488542,0.159992653349435,0.145835027080775,1.75909699570668,NA
"1618","Sample_1628",1.61326196862591,-0.020118552503301,0,"1618","2","1618",-0.224268547116318,0.077789151764933,-0.244387099619619,1.36887486900629,NA
"1619","Sample_1629",1.61326196862591,-0.0198118403022202,0,"1619","2","1619",0.236641663500182,0.16339485069965,0.216829823197962,1.83009179182387,NA
"1620","Sample_1630",1.61326196862591,0.0514535196970152,0,"1620","2","1620",0.308453149248077,0.149190482591837,0.359906668945092,1.973168637571,NA
"1621","Sample_1631",1.61326196862591,-0.313746582839048,0,"1621","2","1621",-0.0261708418459169,0.126923572918526,-0.339917424684965,1.27334454394094,NA
"1622","Sample_1632",1.61326196862591,0.0512846603027224,0,"1622","2","1622",0.634890303888976,0.162240257329628,0.686174964191698,2.29943693281761,NA
"1623","Sample_1633",1.61326196862591,0.233817848911722,0,"1623","2","1623",0.0919273512373283,0.128169419621856,0.32574520014905,1.93900716877496,NA
"1624","Sample_1634",1.61326196862591,0.280865581937722,0,"1624","2","1624",0.192316827986082,0.116011046703751,0.473182409923804,2.08644437854971,NA
"1625","Sample_1635",1.61326196862591,0.0248865202309981,0,"1625","2","1625",0.0167527156130475,0.137559026707285,0.0416392358440456,1.65490120446995,NA
"1626","Sample_1636",1.61326196862591,0.0985012527230153,0,"1626","2","1626",0.408842625996819,0.137032109673745,0.507343878719835,2.12060584734574,NA
"1627","Sample_1637",1.61326196862591,0.203401091734959,0,"1627","2","1627",-0.125841795892313,0.0830253572978851,0.0775592958426455,1.69082126446855,NA
"1628","Sample_1638",1.61326196862591,0.273816190033527,0,"1628","2","1628",0.0385439582297692,0.114260429546038,0.312360148263296,1.9256221168892,NA
"1629","Sample_1639",1.61326196862591,0.169658554669608,0,"1629","2","1629",-0.0727302416431141,0.115772744049838,0.0969283130264937,1.7101902816524,NA
"1630","Sample_1640",1.61326196862591,-0.0392300603119624,0,"1630","2","1630",0.0242428257322157,0.158242036191742,-0.0149872345797467,1.59827473404616,NA
"1631","Sample_1641",1.61326196862591,0.203401091734959,0,"1631","2","1631",-0.125841795892313,0.0830253572978851,0.0775592958426455,1.69082126446855,NA
"1632","Sample_1642",1.61326196862591,-0.0379469407150755,0,"1632","2","1632",-0.106006089665997,0.152278834976254,-0.143953030381073,1.46930893824483,NA
"1633","Sample_1643",1.61326196862591,0.0502965457952674,0,"1633","2","1633",-0.0598827929942456,0.109024224013091,-0.00958624719897824,1.60367572142693,NA
"1634","Sample_1644",1.61326196862591,0.280865581937722,0,"1634","2","1634",0.192316827986082,0.116011046703751,0.473182409923804,2.08644437854971,NA
"1635","Sample_1645",1.61326196862591,0.0575147970937551,0,"1635","2","1635",-0.232547077878834,0.0977250664330256,-0.175032280785079,1.43822968784083,NA
"1636","Sample_1646",1.61326196862591,-0.202482881718008,0,"1636","2","1636",-0.00774274910558918,0.0988102147349242,-0.210225630823597,1.40303633780231,NA
"1637","Sample_1647",1.61326196862591,-0.020118552503301,0,"1637","2","1637",-0.224268547116318,0.077789151764933,-0.244387099619619,1.36887486900629,NA
"1638","Sample_1648",1.61326196862591,0.125194397884171,0,"1638","2","1638",0.201958201991315,0.102534105764073,0.327152599875487,1.94041456850139,NA
"1639","Sample_1649",1.61326196862591,0.156184499314666,0,"1639","2","1639",0.100205881999841,0.108233504953768,0.256390381314507,1.86965234994041,NA
"1640","Sample_1650",1.61326196862591,-0.020118552503301,0,"1640","2","1640",-0.224268547116318,0.077789151764933,-0.244387099619619,1.36887486900629,NA
"1641","Sample_1651",1.61326196862591,0.122554147790682,0,"1641","2","1641",0.0734992584970166,0.156282777805459,0.196053406287698,1.80931537491361,NA
"1642","Sample_1652",1.61326196862591,-0.283498685056578,0,"1642","2","1642",0.518035459924655,0.185117409980264,0.234536774868077,1.84779874349398,NA
"1643","Sample_1653",1.61326196862591,0.203401091734959,0,"1643","2","1643",-0.125841795892313,0.0830253572978851,0.0775592958426455,1.69082126446855,NA
"1644","Sample_1654",1.61326196862591,0.203401091734959,0,"1644","2","1644",-0.125841795892313,0.0830253572978851,0.0775592958426455,1.69082126446855,NA
"1645","Sample_1655",1.61326196862591,-0.0851678649637374,0,"1645","2","1645",-0.360540324884861,0.1353673243488,-0.445708189848598,1.16755377877731,NA
"1646","Sample_1656",1.61326196862591,-0.313746582839048,0,"1646","2","1646",-0.0261708418459169,0.126923572918526,-0.339917424684965,1.27334454394094,NA
"1647","Sample_1657",1.61326196862591,-0.125018391515245,0,"1647","2","1647",0.310415874772815,0.131795904140789,0.185397483257571,1.79865945188348,NA
"1648","Sample_1658",1.61326196862591,0.203401091734959,0,"1648","2","1648",-0.125841795892313,0.0830253572978851,0.0775592958426455,1.69082126446855,NA
"1649","Sample_1659",1.61326196862591,0.0779778054638785,0,"1649","2","1649",0.428005879883476,0.127742253419951,0.505983685347355,2.11924565397326,NA
"1650","Sample_1660",1.61326196862591,0.125194397884171,0,"1650","2","1650",0.201958201991315,0.102534105764073,0.327152599875487,1.94041456850139,NA
"1651","Sample_1661",1.61326196862591,-0.158075398785498,0,"1651","2","1651",-0.035812215851131,0.140400513858205,-0.193887614636629,1.41937435398928,NA
"1652","Sample_1662",1.61326196862591,0.196295025977838,0,"1652","2","1652",-0.0329956887597437,0.109626400977682,0.163299337218094,1.776561305844,NA
"1653","Sample_1663",1.61326196862591,0.0368224904403255,0,"1653","2","1653",0.113053330648722,0.101484984917003,0.149875821089047,1.76313778971495,NA
"1654","Sample_1664",1.61326196862591,-0.0468116976644572,0,"1654","2","1654",-0.0173841231108059,0.112287155674602,-0.0641958207752631,1.54906614785064,NA
"1655","Sample_1665",1.61326196862591,0.0958610026295253,0,"1655","2","1655",0.28038368250252,0.190780781715126,0.376244685132046,1.98950665375795,NA
"1656","Sample_1666",1.61326196862591,0.0449207981936254,0,"1656","2","1656",0.081777789259528,0.136346863137367,0.126698587453153,1.73996055607906,NA
"1657","Sample_1667",1.61326196862591,0.0575147970937551,0,"1657","2","1657",-0.232547077878834,0.0977250664330256,-0.175032280785079,1.43822968784083,NA
"1658","Sample_1668",1.61326196862591,-0.020118552503301,0,"1658","2","1658",-0.224268547116318,0.077789151764933,-0.244387099619619,1.36887486900629,NA
"1659","Sample_1669",1.61326196862591,0.203401091734959,0,"1659","2","1659",-0.125841795892313,0.0830253572978851,0.0775592958426455,1.69082126446855,NA
"1660","Sample_1670",1.61326196862591,0.227941734569487,0,"1660","2","1660",0.0296896183615612,0.164163798352054,0.257631352931048,1.87089332155696,NA
"1661","Sample_1671",1.61326196862591,0.0395175494876878,0,"1661","2","1661",0.212152534212413,0.185264524382113,0.251670083700101,1.86493205232601,NA
"1662","Sample_1672",1.61326196862591,-0.0355107801247243,0,"1662","2","1662",-0.0316855162436361,0.195764444142037,-0.0671962963683604,1.54606567225755,NA
"1663","Sample_1673",1.61326196862591,0.065613104847055,0,"1663","2","1663",-0.263822619268035,0.132586944653383,-0.19820951442098,1.41505245420493,NA
"1664","Sample_1674",1.61326196862591,-0.074441210680715,0,"1664","2","1664",0.0946252379084117,0.129598343100607,0.0201840272276966,1.6334459958536,NA
"1665","Sample_1675",1.61326196862591,-0.236113233241992,0,"1665","2","1665",-0.0344493726084134,0.146859487586619,-0.270562605850406,1.3426993627755,NA
"1666","Sample_1676",1.61326196862591,0.071976966956152,0,"1666","2","1666",0.289289895361424,0.158480338845639,0.361266862317576,1.97452883094348,NA
"1667","Sample_1677",1.61326196862591,0.169601880816682,0,"1667","2","1667",0.173888735245762,0.144124404887359,0.343490616062443,1.95675258468835,NA
"1668","Sample_1678",1.61326196862591,-0.262749704550222,0,"1668","2","1668",-0.0741839254917819,0.153005830658772,-0.336933630042004,1.2763283385839,NA
"1669","Sample_1679",1.61326196862591,0.260342134678585,0,"1669","2","1669",0.211480081872726,0.106721190449964,0.471822216551312,2.08508418517722,NA
"1670","Sample_1680",1.61326196862591,-0.211058263513099,0,"1670","2","1670",-0.0937863231135233,0.1578948431409,-0.304844586626622,1.30841738199929,NA
"1671","Sample_1681",1.61326196862591,0.125194397884171,0,"1671","2","1671",0.201958201991315,0.102534105764073,0.327152599875487,1.94041456850139,NA
"1672","Sample_1682",1.61326196862591,-0.0379469407150755,0,"1672","2","1672",-0.106006089665997,0.152278834976254,-0.143953030381073,1.46930893824483,NA
"1673","Sample_1683",1.61326196862591,0.273816190033527,0,"1673","2","1673",0.0385439582297692,0.114260429546038,0.312360148263296,1.9256221168892,NA
"1674","Sample_1684",1.61326196862591,-0.202482881718008,0,"1674","2","1674",-0.00774274910558918,0.0988102147349242,-0.210225630823597,1.40303633780231,NA
"1675","Sample_1685",1.61326196862591,0.0840390828606184,0,"1675","2","1675",-0.112994347243435,0.0762768372611278,-0.0289552643828161,1.58430670424309,NA
"1676","Sample_1686",1.61326196862591,-0.0733359834313205,0,"1676","2","1676",-0.136936853746208,0.133735384846501,-0.210272837177529,1.40298913144838,NA
"1677","Sample_1687",1.61326196862591,0.227941734569487,0,"1677","2","1677",0.0296896183615612,0.164163798352054,0.257631352931048,1.87089332155696,NA
"1678","Sample_1688",1.61326196862591,0.0927349804157073,0,"1678","2","1678",0.124820840842307,0.129318291300544,0.217555821258015,1.83081778988392,NA
"1679","Sample_1689",1.61326196862591,0.196295025977838,0,"1679","2","1679",-0.0329956887597437,0.109626400977682,0.163299337218094,1.776561305844,NA
"1680","Sample_1690",1.61326196862591,-0.124849532120952,0,"1680","2","1680",-0.0160212798680964,0.118746129403016,-0.140870811989048,1.47239115663686,NA
"1681","Sample_1691",1.61326196862591,-0.020118552503301,0,"1681","2","1681",-0.224268547116318,0.077789151764933,-0.244387099619619,1.36887486900629,NA
"1682","Sample_1692",1.61326196862591,0.203401091734959,0,"1682","2","1682",-0.125841795892313,0.0830253572978851,0.0775592958426455,1.69082126446855,NA
"1683","Sample_1693",1.61326196862591,0.0921373906139183,0,"1683","2","1683",-0.144269888632639,0.111138715481489,-0.0521324980187203,1.56112947060719,NA
"1684","Sample_1694",1.61326196862591,-0.120552575851613,0,"1684","2","1684",0.0891108241459509,0.158943532502371,-0.0314417517056626,1.58182021692025,NA
"1685","Sample_1695",1.61326196862591,-0.0938594306904573,0,"1685","2","1685",-0.117773599859566,0.124445528592714,-0.211633030550023,1.40162893807588,NA
"1686","Sample_1696",1.61326196862591,0.0921373906139183,0,"1686","2","1686",-0.144269888632639,0.111138715481489,-0.0521324980187203,1.56112947060719,NA
"1687","Sample_1697",1.61326196862591,0.0573459376994623,0,"1687","2","1687",0.0938900767620725,0.110774841170802,0.151236014461535,1.76449798308744,NA
"1688","Sample_1698",1.61326196862591,0.125194397884171,0,"1688","2","1688",0.201958201991315,0.102534105764073,0.327152599875487,1.94041456850139,NA
"1689","Sample_1699",1.61326196862591,-0.00548752324661133,0,"1689","2","1689",-0.028868728516971,0.125494649439773,-0.0343562517635823,1.57890571686233,NA
"1690","Sample_1700",1.61326196862591,-0.0272246182604222,0,"1690","2","1690",-0.13142243998376,0.104390195444723,-0.158647058244182,1.45461491038173,NA
"1691","Sample_1701",1.61326196862591,-0.205123131811498,0,"1691","2","1691",-0.13620169259989,0.152558886776311,-0.341324824411388,1.27193714421452,NA
"1692","Sample_1702",1.61326196862591,0.0102982046734621,0,"1692","2","1692",-0.00649939998667262,0.122933214088894,0.00379880468678953,1.6170607733127,NA
"1693","Sample_1703",1.61326196862591,0.203401091734959,0,"1693","2","1693",-0.125841795892313,0.0830253572978851,0.0775592958426455,1.69082126446855,NA
"1694","Sample_1704",1.61326196862591,0.227882717210121,0,"1694","2","1694",0.134342720723721,0.133505375986443,0.362225437933843,1.97548740655975,NA
"1695","Sample_1705",1.61326196862591,0.169658554669608,0,"1695","2","1695",-0.0727302416431141,0.115772744049838,0.0969283130264937,1.7101902816524,NA
"1696","Sample_1706",1.61326196862591,-0.0874914410926365,0,"1696","2","1696",-0.197863616369962,0.158585811368585,-0.285355057462598,1.32790691116331,NA
"1697","Sample_1707",1.61326196862591,0.065613104847055,0,"1697","2","1697",-0.263822619268035,0.132586944653383,-0.19820951442098,1.41505245420493,NA
"1698","Sample_1708",1.61326196862591,-0.0527041156669043,0,"1698","2","1698",0.197178949375181,0.15070279709565,0.144474833708277,1.75773680233418,NA
"1699","Sample_1709",1.61326196862591,0.273816190033527,0,"1699","2","1699",0.0385439582297692,0.114260429546038,0.312360148263296,1.9256221168892,NA
"1700","Sample_1710",1.61326196862591,0.0654442454527622,0,"1700","2","1700",0.0626145353728783,0.145636719391158,0.12805878082564,1.74132074945155,NA
"1701","Sample_1711",1.61326196862591,-0.0983252463540884,0,"1701","2","1701",0.103531450767297,0.0972979002311195,0.00520620441320896,1.61846817303912,NA
"1702","Sample_1712",1.61326196862591,-0.124849532120952,0,"1702","2","1702",-0.0160212798680964,0.118746129403016,-0.140870811989048,1.47239115663686,NA
"1703","Sample_1713",1.61326196862591,-0.0803853753355154,0,"1703","2","1703",-0.29070972350253,0.131984767688788,-0.371095098838045,1.24216686978786,NA
"1704","Sample_1714",1.61326196862591,0.169658554669608,0,"1704","2","1704",-0.0727302416431141,0.115772744049838,0.0969283130264937,1.7101902816524,NA
"1705","Sample_1715",1.61326196862591,-0.0733359834313205,0,"1705","2","1705",-0.136936853746208,0.133735384846501,-0.210272837177529,1.40298913144838,NA
"1706","Sample_1716",1.61326196862591,-0.100965496447578,0,"1706","2","1706",-0.0249274927269994,0.151046572272506,-0.125892989174578,1.48736897945133,NA
"1707","Sample_1717",1.61326196862591,-0.020118552503301,0,"1707","2","1707",-0.224268547116318,0.077789151764933,-0.244387099619619,1.36887486900629,NA
"1708","Sample_1718",1.61326196862591,-0.0537489040272855,0,"1708","2","1708",-0.250975170619145,0.125838424616621,-0.30472407464643,1.30853789397948,NA
"1709","Sample_1719",1.61326196862591,-0.0466428382701644,0,"1709","2","1709",-0.343821277751721,0.099237380936828,-0.390464116021886,1.22279785260402,NA
"1710","Sample_1720",1.61326196862591,-0.00548752324661133,0,"1710","2","1710",-0.028868728516971,0.125494649439773,-0.0343562517635823,1.57890571686233,NA
"1711","Sample_1721",1.61326196862591,0.0249249021017829,0,"1711","2","1711",-0.291681494498331,0.128519053480401,-0.266756592396548,1.34650537622936,NA
"1712","Sample_1722",1.61326196862591,0.307558727098878,0,"1712","2","1712",-0.0145675960194219,0.0815130427940826,0.292991131079456,1.90625309970536,NA
"1713","Sample_1723",1.61326196862591,0.203401091734959,0,"1713","2","1713",-0.125841795892313,0.0830253572978851,0.0775592958426455,1.69082126446855,NA
"1714","Sample_1724",1.61326196862591,-0.249699474138301,0,"1714","2","1714",0.218304928786561,0.124018362390805,-0.03139454535174,1.58186742327417,NA
"1715","Sample_1725",1.61326196862591,0.307558727098878,0,"1715","2","1715",-0.0145675960194219,0.0815130427940826,0.292991131079456,1.90625309970536,NA
"1716","Sample_1726",1.61326196862591,0.0139306967631309,0,"1716","2","1716",0.183530109250991,0.130647463947673,0.197460806014122,1.81072277464003,NA
"1717","Sample_1727",1.61326196862591,0.0840390828606184,0,"1717","2","1717",-0.112994347243435,0.0762768372611278,-0.0289552643828161,1.58430670424309,NA
"1718","Sample_1728",1.61326196862591,0.0514535196970152,0,"1718","2","1718",0.308453149248077,0.149190482591837,0.359906668945092,1.973168637571,NA
"1719","Sample_1729",1.61326196862591,0.0986701121173081,0,"1719","2","1719",0.0824054713559145,0.123982334935969,0.181075583473223,1.79433755209913,NA
"1720","Sample_1730",1.61326196862591,0.065613104847055,0,"1720","2","1720",-0.263822619268035,0.132586944653383,-0.19820951442098,1.41505245420493,NA
"1721","Sample_1731",1.61326196862591,-0.131382253624342,0,"1721","2","1721",-0.242696639856642,0.105902509948532,-0.374078893480984,1.23918307514492,NA
"1722","Sample_1732",1.61326196862591,-0.0983252463540884,0,"1722","2","1722",0.103531450767297,0.0972979002311195,0.00520620441320896,1.61846817303912,NA
"1723","Sample_1733",1.61326196862591,0.0449207981936254,0,"1723","2","1723",0.081777789259528,0.136346863137367,0.126698587453153,1.73996055607906,NA
"1724","Sample_1734",1.61326196862591,-0.164527200887904,0,"1724","2","1724",0.0795056438674914,0.156829472519549,-0.0850215570204123,1.5282404116055,NA
"1725","Sample_1735",1.61326196862591,0.177001530133587,0,"1725","2","1725",-0.168916274881443,0.109729879774284,0.00808525525214393,1.62134722387805,NA
"1726","Sample_1736",1.61326196862591,0.0389199596858988,0,"1726","2","1726",-0.0569381952625188,0.167084948563053,-0.01801823557662,1.59524373304929,NA
"1727","Sample_1737",1.61326196862591,-0.202482881718008,0,"1727","2","1727",-0.00774274910558918,0.0988102147349242,-0.210225630823597,1.40303633780231,NA
"1728","Sample_1738",1.61326196862591,0.031115235492383,0,"1728","2","1728",-0.27562155686795,0.12442958890942,-0.244506321375567,1.36875564725034,NA
"1729","Sample_1739",1.61326196862591,-0.020118552503301,0,"1729","2","1729",-0.224268547116318,0.077789151764933,-0.244387099619619,1.36887486900629,NA
"1730","Sample_1740",1.61326196862591,-0.178598846044634,0,"1730","2","1730",-0.0166489619644992,0.131110657604416,-0.195247808009134,1.41801416061677,NA
"1731","Sample_1741",1.61326196862591,-0.020118552503301,0,"1731","2","1731",-0.224268547116318,0.077789151764933,-0.244387099619619,1.36887486900629,NA
"1732","Sample_1742",1.61326196862591,-0.313746582839048,0,"1732","2","1732",-0.0261708418459169,0.126923572918526,-0.339917424684965,1.27334454394094,NA
"1733","Sample_1743",1.61326196862591,-0.0527084474952732,0,"1733","2","1733",-0.283402963735827,0.108583138812318,-0.3361114112311,1.27715055739481,NA
"1734","Sample_1744",1.61326196862591,-0.020118552503301,0,"1734","2","1734",-0.224268547116318,0.077789151764933,-0.244387099619619,1.36887486900629,NA
"1735","Sample_1745",1.61326196862591,0.0182276530324693,0,"1735","2","1735",0.288662213265038,0.170844867047043,0.306889866297508,1.92015183492342,NA
"1736","Sample_1746",1.61326196862591,-0.0733359834313205,0,"1736","2","1736",-0.136936853746208,0.133735384846501,-0.210272837177529,1.40298913144838,NA
"1737","Sample_1747",1.61326196862591,-0.202482881718008,0,"1737","2","1737",-0.00774274910558918,0.0988102147349242,-0.210225630823597,1.40303633780231,NA
"1738","Sample_1748",1.61326196862591,0.260342134678585,0,"1738","2","1738",0.211480081872726,0.106721190449964,0.471822216551312,2.08508418517722,NA
"1739","Sample_1749",1.61326196862591,0.233817848911722,0,"1739","2","1739",0.0919273512373283,0.128169419621856,0.32574520014905,1.93900716877496,NA
"1740","Sample_1750",1.61326196862591,0.021036762520252,0,"1740","2","1740",0.0906840021184319,0.10404642026788,0.111720764638684,1.72498273326459,NA
"1741","Sample_1751",1.61326196862591,-0.125018391515245,0,"1741","2","1741",0.310415874772815,0.131795904140789,0.185397483257571,1.79865945188348,NA
"1742","Sample_1752",1.61326196862591,-0.0902269386007886,0,"1742","2","1742",0.0722559093780928,0.132159778451494,-0.0179710292226958,1.59529093940321,NA
"1743","Sample_1753",1.61326196862591,-0.0805542347298082,0,"1743","2","1743",0.0357274311383712,0.145034542426569,-0.0448268035914371,1.56843516503447,NA
"1744","Sample_1754",1.61326196862591,-0.0983252463540884,0,"1744","2","1744",0.103531450767297,0.0972979002311195,0.00520620441320896,1.61846817303912,NA
"1745","Sample_1755",1.61326196862591,-0.202482881718008,0,"1745","2","1745",-0.00774274910558918,0.0988102147349242,-0.210225630823597,1.40303633780231,NA
"1746","Sample_1756",1.61326196862591,-0.0902269386007886,0,"1746","2","1746",0.0722559093780928,0.132159778451494,-0.0179710292226958,1.59529093940321,NA
"1747","Sample_1757",1.61326196862591,0.0183965124267621,0,"1747","2","1747",-0.0377749413758778,0.15779509230926,-0.0193784289491157,1.59388353967679,NA
"1748","Sample_1758",1.61326196862591,0.0840390828606184,0,"1748","2","1748",-0.112994347243435,0.0762768372611278,-0.0289552643828161,1.58430670424309,NA
"1749","Sample_1759",1.61326196862591,0.203401091734959,0,"1749","2","1749",-0.125841795892313,0.0830253572978851,0.0775592958426455,1.69082126446855,NA
"1750","Sample_1760",1.61326196862591,-0.020118552503301,0,"1750","2","1750",-0.224268547116318,0.077789151764933,-0.244387099619619,1.36887486900629,NA
"1751","Sample_1761",1.61326196862591,0.0921373906139183,0,"1751","2","1751",-0.144269888632639,0.111138715481489,-0.0521324980187203,1.56112947060719,NA
"1752","Sample_1762",1.61326196862591,0.281034441332015,0,"1752","2","1752",-0.134120326654819,0.102961271965978,0.146914114677196,1.7601760833031,NA
"1753","Sample_1763",1.61326196862591,0.203401091734959,0,"1753","2","1753",-0.125841795892313,0.0830253572978851,0.0775592958426455,1.69082126446855,NA
"1754","Sample_1764",1.61326196862591,0.125194397884171,0,"1754","2","1754",0.201958201991315,0.102534105764073,0.327152599875487,1.94041456850139,NA
"1755","Sample_1765",1.61326196862591,0.0139306967631309,0,"1755","2","1755",0.183530109250991,0.130647463947673,0.197460806014122,1.81072277464003,NA
"1756","Sample_1766",1.61326196862591,0.260342134678585,0,"1756","2","1756",0.211480081872726,0.106721190449964,0.471822216551312,2.08508418517722,NA
"1757","Sample_1767",1.61326196862591,0.170941674266495,0,"1757","2","1757",-0.202979157041331,0.109809542834365,-0.0320374827748364,1.58122448585107,NA
"1758","Sample_1768",1.61326196862591,-0.0983252463540884,0,"1758","2","1758",0.103531450767297,0.0972979002311195,0.00520620441320896,1.61846817303912,NA
"1759","Sample_1769",1.61326196862591,0.0139306967631309,0,"1759","2","1759",0.183530109250991,0.130647463947673,0.197460806014122,1.81072277464003,NA
"1760","Sample_1770",1.61326196862591,-0.0983252463540884,0,"1760","2","1760",0.103531450767297,0.0972979002311195,0.00520620441320896,1.61846817303912,NA
"1761","Sample_1771",1.61326196862591,0.176876805968096,0,"1761","2","1761",-0.245394526527705,0.104473586469783,-0.0685177205596092,1.5447442480663,NA
"1762","Sample_1772",1.61326196862591,-0.130784663822553,0,"1762","2","1762",0.0263940896182917,0.124082085767596,-0.104390574204261,1.50887139442165,NA
"1763","Sample_1773",1.61326196862591,-0.209588947475129,0,"1763","2","1763",0.0851033580269817,0.125411258414718,-0.124485589448147,1.48877637917776,NA
"1764","Sample_1774",1.61326196862591,-0.0983252463540884,0,"1764","2","1764",0.103531450767297,0.0972979002311195,0.00520620441320896,1.61846817303912,NA
"1765","Sample_1775",1.61326196862591,-0.340439728000205,0,"1765","2","1765",0.18071358215961,0.161421576828192,-0.159726145840595,1.45353582278531,NA
"1766","Sample_1776",1.61326196862591,0.0840390828606184,0,"1766","2","1766",-0.112994347243435,0.0762768372611278,-0.0289552643828161,1.58430670424309,NA
"1767","Sample_1777",1.61326196862591,0.0575147970937551,0,"1767","2","1767",-0.232547077878834,0.0977250664330256,-0.175032280785079,1.43822968784083,NA
"1768","Sample_1778",1.61326196862591,0.0840390828606184,0,"1768","2","1768",-0.112994347243435,0.0762768372611278,-0.0289552643828161,1.58430670424309,NA
"1769","Sample_1779",1.61326196862591,0.125194397884171,0,"1769","2","1769",0.201958201991315,0.102534105764073,0.327152599875487,1.94041456850139,NA
"1770","Sample_1780",1.61326196862591,-0.202482881718008,0,"1770","2","1770",-0.00774274910558918,0.0988102147349242,-0.210225630823597,1.40303633780231,NA
"1771","Sample_1781",1.61326196862591,0.0986701121173081,0,"1771","2","1771",0.0824054713559145,0.123982334935969,0.181075583473223,1.79433755209913,NA
"1772","Sample_1782",1.61326196862591,-0.340270868605912,0,"1772","2","1772",-0.145723572481311,0.148371802090423,-0.485994441087223,1.12726752753869,NA
"1773","Sample_1783",1.61326196862591,0.156184499314666,0,"1773","2","1773",0.100205881999841,0.108233504953768,0.256390381314507,1.86965234994041,NA
"1774","Sample_1784",1.61326196862591,0.125194397884171,0,"1774","2","1774",0.201958201991315,0.102534105764073,0.327152599875487,1.94041456850139,NA
"1775","Sample_1785",1.61326196862591,-0.0261798299000409,0,"1775","2","1775",0.316731680010574,0.129254567923758,0.290551850110533,1.90381381873644,NA
"1776","Sample_1786",1.61326196862591,0.203401091734959,0,"1776","2","1776",-0.125841795892313,0.0830253572978851,0.0775592958426455,1.69082126446855,NA
"1777","Sample_1787",1.61326196862591,-0.209588947475129,0,"1777","2","1777",0.0851033580269817,0.125411258414718,-0.124485589448147,1.48877637917776,NA
"1778","Sample_1788",1.61326196862591,-0.276392619299457,0,"1778","2","1778",0.425189352792076,0.15851636630048,0.148796733492619,1.76205870211853,NA
"1779","Sample_1789",1.61326196862591,0.169601880816682,0,"1779","2","1779",0.173888735245762,0.144124404887359,0.343490616062443,1.95675258468835,NA
"1780","Sample_1790",1.61326196862591,0.307558727098878,0,"1780","2","1780",-0.0145675960194219,0.0815130427940826,0.292991131079456,1.90625309970536,NA
"1781","Sample_1791",1.61326196862591,0.021036762520252,0,"1781","2","1781",0.0906840021184319,0.10404642026788,0.111720764638684,1.72498273326459,NA
"1782","Sample_1792",1.61326196862591,-0.205291991205791,0,"1782","2","1782",0.190235462041025,0.165608661514084,-0.0150565291647654,1.59820543946114,NA
"1783","Sample_1793",1.61326196862591,0.123725081846202,0,"1783","2","1783",0.0230685208508274,0.13501769049024,0.146793602697029,1.76005557132294,NA
"1784","Sample_1794",1.61326196862591,0.0583948535485673,0,"1784","2","1784",-0.091158334383445,0.143886102233447,-0.0327634808348777,1.58049848779103,NA
"1785","Sample_1795",1.61326196862591,-0.0609671553257732,0,"1785","2","1785",-0.0783108857345537,0.137137582196677,-0.139278041060327,1.47398392756558,NA
"1786","Sample_1796",1.61326196862591,-0.020118552503301,0,"1786","2","1786",-0.224268547116318,0.077789151764933,-0.244387099619619,1.36887486900629,NA
"1787","Sample_1797",1.61326196862591,0.0139306967631309,0,"1787","2","1787",0.183530109250991,0.130647463947673,0.197460806014122,1.81072277464003,NA
"1788","Sample_1798",1.61326196862591,-0.0468116976644572,0,"1788","2","1788",-0.0173841231108059,0.112287155674602,-0.0641958207752631,1.54906614785064,NA
"1789","Sample_1799",1.61326196862591,0.0840390828606184,0,"1789","2","1789",-0.112994347243435,0.0762768372611278,-0.0289552643828161,1.58430670424309,NA
"1790","Sample_1800",1.61326196862591,0.0514535196970152,0,"1790","2","1790",0.308453149248077,0.149190482591837,0.359906668945092,1.973168637571,NA
"1791","Sample_1801",1.61326196862591,0.176707946573803,0,"1791","2","1791",0.0810426281131971,0.117523361207558,0.257750574687,1.87101254331291,NA
"1792","Sample_1802",1.61326196862591,-0.020118552503301,0,"1792","2","1792",-0.224268547116318,0.077789151764933,-0.244387099619619,1.36887486900629,NA
"1793","Sample_1803",1.61326196862591,-0.020118552503301,0,"1793","2","1793",-0.224268547116318,0.077789151764933,-0.244387099619619,1.36887486900629,NA
"1794","Sample_1804",1.61326196862591,0.281034441332015,0,"1794","2","1794",-0.134120326654819,0.102961271965978,0.146914114677196,1.7601760833031,NA
"1795","Sample_1805",1.61326196862591,0.0921373906139183,0,"1795","2","1795",-0.144269888632639,0.111138715481489,-0.0521324980187203,1.56112947060719,NA
"1796","Sample_1806",1.61326196862591,-0.242048364943593,0,"1796","2","1796",0.00796599687796531,0.152195443951208,-0.234082368065628,1.37917960056028,NA
"1797","Sample_1807",1.61326196862591,0.117593765814967,0,"1797","2","1797",-0.0976445191416996,0.169765577426834,0.0199492466732676,1.63321121529918,NA
"1798","Sample_1808",1.61326196862591,-0.236225418783359,0,"1798","2","1798",0.0453688051436115,0.131557601486883,-0.190856613639747,1.42240535498616,NA
"1799","Sample_1809",1.61326196862591,0.203401091734959,0,"1799","2","1799",-0.125841795892313,0.0830253572978851,0.0775592958426455,1.69082126446855,NA
"1800","Sample_1810",1.61326196862591,0.307558727098878,0,"1800","2","1800",-0.0145675960194219,0.0815130427940826,0.292991131079456,1.90625309970536,NA
"1801","Sample_1811",1.61326196862591,-0.0983252463540884,0,"1801","2","1801",0.103531450767297,0.0972979002311195,0.00520620441320896,1.61846817303912,NA
"1802","Sample_1812",1.61326196862591,0.0583948535485673,0,"1802","2","1802",-0.091158334383445,0.143886102233447,-0.0327634808348777,1.58049848779103,NA
"1803","Sample_1813",1.61326196862591,-0.0983252463540884,0,"1803","2","1803",0.103531450767297,0.0972979002311195,0.00520620441320896,1.61846817303912,NA
"1804","Sample_1814",1.61326196862591,0.260342134678585,0,"1804","2","1804",0.211480081872726,0.106721190449964,0.471822216551312,2.08508418517722,NA
"1805","Sample_1815",1.61326196862591,0.0779778054638785,0,"1805","2","1805",0.428005879883476,0.127742253419951,0.505983685347355,2.11924565397326,NA
"1806","Sample_1816",1.61326196862591,-0.340270868605912,0,"1806","2","1806",-0.145723572481311,0.148371802090423,-0.485994441087223,1.12726752753869,NA
"1807","Sample_1817",1.61326196862591,0.021036762520252,0,"1807","2","1807",0.0906840021184319,0.10404642026788,0.111720764638684,1.72498273326459,NA
"1808","Sample_1818",1.61326196862591,0.281034441332015,0,"1808","2","1808",-0.134120326654819,0.102961271965978,0.146914114677196,1.7601760833031,NA
"1809","Sample_1819",1.61326196862591,-0.00548752324661133,0,"1809","2","1809",-0.028868728516971,0.125494649439773,-0.0343562517635823,1.57890571686233,NA
"1810","Sample_1820",1.61326196862591,0.203401091734959,0,"1810","2","1810",-0.125841795892313,0.0830253572978851,0.0775592958426455,1.69082126446855,NA
"1811","Sample_1821",1.61326196862591,-0.313746582839048,0,"1811","2","1811",-0.0261708418459169,0.126923572918526,-0.339917424684965,1.27334454394094,NA
"1812","Sample_1822",1.61326196862591,-0.202482881718008,0,"1812","2","1812",-0.00774274910558918,0.0988102147349242,-0.210225630823597,1.40303633780231,NA
"1813","Sample_1823",1.61326196862591,-0.283498685056578,0,"1813","2","1813",0.518035459924655,0.185117409980264,0.234536774868077,1.84779874349398,NA
"1814","Sample_1824",1.61326196862591,-0.262749704550222,0,"1814","2","1814",-0.0741839254917819,0.153005830658772,-0.336933630042004,1.2763283385839,NA
"1815","Sample_1825",1.61326196862591,0.169658554669608,0,"1815","2","1815",-0.0727302416431141,0.115772744049838,0.0969283130264937,1.7101902816524,NA
"1816","Sample_1826",1.61326196862591,0.280865581937722,0,"1816","2","1816",0.192316827986082,0.116011046703751,0.473182409923804,2.08644437854971,NA
"1817","Sample_1827",1.61326196862591,-0.157477808983709,0,"1817","2","1817",0.233278513623799,0.158580089677267,0.0758007046400901,1.689062673266,NA
"1818","Sample_1828",1.61326196862591,0.203401091734959,0,"1818","2","1818",-0.125841795892313,0.0830253572978851,0.0775592958426455,1.69082126446855,NA
"1819","Sample_1829",1.61326196862591,0.125194397884171,0,"1819","2","1819",0.201958201991315,0.102534105764073,0.327152599875487,1.94041456850139,NA
"1820","Sample_1830",1.61326196862591,0.307558727098878,0,"1820","2","1820",-0.0145675960194219,0.0815130427940826,0.292991131079456,1.90625309970536,NA
"1821","Sample_1831",1.61326196862591,0.156184499314666,0,"1821","2","1821",0.100205881999841,0.108233504953768,0.256390381314507,1.86965234994041,NA
"1822","Sample_1832",1.61326196862591,-0.020118552503301,0,"1822","2","1822",-0.224268547116318,0.077789151764933,-0.244387099619619,1.36887486900629,NA
"1823","Sample_1833",1.61326196862591,-0.020118552503301,0,"1823","2","1823",-0.224268547116318,0.077789151764933,-0.244387099619619,1.36887486900629,NA
"1824","Sample_1834",1.61326196862591,0.0840390828606184,0,"1824","2","1824",-0.112994347243435,0.0762768372611278,-0.0289552643828161,1.58430670424309,NA
"1825","Sample_1835",1.61326196862591,-0.202482881718008,0,"1825","2","1825",-0.00774274910558918,0.0988102147349242,-0.210225630823597,1.40303633780231,NA
"1826","Sample_1836",1.61326196862591,-0.125018391515245,0,"1826","2","1826",0.310415874772815,0.131795904140789,0.185397483257571,1.79865945188348,NA
"1827","Sample_1837",1.61326196862591,0.0985012527230153,0,"1827","2","1827",0.408842625996819,0.137032109673745,0.507343878719835,2.12060584734574,NA
"1828","Sample_1838",1.61326196862591,0.169601880816682,0,"1828","2","1828",0.173888735245762,0.144124404887359,0.343490616062443,1.95675258468835,NA
"1829","Sample_1839",1.61326196862591,-0.0537489040272855,0,"1829","2","1829",-0.250975170619145,0.125838424616621,-0.30472407464643,1.30853789397948,NA
"1830","Sample_1840",1.61326196862591,0.0502965457952674,0,"1830","2","1830",-0.0598827929942456,0.109024224013091,-0.00958624719897824,1.60367572142693,NA
"1831","Sample_1841",1.61326196862591,0.102967068386646,0,"1831","2","1831",0.187537575369954,0.164179738035323,0.2905046437566,1.90376661238251,NA
"1832","Sample_1842",1.61326196862591,-0.229007167484871,0,"1832","2","1832",-0.127295479740985,0.120258443906821,-0.356302647225856,1.25695932140005,NA
"1833","Sample_1843",1.61326196862591,-0.0539177634215783,0,"1833","2","1833",0.0754619840217534,0.138888199354405,0.0215442206001751,1.63480618922608,NA
"1834","Sample_1844",1.61326196862591,0.176876805968096,0,"1834","2","1834",-0.245394526527705,0.104473586469783,-0.0685177205596092,1.5447442480663,NA
"1835","Sample_1845",1.61326196862591,-0.124849532120952,0,"1835","2","1835",-0.0160212798680964,0.118746129403016,-0.140870811989048,1.47239115663686,NA
"1836","Sample_1846",1.61326196862591,0.0573459376994623,0,"1836","2","1836",0.0938900767620725,0.110774841170802,0.151236014461535,1.76449798308744,NA
"1837","Sample_1847",1.61326196862591,0.307558727098878,0,"1837","2","1837",-0.0145675960194219,0.0815130427940826,0.292991131079456,1.90625309970536,NA
"1838","Sample_1848",1.61326196862591,0.203401091734959,0,"1838","2","1838",-0.125841795892313,0.0830253572978851,0.0775592958426455,1.69082126446855,NA
"1839","Sample_1849",1.61326196862591,-0.0538610895686521,0,"1839","2","1839",-0.171156992867126,0.110536538516891,-0.225018082435778,1.38824388619013,NA
"1840","Sample_1850",1.61326196862591,-0.0983252463540884,0,"1840","2","1840",0.103531450767297,0.0972979002311195,0.00520620441320896,1.61846817303912,NA
"1841","Sample_1851",1.61326196862591,-0.0733359834313205,0,"1841","2","1841",-0.136936853746208,0.133735384846501,-0.210272837177529,1.40298913144838,NA
"1842","Sample_1852",1.61326196862591,-0.0983252463540884,0,"1842","2","1842",0.103531450767297,0.0972979002311195,0.00520620441320896,1.61846817303912,NA
"1843","Sample_1853",1.61326196862591,-0.0673351449235939,0,"1843","2","1843",0.00177913077582782,0.102997299420821,-0.0655560141477661,1.54770595447814,NA
"1844","Sample_1854",1.61326196862591,-0.387656320420498,0,"1844","2","1844",0.406761260051764,0.18662972448409,0.0191049396312664,1.63236690825717,NA
"1845","Sample_1855",1.61326196862591,0.021036762520252,0,"1845","2","1845",0.0906840021184319,0.10404642026788,0.111720764638684,1.72498273326459,NA
"1846","Sample_1856",1.61326196862591,-0.130784663822553,0,"1846","2","1846",0.0263940896182917,0.124082085767596,-0.104390574204261,1.50887139442165,NA
"1847","Sample_1857",1.61326196862591,-0.229007167484871,0,"1847","2","1847",-0.127295479740985,0.120258443906821,-0.356302647225856,1.25695932140005,NA
"1848","Sample_1858",1.61326196862591,0.0442352683985275,0,"1848","2","1848",0.481117434132672,0.16048964017191,0.5253527025312,2.13861467115711,NA
"1849","Sample_1859",1.61326196862591,-0.131382253624342,0,"1849","2","1849",-0.242696639856642,0.105902509948532,-0.374078893480984,1.23918307514492,NA
"1850","Sample_1860",1.61326196862591,-0.0125935890037325,0,"1850","2","1850",0.0639773786156015,0.152095693119564,0.051383789611869,1.66464575823778,NA
"1851","Sample_1861",1.61326196862591,-0.020118552503301,0,"1851","2","1851",-0.224268547116318,0.077789151764933,-0.244387099619619,1.36887486900629,NA
"1852","Sample_1862",1.61326196862591,0.0914518608188204,0,"1852","2","1852",0.25506975624051,0.135281492516034,0.346521617059331,1.95978358568524,NA
"1853","Sample_1863",1.61326196862591,-0.0902269386007886,0,"1853","2","1853",0.0722559093780928,0.132159778451494,-0.0179710292226958,1.59529093940321,NA
"1854","Sample_1864",1.61326196862591,-0.143444369528808,0,"1854","2","1854",0.159587602748211,0.188106011533048,0.0161432332194031,1.62940520184531,NA
"1855","Sample_1865",1.61326196862591,-0.125018391515245,0,"1855","2","1855",0.310415874772815,0.131795904140789,0.185397483257571,1.79865945188348,NA
"1856","Sample_1866",1.61326196862591,0.281034441332015,0,"1856","2","1856",-0.134120326654819,0.102961271965978,0.146914114677196,1.7601760833031,NA
"1857","Sample_1867",1.61326196862591,0.203401091734959,0,"1857","2","1857",-0.125841795892313,0.0830253572978851,0.0775592958426455,1.69082126446855,NA
"1858","Sample_1868",1.61326196862591,0.169601880816682,0,"1858","2","1858",0.173888735245762,0.144124404887359,0.343490616062443,1.95675258468835,NA
"1859","Sample_1869",1.61326196862591,0.0236034006341112,0,"1859","2","1859",0.147001631011258,0.143522227922763,0.170605031645369,1.78386700027128,NA
"1860","Sample_1870",1.61326196862591,-0.0468116976644572,0,"1860","2","1860",-0.0173841231108059,0.112287155674602,-0.0641958207752631,1.54906614785064,NA
"1861","Sample_1871",1.61326196862591,-0.0940282900847501,0,"1861","2","1861",0.208663554781352,0.137495303330476,0.114635264696602,1.72789723332251,NA
"1862","Sample_1872",1.61326196862591,0.280865581937722,0,"1862","2","1862",0.192316827986082,0.116011046703751,0.473182409923804,2.08644437854971,NA
"1863","Sample_1873",1.61326196862591,0.280865581937722,0,"1863","2","1863",0.192316827986082,0.116011046703751,0.473182409923804,2.08644437854971,NA
"1864","Sample_1874",1.61326196862591,-0.0983252463540884,0,"1864","2","1864",0.103531450767297,0.0972979002311195,0.00520620441320896,1.61846817303912,NA
"1865","Sample_1875",1.61326196862591,-0.137443531021081,0,"1865","2","1865",0.298303587270257,0.157367926107355,0.160860056249175,1.77412202487508,NA
"1866","Sample_1876",1.61326196862591,-0.151542677282108,0,"1866","2","1866",0.19086314413742,0.153244133312683,0.0393204668553119,1.65258243548122,NA
"1867","Sample_1877",1.61326196862591,0.0840390828606184,0,"1867","2","1867",-0.112994347243435,0.0762768372611278,-0.0289552643828161,1.58430670424309,NA
"1868","Sample_1878",1.61326196862591,0.0573459376994623,0,"1868","2","1868",0.0938900767620725,0.110774841170802,0.151236014461535,1.76449798308744,NA
"1869","Sample_1879",1.61326196862591,0.144248529105339,0,"1869","2","1869",0.00390526696419048,0.144307546744033,0.148153796069529,1.76141576469544,NA
"1870","Sample_1880",1.61326196862591,0.137199137201144,0,"1870","2","1870",-0.149867602792136,0.142556929586314,-0.0126684655909926,1.60059350303492,NA
"1871","Sample_1881",1.61326196862591,-0.229176026879164,0,"1871","2","1871",0.199141674899919,0.133308218644598,-0.0300343519792454,1.58322761664666,NA
"1872","Sample_1882",1.61326196862591,-0.255700312646027,0,"1872","2","1872",0.079588944264528,0.154756447816484,-0.176111368381499,1.43715060024441,NA
"1873","Sample_1883",1.61326196862591,0.260342134678585,0,"1873","2","1873",0.211480081872726,0.106721190449964,0.471822216551312,2.08508418517722,NA
"1874","Sample_1884",1.61326196862591,0.281034441332015,0,"1874","2","1874",-0.134120326654819,0.102961271965978,0.146914114677196,1.7601760833031,NA
"1875","Sample_1885",1.61326196862591,-0.0609671553257732,0,"1875","2","1875",-0.0783108857345537,0.137137582196677,-0.139278041060327,1.47398392756558,NA
"1876","Sample_1886",1.61326196862591,-0.00548752324661133,0,"1876","2","1876",-0.028868728516971,0.125494649439773,-0.0343562517635823,1.57890571686233,NA
"1877","Sample_1887",1.61326196862591,0.281034441332015,0,"1877","2","1877",-0.134120326654819,0.102961271965978,0.146914114677196,1.7601760833031,NA
"1878","Sample_1888",1.61326196862591,0.0921373906139183,0,"1878","2","1878",-0.144269888632639,0.111138715481489,-0.0521324980187203,1.56112947060719,NA
"1879","Sample_1889",1.61326196862591,0.0921373906139183,0,"1879","2","1879",-0.144269888632639,0.111138715481489,-0.0521324980187203,1.56112947060719,NA
"1880","Sample_1890",1.61326196862591,0.0368224904403255,0,"1880","2","1880",0.113053330648722,0.101484984917003,0.149875821089047,1.76313778971495,NA
"1881","Sample_1891",1.61326196862591,-0.125018391515245,0,"1881","2","1881",0.310415874772815,0.131795904140789,0.185397483257571,1.79865945188348,NA
"1882","Sample_1892",1.61326196862591,0.307558727098878,0,"1882","2","1882",-0.0145675960194219,0.0815130427940826,0.292991131079456,1.90625309970536,NA
"1883","Sample_1893",1.61326196862591,0.203401091734959,0,"1883","2","1883",-0.125841795892313,0.0830253572978851,0.0775592958426455,1.69082126446855,NA
"1884","Sample_1894",1.61326196862591,0.169770740210974,0,"1884","2","1884",-0.152548419395146,0.13107463014958,0.0172223208158283,1.63048428944174,NA
"1885","Sample_1895",1.61326196862591,-0.360963175259341,0,"1885","2","1885",0.19987683604625,0.152131720574411,-0.161086339213092,1.45217562941282,NA
"1886","Sample_1896",1.61326196862591,0.0573459376994623,0,"1886","2","1886",0.0938900767620725,0.110774841170802,0.151236014461535,1.76449798308744,NA
"1887","Sample_1897",1.61326196862591,0.021036762520252,0,"1887","2","1887",0.0906840021184319,0.10404642026788,0.111720764638684,1.72498273326459,NA
"1888","Sample_1898",1.61326196862591,0.307558727098878,0,"1888","2","1888",-0.0145675960194219,0.0815130427940826,0.292991131079456,1.90625309970536,NA
"1889","Sample_1899",1.61326196862591,0.0921373906139183,0,"1889","2","1889",-0.144269888632639,0.111138715481489,-0.0521324980187203,1.56112947060719,NA
"1890","Sample_1900",1.61326196862591,0.125194397884171,0,"1890","2","1890",0.201958201991315,0.102534105764073,0.327152599875487,1.94041456850139,NA
"1891","Sample_1901",1.61326196862591,-0.149210641836116,0,"1891","2","1891",-0.124434182406319,0.180392193159862,-0.273644824242435,1.33961714438347,NA
"1892","Sample_1902",1.61326196862591,0.136152927311115,0,"1892","2","1892",-0.0229586134996735,0.169078310206042,0.113194313811441,1.72645628243735,NA
"1893","Sample_1903",1.61326196862591,-0.125018391515245,0,"1893","2","1893",0.310415874772815,0.131795904140789,0.185397483257571,1.79865945188348,NA
"1894","Sample_1904",1.61326196862591,0.176707946573803,0,"1894","2","1894",0.0810426281131971,0.117523361207558,0.257750574687,1.87101254331291,NA
"1895","Sample_1905",1.61326196862591,-0.249699474138301,0,"1895","2","1895",0.218304928786561,0.124018362390805,-0.03139454535174,1.58186742327417,NA
"1896","Sample_1906",1.61326196862591,-0.236282092636285,0,"1896","2","1896",0.291987782032482,0.159909262324384,0.0557056893961966,1.6689676580221,NA
"1897","Sample_1907",1.61326196862591,0.203401091734959,0,"1897","2","1897",-0.125841795892313,0.0830253572978851,0.0775592958426455,1.69082126446855,NA
"1898","Sample_1908",1.61326196862591,-0.229007167484871,0,"1898","2","1898",-0.127295479740985,0.120258443906821,-0.356302647225856,1.25695932140005,NA
"1899","Sample_1909",1.61326196862591,0.25446602033635,0,"1899","2","1899",0.149242348996948,0.14271556918015,0.403708369333298,2.01697033795921,NA
"1900","Sample_1910",1.61326196862591,-0.131382253624342,0,"1900","2","1900",-0.242696639856642,0.105902509948532,-0.374078893480984,1.23918307514492,NA
"1901","Sample_1911",1.61326196862591,0.0502965457952674,0,"1901","2","1901",-0.0598827929942456,0.109024224013091,-0.00958624719897824,1.60367572142693,NA
"1902","Sample_1912",1.61326196862591,0.247291904266664,0,"1902","2","1902",-0.0810087724056242,0.135708658717937,0.16628313186104,1.77954510048695,NA
"1903","Sample_1913",1.61326196862591,-0.0940282900847501,0,"1903","2","1903",0.208663554781352,0.137495303330476,0.114635264696602,1.72789723332251,NA
"1904","Sample_1914",1.61326196862591,-0.0466428382701644,0,"1904","2","1904",-0.343821277751721,0.099237380936828,-0.390464116021886,1.22279785260402,NA
"1905","Sample_1915",1.61326196862591,-0.0537489040272855,0,"1905","2","1905",-0.250975170619145,0.125838424616621,-0.30472407464643,1.30853789397948,NA
"1906","Sample_1916",1.61326196862591,-0.340270868605912,0,"1906","2","1906",-0.145723572481311,0.148371802090423,-0.485994441087223,1.12726752753869,NA
"1907","Sample_1917",1.61326196862591,-0.12396947566614,0,"1907","2","1907",0.12536746362731,0.164907165203426,0.00139798796117038,1.61465995658708,NA
"1908","Sample_1918",1.61326196862591,-0.229176026879164,0,"1908","2","1908",0.199141674899919,0.133308218644598,-0.0300343519792454,1.58322761664666,NA
"1909","Sample_1919",1.61326196862591,-0.229176026879164,0,"1909","2","1909",0.199141674899919,0.133308218644598,-0.0300343519792454,1.58322761664666,NA
"1910","Sample_1920",1.61326196862591,0.196295025977838,0,"1910","2","1910",-0.0329956887597437,0.109626400977682,0.163299337218094,1.776561305844,NA
"1911","Sample_1921",1.61326196862591,0.156184499314666,0,"1911","2","1911",0.100205881999841,0.108233504953768,0.256390381314507,1.86965234994041,NA
"1912","Sample_1922",1.61326196862591,-0.387487461026205,0,"1912","2","1912",0.0803241054108494,0.173579949746293,-0.307163355615355,1.30609861301055,NA
"1913","Sample_1923",1.61326196862591,0.0449207981936254,0,"1913","2","1913",0.081777789259528,0.136346863137367,0.126698587453153,1.73996055607906,NA
"1914","Sample_1924",1.61326196862591,-0.249699474138301,0,"1914","2","1914",0.218304928786561,0.124018362390805,-0.03139454535174,1.58186742327417,NA
"1915","Sample_1925",1.61326196862591,-0.249699474138301,0,"1915","2","1915",0.218304928786561,0.124018362390805,-0.03139454535174,1.58186742327417,NA
"1916","Sample_1926",1.61326196862591,0.176707946573803,0,"1916","2","1916",0.0810426281131971,0.117523361207558,0.257750574687,1.87101254331291,NA
"1917","Sample_1927",1.61326196862591,-0.0155148840328818,0,"1917","2","1917",0.341773767514223,0.203592253798992,0.326258883481341,1.93952085210725,NA
"1918","Sample_1928",1.61326196862591,0.196295025977838,0,"1918","2","1918",-0.0329956887597437,0.109626400977682,0.163299337218094,1.776561305844,NA
"1919","Sample_1929",1.61326196862591,-0.313746582839048,0,"1919","2","1919",-0.0261708418459169,0.126923572918526,-0.339917424684965,1.27334454394094,NA
"1920","Sample_1930",1.61326196862591,-0.0902269386007886,0,"1920","2","1920",0.0722559093780928,0.132159778451494,-0.0179710292226958,1.59529093940321,NA
"1921","Sample_1931",1.61326196862591,0.0921373906139183,0,"1921","2","1921",-0.144269888632639,0.111138715481489,-0.0521324980187203,1.56112947060719,NA
"1922","Sample_1932",1.61326196862591,0.203401091734959,0,"1922","2","1922",-0.125841795892313,0.0830253572978851,0.0775592958426455,1.69082126446855,NA
"1923","Sample_1933",1.61326196862591,0.0985012527230153,0,"1923","2","1923",0.408842625996819,0.137032109673745,0.507343878719835,2.12060584734574,NA
"1924","Sample_1934",1.61326196862591,0.0575147970937551,0,"1924","2","1924",-0.232547077878834,0.0977250664330256,-0.175032280785079,1.43822968784083,NA
"1925","Sample_1935",1.61326196862591,0.065613104847055,0,"1925","2","1925",-0.263822619268035,0.132586944653383,-0.19820951442098,1.41505245420493,NA
"1926","Sample_1936",1.61326196862591,-0.202482881718008,0,"1926","2","1926",-0.00774274910558918,0.0988102147349242,-0.210225630823597,1.40303633780231,NA
"1927","Sample_1937",1.61326196862591,0.203401091734959,0,"1927","2","1927",-0.125841795892313,0.0830253572978851,0.0775592958426455,1.69082126446855,NA
"1928","Sample_1938",1.61326196862591,0.0840390828606184,0,"1928","2","1928",-0.112994347243435,0.0762768372611278,-0.0289552643828161,1.58430670424309,NA
"1929","Sample_1939",1.61326196862591,-0.202482881718008,0,"1929","2","1929",-0.00774274910558918,0.0988102147349242,-0.210225630823597,1.40303633780231,NA
"1930","Sample_1940",1.61326196862591,0.125194397884171,0,"1930","2","1930",0.201958201991315,0.102534105764073,0.327152599875487,1.94041456850139,NA
"1931","Sample_1941",1.61326196862591,0.196295025977838,0,"1931","2","1931",-0.0329956887597437,0.109626400977682,0.163299337218094,1.776561305844,NA
"1932","Sample_1942",1.61326196862591,-0.116751224367652,0,"1932","2","1932",-0.0472968212573042,0.153608007623386,-0.164048045624956,1.44921392300095,NA
"1933","Sample_1943",1.61326196862591,-0.236225418783359,0,"1933","2","1933",0.0453688051436115,0.131557601486883,-0.190856613639747,1.42240535498616,NA
"1934","Sample_1944",1.61326196862591,0.0921373906139183,0,"1934","2","1934",-0.144269888632639,0.111138715481489,-0.0521324980187203,1.56112947060719,NA
"1935","Sample_1945",1.61326196862591,-0.202482881718008,0,"1935","2","1935",-0.00774274910558918,0.0988102147349242,-0.210225630823597,1.40303633780231,NA
"1936","Sample_1946",1.61326196862591,0.196295025977838,0,"1936","2","1936",-0.0329956887597437,0.109626400977682,0.163299337218094,1.776561305844,NA
"1937","Sample_1947",1.61326196862591,0.0515796653921542,0,"1937","2","1937",-0.190131708392453,0.103061022797609,-0.138552043000299,1.47470992562561,NA
"1938","Sample_1948",1.61326196862591,0.176876805968096,0,"1938","2","1938",-0.245394526527705,0.104473586469783,-0.0685177205596092,1.5447442480663,NA
"1939","Sample_1949",1.61326196862591,0.021036762520252,0,"1939","2","1939",0.0906840021184319,0.10404642026788,0.111720764638684,1.72498273326459,NA
"1940","Sample_1950",1.61326196862591,0.021036762520252,0,"1940","2","1940",0.0906840021184319,0.10404642026788,0.111720764638684,1.72498273326459,NA
"1941","Sample_1951",1.61326196862591,0.176876805968096,0,"1941","2","1941",-0.245394526527705,0.104473586469783,-0.0685177205596092,1.5447442480663,NA
"1942","Sample_1952",1.61326196862591,0.307558727098878,0,"1942","2","1942",-0.0145675960194219,0.0815130427940826,0.292991131079456,1.90625309970536,NA
"1943","Sample_1953",1.61326196862591,0.0308216519325989,0,"1943","2","1943",-0.0256626538733178,0.132223070342691,0.00515899805928112,1.61842096668519,NA
"1944","Sample_1954",1.61326196862591,-0.0902269386007886,0,"1944","2","1944",0.0722559093780928,0.132159778451494,-0.0179710292226958,1.59529093940321,NA
"1945","Sample_1955",1.61326196862591,0.0139306967631309,0,"1945","2","1945",0.183530109250991,0.130647463947673,0.197460806014122,1.81072277464003,NA
"1946","Sample_1956",1.61326196862591,-0.0538610895686521,0,"1946","2","1946",-0.171156992867126,0.110536538516891,-0.225018082435778,1.38824388619013,NA
"1947","Sample_1957",1.61326196862591,0.307558727098878,0,"1947","2","1947",-0.0145675960194219,0.0815130427940826,0.292991131079456,1.90625309970536,NA
"1948","Sample_1958",1.61326196862591,0.203401091734959,0,"1948","2","1948",-0.125841795892313,0.0830253572978851,0.0775592958426455,1.69082126446855,NA
"1949","Sample_1959",1.61326196862591,0.0985012527230153,0,"1949","2","1949",0.408842625996819,0.137032109673745,0.507343878719835,2.12060584734574,NA
"1950","Sample_1960",1.61326196862591,0.0249249021017829,0,"1950","2","1950",-0.291681494498331,0.128519053480401,-0.266756592396548,1.34650537622936,NA
"1951","Sample_1961",1.61326196862591,-0.00565638264090413,0,"1951","2","1951",0.29756842612393,0.138544424177553,0.291912043483026,1.90517401210893,NA
"1952","Sample_1962",1.61326196862591,0.176707946573803,0,"1952","2","1952",0.0810426281131971,0.117523361207558,0.257750574687,1.87101254331291,NA
"1953","Sample_1963",1.61326196862591,0.125194397884171,0,"1953","2","1953",0.201958201991315,0.102534105764073,0.327152599875487,1.94041456850139,NA
"1954","Sample_1964",1.61326196862591,0.0502965457952674,0,"1954","2","1954",-0.0598827929942456,0.109024224013091,-0.00958624719897824,1.60367572142693,NA
"1955","Sample_1965",1.61326196862591,0.280865581937722,0,"1955","2","1955",0.192316827986082,0.116011046703751,0.473182409923804,2.08644437854971,NA
"1956","Sample_1966",1.61326196862591,-0.020118552503301,0,"1956","2","1956",-0.224268547116318,0.077789151764933,-0.244387099619619,1.36887486900629,NA
"1957","Sample_1967",1.61326196862591,-0.256805539895422,0,"1957","2","1957",0.311151035919137,0.150619406070602,0.0543454960237149,1.66760746464962,NA
"1958","Sample_1968",1.61326196862591,0.144248529105339,0,"1958","2","1958",0.00390526696419048,0.144307546744033,0.148153796069529,1.76141576469544,NA
"1959","Sample_1969",1.61326196862591,0.0840390828606184,0,"1959","2","1959",-0.112994347243435,0.0762768372611278,-0.0289552643828161,1.58430670424309,NA
"1960","Sample_1970",1.61326196862591,0.0840390828606184,0,"1960","2","1960",-0.112994347243435,0.0762768372611278,-0.0289552643828161,1.58430670424309,NA
"1961","Sample_1971",1.61326196862591,0.203401091734959,0,"1961","2","1961",-0.125841795892313,0.0830253572978851,0.0775592958426455,1.69082126446855,NA
"1962","Sample_1972",1.61326196862591,0.0779778054638785,0,"1962","2","1962",0.428005879883476,0.127742253419951,0.505983685347355,2.11924565397326,NA
"1963","Sample_1973",1.61326196862591,0.00517742262054778,0,"1963","2","1963",-0.0038266410133309,0.199832335315022,0.00135078160721688,1.61461275023312,NA
"1964","Sample_1974",1.61326196862591,0.203401091734959,0,"1964","2","1964",-0.125841795892313,0.0830253572978851,0.0775592958426455,1.69082126446855,NA
"1965","Sample_1975",1.61326196862591,-0.0466428382701644,0,"1965","2","1965",-0.343821277751721,0.099237380936828,-0.390464116021886,1.22279785260402,NA
"1966","Sample_1976",1.61326196862591,-0.157906539391205,0,"1966","2","1966",-0.362249370492055,0.127350739120431,-0.52015590988326,1.09310605874265,NA
"1967","Sample_1977",1.61326196862591,-0.0938594306904573,0,"1967","2","1967",-0.117773599859566,0.124445528592714,-0.211633030550023,1.40162893807588,NA
"1968","Sample_1978",1.61326196862591,-0.0902269386007886,0,"1968","2","1968",0.0722559093780928,0.132159778451494,-0.0179710292226958,1.59529093940321,NA
"1969","Sample_1979",1.61326196862591,-0.124849532120952,0,"1969","2","1969",-0.0160212798680964,0.118746129403016,-0.140870811989048,1.47239115663686,NA
"1970","Sample_1980",1.61326196862591,0.122385288396389,0,"1970","2","1970",0.399936413137918,0.169332552543223,0.522321701534307,2.13558367016021,NA
"1971","Sample_1981",1.61326196862591,-0.0983252463540884,0,"1971","2","1971",0.103531450767297,0.0972979002311195,0.00520620441320896,1.61846817303912,NA
"1972","Sample_1982",1.61326196862591,0.021036762520252,0,"1972","2","1972",0.0906840021184319,0.10404642026788,0.111720764638684,1.72498273326459,NA
"1973","Sample_1983",1.61326196862591,0.0986701121173081,0,"1973","2","1973",0.0824054713559145,0.123982334935969,0.181075583473223,1.79433755209913,NA
"1974","Sample_1984",1.61326196862591,-0.0539177634215783,0,"1974","2","1974",0.0754619840217534,0.138888199354405,0.0215442206001751,1.63480618922608,NA
"1975","Sample_1985",1.61326196862591,-0.020118552503301,0,"1975","2","1975",-0.224268547116318,0.077789151764933,-0.244387099619619,1.36887486900629,NA
"1976","Sample_1986",1.61326196862591,0.307558727098878,0,"1976","2","1976",-0.0145675960194219,0.0815130427940826,0.292991131079456,1.90625309970536,NA
"1977","Sample_1987",1.61326196862591,0.0779778054638785,0,"1977","2","1977",0.428005879883476,0.127742253419951,0.505983685347355,2.11924565397326,NA
"1978","Sample_1988",1.61326196862591,-0.0538610895686521,0,"1978","2","1978",-0.171156992867126,0.110536538516891,-0.225018082435778,1.38824388619013,NA
"1979","Sample_1989",1.61326196862591,-0.0468116976644572,0,"1979","2","1979",-0.0173841231108059,0.112287155674602,-0.0641958207752631,1.54906614785064,NA
"1980","Sample_1990",1.61326196862591,0.0395175494876878,0,"1980","2","1980",0.212152534212413,0.185264524382113,0.251670083700101,1.86493205232601,NA
"1981","Sample_1991",1.61326196862591,0.122385288396389,0,"1981","2","1981",0.399936413137918,0.169332552543223,0.522321701534307,2.13558367016021,NA
"1982","Sample_1992",1.61326196862591,-0.340270868605912,0,"1982","2","1982",-0.145723572481311,0.148371802090423,-0.485994441087223,1.12726752753869,NA
"1983","Sample_1993",1.61326196862591,0.0139306967631309,0,"1983","2","1983",0.183530109250991,0.130647463947673,0.197460806014122,1.81072277464003,NA
"1984","Sample_1994",1.61326196862591,0.125194397884171,0,"1984","2","1984",0.201958201991315,0.102534105764073,0.327152599875487,1.94041456850139,NA
"1985","Sample_1995",1.61326196862591,0.0575147970937551,0,"1985","2","1985",-0.232547077878834,0.0977250664330256,-0.175032280785079,1.43822968784083,NA
"1986","Sample_1996",1.61326196862591,0.176876805968096,0,"1986","2","1986",-0.245394526527705,0.104473586469783,-0.0685177205596092,1.5447442480663,NA
"1987","Sample_1997",1.61326196862591,-0.0673351449235939,0,"1987","2","1987",0.00177913077582782,0.102997299420821,-0.0655560141477661,1.54770595447814,NA
"1988","Sample_1998",1.61326196862591,0.021036762520252,0,"1988","2","1988",0.0906840021184319,0.10404642026788,0.111720764638684,1.72498273326459,NA
"1989","Sample_1999",1.61326196862591,0.0573459376994623,0,"1989","2","1989",0.0938900767620725,0.110774841170802,0.151236014461535,1.76449798308744,NA
"1990","Sample_2000",1.61326196862591,0.196295025977838,0,"1990","2","1990",-0.0329956887597437,0.109626400977682,0.163299337218094,1.776561305844,NA
"1991","Sample_2001",1.61326196862591,0.0840390828606184,0,"1991","2","1991",-0.112994347243435,0.0762768372611278,-0.0289552643828161,1.58430670424309,NA
"1992","Sample_2002",1.61326196862591,-0.020118552503301,0,"1992","2","1992",-0.224268547116318,0.077789151764933,-0.244387099619619,1.36887486900629,NA
"1993","Sample_2003",1.61326196862591,0.307558727098878,0,"1993","2","1993",-0.0145675960194219,0.0815130427940826,0.292991131079456,1.90625309970536,NA
"1994","Sample_2004",1.61326196862591,0.281034441332015,0,"1994","2","1994",-0.134120326654819,0.102961271965978,0.146914114677196,1.7601760833031,NA
"1995","Sample_2005",1.61326196862591,0.307558727098878,0,"1995","2","1995",-0.0145675960194219,0.0815130427940826,0.292991131079456,1.90625309970536,NA
"1996","Sample_2006",1.61326196862591,0.176707946573803,0,"1996","2","1996",0.0810426281131971,0.117523361207558,0.257750574687,1.87101254331291,NA
"1997","Sample_2007",1.61326196862591,0.281034441332015,0,"1997","2","1997",-0.134120326654819,0.102961271965978,0.146914114677196,1.7601760833031,NA
"1998","Sample_2008",1.61326196862591,0.129660213547803,0,"1998","2","1998",-0.0193468486355659,0.129681734125669,0.110313364912237,1.72357533353814,NA
"1999","Sample_2009",1.61326196862591,0.0178371283268032,0,"1999","2","1999",-0.137020154143247,0.135808409549567,-0.119183025816444,1.49407894280946,NA
"2000","Sample_2010",1.61326196862591,-0.249699474138301,0,"2000","2","2000",0.218304928786561,0.124018362390805,-0.03139454535174,1.58186742327417,NA
"2001","Sample_2011",1.61326196862591,-0.202482881718008,0,"2001","2","2001",-0.00774274910558918,0.0988102147349242,-0.210225630823597,1.40303633780231,NA
"2002","Sample_2012",1.61326196862591,-0.202482881718008,0,"2002","2","2002",-0.00774274910558918,0.0988102147349242,-0.210225630823597,1.40303633780231,NA
"2003","Sample_2013",1.61326196862591,-0.020118552503301,0,"2003","2","2003",-0.224268547116318,0.077789151764933,-0.244387099619619,1.36887486900629,NA
"2004","Sample_2014",1.61326196862591,0.280865581937722,0,"2004","2","2004",0.192316827986082,0.116011046703751,0.473182409923804,2.08644437854971,NA
"2005","Sample_2015",1.61326196862591,-0.137443531021081,0,"2005","2","2005",0.298303587270257,0.157367926107355,0.160860056249175,1.77412202487508,NA
"2006","Sample_2016",1.61326196862591,-0.0938594306904573,0,"2006","2","2006",-0.117773599859566,0.124445528592714,-0.211633030550023,1.40162893807588,NA
"2007","Sample_2017",1.61326196862591,0.0840390828606184,0,"2007","2","2007",-0.112994347243435,0.0762768372611278,-0.0289552643828161,1.58430670424309,NA
"2008","Sample_2018",1.61326196862591,-0.108183747746066,0,"2008","2","2008",0.147736792157595,0.162345729852565,0.0395530444115289,1.65281501303744,NA
"2009","Sample_2019",1.61326196862591,0.0779778054638785,0,"2009","2","2009",0.428005879883476,0.127742253419951,0.505983685347355,2.11924565397326,NA
"2010","Sample_2020",1.61326196862591,-0.0466428382701644,0,"2010","2","2010",-0.343821277751721,0.099237380936828,-0.390464116021886,1.22279785260402,NA
"2011","Sample_2021",1.61326196862591,-0.0468116976644572,0,"2011","2","2011",-0.0173841231108059,0.112287155674602,-0.0641958207752631,1.54906614785064,NA
"2012","Sample_2022",1.61326196862591,-0.020118552503301,0,"2012","2","2012",-0.224268547116318,0.077789151764933,-0.244387099619619,1.36887486900629,NA
"2013","Sample_2023",1.61326196862591,-0.202482881718008,0,"2013","2","2013",-0.00774274910558918,0.0988102147349242,-0.210225630823597,1.40303633780231,NA
"2014","Sample_2024",1.61326196862591,0.254341296170859,0,"2014","2","2014",0.0727640973506913,0.137459275875648,0.32710539352155,1.94036736214746,NA
"2015","Sample_2025",1.61326196862591,-0.0983252463540884,0,"2015","2","2015",0.103531450767297,0.0972979002311195,0.00520620441320896,1.61846817303912,NA
"2016","Sample_2026",1.61326196862591,-0.020118552503301,0,"2016","2","2016",-0.224268547116318,0.077789151764933,-0.244387099619619,1.36887486900629,NA
"2017","Sample_2027",1.61326196862591,-0.0983252463540884,0,"2017","2","2017",0.103531450767297,0.0972979002311195,0.00520620441320896,1.61846817303912,NA
"2018","Sample_2028",1.61326196862591,0.0921373906139183,0,"2018","2","2018",-0.144269888632639,0.111138715481489,-0.0521324980187203,1.56112947060719,NA
"2019","Sample_2029",1.61326196862591,0.203401091734959,0,"2019","2","2019",-0.125841795892313,0.0830253572978851,0.0775592958426455,1.69082126446855,NA
"2020","Sample_2030",1.61326196862591,0.169658554669608,0,"2020","2","2020",-0.0727302416431141,0.115772744049838,0.0969283130264937,1.7101902816524,NA
"2021","Sample_2031",1.61326196862591,0.196295025977838,0,"2021","2","2021",-0.0329956887597437,0.109626400977682,0.163299337218094,1.776561305844,NA
"2022","Sample_2032",1.61326196862591,0.0111782611282744,0,"2022","2","2022",0.134889343508709,0.169094249889327,0.146067604636984,1.75932957326289,NA
"2023","Sample_2033",1.61326196862591,-0.236113233241992,0,"2023","2","2023",-0.0344493726084134,0.146859487586619,-0.270562605850406,1.3426993627755,NA
"2024","Sample_2034",1.61326196862591,0.200075311846371,0,"2024","2","2024",0.145038905486537,0.160916806373814,0.345114217332908,1.95837618595882,NA
"2025","Sample_2035",1.61326196862591,-0.020118552503301,0,"2025","2","2025",-0.224268547116318,0.077789151764933,-0.244387099619619,1.36887486900629,NA
"2026","Sample_2036",1.61326196862591,-0.033285895657162,0,"2026","2","2026",0.409577787143145,0.155855611603553,0.376291891485983,1.98955386011189,NA
"2027","Sample_2037",1.61326196862591,0.0449207981936254,0,"2027","2","2027",0.081777789259528,0.136346863137367,0.126698587453153,1.73996055607906,NA
"2028","Sample_2038",1.61326196862591,0.0921373906139183,0,"2028","2","2028",-0.144269888632639,0.111138715481489,-0.0521324980187203,1.56112947060719,NA
"2029","Sample_2039",1.61326196862591,-0.366964013767068,0,"2029","2","2029",0.0611608515241973,0.18286980600009,-0.305803162242871,1.30745880638304,NA
"2030","Sample_2040",1.61326196862591,-0.12396947566614,0,"2030","2","2030",0.12536746362731,0.164907165203426,0.00139798796117038,1.61465995658708,NA
"2031","Sample_2041",1.61326196862591,0.0840390828606184,0,"2031","2","2031",-0.112994347243435,0.0762768372611278,-0.0289552643828161,1.58430670424309,NA
"2032","Sample_2042",1.61326196862591,-0.131382253624342,0,"2032","2","2032",-0.242696639856642,0.105902509948532,-0.374078893480984,1.23918307514492,NA
"2033","Sample_2043",1.61326196862591,-0.393422592727806,0,"2033","2","2033",0.122739474897241,0.178915906110883,-0.270683117830564,1.34257885079534,NA
"2034","Sample_2044",1.61326196862591,-0.0902269386007886,0,"2034","2","2034",0.0722559093780928,0.132159778451494,-0.0179710292226958,1.59529093940321,NA
"2035","Sample_2045",1.61326196862591,0.176707946573803,0,"2035","2","2035",0.0810426281131971,0.117523361207558,0.257750574687,1.87101254331291,NA
"2036","Sample_2046",1.61326196862591,-0.209588947475129,0,"2036","2","2036",0.0851033580269817,0.125411258414718,-0.124485589448147,1.48877637917776,NA
"2037","Sample_2047",1.61326196862591,-0.0983252463540884,0,"2037","2","2037",0.103531450767297,0.0972979002311195,0.00520620441320896,1.61846817303912,NA
"2038","Sample_2048",1.61326196862591,-0.0272246182604222,0,"2038","2","2038",-0.13142243998376,0.104390195444723,-0.158647058244182,1.45461491038173,NA
"2039","Sample_2049",1.61326196862591,0.021036762520252,0,"2039","2","2039",0.0906840021184319,0.10404642026788,0.111720764638684,1.72498273326459,NA
"2040","Sample_2050",1.61326196862591,0.307558727098878,0,"2040","2","2040",-0.0145675960194219,0.0815130427940826,0.292991131079456,1.90625309970536,NA
"2041","Sample_2051",1.61326196862591,-0.074441210680715,0,"2041","2","2041",0.0946252379084117,0.129598343100607,0.0201840272276966,1.6334459958536,NA
"2042","Sample_2052",1.61326196862591,0.071976966956152,0,"2042","2","2042",0.289289895361424,0.158480338845639,0.361266862317576,1.97452883094348,NA
"2043","Sample_2053",1.61326196862591,-0.143444369528808,0,"2043","2","2043",0.159587602748211,0.188106011533048,0.0161432332194031,1.62940520184531,NA
"2044","Sample_2054",1.61326196862591,-0.0805542347298082,0,"2044","2","2044",0.0357274311383712,0.145034542426569,-0.0448268035914371,1.56843516503447,NA
"2045","Sample_2055",1.61326196862591,-0.0983252463540884,0,"2045","2","2045",0.103531450767297,0.0972979002311195,0.00520620441320896,1.61846817303912,NA
"2046","Sample_2056",1.61326196862591,0.0139306967631309,0,"2046","2","2046",0.183530109250991,0.130647463947673,0.197460806014122,1.81072277464003,NA
"2047","Sample_2057",1.61326196862591,0.203401091734959,0,"2047","2","2047",-0.125841795892313,0.0830253572978851,0.0775592958426455,1.69082126446855,NA
"2048","Sample_2058",1.61326196862591,0.125194397884171,0,"2048","2","2048",0.201958201991315,0.102534105764073,0.327152599875487,1.94041456850139,NA
"2049","Sample_2059",1.61326196862591,0.129660213547803,0,"2049","2","2049",-0.0193468486355659,0.129681734125669,0.110313364912237,1.72357533353814,NA
"2050","Sample_2060",1.61326196862591,0.0840390828606184,0,"2050","2","2050",-0.112994347243435,0.0762768372611278,-0.0289552643828161,1.58430670424309,NA
"2051","Sample_2061",1.61326196862591,-0.046518114104673,0,"2051","2","2051",-0.267343026105445,0.104493674241325,-0.313861140210118,1.29940082841579,NA
"2052","Sample_2062",1.61326196862591,-0.249699474138301,0,"2052","2","2052",0.218304928786561,0.124018362390805,-0.03139454535174,1.58186742327417,NA
"2053","Sample_2063",1.61326196862591,0.0840390828606184,0,"2053","2","2053",-0.112994347243435,0.0762768372611278,-0.0289552643828161,1.58430670424309,NA
"2054","Sample_2064",1.61326196862591,-0.0538610895686521,0,"2054","2","2054",-0.171156992867126,0.110536538516891,-0.225018082435778,1.38824388619013,NA
"2055","Sample_2065",1.61326196862591,0.021036762520252,0,"2055","2","2055",0.0906840021184319,0.10404642026788,0.111720764638684,1.72498273326459,NA
"2056","Sample_2066",1.61326196862591,0.176876805968096,0,"2056","2","2056",-0.245394526527705,0.104473586469783,-0.0685177205596092,1.5447442480663,NA
"2057","Sample_2067",1.61326196862591,-0.125018391515245,0,"2057","2","2057",0.310415874772815,0.131795904140789,0.185397483257571,1.79865945188348,NA
"2058","Sample_2068",1.61326196862591,-0.236225418783359,0,"2058","2","2058",0.0453688051436115,0.131557601486883,-0.190856613639747,1.42240535498616,NA
"2059","Sample_2069",1.61326196862591,-0.0983252463540884,0,"2059","2","2059",0.103531450767297,0.0972979002311195,0.00520620441320896,1.61846817303912,NA
"2060","Sample_2070",1.61326196862591,-0.0272246182604222,0,"2060","2","2060",-0.13142243998376,0.104390195444723,-0.158647058244182,1.45461491038173,NA
"2061","Sample_2071",1.61326196862591,-0.143444369528808,0,"2061","2","2061",0.159587602748211,0.188106011533048,0.0161432332194031,1.62940520184531,NA
"2062","Sample_2072",1.61326196862591,-0.0983252463540884,0,"2062","2","2062",0.103531450767297,0.0972979002311195,0.00520620441320896,1.61846817303912,NA
"2063","Sample_2073",1.61326196862591,0.196295025977838,0,"2063","2","2063",-0.0329956887597437,0.109626400977682,0.163299337218094,1.776561305844,NA
"2064","Sample_2074",1.61326196862591,0.125194397884171,0,"2064","2","2064",0.201958201991315,0.102534105764073,0.327152599875487,1.94041456850139,NA
"2065","Sample_2075",1.61326196862591,0.125194397884171,0,"2065","2","2065",0.201958201991315,0.102534105764073,0.327152599875487,1.94041456850139,NA
"2066","Sample_2076",1.61326196862591,-0.0983252463540884,0,"2066","2","2066",0.103531450767297,0.0972979002311195,0.00520620441320896,1.61846817303912,NA
"2067","Sample_2077",1.61326196862591,-0.0468116976644572,0,"2067","2","2067",-0.0173841231108059,0.112287155674602,-0.0641958207752631,1.54906614785064,NA
"2068","Sample_2078",1.61326196862591,-0.313746582839048,0,"2068","2","2068",-0.0261708418459169,0.126923572918526,-0.339917424684965,1.27334454394094,NA
"2069","Sample_2079",1.61326196862591,0.0575147970937551,0,"2069","2","2069",-0.232547077878834,0.0977250664330256,-0.175032280785079,1.43822968784083,NA
"2070","Sample_2080",1.61326196862591,0.176707946573803,0,"2070","2","2070",0.0810426281131971,0.117523361207558,0.257750574687,1.87101254331291,NA
"2071","Sample_2081",1.61326196862591,-0.131382253624342,0,"2071","2","2071",-0.242696639856642,0.105902509948532,-0.374078893480984,1.23918307514492,NA
"2072","Sample_2082",1.61326196862591,-0.116920083761945,0,"2072","2","2072",0.279140333383614,0.166657782361143,0.16222024962167,1.77548221824758,NA
"2073","Sample_2083",1.61326196862591,0.281034441332015,0,"2073","2","2073",-0.134120326654819,0.102961271965978,0.146914114677196,1.7601760833031,NA
"2074","Sample_2084",1.61326196862591,0.0840390828606184,0,"2074","2","2074",-0.112994347243435,0.0762768372611278,-0.0289552643828161,1.58430670424309,NA
"2075","Sample_2085",1.61326196862591,0.0985012527230153,0,"2075","2","2075",0.408842625996819,0.137032109673745,0.507343878719835,2.12060584734574,NA
"2076","Sample_2086",1.61326196862591,0.260342134678585,0,"2076","2","2076",0.211480081872726,0.106721190449964,0.471822216551312,2.08508418517722,NA
"2077","Sample_2087",1.61326196862591,-0.313746582839048,0,"2077","2","2077",-0.0261708418459169,0.126923572918526,-0.339917424684965,1.27334454394094,NA
"2078","Sample_2088",1.61326196862591,0.307558727098878,0,"2078","2","2078",-0.0145675960194219,0.0815130427940826,0.292991131079456,1.90625309970536,NA
"2079","Sample_2089",1.61326196862591,-0.150493761433003,0,"2079","2","2079",0.00581473299189028,0.186355394375341,-0.144679028441113,1.46858294018479,NA
"2080","Sample_2090",1.61326196862591,0.0692245313212954,0,"2080","2","2080",0.240649129619123,0.196927124787289,0.309873660940419,1.92313562956633,NA
"2081","Sample_2091",1.61326196862591,-0.00548752324661133,0,"2081","2","2081",-0.028868728516971,0.125494649439773,-0.0343562517635823,1.57890571686233,NA
"2082","Sample_2092",1.61326196862591,-0.124849532120952,0,"2082","2","2082",-0.0160212798680964,0.118746129403016,-0.140870811989048,1.47239115663686,NA
"2083","Sample_2093",1.61326196862591,0.0102982046734621,0,"2083","2","2083",-0.00649939998667262,0.122933214088894,0.00379880468678953,1.6170607733127,NA
"2084","Sample_2094",1.61326196862591,0.307558727098878,0,"2084","2","2084",-0.0145675960194219,0.0815130427940826,0.292991131079456,1.90625309970536,NA
"2085","Sample_2095",1.61326196862591,-0.0125935890037325,0,"2085","2","2085",0.0639773786156015,0.152095693119564,0.051383789611869,1.66464575823778,NA
"2086","Sample_2096",1.61326196862591,0.0840390828606184,0,"2086","2","2086",-0.112994347243435,0.0762768372611278,-0.0289552643828161,1.58430670424309,NA
"2087","Sample_2097",1.61326196862591,-0.313746582839048,0,"2087","2","2087",-0.0261708418459169,0.126923572918526,-0.339917424684965,1.27334454394094,NA
"2088","Sample_2098",1.61326196862591,0.0840390828606184,0,"2088","2","2088",-0.112994347243435,0.0762768372611278,-0.0289552643828161,1.58430670424309,NA
"2089","Sample_2099",1.61326196862591,0.203401091734959,0,"2089","2","2089",-0.125841795892313,0.0830253572978851,0.0775592958426455,1.69082126446855,NA
"2090","Sample_2100",1.61326196862591,0.0101293452791694,0,"2090","2","2090",0.319937754654219,0.135982988826685,0.330067099933389,1.9433290685593,NA
"2091","Sample_2101",1.61326196862591,-0.00536279908112001,0,"2091","2","2091",0.0476095231292885,0.130750942744281,0.0422467240481685,1.65550869267408,NA
"2092","Sample_2102",1.61326196862591,-0.387656320420498,0,"2092","2","2092",0.406761260051764,0.18662972448409,0.0191049396312664,1.63236690825717,NA
"2093","Sample_2103",1.61326196862591,-0.0673351449235939,0,"2093","2","2093",0.00177913077582782,0.102997299420821,-0.0655560141477661,1.54770595447814,NA
"2094","Sample_2104",1.61326196862591,0.156184499314666,0,"2094","2","2094",0.100205881999841,0.108233504953768,0.256390381314507,1.86965234994041,NA
"2095","Sample_2105",1.61326196862591,0.281034441332015,0,"2095","2","2095",-0.134120326654819,0.102961271965978,0.146914114677196,1.7601760833031,NA
"2096","Sample_2106",1.61326196862591,-0.131382253624342,0,"2096","2","2096",-0.242696639856642,0.105902509948532,-0.374078893480984,1.23918307514492,NA
"2097","Sample_2107",1.61326196862591,-0.131382253624342,0,"2097","2","2097",-0.242696639856642,0.105902509948532,-0.374078893480984,1.23918307514492,NA
"2098","Sample_2108",1.61326196862591,0.021036762520252,0,"2098","2","2098",0.0906840021184319,0.10404642026788,0.111720764638684,1.72498273326459,NA
"2099","Sample_2109",1.61326196862591,-0.256805539895422,0,"2099","2","2099",0.311151035919137,0.150619406070602,0.0543454960237149,1.66760746464962,NA
"2100","Sample_2110",1.61326196862591,-0.0539177634215783,0,"2100","2","2100",0.0754619840217534,0.138888199354405,0.0215442206001751,1.63480618922608,NA
"2101","Sample_2111",1.61326196862591,-0.125018391515245,0,"2101","2","2101",0.310415874772815,0.131795904140789,0.185397483257571,1.79865945188348,NA
"2102","Sample_2112",1.61326196862591,0.227882717210121,0,"2102","2","2102",0.134342720723721,0.133505375986443,0.362225437933843,1.97548740655975,NA
"2103","Sample_2113",1.61326196862591,-0.0420391697997451,0,"2103","2","2103",0.2222210368788,0.225040482970892,0.180181867079055,1.79344383570496,NA
"2104","Sample_2114",1.61326196862591,-0.131382253624342,0,"2104","2","2104",-0.242696639856642,0.105902509948532,-0.374078893480984,1.23918307514492,NA
"2105","Sample_2115",1.61326196862591,-0.020118552503301,0,"2105","2","2105",-0.224268547116318,0.077789151764933,-0.244387099619619,1.36887486900629,NA
"2106","Sample_2116",1.61326196862591,0.196295025977838,0,"2106","2","2106",-0.0329956887597437,0.109626400977682,0.163299337218094,1.776561305844,NA
"2107","Sample_2117",1.61326196862591,-0.0537489040272855,0,"2107","2","2107",-0.250975170619145,0.125838424616621,-0.30472407464643,1.30853789397948,NA
"2108","Sample_2118",1.61326196862591,0.0779778054638785,0,"2108","2","2108",0.428005879883476,0.127742253419951,0.505983685347355,2.11924565397326,NA
"2109","Sample_2119",1.61326196862591,0.273816190033527,0,"2109","2","2109",0.0385439582297692,0.114260429546038,0.312360148263296,1.9256221168892,NA
"2110","Sample_2120",1.61326196862591,-0.0983252463540884,0,"2110","2","2110",0.103531450767297,0.0972979002311195,0.00520620441320896,1.61846817303912,NA
"2111","Sample_2121",1.61326196862591,-0.020118552503301,0,"2111","2","2111",-0.224268547116318,0.077789151764933,-0.244387099619619,1.36887486900629,NA
"2112","Sample_2122",1.61326196862591,0.196295025977838,0,"2112","2","2112",-0.0329956887597437,0.109626400977682,0.163299337218094,1.776561305844,NA
"2113","Sample_2123",1.61326196862591,-0.020118552503301,0,"2113","2","2113",-0.224268547116318,0.077789151764933,-0.244387099619619,1.36887486900629,NA
"2114","Sample_2124",1.61326196862591,0.0921373906139183,0,"2114","2","2114",-0.144269888632639,0.111138715481489,-0.0521324980187203,1.56112947060719,NA
"2115","Sample_2125",1.61326196862591,0.0368224904403255,0,"2115","2","2115",0.113053330648722,0.101484984917003,0.149875821089047,1.76313778971495,NA
"2116","Sample_2126",1.61326196862591,-0.202482881718008,0,"2116","2","2116",-0.00774274910558918,0.0988102147349242,-0.210225630823597,1.40303633780231,NA
"2117","Sample_2127",1.61326196862591,-0.157906539391205,0,"2117","2","2117",-0.362249370492055,0.127350739120431,-0.52015590988326,1.09310605874265,NA
"2118","Sample_2128",1.61326196862591,0.169601880816682,0,"2118","2","2118",0.173888735245762,0.144124404887359,0.343490616062443,1.95675258468835,NA
"2119","Sample_2129",1.61326196862591,0.0986701121173081,0,"2119","2","2119",0.0824054713559145,0.123982334935969,0.181075583473223,1.79433755209913,NA
"2120","Sample_2130",1.61326196862591,0.0840390828606184,0,"2120","2","2120",-0.112994347243435,0.0762768372611278,-0.0289552643828161,1.58430670424309,NA
"2121","Sample_2131",1.61326196862591,0.0368224904403255,0,"2121","2","2121",0.113053330648722,0.101484984917003,0.149875821089047,1.76313778971495,NA
"2122","Sample_2132",1.61326196862591,-0.262918563944515,0,"2122","2","2122",0.252253229149111,0.166055605396556,-0.0106653347954039,1.6025966338305,NA
"2123","Sample_2133",1.61326196862591,-0.313746582839048,0,"2123","2","2123",-0.0261708418459169,0.126923572918526,-0.339917424684965,1.27334454394094,NA
"2124","Sample_2134",1.61326196862591,0.0139306967631309,0,"2124","2","2124",0.183530109250991,0.130647463947673,0.197460806014122,1.81072277464003,NA
"2125","Sample_2135",1.61326196862591,0.0840390828606184,0,"2125","2","2125",-0.112994347243435,0.0762768372611278,-0.0289552643828161,1.58430670424309,NA
"2126","Sample_2136",1.61326196862591,0.177001530133587,0,"2126","2","2126",-0.168916274881443,0.109729879774284,0.00808525525214393,1.62134722387805,NA
"2127","Sample_2137",1.61326196862591,0.0139306967631309,0,"2127","2","2127",0.183530109250991,0.130647463947673,0.197460806014122,1.81072277464003,NA
"2128","Sample_2138",1.61326196862591,0.021036762520252,0,"2128","2","2128",0.0906840021184319,0.10404642026788,0.111720764638684,1.72498273326459,NA
"2129","Sample_2139",1.61326196862591,-0.131382253624342,0,"2129","2","2129",-0.242696639856642,0.105902509948532,-0.374078893480984,1.23918307514492,NA
"2130","Sample_2140",1.61326196862591,-0.116751224367652,0,"2130","2","2130",-0.0472968212573042,0.153608007623386,-0.164048045624956,1.44921392300095,NA
"2131","Sample_2141",1.61326196862591,0.0840390828606184,0,"2131","2","2131",-0.112994347243435,0.0762768372611278,-0.0289552643828161,1.58430670424309,NA
"2132","Sample_2142",1.61326196862591,-0.0272246182604222,0,"2132","2","2132",-0.13142243998376,0.104390195444723,-0.158647058244182,1.45461491038173,NA
"2133","Sample_2143",1.61326196862591,0.021036762520252,0,"2133","2","2133",0.0906840021184319,0.10404642026788,0.111720764638684,1.72498273326459,NA
"2134","Sample_2144",1.61326196862591,-0.116920083761945,0,"2134","2","2134",0.279140333383614,0.166657782361143,0.16222024962167,1.77548221824758,NA
"2135","Sample_2145",1.61326196862591,-0.184599684552361,0,"2135","2","2135",-0.155364946486541,0.161848743030101,-0.339964631038902,1.27329733758701,NA
"2136","Sample_2146",1.61326196862591,-0.0125935890037325,0,"2136","2","2136",0.0639773786156015,0.152095693119564,0.051383789611869,1.66464575823778,NA
"2137","Sample_2147",1.61326196862591,0.0840390828606184,0,"2137","2","2137",-0.112994347243435,0.0762768372611278,-0.0289552643828161,1.58430670424309,NA
"2138","Sample_2148",1.61326196862591,0.0139306967631309,0,"2138","2","2138",0.183530109250991,0.130647463947673,0.197460806014122,1.81072277464003,NA
"2139","Sample_2149",1.61326196862591,-0.0609671553257732,0,"2139","2","2139",-0.0783108857345537,0.137137582196677,-0.139278041060327,1.47398392756558,NA
"2140","Sample_2150",1.61326196862591,0.203401091734959,0,"2140","2","2140",-0.125841795892313,0.0830253572978851,0.0775592958426455,1.69082126446855,NA
"2141","Sample_2151",1.61326196862591,-0.313746582839048,0,"2141","2","2141",-0.0261708418459169,0.126923572918526,-0.339917424684965,1.27334454394094,NA
"2142","Sample_2152",1.61326196862591,0.0986701121173081,0,"2142","2","2142",0.0824054713559145,0.123982334935969,0.181075583473223,1.79433755209913,NA
"2143","Sample_2153",1.61326196862591,0.203401091734959,0,"2143","2","2143",-0.125841795892313,0.0830253572978851,0.0775592958426455,1.69082126446855,NA
"2144","Sample_2154",1.61326196862591,0.203401091734959,0,"2144","2","2144",-0.125841795892313,0.0830253572978851,0.0775592958426455,1.69082126446855,NA
"2145","Sample_2155",1.61326196862591,-0.0127624483980253,0,"2145","2","2145",0.390414533256503,0.165145467857346,0.377652084858477,1.99091405348439,NA
"2146","Sample_2156",1.61326196862591,-0.0468116976644572,0,"2146","2","2146",-0.0173841231108059,0.112287155674602,-0.0641958207752631,1.54906614785064,NA
"2147","Sample_2157",1.61326196862591,0.307558727098878,0,"2147","2","2147",-0.0145675960194219,0.0815130427940826,0.292991131079456,1.90625309970536,NA
"2148","Sample_2158",1.61326196862591,0.0840390828606184,0,"2148","2","2148",-0.112994347243435,0.0762768372611278,-0.0289552643828161,1.58430670424309,NA
"2149","Sample_2159",1.61326196862591,-0.125018391515245,0,"2149","2","2149",0.310415874772815,0.131795904140789,0.185397483257571,1.79865945188348,NA
"2150","Sample_2160",1.61326196862591,-0.020118552503301,0,"2150","2","2150",-0.224268547116318,0.077789151764933,-0.244387099619619,1.36887486900629,NA
"2151","Sample_2161",1.61326196862591,-0.0902269386007886,0,"2151","2","2151",0.0722559093780928,0.132159778451494,-0.0179710292226958,1.59529093940321,NA
"2152","Sample_2162",1.61326196862591,0.065613104847055,0,"2152","2","2152",-0.263822619268035,0.132586944653383,-0.19820951442098,1.41505245420493,NA
"2153","Sample_2163",1.61326196862591,-0.020118552503301,0,"2153","2","2153",-0.224268547116318,0.077789151764933,-0.244387099619619,1.36887486900629,NA
"2154","Sample_2164",1.61326196862591,0.273816190033527,0,"2154","2","2154",0.0385439582297692,0.114260429546038,0.312360148263296,1.9256221168892,NA
"2155","Sample_2165",1.61326196862591,0.307558727098878,0,"2155","2","2155",-0.0145675960194219,0.0815130427940826,0.292991131079456,1.90625309970536,NA
"2156","Sample_2166",1.61326196862591,-0.0805542347298082,0,"2156","2","2156",0.0357274311383712,0.145034542426569,-0.0448268035914371,1.56843516503447,NA
"2157","Sample_2167",1.61326196862591,0.203401091734959,0,"2157","2","2157",-0.125841795892313,0.0830253572978851,0.0775592958426455,1.69082126446855,NA
"2158","Sample_2168",1.61326196862591,0.12949135415351,0,"2158","2","2158",0.307090306005353,0.142731508863443,0.436581660158863,2.04984362878477,NA
"2159","Sample_2169",1.61326196862591,0.307558727098878,0,"2159","2","2159",-0.0145675960194219,0.0815130427940826,0.292991131079456,1.90625309970536,NA
"2160","Sample_2170",1.61326196862591,0.021036762520252,0,"2160","2","2160",0.0906840021184319,0.10404642026788,0.111720764638684,1.72498273326459,NA
"2161","Sample_2171",1.61326196862591,0.0921373906139183,0,"2161","2","2161",-0.144269888632639,0.111138715481489,-0.0521324980187203,1.56112947060719,NA
"2162","Sample_2172",1.61326196862591,-0.145541838774381,0,"2162","2","2162",0.329579128659456,0.122506047886991,0.184037289885075,1.79729925851098,NA
"2163","Sample_2173",1.61326196862591,-0.0902269386007886,0,"2163","2","2163",0.0722559093780928,0.132159778451494,-0.0179710292226958,1.59529093940321,NA
"2164","Sample_2174",1.61326196862591,0.0368224904403255,0,"2164","2","2164",0.113053330648722,0.101484984917003,0.149875821089047,1.76313778971495,NA
"2165","Sample_2175",1.61326196862591,0.0583948535485673,0,"2165","2","2165",-0.091158334383445,0.143886102233447,-0.0327634808348777,1.58049848779103,NA
"2166","Sample_2176",1.61326196862591,-0.074441210680715,0,"2166","2","2166",0.0946252379084117,0.129598343100607,0.0201840272276966,1.6334459958536,NA
"2167","Sample_2177",1.61326196862591,0.176876805968096,0,"2167","2","2167",-0.245394526527705,0.104473586469783,-0.0685177205596092,1.5447442480663,NA
"2168","Sample_2178",1.61326196862591,0.0840390828606184,0,"2168","2","2168",-0.112994347243435,0.0762768372611278,-0.0289552643828161,1.58430670424309,NA
"2169","Sample_2179",1.61326196862591,-0.0983252463540884,0,"2169","2","2169",0.103531450767297,0.0972979002311195,0.00520620441320896,1.61846817303912,NA
"2170","Sample_2180",1.61326196862591,0.275099309630414,0,"2170","2","2170",-0.0917049571684344,0.10829722833056,0.18339435246198,1.79665632108789,NA
"2171","Sample_2181",1.61326196862591,-0.020118552503301,0,"2171","2","2171",-0.224268547116318,0.077789151764933,-0.244387099619619,1.36887486900629,NA
"2172","Sample_2182",1.61326196862591,-0.0902269386007886,0,"2172","2","2172",0.0722559093780928,0.132159778451494,-0.0179710292226958,1.59529093940321,NA
"2173","Sample_2183",1.61326196862591,0.0840390828606184,0,"2173","2","2173",-0.112994347243435,0.0762768372611278,-0.0289552643828161,1.58430670424309,NA
"2174","Sample_2184",1.61326196862591,-0.101077681988945,0,"2174","2","2174",0.0548906850250281,0.135744686172763,-0.0461869969639169,1.56707497166199,NA
"2175","Sample_2185",1.61326196862591,0.143077595049818,0,"2175","2","2175",0.0543360046103549,0.165572634059252,0.197413599660173,1.81067556828608,NA
"2176","Sample_2186",1.61326196862591,-0.360963175259341,0,"2176","2","2176",0.19987683604625,0.152131720574411,-0.161086339213092,1.45217562941282,NA
"2177","Sample_2187",1.61326196862591,-0.0805542347298082,0,"2177","2","2177",0.0357274311383712,0.145034542426569,-0.0448268035914371,1.56843516503447,NA
"2178","Sample_2188",1.61326196862591,-0.202482881718008,0,"2178","2","2178",-0.00774274910558918,0.0988102147349242,-0.210225630823597,1.40303633780231,NA
"2179","Sample_2189",1.61326196862591,0.143134268902744,0,"2179","2","2179",-0.192282972278512,0.137220973221746,-0.0491487033757671,1.56411326525014,NA
"2180","Sample_2190",1.61326196862591,-0.151542677282108,0,"2180","2","2180",0.19086314413742,0.153244133312683,0.0393204668553119,1.65258243548122,NA
"2181","Sample_2191",1.61326196862591,-0.125018391515245,0,"2181","2","2181",0.310415874772815,0.131795904140789,0.185397483257571,1.79865945188348,NA
"2182","Sample_2192",1.61326196862591,0.125194397884171,0,"2182","2","2182",0.201958201991315,0.102534105764073,0.327152599875487,1.94041456850139,NA
"2183","Sample_2193",1.61326196862591,0.176707946573803,0,"2183","2","2183",0.0810426281131971,0.117523361207558,0.257750574687,1.87101254331291,NA
"2184","Sample_2194",1.61326196862591,0.0840390828606184,0,"2184","2","2184",-0.112994347243435,0.0762768372611278,-0.0289552643828161,1.58430670424309,NA
"2185","Sample_2195",1.61326196862591,-0.0261798299000409,0,"2185","2","2185",0.316731680010574,0.129254567923758,0.290551850110533,1.90381381873644,NA
"2186","Sample_2196",1.61326196862591,-0.125018391515245,0,"2186","2","2186",0.310415874772815,0.131795904140789,0.185397483257571,1.79865945188348,NA
"2187","Sample_2197",1.61326196862591,-0.137443531021081,0,"2187","2","2187",0.298303587270257,0.157367926107355,0.160860056249175,1.77412202487508,NA
"2188","Sample_2198",1.61326196862591,0.196295025977838,0,"2188","2","2188",-0.0329956887597437,0.109626400977682,0.163299337218094,1.776561305844,NA
"2189","Sample_2199",1.61326196862591,0.196295025977838,0,"2189","2","2189",-0.0329956887597437,0.109626400977682,0.163299337218094,1.776561305844,NA
"2190","Sample_2200",1.61326196862591,-0.202482881718008,0,"2190","2","2190",-0.00774274910558918,0.0988102147349242,-0.210225630823597,1.40303633780231,NA
"2191","Sample_2201",1.61326196862591,0.12949135415351,0,"2191","2","2191",0.307090306005353,0.142731508863443,0.436581660158863,2.04984362878477,NA
"2192","Sample_2202",1.61326196862591,-0.172066124541245,0,"2192","2","2192",0.210026398024066,0.143954277058885,0.0379602734828212,1.65122224210873,NA
"2193","Sample_2203",1.61326196862591,-0.00565638264090413,0,"2193","2","2193",0.29756842612393,0.138544424177553,0.291912043483026,1.90517401210893,NA
"2194","Sample_2204",1.61326196862591,0.203401091734959,0,"2194","2","2194",-0.125841795892313,0.0830253572978851,0.0775592958426455,1.69082126446855,NA
"2195","Sample_2205",1.61326196862591,0.0840390828606184,0,"2195","2","2195",-0.112994347243435,0.0762768372611278,-0.0289552643828161,1.58430670424309,NA
"2196","Sample_2206",1.61326196862591,0.176707946573803,0,"2196","2","2196",0.0810426281131971,0.117523361207558,0.257750574687,1.87101254331291,NA
"2197","Sample_2207",1.61326196862591,0.0840390828606184,0,"2197","2","2197",-0.112994347243435,0.0762768372611278,-0.0289552643828161,1.58430670424309,NA
"2198","Sample_2208",1.61326196862591,0.0104229288389535,0,"2198","2","2198",0.0699788516595958,0.128189507393405,0.0804017804985492,1.69366374912446,NA
"2199","Sample_2209",1.61326196862591,0.0840390828606184,0,"2199","2","2199",-0.112994347243435,0.0762768372611278,-0.0289552643828161,1.58430670424309,NA
"2200","Sample_2210",1.61326196862591,-0.157906539391205,0,"2200","2","2200",-0.362249370492055,0.127350739120431,-0.52015590988326,1.09310605874265,NA
"2201","Sample_2211",1.61326196862591,0.00517742262054778,0,"2201","2","2201",-0.0038266410133309,0.199832335315022,0.00135078160721688,1.61461275023312,NA
"2202","Sample_2212",1.61326196862591,0.0921373906139183,0,"2202","2","2202",-0.144269888632639,0.111138715481489,-0.0521324980187203,1.56112947060719,NA
"2203","Sample_2213",1.61326196862591,0.281034441332015,0,"2203","2","2203",-0.134120326654819,0.102961271965978,0.146914114677196,1.7601760833031,NA
"2204","Sample_2214",1.61326196862591,-0.313746582839048,0,"2204","2","2204",-0.0261708418459169,0.126923572918526,-0.339917424684965,1.27334454394094,NA
"2205","Sample_2215",1.61326196862591,-0.145541838774381,0,"2205","2","2205",0.329579128659456,0.122506047886991,0.184037289885075,1.79729925851098,NA
"2206","Sample_2216",1.61326196862591,-0.229007167484871,0,"2206","2","2206",-0.127295479740985,0.120258443906821,-0.356302647225856,1.25695932140005,NA
"2207","Sample_2217",1.61326196862591,-0.131382253624342,0,"2207","2","2207",-0.242696639856642,0.105902509948532,-0.374078893480984,1.23918307514492,NA
"2208","Sample_2218",1.61326196862591,0.196295025977838,0,"2208","2","2208",-0.0329956887597437,0.109626400977682,0.163299337218094,1.776561305844,NA
"2209","Sample_2219",1.61326196862591,-0.158075398785498,0,"2209","2","2209",-0.035812215851131,0.140400513858205,-0.193887614636629,1.41937435398928,NA
"2210","Sample_2220",1.61326196862591,-0.0468116976644572,0,"2210","2","2210",-0.0173841231108059,0.112287155674602,-0.0641958207752631,1.54906614785064,NA
"2211","Sample_2221",1.61326196862591,0.196295025977838,0,"2211","2","2211",-0.0329956887597437,0.109626400977682,0.163299337218094,1.776561305844,NA
"2212","Sample_2222",1.61326196862591,0.0970319366850457,0,"2212","2","2212",0.229952944856343,0.169515694399904,0.326984881541388,1.9402468501673,NA
"2213","Sample_2223",1.61326196862591,0.280865581937722,0,"2213","2","2213",0.192316827986082,0.116011046703751,0.473182409923804,2.08644437854971,NA
"2214","Sample_2224",1.61326196862591,-0.11284479280398,0,"2214","2","2214",-0.367847084651538,0.158768953225264,-0.480691877455518,1.13257009117039,NA
"2215","Sample_2225",1.61326196862591,0.0840390828606184,0,"2215","2","2215",-0.112994347243435,0.0762768372611278,-0.0289552643828161,1.58430670424309,NA
"2216","Sample_2226",1.61326196862591,0.110618177581354,0,"2216","2","2216",-0.02280135653866,0.192356819595732,0.0878168210426941,1.7010787896686,NA
"2217","Sample_2227",1.61326196862591,-0.283442011203652,0,"2217","2","2217",0.271416483035763,0.156765749142756,-0.0120255281678887,1.60123644045802,NA
"2218","Sample_2228",1.61326196862591,-0.012705774545099,0,"2218","2","2218",0.143795556367626,0.136793807019832,0.131089781822527,1.74435175044843,NA
"2219","Sample_2229",1.61326196862591,-0.256805539895422,0,"2219","2","2219",0.311151035919137,0.150619406070602,0.0543454960237149,1.66760746464962,NA
"2220","Sample_2230",1.61326196862591,-0.340270868605912,0,"2220","2","2220",-0.145723572481311,0.148371802090423,-0.485994441087223,1.12726752753869,NA
"2221","Sample_2231",1.61326196862591,-0.209588947475129,0,"2221","2","2221",0.0851033580269817,0.125411258414718,-0.124485589448147,1.48877637917776,NA
"2222","Sample_2232",1.61326196862591,0.163835608509374,0,"2222","2","2222",-0.110133049908755,0.136410586514154,0.053702558600619,1.66696452722653,NA
"2223","Sample_2233",1.61326196862591,-0.131382253624342,0,"2223","2","2223",-0.242696639856642,0.105902509948532,-0.374078893480984,1.23918307514492,NA
"2224","Sample_2234",1.61326196862591,0.021036762520252,0,"2224","2","2224",0.0906840021184319,0.10404642026788,0.111720764638684,1.72498273326459,NA
"2225","Sample_2235",1.61326196862591,0.0779778054638785,0,"2225","2","2225",0.428005879883476,0.127742253419951,0.505983685347355,2.11924565397326,NA
"2226","Sample_2236",1.61326196862591,0.0914518608188204,0,"2226","2","2226",0.25506975624051,0.135281492516034,0.346521617059331,1.95978358568524,NA
"2227","Sample_2237",1.61326196862591,-0.0468116976644572,0,"2227","2","2227",-0.0173841231108059,0.112287155674602,-0.0641958207752631,1.54906614785064,NA
"2228","Sample_2238",1.61326196862591,-0.0261798299000409,0,"2228","2","2228",0.316731680010574,0.129254567923758,0.290551850110533,1.90381381873644,NA
"2229","Sample_2239",1.61326196862591,0.125194397884171,0,"2229","2","2229",0.201958201991315,0.102534105764073,0.327152599875487,1.94041456850139,NA
"2230","Sample_2240",1.61326196862591,-0.131382253624342,0,"2230","2","2230",-0.242696639856642,0.105902509948532,-0.374078893480984,1.23918307514492,NA
"2231","Sample_2241",1.61326196862591,0.203401091734959,0,"2231","2","2231",-0.125841795892313,0.0830253572978851,0.0775592958426455,1.69082126446855,NA
"2232","Sample_2242",1.61326196862591,0.203401091734959,0,"2232","2","2232",-0.125841795892313,0.0830253572978851,0.0775592958426455,1.69082126446855,NA
"2233","Sample_2243",1.61326196862591,0.156184499314666,0,"2233","2","2233",0.100205881999841,0.108233504953768,0.256390381314507,1.86965234994041,NA
"2234","Sample_2244",1.61326196862591,-0.127658641608735,0,"2234","2","2234",0.1819569312785,0.185544576182176,0.0542982896697651,1.66756025829567,NA
"2235","Sample_2245",1.61326196862591,-0.116751224367652,0,"2235","2","2235",-0.0472968212573042,0.153608007623386,-0.164048045624956,1.44921392300095,NA
"2236","Sample_2246",1.61326196862591,-0.0114226549482122,0,"2236","2","2236",0.0135466409694012,0.130830605804354,0.002123986021189,1.6153859546471,NA
"2237","Sample_2247",1.61326196862591,0.156184499314666,0,"2237","2","2237",0.100205881999841,0.108233504953768,0.256390381314507,1.86965234994041,NA
"2238","Sample_2248",1.61326196862591,0.0921373906139183,0,"2238","2","2238",-0.144269888632639,0.111138715481489,-0.0521324980187203,1.56112947060719,NA
"2239","Sample_2249",1.61326196862591,-0.209588947475129,0,"2239","2","2239",0.0851033580269817,0.125411258414718,-0.124485589448147,1.48877637917776,NA
"2240","Sample_2250",1.61326196862591,-0.0609671553257732,0,"2240","2","2240",-0.0783108857345537,0.137137582196677,-0.139278041060327,1.47398392756558,NA
"2241","Sample_2251",1.61326196862591,-0.209588947475129,0,"2241","2","2241",0.0851033580269817,0.125411258414718,-0.124485589448147,1.48877637917776,NA
"2242","Sample_2252",1.61326196862591,0.260342134678585,0,"2242","2","2242",0.211480081872726,0.106721190449964,0.471822216551312,2.08508418517722,NA
"2243","Sample_2253",1.61326196862591,0.0368224904403255,0,"2243","2","2243",0.113053330648722,0.101484984917003,0.149875821089047,1.76313778971495,NA
"2244","Sample_2254",1.61326196862591,0.129660213547803,0,"2244","2","2244",-0.0193468486355659,0.129681734125669,0.110313364912237,1.72357533353814,NA
"2245","Sample_2255",1.61326196862591,0.273816190033527,0,"2245","2","2245",0.0385439582297692,0.114260429546038,0.312360148263296,1.9256221168892,NA
"2246","Sample_2256",1.61326196862591,0.176707946573803,0,"2246","2","2246",0.0810426281131971,0.117523361207558,0.257750574687,1.87101254331291,NA
"2247","Sample_2257",1.61326196862591,-0.236225418783359,0,"2247","2","2247",0.0453688051436115,0.131557601486883,-0.190856613639747,1.42240535498616,NA
"2248","Sample_2258",1.61326196862591,-0.0272246182604222,0,"2248","2","2248",-0.13142243998376,0.104390195444723,-0.158647058244182,1.45461491038173,NA
"2249","Sample_2259",1.61326196862591,0.143077595049818,0,"2249","2","2249",0.0543360046103549,0.165572634059252,0.197413599660173,1.81067556828608,NA
"2250","Sample_2260",1.61326196862591,0.0139306967631309,0,"2250","2","2250",0.183530109250991,0.130647463947673,0.197460806014122,1.81072277464003,NA
"2251","Sample_2261",1.61326196862591,0.0573459376994623,0,"2251","2","2251",0.0938900767620725,0.110774841170802,0.151236014461535,1.76449798308744,NA
"2252","Sample_2262",1.61326196862591,0.0840390828606184,0,"2252","2","2252",-0.112994347243435,0.0762768372611278,-0.0289552643828161,1.58430670424309,NA
"2253","Sample_2263",1.61326196862591,0.021036762520252,0,"2253","2","2253",0.0906840021184319,0.10404642026788,0.111720764638684,1.72498273326459,NA
"2254","Sample_2264",1.61326196862591,0.307558727098878,0,"2254","2","2254",-0.0145675960194219,0.0815130427940826,0.292991131079456,1.90625309970536,NA
"2255","Sample_2265",1.61326196862591,-0.234942299186472,0,"2255","2","2255",-0.0848801102545979,0.125594400271394,-0.31982240944107,1.29343955918484,NA
"2256","Sample_2266",1.61326196862591,-0.0468116976644572,0,"2256","2","2256",-0.0173841231108059,0.112287155674602,-0.0641958207752631,1.54906614785064,NA
"2257","Sample_2267",1.61326196862591,0.0840390828606184,0,"2257","2","2257",-0.112994347243435,0.0762768372611278,-0.0289552643828161,1.58430670424309,NA
"2258","Sample_2268",1.61326196862591,0.203401091734959,0,"2258","2","2258",-0.125841795892313,0.0830253572978851,0.0775592958426455,1.69082126446855,NA
"2259","Sample_2269",1.61326196862591,-0.145541838774381,0,"2259","2","2259",0.329579128659456,0.122506047886991,0.184037289885075,1.79729925851098,NA
"2260","Sample_2270",1.61326196862591,-0.313746582839048,0,"2260","2","2260",-0.0261708418459169,0.126923572918526,-0.339917424684965,1.27334454394094,NA
"2261","Sample_2271",1.61326196862591,-0.0125935890037325,0,"2261","2","2261",0.0639773786156015,0.152095693119564,0.051383789611869,1.66464575823778,NA
"2262","Sample_2272",1.61326196862591,-0.229007167484871,0,"2262","2","2262",-0.127295479740985,0.120258443906821,-0.356302647225856,1.25695932140005,NA
"2263","Sample_2273",1.61326196862591,0.307558727098878,0,"2263","2","2263",-0.0145675960194219,0.0815130427940826,0.292991131079456,1.90625309970536,NA
"2264","Sample_2274",1.61326196862591,0.203401091734959,0,"2264","2","2264",-0.125841795892313,0.0830253572978851,0.0775592958426455,1.69082126446855,NA
"2265","Sample_2275",1.61326196862591,-0.209588947475129,0,"2265","2","2265",0.0851033580269817,0.125411258414718,-0.124485589448147,1.48877637917776,NA
"2266","Sample_2276",1.61326196862591,-0.033285895657162,0,"2266","2","2266",0.409577787143145,0.155855611603553,0.376291891485983,1.98955386011189,NA
"2267","Sample_2277",1.61326196862591,0.0514491878686462,0,"2267","2","2267",-0.172128763862944,0.107070824308508,-0.120679575994297,1.49258239263161,NA
"2268","Sample_2278",1.61326196862591,-0.0983252463540884,0,"2268","2","2268",0.103531450767297,0.0972979002311195,0.00520620441320896,1.61846817303912,NA
"2269","Sample_2279",1.61326196862591,0.203401091734959,0,"2269","2","2269",-0.125841795892313,0.0830253572978851,0.0775592958426455,1.69082126446855,NA
"2270","Sample_2280",1.61326196862591,0.0368224904403255,0,"2270","2","2270",0.113053330648722,0.101484984917003,0.149875821089047,1.76313778971495,NA
"2271","Sample_2281",1.61326196862591,0.196295025977838,0,"2271","2","2271",-0.0329956887597437,0.109626400977682,0.163299337218094,1.776561305844,NA
"2272","Sample_2282",1.61326196862591,-0.0862083214957497,0,"2272","2","2272",-0.328112531768167,0.152622610153102,-0.414320853263916,1.19894111536199,NA
"2273","Sample_2283",1.61326196862591,-0.0983252463540884,0,"2273","2","2273",0.103531450767297,0.0972979002311195,0.00520620441320896,1.61846817303912,NA
"2274","Sample_2284",1.61326196862591,-0.020118552503301,0,"2274","2","2274",-0.224268547116318,0.077789151764933,-0.244387099619619,1.36887486900629,NA
"2275","Sample_2285",1.61326196862591,-0.0609671553257732,0,"2275","2","2275",-0.0783108857345537,0.137137582196677,-0.139278041060327,1.47398392756558,NA
"2276","Sample_2286",1.61326196862591,0.0368224904403255,0,"2276","2","2276",0.113053330648722,0.101484984917003,0.149875821089047,1.76313778971495,NA
"2277","Sample_2287",1.61326196862591,0.125194397884171,0,"2277","2","2277",0.201958201991315,0.102534105764073,0.327152599875487,1.94041456850139,NA
"2278","Sample_2288",1.61326196862591,-0.0902269386007886,0,"2278","2","2278",0.0722559093780928,0.132159778451494,-0.0179710292226958,1.59529093940321,NA
"2279","Sample_2289",1.61326196862591,-0.0673351449235939,0,"2279","2","2279",0.00177913077582782,0.102997299420821,-0.0655560141477661,1.54770595447814,NA
"2280","Sample_2290",1.61326196862591,0.307558727098878,0,"2280","2","2280",-0.0145675960194219,0.0815130427940826,0.292991131079456,1.90625309970536,NA
"2281","Sample_2291",1.61326196862591,-0.137443531021081,0,"2281","2","2281",0.298303587270257,0.157367926107355,0.160860056249175,1.77412202487508,NA
"2282","Sample_2292",1.61326196862591,0.0921373906139183,0,"2282","2","2282",-0.144269888632639,0.111138715481489,-0.0521324980187203,1.56112947060719,NA
"2283","Sample_2293",1.61326196862591,-0.0673351449235939,0,"2283","2","2283",0.00177913077582782,0.102997299420821,-0.0655560141477661,1.54770595447814,NA
"2284","Sample_2294",1.61326196862591,-0.033285895657162,0,"2284","2","2284",0.409577787143145,0.155855611603553,0.376291891485983,1.98955386011189,NA
"2285","Sample_2295",1.61326196862591,0.203401091734959,0,"2285","2","2285",-0.125841795892313,0.0830253572978851,0.0775592958426455,1.69082126446855,NA
"2286","Sample_2296",1.61326196862591,-0.157308949589416,0,"2286","2","2286",-0.0931586410171083,0.145530314939495,-0.250467590606524,1.36279437801938,NA
"2287","Sample_2297",1.61326196862591,0.0840390828606184,0,"2287","2","2287",-0.112994347243435,0.0762768372611278,-0.0289552643828161,1.58430670424309,NA
"2288","Sample_2298",1.61326196862591,0.156184499314666,0,"2288","2","2288",0.100205881999841,0.108233504953768,0.256390381314507,1.86965234994041,NA
"2289","Sample_2299",1.61326196862591,0.307558727098878,0,"2289","2","2289",-0.0145675960194219,0.0815130427940826,0.292991131079456,1.90625309970536,NA
"2290","Sample_2300",1.61326196862591,-0.0272246182604222,0,"2290","2","2290",-0.13142243998376,0.104390195444723,-0.158647058244182,1.45461491038173,NA
"2291","Sample_2301",1.61326196862591,0.125194397884171,0,"2291","2","2291",0.201958201991315,0.102534105764073,0.327152599875487,1.94041456850139,NA
"2292","Sample_2302",1.61326196862591,0.0449207981936254,0,"2292","2","2292",0.081777789259528,0.136346863137367,0.126698587453153,1.73996055607906,NA
"2293","Sample_2303",1.61326196862591,0.196295025977838,0,"2293","2","2293",-0.0329956887597437,0.109626400977682,0.163299337218094,1.776561305844,NA
"2294","Sample_2304",1.61326196862591,-0.34014614444042,0,"2294","2","2294",-0.0692453208350334,0.153628095394914,-0.409391465275454,1.20387050335045,NA
"2295","Sample_2305",1.61326196862591,0.0840390828606184,0,"2295","2","2295",-0.112994347243435,0.0762768372611278,-0.0289552643828161,1.58430670424309,NA
"2296","Sample_2306",1.61326196862591,0.0986701121173081,0,"2296","2","2296",0.0824054713559145,0.123982334935969,0.181075583473223,1.79433755209913,NA
"2297","Sample_2307",1.61326196862591,-0.0940282900847501,0,"2297","2","2297",0.208663554781352,0.137495303330476,0.114635264696602,1.72789723332251,NA
"2298","Sample_2308",1.61326196862591,-0.124849532120952,0,"2298","2","2298",-0.0160212798680964,0.118746129403016,-0.140870811989048,1.47239115663686,NA
"2299","Sample_2309",1.61326196862591,-0.0272246182604222,0,"2299","2","2299",-0.13142243998376,0.104390195444723,-0.158647058244182,1.45461491038173,NA
"2300","Sample_2310",1.61326196862591,0.220598759105508,0,"2300","2","2300",0.125875651599891,0.170206662627602,0.346474410705398,1.95973637933131,NA
"2301","Sample_2311",1.61326196862591,0.0583948535485673,0,"2301","2","2301",-0.091158334383445,0.143886102233447,-0.0327634808348777,1.58049848779103,NA
"2302","Sample_2312",1.61326196862591,0.0139306967631309,0,"2302","2","2302",0.183530109250991,0.130647463947673,0.197460806014122,1.81072277464003,NA
"2303","Sample_2313",1.61326196862591,0.150183660806939,0,"2303","2","2303",-0.0385101025222016,0.138971590379461,0.111673558284738,1.72493552691065,NA
"2304","Sample_2314",1.61326196862591,-0.020118552503301,0,"2304","2","2304",-0.224268547116318,0.077789151764933,-0.244387099619619,1.36887486900629,NA
"2305","Sample_2315",1.61326196862591,0.273816190033527,0,"2305","2","2305",0.0385439582297692,0.114260429546038,0.312360148263296,1.9256221168892,NA
"2306","Sample_2316",1.61326196862591,0.0250553796252909,0,"2306","2","2306",-0.309684439027844,0.124509251969499,-0.284629059402553,1.32863290922335,NA
"2307","Sample_2317",1.61326196862591,-0.0272246182604222,0,"2307","2","2307",-0.13142243998376,0.104390195444723,-0.158647058244182,1.45461491038173,NA
"2308","Sample_2318",1.61326196862591,-0.0272246182604222,0,"2308","2","2308",-0.13142243998376,0.104390195444723,-0.158647058244182,1.45461491038173,NA
"2309","Sample_2319",1.61326196862591,0.125194397884171,0,"2309","2","2309",0.201958201991315,0.102534105764073,0.327152599875487,1.94041456850139,NA
"2310","Sample_2320",1.61326196862591,-0.0940282900847501,0,"2310","2","2310",0.208663554781352,0.137495303330476,0.114635264696602,1.72789723332251,NA
"2311","Sample_2321",1.61326196862591,-0.131382253624342,0,"2311","2","2311",-0.242696639856642,0.105902509948532,-0.374078893480984,1.23918307514492,NA
"2312","Sample_2322",1.61326196862591,0.143134268902744,0,"2312","2","2312",-0.192282972278512,0.137220973221746,-0.0491487033757671,1.56411326525014,NA
"2313","Sample_2323",1.61326196862591,0.275099309630414,0,"2313","2","2313",-0.0917049571684344,0.10829722833056,0.18339435246198,1.79665632108789,NA
"2314","Sample_2324",1.61326196862591,0.125194397884171,0,"2314","2","2314",0.201958201991315,0.102534105764073,0.327152599875487,1.94041456850139,NA
"2315","Sample_2325",1.61326196862591,-0.229007167484871,0,"2315","2","2315",-0.127295479740985,0.120258443906821,-0.356302647225856,1.25695932140005,NA
"2316","Sample_2326",1.61326196862591,-0.340270868605912,0,"2316","2","2316",-0.145723572481311,0.148371802090423,-0.485994441087223,1.12726752753869,NA
"2317","Sample_2327",1.61326196862591,0.021036762520252,0,"2317","2","2317",0.0906840021184319,0.10404642026788,0.111720764638684,1.72498273326459,NA
"2318","Sample_2328",1.61326196862591,0.0921373906139183,0,"2318","2","2318",-0.144269888632639,0.111138715481489,-0.0521324980187203,1.56112947060719,NA
"2319","Sample_2329",1.61326196862591,0.203401091734959,0,"2319","2","2319",-0.125841795892313,0.0830253572978851,0.0775592958426455,1.69082126446855,NA
"2320","Sample_2330",1.61326196862591,0.203401091734959,0,"2320","2","2320",-0.125841795892313,0.0830253572978851,0.0775592958426455,1.69082126446855,NA
"2321","Sample_2331",1.61326196862591,0.307558727098878,0,"2321","2","2321",-0.0145675960194219,0.0815130427940826,0.292991131079456,1.90625309970536,NA
"2322","Sample_2332",1.61326196862591,0.176707946573803,0,"2322","2","2322",0.0810426281131971,0.117523361207558,0.257750574687,1.87101254331291,NA
"2323","Sample_2333",1.61326196862591,0.021036762520252,0,"2323","2","2323",0.0906840021184319,0.10404642026788,0.111720764638684,1.72498273326459,NA
"2324","Sample_2334",1.61326196862591,-0.012705774545099,0,"2324","2","2324",0.143795556367626,0.136793807019832,0.131089781822527,1.74435175044843,NA
"2325","Sample_2335",1.61326196862591,0.169770740210974,0,"2325","2","2325",-0.152548419395146,0.13107463014958,0.0172223208158283,1.63048428944174,NA
"2326","Sample_2336",1.61326196862591,-0.0379469407150755,0,"2326","2","2326",-0.106006089665997,0.152278834976254,-0.143953030381073,1.46930893824483,NA
"2327","Sample_2337",1.61326196862591,0.196295025977838,0,"2327","2","2327",-0.0329956887597437,0.109626400977682,0.163299337218094,1.776561305844,NA
"2328","Sample_2338",1.61326196862591,0.0986701121173081,0,"2328","2","2328",0.0824054713559145,0.123982334935969,0.181075583473223,1.79433755209913,NA
"2329","Sample_2339",1.61326196862591,-0.202482881718008,0,"2329","2","2329",-0.00774274910558918,0.0988102147349242,-0.210225630823597,1.40303633780231,NA
"2330","Sample_2340",1.61326196862591,-0.229176026879164,0,"2330","2","2330",0.199141674899919,0.133308218644598,-0.0300343519792454,1.58322761664666,NA
"2331","Sample_2341",1.61326196862591,0.196295025977838,0,"2331","2","2331",-0.0329956887597437,0.109626400977682,0.163299337218094,1.776561305844,NA
"2332","Sample_2342",1.61326196862591,0.307558727098878,0,"2332","2","2332",-0.0145675960194219,0.0815130427940826,0.292991131079456,1.90625309970536,NA
"2333","Sample_2343",1.61326196862591,-0.0539177634215783,0,"2333","2","2333",0.0754619840217534,0.138888199354405,0.0215442206001751,1.63480618922608,NA
"2334","Sample_2344",1.61326196862591,0.122385288396389,0,"2334","2","2334",0.399936413137918,0.169332552543223,0.522321701534307,2.13558367016021,NA
"2335","Sample_2345",1.61326196862591,0.0368224904403255,0,"2335","2","2335",0.113053330648722,0.101484984917003,0.149875821089047,1.76313778971495,NA
"2336","Sample_2346",1.61326196862591,-0.0468116976644572,0,"2336","2","2336",-0.0173841231108059,0.112287155674602,-0.0641958207752631,1.54906614785064,NA
"2337","Sample_2347",1.61326196862591,0.0921373906139183,0,"2337","2","2337",-0.144269888632639,0.111138715481489,-0.0521324980187203,1.56112947060719,NA
"2338","Sample_2348",1.61326196862591,-0.101134355841871,0,"2338","2","2338",0.301509661913917,0.164096347010275,0.200375306072046,1.81363727469795,NA
"2339","Sample_2349",1.61326196862591,-0.0673351449235939,0,"2339","2","2339",0.00177913077582782,0.102997299420821,-0.0655560141477661,1.54770595447814,NA
"2340","Sample_2350",1.61326196862591,-0.074441210680715,0,"2340","2","2340",0.0946252379084117,0.129598343100607,0.0201840272276966,1.6334459958536,NA
"2341","Sample_2351",1.61326196862591,0.307558727098878,0,"2341","2","2341",-0.0145675960194219,0.0815130427940826,0.292991131079456,1.90625309970536,NA
"2342","Sample_2352",1.61326196862591,-0.020118552503301,0,"2342","2","2342",-0.224268547116318,0.077789151764933,-0.244387099619619,1.36887486900629,NA
"2343","Sample_2353",1.61326196862591,0.0840390828606184,0,"2343","2","2343",-0.112994347243435,0.0762768372611278,-0.0289552643828161,1.58430670424309,NA
"2344","Sample_2354",1.61326196862591,0.0840390828606184,0,"2344","2","2344",-0.112994347243435,0.0762768372611278,-0.0289552643828161,1.58430670424309,NA
"2345","Sample_2355",1.61326196862591,-0.0537489040272855,0,"2345","2","2345",-0.250975170619145,0.125838424616621,-0.30472407464643,1.30853789397948,NA
"2346","Sample_2356",1.61326196862591,0.149078433557545,0,"2346","2","2346",0.193051989132411,0.134834548633561,0.342130422689956,1.95539239131586,NA
"2347","Sample_2357",1.61326196862591,0.0840390828606184,0,"2347","2","2347",-0.112994347243435,0.0762768372611278,-0.0289552643828161,1.58430670424309,NA
"2348","Sample_2358",1.61326196862591,0.254341296170859,0,"2348","2","2348",0.0727640973506913,0.137459275875648,0.32710539352155,1.94036736214746,NA
"2349","Sample_2359",1.61326196862591,-0.276223759905164,0,"2349","2","2349",0.098752198151167,0.145466591562698,-0.177471561753997,1.43579040687191,NA
"2350","Sample_2360",1.61326196862591,-0.340439728000205,0,"2350","2","2350",0.18071358215961,0.161421576828192,-0.159726145840595,1.45353582278531,NA
"2351","Sample_2361",1.61326196862591,-0.229007167484871,0,"2351","2","2351",-0.127295479740985,0.120258443906821,-0.356302647225856,1.25695932140005,NA
"2352","Sample_2362",1.61326196862591,0.176876805968096,0,"2352","2","2352",-0.245394526527705,0.104473586469783,-0.0685177205596092,1.5447442480663,NA
"2353","Sample_2363",1.61326196862591,0.0654442454527622,0,"2353","2","2353",0.0626145353728783,0.145636719391158,0.12805878082564,1.74132074945155,NA
"2354","Sample_2364",1.61326196862591,-0.0902269386007886,0,"2354","2","2354",0.0722559093780928,0.132159778451494,-0.0179710292226958,1.59529093940321,NA
"2355","Sample_2365",1.61326196862591,0.021036762520252,0,"2355","2","2355",0.0906840021184319,0.10404642026788,0.111720764638684,1.72498273326459,NA
"2356","Sample_2366",1.61326196862591,-0.202482881718008,0,"2356","2","2356",-0.00774274910558918,0.0988102147349242,-0.210225630823597,1.40303633780231,NA
"2357","Sample_2367",1.61326196862591,0.0139306967631309,0,"2357","2","2357",0.183530109250991,0.130647463947673,0.197460806014122,1.81072277464003,NA
"2358","Sample_2368",1.61326196862591,0.307558727098878,0,"2358","2","2358",-0.0145675960194219,0.0815130427940826,0.292991131079456,1.90625309970536,NA
"2359","Sample_2369",1.61326196862591,0.116441123741588,0,"2359","2","2359",0.0146014517269942,0.17171897713141,0.131042575468583,1.74430454409449,NA
"2360","Sample_2370",1.61326196862591,-0.0983252463540884,0,"2360","2","2360",0.103531450767297,0.0972979002311195,0.00520620441320896,1.61846817303912,NA
"2361","Sample_2371",1.61326196862591,0.0183965124267621,0,"2361","2","2361",-0.0377749413758778,0.15779509230926,-0.0193784289491157,1.59388353967679,NA
"2362","Sample_2372",1.61326196862591,-0.0733359834313205,0,"2362","2","2362",-0.136936853746208,0.133735384846501,-0.210272837177529,1.40298913144838,NA
"2363","Sample_2373",1.61326196862591,0.0921373906139183,0,"2363","2","2363",-0.144269888632639,0.111138715481489,-0.0521324980187203,1.56112947060719,NA
"2364","Sample_2374",1.61326196862591,-0.033285895657162,0,"2364","2","2364",0.409577787143145,0.155855611603553,0.376291891485983,1.98955386011189,NA
"2365","Sample_2375",1.61326196862591,0.275099309630414,0,"2365","2","2365",-0.0917049571684344,0.10829722833056,0.18339435246198,1.79665632108789,NA
"2366","Sample_2376",1.61326196862591,-0.151542677282108,0,"2366","2","2366",0.19086314413742,0.153244133312683,0.0393204668553119,1.65258243548122,NA
"2367","Sample_2377",1.61326196862591,0.150183660806939,0,"2367","2","2367",-0.0385101025222016,0.138971590379461,0.111673558284738,1.72493552691065,NA
"2368","Sample_2378",1.61326196862591,0.233817848911722,0,"2368","2","2368",0.0919273512373283,0.128169419621856,0.32574520014905,1.93900716877496,NA
"2369","Sample_2379",1.61326196862591,0.176876805968096,0,"2369","2","2369",-0.245394526527705,0.104473586469783,-0.0685177205596092,1.5447442480663,NA
"2370","Sample_2380",1.61326196862591,-0.12472480795546,0,"2370","2","2370",0.0604569717781762,0.124002422707515,-0.0642678361772842,1.54899413244862,NA
"2371","Sample_2381",1.61326196862591,-0.0983252463540884,0,"2371","2","2371",0.103531450767297,0.0972979002311195,0.00520620441320896,1.61846817303912,NA
"2372","Sample_2382",1.61326196862591,-0.0261798299000409,0,"2372","2","2372",0.316731680010574,0.129254567923758,0.290551850110533,1.90381381873644,NA
"2373","Sample_2383",1.61326196862591,0.0389199596858988,0,"2373","2","2373",-0.0569381952625188,0.167084948563053,-0.01801823557662,1.59524373304929,NA
"2374","Sample_2384",1.61326196862591,0.169601880816682,0,"2374","2","2374",0.173888735245762,0.144124404887359,0.343490616062443,1.95675258468835,NA
"2375","Sample_2385",1.61326196862591,-0.209588947475129,0,"2375","2","2375",0.0851033580269817,0.125411258414718,-0.124485589448147,1.48877637917776,NA
"2376","Sample_2386",1.61326196862591,0.203401091734959,0,"2376","2","2376",-0.125841795892313,0.0830253572978851,0.0775592958426455,1.69082126446855,NA
"2377","Sample_2387",1.61326196862591,-0.0609671553257732,0,"2377","2","2377",-0.0783108857345537,0.137137582196677,-0.139278041060327,1.47398392756558,NA
"2378","Sample_2388",1.61326196862591,0.021036762520252,0,"2378","2","2378",0.0906840021184319,0.10404642026788,0.111720764638684,1.72498273326459,NA
"2379","Sample_2389",1.61326196862591,0.196295025977838,0,"2379","2","2379",-0.0329956887597437,0.109626400977682,0.163299337218094,1.776561305844,NA
"2380","Sample_2390",1.61326196862591,0.169601880816682,0,"2380","2","2380",0.173888735245762,0.144124404887359,0.343490616062443,1.95675258468835,NA
"2381","Sample_2391",1.61326196862591,-0.020118552503301,0,"2381","2","2381",-0.224268547116318,0.077789151764933,-0.244387099619619,1.36887486900629,NA
"2382","Sample_2392",1.61326196862591,-0.158760928580596,0,"2382","2","2382",0.363527429022007,0.164543290892744,0.204766500441412,1.81802846906732,NA
"2383","Sample_2393",1.61326196862591,-0.0902269386007886,0,"2383","2","2383",0.0722559093780928,0.132159778451494,-0.0179710292226958,1.59529093940321,NA
"2384","Sample_2394",1.61326196862591,-0.131382253624342,0,"2384","2","2384",-0.242696639856642,0.105902509948532,-0.374078893480984,1.23918307514492,NA
"2385","Sample_2395",1.61326196862591,-0.020118552503301,0,"2385","2","2385",-0.224268547116318,0.077789151764933,-0.244387099619619,1.36887486900629,NA
"2386","Sample_2396",1.61326196862591,-0.0902269386007886,0,"2386","2","2386",0.0722559093780928,0.132159778451494,-0.0179710292226958,1.59529093940321,NA
"2387","Sample_2397",1.61326196862591,0.0573459376994623,0,"2387","2","2387",0.0938900767620725,0.110774841170802,0.151236014461535,1.76449798308744,NA
"2388","Sample_2398",1.61326196862591,0.307558727098878,0,"2388","2","2388",-0.0145675960194219,0.0815130427940826,0.292991131079456,1.90625309970536,NA
"2389","Sample_2399",1.61326196862591,0.170941674266495,0,"2389","2","2389",-0.202979157041331,0.109809542834365,-0.0320374827748364,1.58122448585107,NA
"2390","Sample_2400",1.61326196862591,0.280865581937722,0,"2390","2","2390",0.192316827986082,0.116011046703751,0.473182409923804,2.08644437854971,NA
"2391","Sample_2401",1.61326196862591,0.0575147970937551,0,"2391","2","2391",-0.232547077878834,0.0977250664330256,-0.175032280785079,1.43822968784083,NA
"2392","Sample_2402",1.61326196862591,0.203401091734959,0,"2392","2","2392",-0.125841795892313,0.0830253572978851,0.0775592958426455,1.69082126446855,NA
"2393","Sample_2403",1.61326196862591,0.0368224904403255,0,"2393","2","2393",0.113053330648722,0.101484984917003,0.149875821089047,1.76313778971495,NA
"2394","Sample_2404",1.61326196862591,0.065613104847055,0,"2394","2","2394",-0.263822619268035,0.132586944653383,-0.19820951442098,1.41505245420493,NA
"2395","Sample_2405",1.61326196862591,-0.229007167484871,0,"2395","2","2395",-0.127295479740985,0.120258443906821,-0.356302647225856,1.25695932140005,NA
"2396","Sample_2406",1.61326196862591,-0.124849532120952,0,"2396","2","2396",-0.0160212798680964,0.118746129403016,-0.140870811989048,1.47239115663686,NA
"2397","Sample_2407",1.61326196862591,0.254341296170859,0,"2397","2","2397",0.0727640973506913,0.137459275875648,0.32710539352155,1.94036736214746,NA
"2398","Sample_2408",1.61326196862591,-0.125018391515245,0,"2398","2","2398",0.310415874772815,0.131795904140789,0.185397483257571,1.79865945188348,NA
"2399","Sample_2409",1.61326196862591,-0.190365956859669,0,"2399","2","2399",-0.43938673164106,0.154134924656909,-0.629752688500729,0.983509280125179,NA
"2400","Sample_2410",1.61326196862591,0.176876805968096,0,"2400","2","2400",-0.245394526527705,0.104473586469783,-0.0685177205596092,1.5447442480663,NA
"2401","Sample_2411",1.61326196862591,0.307558727098878,0,"2401","2","2401",-0.0145675960194219,0.0815130427940826,0.292991131079456,1.90625309970536,NA
"2402","Sample_2412",1.61326196862591,0.176876805968096,0,"2402","2","2402",-0.245394526527705,0.104473586469783,-0.0685177205596092,1.5447442480663,NA
"2403","Sample_2413",1.61326196862591,-0.0392867341648886,0,"2403","2","2403",0.270861802621083,0.186593697029255,0.231575068456195,1.8448370370821,NA
"2404","Sample_2414",1.61326196862591,0.0840390828606184,0,"2404","2","2404",-0.112994347243435,0.0762768372611278,-0.0289552643828161,1.58430670424309,NA
"2405","Sample_2415",1.61326196862591,-0.178598846044634,0,"2405","2","2405",-0.0166489619644992,0.131110657604416,-0.195247808009134,1.41801416061677,NA
"2406","Sample_2416",1.61326196862591,0.169770740210974,0,"2406","2","2406",-0.152548419395146,0.13107463014958,0.0172223208158283,1.63048428944174,NA
"2407","Sample_2417",1.61326196862591,0.203401091734959,0,"2407","2","2407",-0.125841795892313,0.0830253572978851,0.0775592958426455,1.69082126446855,NA
"2408","Sample_2418",1.61326196862591,0.0840390828606184,0,"2408","2","2408",-0.112994347243435,0.0762768372611278,-0.0289552643828161,1.58430670424309,NA
"2409","Sample_2419",1.61326196862591,0.0368224904403255,0,"2409","2","2409",0.113053330648722,0.101484984917003,0.149875821089047,1.76313778971495,NA
"2410","Sample_2420",1.61326196862591,0.0840390828606184,0,"2410","2","2410",-0.112994347243435,0.0762768372611278,-0.0289552643828161,1.58430670424309,NA
"2411","Sample_2421",1.61326196862591,0.0575147970937551,0,"2411","2","2411",-0.232547077878834,0.0977250664330256,-0.175032280785079,1.43822968784083,NA
"2412","Sample_2422",1.61326196862591,0.129660213547803,0,"2412","2","2412",-0.0193468486355659,0.129681734125669,0.110313364912237,1.72357533353814,NA
"2413","Sample_2423",1.61326196862591,0.125194397884171,0,"2413","2","2413",0.201958201991315,0.102534105764073,0.327152599875487,1.94041456850139,NA
"2414","Sample_2424",1.61326196862591,-0.289318125545887,0,"2414","2","2414",0.209178750159998,0.19276012787294,-0.0801393753858887,1.53312259324002,NA
"2415","Sample_2425",1.61326196862591,-0.0538610895686521,0,"2415","2","2415",-0.171156992867126,0.110536538516891,-0.225018082435778,1.38824388619013,NA
"2416","Sample_2426",1.61326196862591,-0.0983252463540884,0,"2416","2","2416",0.103531450767297,0.0972979002311195,0.00520620441320896,1.61846817303912,NA
"2417","Sample_2427",1.61326196862591,0.0654442454527622,0,"2417","2","2417",0.0626145353728783,0.145636719391158,0.12805878082564,1.74132074945155,NA
"2418","Sample_2428",1.61326196862591,0.169658554669608,0,"2418","2","2418",-0.0727302416431141,0.115772744049838,0.0969283130264937,1.7101902816524,NA
"2419","Sample_2429",1.61326196862591,-0.124849532120952,0,"2419","2","2419",-0.0160212798680964,0.118746129403016,-0.140870811989048,1.47239115663686,NA
"2420","Sample_2430",1.61326196862591,-0.033285895657162,0,"2420","2","2420",0.409577787143145,0.155855611603553,0.376291891485983,1.98955386011189,NA
"2421","Sample_2431",1.61326196862591,-0.374013405671263,0,"2421","2","2421",-0.0926120182321004,0.181119188842367,-0.466625423903363,1.14663654472254,NA
"2422","Sample_2432",1.61326196862591,-0.236282092636285,0,"2422","2","2422",0.291987782032482,0.159909262324384,0.0557056893961966,1.6689676580221,NA
"2423","Sample_2433",1.61326196862591,-0.178598846044634,0,"2423","2","2423",-0.0166489619644992,0.131110657604416,-0.195247808009134,1.41801416061677,NA
"2424","Sample_2434",1.61326196862591,-0.209588947475129,0,"2424","2","2424",0.0851033580269817,0.125411258414718,-0.124485589448147,1.48877637917776,NA
"2425","Sample_2435",1.61326196862591,-0.276392619299457,0,"2425","2","2425",0.425189352792076,0.15851636630048,0.148796733492619,1.76205870211853,NA
"2426","Sample_2436",1.61326196862591,-0.11314412972178,0,"2426","2","2426",-0.0234069854811145,0.17582852947392,-0.136551115202895,1.47671085342301,NA
"2427","Sample_2437",1.61326196862591,-0.346206000307513,0,"2427","2","2427",-0.103308202994908,0.153707758454981,-0.449514203302421,1.16374776532349,NA
"2428","Sample_2438",1.61326196862591,0.0139306967631309,0,"2428","2","2428",0.183530109250991,0.130647463947673,0.197460806014122,1.81072277464003,NA
"2429","Sample_2439",1.61326196862591,-0.0468116976644572,0,"2429","2","2429",-0.0173841231108059,0.112287155674602,-0.0641958207752631,1.54906614785064,NA
"2430","Sample_2440",1.61326196862591,-0.0851635331353685,0,"2430","2","2430",0.120041588226174,0.177486982632124,0.0348780550908058,1.64814002371671,NA
"2431","Sample_2441",1.61326196862591,0.260342134678585,0,"2431","2","2431",0.211480081872726,0.106721190449964,0.471822216551312,2.08508418517722,NA
"2432","Sample_2442",1.61326196862591,0.125194397884171,0,"2432","2","2432",0.201958201991315,0.102534105764073,0.327152599875487,1.94041456850139,NA
"2433","Sample_2443",1.61326196862591,0.021036762520252,0,"2433","2","2433",0.0906840021184319,0.10404642026788,0.111720764638684,1.72498273326459,NA
"2434","Sample_2444",1.61326196862591,-0.0983252463540884,0,"2434","2","2434",0.103531450767297,0.0972979002311195,0.00520620441320896,1.61846817303912,NA
"2435","Sample_2445",1.61326196862591,-0.0673351449235939,0,"2435","2","2435",0.00177913077582782,0.102997299420821,-0.0655560141477661,1.54770595447814,NA
"2436","Sample_2446",1.61326196862591,-0.184599684552361,0,"2436","2","2436",-0.155364946486541,0.161848743030101,-0.339964631038902,1.27329733758701,NA
"2437","Sample_2447",1.61326196862591,-0.178598846044634,0,"2437","2","2437",-0.0166489619644992,0.131110657604416,-0.195247808009134,1.41801416061677,NA
"2438","Sample_2448",1.61326196862591,-0.0673351449235939,0,"2438","2","2438",0.00177913077582782,0.102997299420821,-0.0655560141477661,1.54770595447814,NA
"2439","Sample_2449",1.61326196862591,0.196295025977838,0,"2439","2","2439",-0.0329956887597437,0.109626400977682,0.163299337218094,1.776561305844,NA
"2440","Sample_2450",1.61326196862591,0.203401091734959,0,"2440","2","2440",-0.125841795892313,0.0830253572978851,0.0775592958426455,1.69082126446855,NA
"2441","Sample_2451",1.61326196862591,-0.074441210680715,0,"2441","2","2441",0.0946252379084117,0.129598343100607,0.0201840272276966,1.6334459958536,NA
"2442","Sample_2452",1.61326196862591,-0.0673351449235939,0,"2442","2","2442",0.00177913077582782,0.102997299420821,-0.0655560141477661,1.54770595447814,NA
"2443","Sample_2453",1.61326196862591,-0.0599790408183182,0,"2443","2","2443",0.616462211148667,0.190353615513232,0.556483170330348,2.16974513895626,NA
"2444","Sample_2454",1.61326196862591,-0.313746582839048,0,"2444","2","2444",-0.0261708418459169,0.126923572918526,-0.339917424684965,1.27334454394094,NA
"2445","Sample_2455",1.61326196862591,0.0575147970937551,0,"2445","2","2445",-0.232547077878834,0.0977250664330256,-0.175032280785079,1.43822968784083,NA
"2446","Sample_2456",1.61326196862591,0.176707946573803,0,"2446","2","2446",0.0810426281131971,0.117523361207558,0.257750574687,1.87101254331291,NA
"2447","Sample_2457",1.61326196862591,-0.249699474138301,0,"2447","2","2447",0.218304928786561,0.124018362390805,-0.03139454535174,1.58186742327417,NA
"2448","Sample_2458",1.61326196862591,-0.020118552503301,0,"2448","2","2448",-0.224268547116318,0.077789151764933,-0.244387099619619,1.36887486900629,NA
"2449","Sample_2459",1.61326196862591,-0.125018391515245,0,"2449","2","2449",0.310415874772815,0.131795904140789,0.185397483257571,1.79865945188348,NA
"2450","Sample_2460",1.61326196862591,-0.366964013767068,0,"2450","2","2450",0.0611608515241973,0.18286980600009,-0.305803162242871,1.30745880638304,NA
"2451","Sample_2461",1.61326196862591,-0.0586392473685051,0,"2451","2","2451",0.239594318861544,0.156038753460252,0.180955071493039,1.79421704011895,NA
"2452","Sample_2462",1.61326196862591,-0.0876603004869293,0,"2452","2","2452",0.128573538270956,0.171635586106359,0.0409132377840263,1.65417520640993,NA
"2453","Sample_2463",1.61326196862591,0.233817848911722,0,"2453","2","2453",0.0919273512373283,0.128169419621856,0.32574520014905,1.93900716877496,NA
"2454","Sample_2464",1.61326196862591,-0.145541838774381,0,"2454","2","2454",0.329579128659456,0.122506047886991,0.184037289885075,1.79729925851098,NA
"2455","Sample_2465",1.61326196862591,0.0101293452791694,0,"2455","2","2455",0.319937754654219,0.135982988826685,0.330067099933389,1.9433290685593,NA
"2456","Sample_2466",1.61326196862591,0.0583948535485673,0,"2456","2","2456",-0.091158334383445,0.143886102233447,-0.0327634808348777,1.58049848779103,NA
"2457","Sample_2467",1.61326196862591,-0.283498685056578,0,"2457","2","2457",0.518035459924655,0.185117409980264,0.234536774868077,1.84779874349398,NA
"2458","Sample_2468",1.61326196862591,-0.020118552503301,0,"2458","2","2458",-0.224268547116318,0.077789151764933,-0.244387099619619,1.36887486900629,NA
"2459","Sample_2469",1.61326196862591,-0.00565638264090413,0,"2459","2","2459",0.29756842612393,0.138544424177553,0.291912043483026,1.90517401210893,NA
"2460","Sample_2470",1.61326196862591,-0.158760928580596,0,"2460","2","2460",0.363527429022007,0.164543290892744,0.204766500441412,1.81802846906732,NA
"2461","Sample_2471",1.61326196862591,0.125194397884171,0,"2461","2","2461",0.201958201991315,0.102534105764073,0.327152599875487,1.94041456850139,NA
"2462","Sample_2472",1.61326196862591,0.0840390828606184,0,"2462","2","2462",-0.112994347243435,0.0762768372611278,-0.0289552643828161,1.58430670424309,NA
"2463","Sample_2473",1.61326196862591,0.156184499314666,0,"2463","2","2463",0.100205881999841,0.108233504953768,0.256390381314507,1.86965234994041,NA
"2464","Sample_2474",1.61326196862591,0.0515796653921542,0,"2464","2","2464",-0.190131708392453,0.103061022797609,-0.138552043000299,1.47470992562561,NA
"2465","Sample_2475",1.61326196862591,0.307558727098878,0,"2465","2","2465",-0.0145675960194219,0.0815130427940826,0.292991131079456,1.90625309970536,NA
"2466","Sample_2476",1.61326196862591,-0.0983252463540884,0,"2466","2","2466",0.103531450767297,0.0972979002311195,0.00520620441320896,1.61846817303912,NA
"2467","Sample_2477",1.61326196862591,0.115335896492194,0,"2467","2","2467",0.246163543381595,0.167581935385529,0.361499439873789,1.9747614084997,NA
"2468","Sample_2478",1.61326196862591,-0.0609671553257732,0,"2468","2","2468",-0.0783108857345537,0.137137582196677,-0.139278041060327,1.47398392756558,NA
"2469","Sample_2479",1.61326196862591,-0.059922366965392,0,"2469","2","2469",0.369843234259771,0.162001954675699,0.309920867294379,1.92318283592029,NA
"2470","Sample_2480",1.61326196862591,-0.202482881718008,0,"2470","2","2470",-0.00774274910558918,0.0988102147349242,-0.210225630823597,1.40303633780231,NA
"2471","Sample_2481",1.61326196862591,-0.165124790689693,0,"2471","2","2471",-0.18958508560746,0.138649896700491,-0.354709876297153,1.25855209232875,NA
"2472","Sample_2482",1.61326196862591,-0.151542677282108,0,"2472","2","2472",0.19086314413742,0.153244133312683,0.0393204668553119,1.65258243548122,NA
"2473","Sample_2483",1.61326196862591,0.024760374535859,0,"2473","2","2473",0.515337573253588,0.183688486501509,0.540097947789447,2.15335991641536,NA
"2474","Sample_2484",1.61326196862591,-0.0940282900847501,0,"2474","2","2474",0.208663554781352,0.137495303330476,0.114635264696602,1.72789723332251,NA
"2475","Sample_2485",1.61326196862591,-0.020118552503301,0,"2475","2","2475",-0.224268547116318,0.077789151764933,-0.244387099619619,1.36887486900629,NA
"2476","Sample_2486",1.61326196862591,0.0368224904403255,0,"2476","2","2476",0.113053330648722,0.101484984917003,0.149875821089047,1.76313778971495,NA
"2477","Sample_2487",1.61326196862591,-0.256805539895422,0,"2477","2","2477",0.311151035919137,0.150619406070602,0.0543454960237149,1.66760746464962,NA
"2478","Sample_2488",1.61326196862591,-0.0983252463540884,0,"2478","2","2478",0.103531450767297,0.0972979002311195,0.00520620441320896,1.61846817303912,NA
"2479","Sample_2489",1.61326196862591,-0.0733359834313205,0,"2479","2","2479",-0.136936853746208,0.133735384846501,-0.210272837177529,1.40298913144838,NA
"2480","Sample_2490",1.61326196862591,0.0368224904403255,0,"2480","2","2480",0.113053330648722,0.101484984917003,0.149875821089047,1.76313778971495,NA
"2481","Sample_2491",1.61326196862591,0.176876805968096,0,"2481","2","2481",-0.245394526527705,0.104473586469783,-0.0685177205596092,1.5447442480663,NA
"2482","Sample_2492",1.61326196862591,0.0502965457952674,0,"2482","2","2482",-0.0598827929942456,0.109024224013091,-0.00958624719897824,1.60367572142693,NA
"2483","Sample_2493",1.61326196862591,-0.0468116976644572,0,"2483","2","2483",-0.0173841231108059,0.112287155674602,-0.0641958207752631,1.54906614785064,NA
"2484","Sample_2494",1.61326196862591,-0.0983252463540884,0,"2484","2","2484",0.103531450767297,0.0972979002311195,0.00520620441320896,1.61846817303912,NA
"2485","Sample_2495",1.61326196862591,0.0840390828606184,0,"2485","2","2485",-0.112994347243435,0.0762768372611278,-0.0289552643828161,1.58430670424309,NA
"2486","Sample_2496",1.61326196862591,0.169770740210974,0,"2486","2","2486",-0.152548419395146,0.13107463014958,0.0172223208158283,1.63048428944174,NA
"2487","Sample_2497",1.61326196862591,0.122554147790682,0,"2487","2","2487",0.0734992584970166,0.156282777805459,0.196053406287698,1.80931537491361,NA
"2488","Sample_2498",1.61326196862591,0.2148324867982,0,"2488","2","2488",-0.158146133554638,0.16249284425441,0.0566863532435616,1.66994832186947,NA
"2489","Sample_2499",1.61326196862591,0.156184499314666,0,"2489","2","2489",0.100205881999841,0.108233504953768,0.256390381314507,1.86965234994041,NA
"2490","Sample_2500",1.61326196862591,-0.0125935890037325,0,"2490","2","2490",0.0639773786156015,0.152095693119564,0.051383789611869,1.66464575823778,NA
"2491","Sample_2501",1.61326196862591,-0.157906539391205,0,"2491","2","2491",-0.362249370492055,0.127350739120431,-0.52015590988326,1.09310605874265,NA
"2492","Sample_2502",1.61326196862591,0.307558727098878,0,"2492","2","2492",-0.0145675960194219,0.0815130427940826,0.292991131079456,1.90625309970536,NA
"2493","Sample_2503",1.61326196862591,-0.020118552503301,0,"2493","2","2493",-0.224268547116318,0.077789151764933,-0.244387099619619,1.36887486900629,NA
"2494","Sample_2504",1.61326196862591,-0.046518114104673,0,"2494","2","2494",-0.267343026105445,0.104493674241325,-0.313861140210118,1.29940082841579,NA
"2495","Sample_2505",1.61326196862591,-0.020118552503301,0,"2495","2","2495",-0.224268547116318,0.077789151764933,-0.244387099619619,1.36887486900629,NA
"2496","Sample_2506",1.61326196862591,0.260342134678585,0,"2496","2","2496",0.211480081872726,0.106721190449964,0.471822216551312,2.08508418517722,NA
"2497","Sample_2507",1.61326196862591,-0.202482881718008,0,"2497","2","2497",-0.00774274910558918,0.0988102147349242,-0.210225630823597,1.40303633780231,NA
"2498","Sample_2508",1.61326196862591,-0.360963175259341,0,"2498","2","2498",0.19987683604625,0.152131720574411,-0.161086339213092,1.45217562941282,NA
"2499","Sample_2509",1.61326196862591,-0.202482881718008,0,"2499","2","2499",-0.00774274910558918,0.0988102147349242,-0.210225630823597,1.40303633780231,NA
"2500","Sample_2510",1.61326196862591,-0.229007167484871,0,"2500","2","2500",-0.127295479740985,0.120258443906821,-0.356302647225856,1.25695932140005,NA
"2501","Sample_2511",1.61326196862591,0.203401091734959,0,"2501","2","2501",-0.125841795892313,0.0830253572978851,0.0775592958426455,1.69082126446855,NA
"2502","Sample_2512",1.61326196862591,-0.0272246182604222,0,"2502","2","2502",-0.13142243998376,0.104390195444723,-0.158647058244182,1.45461491038173,NA
"2503","Sample_2513",1.61326196862591,-0.0673351449235939,0,"2503","2","2503",0.00177913077582782,0.102997299420821,-0.0655560141477661,1.54770595447814,NA
"2504","Sample_2514",1.61326196862591,-0.234942299186472,0,"2504","2","2504",-0.0848801102545979,0.125594400271394,-0.31982240944107,1.29343955918484,NA
"2505","Sample_2515",1.61326196862591,-0.131382253624342,0,"2505","2","2505",-0.242696639856642,0.105902509948532,-0.374078893480984,1.23918307514492,NA
"2506","Sample_2516",1.61326196862591,-0.310135156364808,0,"2506","2","2506",0.478300907041271,0.191263753052448,0.168165750676463,1.78142771930237,NA
"2507","Sample_2517",1.61326196862591,0.149078433557545,0,"2507","2","2507",0.193051989132411,0.134834548633561,0.342130422689956,1.95539239131586,NA
"2508","Sample_2518",1.61326196862591,-0.00548752324661133,0,"2508","2","2508",-0.028868728516971,0.125494649439773,-0.0343562517635823,1.57890571686233,NA
"2509","Sample_2519",1.61326196862591,0.169601880816682,0,"2509","2","2509",0.173888735245762,0.144124404887359,0.343490616062443,1.95675258468835,NA
"2510","Sample_2520",1.61326196862591,0.0921373906139183,0,"2510","2","2510",-0.144269888632639,0.111138715481489,-0.0521324980187203,1.56112947060719,NA
"2511","Sample_2521",1.61326196862591,-0.020118552503301,0,"2511","2","2511",-0.224268547116318,0.077789151764933,-0.244387099619619,1.36887486900629,NA
"2512","Sample_2522",1.61326196862591,0.0575147970937551,0,"2512","2","2512",-0.232547077878834,0.0977250664330256,-0.175032280785079,1.43822968784083,NA
"2513","Sample_2523",1.61326196862591,-0.0125935890037325,0,"2513","2","2513",0.0639773786156015,0.152095693119564,0.051383789611869,1.66464575823778,NA
"2514","Sample_2524",1.61326196862591,-0.202482881718008,0,"2514","2","2514",-0.00774274910558918,0.0988102147349242,-0.210225630823597,1.40303633780231,NA
"2515","Sample_2525",1.61326196862591,0.0139306967631309,0,"2515","2","2515",0.183530109250991,0.130647463947673,0.197460806014122,1.81072277464003,NA
"2516","Sample_2526",1.61326196862591,0.203401091734959,0,"2516","2","2516",-0.125841795892313,0.0830253572978851,0.0775592958426455,1.69082126446855,NA
"2517","Sample_2527",1.61326196862591,-0.283498685056578,0,"2517","2","2517",0.518035459924655,0.185117409980264,0.234536774868077,1.84779874349398,NA
"2518","Sample_2528",1.61326196862591,0.0921373906139183,0,"2518","2","2518",-0.144269888632639,0.111138715481489,-0.0521324980187203,1.56112947060719,NA
"2519","Sample_2529",1.61326196862591,-0.020118552503301,0,"2519","2","2519",-0.224268547116318,0.077789151764933,-0.244387099619619,1.36887486900629,NA
"2520","Sample_2530",1.61326196862591,0.176876805968096,0,"2520","2","2520",-0.245394526527705,0.104473586469783,-0.0685177205596092,1.5447442480663,NA
"2521","Sample_2531",1.61326196862591,0.0368224904403255,0,"2521","2","2521",0.113053330648722,0.101484984917003,0.149875821089047,1.76313778971495,NA
"2522","Sample_2532",1.61326196862591,0.0654442454527622,0,"2522","2","2522",0.0626145353728783,0.145636719391158,0.12805878082564,1.74132074945155,NA
"2523","Sample_2533",1.61326196862591,-0.143444369528808,0,"2523","2","2523",0.159587602748211,0.188106011533048,0.0161432332194031,1.62940520184531,NA
"2524","Sample_2534",1.61326196862591,0.0502965457952674,0,"2524","2","2524",-0.0598827929942456,0.109024224013091,-0.00958624719897824,1.60367572142693,NA
"2525","Sample_2535",1.61326196862591,0.150183660806939,0,"2525","2","2525",-0.0385101025222016,0.138971590379461,0.111673558284738,1.72493552691065,NA
"2526","Sample_2536",1.61326196862591,-0.012705774545099,0,"2526","2","2526",0.143795556367626,0.136793807019832,0.131089781822527,1.74435175044843,NA
"2527","Sample_2537",1.61326196862591,-0.0804420491884417,0,"2527","2","2527",-0.0440907466136555,0.160336428526294,-0.124532795802097,1.48872917282381,NA
"2528","Sample_2538",1.61326196862591,0.0779778054638785,0,"2528","2","2528",0.428005879883476,0.127742253419951,0.505983685347355,2.11924565397326,NA
"2529","Sample_2539",1.61326196862591,-0.340439728000205,0,"2529","2","2529",0.18071358215961,0.161421576828192,-0.159726145840595,1.45353582278531,NA
"2530","Sample_2540",1.61326196862591,-0.313746582839048,0,"2530","2","2530",-0.0261708418459169,0.126923572918526,-0.339917424684965,1.27334454394094,NA
"2531","Sample_2541",1.61326196862591,0.0921373906139183,0,"2531","2","2531",-0.144269888632639,0.111138715481489,-0.0521324980187203,1.56112947060719,NA
"2532","Sample_2542",1.61326196862591,-0.0272246182604222,0,"2532","2","2532",-0.13142243998376,0.104390195444723,-0.158647058244182,1.45461491038173,NA
"2533","Sample_2543",1.61326196862591,-0.313746582839048,0,"2533","2","2533",-0.0261708418459169,0.126923572918526,-0.339917424684965,1.27334454394094,NA
"2534","Sample_2544",1.61326196862591,0.196295025977838,0,"2534","2","2534",-0.0329956887597437,0.109626400977682,0.163299337218094,1.776561305844,NA
"2535","Sample_2545",1.61326196862591,-0.0673351449235939,0,"2535","2","2535",0.00177913077582782,0.102997299420821,-0.0655560141477661,1.54770595447814,NA
"2536","Sample_2546",1.61326196862591,-0.020118552503301,0,"2536","2","2536",-0.224268547116318,0.077789151764933,-0.244387099619619,1.36887486900629,NA
"2537","Sample_2547",1.61326196862591,0.307558727098878,0,"2537","2","2537",-0.0145675960194219,0.0815130427940826,0.292991131079456,1.90625309970536,NA
"2538","Sample_2548",1.61326196862591,-0.0983252463540884,0,"2538","2","2538",0.103531450767297,0.0972979002311195,0.00520620441320896,1.61846817303912,NA
"2539","Sample_2549",1.61326196862591,-0.143444369528808,0,"2539","2","2539",0.159587602748211,0.188106011533048,0.0161432332194031,1.62940520184531,NA
"2540","Sample_2550",1.61326196862591,0.0840390828606184,0,"2540","2","2540",-0.112994347243435,0.0762768372611278,-0.0289552643828161,1.58430670424309,NA
"2541","Sample_2551",1.61326196862591,0.281034441332015,0,"2541","2","2541",-0.134120326654819,0.102961271965978,0.146914114677196,1.7601760833031,NA
"2542","Sample_2552",1.61326196862591,0.125194397884171,0,"2542","2","2542",0.201958201991315,0.102534105764073,0.327152599875487,1.94041456850139,NA
"2543","Sample_2553",1.61326196862591,-0.0673351449235939,0,"2543","2","2543",0.00177913077582782,0.102997299420821,-0.0655560141477661,1.54770595447814,NA
"2544","Sample_2554",1.61326196862591,-0.255700312646027,0,"2544","2","2544",0.079588944264528,0.154756447816484,-0.176111368381499,1.43715060024441,NA
"2545","Sample_2555",1.61326196862591,0.0840390828606184,0,"2545","2","2545",-0.112994347243435,0.0762768372611278,-0.0289552643828161,1.58430670424309,NA
"2546","Sample_2556",1.61326196862591,-0.317072362727636,0,"2546","2","2546",0.244709859532934,0.20481502199446,-0.0723625031947022,1.54089946543121,NA
"2547","Sample_2557",1.61326196862591,0.122385288396389,0,"2547","2","2547",0.399936413137918,0.169332552543223,0.522321701534307,2.13558367016021,NA
"2548","Sample_2558",1.61326196862591,0.0573459376994623,0,"2548","2","2548",0.0938900767620725,0.110774841170802,0.151236014461535,1.76449798308744,NA
"2549","Sample_2559",1.61326196862591,-0.131382253624342,0,"2549","2","2549",-0.242696639856642,0.105902509948532,-0.374078893480984,1.23918307514492,NA
"2550","Sample_2560",1.61326196862591,-0.0127624483980253,0,"2550","2","2550",0.390414533256503,0.165145467857346,0.377652084858477,1.99091405348439,NA
"2551","Sample_2561",1.61326196862591,0.125194397884171,0,"2551","2","2551",0.201958201991315,0.102534105764073,0.327152599875487,1.94041456850139,NA
"2552","Sample_2562",1.61326196862591,0.0101293452791694,0,"2552","2","2552",0.319937754654219,0.135982988826685,0.330067099933389,1.9433290685593,NA
"2553","Sample_2563",1.61326196862591,-0.30291690506632,0,"2553","2","2553",0.305636622156676,0.179964595472371,0.00271971709035596,1.61598168571626,NA
"2554","Sample_2564",1.61326196862591,0.203401091734959,0,"2554","2","2554",-0.125841795892313,0.0830253572978851,0.0775592958426455,1.69082126446855,NA
"2555","Sample_2565",1.61326196862591,-0.0468116976644572,0,"2555","2","2555",-0.0173841231108059,0.112287155674602,-0.0641958207752631,1.54906614785064,NA
"2556","Sample_2566",1.61326196862591,0.0573459376994623,0,"2556","2","2556",0.0938900767620725,0.110774841170802,0.151236014461535,1.76449798308744,NA
"2557","Sample_2567",1.61326196862591,0.281034441332015,0,"2557","2","2557",-0.134120326654819,0.102961271965978,0.146914114677196,1.7601760833031,NA
"2558","Sample_2568",1.61326196862591,-0.151542677282108,0,"2558","2","2558",0.19086314413742,0.153244133312683,0.0393204668553119,1.65258243548122,NA
"2559","Sample_2569",1.61326196862591,-0.157906539391205,0,"2559","2","2559",-0.362249370492055,0.127350739120431,-0.52015590988326,1.09310605874265,NA
"2560","Sample_2570",1.61326196862591,-0.340439728000205,0,"2560","2","2560",0.18071358215961,0.161421576828192,-0.159726145840595,1.45353582278531,NA
"2561","Sample_2571",1.61326196862591,-0.171186068086433,0,"2561","2","2561",0.351415141519449,0.190115312859319,0.180229073433016,1.79349104205892,NA
"2562","Sample_2572",1.61326196862591,-0.020118552503301,0,"2562","2","2562",-0.224268547116318,0.077789151764933,-0.244387099619619,1.36887486900629,NA
"2563","Sample_2573",1.61326196862591,0.196295025977838,0,"2563","2","2563",-0.0329956887597437,0.109626400977682,0.163299337218094,1.776561305844,NA
"2564","Sample_2574",1.61326196862591,-0.202482881718008,0,"2564","2","2564",-0.00774274910558918,0.0988102147349242,-0.210225630823597,1.40303633780231,NA
"2565","Sample_2575",1.61326196862591,0.021036762520252,0,"2565","2","2565",0.0906840021184319,0.10404642026788,0.111720764638684,1.72498273326459,NA
"2566","Sample_2576",1.61326196862591,-0.0466428382701644,0,"2566","2","2566",-0.343821277751721,0.099237380936828,-0.390464116021886,1.22279785260402,NA
"2567","Sample_2577",1.61326196862591,-0.020118552503301,0,"2567","2","2567",-0.224268547116318,0.077789151764933,-0.244387099619619,1.36887486900629,NA
"2568","Sample_2578",1.61326196862591,-0.229176026879164,0,"2568","2","2568",0.199141674899919,0.133308218644598,-0.0300343519792454,1.58322761664666,NA
"2569","Sample_2579",1.61326196862591,0.0914518608188204,0,"2569","2","2569",0.25506975624051,0.135281492516034,0.346521617059331,1.95978358568524,NA
"2570","Sample_2580",1.61326196862591,0.125194397884171,0,"2570","2","2570",0.201958201991315,0.102534105764073,0.327152599875487,1.94041456850139,NA
"2571","Sample_2581",1.61326196862591,0.0840390828606184,0,"2571","2","2571",-0.112994347243435,0.0762768372611278,-0.0289552643828161,1.58430670424309,NA
"2572","Sample_2582",1.61326196862591,0.0654442454527622,0,"2572","2","2572",0.0626145353728783,0.145636719391158,0.12805878082564,1.74132074945155,NA
"2573","Sample_2583",1.61326196862591,-0.30291690506632,0,"2573","2","2573",0.305636622156676,0.179964595472371,0.00271971709035596,1.61598168571626,NA
"2574","Sample_2584",1.61326196862591,-0.124849532120952,0,"2574","2","2574",-0.0160212798680964,0.118746129403016,-0.140870811989048,1.47239115663686,NA
"2575","Sample_2585",1.61326196862591,-0.020118552503301,0,"2575","2","2575",-0.224268547116318,0.077789151764933,-0.244387099619619,1.36887486900629,NA
"2576","Sample_2586",1.61326196862591,0.0101293452791694,0,"2576","2","2576",0.319937754654219,0.135982988826685,0.330067099933389,1.9433290685593,NA
"2577","Sample_2587",1.61326196862591,-0.313746582839048,0,"2577","2","2577",-0.0261708418459169,0.126923572918526,-0.339917424684965,1.27334454394094,NA
"2578","Sample_2588",1.61326196862591,0.203401091734959,0,"2578","2","2578",-0.125841795892313,0.0830253572978851,0.0775592958426455,1.69082126446855,NA
"2579","Sample_2589",1.61326196862591,0.162552488912487,0,"2579","2","2579",0.0201158654894457,0.142373787729635,0.182668354401932,1.79593032302784,NA
"2580","Sample_2590",1.61326196862591,-0.0983252463540884,0,"2580","2","2580",0.103531450767297,0.0972979002311195,0.00520620441320896,1.61846817303912,NA
"2581","Sample_2591",1.61326196862591,0.125194397884171,0,"2581","2","2581",0.201958201991315,0.102534105764073,0.327152599875487,1.94041456850139,NA
"2582","Sample_2592",1.61326196862591,0.0779778054638785,0,"2582","2","2582",0.428005879883476,0.127742253419951,0.505983685347355,2.11924565397326,NA
"2583","Sample_2593",1.61326196862591,-0.236282092636285,0,"2583","2","2583",0.291987782032482,0.159909262324384,0.0557056893961966,1.6689676580221,NA
"2584","Sample_2594",1.61326196862591,0.021036762520252,0,"2584","2","2584",0.0906840021184319,0.10404642026788,0.111720764638684,1.72498273326459,NA
"2585","Sample_2595",1.61326196862591,0.0926045028921993,0,"2585","2","2585",0.142823785371808,0.133328092811456,0.235428288264008,1.84869025688992,NA
"2586","Sample_2596",1.61326196862591,0.0102982046734621,0,"2586","2","2586",-0.00649939998667262,0.122933214088894,0.00379880468678953,1.6170607733127,NA
"2587","Sample_2597",1.61326196862591,0.0840390828606184,0,"2587","2","2587",-0.112994347243435,0.0762768372611278,-0.0289552643828161,1.58430670424309,NA
"2588","Sample_2598",1.61326196862591,-0.020118552503301,0,"2588","2","2588",-0.224268547116318,0.077789151764933,-0.244387099619619,1.36887486900629,NA
"2589","Sample_2599",1.61326196862591,0.307558727098878,0,"2589","2","2589",-0.0145675960194219,0.0815130427940826,0.292991131079456,1.90625309970536,NA
"2590","Sample_2600",1.61326196862591,0.170811196742987,0,"2590","2","2590",-0.184976212511819,0.113819344345275,-0.0141650157688319,1.59909695285708,NA
"2591","Sample_2601",1.61326196862591,0.0921373906139183,0,"2591","2","2591",-0.144269888632639,0.111138715481489,-0.0521324980187203,1.56112947060719,NA
"2592","Sample_2602",1.61326196862591,0.196295025977838,0,"2592","2","2592",-0.0329956887597437,0.109626400977682,0.163299337218094,1.776561305844,NA
"2593","Sample_2603",1.61326196862591,-0.372899145468669,0,"2593","2","2593",0.103576221010584,0.18820576236467,-0.269322924458085,1.34393904416782,NA
"2594","Sample_2604",1.61326196862591,0.0840390828606184,0,"2594","2","2594",-0.112994347243435,0.0762768372611278,-0.0289552643828161,1.58430670424309,NA
"2595","Sample_2605",1.61326196862591,-0.209588947475129,0,"2595","2","2595",0.0851033580269817,0.125411258414718,-0.124485589448147,1.48877637917776,NA
"2596","Sample_2606",1.61326196862591,-0.0983252463540884,0,"2596","2","2596",0.103531450767297,0.0972979002311195,0.00520620441320896,1.61846817303912,NA
"2597","Sample_2607",1.61326196862591,0.203401091734959,0,"2597","2","2597",-0.125841795892313,0.0830253572978851,0.0775592958426455,1.69082126446855,NA
"2598","Sample_2608",1.61326196862591,-0.020118552503301,0,"2598","2","2598",-0.224268547116318,0.077789151764933,-0.244387099619619,1.36887486900629,NA
"2599","Sample_2609",1.61326196862591,-0.229176026879164,0,"2599","2","2599",0.199141674899919,0.133308218644598,-0.0300343519792454,1.58322761664666,NA
"2600","Sample_2610",1.61326196862591,-0.0983252463540884,0,"2600","2","2600",0.103531450767297,0.0972979002311195,0.00520620441320896,1.61846817303912,NA
"2601","Sample_2611",1.61326196862591,0.169770740210974,0,"2601","2","2601",-0.152548419395146,0.13107463014958,0.0172223208158283,1.63048428944174,NA
"2602","Sample_2612",1.61326196862591,0.0840390828606184,0,"2602","2","2602",-0.112994347243435,0.0762768372611278,-0.0289552643828161,1.58430670424309,NA
"2603","Sample_2613",1.61326196862591,-0.0938594306904573,0,"2603","2","2603",-0.117773599859566,0.124445528592714,-0.211633030550023,1.40162893807588,NA
"2604","Sample_2614",1.61326196862591,-0.157906539391205,0,"2604","2","2604",-0.362249370492055,0.127350739120431,-0.52015590988326,1.09310605874265,NA
"2605","Sample_2615",1.61326196862591,-0.0272246182604222,0,"2605","2","2605",-0.13142243998376,0.104390195444723,-0.158647058244182,1.45461491038173,NA
"2606","Sample_2616",1.61326196862591,-0.020118552503301,0,"2606","2","2606",-0.224268547116318,0.077789151764933,-0.244387099619619,1.36887486900629,NA
"2607","Sample_2617",1.61326196862591,0.176707946573803,0,"2607","2","2607",0.0810426281131971,0.117523361207558,0.257750574687,1.87101254331291,NA
"2608","Sample_2618",1.61326196862591,0.129660213547803,0,"2608","2","2608",-0.0193468486355659,0.129681734125669,0.110313364912237,1.72357533353814,NA
"2609","Sample_2619",1.61326196862591,-0.131382253624342,0,"2609","2","2609",-0.242696639856642,0.105902509948532,-0.374078893480984,1.23918307514492,NA
"2610","Sample_2620",1.61326196862591,0.021036762520252,0,"2610","2","2610",0.0906840021184319,0.10404642026788,0.111720764638684,1.72498273326459,NA
"2611","Sample_2621",1.61326196862591,0.196295025977838,0,"2611","2","2611",-0.0329956887597437,0.109626400977682,0.163299337218094,1.776561305844,NA
"2612","Sample_2622",1.61326196862591,-0.020118552503301,0,"2612","2","2612",-0.224268547116318,0.077789151764933,-0.244387099619619,1.36887486900629,NA
"2613","Sample_2623",1.61326196862591,0.156184499314666,0,"2613","2","2613",0.100205881999841,0.108233504953768,0.256390381314507,1.86965234994041,NA
"2614","Sample_2624",1.61326196862591,-0.131382253624342,0,"2614","2","2614",-0.242696639856642,0.105902509948532,-0.374078893480984,1.23918307514492,NA
"2615","Sample_2625",1.61326196862591,-0.020118552503301,0,"2615","2","2615",-0.224268547116318,0.077789151764933,-0.244387099619619,1.36887486900629,NA
"2616","Sample_2626",1.61326196862591,0.156184499314666,0,"2616","2","2616",0.100205881999841,0.108233504953768,0.256390381314507,1.86965234994041,NA
"2617","Sample_2627",1.61326196862591,-0.0125935890037325,0,"2617","2","2617",0.0639773786156015,0.152095693119564,0.051383789611869,1.66464575823778,NA
"2618","Sample_2628",1.61326196862591,-0.256805539895422,0,"2618","2","2618",0.311151035919137,0.150619406070602,0.0543454960237149,1.66760746464962,NA
"2619","Sample_2629",1.61326196862591,-0.0673351449235939,0,"2619","2","2619",0.00177913077582782,0.102997299420821,-0.0655560141477661,1.54770595447814,NA
"2620","Sample_2630",1.61326196862591,-0.0673351449235939,0,"2620","2","2620",0.00177913077582782,0.102997299420821,-0.0655560141477661,1.54770595447814,NA
"2621","Sample_2631",1.61326196862591,0.065613104847055,0,"2621","2","2621",-0.263822619268035,0.132586944653383,-0.19820951442098,1.41505245420493,NA
"2622","Sample_2632",1.61326196862591,0.176876805968096,0,"2622","2","2622",-0.245394526527705,0.104473586469783,-0.0685177205596092,1.5447442480663,NA
"2623","Sample_2633",1.61326196862591,-0.125018391515245,0,"2623","2","2623",0.310415874772815,0.131795904140789,0.185397483257571,1.79865945188348,NA
"2624","Sample_2634",1.61326196862591,-0.202482881718008,0,"2624","2","2624",-0.00774274910558918,0.0988102147349242,-0.210225630823597,1.40303633780231,NA
"2625","Sample_2635",1.61326196862591,-0.0537489040272855,0,"2625","2","2625",-0.250975170619145,0.125838424616621,-0.30472407464643,1.30853789397948,NA
"2626","Sample_2636",1.61326196862591,-0.00548752324661133,0,"2626","2","2626",-0.028868728516971,0.125494649439773,-0.0343562517635823,1.57890571686233,NA
"2627","Sample_2637",1.61326196862591,0.307558727098878,0,"2627","2","2627",-0.0145675960194219,0.0815130427940826,0.292991131079456,1.90625309970536,NA
"2628","Sample_2638",1.61326196862591,-0.020118552503301,0,"2628","2","2628",-0.224268547116318,0.077789151764933,-0.244387099619619,1.36887486900629,NA
"2629","Sample_2639",1.61326196862591,0.0840390828606184,0,"2629","2","2629",-0.112994347243435,0.0762768372611278,-0.0289552643828161,1.58430670424309,NA
"2630","Sample_2640",1.61326196862591,0.0575147970937551,0,"2630","2","2630",-0.232547077878834,0.0977250664330256,-0.175032280785079,1.43822968784083,NA
"2631","Sample_2641",1.61326196862591,0.0840390828606184,0,"2631","2","2631",-0.112994347243435,0.0762768372611278,-0.0289552643828161,1.58430670424309,NA
"2632","Sample_2642",1.61326196862591,0.169770740210974,0,"2632","2","2632",-0.152548419395146,0.13107463014958,0.0172223208158283,1.63048428944174,NA
"2633","Sample_2643",1.61326196862591,-0.0673351449235939,0,"2633","2","2633",0.00177913077582782,0.102997299420821,-0.0655560141477661,1.54770595447814,NA
"2634","Sample_2644",1.61326196862591,-0.074441210680715,0,"2634","2","2634",0.0946252379084117,0.129598343100607,0.0201840272276966,1.6334459958536,NA
"2635","Sample_2645",1.61326196862591,-0.020118552503301,0,"2635","2","2635",-0.224268547116318,0.077789151764933,-0.244387099619619,1.36887486900629,NA
"2636","Sample_2646",1.61326196862591,-0.157906539391205,0,"2636","2","2636",-0.362249370492055,0.127350739120431,-0.52015590988326,1.09310605874265,NA
"2637","Sample_2647",1.61326196862591,-0.0673351449235939,0,"2637","2","2637",0.00177913077582782,0.102997299420821,-0.0655560141477661,1.54770595447814,NA
"2638","Sample_2648",1.61326196862591,-0.0537489040272855,0,"2638","2","2638",-0.250975170619145,0.125838424616621,-0.30472407464643,1.30853789397948,NA
"2639","Sample_2649",1.61326196862591,0.0840390828606184,0,"2639","2","2639",-0.112994347243435,0.0762768372611278,-0.0289552643828161,1.58430670424309,NA
"2640","Sample_2650",1.61326196862591,0.0840390828606184,0,"2640","2","2640",-0.112994347243435,0.0762768372611278,-0.0289552643828161,1.58430670424309,NA
"2641","Sample_2651",1.61326196862591,0.203401091734959,0,"2641","2","2641",-0.125841795892313,0.0830253572978851,0.0775592958426455,1.69082126446855,NA
"2642","Sample_2652",1.61326196862591,0.233817848911722,0,"2642","2","2642",0.0919273512373283,0.128169419621856,0.32574520014905,1.93900716877496,NA
"2643","Sample_2653",1.61326196862591,0.021036762520252,0,"2643","2","2643",0.0906840021184319,0.10404642026788,0.111720764638684,1.72498273326459,NA
"2644","Sample_2654",1.61326196862591,0.0840390828606184,0,"2644","2","2644",-0.112994347243435,0.0762768372611278,-0.0289552643828161,1.58430670424309,NA
"2645","Sample_2655",1.61326196862591,-0.143444369528808,0,"2645","2","2645",0.159587602748211,0.188106011533048,0.0161432332194031,1.62940520184531,NA
"2646","Sample_2656",1.61326196862591,0.021036762520252,0,"2646","2","2646",0.0906840021184319,0.10404642026788,0.111720764638684,1.72498273326459,NA
"2647","Sample_2657",1.61326196862591,-0.131382253624342,0,"2647","2","2647",-0.242696639856642,0.105902509948532,-0.374078893480984,1.23918307514492,NA
"2648","Sample_2658",1.61326196862591,0.169658554669608,0,"2648","2","2648",-0.0727302416431141,0.115772744049838,0.0969283130264937,1.7101902816524,NA
"2649","Sample_2659",1.61326196862591,-0.101134355841871,0,"2649","2","2649",0.301509661913917,0.164096347010275,0.200375306072046,1.81363727469795,NA
"2650","Sample_2660",1.61326196862591,-0.0468116976644572,0,"2650","2","2650",-0.0173841231108059,0.112287155674602,-0.0641958207752631,1.54906614785064,NA
"2651","Sample_2661",1.61326196862591,0.0840390828606184,0,"2651","2","2651",-0.112994347243435,0.0762768372611278,-0.0289552643828161,1.58430670424309,NA
"2652","Sample_2662",1.61326196862591,0.203401091734959,0,"2652","2","2652",-0.125841795892313,0.0830253572978851,0.0775592958426455,1.69082126446855,NA
"2653","Sample_2663",1.61326196862591,-0.340439728000205,0,"2653","2","2653",0.18071358215961,0.161421576828192,-0.159726145840595,1.45353582278531,NA
"2654","Sample_2664",1.61326196862591,0.169658554669608,0,"2654","2","2654",-0.0727302416431141,0.115772744049838,0.0969283130264937,1.7101902816524,NA
"2655","Sample_2665",1.61326196862591,0.021036762520252,0,"2655","2","2655",0.0906840021184319,0.10404642026788,0.111720764638684,1.72498273326459,NA
"2656","Sample_2666",1.61326196862591,-0.131382253624342,0,"2656","2","2656",-0.242696639856642,0.105902509948532,-0.374078893480984,1.23918307514492,NA
"2657","Sample_2667",1.61326196862591,-0.012705774545099,0,"2657","2","2657",0.143795556367626,0.136793807019832,0.131089781822527,1.74435175044843,NA
"2658","Sample_2668",1.61326196862591,0.248575023863551,0,"2658","2","2658",-0.21125768780383,0.129745457502455,0.0373173360597205,1.65057930468563,NA
"2659","Sample_2669",1.61326196862591,0.196295025977838,0,"2659","2","2659",-0.0329956887597437,0.109626400977682,0.163299337218094,1.776561305844,NA
"2660","Sample_2670",1.61326196862591,-0.124849532120952,0,"2660","2","2660",-0.0160212798680964,0.118746129403016,-0.140870811989048,1.47239115663686,NA
"2661","Sample_2671",1.61326196862591,0.176707946573803,0,"2661","2","2661",0.0810426281131971,0.117523361207558,0.257750574687,1.87101254331291,NA
"2662","Sample_2672",1.61326196862591,0.203401091734959,0,"2662","2","2662",-0.125841795892313,0.0830253572978851,0.0775592958426455,1.69082126446855,NA
"2663","Sample_2673",1.61326196862591,0.203401091734959,0,"2663","2","2663",-0.125841795892313,0.0830253572978851,0.0775592958426455,1.69082126446855,NA
"2664","Sample_2674",1.61326196862591,0.163835608509374,0,"2664","2","2664",-0.110133049908755,0.136410586514154,0.053702558600619,1.66696452722653,NA
"2665","Sample_2675",1.61326196862591,-0.116920083761945,0,"2665","2","2665",0.279140333383614,0.166657782361143,0.16222024962167,1.77548221824758,NA
"2666","Sample_2676",1.61326196862591,0.0139306967631309,0,"2666","2","2666",0.183530109250991,0.130647463947673,0.197460806014122,1.81072277464003,NA
"2667","Sample_2677",1.61326196862591,0.176707946573803,0,"2667","2","2667",0.0810426281131971,0.117523361207558,0.257750574687,1.87101254331291,NA
"2668","Sample_2678",1.61326196862591,-0.131382253624342,0,"2668","2","2668",-0.242696639856642,0.105902509948532,-0.374078893480984,1.23918307514492,NA
"2669","Sample_2679",1.61326196862591,0.260342134678585,0,"2669","2","2669",0.211480081872726,0.106721190449964,0.471822216551312,2.08508418517722,NA
"2670","Sample_2680",1.61326196862591,0.0840390828606184,0,"2670","2","2670",-0.112994347243435,0.0762768372611278,-0.0289552643828161,1.58430670424309,NA
"2671","Sample_2681",1.61326196862591,-0.0983252463540884,0,"2671","2","2671",0.103531450767297,0.0972979002311195,0.00520620441320896,1.61846817303912,NA
"2672","Sample_2682",1.61326196862591,-0.116920083761945,0,"2672","2","2672",0.279140333383614,0.166657782361143,0.16222024962167,1.77548221824758,NA
"2673","Sample_2683",1.61326196862591,-0.0468116976644572,0,"2673","2","2673",-0.0173841231108059,0.112287155674602,-0.0641958207752631,1.54906614785064,NA
"2674","Sample_2684",1.61326196862591,0.203401091734959,0,"2674","2","2674",-0.125841795892313,0.0830253572978851,0.0775592958426455,1.69082126446855,NA
"2675","Sample_2685",1.61326196862591,-0.0983252463540884,0,"2675","2","2675",0.103531450767297,0.0972979002311195,0.00520620441320896,1.61846817303912,NA
"2676","Sample_2686",1.61326196862591,-0.0805542347298082,0,"2676","2","2676",0.0357274311383712,0.145034542426569,-0.0448268035914371,1.56843516503447,NA
"2677","Sample_2687",1.61326196862591,0.0921373906139183,0,"2677","2","2677",-0.144269888632639,0.111138715481489,-0.0521324980187203,1.56112947060719,NA
"2678","Sample_2688",1.61326196862591,-0.191649076456556,0,"2678","2","2678",-0.309137816242836,0.160098125872379,-0.500786892699392,1.11247507592652,NA
"2679","Sample_2689",1.61326196862591,-0.00565638264090413,0,"2679","2","2679",0.29756842612393,0.138544424177553,0.291912043483026,1.90517401210893,NA
"2680","Sample_2690",1.61326196862591,-0.197710353853296,0,"2680","2","2680",0.231862410884041,0.211563542031213,0.0341520570307453,1.64741402565665,NA
"2681","Sample_2691",1.61326196862591,0.0573459376994623,0,"2681","2","2681",0.0938900767620725,0.110774841170802,0.151236014461535,1.76449798308744,NA
"2682","Sample_2692",1.61326196862591,0.196295025977838,0,"2682","2","2682",-0.0329956887597437,0.109626400977682,0.163299337218094,1.776561305844,NA
"2683","Sample_2693",1.61326196862591,0.0654442454527622,0,"2683","2","2683",0.0626145353728783,0.145636719391158,0.12805878082564,1.74132074945155,NA
"2684","Sample_2694",1.61326196862591,-0.131382253624342,0,"2684","2","2684",-0.242696639856642,0.105902509948532,-0.374078893480984,1.23918307514492,NA
"2685","Sample_2695",1.61326196862591,-0.131382253624342,0,"2685","2","2685",-0.242696639856642,0.105902509948532,-0.374078893480984,1.23918307514492,NA
"2686","Sample_2696",1.61326196862591,0.203401091734959,0,"2686","2","2686",-0.125841795892313,0.0830253572978851,0.0775592958426455,1.69082126446855,NA
"2687","Sample_2697",1.61326196862591,0.0779778054638785,0,"2687","2","2687",0.428005879883476,0.127742253419951,0.505983685347355,2.11924565397326,NA
"2688","Sample_2698",1.61326196862591,0.0575147970937551,0,"2688","2","2688",-0.232547077878834,0.0977250664330256,-0.175032280785079,1.43822968784083,NA
"2689","Sample_2699",1.61326196862591,0.281034441332015,0,"2689","2","2689",-0.134120326654819,0.102961271965978,0.146914114677196,1.7601760833031,NA
"2690","Sample_2700",1.61326196862591,0.0987948362827994,0,"2690","2","2690",0.158883723002179,0.129238628240468,0.257678559284978,1.87094052791089,NA
"2691","Sample_2701",1.61326196862591,0.176876805968096,0,"2691","2","2691",-0.245394526527705,0.104473586469783,-0.0685177205596092,1.5447442480663,NA
"2692","Sample_2702",1.61326196862591,0.162552488912487,0,"2692","2","2692",0.0201158654894457,0.142373787729635,0.182668354401932,1.79593032302784,NA
"2693","Sample_2703",1.61326196862591,-0.0539177634215783,0,"2693","2","2693",0.0754619840217534,0.138888199354405,0.0215442206001751,1.63480618922608,NA
"2694","Sample_2704",1.61326196862591,-0.236225418783359,0,"2694","2","2694",0.0453688051436115,0.131557601486883,-0.190856613639747,1.42240535498616,NA
"2695","Sample_2705",1.61326196862591,0.071976966956152,0,"2695","2","2695",0.289289895361424,0.158480338845639,0.361266862317576,1.97452883094348,NA
"2696","Sample_2706",1.61326196862591,-0.0321806684077675,0,"2696","2","2696",0.178015695488542,0.159992653349435,0.145835027080775,1.75909699570668,NA
"2697","Sample_2707",1.61326196862591,-0.0466428382701644,0,"2697","2","2697",-0.343821277751721,0.099237380936828,-0.390464116021886,1.22279785260402,NA
"2698","Sample_2708",1.61326196862591,0.0392135432456829,0,"2698","2","2698",-0.306897098257176,0.159291467129795,-0.267683555011493,1.34557841361441,NA
"2699","Sample_2709",1.61326196862591,0.0840390828606184,0,"2699","2","2699",-0.112994347243435,0.0762768372611278,-0.0289552643828161,1.58430670424309,NA
"2700","Sample_2710",1.61326196862591,-0.209588947475129,0,"2700","2","2700",0.0851033580269817,0.125411258414718,-0.124485589448147,1.48877637917776,NA
"2701","Sample_2711",1.61326196862591,-0.0468116976644572,0,"2701","2","2701",-0.0173841231108059,0.112287155674602,-0.0641958207752631,1.54906614785064,NA
"2702","Sample_2712",1.61326196862591,-0.033285895657162,0,"2702","2","2702",0.409577787143145,0.155855611603553,0.376291891485983,1.98955386011189,NA
"2703","Sample_2713",1.61326196862591,-0.00565638264090413,0,"2703","2","2703",0.29756842612393,0.138544424177553,0.291912043483026,1.90517401210893,NA
"2704","Sample_2714",1.61326196862591,-0.00548752324661133,0,"2704","2","2704",-0.028868728516971,0.125494649439773,-0.0343562517635823,1.57890571686233,NA
"2705","Sample_2715",1.61326196862591,0.0647587156576643,0,"2705","2","2705",0.461954180246011,0.169779496425697,0.526712895903676,2.13997486452958,NA
"2706","Sample_2716",1.61326196862591,0.0840390828606184,0,"2706","2","2706",-0.112994347243435,0.0762768372611278,-0.0289552643828161,1.58430670424309,NA
"2707","Sample_2717",1.61326196862591,-0.130784663822553,0,"2707","2","2707",0.0263940896182917,0.124082085767596,-0.104390574204261,1.50887139442165,NA
"2708","Sample_2718",1.61326196862591,0.307558727098878,0,"2708","2","2708",-0.0145675960194219,0.0815130427940826,0.292991131079456,1.90625309970536,NA
"2709","Sample_2719",1.61326196862591,-0.0468116976644572,0,"2709","2","2709",-0.0173841231108059,0.112287155674602,-0.0641958207752631,1.54906614785064,NA
"2710","Sample_2720",1.61326196862591,0.065613104847055,0,"2710","2","2710",-0.263822619268035,0.132586944653383,-0.19820951442098,1.41505245420493,NA
"2711","Sample_2721",1.61326196862591,0.226599597613234,0,"2711","2","2711",0.26459163612193,0.139468577201917,0.491191233735165,2.10445320236107,NA
"2712","Sample_2722",1.61326196862591,0.0958610026295253,0,"2712","2","2712",0.28038368250252,0.190780781715126,0.376244685132046,1.98950665375795,NA
"2713","Sample_2723",1.61326196862591,-0.074441210680715,0,"2713","2","2713",0.0946252379084117,0.129598343100607,0.0201840272276966,1.6334459958536,NA
"2714","Sample_2724",1.61326196862591,-0.229007167484871,0,"2714","2","2714",-0.127295479740985,0.120258443906821,-0.356302647225856,1.25695932140005,NA
"2715","Sample_2725",1.61326196862591,0.125194397884171,0,"2715","2","2715",0.201958201991315,0.102534105764073,0.327152599875487,1.94041456850139,NA
"2716","Sample_2726",1.61326196862591,0.307558727098878,0,"2716","2","2716",-0.0145675960194219,0.0815130427940826,0.292991131079456,1.90625309970536,NA
"2717","Sample_2727",1.61326196862591,-0.0198118403022202,0,"2717","2","2717",0.236641663500182,0.16339485069965,0.216829823197962,1.83009179182387,NA
"2718","Sample_2728",1.61326196862591,-0.0537489040272855,0,"2718","2","2718",-0.250975170619145,0.125838424616621,-0.30472407464643,1.30853789397948,NA
"2719","Sample_2729",1.61326196862591,0.0596779731454541,0,"2719","2","2719",-0.221407249781645,0.137922901017961,-0.161729276636191,1.45153269198972,NA
"2720","Sample_2730",1.61326196862591,-0.0983252463540884,0,"2720","2","2720",0.103531450767297,0.0972979002311195,0.00520620441320896,1.61846817303912,NA
"2721","Sample_2731",1.61326196862591,0.0259354360801031,0,"2721","2","2721",-0.168295695532465,0.170670287769926,-0.142360259452362,1.47090170917355,NA
"2722","Sample_2732",1.61326196862591,0.169770740210974,0,"2722","2","2722",-0.152548419395146,0.13107463014958,0.0172223208158283,1.63048428944174,NA
"2723","Sample_2733",1.61326196862591,-0.020118552503301,0,"2723","2","2723",-0.224268547116318,0.077789151764933,-0.244387099619619,1.36887486900629,NA
"2724","Sample_2734",1.61326196862591,0.307558727098878,0,"2724","2","2724",-0.0145675960194219,0.0815130427940826,0.292991131079456,1.90625309970536,NA
"2725","Sample_2735",1.61326196862591,0.0840390828606184,0,"2725","2","2725",-0.112994347243435,0.0762768372611278,-0.0289552643828161,1.58430670424309,NA
"2726","Sample_2736",1.61326196862591,-0.256805539895422,0,"2726","2","2726",0.311151035919137,0.150619406070602,0.0543454960237149,1.66760746464962,NA
"2727","Sample_2737",1.61326196862591,-0.0902269386007886,0,"2727","2","2727",0.0722559093780928,0.132159778451494,-0.0179710292226958,1.59529093940321,NA
"2728","Sample_2738",1.61326196862591,0.203401091734959,0,"2728","2","2728",-0.125841795892313,0.0830253572978851,0.0775592958426455,1.69082126446855,NA
"2729","Sample_2739",1.61326196862591,0.169658554669608,0,"2729","2","2729",-0.0727302416431141,0.115772744049838,0.0969283130264937,1.7101902816524,NA
"2730","Sample_2740",1.61326196862591,-0.116920083761945,0,"2730","2","2730",0.279140333383614,0.166657782361143,0.16222024962167,1.77548221824758,NA
"2731","Sample_2741",1.61326196862591,-0.020118552503301,0,"2731","2","2731",-0.224268547116318,0.077789151764933,-0.244387099619619,1.36887486900629,NA
"2732","Sample_2742",1.61326196862591,0.176876805968096,0,"2732","2","2732",-0.245394526527705,0.104473586469783,-0.0685177205596092,1.5447442480663,NA
"2733","Sample_2743",1.61326196862591,-0.012705774545099,0,"2733","2","2733",0.143795556367626,0.136793807019832,0.131089781822527,1.74435175044843,NA
"2734","Sample_2744",1.61326196862591,-0.020118552503301,0,"2734","2","2734",-0.224268547116318,0.077789151764933,-0.244387099619619,1.36887486900629,NA
"2735","Sample_2745",1.61326196862591,0.125194397884171,0,"2735","2","2735",0.201958201991315,0.102534105764073,0.327152599875487,1.94041456850139,NA
"2736","Sample_2746",1.61326196862591,-0.0537489040272855,0,"2736","2","2736",-0.250975170619145,0.125838424616621,-0.30472407464643,1.30853789397948,NA
"2737","Sample_2747",1.61326196862591,0.307558727098878,0,"2737","2","2737",-0.0145675960194219,0.0815130427940826,0.292991131079456,1.90625309970536,NA
"2738","Sample_2748",1.61326196862591,-0.0272246182604222,0,"2738","2","2738",-0.13142243998376,0.104390195444723,-0.158647058244182,1.45461491038173,NA
"2739","Sample_2749",1.61326196862591,-0.020118552503301,0,"2739","2","2739",-0.224268547116318,0.077789151764933,-0.244387099619619,1.36887486900629,NA
"2740","Sample_2750",1.61326196862591,0.176707946573803,0,"2740","2","2740",0.0810426281131971,0.117523361207558,0.257750574687,1.87101254331291,NA
"2741","Sample_2751",1.61326196862591,-0.0114226549482122,0,"2741","2","2741",0.0135466409694012,0.130830605804354,0.002123986021189,1.6153859546471,NA
"2742","Sample_2752",1.61326196862591,0.0779778054638785,0,"2742","2","2742",0.428005879883476,0.127742253419951,0.505983685347355,2.11924565397326,NA
"2743","Sample_2753",1.61326196862591,-0.255700312646027,0,"2743","2","2743",0.079588944264528,0.154756447816484,-0.176111368381499,1.43715060024441,NA
"2744","Sample_2754",1.61326196862591,-0.0673351449235939,0,"2744","2","2744",0.00177913077582782,0.102997299420821,-0.0655560141477661,1.54770595447814,NA
"2745","Sample_2755",1.61326196862591,-0.0673351449235939,0,"2745","2","2745",0.00177913077582782,0.102997299420821,-0.0655560141477661,1.54770595447814,NA
"2746","Sample_2756",1.61326196862591,0.023772260028404,0,"2746","2","2746",-0.179435523629641,0.130472453184985,-0.155663263601237,1.45759870502467,NA
"2747","Sample_2757",1.61326196862591,-0.202482881718008,0,"2747","2","2747",-0.00774274910558918,0.0988102147349242,-0.210225630823597,1.40303633780231,NA
"2748","Sample_2758",1.61326196862591,0.307558727098878,0,"2748","2","2748",-0.0145675960194219,0.0815130427940826,0.292991131079456,1.90625309970536,NA
"2749","Sample_2759",1.61326196862591,0.021036762520252,0,"2749","2","2749",0.0906840021184319,0.10404642026788,0.111720764638684,1.72498273326459,NA
"2750","Sample_2760",1.61326196862591,0.260342134678585,0,"2750","2","2750",0.211480081872726,0.106721190449964,0.471822216551312,2.08508418517722,NA
"2751","Sample_2761",1.61326196862591,0.0183965124267621,0,"2751","2","2751",-0.0377749413758778,0.15779509230926,-0.0193784289491157,1.59388353967679,NA
"2752","Sample_2762",1.61326196862591,0.129660213547803,0,"2752","2","2752",-0.0193468486355659,0.129681734125669,0.110313364912237,1.72357533353814,NA
"2753","Sample_2763",1.61326196862591,-0.0983252463540884,0,"2753","2","2753",0.103531450767297,0.0972979002311195,0.00520620441320896,1.61846817303912,NA
"2754","Sample_2764",1.61326196862591,0.0368224904403255,0,"2754","2","2754",0.113053330648722,0.101484984917003,0.149875821089047,1.76313778971495,NA
"2755","Sample_2765",1.61326196862591,0.021036762520252,0,"2755","2","2755",0.0906840021184319,0.10404642026788,0.111720764638684,1.72498273326459,NA
"2756","Sample_2766",1.61326196862591,0.0575147970937551,0,"2756","2","2756",-0.232547077878834,0.0977250664330256,-0.175032280785079,1.43822968784083,NA
"2757","Sample_2767",1.61326196862591,0.176707946573803,0,"2757","2","2757",0.0810426281131971,0.117523361207558,0.257750574687,1.87101254331291,NA
"2758","Sample_2768",1.61326196862591,0.196295025977838,0,"2758","2","2758",-0.0329956887597437,0.109626400977682,0.163299337218094,1.776561305844,NA
"2759","Sample_2769",1.61326196862591,0.125194397884171,0,"2759","2","2759",0.201958201991315,0.102534105764073,0.327152599875487,1.94041456850139,NA
"2760","Sample_2770",1.61326196862591,-0.020118552503301,0,"2760","2","2760",-0.224268547116318,0.077789151764933,-0.244387099619619,1.36887486900629,NA
"2761","Sample_2771",1.61326196862591,0.150183660806939,0,"2761","2","2761",-0.0385101025222016,0.138971590379461,0.111673558284738,1.72493552691065,NA
"2762","Sample_2772",1.61326196862591,-0.209588947475129,0,"2762","2","2762",0.0851033580269817,0.125411258414718,-0.124485589448147,1.48877637917776,NA
"2763","Sample_2773",1.61326196862591,0.123725081846202,0,"2763","2","2763",0.0230685208508274,0.13501769049024,0.146793602697029,1.76005557132294,NA
"2764","Sample_2774",1.61326196862591,-0.256805539895422,0,"2764","2","2764",0.311151035919137,0.150619406070602,0.0543454960237149,1.66760746464962,NA
"2765","Sample_2775",1.61326196862591,-0.0261798299000409,0,"2765","2","2765",0.316731680010574,0.129254567923758,0.290551850110533,1.90381381873644,NA
"2766","Sample_2776",1.61326196862591,-0.0673351449235939,0,"2766","2","2766",0.00177913077582782,0.102997299420821,-0.0655560141477661,1.54770595447814,NA
"2767","Sample_2777",1.61326196862591,0.125194397884171,0,"2767","2","2767",0.201958201991315,0.102534105764073,0.327152599875487,1.94041456850139,NA
"2768","Sample_2778",1.61326196862591,-0.0733359834313205,0,"2768","2","2768",-0.136936853746208,0.133735384846501,-0.210272837177529,1.40298913144838,NA
"2769","Sample_2779",1.61326196862591,-0.0527041156669043,0,"2769","2","2769",0.197178949375181,0.15070279709565,0.144474833708277,1.75773680233418,NA
"2770","Sample_2780",1.61326196862591,0.273816190033527,0,"2770","2","2770",0.0385439582297692,0.114260429546038,0.312360148263296,1.9256221168892,NA
"2771","Sample_2781",1.61326196862591,-0.229176026879164,0,"2771","2","2771",0.199141674899919,0.133308218644598,-0.0300343519792454,1.58322761664666,NA
"2772","Sample_2782",1.61326196862591,0.0779778054638785,0,"2772","2","2772",0.428005879883476,0.127742253419951,0.505983685347355,2.11924565397326,NA
"2773","Sample_2783",1.61326196862591,0.203401091734959,0,"2773","2","2773",-0.125841795892313,0.0830253572978851,0.0775592958426455,1.69082126446855,NA
"2774","Sample_2784",1.61326196862591,0.281034441332015,0,"2774","2","2774",-0.134120326654819,0.102961271965978,0.146914114677196,1.7601760833031,NA
"2775","Sample_2785",1.61326196862591,0.307558727098878,0,"2775","2","2775",-0.0145675960194219,0.0815130427940826,0.292991131079456,1.90625309970536,NA
"2776","Sample_2786",1.61326196862591,0.196295025977838,0,"2776","2","2776",-0.0329956887597437,0.109626400977682,0.163299337218094,1.776561305844,NA
"2777","Sample_2787",1.61326196862591,0.203401091734959,0,"2777","2","2777",-0.125841795892313,0.0830253572978851,0.0775592958426455,1.69082126446855,NA
"2778","Sample_2788",1.61326196862591,0.021036762520252,0,"2778","2","2778",0.0906840021184319,0.10404642026788,0.111720764638684,1.72498273326459,NA
"2779","Sample_2789",1.61326196862591,-0.145541838774381,0,"2779","2","2779",0.329579128659456,0.122506047886991,0.184037289885075,1.79729925851098,NA
"2780","Sample_2790",1.61326196862591,-0.0902269386007886,0,"2780","2","2780",0.0722559093780928,0.132159778451494,-0.0179710292226958,1.59529093940321,NA
"2781","Sample_2791",1.61326196862591,-0.0463361260690835,0,"2781","2","2781",0.117088932864796,0.18484307987151,0.0707528067957124,1.68401477542162,NA
"2782","Sample_2792",1.61326196862591,0.0139306967631309,0,"2782","2","2782",0.183530109250991,0.130647463947673,0.197460806014122,1.81072277464003,NA
"2783","Sample_2793",1.61326196862591,-0.020118552503301,0,"2783","2","2783",-0.224268547116318,0.077789151764933,-0.244387099619619,1.36887486900629,NA
"2784","Sample_2794",1.61326196862591,-0.0115531324717202,0,"2784","2","2784",0.0315495854989217,0.134840407315263,0.0199964530272016,1.63325842165311,NA
"2785","Sample_2795",1.61326196862591,0.203401091734959,0,"2785","2","2785",-0.125841795892313,0.0830253572978851,0.0775592958426455,1.69082126446855,NA
"2786","Sample_2796",1.61326196862591,0.125194397884171,0,"2786","2","2786",0.201958201991315,0.102534105764073,0.327152599875487,1.94041456850139,NA
"2787","Sample_2797",1.61326196862591,0.021036762520252,0,"2787","2","2787",0.0906840021184319,0.10404642026788,0.111720764638684,1.72498273326459,NA
"2788","Sample_2798",1.61326196862591,-0.0465049854633763,0,"2788","2","2788",0.443526087505697,0.197892854609299,0.397021102042321,2.01028307066823,NA
"2789","Sample_2799",1.61326196862591,-0.00548752324661133,0,"2789","2","2789",-0.028868728516971,0.125494649439773,-0.0343562517635823,1.57890571686233,NA
"2790","Sample_2800",1.61326196862591,0.023772260028404,0,"2790","2","2790",-0.179435523629641,0.130472453184985,-0.155663263601237,1.45759870502467,NA
"2791","Sample_2801",1.61326196862591,-0.145541838774381,0,"2791","2","2791",0.329579128659456,0.122506047886991,0.184037289885075,1.79729925851098,NA
"2792","Sample_2802",1.61326196862591,0.125194397884171,0,"2792","2","2792",0.201958201991315,0.102534105764073,0.327152599875487,1.94041456850139,NA
"2793","Sample_2803",1.61326196862591,0.0986701121173081,0,"2793","2","2793",0.0824054713559145,0.123982334935969,0.181075583473223,1.79433755209913,NA
"2794","Sample_2804",1.61326196862591,0.0382344298908009,0,"2794","2","2794",0.342401449610627,0.191227725597599,0.380635879501428,1.99389784812734,NA
"2795","Sample_2805",1.61326196862591,-0.116920083761945,0,"2795","2","2795",0.279140333383614,0.166657782361143,0.16222024962167,1.77548221824758,NA
"2796","Sample_2806",1.61326196862591,0.0139306967631309,0,"2796","2","2796",0.183530109250991,0.130647463947673,0.197460806014122,1.81072277464003,NA
"2797","Sample_2807",1.61326196862591,0.260342134678585,0,"2797","2","2797",0.211480081872726,0.106721190449964,0.471822216551312,2.08508418517722,NA
"2798","Sample_2808",1.61326196862591,0.125194397884171,0,"2798","2","2798",0.201958201991315,0.102534105764073,0.327152599875487,1.94041456850139,NA
"2799","Sample_2809",1.61326196862591,-0.0272246182604222,0,"2799","2","2799",-0.13142243998376,0.104390195444723,-0.158647058244182,1.45461491038173,NA
"2800","Sample_2810",1.61326196862591,-0.0983252463540884,0,"2800","2","2800",0.103531450767297,0.0972979002311195,0.00520620441320896,1.61846817303912,NA
"2801","Sample_2811",1.61326196862591,-0.0272246182604222,0,"2801","2","2801",-0.13142243998376,0.104390195444723,-0.158647058244182,1.45461491038173,NA
"2802","Sample_2812",1.61326196862591,-0.0733359834313205,0,"2802","2","2802",-0.136936853746208,0.133735384846501,-0.210272837177529,1.40298913144838,NA
"2803","Sample_2813",1.61326196862591,0.196295025977838,0,"2803","2","2803",-0.0329956887597437,0.109626400977682,0.163299337218094,1.776561305844,NA
"2804","Sample_2814",1.61326196862591,-0.262749704550222,0,"2804","2","2804",-0.0741839254917819,0.153005830658772,-0.336933630042004,1.2763283385839,NA
"2805","Sample_2815",1.61326196862591,0.307558727098878,0,"2805","2","2805",-0.0145675960194219,0.0815130427940826,0.292991131079456,1.90625309970536,NA
"2806","Sample_2816",1.61326196862591,0.273816190033527,0,"2806","2","2806",0.0385439582297692,0.114260429546038,0.312360148263296,1.9256221168892,NA
"2807","Sample_2817",1.61326196862591,0.0654442454527622,0,"2807","2","2807",0.0626145353728783,0.145636719391158,0.12805878082564,1.74132074945155,NA
"2808","Sample_2818",1.61326196862591,0.0392135432456829,0,"2808","2","2808",-0.306897098257176,0.159291467129795,-0.267683555011493,1.34557841361441,NA
"2809","Sample_2819",1.61326196862591,0.0840390828606184,0,"2809","2","2809",-0.112994347243435,0.0762768372611278,-0.0289552643828161,1.58430670424309,NA
"2810","Sample_2820",1.61326196862591,-0.205291991205791,0,"2810","2","2810",0.190235462041025,0.165608661514084,-0.0150565291647654,1.59820543946114,NA
"2811","Sample_2821",1.61326196862591,0.260342134678585,0,"2811","2","2811",0.211480081872726,0.106721190449964,0.471822216551312,2.08508418517722,NA
"2812","Sample_2822",1.61326196862591,-0.190496434383177,0,"2812","2","2812",-0.421383787111545,0.158144726167808,-0.611880221494722,1.00138174713119,NA
"2813","Sample_2823",1.61326196862591,-0.0983252463540884,0,"2813","2","2813",0.103531450767297,0.0972979002311195,0.00520620441320896,1.61846817303912,NA
"2814","Sample_2824",1.61326196862591,0.0368224904403255,0,"2814","2","2814",0.113053330648722,0.101484984917003,0.149875821089047,1.76313778971495,NA
"2815","Sample_2825",1.61326196862591,-0.360963175259341,0,"2815","2","2815",0.19987683604625,0.152131720574411,-0.161086339213092,1.45217562941282,NA
"2816","Sample_2826",1.61326196862591,-0.0272246182604222,0,"2816","2","2816",-0.13142243998376,0.104390195444723,-0.158647058244182,1.45461491038173,NA
"2817","Sample_2827",1.61326196862591,0.0921373906139183,0,"2817","2","2817",-0.144269888632639,0.111138715481489,-0.0521324980187203,1.56112947060719,NA
"2818","Sample_2828",1.61326196862591,-0.283442011203652,0,"2818","2","2818",0.271416483035763,0.156765749142756,-0.0120255281678887,1.60123644045802,NA
"2819","Sample_2829",1.61326196862591,-0.202482881718008,0,"2819","2","2819",-0.00774274910558918,0.0988102147349242,-0.210225630823597,1.40303633780231,NA
"2820","Sample_2830",1.61326196862591,0.0515796653921542,0,"2820","2","2820",-0.190131708392453,0.103061022797609,-0.138552043000299,1.47470992562561,NA
"2821","Sample_2831",1.61326196862591,0.281034441332015,0,"2821","2","2821",-0.134120326654819,0.102961271965978,0.146914114677196,1.7601760833031,NA
"2822","Sample_2832",1.61326196862591,-0.132067783419439,0,"2822","2","2822",0.156643005016494,0.130045286983067,0.0245752215970546,1.63783719022296,NA
"2823","Sample_2833",1.61326196862591,0.203401091734959,0,"2823","2","2823",-0.125841795892313,0.0830253572978851,0.0775592958426455,1.69082126446855,NA
"2824","Sample_2834",1.61326196862591,-0.0125935890037325,0,"2824","2","2824",0.0639773786156015,0.152095693119564,0.051383789611869,1.66464575823778,NA
"2825","Sample_2835",1.61326196862591,0.233817848911722,0,"2825","2","2825",0.0919273512373283,0.128169419621856,0.32574520014905,1.93900716877496,NA
"2826","Sample_2836",1.61326196862591,-0.0938594306904573,0,"2826","2","2826",-0.117773599859566,0.124445528592714,-0.211633030550023,1.40162893807588,NA
"2827","Sample_2837",1.61326196862591,0.203401091734959,0,"2827","2","2827",-0.125841795892313,0.0830253572978851,0.0775592958426455,1.69082126446855,NA
"2828","Sample_2838",1.61326196862591,0.0840390828606184,0,"2828","2","2828",-0.112994347243435,0.0762768372611278,-0.0289552643828161,1.58430670424309,NA
"2829","Sample_2839",1.61326196862591,-0.202482881718008,0,"2829","2","2829",-0.00774274910558918,0.0988102147349242,-0.210225630823597,1.40303633780231,NA
"2830","Sample_2840",1.61326196862591,-0.0804420491884417,0,"2830","2","2830",-0.0440907466136555,0.160336428526294,-0.124532795802097,1.48872917282381,NA
"2831","Sample_2841",1.61326196862591,-0.209588947475129,0,"2831","2","2831",0.0851033580269817,0.125411258414718,-0.124485589448147,1.48877637917776,NA
"2832","Sample_2842",1.61326196862591,-0.202482881718008,0,"2832","2","2832",-0.00774274910558918,0.0988102147349242,-0.210225630823597,1.40303633780231,NA
"2833","Sample_2843",1.61326196862591,0.203401091734959,0,"2833","2","2833",-0.125841795892313,0.0830253572978851,0.0775592958426455,1.69082126446855,NA
"2834","Sample_2844",1.61326196862591,-0.074441210680715,0,"2834","2","2834",0.0946252379084117,0.129598343100607,0.0201840272276966,1.6334459958536,NA
"2835","Sample_2845",1.61326196862591,0.0247560427074901,0,"2835","2","2835",0.0347556601425851,0.141568828218185,0.0595117028500751,1.67277367147598,NA
"2836","Sample_2846",1.61326196862591,-0.0673351449235939,0,"2836","2","2836",0.00177913077582782,0.102997299420821,-0.0655560141477661,1.54770595447814,NA
"2837","Sample_2847",1.61326196862591,-0.012705774545099,0,"2837","2","2837",0.143795556367626,0.136793807019832,0.131089781822527,1.74435175044843,NA
"2838","Sample_2848",1.61326196862591,-0.0463361260690835,0,"2838","2","2838",0.117088932864796,0.18484307987151,0.0707528067957124,1.68401477542162,NA
"2839","Sample_2849",1.61326196862591,-0.020118552503301,0,"2839","2","2839",-0.224268547116318,0.077789151764933,-0.244387099619619,1.36887486900629,NA
"2840","Sample_2850",1.61326196862591,0.307558727098878,0,"2840","2","2840",-0.0145675960194219,0.0815130427940826,0.292991131079456,1.90625309970536,NA
"2841","Sample_2851",1.61326196862591,-0.0997945623920581,0,"2841","2","2841",-0.0753582303731781,0.129781484957289,-0.175152792765236,1.43810917586067,NA
"2842","Sample_2852",1.61326196862591,-0.236225418783359,0,"2842","2","2842",0.0453688051436115,0.131557601486883,-0.190856613639747,1.42240535498616,NA
"2843","Sample_2853",1.61326196862591,0.125194397884171,0,"2843","2","2843",0.201958201991315,0.102534105764073,0.327152599875487,1.94041456850139,NA
"2844","Sample_2854",1.61326196862591,-0.172234983935537,0,"2844","2","2844",0.536463552664969,0.157004051796662,0.364228568729432,1.97749053735534,NA
"2845","Sample_2855",1.61326196862591,-0.202482881718008,0,"2845","2","2845",-0.00774274910558918,0.0988102147349242,-0.210225630823597,1.40303633780231,NA
"2846","Sample_2856",1.61326196862591,-0.020118552503301,0,"2846","2","2846",-0.224268547116318,0.077789151764933,-0.244387099619619,1.36887486900629,NA
"2847","Sample_2857",1.61326196862591,-0.0525779699717652,0,"2847","2","2847",-0.301405908265329,0.104573337301407,-0.353983878237094,1.25927809038881,NA
"2848","Sample_2858",1.61326196862591,0.196295025977838,0,"2848","2","2848",-0.0329956887597437,0.109626400977682,0.163299337218094,1.776561305844,NA
"2849","Sample_2859",1.61326196862591,0.24827568694575,0,"2849","2","2849",0.133182411366588,0.146805033751131,0.381458098312338,1.99472006693825,NA
"2850","Sample_2860",1.61326196862591,0.275099309630414,0,"2850","2","2850",-0.0917049571684344,0.10829722833056,0.18339435246198,1.79665632108789,NA
"2851","Sample_2861",1.61326196862591,-0.0272246182604222,0,"2851","2","2851",-0.13142243998376,0.104390195444723,-0.158647058244182,1.45461491038173,NA
"2852","Sample_2862",1.61326196862591,0.196295025977838,0,"2852","2","2852",-0.0329956887597437,0.109626400977682,0.163299337218094,1.776561305844,NA
"2853","Sample_2863",1.61326196862591,-0.0125935890037325,0,"2853","2","2853",0.0639773786156015,0.152095693119564,0.051383789611869,1.66464575823778,NA
"2854","Sample_2864",1.61326196862591,-0.165124790689693,0,"2854","2","2854",-0.18958508560746,0.138649896700491,-0.354709876297153,1.25855209232875,NA
"2855","Sample_2865",1.61326196862591,0.307558727098878,0,"2855","2","2855",-0.0145675960194219,0.0815130427940826,0.292991131079456,1.90625309970536,NA
"2856","Sample_2866",1.61326196862591,0.0985012527230153,0,"2856","2","2856",0.408842625996819,0.137032109673745,0.507343878719835,2.12060584734574,NA
"2857","Sample_2867",1.61326196862591,0.0840390828606184,0,"2857","2","2857",-0.112994347243435,0.0762768372611278,-0.0289552643828161,1.58430670424309,NA
"2858","Sample_2868",1.61326196862591,-0.0983252463540884,0,"2858","2","2858",0.103531450767297,0.0972979002311195,0.00520620441320896,1.61846817303912,NA
"2859","Sample_2869",1.61326196862591,-0.209588947475129,0,"2859","2","2859",0.0851033580269817,0.125411258414718,-0.124485589448147,1.48877637917776,NA
"2860","Sample_2870",1.61326196862591,-0.236113233241992,0,"2860","2","2860",-0.0344493726084134,0.146859487586619,-0.270562605850406,1.3426993627755,NA
"2861","Sample_2871",1.61326196862591,-0.178598846044634,0,"2861","2","2861",-0.0166489619644992,0.131110657604416,-0.195247808009134,1.41801416061677,NA
"2862","Sample_2872",1.61326196862591,-0.0468116976644572,0,"2862","2","2862",-0.0173841231108059,0.112287155674602,-0.0641958207752631,1.54906614785064,NA
"2863","Sample_2873",1.61326196862591,-0.0272246182604222,0,"2863","2","2863",-0.13142243998376,0.104390195444723,-0.158647058244182,1.45461491038173,NA
"2864","Sample_2874",1.61326196862591,0.0573459376994623,0,"2864","2","2864",0.0938900767620725,0.110774841170802,0.151236014461535,1.76449798308744,NA
"2865","Sample_2875",1.61326196862591,0.0985012527230153,0,"2865","2","2865",0.408842625996819,0.137032109673745,0.507343878719835,2.12060584734574,NA
"2866","Sample_2876",1.61326196862591,0.021036762520252,0,"2866","2","2866",0.0906840021184319,0.10404642026788,0.111720764638684,1.72498273326459,NA
"2867","Sample_2877",1.61326196862591,-0.0902269386007886,0,"2867","2","2867",0.0722559093780928,0.132159778451494,-0.0179710292226958,1.59529093940321,NA
"2868","Sample_2878",1.61326196862591,0.0502965457952674,0,"2868","2","2868",-0.0598827929942456,0.109024224013091,-0.00958624719897824,1.60367572142693,NA
"2869","Sample_2879",1.61326196862591,-0.0983252463540884,0,"2869","2","2869",0.103531450767297,0.0972979002311195,0.00520620441320896,1.61846817303912,NA
"2870","Sample_2880",1.61326196862591,0.307558727098878,0,"2870","2","2870",-0.0145675960194219,0.0815130427940826,0.292991131079456,1.90625309970536,NA
"2871","Sample_2881",1.61326196862591,-0.124849532120952,0,"2871","2","2871",-0.0160212798680964,0.118746129403016,-0.140870811989048,1.47239115663686,NA
"2872","Sample_2882",1.61326196862591,-0.0983252463540884,0,"2872","2","2872",0.103531450767297,0.0972979002311195,0.00520620441320896,1.61846817303912,NA
"2873","Sample_2883",1.61326196862591,-0.020118552503301,0,"2873","2","2873",-0.224268547116318,0.077789151764933,-0.244387099619619,1.36887486900629,NA
"2874","Sample_2884",1.61326196862591,0.0583948535485673,0,"2874","2","2874",-0.091158334383445,0.143886102233447,-0.0327634808348777,1.58049848779103,NA
"2875","Sample_2885",1.61326196862591,-0.0468116976644572,0,"2875","2","2875",-0.0173841231108059,0.112287155674602,-0.0641958207752631,1.54906614785064,NA
"2876","Sample_2886",1.61326196862591,-0.0393989197062552,0,"2876","2","2876",0.35067998037311,0.171291810929513,0.311281060666855,1.92454302929276,NA
"2877","Sample_2887",1.61326196862591,0.203401091734959,0,"2877","2","2877",-0.125841795892313,0.0830253572978851,0.0775592958426455,1.69082126446855,NA
"2878","Sample_2888",1.61326196862591,0.0779778054638785,0,"2878","2","2878",0.428005879883476,0.127742253419951,0.505983685347355,2.11924565397326,NA
"2879","Sample_2889",1.61326196862591,-0.00548752324661133,0,"2879","2","2879",-0.028868728516971,0.125494649439773,-0.0343562517635823,1.57890571686233,NA
"2880","Sample_2890",1.61326196862591,0.307558727098878,0,"2880","2","2880",-0.0145675960194219,0.0815130427940826,0.292991131079456,1.90625309970536,NA
"2881","Sample_2891",1.61326196862591,-0.0983252463540884,0,"2881","2","2881",0.103531450767297,0.0972979002311195,0.00520620441320896,1.61846817303912,NA
"2882","Sample_2892",1.61326196862591,0.0921373906139183,0,"2882","2","2882",-0.144269888632639,0.111138715481489,-0.0521324980187203,1.56112947060719,NA
"2883","Sample_2893",1.61326196862591,-0.205123131811498,0,"2883","2","2883",-0.13620169259989,0.152558886776311,-0.341324824411388,1.27193714421452,NA
"2884","Sample_2894",1.61326196862591,0.254341296170859,0,"2884","2","2884",0.0727640973506913,0.137459275875648,0.32710539352155,1.94036736214746,NA
"2885","Sample_2895",1.61326196862591,-0.012705774545099,0,"2885","2","2885",0.143795556367626,0.136793807019832,0.131089781822527,1.74435175044843,NA
"2886","Sample_2896",1.61326196862591,0.021036762520252,0,"2886","2","2886",0.0906840021184319,0.10404642026788,0.111720764638684,1.72498273326459,NA
"2887","Sample_2897",1.61326196862591,-0.0673351449235939,0,"2887","2","2887",0.00177913077582782,0.102997299420821,-0.0655560141477661,1.54770595447814,NA
"2888","Sample_2898",1.61326196862591,0.280865581937722,0,"2888","2","2888",0.192316827986082,0.116011046703751,0.473182409923804,2.08644437854971,NA
"2889","Sample_2899",1.61326196862591,-0.124849532120952,0,"2889","2","2889",-0.0160212798680964,0.118746129403016,-0.140870811989048,1.47239115663686,NA
"2890","Sample_2900",1.61326196862591,0.307558727098878,0,"2890","2","2890",-0.0145675960194219,0.0815130427940826,0.292991131079456,1.90625309970536,NA
"2891","Sample_2901",1.61326196862591,-0.012705774545099,0,"2891","2","2891",0.143795556367626,0.136793807019832,0.131089781822527,1.74435175044843,NA
"2892","Sample_2902",1.61326196862591,0.169601880816682,0,"2892","2","2892",0.173888735245762,0.144124404887359,0.343490616062443,1.95675258468835,NA
"2893","Sample_2903",1.61326196862591,0.144417388499631,0,"2893","2","2893",-0.322531887676728,0.131257772006267,-0.178114499177096,1.43514746944881,NA
"2894","Sample_2904",1.61326196862591,-0.0983252463540884,0,"2894","2","2894",0.103531450767297,0.0972979002311195,0.00520620441320896,1.61846817303912,NA
"2895","Sample_2905",1.61326196862591,-0.202482881718008,0,"2895","2","2895",-0.00774274910558918,0.0988102147349242,-0.210225630823597,1.40303633780231,NA
"2896","Sample_2906",1.61326196862591,0.0921373906139183,0,"2896","2","2896",-0.144269888632639,0.111138715481489,-0.0521324980187203,1.56112947060719,NA
"2897","Sample_2907",1.61326196862591,-0.283329825662285,0,"2897","2","2897",0.191598305283737,0.172067635242494,-0.0917315203785478,1.52153044824736,NA
"2898","Sample_2908",1.61326196862591,0.176707946573803,0,"2898","2","2898",0.0810426281131971,0.117523361207558,0.257750574687,1.87101254331291,NA
"2899","Sample_2909",1.61326196862591,0.0654442454527622,0,"2899","2","2899",0.0626145353728783,0.145636719391158,0.12805878082564,1.74132074945155,NA
"2900","Sample_2910",1.61326196862591,0.0840390828606184,0,"2900","2","2900",-0.112994347243435,0.0762768372611278,-0.0289552643828161,1.58430670424309,NA
"2901","Sample_2911",1.61326196862591,-0.0125935890037325,0,"2901","2","2901",0.0639773786156015,0.152095693119564,0.051383789611869,1.66464575823778,NA
"2902","Sample_2912",1.61326196862591,-0.340439728000205,0,"2902","2","2902",0.18071358215961,0.161421576828192,-0.159726145840595,1.45353582278531,NA
"2903","Sample_2913",1.61326196862591,-0.124849532120952,0,"2903","2","2903",-0.0160212798680964,0.118746129403016,-0.140870811989048,1.47239115663686,NA
"2904","Sample_2914",1.61326196862591,-0.0902269386007886,0,"2904","2","2904",0.0722559093780928,0.132159778451494,-0.0179710292226958,1.59529093940321,NA
"2905","Sample_2915",1.61326196862591,0.203401091734959,0,"2905","2","2905",-0.125841795892313,0.0830253572978851,0.0775592958426455,1.69082126446855,NA
"2906","Sample_2916",1.61326196862591,-0.0272246182604222,0,"2906","2","2906",-0.13142243998376,0.104390195444723,-0.158647058244182,1.45461491038173,NA
"2907","Sample_2917",1.61326196862591,-0.0876603004869293,0,"2907","2","2907",0.128573538270956,0.171635586106359,0.0409132377840263,1.65417520640993,NA
"2908","Sample_2918",1.61326196862591,-0.0609671553257732,0,"2908","2","2908",-0.0783108857345537,0.137137582196677,-0.139278041060327,1.47398392756558,NA
"2909","Sample_2919",1.61326196862591,0.125194397884171,0,"2909","2","2909",0.201958201991315,0.102534105764073,0.327152599875487,1.94041456850139,NA
"2910","Sample_2920",1.61326196862591,0.021036762520252,0,"2910","2","2910",0.0906840021184319,0.10404642026788,0.111720764638684,1.72498273326459,NA
"2911","Sample_2921",1.61326196862591,-0.020118552503301,0,"2911","2","2911",-0.224268547116318,0.077789151764933,-0.244387099619619,1.36887486900629,NA
"2912","Sample_2922",1.61326196862591,0.0840390828606184,0,"2912","2","2912",-0.112994347243435,0.0762768372611278,-0.0289552643828161,1.58430670424309,NA
"2913","Sample_2923",1.61326196862591,0.156184499314666,0,"2913","2","2913",0.100205881999841,0.108233504953768,0.256390381314507,1.86965234994041,NA
"2914","Sample_2924",1.61326196862591,0.307558727098878,0,"2914","2","2914",-0.0145675960194219,0.0815130427940826,0.292991131079456,1.90625309970536,NA
"2915","Sample_2925",1.61326196862591,-0.202482881718008,0,"2915","2","2915",-0.00774274910558918,0.0988102147349242,-0.210225630823597,1.40303633780231,NA
"2916","Sample_2926",1.61326196862591,0.0840390828606184,0,"2916","2","2916",-0.112994347243435,0.0762768372611278,-0.0289552643828161,1.58430670424309,NA
"2917","Sample_2927",1.61326196862591,0.307558727098878,0,"2917","2","2917",-0.0145675960194219,0.0815130427940826,0.292991131079456,1.90625309970536,NA
"2918","Sample_2928",1.61326196862591,-0.0537489040272855,0,"2918","2","2918",-0.250975170619145,0.125838424616621,-0.30472407464643,1.30853789397948,NA
"2919","Sample_2929",1.61326196862591,0.307558727098878,0,"2919","2","2919",-0.0145675960194219,0.0815130427940826,0.292991131079456,1.90625309970536,NA
"2920","Sample_2930",1.61326196862591,-0.131382253624342,0,"2920","2","2920",-0.242696639856642,0.105902509948532,-0.374078893480984,1.23918307514492,NA
"2921","Sample_2931",1.61326196862591,0.162552488912487,0,"2921","2","2921",0.0201158654894457,0.142373787729635,0.182668354401932,1.79593032302784,NA
"2922","Sample_2932",1.61326196862591,0.0139306967631309,0,"2922","2","2922",0.183530109250991,0.130647463947673,0.197460806014122,1.81072277464003,NA
"2923","Sample_2933",1.61326196862591,-0.171186068086433,0,"2923","2","2923",0.351415141519449,0.190115312859319,0.180229073433016,1.79349104205892,NA
"2924","Sample_2934",1.61326196862591,0.0840390828606184,0,"2924","2","2924",-0.112994347243435,0.0762768372611278,-0.0289552643828161,1.58430670424309,NA
"2925","Sample_2935",1.61326196862591,-0.313746582839048,0,"2925","2","2925",-0.0261708418459169,0.126923572918526,-0.339917424684965,1.27334454394094,NA
"2926","Sample_2936",1.61326196862591,-0.12396947566614,0,"2926","2","2926",0.12536746362731,0.164907165203426,0.00139798796117038,1.61465995658708,NA
"2927","Sample_2937",1.61326196862591,0.203401091734959,0,"2927","2","2927",-0.125841795892313,0.0830253572978851,0.0775592958426455,1.69082126446855,NA
"2928","Sample_2938",1.61326196862591,-0.0983252463540884,0,"2928","2","2928",0.103531450767297,0.0972979002311195,0.00520620441320896,1.61846817303912,NA
"2929","Sample_2939",1.61326196862591,0.203401091734959,0,"2929","2","2929",-0.125841795892313,0.0830253572978851,0.0775592958426455,1.69082126446855,NA
"2930","Sample_2940",1.61326196862591,0.0368224904403255,0,"2930","2","2930",0.113053330648722,0.101484984917003,0.149875821089047,1.76313778971495,NA
"2931","Sample_2941",1.61326196862591,-0.229007167484871,0,"2931","2","2931",-0.127295479740985,0.120258443906821,-0.356302647225856,1.25695932140005,NA
"2932","Sample_2942",1.61326196862591,0.176876805968096,0,"2932","2","2932",-0.245394526527705,0.104473586469783,-0.0685177205596092,1.5447442480663,NA
"2933","Sample_2943",1.61326196862591,0.125194397884171,0,"2933","2","2933",0.201958201991315,0.102534105764073,0.327152599875487,1.94041456850139,NA
"2934","Sample_2944",1.61326196862591,-0.0902269386007886,0,"2934","2","2934",0.0722559093780928,0.132159778451494,-0.0179710292226958,1.59529093940321,NA
"2935","Sample_2945",1.61326196862591,0.203401091734959,0,"2935","2","2935",-0.125841795892313,0.0830253572978851,0.0775592958426455,1.69082126446855,NA
"2936","Sample_2946",1.61326196862591,0.125194397884171,0,"2936","2","2936",0.201958201991315,0.102534105764073,0.327152599875487,1.94041456850139,NA
"2937","Sample_2947",1.61326196862591,0.0177109826316641,0,"2937","2","2937",0.361564703497269,0.181937869343799,0.379275686128933,1.99253765475484,NA
"2938","Sample_2948",1.61326196862591,-0.00829663273439411,0,"2938","2","2938",0.169109482629626,0.192293096218946,0.160812849895232,1.77407481852114,NA
"2939","Sample_2949",1.61326196862591,-0.0983252463540884,0,"2939","2","2939",0.103531450767297,0.0972979002311195,0.00520620441320896,1.61846817303912,NA
"2940","Sample_2950",1.61326196862591,-0.0272246182604222,0,"2940","2","2940",-0.13142243998376,0.104390195444723,-0.158647058244182,1.45461491038173,NA
"2941","Sample_2951",1.61326196862591,-0.0983252463540884,0,"2941","2","2941",0.103531450767297,0.0972979002311195,0.00520620441320896,1.61846817303912,NA
"2942","Sample_2952",1.61326196862591,0.169658554669608,0,"2942","2","2942",-0.0727302416431141,0.115772744049838,0.0969283130264937,1.7101902816524,NA
"2943","Sample_2953",1.61326196862591,-0.016394940487694,0,"2943","2","2943",0.200385024018835,0.157431217998578,0.183990083531141,1.79725205215705,NA
"2944","Sample_2954",1.61326196862591,-0.020118552503301,0,"2944","2","2944",-0.224268547116318,0.077789151764933,-0.244387099619619,1.36887486900629,NA
"2945","Sample_2955",1.61326196862591,-0.033285895657162,0,"2945","2","2945",0.409577787143145,0.155855611603553,0.376291891485983,1.98955386011189,NA
"2946","Sample_2956",1.61326196862591,-0.0902269386007886,0,"2946","2","2946",0.0722559093780928,0.132159778451494,-0.0179710292226958,1.59529093940321,NA
"2947","Sample_2957",1.61326196862591,-0.074441210680715,0,"2947","2","2947",0.0946252379084117,0.129598343100607,0.0201840272276966,1.6334459958536,NA
"2948","Sample_2958",1.61326196862591,-0.0272246182604222,0,"2948","2","2948",-0.13142243998376,0.104390195444723,-0.158647058244182,1.45461491038173,NA
"2949","Sample_2959",1.61326196862591,-0.149379501230409,0,"2949","2","2949",0.202002972234583,0.193441967897642,0.0526234710041745,1.66588543963008,NA
"2950","Sample_2960",1.61326196862591,0.0139306967631309,0,"2950","2","2950",0.183530109250991,0.130647463947673,0.197460806014122,1.81072277464003,NA
"2951","Sample_2961",1.61326196862591,-0.0537489040272855,0,"2951","2","2951",-0.250975170619145,0.125838424616621,-0.30472407464643,1.30853789397948,NA
"2952","Sample_2962",1.61326196862591,0.275099309630414,0,"2952","2","2952",-0.0917049571684344,0.10829722833056,0.18339435246198,1.79665632108789,NA
"2953","Sample_2963",1.61326196862591,-0.158075398785498,0,"2953","2","2953",-0.035812215851131,0.140400513858205,-0.193887614636629,1.41937435398928,NA
"2954","Sample_2964",1.61326196862591,-0.124849532120952,0,"2954","2","2954",-0.0160212798680964,0.118746129403016,-0.140870811989048,1.47239115663686,NA
"2955","Sample_2965",1.61326196862591,-0.0983252463540884,0,"2955","2","2955",0.103531450767297,0.0972979002311195,0.00520620441320896,1.61846817303912,NA
"2956","Sample_2966",1.61326196862591,0.281034441332015,0,"2956","2","2956",-0.134120326654819,0.102961271965978,0.146914114677196,1.7601760833031,NA
"2957","Sample_2967",1.61326196862591,-0.033285895657162,0,"2957","2","2957",0.409577787143145,0.155855611603553,0.376291891485983,1.98955386011189,NA
"2958","Sample_2968",1.61326196862591,-0.165124790689693,0,"2958","2","2958",-0.18958508560746,0.138649896700491,-0.354709876297153,1.25855209232875,NA
"2959","Sample_2969",1.61326196862591,-0.209588947475129,0,"2959","2","2959",0.0851033580269817,0.125411258414718,-0.124485589448147,1.48877637917776,NA
"2960","Sample_2970",1.61326196862591,-0.0803853753355154,0,"2960","2","2960",-0.29070972350253,0.131984767688788,-0.371095098838045,1.24216686978786,NA
"2961","Sample_2971",1.61326196862591,-0.074441210680715,0,"2961","2","2961",0.0946252379084117,0.129598343100607,0.0201840272276966,1.6334459958536,NA
"2962","Sample_2972",1.61326196862591,-0.145541838774381,0,"2962","2","2962",0.329579128659456,0.122506047886991,0.184037289885075,1.79729925851098,NA
"2963","Sample_2973",1.61326196862591,-0.218342221617712,0,"2963","2","2963",-0.10225339223734,0.194596129782058,-0.320595613855052,1.29266635477086,NA
"2964","Sample_2974",1.61326196862591,0.307558727098878,0,"2964","2","2964",-0.0145675960194219,0.0815130427940826,0.292991131079456,1.90625309970536,NA
"2965","Sample_2975",1.61326196862591,0.281034441332015,0,"2965","2","2965",-0.134120326654819,0.102961271965978,0.146914114677196,1.7601760833031,NA
"2966","Sample_2976",1.61326196862591,0.307558727098878,0,"2966","2","2966",-0.0145675960194219,0.0815130427940826,0.292991131079456,1.90625309970536,NA
"2967","Sample_2977",1.61326196862591,-0.020118552503301,0,"2967","2","2967",-0.224268547116318,0.077789151764933,-0.244387099619619,1.36887486900629,NA
"2968","Sample_2978",1.61326196862591,0.125194397884171,0,"2968","2","2968",0.201958201991315,0.102534105764073,0.327152599875487,1.94041456850139,NA
"2969","Sample_2979",1.61326196862591,0.156184499314666,0,"2969","2","2969",0.100205881999841,0.108233504953768,0.256390381314507,1.86965234994041,NA
"2970","Sample_2980",1.61326196862591,-0.249699474138301,0,"2970","2","2970",0.218304928786561,0.124018362390805,-0.03139454535174,1.58186742327417,NA
"2971","Sample_2981",1.61326196862591,0.162552488912487,0,"2971","2","2971",0.0201158654894457,0.142373787729635,0.182668354401932,1.79593032302784,NA
"2972","Sample_2982",1.61326196862591,-0.0537489040272855,0,"2972","2","2972",-0.250975170619145,0.125838424616621,-0.30472407464643,1.30853789397948,NA
"2973","Sample_2983",1.61326196862591,0.169770740210974,0,"2973","2","2973",-0.152548419395146,0.13107463014958,0.0172223208158283,1.63048428944174,NA
"2974","Sample_2984",1.61326196862591,-0.0261798299000409,0,"2974","2","2974",0.316731680010574,0.129254567923758,0.290551850110533,1.90381381873644,NA
"2975","Sample_2985",1.61326196862591,-0.256805539895422,0,"2975","2","2975",0.311151035919137,0.150619406070602,0.0543454960237149,1.66760746464962,NA
"2976","Sample_2986",1.61326196862591,0.203401091734959,0,"2976","2","2976",-0.125841795892313,0.0830253572978851,0.0775592958426455,1.69082126446855,NA
"2977","Sample_2987",1.61326196862591,0.0986701121173081,0,"2977","2","2977",0.0824054713559145,0.123982334935969,0.181075583473223,1.79433755209913,NA
"2978","Sample_2988",1.61326196862591,0.150308384972431,0,"2978","2","2978",0.0379681491240859,0.144227883683945,0.188276534096517,1.80153850272242,NA
"2979","Sample_2989",1.61326196862591,0.203401091734959,0,"2979","2","2979",-0.125841795892313,0.0830253572978851,0.0775592958426455,1.69082126446855,NA
"2980","Sample_2990",1.61326196862591,0.021036762520252,0,"2980","2","2980",0.0906840021184319,0.10404642026788,0.111720764638684,1.72498273326459,NA
"2981","Sample_2991",1.61326196862591,0.0139306967631309,0,"2981","2","2981",0.183530109250991,0.130647463947673,0.197460806014122,1.81072277464003,NA
"2982","Sample_2992",1.61326196862591,0.156184499314666,0,"2982","2","2982",0.100205881999841,0.108233504953768,0.256390381314507,1.86965234994041,NA
"2983","Sample_2993",1.61326196862591,0.021036762520252,0,"2983","2","2983",0.0906840021184319,0.10404642026788,0.111720764638684,1.72498273326459,NA
"2984","Sample_2994",1.61326196862591,0.143134268902744,0,"2984","2","2984",-0.192282972278512,0.137220973221746,-0.0491487033757671,1.56411326525014,NA
"2985","Sample_2995",1.61326196862591,-0.0804420491884417,0,"2985","2","2985",-0.0440907466136555,0.160336428526294,-0.124532795802097,1.48872917282381,NA
"2986","Sample_2996",1.61326196862591,-0.020118552503301,0,"2986","2","2986",-0.224268547116318,0.077789151764933,-0.244387099619619,1.36887486900629,NA
"2987","Sample_2997",1.61326196862591,-0.0272246182604222,0,"2987","2","2987",-0.13142243998376,0.104390195444723,-0.158647058244182,1.45461491038173,NA
"2988","Sample_2998",1.61326196862591,-0.24333148454048,0,"2988","2","2988",0.138214912276175,0.158158645166675,-0.105116572264305,1.5081453963616,NA
"2989","Sample_2999",1.61326196862591,-0.0983252463540884,0,"2989","2","2989",0.103531450767297,0.0972979002311195,0.00520620441320896,1.61846817303912,NA
"2990","Sample_3000",1.61326196862591,0.0102982046734621,0,"2990","2","2990",-0.00649939998667262,0.122933214088894,0.00379880468678953,1.6170607733127,NA
"2991","Sample_3001",1.61326196862591,-0.190365956859669,0,"2991","2","2991",-0.43938673164106,0.154134924656909,-0.629752688500729,0.983509280125179,NA
"2992","Sample_3002",1.61326196862591,-0.256805539895422,0,"2992","2","2992",0.311151035919137,0.150619406070602,0.0543454960237149,1.66760746464962,NA
"2993","Sample_3003",1.61326196862591,-0.249699474138301,0,"2993","2","2993",0.218304928786561,0.124018362390805,-0.03139454535174,1.58186742327417,NA
"2994","Sample_3004",1.61326196862591,-0.268703128233965,0,"2994","2","2994",-0.0935837892279288,0.177653474633992,-0.362286917461893,1.25097505116401,NA
"2995","Sample_3005",1.61326196862591,-0.236113233241992,0,"2995","2","2995",-0.0344493726084134,0.146859487586619,-0.270562605850406,1.3426993627755,NA
"2996","Sample_3006",1.61326196862591,-0.0983252463540884,0,"2996","2","2996",0.103531450767297,0.0972979002311195,0.00520620441320896,1.61846817303912,NA
"2997","Sample_3007",1.61326196862591,0.021036762520252,0,"2997","2","2997",0.0906840021184319,0.10404642026788,0.111720764638684,1.72498273326459,NA
"2998","Sample_3008",1.61326196862591,0.307558727098878,0,"2998","2","2998",-0.0145675960194219,0.0815130427940826,0.292991131079456,1.90625309970536,NA
"2999","Sample_3009",1.61326196862591,0.0779778054638785,0,"2999","2","2999",0.428005879883476,0.127742253419951,0.505983685347355,2.11924565397326,NA
"3000","Sample_3010",1.61326196862591,0.0573459376994623,0,"3000","2","3000",0.0938900767620725,0.110774841170802,0.151236014461535,1.76449798308744,NA
"3001","Sample_3011",1.61326196862591,-0.100965496447578,0,"3001","2","3001",-0.0249274927269994,0.151046572272506,-0.125892989174578,1.48736897945133,NA
"3002","Sample_3012",1.61326196862591,0.021036762520252,0,"3002","2","3002",0.0906840021184319,0.10404642026788,0.111720764638684,1.72498273326459,NA
"3003","Sample_3013",1.61326196862591,-0.313746582839048,0,"3003","2","3003",-0.0261708418459169,0.126923572918526,-0.339917424684965,1.27334454394094,NA
"3004","Sample_3014",1.61326196862591,0.176707946573803,0,"3004","2","3004",0.0810426281131971,0.117523361207558,0.257750574687,1.87101254331291,NA
"3005","Sample_3015",1.61326196862591,0.307558727098878,0,"3005","2","3005",-0.0145675960194219,0.0815130427940826,0.292991131079456,1.90625309970536,NA
"3006","Sample_3016",1.61326196862591,-0.0609671553257732,0,"3006","2","3006",-0.0783108857345537,0.137137582196677,-0.139278041060327,1.47398392756558,NA
"3007","Sample_3017",1.61326196862591,-0.0392300603119624,0,"3007","2","3007",0.0242428257322157,0.158242036191742,-0.0149872345797467,1.59827473404616,NA
"3008","Sample_3018",1.61326196862591,-0.236282092636285,0,"3008","2","3008",0.291987782032482,0.159909262324384,0.0557056893961966,1.6689676580221,NA
"3009","Sample_3019",1.61326196862591,0.307558727098878,0,"3009","2","3009",-0.0145675960194219,0.0815130427940826,0.292991131079456,1.90625309970536,NA
"3010","Sample_3020",1.61326196862591,-0.020118552503301,0,"3010","2","3010",-0.224268547116318,0.077789151764933,-0.244387099619619,1.36887486900629,NA
"3011","Sample_3021",1.61326196862591,-0.360963175259341,0,"3011","2","3011",0.19987683604625,0.152131720574411,-0.161086339213092,1.45217562941282,NA
"3012","Sample_3022",1.61326196862591,-0.125018391515245,0,"3012","2","3012",0.310415874772815,0.131795904140789,0.185397483257571,1.79865945188348,NA
"3013","Sample_3023",1.61326196862591,-0.0983252463540884,0,"3013","2","3013",0.103531450767297,0.0972979002311195,0.00520620441320896,1.61846817303912,NA
"3014","Sample_3024",1.61326196862591,0.021036762520252,0,"3014","2","3014",0.0906840021184319,0.10404642026788,0.111720764638684,1.72498273326459,NA
"3015","Sample_3025",1.61326196862591,0.00517742262054778,0,"3015","2","3015",-0.0038266410133309,0.199832335315022,0.00135078160721688,1.61461275023312,NA
"3016","Sample_3026",1.61326196862591,-0.236113233241992,0,"3016","2","3016",-0.0344493726084134,0.146859487586619,-0.270562605850406,1.3426993627755,NA
"3017","Sample_3027",1.61326196862591,0.203401091734959,0,"3017","2","3017",-0.125841795892313,0.0830253572978851,0.0775592958426455,1.69082126446855,NA
"3018","Sample_3028",1.61326196862591,-0.0463361260690835,0,"3018","2","3018",0.117088932864796,0.18484307987151,0.0707528067957124,1.68401477542162,NA
"3019","Sample_3029",1.61326196862591,0.0840390828606184,0,"3019","2","3019",-0.112994347243435,0.0762768372611278,-0.0289552643828161,1.58430670424309,NA
"3020","Sample_3030",1.61326196862591,0.260342134678585,0,"3020","2","3020",0.211480081872726,0.106721190449964,0.471822216551312,2.08508418517722,NA
"3021","Sample_3031",1.61326196862591,0.125194397884171,0,"3021","2","3021",0.201958201991315,0.102534105764073,0.327152599875487,1.94041456850139,NA
"3022","Sample_3032",1.61326196862591,-0.0468116976644572,0,"3022","2","3022",-0.0173841231108059,0.112287155674602,-0.0641958207752631,1.54906614785064,NA
"3023","Sample_3033",1.61326196862591,-0.0537489040272855,0,"3023","2","3023",-0.250975170619145,0.125838424616621,-0.30472407464643,1.30853789397948,NA
"3024","Sample_3034",1.61326196862591,-0.0466428382701644,0,"3024","2","3024",-0.343821277751721,0.099237380936828,-0.390464116021886,1.22279785260402,NA
"3025","Sample_3035",1.61326196862591,-0.157781815225714,0,"3025","2","3025",-0.285771118845781,0.132607032424939,-0.443552934071495,1.16970903455441,NA
"3026","Sample_3036",1.61326196862591,0.14320231921531,0,"3026","2","3026",0.130814256256628,0.170828927363755,0.274016575471937,1.88727854409785,NA
"3027","Sample_3037",1.61326196862591,0.12949135415351,0,"3027","2","3027",0.307090306005353,0.142731508863443,0.436581660158863,2.04984362878477,NA
"3028","Sample_3038",1.61326196862591,-0.116751224367652,0,"3028","2","3028",-0.0472968212573042,0.153608007623386,-0.164048045624956,1.44921392300095,NA
"3029","Sample_3039",1.61326196862591,0.203401091734959,0,"3029","2","3029",-0.125841795892313,0.0830253572978851,0.0775592958426455,1.69082126446855,NA
"3030","Sample_3040",1.61326196862591,-0.0902269386007886,0,"3030","2","3030",0.0722559093780928,0.132159778451494,-0.0179710292226958,1.59529093940321,NA
"3031","Sample_3041",1.61326196862591,-0.209588947475129,0,"3031","2","3031",0.0851033580269817,0.125411258414718,-0.124485589448147,1.48877637917776,NA
"3032","Sample_3042",1.61326196862591,0.162552488912487,0,"3032","2","3032",0.0201158654894457,0.142373787729635,0.182668354401932,1.79593032302784,NA
"3033","Sample_3043",1.61326196862591,0.203401091734959,0,"3033","2","3033",-0.125841795892313,0.0830253572978851,0.0775592958426455,1.69082126446855,NA
"3034","Sample_3044",1.61326196862591,-0.052872975061197,0,"3034","2","3034",0.523616104016077,0.163752571833436,0.470743128954879,2.08400509758079,NA
"3035","Sample_3045",1.61326196862591,-0.020118552503301,0,"3035","2","3035",-0.224268547116318,0.077789151764933,-0.244387099619619,1.36887486900629,NA
"3036","Sample_3046",1.61326196862591,0.0840390828606184,0,"3036","2","3036",-0.112994347243435,0.0762768372611278,-0.0289552643828161,1.58430670424309,NA
"3037","Sample_3047",1.61326196862591,0.0177109826316641,0,"3037","2","3037",0.361564703497269,0.181937869343799,0.379275686128933,1.99253765475484,NA
"3038","Sample_3048",1.61326196862591,0.169601880816682,0,"3038","2","3038",0.173888735245762,0.144124404887359,0.343490616062443,1.95675258468835,NA
"3039","Sample_3049",1.61326196862591,-0.212341383109986,0,"3039","2","3039",0.0364625922847208,0.163858044356364,-0.175878790825265,1.43738317780064,NA
"3040","Sample_3050",1.61326196862591,-0.020118552503301,0,"3040","2","3040",-0.224268547116318,0.077789151764933,-0.244387099619619,1.36887486900629,NA
"3041","Sample_3051",1.61326196862591,-0.209588947475129,0,"3041","2","3041",0.0851033580269817,0.125411258414718,-0.124485589448147,1.48877637917776,NA
"3042","Sample_3052",1.61326196862591,0.0840390828606184,0,"3042","2","3042",-0.112994347243435,0.0762768372611278,-0.0289552643828161,1.58430670424309,NA
"3043","Sample_3053",1.61326196862591,0.0957488170881588,0,"3043","2","3043",0.360201860254547,0.17547889561539,0.455950677342706,2.06921264596861,NA
"3044","Sample_3054",1.61326196862591,0.0573459376994623,0,"3044","2","3044",0.0938900767620725,0.110774841170802,0.151236014461535,1.76449798308744,NA
"3045","Sample_3055",1.61326196862591,-0.0272246182604222,0,"3045","2","3045",-0.13142243998376,0.104390195444723,-0.158647058244182,1.45461491038173,NA
"3046","Sample_3056",1.61326196862591,-0.0902269386007886,0,"3046","2","3046",0.0722559093780928,0.132159778451494,-0.0179710292226958,1.59529093940321,NA
"3047","Sample_3057",1.61326196862591,0.021036762520252,0,"3047","2","3047",0.0906840021184319,0.10404642026788,0.111720764638684,1.72498273326459,NA
"3048","Sample_3058",1.61326196862591,-0.0598101814240254,0,"3048","2","3048",0.290025056507734,0.17730384077546,0.230214875083709,1.84347684370962,NA
"3049","Sample_3059",1.61326196862591,0.307558727098878,0,"3049","2","3049",-0.0145675960194219,0.0815130427940826,0.292991131079456,1.90625309970536,NA
"3050","Sample_3060",1.61326196862591,-0.202482881718008,0,"3050","2","3050",-0.00774274910558918,0.0988102147349242,-0.210225630823597,1.40303633780231,NA
"3051","Sample_3061",1.61326196862591,-0.020118552503301,0,"3051","2","3051",-0.224268547116318,0.077789151764933,-0.244387099619619,1.36887486900629,NA
"3052","Sample_3062",1.61326196862591,-0.00548752324661133,0,"3052","2","3052",-0.028868728516971,0.125494649439773,-0.0343562517635823,1.57890571686233,NA
"3053","Sample_3063",1.61326196862591,-0.020118552503301,0,"3053","2","3053",-0.224268547116318,0.077789151764933,-0.244387099619619,1.36887486900629,NA
"3054","Sample_3064",1.61326196862591,-0.0466428382701644,0,"3054","2","3054",-0.343821277751721,0.099237380936828,-0.390464116021886,1.22279785260402,NA
"3055","Sample_3065",1.61326196862591,0.307558727098878,0,"3055","2","3055",-0.0145675960194219,0.0815130427940826,0.292991131079456,1.90625309970536,NA
"3056","Sample_3066",1.61326196862591,-0.229007167484871,0,"3056","2","3056",-0.127295479740985,0.120258443906821,-0.356302647225856,1.25695932140005,NA
"3057","Sample_3067",1.61326196862591,0.021036762520252,0,"3057","2","3057",0.0906840021184319,0.10404642026788,0.111720764638684,1.72498273326459,NA
"3058","Sample_3068",1.61326196862591,0.176707946573803,0,"3058","2","3058",0.0810426281131971,0.117523361207558,0.257750574687,1.87101254331291,NA
"3059","Sample_3069",1.61326196862591,-0.236282092636285,0,"3059","2","3059",0.291987782032482,0.159909262324384,0.0557056893961966,1.6689676580221,NA
"3060","Sample_3070",1.61326196862591,0.196295025977838,0,"3060","2","3060",-0.0329956887597437,0.109626400977682,0.163299337218094,1.776561305844,NA
"3061","Sample_3071",1.61326196862591,0.273816190033527,0,"3061","2","3061",0.0385439582297692,0.114260429546038,0.312360148263296,1.9256221168892,NA
"3062","Sample_3072",1.61326196862591,-0.020118552503301,0,"3062","2","3062",-0.224268547116318,0.077789151764933,-0.244387099619619,1.36887486900629,NA
"3063","Sample_3073",1.61326196862591,0.0914518608188204,0,"3063","2","3063",0.25506975624051,0.135281492516034,0.346521617059331,1.95978358568524,NA
"3064","Sample_3074",1.61326196862591,-0.0261798299000409,0,"3064","2","3064",0.316731680010574,0.129254567923758,0.290551850110533,1.90381381873644,NA
"3065","Sample_3075",1.61326196862591,0.0101293452791694,0,"3065","2","3065",0.319937754654219,0.135982988826685,0.330067099933389,1.9433290685593,NA
"3066","Sample_3076",1.61326196862591,-0.020118552503301,0,"3066","2","3066",-0.224268547116318,0.077789151764933,-0.244387099619619,1.36887486900629,NA
"3067","Sample_3077",1.61326196862591,0.0779778054638785,0,"3067","2","3067",0.428005879883476,0.127742253419951,0.505983685347355,2.11924565397326,NA
"3068","Sample_3078",1.61326196862591,0.0247560427074901,0,"3068","2","3068",0.0347556601425851,0.141568828218185,0.0595117028500751,1.67277367147598,NA
"3069","Sample_3079",1.61326196862591,0.233817848911722,0,"3069","2","3069",0.0919273512373283,0.128169419621856,0.32574520014905,1.93900716877496,NA
"3070","Sample_3080",1.61326196862591,0.307558727098878,0,"3070","2","3070",-0.0145675960194219,0.0815130427940826,0.292991131079456,1.90625309970536,NA
"3071","Sample_3081",1.61326196862591,0.156184499314666,0,"3071","2","3071",0.100205881999841,0.108233504953768,0.256390381314507,1.86965234994041,NA
"3072","Sample_3082",1.61326196862591,0.0368224904403255,0,"3072","2","3072",0.113053330648722,0.101484984917003,0.149875821089047,1.76313778971495,NA
"3073","Sample_3083",1.61326196862591,-0.178598846044634,0,"3073","2","3073",-0.0166489619644992,0.131110657604416,-0.195247808009134,1.41801416061677,NA
"3074","Sample_3084",1.61326196862591,0.0368224904403255,0,"3074","2","3074",0.113053330648722,0.101484984917003,0.149875821089047,1.76313778971495,NA
"3075","Sample_3085",1.61326196862591,-0.020118552503301,0,"3075","2","3075",-0.224268547116318,0.077789151764933,-0.244387099619619,1.36887486900629,NA
"3076","Sample_3086",1.61326196862591,0.196295025977838,0,"3076","2","3076",-0.0329956887597437,0.109626400977682,0.163299337218094,1.776561305844,NA
"3077","Sample_3087",1.61326196862591,0.0986701121173081,0,"3077","2","3077",0.0824054713559145,0.123982334935969,0.181075583473223,1.79433755209913,NA
"3078","Sample_3088",1.61326196862591,0.0921373906139183,0,"3078","2","3078",-0.144269888632639,0.111138715481489,-0.0521324980187203,1.56112947060719,NA
"3079","Sample_3089",1.61326196862591,0.0986701121173081,0,"3079","2","3079",0.0824054713559145,0.123982334935969,0.181075583473223,1.79433755209913,NA
"3080","Sample_3090",1.61326196862591,0.203401091734959,0,"3080","2","3080",-0.125841795892313,0.0830253572978851,0.0775592958426455,1.69082126446855,NA
"3081","Sample_3091",1.61326196862591,0.254341296170859,0,"3081","2","3081",0.0727640973506913,0.137459275875648,0.32710539352155,1.94036736214746,NA
"3082","Sample_3092",1.61326196862591,-0.0261798299000409,0,"3082","2","3082",0.316731680010574,0.129254567923758,0.290551850110533,1.90381381873644,NA
"3083","Sample_3093",1.61326196862591,0.0368224904403255,0,"3083","2","3083",0.113053330648722,0.101484984917003,0.149875821089047,1.76313778971495,NA
"3084","Sample_3094",1.61326196862591,-0.00565638264090413,0,"3084","2","3084",0.29756842612393,0.138544424177553,0.291912043483026,1.90517401210893,NA
"3085","Sample_3095",1.61326196862591,0.196295025977838,0,"3085","2","3085",-0.0329956887597437,0.109626400977682,0.163299337218094,1.776561305844,NA
"3086","Sample_3096",1.61326196862591,0.233817848911722,0,"3086","2","3086",0.0919273512373283,0.128169419621856,0.32574520014905,1.93900716877496,NA
"3087","Sample_3097",1.61326196862591,-0.130784663822553,0,"3087","2","3087",0.0263940896182917,0.124082085767596,-0.104390574204261,1.50887139442165,NA
"3088","Sample_3098",1.61326196862591,0.0515796653921542,0,"3088","2","3088",-0.190131708392453,0.103061022797609,-0.138552043000299,1.47470992562561,NA
"3089","Sample_3099",1.61326196862591,0.307558727098878,0,"3089","2","3089",-0.0145675960194219,0.0815130427940826,0.292991131079456,1.90625309970536,NA
"3090","Sample_3100",1.61326196862591,0.176876805968096,0,"3090","2","3090",-0.245394526527705,0.104473586469783,-0.0685177205596092,1.5447442480663,NA
"3091","Sample_3101",1.61326196862591,-0.131382253624342,0,"3091","2","3091",-0.242696639856642,0.105902509948532,-0.374078893480984,1.23918307514492,NA
"3092","Sample_3102",1.61326196862591,0.0921373906139183,0,"3092","2","3092",-0.144269888632639,0.111138715481489,-0.0521324980187203,1.56112947060719,NA
"3093","Sample_3103",1.61326196862591,-0.0983252463540884,0,"3093","2","3093",0.103531450767297,0.0972979002311195,0.00520620441320896,1.61846817303912,NA
"3094","Sample_3104",1.61326196862591,0.307558727098878,0,"3094","2","3094",-0.0145675960194219,0.0815130427940826,0.292991131079456,1.90625309970536,NA
"3095","Sample_3105",1.61326196862591,0.203401091734959,0,"3095","2","3095",-0.125841795892313,0.0830253572978851,0.0775592958426455,1.69082126446855,NA
"3096","Sample_3106",1.61326196862591,0.0575147970937551,0,"3096","2","3096",-0.232547077878834,0.0977250664330256,-0.175032280785079,1.43822968784083,NA
"3097","Sample_3107",1.61326196862591,0.307558727098878,0,"3097","2","3097",-0.0145675960194219,0.0815130427940826,0.292991131079456,1.90625309970536,NA
"3098","Sample_3108",1.61326196862591,0.129660213547803,0,"3098","2","3098",-0.0193468486355659,0.129681734125669,0.110313364912237,1.72357533353814,NA
"3099","Sample_3109",1.61326196862591,-0.00163776553586528,0,"3099","2","3099",-0.102800015022339,0.159007255879171,-0.104437780558204,1.5088241880677,NA
"3100","Sample_3110",1.61326196862591,0.241356772565063,0,"3100","2","3100",-0.0385934029192385,0.141044615082512,0.202763369645825,1.81602533827173,NA
"3101","Sample_3111",1.61326196862591,0.021036762520252,0,"3101","2","3101",0.0906840021184319,0.10404642026788,0.111720764638684,1.72498273326459,NA
"3102","Sample_3112",1.61326196862591,-0.0162702163222027,0,"3102","2","3102",0.276863275665102,0.162687511303072,0.260593059342899,1.87385502796881,NA
"3103","Sample_3113",1.61326196862591,0.307558727098878,0,"3103","2","3103",-0.0145675960194219,0.0815130427940826,0.292991131079456,1.90625309970536,NA
"3104","Sample_3114",1.61326196862591,0.176876805968096,0,"3104","2","3104",-0.245394526527705,0.104473586469783,-0.0685177205596092,1.5447442480663,NA
"3105","Sample_3115",1.61326196862591,0.021036762520252,0,"3105","2","3105",0.0906840021184319,0.10404642026788,0.111720764638684,1.72498273326459,NA
"3106","Sample_3116",1.61326196862591,-0.0272246182604222,0,"3106","2","3106",-0.13142243998376,0.104390195444723,-0.158647058244182,1.45461491038173,NA
"3107","Sample_3117",1.61326196862591,0.0985012527230153,0,"3107","2","3107",0.408842625996819,0.137032109673745,0.507343878719835,2.12060584734574,NA
"3108","Sample_3118",1.61326196862591,-0.255700312646027,0,"3108","2","3108",0.079588944264528,0.154756447816484,-0.176111368381499,1.43715060024441,NA
"3109","Sample_3119",1.61326196862591,-0.020118552503301,0,"3109","2","3109",-0.224268547116318,0.077789151764933,-0.244387099619619,1.36887486900629,NA
"3110","Sample_3120",1.61326196862591,0.0368224904403255,0,"3110","2","3110",0.113053330648722,0.101484984917003,0.149875821089047,1.76313778971495,NA
"3111","Sample_3121",1.61326196862591,-0.020118552503301,0,"3111","2","3111",-0.224268547116318,0.077789151764933,-0.244387099619619,1.36887486900629,NA
"3112","Sample_3122",1.61326196862591,0.0987948362827994,0,"3112","2","3112",0.158883723002179,0.129238628240468,0.257678559284978,1.87094052791089,NA
"3113","Sample_3123",1.61326196862591,-0.131382253624342,0,"3113","2","3113",-0.242696639856642,0.105902509948532,-0.374078893480984,1.23918307514492,NA
"3114","Sample_3124",1.61326196862591,-0.202482881718008,0,"3114","2","3114",-0.00774274910558918,0.0988102147349242,-0.210225630823597,1.40303633780231,NA
"3115","Sample_3125",1.61326196862591,-0.131382253624342,0,"3115","2","3115",-0.242696639856642,0.105902509948532,-0.374078893480984,1.23918307514492,NA
"3116","Sample_3126",1.61326196862591,-0.209588947475129,0,"3116","2","3116",0.0851033580269817,0.125411258414718,-0.124485589448147,1.48877637917776,NA
"3117","Sample_3127",1.61326196862591,-0.209588947475129,0,"3117","2","3117",0.0851033580269817,0.125411258414718,-0.124485589448147,1.48877637917776,NA
"3118","Sample_3128",1.61326196862591,0.0921373906139183,0,"3118","2","3118",-0.144269888632639,0.111138715481489,-0.0521324980187203,1.56112947060719,NA
"3119","Sample_3129",1.61326196862591,0.281034441332015,0,"3119","2","3119",-0.134120326654819,0.102961271965978,0.146914114677196,1.7601760833031,NA
"3120","Sample_3130",1.61326196862591,-0.340439728000205,0,"3120","2","3120",0.18071358215961,0.161421576828192,-0.159726145840595,1.45353582278531,NA
"3121","Sample_3131",1.61326196862591,-0.020118552503301,0,"3121","2","3121",-0.224268547116318,0.077789151764933,-0.244387099619619,1.36887486900629,NA
"3122","Sample_3132",1.61326196862591,0.203401091734959,0,"3122","2","3122",-0.125841795892313,0.0830253572978851,0.0775592958426455,1.69082126446855,NA
"3123","Sample_3133",1.61326196862591,-0.0902269386007886,0,"3123","2","3123",0.0722559093780928,0.132159778451494,-0.0179710292226958,1.59529093940321,NA
"3124","Sample_3134",1.61326196862591,0.196295025977838,0,"3124","2","3124",-0.0329956887597437,0.109626400977682,0.163299337218094,1.776561305844,NA
"3125","Sample_3135",1.61326196862591,0.176876805968096,0,"3125","2","3125",-0.245394526527705,0.104473586469783,-0.0685177205596092,1.5447442480663,NA
"3126","Sample_3136",1.61326196862591,0.0139306967631309,0,"3126","2","3126",0.183530109250991,0.130647463947673,0.197460806014122,1.81072277464003,NA
"3127","Sample_3137",1.61326196862591,0.196295025977838,0,"3127","2","3127",-0.0329956887597437,0.109626400977682,0.163299337218094,1.776561305844,NA
"3128","Sample_3138",1.61326196862591,-0.202482881718008,0,"3128","2","3128",-0.00774274910558918,0.0988102147349242,-0.210225630823597,1.40303633780231,NA
"3129","Sample_3139",1.61326196862591,-0.106900628149179,0,"3129","2","3129",0.017487876759371,0.156382528637074,-0.0894127513898083,1.5238492172361,NA
"3130","Sample_3140",1.61326196862591,0.281034441332015,0,"3130","2","3130",-0.134120326654819,0.102961271965978,0.146914114677196,1.7601760833031,NA
"3131","Sample_3141",1.61326196862591,0.0985012527230153,0,"3131","2","3131",0.408842625996819,0.137032109673745,0.507343878719835,2.12060584734574,NA
"3132","Sample_3142",1.61326196862591,0.273816190033527,0,"3132","2","3132",0.0385439582297692,0.114260429546038,0.312360148263296,1.9256221168892,NA
"3133","Sample_3143",1.61326196862591,0.021036762520252,0,"3133","2","3133",0.0906840021184319,0.10404642026788,0.111720764638684,1.72498273326459,NA
"3134","Sample_3144",1.61326196862591,-0.125018391515245,0,"3134","2","3134",0.310415874772815,0.131795904140789,0.185397483257571,1.79865945188348,NA
"3135","Sample_3145",1.61326196862591,-0.0272246182604222,0,"3135","2","3135",-0.13142243998376,0.104390195444723,-0.158647058244182,1.45461491038173,NA
"3136","Sample_3146",1.61326196862591,-0.020118552503301,0,"3136","2","3136",-0.224268547116318,0.077789151764933,-0.244387099619619,1.36887486900629,NA
"3137","Sample_3147",1.61326196862591,-0.116751224367652,0,"3137","2","3137",-0.0472968212573042,0.153608007623386,-0.164048045624956,1.44921392300095,NA
"3138","Sample_3148",1.61326196862591,-0.0261798299000409,0,"3138","2","3138",0.316731680010574,0.129254567923758,0.290551850110533,1.90381381873644,NA
"3139","Sample_3149",1.61326196862591,-0.125018391515245,0,"3139","2","3139",0.310415874772815,0.131795904140789,0.185397483257571,1.79865945188348,NA
"3140","Sample_3150",1.61326196862591,0.162552488912487,0,"3140","2","3140",0.0201158654894457,0.142373787729635,0.182668354401932,1.79593032302784,NA
"3141","Sample_3151",1.61326196862591,-0.0393989197062552,0,"3141","2","3141",0.35067998037311,0.171291810929513,0.311281060666855,1.92454302929276,NA
"3142","Sample_3152",1.61326196862591,-0.340270868605912,0,"3142","2","3142",-0.145723572481311,0.148371802090423,-0.485994441087223,1.12726752753869,NA
"3143","Sample_3153",1.61326196862591,-0.0272246182604222,0,"3143","2","3143",-0.13142243998376,0.104390195444723,-0.158647058244182,1.45461491038173,NA
"3144","Sample_3154",1.61326196862591,-0.130784663822553,0,"3144","2","3144",0.0263940896182917,0.124082085767596,-0.104390574204261,1.50887139442165,NA
"3145","Sample_3155",1.61326196862591,-0.074441210680715,0,"3145","2","3145",0.0946252379084117,0.129598343100607,0.0201840272276966,1.6334459958536,NA
"3146","Sample_3156",1.61326196862591,0.233648989517429,0,"3146","2","3146",0.418364505878247,0.141219194359636,0.652013495395677,2.26527546402158,NA
"3147","Sample_3157",1.61326196862591,0.254341296170859,0,"3147","2","3147",0.0727640973506913,0.137459275875648,0.32710539352155,1.94036736214746,NA
"3148","Sample_3158",1.61326196862591,0.0840390828606184,0,"3148","2","3148",-0.112994347243435,0.0762768372611278,-0.0289552643828161,1.58430670424309,NA
"3149","Sample_3159",1.61326196862591,0.260342134678585,0,"3149","2","3149",0.211480081872726,0.106721190449964,0.471822216551312,2.08508418517722,NA
"3150","Sample_3160",1.61326196862591,0.125194397884171,0,"3150","2","3150",0.201958201991315,0.102534105764073,0.327152599875487,1.94041456850139,NA
"3151","Sample_3161",1.61326196862591,-0.131382253624342,0,"3151","2","3151",-0.242696639856642,0.105902509948532,-0.374078893480984,1.23918307514492,NA
"3152","Sample_3162",1.61326196862591,0.0840390828606184,0,"3152","2","3152",-0.112994347243435,0.0762768372611278,-0.0289552643828161,1.58430670424309,NA
"3153","Sample_3163",1.61326196862591,0.169658554669608,0,"3153","2","3153",-0.0727302416431141,0.115772744049838,0.0969283130264937,1.7101902816524,NA
"3154","Sample_3164",1.61326196862591,0.281034441332015,0,"3154","2","3154",-0.134120326654819,0.102961271965978,0.146914114677196,1.7601760833031,NA
"3155","Sample_3165",1.61326196862591,0.281034441332015,0,"3155","2","3155",-0.134120326654819,0.102961271965978,0.146914114677196,1.7601760833031,NA
"3156","Sample_3166",1.61326196862591,0.203401091734959,0,"3156","2","3156",-0.125841795892313,0.0830253572978851,0.0775592958426455,1.69082126446855,NA
"3157","Sample_3167",1.61326196862591,0.0840390828606184,0,"3157","2","3157",-0.112994347243435,0.0762768372611278,-0.0289552643828161,1.58430670424309,NA
"3158","Sample_3168",1.61326196862591,-0.020118552503301,0,"3158","2","3158",-0.224268547116318,0.077789151764933,-0.244387099619619,1.36887486900629,NA
"3159","Sample_3169",1.61326196862591,-0.0468116976644572,0,"3159","2","3159",-0.0173841231108059,0.112287155674602,-0.0641958207752631,1.54906614785064,NA
"3160","Sample_3170",1.61326196862591,0.307558727098878,0,"3160","2","3160",-0.0145675960194219,0.0815130427940826,0.292991131079456,1.90625309970536,NA
"3161","Sample_3171",1.61326196862591,-0.020118552503301,0,"3161","2","3161",-0.224268547116318,0.077789151764933,-0.244387099619619,1.36887486900629,NA
"3162","Sample_3172",1.61326196862591,-0.0468116976644572,0,"3162","2","3162",-0.0173841231108059,0.112287155674602,-0.0641958207752631,1.54906614785064,NA
"3163","Sample_3173",1.61326196862591,-0.360963175259341,0,"3163","2","3163",0.19987683604625,0.152131720574411,-0.161086339213092,1.45217562941282,NA
"3164","Sample_3174",1.61326196862591,0.196295025977838,0,"3164","2","3164",-0.0329956887597437,0.109626400977682,0.163299337218094,1.776561305844,NA
"3165","Sample_3175",1.61326196862591,0.0985012527230153,0,"3165","2","3165",0.408842625996819,0.137032109673745,0.507343878719835,2.12060584734574,NA
"3166","Sample_3176",1.61326196862591,0.307558727098878,0,"3166","2","3166",-0.0145675960194219,0.0815130427940826,0.292991131079456,1.90625309970536,NA
"3167","Sample_3177",1.61326196862591,0.0914518608188204,0,"3167","2","3167",0.25506975624051,0.135281492516034,0.346521617059331,1.95978358568524,NA
"3168","Sample_3178",1.61326196862591,0.021036762520252,0,"3168","2","3168",0.0906840021184319,0.10404642026788,0.111720764638684,1.72498273326459,NA
"3169","Sample_3179",1.61326196862591,0.0368224904403255,0,"3169","2","3169",0.113053330648722,0.101484984917003,0.149875821089047,1.76313778971495,NA
"3170","Sample_3180",1.61326196862591,-0.020118552503301,0,"3170","2","3170",-0.224268547116318,0.077789151764933,-0.244387099619619,1.36887486900629,NA
"3171","Sample_3181",1.61326196862591,0.0139306967631309,0,"3171","2","3171",0.183530109250991,0.130647463947673,0.197460806014122,1.81072277464003,NA
"3172","Sample_3182",1.61326196862591,-0.046518114104673,0,"3172","2","3172",-0.267343026105445,0.104493674241325,-0.313861140210118,1.29940082841579,NA
"3173","Sample_3183",1.61326196862591,-0.313746582839048,0,"3173","2","3173",-0.0261708418459169,0.126923572918526,-0.339917424684965,1.27334454394094,NA
"3174","Sample_3184",1.61326196862591,0.307558727098878,0,"3174","2","3174",-0.0145675960194219,0.0815130427940826,0.292991131079456,1.90625309970536,NA
"3175","Sample_3185",1.61326196862591,0.071976966956152,0,"3175","2","3175",0.289289895361424,0.158480338845639,0.361266862317576,1.97452883094348,NA
"3176","Sample_3186",1.61326196862591,-0.124849532120952,0,"3176","2","3176",-0.0160212798680964,0.118746129403016,-0.140870811989048,1.47239115663686,NA
"3177","Sample_3187",1.61326196862591,0.0654442454527622,0,"3177","2","3177",0.0626145353728783,0.145636719391158,0.12805878082564,1.74132074945155,NA
"3178","Sample_3188",1.61326196862591,0.021036762520252,0,"3178","2","3178",0.0906840021184319,0.10404642026788,0.111720764638684,1.72498273326459,NA
"3179","Sample_3189",1.61326196862591,-0.131382253624342,0,"3179","2","3179",-0.242696639856642,0.105902509948532,-0.374078893480984,1.23918307514492,NA
"3180","Sample_3190",1.61326196862591,0.169770740210974,0,"3180","2","3180",-0.152548419395146,0.13107463014958,0.0172223208158283,1.63048428944174,NA
"3181","Sample_3191",1.61326196862591,-0.131382253624342,0,"3181","2","3181",-0.242696639856642,0.105902509948532,-0.374078893480984,1.23918307514492,NA
"3182","Sample_3192",1.61326196862591,0.0449207981936254,0,"3182","2","3182",0.081777789259528,0.136346863137367,0.126698587453153,1.73996055607906,NA
"3183","Sample_3193",1.61326196862591,-0.212341383109986,0,"3183","2","3183",0.0364625922847208,0.163858044356364,-0.175878790825265,1.43738317780064,NA
"3184","Sample_3194",1.61326196862591,0.0654442454527622,0,"3184","2","3184",0.0626145353728783,0.145636719391158,0.12805878082564,1.74132074945155,NA
"3185","Sample_3195",1.61326196862591,0.196295025977838,0,"3185","2","3185",-0.0329956887597437,0.109626400977682,0.163299337218094,1.776561305844,NA
"3186","Sample_3196",1.61326196862591,-0.236113233241992,0,"3186","2","3186",-0.0344493726084134,0.146859487586619,-0.270562605850406,1.3426993627755,NA
"3187","Sample_3197",1.61326196862591,-0.178598846044634,0,"3187","2","3187",-0.0166489619644992,0.131110657604416,-0.195247808009134,1.41801416061677,NA
"3188","Sample_3198",1.61326196862591,0.281034441332015,0,"3188","2","3188",-0.134120326654819,0.102961271965978,0.146914114677196,1.7601760833031,NA
"3189","Sample_3199",1.61326196862591,-0.0466428382701644,0,"3189","2","3189",-0.343821277751721,0.099237380936828,-0.390464116021886,1.22279785260402,NA
"3190","Sample_3200",1.61326196862591,-0.165124790689693,0,"3190","2","3190",-0.18958508560746,0.138649896700491,-0.354709876297153,1.25855209232875,NA
"3191","Sample_3201",1.61326196862591,-0.0466428382701644,0,"3191","2","3191",-0.343821277751721,0.099237380936828,-0.390464116021886,1.22279785260402,NA
"3192","Sample_3202",1.61326196862591,0.203401091734959,0,"3192","2","3192",-0.125841795892313,0.0830253572978851,0.0775592958426455,1.69082126446855,NA
"3193","Sample_3203",1.61326196862591,-0.209588947475129,0,"3193","2","3193",0.0851033580269817,0.125411258414718,-0.124485589448147,1.48877637917776,NA
"3194","Sample_3204",1.61326196862591,-0.033285895657162,0,"3194","2","3194",0.409577787143145,0.155855611603553,0.376291891485983,1.98955386011189,NA
"3195","Sample_3205",1.61326196862591,0.203401091734959,0,"3195","2","3195",-0.125841795892313,0.0830253572978851,0.0775592958426455,1.69082126446855,NA
"3196","Sample_3206",1.61326196862591,-0.202482881718008,0,"3196","2","3196",-0.00774274910558918,0.0988102147349242,-0.210225630823597,1.40303633780231,NA
"3197","Sample_3207",1.61326196862591,0.021036762520252,0,"3197","2","3197",0.0906840021184319,0.10404642026788,0.111720764638684,1.72498273326459,NA
"3198","Sample_3208",1.61326196862591,-0.0983252463540884,0,"3198","2","3198",0.103531450767297,0.0972979002311195,0.00520620441320896,1.61846817303912,NA
"3199","Sample_3209",1.61326196862591,0.0840390828606184,0,"3199","2","3199",-0.112994347243435,0.0762768372611278,-0.0289552643828161,1.58430670424309,NA
"3200","Sample_3210",1.61326196862591,-0.0272246182604222,0,"3200","2","3200",-0.13142243998376,0.104390195444723,-0.158647058244182,1.45461491038173,NA
"3201","Sample_3211",1.61326196862591,0.203401091734959,0,"3201","2","3201",-0.125841795892313,0.0830253572978851,0.0775592958426455,1.69082126446855,NA
"3202","Sample_3212",1.61326196862591,0.307558727098878,0,"3202","2","3202",-0.0145675960194219,0.0815130427940826,0.292991131079456,1.90625309970536,NA
"3203","Sample_3213",1.61326196862591,0.0139306967631309,0,"3203","2","3203",0.183530109250991,0.130647463947673,0.197460806014122,1.81072277464003,NA
"3204","Sample_3214",1.61326196862591,-0.100965496447578,0,"3204","2","3204",-0.0249274927269994,0.151046572272506,-0.125892989174578,1.48736897945133,NA
"3205","Sample_3215",1.61326196862591,-0.0127624483980253,0,"3205","2","3205",0.390414533256503,0.165145467857346,0.377652084858477,1.99091405348439,NA
"3206","Sample_3216",1.61326196862591,-0.30989824665795,0,"3206","2","3206",0.474960980935505,0.211821932456673,0.165062734277555,1.77832470290346,NA
"3207","Sample_3217",1.61326196862591,-0.158075398785498,0,"3207","2","3207",-0.035812215851131,0.140400513858205,-0.193887614636629,1.41937435398928,NA
"3208","Sample_3218",1.61326196862591,-0.0983252463540884,0,"3208","2","3208",0.103531450767297,0.0972979002311195,0.00520620441320896,1.61846817303912,NA
"3209","Sample_3219",1.61326196862591,0.065613104847055,0,"3209","2","3209",-0.263822619268035,0.132586944653383,-0.19820951442098,1.41505245420493,NA
"3210","Sample_3220",1.61326196862591,-0.0272246182604222,0,"3210","2","3210",-0.13142243998376,0.104390195444723,-0.158647058244182,1.45461491038173,NA
"3211","Sample_3221",1.61326196862591,0.0899642527987093,0,"3211","2","3211",0.0143648418775076,0.187076764852849,0.104329094676217,1.71759106330212,NA
"3212","Sample_3222",1.61326196862591,0.280865581937722,0,"3212","2","3212",0.192316827986082,0.116011046703751,0.473182409923804,2.08644437854971,NA
"3213","Sample_3223",1.61326196862591,-0.012705774545099,0,"3213","2","3213",0.143795556367626,0.136793807019832,0.131089781822527,1.74435175044843,NA
"3214","Sample_3224",1.61326196862591,0.280865581937722,0,"3214","2","3214",0.192316827986082,0.116011046703751,0.473182409923804,2.08644437854971,NA
"3215","Sample_3225",1.61326196862591,-0.387487461026205,0,"3215","2","3215",0.0803241054108494,0.173579949746293,-0.307163355615355,1.30609861301055,NA
"3216","Sample_3226",1.61326196862591,-0.020118552503301,0,"3216","2","3216",-0.224268547116318,0.077789151764933,-0.244387099619619,1.36887486900629,NA
"3217","Sample_3227",1.61326196862591,0.196295025977838,0,"3217","2","3217",-0.0329956887597437,0.109626400977682,0.163299337218094,1.776561305844,NA
"3218","Sample_3228",1.61326196862591,0.280865581937722,0,"3218","2","3218",0.192316827986082,0.116011046703751,0.473182409923804,2.08644437854971,NA
"3219","Sample_3229",1.61326196862591,0.0779778054638785,0,"3219","2","3219",0.428005879883476,0.127742253419951,0.505983685347355,2.11924565397326,NA
"3220","Sample_3230",1.61326196862591,0.196295025977838,0,"3220","2","3220",-0.0329956887597437,0.109626400977682,0.163299337218094,1.776561305844,NA
"3221","Sample_3231",1.61326196862591,-0.0234443323918889,0,"3221","2","3221",0.04661215426253,0.155680600840851,0.0231678218706411,1.63642979049655,NA
"3222","Sample_3232",1.61326196862591,-0.340270868605912,0,"3222","2","3222",-0.145723572481311,0.148371802090423,-0.485994441087223,1.12726752753869,NA
"3223","Sample_3233",1.61326196862591,-0.340270868605912,0,"3223","2","3223",-0.145723572481311,0.148371802090423,-0.485994441087223,1.12726752753869,NA
"3224","Sample_3234",1.61326196862591,-0.262749704550222,0,"3224","2","3224",-0.0741839254917819,0.153005830658772,-0.336933630042004,1.2763283385839,NA
"3225","Sample_3235",1.61326196862591,0.280865581937722,0,"3225","2","3225",0.192316827986082,0.116011046703751,0.473182409923804,2.08644437854971,NA
"3226","Sample_3236",1.61326196862591,0.0985012527230153,0,"3226","2","3226",0.408842625996819,0.137032109673745,0.507343878719835,2.12060584734574,NA
"3227","Sample_3237",1.61326196862591,0.275099309630414,0,"3227","2","3227",-0.0917049571684344,0.10829722833056,0.18339435246198,1.79665632108789,NA
"3228","Sample_3238",1.61326196862591,-0.0983252463540884,0,"3228","2","3228",0.103531450767297,0.0972979002311195,0.00520620441320896,1.61846817303912,NA
"3229","Sample_3239",1.61326196862591,-0.059922366965392,0,"3229","2","3229",0.369843234259771,0.162001954675699,0.309920867294379,1.92318283592029,NA
"3230","Sample_3240",1.61326196862591,-0.178598846044634,0,"3230","2","3230",-0.0166489619644992,0.131110657604416,-0.195247808009134,1.41801416061677,NA
"3231","Sample_3241",1.61326196862591,-0.020118552503301,0,"3231","2","3231",-0.224268547116318,0.077789151764933,-0.244387099619619,1.36887486900629,NA
"3232","Sample_3242",1.61326196862591,-0.131382253624342,0,"3232","2","3232",-0.242696639856642,0.105902509948532,-0.374078893480984,1.23918307514492,NA
"3233","Sample_3243",1.61326196862591,0.125194397884171,0,"3233","2","3233",0.201958201991315,0.102534105764073,0.327152599875487,1.94041456850139,NA
"3234","Sample_3244",1.61326196862591,-0.212341383109986,0,"3234","2","3234",0.0364625922847208,0.163858044356364,-0.175878790825265,1.43738317780064,NA
"3235","Sample_3245",1.61326196862591,0.0368224904403255,0,"3235","2","3235",0.113053330648722,0.101484984917003,0.149875821089047,1.76313778971495,NA
"3236","Sample_3246",1.61326196862591,0.275099309630414,0,"3236","2","3236",-0.0917049571684344,0.10829722833056,0.18339435246198,1.79665632108789,NA
"3237","Sample_3247",1.61326196862591,-0.0468116976644572,0,"3237","2","3237",-0.0173841231108059,0.112287155674602,-0.0641958207752631,1.54906614785064,NA
"3238","Sample_3248",1.61326196862591,0.233648989517429,0,"3238","2","3238",0.418364505878247,0.141219194359636,0.652013495395677,2.26527546402158,NA
"3239","Sample_3249",1.61326196862591,-0.0902269386007886,0,"3239","2","3239",0.0722559093780928,0.132159778451494,-0.0179710292226958,1.59529093940321,NA
"3240","Sample_3250",1.61326196862591,-0.151542677282108,0,"3240","2","3240",0.19086314413742,0.153244133312683,0.0393204668553119,1.65258243548122,NA
"3241","Sample_3251",1.61326196862591,-0.184599684552361,0,"3241","2","3241",-0.155364946486541,0.161848743030101,-0.339964631038902,1.27329733758701,NA
"3242","Sample_3252",1.61326196862591,0.307558727098878,0,"3242","2","3242",-0.0145675960194219,0.0815130427940826,0.292991131079456,1.90625309970536,NA
"3243","Sample_3253",1.61326196862591,0.0575147970937551,0,"3243","2","3243",-0.232547077878834,0.0977250664330256,-0.175032280785079,1.43822968784083,NA
"3244","Sample_3254",1.61326196862591,-0.0450530064721966,0,"3244","2","3244",-0.0131599825334344,0.178879878656054,-0.058212989005631,1.55504897962028,NA
"3245","Sample_3255",1.61326196862591,-0.209588947475129,0,"3245","2","3245",0.0851033580269817,0.125411258414718,-0.124485589448147,1.48877637917776,NA
"3246","Sample_3256",1.61326196862591,-0.125018391515245,0,"3246","2","3246",0.310415874772815,0.131795904140789,0.185397483257571,1.79865945188348,NA
"3247","Sample_3257",1.61326196862591,0.260342134678585,0,"3247","2","3247",0.211480081872726,0.106721190449964,0.471822216551312,2.08508418517722,NA
"3248","Sample_3258",1.61326196862591,0.169658554669608,0,"3248","2","3248",-0.0727302416431141,0.115772744049838,0.0969283130264937,1.7101902816524,NA
"3249","Sample_3259",1.61326196862591,-0.0379469407150755,0,"3249","2","3249",-0.106006089665997,0.152278834976254,-0.143953030381073,1.46930893824483,NA
"3250","Sample_3260",1.61326196862591,0.0368224904403255,0,"3250","2","3250",0.113053330648722,0.101484984917003,0.149875821089047,1.76313778971495,NA
"3251","Sample_3261",1.61326196862591,-0.0379469407150755,0,"3251","2","3251",-0.106006089665997,0.152278834976254,-0.143953030381073,1.46930893824483,NA
"3252","Sample_3262",1.61326196862591,0.203401091734959,0,"3252","2","3252",-0.125841795892313,0.0830253572978851,0.0775592958426455,1.69082126446855,NA
"3253","Sample_3263",1.61326196862591,0.021036762520252,0,"3253","2","3253",0.0906840021184319,0.10404642026788,0.111720764638684,1.72498273326459,NA
"3254","Sample_3264",1.61326196862591,0.144417388499631,0,"3254","2","3254",-0.322531887676728,0.131257772006267,-0.178114499177096,1.43514746944881,NA
"3255","Sample_3265",1.61326196862591,-0.157906539391205,0,"3255","2","3255",-0.362249370492055,0.127350739120431,-0.52015590988326,1.09310605874265,NA
"3256","Sample_3266",1.61326196862591,0.0921373906139183,0,"3256","2","3256",-0.144269888632639,0.111138715481489,-0.0521324980187203,1.56112947060719,NA
"3257","Sample_3267",1.61326196862591,-0.229176026879164,0,"3257","2","3257",0.199141674899919,0.133308218644598,-0.0300343519792454,1.58322761664666,NA
"3258","Sample_3268",1.61326196862591,-0.0272246182604222,0,"3258","2","3258",-0.13142243998376,0.104390195444723,-0.158647058244182,1.45461491038173,NA
"3259","Sample_3269",1.61326196862591,-0.0983252463540884,0,"3259","2","3259",0.103531450767297,0.0972979002311195,0.00520620441320896,1.61846817303912,NA
"3260","Sample_3270",1.61326196862591,0.196295025977838,0,"3260","2","3260",-0.0329956887597437,0.109626400977682,0.163299337218094,1.776561305844,NA
"3261","Sample_3271",1.61326196862591,0.0921373906139183,0,"3261","2","3261",-0.144269888632639,0.111138715481489,-0.0521324980187203,1.56112947060719,NA
"3262","Sample_3272",1.61326196862591,0.0840390828606184,0,"3262","2","3262",-0.112994347243435,0.0762768372611278,-0.0289552643828161,1.58430670424309,NA
"3263","Sample_3273",1.61326196862591,0.307558727098878,0,"3263","2","3263",-0.0145675960194219,0.0815130427940826,0.292991131079456,1.90625309970536,NA
"3264","Sample_3274",1.61326196862591,0.203401091734959,0,"3264","2","3264",-0.125841795892313,0.0830253572978851,0.0775592958426455,1.69082126446855,NA
"3265","Sample_3275",1.61326196862591,0.203401091734959,0,"3265","2","3265",-0.125841795892313,0.0830253572978851,0.0775592958426455,1.69082126446855,NA
"3266","Sample_3276",1.61326196862591,-0.283329825662285,0,"3266","2","3266",0.191598305283737,0.172067635242494,-0.0917315203785478,1.52153044824736,NA
"3267","Sample_3277",1.61326196862591,0.199906452452078,0,"3267","2","3267",0.471476060127443,0.173966581111578,0.671382512579521,2.28464448120543,NA
"3268","Sample_3278",1.61326196862591,-0.116920083761945,0,"3268","2","3268",0.279140333383614,0.166657782361143,0.16222024962167,1.77548221824758,NA
"3269","Sample_3279",1.61326196862591,-0.00565638264090413,0,"3269","2","3269",0.29756842612393,0.138544424177553,0.291912043483026,1.90517401210893,NA
"3270","Sample_3280",1.61326196862591,0.021036762520252,0,"3270","2","3270",0.0906840021184319,0.10404642026788,0.111720764638684,1.72498273326459,NA
"3271","Sample_3281",1.61326196862591,-0.0272246182604222,0,"3271","2","3271",-0.13142243998376,0.104390195444723,-0.158647058244182,1.45461491038173,NA
"3272","Sample_3282",1.61326196862591,0.203401091734959,0,"3272","2","3272",-0.125841795892313,0.0830253572978851,0.0775592958426455,1.69082126446855,NA
"3273","Sample_3283",1.61326196862591,-0.229007167484871,0,"3273","2","3273",-0.127295479740985,0.120258443906821,-0.356302647225856,1.25695932140005,NA
"3274","Sample_3284",1.61326196862591,-0.313746582839048,0,"3274","2","3274",-0.0261708418459169,0.126923572918526,-0.339917424684965,1.27334454394094,NA
"3275","Sample_3285",1.61326196862591,0.196295025977838,0,"3275","2","3275",-0.0329956887597437,0.109626400977682,0.163299337218094,1.776561305844,NA
"3276","Sample_3286",1.61326196862591,0.0957488170881588,0,"3276","2","3276",0.360201860254547,0.17547889561539,0.455950677342706,2.06921264596861,NA
"3277","Sample_3287",1.61326196862591,0.307558727098878,0,"3277","2","3277",-0.0145675960194219,0.0815130427940826,0.292991131079456,1.90625309970536,NA
"3278","Sample_3288",1.61326196862591,0.196295025977838,0,"3278","2","3278",-0.0329956887597437,0.109626400977682,0.163299337218094,1.776561305844,NA
"3279","Sample_3289",1.61326196862591,0.149078433557545,0,"3279","2","3279",0.193051989132411,0.134834548633561,0.342130422689956,1.95539239131586,NA
"3280","Sample_3290",1.61326196862591,0.196295025977838,0,"3280","2","3280",-0.0329956887597437,0.109626400977682,0.163299337218094,1.776561305844,NA
"3281","Sample_3291",1.61326196862591,0.0647587156576643,0,"3281","2","3281",0.461954180246011,0.169779496425697,0.526712895903676,2.13997486452958,NA
"3282","Sample_3292",1.61326196862591,-0.0863387990192577,0,"3282","2","3282",-0.310109587238665,0.156632411664007,-0.396448386257922,1.21681358236799,NA
"3283","Sample_3293",1.61326196862591,0.0573459376994623,0,"3283","2","3283",0.0938900767620725,0.110774841170802,0.151236014461535,1.76449798308744,NA
"3284","Sample_3294",1.61326196862591,-0.0902269386007886,0,"3284","2","3284",0.0722559093780928,0.132159778451494,-0.0179710292226958,1.59529093940321,NA
"3285","Sample_3295",1.61326196862591,-0.0902269386007886,0,"3285","2","3285",0.0722559093780928,0.132159778451494,-0.0179710292226958,1.59529093940321,NA
"3286","Sample_3296",1.61326196862591,0.196295025977838,0,"3286","2","3286",-0.0329956887597437,0.109626400977682,0.163299337218094,1.776561305844,NA
"3287","Sample_3297",1.61326196862591,-0.131382253624342,0,"3287","2","3287",-0.242696639856642,0.105902509948532,-0.374078893480984,1.23918307514492,NA
"3288","Sample_3298",1.61326196862591,0.0368224904403255,0,"3288","2","3288",0.113053330648722,0.101484984917003,0.149875821089047,1.76313778971495,NA
"3289","Sample_3299",1.61326196862591,-0.178598846044634,0,"3289","2","3289",-0.0166489619644992,0.131110657604416,-0.195247808009134,1.41801416061677,NA
"3290","Sample_3300",1.61326196862591,-0.209588947475129,0,"3290","2","3290",0.0851033580269817,0.125411258414718,-0.124485589448147,1.48877637917776,NA
"3291","Sample_3301",1.61326196862591,-0.033285895657162,0,"3291","2","3291",0.409577787143145,0.155855611603553,0.376291891485983,1.98955386011189,NA
"3292","Sample_3302",1.61326196862591,-0.360963175259341,0,"3292","2","3292",0.19987683604625,0.152131720574411,-0.161086339213092,1.45217562941282,NA
"3293","Sample_3303",1.61326196862591,0.307558727098878,0,"3293","2","3293",-0.0145675960194219,0.0815130427940826,0.292991131079456,1.90625309970536,NA
"3294","Sample_3304",1.61326196862591,-0.256805539895422,0,"3294","2","3294",0.311151035919137,0.150619406070602,0.0543454960237149,1.66760746464962,NA
"3295","Sample_3305",1.61326196862591,-0.360963175259341,0,"3295","2","3295",0.19987683604625,0.152131720574411,-0.161086339213092,1.45217562941282,NA
"3296","Sample_3306",1.61326196862591,-0.178598846044634,0,"3296","2","3296",-0.0166489619644992,0.131110657604416,-0.195247808009134,1.41801416061677,NA
"3297","Sample_3307",1.61326196862591,-0.313746582839048,0,"3297","2","3297",-0.0261708418459169,0.126923572918526,-0.339917424684965,1.27334454394094,NA
"3298","Sample_3308",1.61326196862591,0.0368224904403255,0,"3298","2","3298",0.113053330648722,0.101484984917003,0.149875821089047,1.76313778971495,NA
"3299","Sample_3309",1.61326196862591,-0.360963175259341,0,"3299","2","3299",0.19987683604625,0.152131720574411,-0.161086339213092,1.45217562941282,NA
"3300","Sample_3310",1.61326196862591,0.0368224904403255,0,"3300","2","3300",0.113053330648722,0.101484984917003,0.149875821089047,1.76313778971495,NA
"3301","Sample_3311",1.61326196862591,-0.033285895657162,0,"3301","2","3301",0.409577787143145,0.155855611603553,0.376291891485983,1.98955386011189,NA
"3302","Sample_3312",1.61326196862591,-0.360963175259341,0,"3302","2","3302",0.19987683604625,0.152131720574411,-0.161086339213092,1.45217562941282,NA
"3303","Sample_3313",1.61326196862591,0.196295025977838,0,"3303","2","3303",-0.0329956887597437,0.109626400977682,0.163299337218094,1.776561305844,NA
"3304","Sample_3314",1.61326196862591,0.021036762520252,0,"3304","2","3304",0.0906840021184319,0.10404642026788,0.111720764638684,1.72498273326459,NA
"3305","Sample_3315",1.61326196862591,0.203401091734959,0,"3305","2","3305",-0.125841795892313,0.0830253572978851,0.0775592958426455,1.69082126446855,NA
"3306","Sample_3316",1.61326196862591,-0.0272246182604222,0,"3306","2","3306",-0.13142243998376,0.104390195444723,-0.158647058244182,1.45461491038173,NA
"3307","Sample_3317",1.61326196862591,-0.202482881718008,0,"3307","2","3307",-0.00774274910558918,0.0988102147349242,-0.210225630823597,1.40303633780231,NA
"3308","Sample_3318",1.61326196862591,-0.074441210680715,0,"3308","2","3308",0.0946252379084117,0.129598343100607,0.0201840272276966,1.6334459958536,NA
"3309","Sample_3319",1.61326196862591,0.0779778054638785,0,"3309","2","3309",0.428005879883476,0.127742253419951,0.505983685347355,2.11924565397326,NA
"3310","Sample_3320",1.61326196862591,0.0368224904403255,0,"3310","2","3310",0.113053330648722,0.101484984917003,0.149875821089047,1.76313778971495,NA
"3311","Sample_3321",1.61326196862591,-0.256805539895422,0,"3311","2","3311",0.311151035919137,0.150619406070602,0.0543454960237149,1.66760746464962,NA
"3312","Sample_3322",1.61326196862591,-0.137443531021081,0,"3312","2","3312",0.298303587270257,0.157367926107355,0.160860056249175,1.77412202487508,NA
"3313","Sample_3323",1.61326196862591,-0.360963175259341,0,"3313","2","3313",0.19987683604625,0.152131720574411,-0.161086339213092,1.45217562941282,NA
"3314","Sample_3324",1.61326196862591,0.021036762520252,0,"3314","2","3314",0.0906840021184319,0.10404642026788,0.111720764638684,1.72498273326459,NA
"3315","Sample_3325",1.61326196862591,0.0779778054638785,0,"3315","2","3315",0.428005879883476,0.127742253419951,0.505983685347355,2.11924565397326,NA
"3316","Sample_3326",1.61326196862591,-0.137443531021081,0,"3316","2","3316",0.298303587270257,0.157367926107355,0.160860056249175,1.77412202487508,NA
"3317","Sample_3327",1.61326196862591,-0.256805539895422,0,"3317","2","3317",0.311151035919137,0.150619406070602,0.0543454960237149,1.66760746464962,NA
"3318","Sample_3328",1.61326196862591,-0.0272246182604222,0,"3318","2","3318",-0.13142243998376,0.104390195444723,-0.158647058244182,1.45461491038173,NA
"3319","Sample_3329",1.61326196862591,-0.256805539895422,0,"3319","2","3319",0.311151035919137,0.150619406070602,0.0543454960237149,1.66760746464962,NA
"3320","Sample_3330",1.61326196862591,-0.0983252463540884,0,"3320","2","3320",0.103531450767297,0.0972979002311195,0.00520620441320896,1.61846817303912,NA
"3321","Sample_3331",1.61326196862591,0.149078433557545,0,"3321","2","3321",0.193051989132411,0.134834548633561,0.342130422689956,1.95539239131586,NA
"3322","Sample_3332",1.61326196862591,0.0921373906139183,0,"3322","2","3322",-0.144269888632639,0.111138715481489,-0.0521324980187203,1.56112947060719,NA
"3323","Sample_3333",1.61326196862591,-0.202482881718008,0,"3323","2","3323",-0.00774274910558918,0.0988102147349242,-0.210225630823597,1.40303633780231,NA
"3324","Sample_3334",1.61326196862591,0.0449207981936254,0,"3324","2","3324",0.081777789259528,0.136346863137367,0.126698587453153,1.73996055607906,NA
"3325","Sample_3335",1.61326196862591,-0.131382253624342,0,"3325","2","3325",-0.242696639856642,0.105902509948532,-0.374078893480984,1.23918307514492,NA
"3326","Sample_3336",1.61326196862591,0.0921373906139183,0,"3326","2","3326",-0.144269888632639,0.111138715481489,-0.0521324980187203,1.56112947060719,NA
"3327","Sample_3337",1.61326196862591,0.0368224904403255,0,"3327","2","3327",0.113053330648722,0.101484984917003,0.149875821089047,1.76313778971495,NA
"3328","Sample_3338",1.61326196862591,0.0840390828606184,0,"3328","2","3328",-0.112994347243435,0.0762768372611278,-0.0289552643828161,1.58430670424309,NA
"3329","Sample_3339",1.61326196862591,-0.033285895657162,0,"3329","2","3329",0.409577787143145,0.155855611603553,0.376291891485983,1.98955386011189,NA
"3330","Sample_3340",1.61326196862591,-0.360963175259341,0,"3330","2","3330",0.19987683604625,0.152131720574411,-0.161086339213092,1.45217562941282,NA
"3331","Sample_3341",1.61326196862591,-0.0902269386007886,0,"3331","2","3331",0.0722559093780928,0.132159778451494,-0.0179710292226958,1.59529093940321,NA
"3332","Sample_3342",1.61326196862591,-0.256805539895422,0,"3332","2","3332",0.311151035919137,0.150619406070602,0.0543454960237149,1.66760746464962,NA
"3333","Sample_3343",1.61326196862591,-0.0673351449235939,0,"3333","2","3333",0.00177913077582782,0.102997299420821,-0.0655560141477661,1.54770595447814,NA
"3334","Sample_3344",1.61326196862591,-0.0261798299000409,0,"3334","2","3334",0.316731680010574,0.129254567923758,0.290551850110533,1.90381381873644,NA
"3335","Sample_3345",1.61326196862591,0.149078433557545,0,"3335","2","3335",0.193051989132411,0.134834548633561,0.342130422689956,1.95539239131586,NA
"3336","Sample_3346",1.61326196862591,0.0449207981936254,0,"3336","2","3336",0.081777789259528,0.136346863137367,0.126698587453153,1.73996055607906,NA
"3337","Sample_3347",1.61326196862591,0.0840390828606184,0,"3337","2","3337",-0.112994347243435,0.0762768372611278,-0.0289552643828161,1.58430670424309,NA
"3338","Sample_3348",1.61326196862591,-0.0272246182604222,0,"3338","2","3338",-0.13142243998376,0.104390195444723,-0.158647058244182,1.45461491038173,NA
"3339","Sample_3349",1.61326196862591,-0.074441210680715,0,"3339","2","3339",0.0946252379084117,0.129598343100607,0.0201840272276966,1.6334459958536,NA
"3340","Sample_3350",1.61326196862591,-0.249699474138301,0,"3340","2","3340",0.218304928786561,0.124018362390805,-0.03139454535174,1.58186742327417,NA
"3341","Sample_3351",1.61326196862591,-0.131382253624342,0,"3341","2","3341",-0.242696639856642,0.105902509948532,-0.374078893480984,1.23918307514492,NA
"3342","Sample_3352",1.61326196862591,-0.0902269386007886,0,"3342","2","3342",0.0722559093780928,0.132159778451494,-0.0179710292226958,1.59529093940321,NA
"3343","Sample_3353",1.61326196862591,-0.033285895657162,0,"3343","2","3343",0.409577787143145,0.155855611603553,0.376291891485983,1.98955386011189,NA
"3344","Sample_3354",1.61326196862591,-0.020118552503301,0,"3344","2","3344",-0.224268547116318,0.077789151764933,-0.244387099619619,1.36887486900629,NA
"3345","Sample_3355",1.61326196862591,-0.0902269386007886,0,"3345","2","3345",0.0722559093780928,0.132159778451494,-0.0179710292226958,1.59529093940321,NA
"3346","Sample_3356",1.61326196862591,0.0840390828606184,0,"3346","2","3346",-0.112994347243435,0.0762768372611278,-0.0289552643828161,1.58430670424309,NA
"3347","Sample_3357",1.61326196862591,0.125194397884171,0,"3347","2","3347",0.201958201991315,0.102534105764073,0.327152599875487,1.94041456850139,NA
"3348","Sample_3358",1.61326196862591,-0.209588947475129,0,"3348","2","3348",0.0851033580269817,0.125411258414718,-0.124485589448147,1.48877637917776,NA
"3349","Sample_3359",1.61326196862591,0.196295025977838,0,"3349","2","3349",-0.0329956887597437,0.109626400977682,0.163299337218094,1.776561305844,NA
"3350","Sample_3360",1.61326196862591,0.125194397884171,0,"3350","2","3350",0.201958201991315,0.102534105764073,0.327152599875487,1.94041456850139,NA
"3351","Sample_3361",1.61326196862591,-0.074441210680715,0,"3351","2","3351",0.0946252379084117,0.129598343100607,0.0201840272276966,1.6334459958536,NA
"3352","Sample_3362",1.61326196862591,0.0921373906139183,0,"3352","2","3352",-0.144269888632639,0.111138715481489,-0.0521324980187203,1.56112947060719,NA
"3353","Sample_3363",1.61326196862591,0.203401091734959,0,"3353","2","3353",-0.125841795892313,0.0830253572978851,0.0775592958426455,1.69082126446855,NA
"3354","Sample_3364",1.61326196862591,0.203401091734959,0,"3354","2","3354",-0.125841795892313,0.0830253572978851,0.0775592958426455,1.69082126446855,NA
"3355","Sample_3365",1.61326196862591,0.149078433557545,0,"3355","2","3355",0.193051989132411,0.134834548633561,0.342130422689956,1.95539239131586,NA
"3356","Sample_3366",1.61326196862591,-0.137443531021081,0,"3356","2","3356",0.298303587270257,0.157367926107355,0.160860056249175,1.77412202487508,NA
"3357","Sample_3367",1.61326196862591,0.156184499314666,0,"3357","2","3357",0.100205881999841,0.108233504953768,0.256390381314507,1.86965234994041,NA
"3358","Sample_3368",1.61326196862591,-0.209588947475129,0,"3358","2","3358",0.0851033580269817,0.125411258414718,-0.124485589448147,1.48877637917776,NA
"3359","Sample_3369",1.61326196862591,0.021036762520252,0,"3359","2","3359",0.0906840021184319,0.10404642026788,0.111720764638684,1.72498273326459,NA
"3360","Sample_3370",1.61326196862591,0.149078433557545,0,"3360","2","3360",0.193051989132411,0.134834548633561,0.342130422689956,1.95539239131586,NA
"3361","Sample_3371",1.61326196862591,-0.209588947475129,0,"3361","2","3361",0.0851033580269817,0.125411258414718,-0.124485589448147,1.48877637917776,NA
"3362","Sample_3372",1.61326196862591,-0.131382253624342,0,"3362","2","3362",-0.242696639856642,0.105902509948532,-0.374078893480984,1.23918307514492,NA
"3363","Sample_3373",1.61326196862591,0.0139306967631309,0,"3363","2","3363",0.183530109250991,0.130647463947673,0.197460806014122,1.81072277464003,NA
"3364","Sample_3374",1.61326196862591,0.0139306967631309,0,"3364","2","3364",0.183530109250991,0.130647463947673,0.197460806014122,1.81072277464003,NA
"3365","Sample_3375",1.61326196862591,-0.131382253624342,0,"3365","2","3365",-0.242696639856642,0.105902509948532,-0.374078893480984,1.23918307514492,NA
"3366","Sample_3376",1.61326196862591,0.125194397884171,0,"3366","2","3366",0.201958201991315,0.102534105764073,0.327152599875487,1.94041456850139,NA
"3367","Sample_3377",1.61326196862591,-0.0272246182604222,0,"3367","2","3367",-0.13142243998376,0.104390195444723,-0.158647058244182,1.45461491038173,NA
"3368","Sample_3378",1.61326196862591,-0.178598846044634,0,"3368","2","3368",-0.0166489619644992,0.131110657604416,-0.195247808009134,1.41801416061677,NA
"3369","Sample_3379",1.61326196862591,0.0139306967631309,0,"3369","2","3369",0.183530109250991,0.130647463947673,0.197460806014122,1.81072277464003,NA
"3370","Sample_3380",1.61326196862591,-0.0272246182604222,0,"3370","2","3370",-0.13142243998376,0.104390195444723,-0.158647058244182,1.45461491038173,NA
"3371","Sample_3381",1.61326196862591,-0.137443531021081,0,"3371","2","3371",0.298303587270257,0.157367926107355,0.160860056249175,1.77412202487508,NA
"3372","Sample_3382",1.61326196862591,-0.0673351449235939,0,"3372","2","3372",0.00177913077582782,0.102997299420821,-0.0655560141477661,1.54770595447814,NA
"3373","Sample_3383",1.61326196862591,-0.0673351449235939,0,"3373","2","3373",0.00177913077582782,0.102997299420821,-0.0655560141477661,1.54770595447814,NA
"3374","Sample_3384",1.61326196862591,-0.145541838774381,0,"3374","2","3374",0.329579128659456,0.122506047886991,0.184037289885075,1.79729925851098,NA
"3375","Sample_3385",1.61326196862591,-0.074441210680715,0,"3375","2","3375",0.0946252379084117,0.129598343100607,0.0201840272276966,1.6334459958536,NA
"3376","Sample_3386",1.61326196862591,-0.178598846044634,0,"3376","2","3376",-0.0166489619644992,0.131110657604416,-0.195247808009134,1.41801416061677,NA
"3377","Sample_3387",1.61326196862591,0.0449207981936254,0,"3377","2","3377",0.081777789259528,0.136346863137367,0.126698587453153,1.73996055607906,NA
"3378","Sample_3388",1.61326196862591,-0.130784663822553,0,"3378","2","3378",0.0263940896182917,0.124082085767596,-0.104390574204261,1.50887139442165,NA
"3379","Sample_3389",1.61326196862591,0.307558727098878,0,"3379","2","3379",-0.0145675960194219,0.0815130427940826,0.292991131079456,1.90625309970536,NA
"3380","Sample_3390",1.61326196862591,0.280865581937722,0,"3380","2","3380",0.192316827986082,0.116011046703751,0.473182409923804,2.08644437854971,NA
"3381","Sample_3391",1.61326196862591,0.307558727098878,0,"3381","2","3381",-0.0145675960194219,0.0815130427940826,0.292991131079456,1.90625309970536,NA
"3382","Sample_3392",1.61326196862591,0.307558727098878,0,"3382","2","3382",-0.0145675960194219,0.0815130427940826,0.292991131079456,1.90625309970536,NA
"3383","Sample_3393",1.61326196862591,0.307558727098878,0,"3383","2","3383",-0.0145675960194219,0.0815130427940826,0.292991131079456,1.90625309970536,NA
"3384","Sample_3394",1.61326196862591,0.307558727098878,0,"3384","2","3384",-0.0145675960194219,0.0815130427940826,0.292991131079456,1.90625309970536,NA
"3385","Sample_3395",1.61326196862591,0.307558727098878,0,"3385","2","3385",-0.0145675960194219,0.0815130427940826,0.292991131079456,1.90625309970536,NA
"3386","Sample_3396",1.61326196862591,0.307558727098878,0,"3386","2","3386",-0.0145675960194219,0.0815130427940826,0.292991131079456,1.90625309970536,NA
"3387","Sample_3397",1.61326196862591,0.307558727098878,0,"3387","2","3387",-0.0145675960194219,0.0815130427940826,0.292991131079456,1.90625309970536,NA
"3388","Sample_3398",1.61326196862591,0.307558727098878,0,"3388","2","3388",-0.0145675960194219,0.0815130427940826,0.292991131079456,1.90625309970536,NA
"3389","Sample_3399",1.61326196862591,0.280865581937722,0,"3389","2","3389",0.192316827986082,0.116011046703751,0.473182409923804,2.08644437854971,NA
"3390","Sample_3400",1.61326196862591,0.307558727098878,0,"3390","2","3390",-0.0145675960194219,0.0815130427940826,0.292991131079456,1.90625309970536,NA
"3391","Sample_3401",1.61326196862591,0.280865581937722,0,"3391","2","3391",0.192316827986082,0.116011046703751,0.473182409923804,2.08644437854971,NA
"3392","Sample_3402",1.61326196862591,0.307558727098878,0,"3392","2","3392",-0.0145675960194219,0.0815130427940826,0.292991131079456,1.90625309970536,NA
"3393","Sample_3403",1.61326196862591,0.280865581937722,0,"3393","2","3393",0.192316827986082,0.116011046703751,0.473182409923804,2.08644437854971,NA
"3394","Sample_3404",1.61326196862591,0.280865581937722,0,"3394","2","3394",0.192316827986082,0.116011046703751,0.473182409923804,2.08644437854971,NA
"3395","Sample_3405",1.61326196862591,0.280865581937722,0,"3395","2","3395",0.192316827986082,0.116011046703751,0.473182409923804,2.08644437854971,NA
"3396","Sample_3406",1.61326196862591,0.307558727098878,0,"3396","2","3396",-0.0145675960194219,0.0815130427940826,0.292991131079456,1.90625309970536,NA
"3397","Sample_3407",1.61326196862591,0.280865581937722,0,"3397","2","3397",0.192316827986082,0.116011046703751,0.473182409923804,2.08644437854971,NA
"3398","Sample_3408",1.61326196862591,0.307558727098878,0,"3398","2","3398",-0.0145675960194219,0.0815130427940826,0.292991131079456,1.90625309970536,NA
"3399","Sample_3409",1.61326196862591,0.307558727098878,0,"3399","2","3399",-0.0145675960194219,0.0815130427940826,0.292991131079456,1.90625309970536,NA
"3400","Sample_3410",1.61326196862591,0.307558727098878,0,"3400","2","3400",-0.0145675960194219,0.0815130427940826,0.292991131079456,1.90625309970536,NA
"3401","Sample_3411",1.61326196862591,0.307558727098878,0,"3401","2","3401",-0.0145675960194219,0.0815130427940826,0.292991131079456,1.90625309970536,NA
"3402","Sample_3412",1.61326196862591,0.307558727098878,0,"3402","2","3402",-0.0145675960194219,0.0815130427940826,0.292991131079456,1.90625309970536,NA
"3403","Sample_3413",1.61326196862591,0.307558727098878,0,"3403","2","3403",-0.0145675960194219,0.0815130427940826,0.292991131079456,1.90625309970536,NA
"3404","Sample_3414",1.61326196862591,0.280865581937722,0,"3404","2","3404",0.192316827986082,0.116011046703751,0.473182409923804,2.08644437854971,NA
"3405","Sample_3415",1.61326196862591,0.280865581937722,0,"3405","2","3405",0.192316827986082,0.116011046703751,0.473182409923804,2.08644437854971,NA
"3406","Sample_3416",1.61326196862591,0.280865581937722,0,"3406","2","3406",0.192316827986082,0.116011046703751,0.473182409923804,2.08644437854971,NA
"3407","Sample_3417",1.61326196862591,0.280865581937722,0,"3407","2","3407",0.192316827986082,0.116011046703751,0.473182409923804,2.08644437854971,NA
"3408","Sample_3418",1.61326196862591,0.307558727098878,0,"3408","2","3408",-0.0145675960194219,0.0815130427940826,0.292991131079456,1.90625309970536,NA
"3409","Sample_3419",1.61326196862591,0.280865581937722,0,"3409","2","3409",0.192316827986082,0.116011046703751,0.473182409923804,2.08644437854971,NA
"3410","Sample_3420",1.61326196862591,0.280865581937722,0,"3410","2","3410",0.192316827986082,0.116011046703751,0.473182409923804,2.08644437854971,NA
"3411","Sample_3421",1.61326196862591,0.280865581937722,0,"3411","2","3411",0.192316827986082,0.116011046703751,0.473182409923804,2.08644437854971,NA
"3412","Sample_3422",1.61326196862591,0.307558727098878,0,"3412","2","3412",-0.0145675960194219,0.0815130427940826,0.292991131079456,1.90625309970536,NA
"3413","Sample_3423",1.61326196862591,0.307558727098878,0,"3413","2","3413",-0.0145675960194219,0.0815130427940826,0.292991131079456,1.90625309970536,NA
"3414","Sample_3424",1.61326196862591,0.280865581937722,0,"3414","2","3414",0.192316827986082,0.116011046703751,0.473182409923804,2.08644437854971,NA
"3415","Sample_3425",1.61326196862591,0.280865581937722,0,"3415","2","3415",0.192316827986082,0.116011046703751,0.473182409923804,2.08644437854971,NA
"3416","Sample_3426",1.61326196862591,0.280865581937722,0,"3416","2","3416",0.192316827986082,0.116011046703751,0.473182409923804,2.08644437854971,NA
"3417","Sample_3427",1.61326196862591,0.307558727098878,0,"3417","2","3417",-0.0145675960194219,0.0815130427940826,0.292991131079456,1.90625309970536,NA
"3418","Sample_3428",1.61326196862591,0.307558727098878,0,"3418","2","3418",-0.0145675960194219,0.0815130427940826,0.292991131079456,1.90625309970536,NA
"3419","Sample_3429",1.61326196862591,0.307558727098878,0,"3419","2","3419",-0.0145675960194219,0.0815130427940826,0.292991131079456,1.90625309970536,NA
"3420","Sample_3430",1.61326196862591,0.307558727098878,0,"3420","2","3420",-0.0145675960194219,0.0815130427940826,0.292991131079456,1.90625309970536,NA
"3421","Sample_3431",1.61326196862591,0.280865581937722,0,"3421","2","3421",0.192316827986082,0.116011046703751,0.473182409923804,2.08644437854971,NA
"3422","Sample_3432",1.61326196862591,0.307558727098878,0,"3422","2","3422",-0.0145675960194219,0.0815130427940826,0.292991131079456,1.90625309970536,NA
"3423","Sample_3433",1.61326196862591,0.307558727098878,0,"3423","2","3423",-0.0145675960194219,0.0815130427940826,0.292991131079456,1.90625309970536,NA
"3424","Sample_3434",1.61326196862591,0.280865581937722,0,"3424","2","3424",0.192316827986082,0.116011046703751,0.473182409923804,2.08644437854971,NA
"3425","Sample_3435",1.61326196862591,0.280865581937722,0,"3425","2","3425",0.192316827986082,0.116011046703751,0.473182409923804,2.08644437854971,NA
"3426","Sample_3436",1.61326196862591,0.280865581937722,0,"3426","2","3426",0.192316827986082,0.116011046703751,0.473182409923804,2.08644437854971,NA
"3427","Sample_3437",1.61326196862591,0.280865581937722,0,"3427","2","3427",0.192316827986082,0.116011046703751,0.473182409923804,2.08644437854971,NA
"3428","Sample_3438",1.61326196862591,0.280865581937722,0,"3428","2","3428",0.192316827986082,0.116011046703751,0.473182409923804,2.08644437854971,NA
"3429","Sample_3439",1.61326196862591,0.280865581937722,0,"3429","2","3429",0.192316827986082,0.116011046703751,0.473182409923804,2.08644437854971,NA
"3430","Sample_3440",1.61326196862591,0.280865581937722,0,"3430","2","3430",0.192316827986082,0.116011046703751,0.473182409923804,2.08644437854971,NA
"3431","Sample_3441",1.61326196862591,0.307558727098878,0,"3431","2","3431",-0.0145675960194219,0.0815130427940826,0.292991131079456,1.90625309970536,NA
"3432","Sample_3442",1.61326196862591,0.280865581937722,0,"3432","2","3432",0.192316827986082,0.116011046703751,0.473182409923804,2.08644437854971,NA
"3433","Sample_3443",1.61326196862591,0.280865581937722,0,"3433","2","3433",0.192316827986082,0.116011046703751,0.473182409923804,2.08644437854971,NA
"3434","Sample_3444",1.61326196862591,0.307558727098878,0,"3434","2","3434",-0.0145675960194219,0.0815130427940826,0.292991131079456,1.90625309970536,NA
"3435","Sample_3445",1.61326196862591,0.307558727098878,0,"3435","2","3435",-0.0145675960194219,0.0815130427940826,0.292991131079456,1.90625309970536,NA
"3436","Sample_3446",1.61326196862591,0.307558727098878,0,"3436","2","3436",-0.0145675960194219,0.0815130427940826,0.292991131079456,1.90625309970536,NA
"3437","Sample_3447",1.61326196862591,0.280865581937722,0,"3437","2","3437",0.192316827986082,0.116011046703751,0.473182409923804,2.08644437854971,NA
"3438","Sample_3448",1.61326196862591,0.307558727098878,0,"3438","2","3438",-0.0145675960194219,0.0815130427940826,0.292991131079456,1.90625309970536,NA
"3439","Sample_3449",1.61326196862591,0.280865581937722,0,"3439","2","3439",0.192316827986082,0.116011046703751,0.473182409923804,2.08644437854971,NA
"3440","Sample_3450",1.61326196862591,0.307558727098878,0,"3440","2","3440",-0.0145675960194219,0.0815130427940826,0.292991131079456,1.90625309970536,NA
"3441","Sample_3451",1.61326196862591,0.307558727098878,0,"3441","2","3441",-0.0145675960194219,0.0815130427940826,0.292991131079456,1.90625309970536,NA
"3442","Sample_3452",1.61326196862591,0.280865581937722,0,"3442","2","3442",0.192316827986082,0.116011046703751,0.473182409923804,2.08644437854971,NA
"3443","Sample_3453",1.61326196862591,0.307558727098878,0,"3443","2","3443",-0.0145675960194219,0.0815130427940826,0.292991131079456,1.90625309970536,NA
"3444","Sample_3454",1.61326196862591,0.280865581937722,0,"3444","2","3444",0.192316827986082,0.116011046703751,0.473182409923804,2.08644437854971,NA
"3445","Sample_3455",1.61326196862591,0.307558727098878,0,"3445","2","3445",-0.0145675960194219,0.0815130427940826,0.292991131079456,1.90625309970536,NA
"3446","Sample_3456",1.61326196862591,0.307558727098878,0,"3446","2","3446",-0.0145675960194219,0.0815130427940826,0.292991131079456,1.90625309970536,NA
"3447","Sample_3457",1.61326196862591,0.280865581937722,0,"3447","2","3447",0.192316827986082,0.116011046703751,0.473182409923804,2.08644437854971,NA
"3448","Sample_3458",1.61326196862591,0.280865581937722,0,"3448","2","3448",0.192316827986082,0.116011046703751,0.473182409923804,2.08644437854971,NA
"3449","Sample_3459",1.61326196862591,0.307558727098878,0,"3449","2","3449",-0.0145675960194219,0.0815130427940826,0.292991131079456,1.90625309970536,NA
"3450","Sample_3460",1.61326196862591,0.307558727098878,0,"3450","2","3450",-0.0145675960194219,0.0815130427940826,0.292991131079456,1.90625309970536,NA
"3451","Sample_3461",1.61326196862591,0.280865581937722,0,"3451","2","3451",0.192316827986082,0.116011046703751,0.473182409923804,2.08644437854971,NA
"3452","Sample_3462",1.61326196862591,0.307558727098878,0,"3452","2","3452",-0.0145675960194219,0.0815130427940826,0.292991131079456,1.90625309970536,NA
"3453","Sample_3463",1.61326196862591,0.280865581937722,0,"3453","2","3453",0.192316827986082,0.116011046703751,0.473182409923804,2.08644437854971,NA
"3454","Sample_3464",1.61326196862591,0.280865581937722,0,"3454","2","3454",0.192316827986082,0.116011046703751,0.473182409923804,2.08644437854971,NA
"3455","Sample_3465",1.61326196862591,0.307558727098878,0,"3455","2","3455",-0.0145675960194219,0.0815130427940826,0.292991131079456,1.90625309970536,NA
"3456","Sample_3466",1.61326196862591,0.307558727098878,0,"3456","2","3456",-0.0145675960194219,0.0815130427940826,0.292991131079456,1.90625309970536,NA
"3457","Sample_3467",1.61326196862591,0.307558727098878,0,"3457","2","3457",-0.0145675960194219,0.0815130427940826,0.292991131079456,1.90625309970536,NA
"3458","Sample_3468",1.61326196862591,0.307558727098878,0,"3458","2","3458",-0.0145675960194219,0.0815130427940826,0.292991131079456,1.90625309970536,NA
"3459","Sample_3469",1.61326196862591,0.280865581937722,0,"3459","2","3459",0.192316827986082,0.116011046703751,0.473182409923804,2.08644437854971,NA
"3460","Sample_3470",1.61326196862591,0.280865581937722,0,"3460","2","3460",0.192316827986082,0.116011046703751,0.473182409923804,2.08644437854971,NA
"3461","Sample_3471",1.61326196862591,0.280865581937722,0,"3461","2","3461",0.192316827986082,0.116011046703751,0.473182409923804,2.08644437854971,NA
"3462","Sample_3472",1.61326196862591,0.307558727098878,0,"3462","2","3462",-0.0145675960194219,0.0815130427940826,0.292991131079456,1.90625309970536,NA
"3463","Sample_3473",1.61326196862591,-0.249699474138301,0,"3463","2","3463",0.218304928786561,0.124018362390805,-0.03139454535174,1.58186742327417,NA
"3464","Sample_3474",1.61326196862591,-0.0525779699717652,0,"3464","2","3464",-0.301405908265329,0.104573337301407,-0.353983878237094,1.25927809038881,NA
"3465","Sample_3475",1.61326196862591,0.0840390828606184,0,"3465","2","3465",-0.112994347243435,0.0762768372611278,-0.0289552643828161,1.58430670424309,NA
"3466","Sample_3476",1.61326196862591,-0.0997945623920581,0,"3466","2","3466",-0.0753582303731781,0.129781484957289,-0.175152792765236,1.43810917586067,NA
"3467","Sample_3477",1.61326196862591,-0.0983252463540884,0,"3467","2","3467",0.103531450767297,0.0972979002311195,0.00520620441320896,1.61846817303912,NA
"3468","Sample_3478",1.61326196862591,0.260342134678585,0,"3468","2","3468",0.211480081872726,0.106721190449964,0.471822216551312,2.08508418517722,NA
"3469","Sample_3479",1.61326196862591,-0.282158891606765,0,"3469","2","3469",0.141167567637576,0.150802547927273,-0.140991323969189,1.47227064465672,NA
"3470","Sample_3480",1.61326196862591,0.307558727098878,0,"3470","2","3470",-0.0145675960194219,0.0815130427940826,0.292991131079456,1.90625309970536,NA
"3471","Sample_3481",1.61326196862591,-0.130784663822553,0,"3471","2","3471",0.0263940896182917,0.124082085767596,-0.104390574204261,1.50887139442165,NA
"3472","Sample_3482",1.61326196862591,-0.0586392473685051,0,"3472","2","3472",0.239594318861544,0.156038753460252,0.180955071493039,1.79421704011895,NA
"3473","Sample_3483",1.61326196862591,-0.234942299186472,0,"3473","2","3473",-0.0848801102545979,0.125594400271394,-0.31982240944107,1.29343955918484,NA
"3474","Sample_3484",1.61326196862591,0.227882717210121,0,"3474","2","3474",0.134342720723721,0.133505375986443,0.362225437933843,1.97548740655975,NA
"3475","Sample_3485",1.61326196862591,-0.0997945623920581,0,"3475","2","3475",-0.0753582303731781,0.129781484957289,-0.175152792765236,1.43810917586067,NA
"3476","Sample_3486",1.61326196862591,0.203401091734959,0,"3476","2","3476",-0.125841795892313,0.0830253572978851,0.0775592958426455,1.69082126446855,NA
"3477","Sample_3487",1.61326196862591,-0.282158891606765,0,"3477","2","3477",0.141167567637576,0.150802547927273,-0.140991323969189,1.47227064465672,NA
"3478","Sample_3488",1.61326196862591,0.00436307297186132,0,"3478","2","3478",0.0359159694997,0.128269170453477,0.0402790424715613,1.65354101109747,NA
"3479","Sample_3489",1.61326196862591,0.260342134678585,0,"3479","2","3479",0.211480081872726,0.106721190449964,0.471822216551312,2.08508418517722,NA
"3480","Sample_3490",1.61326196862591,0.0779778054638785,0,"3480","2","3480",0.428005879883476,0.127742253419951,0.505983685347355,2.11924565397326,NA
"3481","Sample_3491",1.61326196862591,-0.0261798299000409,0,"3481","2","3481",0.316731680010574,0.129254567923758,0.290551850110533,1.90381381873644,NA
"3482","Sample_3492",1.61326196862591,-0.0997945623920581,0,"3482","2","3482",-0.0753582303731781,0.129781484957289,-0.175152792765236,1.43810917586067,NA
"3483","Sample_3493",1.61326196862591,-0.249699474138301,0,"3483","2","3483",0.218304928786561,0.124018362390805,-0.03139454535174,1.58186742327417,NA
"3484","Sample_3494",1.61326196862591,-0.0586392473685051,0,"3484","2","3484",0.239594318861544,0.156038753460252,0.180955071493039,1.79421704011895,NA
"3485","Sample_3495",1.61326196862591,0.00436307297186132,0,"3485","2","3485",0.0359159694997,0.128269170453477,0.0402790424715613,1.65354101109747,NA
"3486","Sample_3496",1.61326196862591,-0.249699474138301,0,"3486","2","3486",0.218304928786561,0.124018362390805,-0.03139454535174,1.58186742327417,NA
"3487","Sample_3497",1.61326196862591,0.0779778054638785,0,"3487","2","3487",0.428005879883476,0.127742253419951,0.505983685347355,2.11924565397326,NA
"3488","Sample_3498",1.61326196862591,0.0515796653921542,0,"3488","2","3488",-0.190131708392453,0.103061022797609,-0.138552043000299,1.47470992562561,NA
"3489","Sample_3499",1.61326196862591,0.0840390828606184,0,"3489","2","3489",-0.112994347243435,0.0762768372611278,-0.0289552643828161,1.58430670424309,NA
"3490","Sample_3500",1.61326196862591,-0.178001256242846,0,"3490","2","3490",0.252441767510453,0.14929023342347,0.074440511267607,1.68770247989351,NA
"3491","Sample_3501",1.61326196862591,0.125194397884171,0,"3491","2","3491",0.201958201991315,0.102534105764073,0.327152599875487,1.94041456850139,NA
"3492","Sample_3502",1.61326196862591,0.0455183879954144,0,"3492","2","3492",0.350868518734439,0.154526438956433,0.396386906729853,2.00964887535576,NA
"3493","Sample_3503",1.61326196862591,-0.249699474138301,0,"3493","2","3493",0.218304928786561,0.124018362390805,-0.03139454535174,1.58186742327417,NA
"3494","Sample_3504",1.61326196862591,-0.0983252463540884,0,"3494","2","3494",0.103531450767297,0.0972979002311195,0.00520620441320896,1.61846817303912,NA
"3495","Sample_3505",1.61326196862591,-0.0525779699717652,0,"3495","2","3495",-0.301405908265329,0.104573337301407,-0.353983878237094,1.25927809038881,NA
"3496","Sample_3506",1.61326196862591,0.0927349804157073,0,"3496","2","3496",0.124820840842307,0.129318291300544,0.217555821258015,1.83081778988392,NA
"3497","Sample_3507",1.61326196862591,0.156184499314666,0,"3497","2","3497",0.100205881999841,0.108233504953768,0.256390381314507,1.86965234994041,NA
"3498","Sample_3508",1.61326196862591,0.0368224904403255,0,"3498","2","3498",0.113053330648722,0.101484984917003,0.149875821089047,1.76313778971495,NA
"3499","Sample_3509",1.61326196862591,0.203401091734959,0,"3499","2","3499",-0.125841795892313,0.0830253572978851,0.0775592958426455,1.69082126446855,NA
"3500","Sample_3510",1.61326196862591,0.00436307297186132,0,"3500","2","3500",0.0359159694997,0.128269170453477,0.0402790424715613,1.65354101109747,NA
"3501","Sample_3511",1.61326196862591,0.227882717210121,0,"3501","2","3501",0.134342720723721,0.133505375986443,0.362225437933843,1.97548740655975,NA
"3502","Sample_3512",1.61326196862591,0.0927349804157073,0,"3502","2","3502",0.124820840842307,0.129318291300544,0.217555821258015,1.83081778988392,NA
"3503","Sample_3513",1.61326196862591,0.0779778054638785,0,"3503","2","3503",0.428005879883476,0.127742253419951,0.505983685347355,2.11924565397326,NA
"3504","Sample_3514",1.61326196862591,0.0840390828606184,0,"3504","2","3504",-0.112994347243435,0.0762768372611278,-0.0289552643828161,1.58430670424309,NA
"3505","Sample_3515",1.61326196862591,0.0515796653921542,0,"3505","2","3505",-0.190131708392453,0.103061022797609,-0.138552043000299,1.47470992562561,NA
"3506","Sample_3516",1.61326196862591,0.156184499314666,0,"3506","2","3506",0.100205881999841,0.108233504953768,0.256390381314507,1.86965234994041,NA
"3507","Sample_3517",1.61326196862591,-0.0983252463540884,0,"3507","2","3507",0.103531450767297,0.0972979002311195,0.00520620441320896,1.61846817303912,NA
"3508","Sample_3518",1.61326196862591,0.260342134678585,0,"3508","2","3508",0.211480081872726,0.106721190449964,0.471822216551312,2.08508418517722,NA
"3509","Sample_3519",1.61326196862591,-0.282158891606765,0,"3509","2","3509",0.141167567637576,0.150802547927273,-0.140991323969189,1.47227064465672,NA
"3510","Sample_3520",1.61326196862591,0.123725081846202,0,"3510","2","3510",0.0230685208508274,0.13501769049024,0.146793602697029,1.76005557132294,NA
"3511","Sample_3521",1.61326196862591,-0.0586392473685051,0,"3511","2","3511",0.239594318861544,0.156038753460252,0.180955071493039,1.79421704011895,NA
"3512","Sample_3522",1.61326196862591,-0.202482881718008,0,"3512","2","3512",-0.00774274910558918,0.0988102147349242,-0.210225630823597,1.40303633780231,NA
"3513","Sample_3523",1.61326196862591,0.0927349804157073,0,"3513","2","3513",0.124820840842307,0.129318291300544,0.217555821258015,1.83081778988392,NA
"3514","Sample_3524",1.61326196862591,0.0368224904403255,0,"3514","2","3514",0.113053330648722,0.101484984917003,0.149875821089047,1.76313778971495,NA
"3515","Sample_3525",1.61326196862591,-0.020118552503301,0,"3515","2","3515",-0.224268547116318,0.077789151764933,-0.244387099619619,1.36887486900629,NA
"3516","Sample_3526",1.61326196862591,-0.130784663822553,0,"3516","2","3516",0.0263940896182917,0.124082085767596,-0.104390574204261,1.50887139442165,NA
"3517","Sample_3527",1.61326196862591,0.203401091734959,0,"3517","2","3517",-0.125841795892313,0.0830253572978851,0.0775592958426455,1.69082126446855,NA
"3518","Sample_3528",1.61326196862591,-0.0525779699717652,0,"3518","2","3518",-0.301405908265329,0.104573337301407,-0.353983878237094,1.25927809038881,NA
"3519","Sample_3529",1.61326196862591,-0.282158891606765,0,"3519","2","3519",0.141167567637576,0.150802547927273,-0.140991323969189,1.47227064465672,NA
"3520","Sample_3530",1.61326196862591,-0.0997945623920581,0,"3520","2","3520",-0.0753582303731781,0.129781484957289,-0.175152792765236,1.43810917586067,NA
"3521","Sample_3531",1.61326196862591,0.123725081846202,0,"3521","2","3521",0.0230685208508274,0.13501769049024,0.146793602697029,1.76005557132294,NA
"3522","Sample_3532",1.61326196862591,0.0455183879954144,0,"3522","2","3522",0.350868518734439,0.154526438956433,0.396386906729853,2.00964887535576,NA
"3523","Sample_3533",1.61326196862591,-0.130784663822553,0,"3523","2","3523",0.0263940896182917,0.124082085767596,-0.104390574204261,1.50887139442165,NA
"3524","Sample_3534",1.61326196862591,0.203401091734959,0,"3524","2","3524",-0.125841795892313,0.0830253572978851,0.0775592958426455,1.69082126446855,NA
"3525","Sample_3535",1.61326196862591,-0.0997945623920581,0,"3525","2","3525",-0.0753582303731781,0.129781484957289,-0.175152792765236,1.43810917586067,NA
"3526","Sample_3536",1.61326196862591,0.156184499314666,0,"3526","2","3526",0.100205881999841,0.108233504953768,0.256390381314507,1.86965234994041,NA
"3527","Sample_3537",1.61326196862591,-0.0983252463540884,0,"3527","2","3527",0.103531450767297,0.0972979002311195,0.00520620441320896,1.61846817303912,NA
"3528","Sample_3538",1.61326196862591,0.125194397884171,0,"3528","2","3528",0.201958201991315,0.102534105764073,0.327152599875487,1.94041456850139,NA
"3529","Sample_3539",1.61326196862591,-0.202482881718008,0,"3529","2","3529",-0.00774274910558918,0.0988102147349242,-0.210225630823597,1.40303633780231,NA
"3530","Sample_3540",1.61326196862591,0.156184499314666,0,"3530","2","3530",0.100205881999841,0.108233504953768,0.256390381314507,1.86965234994041,NA
"3531","Sample_3541",1.61326196862591,-0.0673351449235939,0,"3531","2","3531",0.00177913077582782,0.102997299420821,-0.0655560141477661,1.54770595447814,NA
"3532","Sample_3542",1.61326196862591,-0.0673351449235939,0,"3532","2","3532",0.00177913077582782,0.102997299420821,-0.0655560141477661,1.54770595447814,NA
"3533","Sample_3543",1.61326196862591,-0.202482881718008,0,"3533","2","3533",-0.00774274910558918,0.0988102147349242,-0.210225630823597,1.40303633780231,NA
"3534","Sample_3544",1.61326196862591,-0.0114226549482122,0,"3534","2","3534",0.0135466409694012,0.130830605804354,0.002123986021189,1.6153859546471,NA
"3535","Sample_3545",1.61326196862591,-0.0114226549482122,0,"3535","2","3535",0.0135466409694012,0.130830605804354,0.002123986021189,1.6153859546471,NA
"3536","Sample_3546",1.61326196862591,-0.0983252463540884,0,"3536","2","3536",0.103531450767297,0.0972979002311195,0.00520620441320896,1.61846817303912,NA
"3537","Sample_3547",1.61326196862591,-0.202482881718008,0,"3537","2","3537",-0.00774274910558918,0.0988102147349242,-0.210225630823597,1.40303633780231,NA
"3538","Sample_3548",1.61326196862591,0.021036762520252,0,"3538","2","3538",0.0906840021184319,0.10404642026788,0.111720764638684,1.72498273326459,NA
"3539","Sample_3549",1.61326196862591,0.227882717210121,0,"3539","2","3539",0.134342720723721,0.133505375986443,0.362225437933843,1.97548740655975,NA
"3540","Sample_3550",1.61326196862591,-0.249699474138301,0,"3540","2","3540",0.218304928786561,0.124018362390805,-0.03139454535174,1.58186742327417,NA
"3541","Sample_3551",1.61326196862591,-0.249699474138301,0,"3541","2","3541",0.218304928786561,0.124018362390805,-0.03139454535174,1.58186742327417,NA
"3542","Sample_3552",1.61326196862591,0.170941674266495,0,"3542","2","3542",-0.202979157041331,0.109809542834365,-0.0320374827748364,1.58122448585107,NA
"3543","Sample_3553",1.61326196862591,0.0515796653921542,0,"3543","2","3543",-0.190131708392453,0.103061022797609,-0.138552043000299,1.47470992562561,NA
"3544","Sample_3554",1.61326196862591,0.00436307297186132,0,"3544","2","3544",0.0359159694997,0.128269170453477,0.0402790424715613,1.65354101109747,NA
"3545","Sample_3555",1.61326196862591,-0.249699474138301,0,"3545","2","3545",0.218304928786561,0.124018362390805,-0.03139454535174,1.58186742327417,NA
"3546","Sample_3556",1.61326196862591,-0.178001256242846,0,"3546","2","3546",0.252441767510453,0.14929023342347,0.074440511267607,1.68770247989351,NA
"3547","Sample_3557",1.61326196862591,0.156184499314666,0,"3547","2","3547",0.100205881999841,0.108233504953768,0.256390381314507,1.86965234994041,NA
"3548","Sample_3558",1.61326196862591,-0.145541838774381,0,"3548","2","3548",0.329579128659456,0.122506047886991,0.184037289885075,1.79729925851098,NA
"3549","Sample_3559",1.61326196862591,-0.249699474138301,0,"3549","2","3549",0.218304928786561,0.124018362390805,-0.03139454535174,1.58186742327417,NA
"3550","Sample_3560",1.61326196862591,0.0840390828606184,0,"3550","2","3550",-0.112994347243435,0.0762768372611278,-0.0289552643828161,1.58430670424309,NA
"3551","Sample_3561",1.61326196862591,0.123725081846202,0,"3551","2","3551",0.0230685208508274,0.13501769049024,0.146793602697029,1.76005557132294,NA
"3552","Sample_3562",1.61326196862591,0.203401091734959,0,"3552","2","3552",-0.125841795892313,0.0830253572978851,0.0775592958426455,1.69082126446855,NA
"3553","Sample_3563",1.61326196862591,-0.178001256242846,0,"3553","2","3553",0.252441767510453,0.14929023342347,0.074440511267607,1.68770247989351,NA
"3554","Sample_3564",1.61326196862591,-0.145541838774381,0,"3554","2","3554",0.329579128659456,0.122506047886991,0.184037289885075,1.79729925851098,NA
"3555","Sample_3565",1.61326196862591,0.125194397884171,0,"3555","2","3555",0.201958201991315,0.102534105764073,0.327152599875487,1.94041456850139,NA
"3556","Sample_3566",1.61326196862591,-0.249699474138301,0,"3556","2","3556",0.218304928786561,0.124018362390805,-0.03139454535174,1.58186742327417,NA
"3557","Sample_3567",1.61326196862591,0.307558727098878,0,"3557","2","3557",-0.0145675960194219,0.0815130427940826,0.292991131079456,1.90625309970536,NA
"3558","Sample_3568",1.61326196862591,0.227882717210121,0,"3558","2","3558",0.134342720723721,0.133505375986443,0.362225437933843,1.97548740655975,NA
"3559","Sample_3569",1.61326196862591,0.275099309630414,0,"3559","2","3559",-0.0917049571684344,0.10829722833056,0.18339435246198,1.79665632108789,NA
"3560","Sample_3570",1.61326196862591,-0.130784663822553,0,"3560","2","3560",0.0263940896182917,0.124082085767596,-0.104390574204261,1.50887139442165,NA
"3561","Sample_3571",1.61326196862591,-0.0586392473685051,0,"3561","2","3561",0.239594318861544,0.156038753460252,0.180955071493039,1.79421704011895,NA
"3562","Sample_3572",1.61326196862591,-0.282158891606765,0,"3562","2","3562",0.141167567637576,0.150802547927273,-0.140991323969189,1.47227064465672,NA
"3563","Sample_3573",1.61326196862591,0.021036762520252,0,"3563","2","3563",0.0906840021184319,0.10404642026788,0.111720764638684,1.72498273326459,NA
"3564","Sample_3574",1.61326196862591,0.227882717210121,0,"3564","2","3564",0.134342720723721,0.133505375986443,0.362225437933843,1.97548740655975,NA
"3565","Sample_3575",1.61326196862591,0.0455183879954144,0,"3565","2","3565",0.350868518734439,0.154526438956433,0.396386906729853,2.00964887535576,NA
"3566","Sample_3576",1.61326196862591,0.307558727098878,0,"3566","2","3566",-0.0145675960194219,0.0815130427940826,0.292991131079456,1.90625309970536,NA
"3567","Sample_3577",1.61326196862591,-0.249699474138301,0,"3567","2","3567",0.218304928786561,0.124018362390805,-0.03139454535174,1.58186742327417,NA
"3568","Sample_3578",1.61326196862591,-0.0586392473685051,0,"3568","2","3568",0.239594318861544,0.156038753460252,0.180955071493039,1.79421704011895,NA
"3569","Sample_3579",1.61326196862591,-0.0586392473685051,0,"3569","2","3569",0.239594318861544,0.156038753460252,0.180955071493039,1.79421704011895,NA
"3570","Sample_3580",1.61326196862591,-0.0261798299000409,0,"3570","2","3570",0.316731680010574,0.129254567923758,0.290551850110533,1.90381381873644,NA
"3571","Sample_3581",1.61326196862591,-0.0586392473685051,0,"3571","2","3571",0.239594318861544,0.156038753460252,0.180955071493039,1.79421704011895,NA
"3572","Sample_3582",1.61326196862591,0.260342134678585,0,"3572","2","3572",0.211480081872726,0.106721190449964,0.471822216551312,2.08508418517722,NA
"3573","Sample_3583",1.61326196862591,0.156184499314666,0,"3573","2","3573",0.100205881999841,0.108233504953768,0.256390381314507,1.86965234994041,NA
"3574","Sample_3584",1.61326196862591,-0.282158891606765,0,"3574","2","3574",0.141167567637576,0.150802547927273,-0.140991323969189,1.47227064465672,NA
"3575","Sample_3585",1.61326196862591,0.156184499314666,0,"3575","2","3575",0.100205881999841,0.108233504953768,0.256390381314507,1.86965234994041,NA
"3576","Sample_3586",1.61326196862591,-0.0525779699717652,0,"3576","2","3576",-0.301405908265329,0.104573337301407,-0.353983878237094,1.25927809038881,NA
"3577","Sample_3587",1.61326196862591,0.0927349804157073,0,"3577","2","3577",0.124820840842307,0.129318291300544,0.217555821258015,1.83081778988392,NA
"3578","Sample_3588",1.61326196862591,0.021036762520252,0,"3578","2","3578",0.0906840021184319,0.10404642026788,0.111720764638684,1.72498273326459,NA
"3579","Sample_3589",1.61326196862591,-0.202482881718008,0,"3579","2","3579",-0.00774274910558918,0.0988102147349242,-0.210225630823597,1.40303633780231,NA
"3580","Sample_3590",1.61326196862591,0.021036762520252,0,"3580","2","3580",0.0906840021184319,0.10404642026788,0.111720764638684,1.72498273326459,NA
"3581","Sample_3591",1.61326196862591,0.203401091734959,0,"3581","2","3581",-0.125841795892313,0.0830253572978851,0.0775592958426455,1.69082126446855,NA
"3582","Sample_3592",1.61326196862591,0.021036762520252,0,"3582","2","3582",0.0906840021184319,0.10404642026788,0.111720764638684,1.72498273326459,NA
"3583","Sample_3593",1.61326196862591,-0.020118552503301,0,"3583","2","3583",-0.224268547116318,0.077789151764933,-0.244387099619619,1.36887486900629,NA
"3584","Sample_3594",1.61326196862591,-0.020118552503301,0,"3584","2","3584",-0.224268547116318,0.077789151764933,-0.244387099619619,1.36887486900629,NA
"3585","Sample_3595",1.61326196862591,-0.020118552503301,0,"3585","2","3585",-0.224268547116318,0.077789151764933,-0.244387099619619,1.36887486900629,NA
"3586","Sample_3596",1.61326196862591,-0.020118552503301,0,"3586","2","3586",-0.224268547116318,0.077789151764933,-0.244387099619619,1.36887486900629,NA
"3587","Sample_3597",1.61326196862591,0.021036762520252,0,"3587","2","3587",0.0906840021184319,0.10404642026788,0.111720764638684,1.72498273326459,NA
"3588","Sample_3598",1.61326196862591,-0.202482881718008,0,"3588","2","3588",-0.00774274910558918,0.0988102147349242,-0.210225630823597,1.40303633780231,NA
"3589","Sample_3599",1.61326196862591,-0.202482881718008,0,"3589","2","3589",-0.00774274910558918,0.0988102147349242,-0.210225630823597,1.40303633780231,NA
"3590","Sample_3600",1.61326196862591,0.203401091734959,0,"3590","2","3590",-0.125841795892313,0.0830253572978851,0.0775592958426455,1.69082126446855,NA
"3591","Sample_3601",1.61326196862591,0.021036762520252,0,"3591","2","3591",0.0906840021184319,0.10404642026788,0.111720764638684,1.72498273326459,NA
"3592","Sample_3602",1.61326196862591,0.021036762520252,0,"3592","2","3592",0.0906840021184319,0.10404642026788,0.111720764638684,1.72498273326459,NA
"3593","Sample_3603",1.61326196862591,0.203401091734959,0,"3593","2","3593",-0.125841795892313,0.0830253572978851,0.0775592958426455,1.69082126446855,NA
"3594","Sample_3604",1.61326196862591,0.021036762520252,0,"3594","2","3594",0.0906840021184319,0.10404642026788,0.111720764638684,1.72498273326459,NA
"3595","Sample_3605",1.61326196862591,0.203401091734959,0,"3595","2","3595",-0.125841795892313,0.0830253572978851,0.0775592958426455,1.69082126446855,NA
"3596","Sample_3606",1.61326196862591,0.203401091734959,0,"3596","2","3596",-0.125841795892313,0.0830253572978851,0.0775592958426455,1.69082126446855,NA
"3597","Sample_3607",1.61326196862591,0.021036762520252,0,"3597","2","3597",0.0906840021184319,0.10404642026788,0.111720764638684,1.72498273326459,NA
"3598","Sample_3608",1.61326196862591,-0.202482881718008,0,"3598","2","3598",-0.00774274910558918,0.0988102147349242,-0.210225630823597,1.40303633780231,NA
"3599","Sample_3609",1.61326196862591,0.021036762520252,0,"3599","2","3599",0.0906840021184319,0.10404642026788,0.111720764638684,1.72498273326459,NA
"3600","Sample_3610",1.61326196862591,0.203401091734959,0,"3600","2","3600",-0.125841795892313,0.0830253572978851,0.0775592958426455,1.69082126446855,NA
"3601","Sample_3611",1.61326196862591,0.021036762520252,0,"3601","2","3601",0.0906840021184319,0.10404642026788,0.111720764638684,1.72498273326459,NA
"3602","Sample_3612",1.61326196862591,0.021036762520252,0,"3602","2","3602",0.0906840021184319,0.10404642026788,0.111720764638684,1.72498273326459,NA
"3603","Sample_3613",1.61326196862591,0.021036762520252,0,"3603","2","3603",0.0906840021184319,0.10404642026788,0.111720764638684,1.72498273326459,NA
"3604","Sample_3614",1.61326196862591,0.203401091734959,0,"3604","2","3604",-0.125841795892313,0.0830253572978851,0.0775592958426455,1.69082126446855,NA
"3605","Sample_3615",1.61326196862591,-0.020118552503301,0,"3605","2","3605",-0.224268547116318,0.077789151764933,-0.244387099619619,1.36887486900629,NA
"3606","Sample_3616",1.61326196862591,0.203401091734959,0,"3606","2","3606",-0.125841795892313,0.0830253572978851,0.0775592958426455,1.69082126446855,NA
"3607","Sample_3617",1.61326196862591,-0.020118552503301,0,"3607","2","3607",-0.224268547116318,0.077789151764933,-0.244387099619619,1.36887486900629,NA
"3608","Sample_3618",1.61326196862591,0.021036762520252,0,"3608","2","3608",0.0906840021184319,0.10404642026788,0.111720764638684,1.72498273326459,NA
"3609","Sample_3619",1.61326196862591,-0.020118552503301,0,"3609","2","3609",-0.224268547116318,0.077789151764933,-0.244387099619619,1.36887486900629,NA
"3610","Sample_3620",1.61326196862591,0.203401091734959,0,"3610","2","3610",-0.125841795892313,0.0830253572978851,0.0775592958426455,1.69082126446855,NA
"3611","Sample_3621",1.61326196862591,0.021036762520252,0,"3611","2","3611",0.0906840021184319,0.10404642026788,0.111720764638684,1.72498273326459,NA
"3612","Sample_3622",1.61326196862591,0.021036762520252,0,"3612","2","3612",0.0906840021184319,0.10404642026788,0.111720764638684,1.72498273326459,NA
"3613","Sample_3623",1.61326196862591,-0.020118552503301,0,"3613","2","3613",-0.224268547116318,0.077789151764933,-0.244387099619619,1.36887486900629,NA
"3614","Sample_3624",1.61326196862591,0.203401091734959,0,"3614","2","3614",-0.125841795892313,0.0830253572978851,0.0775592958426455,1.69082126446855,NA
"3615","Sample_3625",1.61326196862591,0.021036762520252,0,"3615","2","3615",0.0906840021184319,0.10404642026788,0.111720764638684,1.72498273326459,NA
"3616","Sample_3626",1.61326196862591,0.021036762520252,0,"3616","2","3616",0.0906840021184319,0.10404642026788,0.111720764638684,1.72498273326459,NA
"3617","Sample_3627",1.61326196862591,-0.020118552503301,0,"3617","2","3617",-0.224268547116318,0.077789151764933,-0.244387099619619,1.36887486900629,NA
"3618","Sample_3628",1.61326196862591,0.203401091734959,0,"3618","2","3618",-0.125841795892313,0.0830253572978851,0.0775592958426455,1.69082126446855,NA
"3619","Sample_3629",1.61326196862591,0.203401091734959,0,"3619","2","3619",-0.125841795892313,0.0830253572978851,0.0775592958426455,1.69082126446855,NA
"3620","Sample_3630",1.61326196862591,-0.202482881718008,0,"3620","2","3620",-0.00774274910558918,0.0988102147349242,-0.210225630823597,1.40303633780231,NA
"3621","Sample_3631",1.61326196862591,0.021036762520252,0,"3621","2","3621",0.0906840021184319,0.10404642026788,0.111720764638684,1.72498273326459,NA
"3622","Sample_3632",1.61326196862591,0.021036762520252,0,"3622","2","3622",0.0906840021184319,0.10404642026788,0.111720764638684,1.72498273326459,NA
"3623","Sample_3633",1.61326196862591,0.021036762520252,0,"3623","2","3623",0.0906840021184319,0.10404642026788,0.111720764638684,1.72498273326459,NA
"3624","Sample_3634",1.61326196862591,-0.020118552503301,0,"3624","2","3624",-0.224268547116318,0.077789151764933,-0.244387099619619,1.36887486900629,NA
"3625","Sample_3635",1.61326196862591,-0.020118552503301,0,"3625","2","3625",-0.224268547116318,0.077789151764933,-0.244387099619619,1.36887486900629,NA
"3626","Sample_3636",1.61326196862591,0.021036762520252,0,"3626","2","3626",0.0906840021184319,0.10404642026788,0.111720764638684,1.72498273326459,NA
"3627","Sample_3637",1.61326196862591,-0.202482881718008,0,"3627","2","3627",-0.00774274910558918,0.0988102147349242,-0.210225630823597,1.40303633780231,NA
"3628","Sample_3638",1.61326196862591,-0.020118552503301,0,"3628","2","3628",-0.224268547116318,0.077789151764933,-0.244387099619619,1.36887486900629,NA
"3629","Sample_3639",1.61326196862591,-0.202482881718008,0,"3629","2","3629",-0.00774274910558918,0.0988102147349242,-0.210225630823597,1.40303633780231,NA
"3630","Sample_3640",1.61326196862591,-0.202482881718008,0,"3630","2","3630",-0.00774274910558918,0.0988102147349242,-0.210225630823597,1.40303633780231,NA
"3631","Sample_3641",1.61326196862591,0.021036762520252,0,"3631","2","3631",0.0906840021184319,0.10404642026788,0.111720764638684,1.72498273326459,NA
"3632","Sample_3642",1.61326196862591,-0.020118552503301,0,"3632","2","3632",-0.224268547116318,0.077789151764933,-0.244387099619619,1.36887486900629,NA
"3633","Sample_3643",1.61326196862591,0.203401091734959,0,"3633","2","3633",-0.125841795892313,0.0830253572978851,0.0775592958426455,1.69082126446855,NA
"3634","Sample_3644",1.61326196862591,0.203401091734959,0,"3634","2","3634",-0.125841795892313,0.0830253572978851,0.0775592958426455,1.69082126446855,NA
"3635","Sample_3645",1.61326196862591,0.203401091734959,0,"3635","2","3635",-0.125841795892313,0.0830253572978851,0.0775592958426455,1.69082126446855,NA
"3636","Sample_3646",1.61326196862591,0.203401091734959,0,"3636","2","3636",-0.125841795892313,0.0830253572978851,0.0775592958426455,1.69082126446855,NA
"3637","Sample_3647",1.61326196862591,0.203401091734959,0,"3637","2","3637",-0.125841795892313,0.0830253572978851,0.0775592958426455,1.69082126446855,NA
"3638","Sample_3648",1.61326196862591,-0.020118552503301,0,"3638","2","3638",-0.224268547116318,0.077789151764933,-0.244387099619619,1.36887486900629,NA
"3639","Sample_3649",1.61326196862591,0.021036762520252,0,"3639","2","3639",0.0906840021184319,0.10404642026788,0.111720764638684,1.72498273326459,NA
"3640","Sample_3650",1.61326196862591,0.021036762520252,0,"3640","2","3640",0.0906840021184319,0.10404642026788,0.111720764638684,1.72498273326459,NA
"3641","Sample_3651",1.61326196862591,0.203401091734959,0,"3641","2","3641",-0.125841795892313,0.0830253572978851,0.0775592958426455,1.69082126446855,NA
"3642","Sample_3652",1.61326196862591,-0.020118552503301,0,"3642","2","3642",-0.224268547116318,0.077789151764933,-0.244387099619619,1.36887486900629,NA
"3643","Sample_3653",1.61326196862591,0.021036762520252,0,"3643","2","3643",0.0906840021184319,0.10404642026788,0.111720764638684,1.72498273326459,NA
"3644","Sample_3654",1.61326196862591,-0.202482881718008,0,"3644","2","3644",-0.00774274910558918,0.0988102147349242,-0.210225630823597,1.40303633780231,NA
"3645","Sample_3655",1.61326196862591,-0.202482881718008,0,"3645","2","3645",-0.00774274910558918,0.0988102147349242,-0.210225630823597,1.40303633780231,NA
"3646","Sample_3656",1.61326196862591,-0.202482881718008,0,"3646","2","3646",-0.00774274910558918,0.0988102147349242,-0.210225630823597,1.40303633780231,NA
"3647","Sample_3657",1.61326196862591,0.021036762520252,0,"3647","2","3647",0.0906840021184319,0.10404642026788,0.111720764638684,1.72498273326459,NA
"3648","Sample_3658",1.61326196862591,0.203401091734959,0,"3648","2","3648",-0.125841795892313,0.0830253572978851,0.0775592958426455,1.69082126446855,NA
"3649","Sample_3659",1.61326196862591,-0.020118552503301,0,"3649","2","3649",-0.224268547116318,0.077789151764933,-0.244387099619619,1.36887486900629,NA
"3650","Sample_3660",1.61326196862591,-0.020118552503301,0,"3650","2","3650",-0.224268547116318,0.077789151764933,-0.244387099619619,1.36887486900629,NA
"3651","Sample_3661",1.61326196862591,-0.202482881718008,0,"3651","2","3651",-0.00774274910558918,0.0988102147349242,-0.210225630823597,1.40303633780231,NA
"3652","Sample_3662",1.61326196862591,-0.020118552503301,0,"3652","2","3652",-0.224268547116318,0.077789151764933,-0.244387099619619,1.36887486900629,NA
"3653","Sample_3663",1.61326196862591,-0.020118552503301,0,"3653","2","3653",-0.224268547116318,0.077789151764933,-0.244387099619619,1.36887486900629,NA
"3654","Sample_3664",1.61326196862591,-0.020118552503301,0,"3654","2","3654",-0.224268547116318,0.077789151764933,-0.244387099619619,1.36887486900629,NA
"3655","Sample_3665",1.61326196862591,-0.202482881718008,0,"3655","2","3655",-0.00774274910558918,0.0988102147349242,-0.210225630823597,1.40303633780231,NA
"3656","Sample_3666",1.61326196862591,0.203401091734959,0,"3656","2","3656",-0.125841795892313,0.0830253572978851,0.0775592958426455,1.69082126446855,NA
"3657","Sample_3667",1.61326196862591,-0.202482881718008,0,"3657","2","3657",-0.00774274910558918,0.0988102147349242,-0.210225630823597,1.40303633780231,NA
"3658","Sample_3668",1.61326196862591,-0.020118552503301,0,"3658","2","3658",-0.224268547116318,0.077789151764933,-0.244387099619619,1.36887486900629,NA
"3659","Sample_3669",1.61326196862591,0.021036762520252,0,"3659","2","3659",0.0906840021184319,0.10404642026788,0.111720764638684,1.72498273326459,NA
"3660","Sample_3670",1.61326196862591,0.203401091734959,0,"3660","2","3660",-0.125841795892313,0.0830253572978851,0.0775592958426455,1.69082126446855,NA
"3661","Sample_3671",1.61326196862591,0.021036762520252,0,"3661","2","3661",0.0906840021184319,0.10404642026788,0.111720764638684,1.72498273326459,NA
"3662","Sample_3672",1.61326196862591,-0.202482881718008,0,"3662","2","3662",-0.00774274910558918,0.0988102147349242,-0.210225630823597,1.40303633780231,NA
"3663","Sample_3673",1.61326196862591,-0.020118552503301,0,"3663","2","3663",-0.224268547116318,0.077789151764933,-0.244387099619619,1.36887486900629,NA
"3664","Sample_3674",1.61326196862591,-0.0673351449235939,0,"3664","2","3664",0.00177913077582782,0.102997299420821,-0.0655560141477661,1.54770595447814,NA
"3665","Sample_3675",1.61326196862591,0.156184499314666,0,"3665","2","3665",0.100205881999841,0.108233504953768,0.256390381314507,1.86965234994041,NA
"3666","Sample_3676",1.61326196862591,0.156184499314666,0,"3666","2","3666",0.100205881999841,0.108233504953768,0.256390381314507,1.86965234994041,NA
"3667","Sample_3677",1.61326196862591,0.021036762520252,0,"3667","2","3667",0.0906840021184319,0.10404642026788,0.111720764638684,1.72498273326459,NA
"3668","Sample_3678",1.61326196862591,-0.178598846044634,0,"3668","2","3668",-0.0166489619644992,0.131110657604416,-0.195247808009134,1.41801416061677,NA
"3669","Sample_3679",1.61326196862591,0.0449207981936254,0,"3669","2","3669",0.081777789259528,0.136346863137367,0.126698587453153,1.73996055607906,NA
"3670","Sample_3680",1.61326196862591,-0.0673351449235939,0,"3670","2","3670",0.00177913077582782,0.102997299420821,-0.0655560141477661,1.54770595447814,NA
"3671","Sample_3681",1.61326196862591,0.0449207981936254,0,"3671","2","3671",0.081777789259528,0.136346863137367,0.126698587453153,1.73996055607906,NA
"3672","Sample_3682",1.61326196862591,-0.360963175259341,0,"3672","2","3672",0.19987683604625,0.152131720574411,-0.161086339213092,1.45217562941282,NA
"3673","Sample_3683",1.61326196862591,-0.0673351449235939,0,"3673","2","3673",0.00177913077582782,0.102997299420821,-0.0655560141477661,1.54770595447814,NA
"3674","Sample_3684",1.61326196862591,-0.0261798299000409,0,"3674","2","3674",0.316731680010574,0.129254567923758,0.290551850110533,1.90381381873644,NA
"3675","Sample_3685",1.61326196862591,0.021036762520252,0,"3675","2","3675",0.0906840021184319,0.10404642026788,0.111720764638684,1.72498273326459,NA
"3676","Sample_3686",1.61326196862591,-0.178598846044634,0,"3676","2","3676",-0.0166489619644992,0.131110657604416,-0.195247808009134,1.41801416061677,NA
"3677","Sample_3687",1.61326196862591,0.021036762520252,0,"3677","2","3677",0.0906840021184319,0.10404642026788,0.111720764638684,1.72498273326459,NA
"3678","Sample_3688",1.61326196862591,-0.131382253624342,0,"3678","2","3678",-0.242696639856642,0.105902509948532,-0.374078893480984,1.23918307514492,NA
"3679","Sample_3689",1.61326196862591,0.203401091734959,0,"3679","2","3679",-0.125841795892313,0.0830253572978851,0.0775592958426455,1.69082126446855,NA
"3680","Sample_3690",1.61326196862591,-0.0902269386007886,0,"3680","2","3680",0.0722559093780928,0.132159778451494,-0.0179710292226958,1.59529093940321,NA
"3681","Sample_3691",1.61326196862591,0.203401091734959,0,"3681","2","3681",-0.125841795892313,0.0830253572978851,0.0775592958426455,1.69082126446855,NA
"3682","Sample_3692",1.61326196862591,-0.020118552503301,0,"3682","2","3682",-0.224268547116318,0.077789151764933,-0.244387099619619,1.36887486900629,NA
"3683","Sample_3693",1.61326196862591,0.0921373906139183,0,"3683","2","3683",-0.144269888632639,0.111138715481489,-0.0521324980187203,1.56112947060719,NA
"3684","Sample_3694",1.61326196862591,-0.131382253624342,0,"3684","2","3684",-0.242696639856642,0.105902509948532,-0.374078893480984,1.23918307514492,NA
"3685","Sample_3695",1.61326196862591,-0.020118552503301,0,"3685","2","3685",-0.224268547116318,0.077789151764933,-0.244387099619619,1.36887486900629,NA
"3686","Sample_3696",1.61326196862591,0.203401091734959,0,"3686","2","3686",-0.125841795892313,0.0830253572978851,0.0775592958426455,1.69082126446855,NA
"3687","Sample_3697",1.61326196862591,0.021036762520252,0,"3687","2","3687",0.0906840021184319,0.10404642026788,0.111720764638684,1.72498273326459,NA
"3688","Sample_3698",1.61326196862591,0.0921373906139183,0,"3688","2","3688",-0.144269888632639,0.111138715481489,-0.0521324980187203,1.56112947060719,NA
"3689","Sample_3699",1.61326196862591,-0.249699474138301,0,"3689","2","3689",0.218304928786561,0.124018362390805,-0.03139454535174,1.58186742327417,NA
"3690","Sample_3700",1.61326196862591,-0.0261798299000409,0,"3690","2","3690",0.316731680010574,0.129254567923758,0.290551850110533,1.90381381873644,NA
"3691","Sample_3701",1.61326196862591,-0.178598846044634,0,"3691","2","3691",-0.0166489619644992,0.131110657604416,-0.195247808009134,1.41801416061677,NA
"3692","Sample_3702",1.61326196862591,0.0449207981936254,0,"3692","2","3692",0.081777789259528,0.136346863137367,0.126698587453153,1.73996055607906,NA
"3693","Sample_3703",1.61326196862591,-0.0261798299000409,0,"3693","2","3693",0.316731680010574,0.129254567923758,0.290551850110533,1.90381381873644,NA
"3694","Sample_3704",1.61326196862591,-0.249699474138301,0,"3694","2","3694",0.218304928786561,0.124018362390805,-0.03139454535174,1.58186742327417,NA
"3695","Sample_3705",1.61326196862591,-0.131382253624342,0,"3695","2","3695",-0.242696639856642,0.105902509948532,-0.374078893480984,1.23918307514492,NA
"3696","Sample_3706",1.61326196862591,-0.249699474138301,0,"3696","2","3696",0.218304928786561,0.124018362390805,-0.03139454535174,1.58186742327417,NA
"3697","Sample_3707",1.61326196862591,-0.360963175259341,0,"3697","2","3697",0.19987683604625,0.152131720574411,-0.161086339213092,1.45217562941282,NA
"3698","Sample_3708",1.61326196862591,-0.0261798299000409,0,"3698","2","3698",0.316731680010574,0.129254567923758,0.290551850110533,1.90381381873644,NA
"3699","Sample_3709",1.61326196862591,-0.249699474138301,0,"3699","2","3699",0.218304928786561,0.124018362390805,-0.03139454535174,1.58186742327417,NA
"3700","Sample_3710",1.61326196862591,-0.0673351449235939,0,"3700","2","3700",0.00177913077582782,0.102997299420821,-0.0655560141477661,1.54770595447814,NA
"3701","Sample_3711",1.61326196862591,0.156184499314666,0,"3701","2","3701",0.100205881999841,0.108233504953768,0.256390381314507,1.86965234994041,NA
"3702","Sample_3712",1.61326196862591,-0.131382253624342,0,"3702","2","3702",-0.242696639856642,0.105902509948532,-0.374078893480984,1.23918307514492,NA
"3703","Sample_3713",1.61326196862591,0.156184499314666,0,"3703","2","3703",0.100205881999841,0.108233504953768,0.256390381314507,1.86965234994041,NA
"3704","Sample_3714",1.61326196862591,-0.0261798299000409,0,"3704","2","3704",0.316731680010574,0.129254567923758,0.290551850110533,1.90381381873644,NA
"3705","Sample_3715",1.61326196862591,-0.0261798299000409,0,"3705","2","3705",0.316731680010574,0.129254567923758,0.290551850110533,1.90381381873644,NA
"3706","Sample_3716",1.61326196862591,-0.0261798299000409,0,"3706","2","3706",0.316731680010574,0.129254567923758,0.290551850110533,1.90381381873644,NA
"3707","Sample_3717",1.61326196862591,-0.020118552503301,0,"3707","2","3707",-0.224268547116318,0.077789151764933,-0.244387099619619,1.36887486900629,NA
"3708","Sample_3718",1.61326196862591,0.0921373906139183,0,"3708","2","3708",-0.144269888632639,0.111138715481489,-0.0521324980187203,1.56112947060719,NA
"3709","Sample_3719",1.61326196862591,0.0921373906139183,0,"3709","2","3709",-0.144269888632639,0.111138715481489,-0.0521324980187203,1.56112947060719,NA
"3710","Sample_3720",1.61326196862591,0.203401091734959,0,"3710","2","3710",-0.125841795892313,0.0830253572978851,0.0775592958426455,1.69082126446855,NA
"3711","Sample_3721",1.61326196862591,-0.0902269386007886,0,"3711","2","3711",0.0722559093780928,0.132159778451494,-0.0179710292226958,1.59529093940321,NA
"3712","Sample_3722",1.61326196862591,-0.360963175259341,0,"3712","2","3712",0.19987683604625,0.152131720574411,-0.161086339213092,1.45217562941282,NA
"3713","Sample_3723",1.61326196862591,0.203401091734959,0,"3713","2","3713",-0.125841795892313,0.0830253572978851,0.0775592958426455,1.69082126446855,NA
"3714","Sample_3724",1.61326196862591,0.0921373906139183,0,"3714","2","3714",-0.144269888632639,0.111138715481489,-0.0521324980187203,1.56112947060719,NA
"3715","Sample_3725",1.61326196862591,-0.202482881718008,0,"3715","2","3715",-0.00774274910558918,0.0988102147349242,-0.210225630823597,1.40303633780231,NA
"3716","Sample_3726",1.61326196862591,-0.0902269386007886,0,"3716","2","3716",0.0722559093780928,0.132159778451494,-0.0179710292226958,1.59529093940321,NA
"3717","Sample_3727",1.61326196862591,-0.178598846044634,0,"3717","2","3717",-0.0166489619644992,0.131110657604416,-0.195247808009134,1.41801416061677,NA
"3718","Sample_3728",1.61326196862591,-0.249699474138301,0,"3718","2","3718",0.218304928786561,0.124018362390805,-0.03139454535174,1.58186742327417,NA
"3719","Sample_3729",1.61326196862591,-0.0673351449235939,0,"3719","2","3719",0.00177913077582782,0.102997299420821,-0.0655560141477661,1.54770595447814,NA
"3720","Sample_3730",1.61326196862591,-0.0261798299000409,0,"3720","2","3720",0.316731680010574,0.129254567923758,0.290551850110533,1.90381381873644,NA
"3721","Sample_3731",1.61326196862591,-0.202482881718008,0,"3721","2","3721",-0.00774274910558918,0.0988102147349242,-0.210225630823597,1.40303633780231,NA
"3722","Sample_3732",1.61326196862591,-0.020118552503301,0,"3722","2","3722",-0.224268547116318,0.077789151764933,-0.244387099619619,1.36887486900629,NA
"3723","Sample_3733",1.61326196862591,0.203401091734959,0,"3723","2","3723",-0.125841795892313,0.0830253572978851,0.0775592958426455,1.69082126446855,NA
"3724","Sample_3734",1.61326196862591,0.021036762520252,0,"3724","2","3724",0.0906840021184319,0.10404642026788,0.111720764638684,1.72498273326459,NA
"3725","Sample_3735",1.61326196862591,-0.249699474138301,0,"3725","2","3725",0.218304928786561,0.124018362390805,-0.03139454535174,1.58186742327417,NA
"3726","Sample_3736",1.61326196862591,-0.131382253624342,0,"3726","2","3726",-0.242696639856642,0.105902509948532,-0.374078893480984,1.23918307514492,NA
"3727","Sample_3737",1.61326196862591,-0.313746582839048,0,"3727","2","3727",-0.0261708418459169,0.126923572918526,-0.339917424684965,1.27334454394094,NA
"3728","Sample_3738",1.61326196862591,0.0921373906139183,0,"3728","2","3728",-0.144269888632639,0.111138715481489,-0.0521324980187203,1.56112947060719,NA
"3729","Sample_3739",1.61326196862591,0.203401091734959,0,"3729","2","3729",-0.125841795892313,0.0830253572978851,0.0775592958426455,1.69082126446855,NA
"3730","Sample_3740",1.61326196862591,-0.020118552503301,0,"3730","2","3730",-0.224268547116318,0.077789151764933,-0.244387099619619,1.36887486900629,NA
"3731","Sample_3741",1.61326196862591,0.0449207981936254,0,"3731","2","3731",0.081777789259528,0.136346863137367,0.126698587453153,1.73996055607906,NA
"3732","Sample_3742",1.61326196862591,-0.0673351449235939,0,"3732","2","3732",0.00177913077582782,0.102997299420821,-0.0655560141477661,1.54770595447814,NA
"3733","Sample_3743",1.61326196862591,-0.0261798299000409,0,"3733","2","3733",0.316731680010574,0.129254567923758,0.290551850110533,1.90381381873644,NA
"3734","Sample_3744",1.61326196862591,0.021036762520252,0,"3734","2","3734",0.0906840021184319,0.10404642026788,0.111720764638684,1.72498273326459,NA
"3735","Sample_3745",1.61326196862591,-0.360963175259341,0,"3735","2","3735",0.19987683604625,0.152131720574411,-0.161086339213092,1.45217562941282,NA
"3736","Sample_3746",1.61326196862591,0.0449207981936254,0,"3736","2","3736",0.081777789259528,0.136346863137367,0.126698587453153,1.73996055607906,NA
"3737","Sample_3747",1.61326196862591,-0.137443531021081,0,"3737","2","3737",0.298303587270257,0.157367926107355,0.160860056249175,1.77412202487508,NA
"3738","Sample_3748",1.61326196862591,-0.131382253624342,0,"3738","2","3738",-0.242696639856642,0.105902509948532,-0.374078893480984,1.23918307514492,NA
"3739","Sample_3749",1.61326196862591,0.021036762520252,0,"3739","2","3739",0.0906840021184319,0.10404642026788,0.111720764638684,1.72498273326459,NA
"3740","Sample_3750",1.61326196862591,0.021036762520252,0,"3740","2","3740",0.0906840021184319,0.10404642026788,0.111720764638684,1.72498273326459,NA
"3741","Sample_3751",1.61326196862591,-0.137443531021081,0,"3741","2","3741",0.298303587270257,0.157367926107355,0.160860056249175,1.77412202487508,NA
"3742","Sample_3752",1.61326196862591,0.156184499314666,0,"3742","2","3742",0.100205881999841,0.108233504953768,0.256390381314507,1.86965234994041,NA
"3743","Sample_3753",1.61326196862591,-0.0902269386007886,0,"3743","2","3743",0.0722559093780928,0.132159778451494,-0.0179710292226958,1.59529093940321,NA
"3744","Sample_3754",1.61326196862591,0.021036762520252,0,"3744","2","3744",0.0906840021184319,0.10404642026788,0.111720764638684,1.72498273326459,NA
"3745","Sample_3755",1.61326196862591,-0.178598846044634,0,"3745","2","3745",-0.0166489619644992,0.131110657604416,-0.195247808009134,1.41801416061677,NA
"3746","Sample_3756",1.61326196862591,0.0921373906139183,0,"3746","2","3746",-0.144269888632639,0.111138715481489,-0.0521324980187203,1.56112947060719,NA
"3747","Sample_3757",1.61326196862591,0.021036762520252,0,"3747","2","3747",0.0906840021184319,0.10404642026788,0.111720764638684,1.72498273326459,NA
"3748","Sample_3758",1.61326196862591,-0.0902269386007886,0,"3748","2","3748",0.0722559093780928,0.132159778451494,-0.0179710292226958,1.59529093940321,NA
"3749","Sample_3759",1.61326196862591,-0.0902269386007886,0,"3749","2","3749",0.0722559093780928,0.132159778451494,-0.0179710292226958,1.59529093940321,NA
"3750","Sample_3760",1.61326196862591,-0.360963175259341,0,"3750","2","3750",0.19987683604625,0.152131720574411,-0.161086339213092,1.45217562941282,NA
"3751","Sample_3761",1.61326196862591,0.203401091734959,0,"3751","2","3751",-0.125841795892313,0.0830253572978851,0.0775592958426455,1.69082126446855,NA
"3752","Sample_3762",1.61326196862591,-0.202482881718008,0,"3752","2","3752",-0.00774274910558918,0.0988102147349242,-0.210225630823597,1.40303633780231,NA
"3753","Sample_3763",1.61326196862591,0.021036762520252,0,"3753","2","3753",0.0906840021184319,0.10404642026788,0.111720764638684,1.72498273326459,NA
"3754","Sample_3764",1.61326196862591,-0.020118552503301,0,"3754","2","3754",-0.224268547116318,0.077789151764933,-0.244387099619619,1.36887486900629,NA
"3755","Sample_3765",1.61326196862591,-0.0468116976644572,0,"3755","2","3755",-0.0173841231108059,0.112287155674602,-0.0641958207752631,1.54906614785064,NA
"3756","Sample_3766",1.61326196862591,-0.020118552503301,0,"3756","2","3756",-0.224268547116318,0.077789151764933,-0.244387099619619,1.36887486900629,NA
"3757","Sample_3767",1.61326196862591,-0.0468116976644572,0,"3757","2","3757",-0.0173841231108059,0.112287155674602,-0.0641958207752631,1.54906614785064,NA
"3758","Sample_3768",1.61326196862591,-0.0673351449235939,0,"3758","2","3758",0.00177913077582782,0.102997299420821,-0.0655560141477661,1.54770595447814,NA
"3759","Sample_3769",1.61326196862591,0.176707946573803,0,"3759","2","3759",0.0810426281131971,0.117523361207558,0.257750574687,1.87101254331291,NA
"3760","Sample_3770",1.61326196862591,0.176707946573803,0,"3760","2","3760",0.0810426281131971,0.117523361207558,0.257750574687,1.87101254331291,NA
"3761","Sample_3771",1.61326196862591,-0.0468116976644572,0,"3761","2","3761",-0.0173841231108059,0.112287155674602,-0.0641958207752631,1.54906614785064,NA
"3762","Sample_3772",1.61326196862591,-0.020118552503301,0,"3762","2","3762",-0.224268547116318,0.077789151764933,-0.244387099619619,1.36887486900629,NA
"3763","Sample_3773",1.61326196862591,0.156184499314666,0,"3763","2","3763",0.100205881999841,0.108233504953768,0.256390381314507,1.86965234994041,NA
"3764","Sample_3774",1.61326196862591,0.156184499314666,0,"3764","2","3764",0.100205881999841,0.108233504953768,0.256390381314507,1.86965234994041,NA
"3765","Sample_3775",1.61326196862591,-0.0673351449235939,0,"3765","2","3765",0.00177913077582782,0.102997299420821,-0.0655560141477661,1.54770595447814,NA
"3766","Sample_3776",1.61326196862591,-0.0468116976644572,0,"3766","2","3766",-0.0173841231108059,0.112287155674602,-0.0641958207752631,1.54906614785064,NA
"3767","Sample_3777",1.61326196862591,-0.0940282900847501,0,"3767","2","3767",0.208663554781352,0.137495303330476,0.114635264696602,1.72789723332251,NA
"3768","Sample_3778",1.61326196862591,0.176707946573803,0,"3768","2","3768",0.0810426281131971,0.117523361207558,0.257750574687,1.87101254331291,NA
"3769","Sample_3779",1.61326196862591,0.203401091734959,0,"3769","2","3769",-0.125841795892313,0.0830253572978851,0.0775592958426455,1.69082126446855,NA
"3770","Sample_3780",1.61326196862591,0.156184499314666,0,"3770","2","3770",0.100205881999841,0.108233504953768,0.256390381314507,1.86965234994041,NA
"3771","Sample_3781",1.61326196862591,-0.0940282900847501,0,"3771","2","3771",0.208663554781352,0.137495303330476,0.114635264696602,1.72789723332251,NA
"3772","Sample_3782",1.61326196862591,0.12949135415351,0,"3772","2","3772",0.307090306005353,0.142731508863443,0.436581660158863,2.04984362878477,NA
"3773","Sample_3783",1.61326196862591,-0.0940282900847501,0,"3773","2","3773",0.208663554781352,0.137495303330476,0.114635264696602,1.72789723332251,NA
"3774","Sample_3784",1.61326196862591,0.203401091734959,0,"3774","2","3774",-0.125841795892313,0.0830253572978851,0.0775592958426455,1.69082126446855,NA
"3775","Sample_3785",1.61326196862591,0.156184499314666,0,"3775","2","3775",0.100205881999841,0.108233504953768,0.256390381314507,1.86965234994041,NA
"3776","Sample_3786",1.61326196862591,-0.0940282900847501,0,"3776","2","3776",0.208663554781352,0.137495303330476,0.114635264696602,1.72789723332251,NA
"3777","Sample_3787",1.61326196862591,0.203401091734959,0,"3777","2","3777",-0.125841795892313,0.0830253572978851,0.0775592958426455,1.69082126446855,NA
"3778","Sample_3788",1.61326196862591,-0.0468116976644572,0,"3778","2","3778",-0.0173841231108059,0.112287155674602,-0.0641958207752631,1.54906614785064,NA
"3779","Sample_3789",1.61326196862591,0.176707946573803,0,"3779","2","3779",0.0810426281131971,0.117523361207558,0.257750574687,1.87101254331291,NA
"3780","Sample_3790",1.61326196862591,-0.0468116976644572,0,"3780","2","3780",-0.0173841231108059,0.112287155674602,-0.0641958207752631,1.54906614785064,NA
"3781","Sample_3791",1.61326196862591,-0.0468116976644572,0,"3781","2","3781",-0.0173841231108059,0.112287155674602,-0.0641958207752631,1.54906614785064,NA
"3782","Sample_3792",1.61326196862591,-0.0940282900847501,0,"3782","2","3782",0.208663554781352,0.137495303330476,0.114635264696602,1.72789723332251,NA
"3783","Sample_3793",1.61326196862591,-0.020118552503301,0,"3783","2","3783",-0.224268547116318,0.077789151764933,-0.244387099619619,1.36887486900629,NA
"3784","Sample_3794",1.61326196862591,-0.0673351449235939,0,"3784","2","3784",0.00177913077582782,0.102997299420821,-0.0655560141477661,1.54770595447814,NA
"3785","Sample_3795",1.61326196862591,0.156184499314666,0,"3785","2","3785",0.100205881999841,0.108233504953768,0.256390381314507,1.86965234994041,NA
"3786","Sample_3796",1.61326196862591,-0.0673351449235939,0,"3786","2","3786",0.00177913077582782,0.102997299420821,-0.0655560141477661,1.54770595447814,NA
"3787","Sample_3797",1.61326196862591,-0.0468116976644572,0,"3787","2","3787",-0.0173841231108059,0.112287155674602,-0.0641958207752631,1.54906614785064,NA
"3788","Sample_3798",1.61326196862591,0.12949135415351,0,"3788","2","3788",0.307090306005353,0.142731508863443,0.436581660158863,2.04984362878477,NA
"3789","Sample_3799",1.61326196862591,-0.0673351449235939,0,"3789","2","3789",0.00177913077582782,0.102997299420821,-0.0655560141477661,1.54770595447814,NA
"3790","Sample_3800",1.61326196862591,-0.0940282900847501,0,"3790","2","3790",0.208663554781352,0.137495303330476,0.114635264696602,1.72789723332251,NA
"3791","Sample_3801",1.61326196862591,-0.0940282900847501,0,"3791","2","3791",0.208663554781352,0.137495303330476,0.114635264696602,1.72789723332251,NA
"3792","Sample_3802",1.61326196862591,0.203401091734959,0,"3792","2","3792",-0.125841795892313,0.0830253572978851,0.0775592958426455,1.69082126446855,NA
"3793","Sample_3803",1.61326196862591,-0.0673351449235939,0,"3793","2","3793",0.00177913077582782,0.102997299420821,-0.0655560141477661,1.54770595447814,NA
"3794","Sample_3804",1.61326196862591,0.156184499314666,0,"3794","2","3794",0.100205881999841,0.108233504953768,0.256390381314507,1.86965234994041,NA
"3795","Sample_3805",1.61326196862591,0.176707946573803,0,"3795","2","3795",0.0810426281131971,0.117523361207558,0.257750574687,1.87101254331291,NA
"3796","Sample_3806",1.61326196862591,-0.020118552503301,0,"3796","2","3796",-0.224268547116318,0.077789151764933,-0.244387099619619,1.36887486900629,NA
"3797","Sample_3807",1.61326196862591,0.156184499314666,0,"3797","2","3797",0.100205881999841,0.108233504953768,0.256390381314507,1.86965234994041,NA
"3798","Sample_3808",1.61326196862591,0.12949135415351,0,"3798","2","3798",0.307090306005353,0.142731508863443,0.436581660158863,2.04984362878477,NA
"3799","Sample_3809",1.61326196862591,-0.0940282900847501,0,"3799","2","3799",0.208663554781352,0.137495303330476,0.114635264696602,1.72789723332251,NA
"3800","Sample_3810",1.61326196862591,0.176707946573803,0,"3800","2","3800",0.0810426281131971,0.117523361207558,0.257750574687,1.87101254331291,NA
"3801","Sample_3811",1.61326196862591,0.203401091734959,0,"3801","2","3801",-0.125841795892313,0.0830253572978851,0.0775592958426455,1.69082126446855,NA
"3802","Sample_3812",1.61326196862591,0.203401091734959,0,"3802","2","3802",-0.125841795892313,0.0830253572978851,0.0775592958426455,1.69082126446855,NA
"3803","Sample_3813",1.61326196862591,0.203401091734959,0,"3803","2","3803",-0.125841795892313,0.0830253572978851,0.0775592958426455,1.69082126446855,NA
"3804","Sample_3814",1.61326196862591,-0.0468116976644572,0,"3804","2","3804",-0.0173841231108059,0.112287155674602,-0.0641958207752631,1.54906614785064,NA
"3805","Sample_3815",1.61326196862591,0.176707946573803,0,"3805","2","3805",0.0810426281131971,0.117523361207558,0.257750574687,1.87101254331291,NA
"3806","Sample_3816",1.61326196862591,-0.020118552503301,0,"3806","2","3806",-0.224268547116318,0.077789151764933,-0.244387099619619,1.36887486900629,NA
"3807","Sample_3817",1.61326196862591,0.125194397884171,0,"3807","2","3807",0.201958201991315,0.102534105764073,0.327152599875487,1.94041456850139,NA
"3808","Sample_3818",1.61326196862591,0.0840390828606184,0,"3808","2","3808",-0.112994347243435,0.0762768372611278,-0.0289552643828161,1.58430670424309,NA
"3809","Sample_3819",1.61326196862591,-0.202482881718008,0,"3809","2","3809",-0.00774274910558918,0.0988102147349242,-0.210225630823597,1.40303633780231,NA
"3810","Sample_3820",1.61326196862591,-0.0983252463540884,0,"3810","2","3810",0.103531450767297,0.0972979002311195,0.00520620441320896,1.61846817303912,NA
"3811","Sample_3821",1.61326196862591,0.203401091734959,0,"3811","2","3811",-0.125841795892313,0.0830253572978851,0.0775592958426455,1.69082126446855,NA
"3812","Sample_3822",1.61326196862591,-0.0983252463540884,0,"3812","2","3812",0.103531450767297,0.0972979002311195,0.00520620441320896,1.61846817303912,NA
"3813","Sample_3823",1.61326196862591,0.203401091734959,0,"3813","2","3813",-0.125841795892313,0.0830253572978851,0.0775592958426455,1.69082126446855,NA
"3814","Sample_3824",1.61326196862591,-0.0983252463540884,0,"3814","2","3814",0.103531450767297,0.0972979002311195,0.00520620441320896,1.61846817303912,NA
"3815","Sample_3825",1.61326196862591,-0.0983252463540884,0,"3815","2","3815",0.103531450767297,0.0972979002311195,0.00520620441320896,1.61846817303912,NA
"3816","Sample_3826",1.61326196862591,0.203401091734959,0,"3816","2","3816",-0.125841795892313,0.0830253572978851,0.0775592958426455,1.69082126446855,NA
"3817","Sample_3827",1.61326196862591,0.307558727098878,0,"3817","2","3817",-0.0145675960194219,0.0815130427940826,0.292991131079456,1.90625309970536,NA
"3818","Sample_3828",1.61326196862591,0.021036762520252,0,"3818","2","3818",0.0906840021184319,0.10404642026788,0.111720764638684,1.72498273326459,NA
"3819","Sample_3829",1.61326196862591,-0.202482881718008,0,"3819","2","3819",-0.00774274910558918,0.0988102147349242,-0.210225630823597,1.40303633780231,NA
"3820","Sample_3830",1.61326196862591,-0.0983252463540884,0,"3820","2","3820",0.103531450767297,0.0972979002311195,0.00520620441320896,1.61846817303912,NA
"3821","Sample_3831",1.61326196862591,-0.202482881718008,0,"3821","2","3821",-0.00774274910558918,0.0988102147349242,-0.210225630823597,1.40303633780231,NA
"3822","Sample_3832",1.61326196862591,0.203401091734959,0,"3822","2","3822",-0.125841795892313,0.0830253572978851,0.0775592958426455,1.69082126446855,NA
"3823","Sample_3833",1.61326196862591,-0.202482881718008,0,"3823","2","3823",-0.00774274910558918,0.0988102147349242,-0.210225630823597,1.40303633780231,NA
"3824","Sample_3834",1.61326196862591,0.0840390828606184,0,"3824","2","3824",-0.112994347243435,0.0762768372611278,-0.0289552643828161,1.58430670424309,NA
"3825","Sample_3835",1.61326196862591,0.125194397884171,0,"3825","2","3825",0.201958201991315,0.102534105764073,0.327152599875487,1.94041456850139,NA
"3826","Sample_3836",1.61326196862591,0.0840390828606184,0,"3826","2","3826",-0.112994347243435,0.0762768372611278,-0.0289552643828161,1.58430670424309,NA
"3827","Sample_3837",1.61326196862591,0.0840390828606184,0,"3827","2","3827",-0.112994347243435,0.0762768372611278,-0.0289552643828161,1.58430670424309,NA
"3828","Sample_3838",1.61326196862591,0.021036762520252,0,"3828","2","3828",0.0906840021184319,0.10404642026788,0.111720764638684,1.72498273326459,NA
"3829","Sample_3839",1.61326196862591,0.021036762520252,0,"3829","2","3829",0.0906840021184319,0.10404642026788,0.111720764638684,1.72498273326459,NA
"3830","Sample_3840",1.61326196862591,-0.202482881718008,0,"3830","2","3830",-0.00774274910558918,0.0988102147349242,-0.210225630823597,1.40303633780231,NA
"3831","Sample_3841",1.61326196862591,-0.0983252463540884,0,"3831","2","3831",0.103531450767297,0.0972979002311195,0.00520620441320896,1.61846817303912,NA
"3832","Sample_3842",1.61326196862591,-0.020118552503301,0,"3832","2","3832",-0.224268547116318,0.077789151764933,-0.244387099619619,1.36887486900629,NA
"3833","Sample_3843",1.61326196862591,-0.020118552503301,0,"3833","2","3833",-0.224268547116318,0.077789151764933,-0.244387099619619,1.36887486900629,NA
"3834","Sample_3844",1.61326196862591,-0.202482881718008,0,"3834","2","3834",-0.00774274910558918,0.0988102147349242,-0.210225630823597,1.40303633780231,NA
"3835","Sample_3845",1.61326196862591,0.203401091734959,0,"3835","2","3835",-0.125841795892313,0.0830253572978851,0.0775592958426455,1.69082126446855,NA
"3836","Sample_3846",1.61326196862591,0.307558727098878,0,"3836","2","3836",-0.0145675960194219,0.0815130427940826,0.292991131079456,1.90625309970536,NA
"3837","Sample_3847",1.61326196862591,0.021036762520252,0,"3837","2","3837",0.0906840021184319,0.10404642026788,0.111720764638684,1.72498273326459,NA
"3838","Sample_3848",1.61326196862591,0.203401091734959,0,"3838","2","3838",-0.125841795892313,0.0830253572978851,0.0775592958426455,1.69082126446855,NA
"3839","Sample_3849",1.61326196862591,-0.020118552503301,0,"3839","2","3839",-0.224268547116318,0.077789151764933,-0.244387099619619,1.36887486900629,NA
"3840","Sample_3850",1.61326196862591,0.0840390828606184,0,"3840","2","3840",-0.112994347243435,0.0762768372611278,-0.0289552643828161,1.58430670424309,NA
"3841","Sample_3851",1.61326196862591,0.203401091734959,0,"3841","2","3841",-0.125841795892313,0.0830253572978851,0.0775592958426455,1.69082126446855,NA
"3842","Sample_3852",1.61326196862591,0.125194397884171,0,"3842","2","3842",0.201958201991315,0.102534105764073,0.327152599875487,1.94041456850139,NA
"3843","Sample_3853",1.61326196862591,0.125194397884171,0,"3843","2","3843",0.201958201991315,0.102534105764073,0.327152599875487,1.94041456850139,NA
"3844","Sample_3854",1.61326196862591,0.021036762520252,0,"3844","2","3844",0.0906840021184319,0.10404642026788,0.111720764638684,1.72498273326459,NA
"3845","Sample_3855",1.61326196862591,-0.020118552503301,0,"3845","2","3845",-0.224268547116318,0.077789151764933,-0.244387099619619,1.36887486900629,NA
"3846","Sample_3856",1.61326196862591,-0.0983252463540884,0,"3846","2","3846",0.103531450767297,0.0972979002311195,0.00520620441320896,1.61846817303912,NA
"3847","Sample_3857",1.61326196862591,0.203401091734959,0,"3847","2","3847",-0.125841795892313,0.0830253572978851,0.0775592958426455,1.69082126446855,NA
"3848","Sample_3858",1.61326196862591,0.203401091734959,0,"3848","2","3848",-0.125841795892313,0.0830253572978851,0.0775592958426455,1.69082126446855,NA
"3849","Sample_3859",1.61326196862591,-0.020118552503301,0,"3849","2","3849",-0.224268547116318,0.077789151764933,-0.244387099619619,1.36887486900629,NA
"3850","Sample_3860",1.61326196862591,0.125194397884171,0,"3850","2","3850",0.201958201991315,0.102534105764073,0.327152599875487,1.94041456850139,NA
"3851","Sample_3861",1.61326196862591,0.307558727098878,0,"3851","2","3851",-0.0145675960194219,0.0815130427940826,0.292991131079456,1.90625309970536,NA
"3852","Sample_3862",1.61326196862591,-0.0983252463540884,0,"3852","2","3852",0.103531450767297,0.0972979002311195,0.00520620441320896,1.61846817303912,NA
"3853","Sample_3863",1.61326196862591,0.307558727098878,0,"3853","2","3853",-0.0145675960194219,0.0815130427940826,0.292991131079456,1.90625309970536,NA
"3854","Sample_3864",1.61326196862591,0.307558727098878,0,"3854","2","3854",-0.0145675960194219,0.0815130427940826,0.292991131079456,1.90625309970536,NA
"3855","Sample_3865",1.61326196862591,0.125194397884171,0,"3855","2","3855",0.201958201991315,0.102534105764073,0.327152599875487,1.94041456850139,NA
"3856","Sample_3866",1.61326196862591,0.125194397884171,0,"3856","2","3856",0.201958201991315,0.102534105764073,0.327152599875487,1.94041456850139,NA
"3857","Sample_3867",1.61326196862591,-0.020118552503301,0,"3857","2","3857",-0.224268547116318,0.077789151764933,-0.244387099619619,1.36887486900629,NA
"3858","Sample_3868",1.61326196862591,0.125194397884171,0,"3858","2","3858",0.201958201991315,0.102534105764073,0.327152599875487,1.94041456850139,NA
"3859","Sample_3869",1.61326196862591,0.021036762520252,0,"3859","2","3859",0.0906840021184319,0.10404642026788,0.111720764638684,1.72498273326459,NA
"3860","Sample_3870",1.61326196862591,-0.0983252463540884,0,"3860","2","3860",0.103531450767297,0.0972979002311195,0.00520620441320896,1.61846817303912,NA
"3861","Sample_3871",1.61326196862591,-0.202482881718008,0,"3861","2","3861",-0.00774274910558918,0.0988102147349242,-0.210225630823597,1.40303633780231,NA
"3862","Sample_3872",1.61326196862591,-0.0983252463540884,0,"3862","2","3862",0.103531450767297,0.0972979002311195,0.00520620441320896,1.61846817303912,NA
"3863","Sample_3873",1.61326196862591,-0.202482881718008,0,"3863","2","3863",-0.00774274910558918,0.0988102147349242,-0.210225630823597,1.40303633780231,NA
"3864","Sample_3874",1.61326196862591,0.307558727098878,0,"3864","2","3864",-0.0145675960194219,0.0815130427940826,0.292991131079456,1.90625309970536,NA
"3865","Sample_3875",1.61326196862591,0.0840390828606184,0,"3865","2","3865",-0.112994347243435,0.0762768372611278,-0.0289552643828161,1.58430670424309,NA
"3866","Sample_3876",1.61326196862591,0.021036762520252,0,"3866","2","3866",0.0906840021184319,0.10404642026788,0.111720764638684,1.72498273326459,NA
"3867","Sample_3877",1.61326196862591,0.307558727098878,0,"3867","2","3867",-0.0145675960194219,0.0815130427940826,0.292991131079456,1.90625309970536,NA
"3868","Sample_3878",1.61326196862591,0.125194397884171,0,"3868","2","3868",0.201958201991315,0.102534105764073,0.327152599875487,1.94041456850139,NA
"3869","Sample_3879",1.61326196862591,0.0840390828606184,0,"3869","2","3869",-0.112994347243435,0.0762768372611278,-0.0289552643828161,1.58430670424309,NA
"3870","Sample_3880",1.61326196862591,0.125194397884171,0,"3870","2","3870",0.201958201991315,0.102534105764073,0.327152599875487,1.94041456850139,NA
"3871","Sample_3881",1.61326196862591,0.0840390828606184,0,"3871","2","3871",-0.112994347243435,0.0762768372611278,-0.0289552643828161,1.58430670424309,NA
"3872","Sample_3882",1.61326196862591,0.307558727098878,0,"3872","2","3872",-0.0145675960194219,0.0815130427940826,0.292991131079456,1.90625309970536,NA
"3873","Sample_3883",1.61326196862591,0.0840390828606184,0,"3873","2","3873",-0.112994347243435,0.0762768372611278,-0.0289552643828161,1.58430670424309,NA
"3874","Sample_3884",1.61326196862591,0.307558727098878,0,"3874","2","3874",-0.0145675960194219,0.0815130427940826,0.292991131079456,1.90625309970536,NA
"3875","Sample_3885",1.61326196862591,0.307558727098878,0,"3875","2","3875",-0.0145675960194219,0.0815130427940826,0.292991131079456,1.90625309970536,NA
"3876","alleles",1.61326196862591,0.307558727098878,0,"3876","2","3876",-0.0145675960194219,0.0815130427940826,0.292991131079456,1.90625309970536,NA
"3877","chrom",1.61326196862591,0.307558727098878,0,"3877","2","3877",-0.0145675960194219,0.0815130427940826,0.292991131079456,1.90625309970536,NA
"3878","pos",1.61326196862591,0.307558727098878,0,"3878","2","3878",-0.0145675960194219,0.0815130427940826,0.292991131079456,1.90625309970536,NA
"3879","strand",1.61326196862591,-0.728981179599569,0,"3879","2","3879",-0.515314835561076,0.548228912593195,-1.24429601516064,0.368965953465263,NA
"3880","assembly.",1.61326196862591,-0.728981179599569,0,"3880","2","3880",-0.515314835561076,0.548228912593195,-1.24429601516064,0.368965953465263,NA
"3881","center",1.61326196862591,-0.728981179599569,0,"3881","2","3881",-0.515314835561076,0.548228912593195,-1.24429601516064,0.368965953465263,NA
"3882","protLSID",1.61326196862591,-0.728981179599569,0,"3882","2","3882",-0.515314835561076,0.548228912593195,-1.24429601516064,0.368965953465263,NA
"3883","assayLSID",1.61326196862591,-0.728981179599569,0,"3883","2","3883",-0.515314835561076,0.548228912593195,-1.24429601516064,0.368965953465263,NA
"3884","panelLSID",1.61326196862591,-0.728981179599569,0,"3884","2","3884",-0.515314835561076,0.548228912593195,-1.24429601516064,0.368965953465263,NA
"3885","QCcode",1.61326196862591,-0.728981179599569,0,"3885","2","3885",-0.515314835561076,0.548228912593195,-1.24429601516064,0.368965953465263,NA
"3886","S_1007_S311",1.61326196862591,0.258801723289787,0,"3886","1","   1",-0.149219985037979,0.229483142748527,0.109581738251808,1.72284370687772,1.8612097182042
"3887","S_102_S245",1.61326196862591,0.205339008825346,0,"3887","1","   2",-0.324106830108466,0.242375618595163,-0.11876782128312,1.49449414734279,1.65487545982344
"3888","S_1031_S380",1.61326196862591,0.212375218527263,0,"3888","1","   3",-0.686928694603644,0.238835076430763,-0.474553476076381,1.13870849254953,1
"3889","S_1045_S231",1.61326196862591,0.0236128433637046,0,"3889","1","   4",-0.838130615023013,0.260345381658277,-0.814517771659308,0.798744196966599,0
"3890","S_1052_S227",1.61326196862591,0.0710321853254024,0,"3890","1","   5",0.243198260796208,0.315539800046195,0.314230446121611,1.92749241474752,2.11474252688113
"3891","S_1054_S345",1.61326196862591,0.0690002763136923,0,"3891","1","   6",-0.28848381863744,0.225882047368952,-0.219483542323747,1.39377842630216,0.840896415253715
"3892","S_1057_S302",1.61326196862591,-0.00818646914779612,0,"3892","1","   7",-0.371245441055457,0.342020171433458,-0.379431910203253,1.23383005842265,0.840896415253715
"3893","S_106_S223",1.61326196862591,0.178808969700466,0,"3893","1","   8",-0.315657552471462,0.258282652112126,-0.136848582770996,1.47641338585491,1.8612097182042
"3894","S_1082_S287",1.61326196862591,0.129514148499729,0,"3894","1","   9",-0.204224840518045,0.281750989342354,-0.0747106920183164,1.53855127660759,1.56508458007329
"3895","S_108_S258",1.61326196862591,0.103489298253727,0,"3895","1","  10",-0.33008375541931,0.311479963742698,-0.226594457165584,1.38666751146032,1.56508458007329
"3896","S_109_S351",1.61326196862591,0.0572919941092124,0,"3896","1","  11",-0.261801110419677,0.273886571794545,-0.204509116310465,1.40875285231544,1.49534878122122
"3897","S_1124_S271",1.61326196862591,0.217736760122637,0,"3897","1","  12",-0.40749069754085,0.235358346813678,-0.189753937418213,1.4235080312077,1.18920711500272
"3898","S_1127_S332",1.61326196862591,-0.274691511236931,0,"3898","1","  13",-0.288061495592037,0.377523000697954,-0.562753006828968,1.05050896179694,0
"3899","S_1130_S319",1.61326196862591,0.127689876481242,0,"3899","1","  14",0.00519219781271565,0.226600589386708,0.132882074293958,1.74614404291987,2.65914794847249
"3900","S_1132_S315",1.61326196862591,0.224099607738614,0,"3900","1","  15",-0.278186220842286,0.235737542008475,-0.0540866131036714,1.55917535552224,1.65487545982344
"3901","S_1159_S297",1.61326196862591,0.189984308145102,0,"3901","1","  16",-0.137301096053222,0.241303604364635,0.0526832120918808,1.66594518071779,1.56508458007329
"3902","S_1161_S254",1.61326196862591,0.134183857834982,0,"3902","1","  17",-0.272123479419712,0.276102791003924,-0.13793962158473,1.47532234704118,1.31607401295249
"3903","S_1162_S384",1.61326196862591,0.109285353438577,0,"3903","1","  18",0.202253803936091,0.306775390069284,0.311539157374668,1.92480112600058,2.51486685936587
"3904","S_1223_S229",1.61326196862591,0.0219891340793513,0,"3904","1","  19",0.113590644567499,0.245419329495969,0.13557977864685,1.74884174727276,1.4142135623731
"3905","S_1237_S377",1.61326196862591,-0.0320535615149098,0,"3905","1","  20",-0.414273980913464,0.285680861515657,-0.446327542428374,1.16693442619753,0
"3906","S_129_S310",1.61326196862591,0.0818520235136517,0,"3906","1","  21",-0.52444746216375,0.316044187820198,-0.442595438650098,1.17066652997581,0
"3907","S_1305_S246",1.61326196862591,-0.273142919770944,0,"3907","1","  22",-0.23989157832674,0.225219443680518,-0.513034498097684,1.10022747052822,1.77827941003892
"3908","S_130_S333",1.61326196862591,0.0593314934642488,0,"3908","1","  23",-0.458363173813563,0.336092907183343,-0.399031680349314,1.21423028827659,0
"3909","S_1315_S322",1.61326196862591,-0.0452219874824606,0,"3909","1","  24",-0.138113972115157,0.224902340164536,-0.183335959597618,1.42992600902829,1.49534878122122
"3910","S_1317_S208",1.61326196862591,-0.057881406701102,0,"3910","1","  25",-0.104317253753977,0.236720693278183,-0.162198660455079,1.45106330817083,1.49534878122122
"3911","S_1324_S206",1.61326196862591,-0.148864305314783,0,"3911","1","  26",0.164484906552496,0.303594910870674,0.0156206012377128,1.62888256986362,2.11474252688113
"3912","S_1328_S372",1.61326196862591,-0.147862251918948,0,"3912","1","  27",0.112702337164735,0.286118601318958,-0.035159914754213,1.57810205387169,2.34034731932072
"3913","S_1343_S366",1.61326196862591,-0.405793803492223,0,"3913","1","  28",-0.63412186930821,0.275174984177768,-1.03991567280043,0.573346295825475,1
"3914","S_137_S285",1.61326196862591,-0.168726577668295,0,"3914","1","  29",-0.292235903459103,0.311570766902174,-0.460962481127397,1.15229948749851,1
"3915","S_1383_S323",1.61326196862591,-0.447176146397699,0,"3915","1","  30",0.0415402587284212,0.52996120433631,-0.405635887669278,1.20762608095663,1.10668191970032
"3916","S_1404_S202",1.61326196862591,-0.216249882289668,0,"3916","1","  31",-0.616549752650668,0.221957967111522,-0.832799634940336,0.780462333685572,0
"3917","S_1407_S312",1.61326196862591,-0.014537133579488,0,"3917","1","  32",-0.043725509668642,0.399150046018255,-0.0582626432481301,1.55499932537778,1.31607401295249
"3918","S_140_S320",1.61326196862591,0.088654133211709,0,"3918","1","  33",-0.0873002299375991,0.276355233523497,0.00135390327410993,1.61461587190002,2.51486685936587
"3919","S_1423_S318",1.61326196862591,-0.0857179945092874,0,"3919","1","  34",0.565601320046417,0.238630346109666,0.47988332553713,2.09314529416304,2.51486685936587
"3920","S_1430_S329",1.61326196862591,-0.384888289777946,0,"3920","1","  35",-0.157148392394554,0.314538429368241,-0.542036682172499,1.07122528645341,1.4142135623731
"3921","S_1431_S278",1.61326196862591,-0.527474156923598,0,"3921","1","  36",-0.0200125082359956,0.332695938488208,-0.547486665159594,1.06577530346631,0
"3922","S_1437_S292",1.61326196862591,-0.424743442196088,0,"3922","1","  37",0.379099286632917,0.329270104747661,-0.0456441555631708,1.56761781306274,1.18920711500272
"3923","S_1441_S235",1.61326196862591,0.138707121199904,0,"3923","1","  38",-0.416353180488465,0.269230386351441,-0.277646059288561,1.33561590933735,1.96798967126543
"3924","S_1442_S328",1.61326196862591,-0.124330912550648,0,"3924","1","  39",-0.518738088813713,0.265324899148985,-0.643069001364361,0.970192967261547,0
"3925","S_1452_S275",1.61326196862591,-0.0888092773566838,0,"3925","1","  40",0.168307550500755,0.263988246239658,0.0794982731440711,1.69276024176998,1.49534878122122
"3926","S_1472_S295",1.61326196862591,0.0701569709714768,0,"3926","1","  41",-0.77007655528425,0.222525993764895,-0.699919584312773,0.913342384313135,0
"3927","S_1488_S316",1.61326196862591,-0.249312982520499,0,"3927","1","  42",0.227545966043805,0.395174424418745,-0.021767016476694,1.59149495214921,1.62657656169779
"3928","S_148_S249",1.61326196862591,-0.32046721250845,0,"3928","1","  43",-0.218075346182924,0.267932034600846,-0.538542558691374,1.07471940993453,1
"3929","S_1496_S272",1.61326196862591,-0.207693865233499,0,"3929","1","  44",0.0190573398906777,0.256940299294468,-0.188636525342821,1.42462544328309,2.65914794847249
"3930","S_150_S251",1.61326196862591,-0.281192623815558,0,"3930","1","  45",0.848105931469867,0.261388503816782,0.566913307654308,2.18017527628022,1.31607401295249
"3931","S_1513_S327",1.61326196862591,-0.146195367593571,0,"3931","1","  46",-0.50979696268667,0.224893108314921,-0.655992330280241,0.957269638345666,0
"3932","S_1518_S240",1.61326196862591,-0.5046572276979,0,"3932","1","  47",-0.0464885232546073,0.328625814737211,-0.551145750952508,1.0621162176734,1
"3933","S_1549_S342",1.61326196862591,-0.0405394991502809,0,"3933","1","  48",-0.198494541227347,0.251406621846649,-0.239034040377628,1.37422792824828,0
"3934","S_1573_S236",1.61326196862591,-0.523827372092555,0,"3934","1","  49",-0.860539344232187,0.309314852279391,-1.38436671632474,0.228895252301166,1
"3935","S_1584_S296",1.61326196862591,0.175004372733042,0,"3935","1","  50",-0.0803509249178642,0.235656631962006,0.0946534478151779,1.70791541644109,2.21336383940064
"3936","S_1599_S343",1.61326196862591,0.164146301110059,0,"3936","1","  51",-0.268499236435354,0.252874753011161,-0.104352935325295,1.50890903330061,2.65914794847249
"3937","S_1619_S303",1.61326196862591,-0.464716045866888,0,"3937","1","  52",0.051112162019824,0.371765509197622,-0.413603883847064,1.19965808477884,1.77827941003892
"3938","S_1621_S339",1.61326196862591,-0.324309418847775,0,"3938","1","  53",0.282624423935088,0.268412771470074,-0.0416849949126873,1.57157697371322,2.54572989502183
"3939","S_1623_S378",1.61326196862591,-0.00616134708193808,0,"3939","1","  54",-0.498272630695742,0.23555558111536,-0.50443397777768,1.10882799084823,1.65487545982344
"3940","S_1629_S373",1.61326196862591,-0.280735280280661,0,"3940","1","  55",-0.06458986503465,0.326584926752428,-0.345325145315311,1.2679368233106,1.77827941003892
"3941","S_1631_S361",1.61326196862591,-0.301219082897563,0,"3941","1","  56",1.03865824459596,0.322517747394435,0.737439161698397,2.3507011303243,2.65914794847249
"3942","S_1637_S325",1.61326196862591,-0.0447276400641194,0,"3942","1","  57",0.360329312292846,0.258502575872602,0.315601672228727,1.92886364085463,2.44948974278318
"3943","S_1639_S204",1.61326196862591,-0.0401962007830159,0,"3943","1","  58",-0.30084029599322,0.275661068888185,-0.341036496776236,1.27222547184967,1.31607401295249
"3944","S_1643_S375",1.61326196862591,-0.0613712053137128,0,"3944","1","  59",-0.232564711386782,0.296703819182737,-0.293935916700494,1.31932605192541,1
"3945","S_1649_S331",1.61326196862591,-0.331580438318834,0,"3945","1","  60",-0.0195985175142809,0.360519669580476,-0.351178955833115,1.26208301279279,1.49534878122122
"3946","S_1653_S294",1.61326196862591,-0.196076224159396,0,"3946","1","  61",-0.603050779433482,0.27170029939419,-0.799127003592878,0.81413496503303,1
"3947","S_165_S284",1.61326196862591,0.0456165919906415,0,"3947","1","  62",-0.0741659541350428,0.266265180341305,-0.0285493621444013,1.58471260648151,1.49534878122122
"3948","S_1677_S221",1.61326196862591,0.0868227539157457,0,"3948","1","  63",-0.572044259735807,0.309079664108533,-0.485221505820062,1.12804046280585,0
"3949","S_1683_S338",1.61326196862591,0.222246142158424,0,"3949","1","  64",-0.237942497859173,0.239780478491041,-0.0156963557007487,1.59756561292516,1.18920711500272
"3950","S_1689_S192",1.61326196862591,-0.232394835103635,0,"3950","1","  65",-0.364333501229227,0.255571833283487,-0.596728336332861,1.01653363229305,0
"3951","S_1699_S367",1.61326196862591,0.00795227074175393,0,"3951","1","  66",-0.608685574253562,0.231820849909753,-0.600733303511808,1.0125286651141,1.18920711500272
"3952","S_171_S219",1.61326196862591,0.0651093690933281,0,"3952","1","  67",0.751069497240787,0.256708360377991,0.816178866334115,2.42944083496002,2.59002006411135
"3953","S_1723_S369",1.61326196862591,-0.391715011331568,0,"3953","1","  68",0.175027940202449,0.42287105264659,-0.216687071129119,1.39657489749679,1.4142135623731
"3954","S_1728_S376",1.61326196862591,-0.221889750395681,0,"3954","1","  69",0.0454956952248774,0.243388463371276,-0.176394055170804,1.4368679134551,2.78315768371374
"3955","S_1736_S359",1.61326196862591,-0.139631461186322,0,"3955","1","  70",0.0834811132815518,0.265664639072922,-0.0561503479047704,1.55711162072114,1.96798967126543
"3956","S_1742_S357",1.61326196862591,-0.229184209783239,0,"3956","1","  71",-0.551565739996504,0.246603433059847,-0.780749949779743,0.832512018846165,1.8612097182042
"3957","S_1749_S247",1.61326196862591,-0.212904915424753,0,"3957","1","  72",-0.619189446584809,0.287532097839566,-0.832094362009562,0.781167606616346,1
"3958","S_1779_S226",1.61326196862591,-0.173071101868872,0,"3958","1","  73",0.234682240330371,0.327040662843073,0.0616111384614997,1.67487310708741,2.65914794847249
"3959","S_1810_S213",1.61326196862591,0.167203398596432,0,"3959","1","  74",-0.224989288352897,0.226514813281831,-0.0577858897564656,1.55547607886944,1.8612097182042
"3960","S_1813_S253",1.61326196862591,0.151594597828609,0,"3960","1","  75",-0.615673506579617,0.256583075048719,-0.464078908751008,1.1491830598749,1.56508458007329
"3961","S_1817_S210",1.61326196862591,-0.1413987085096,0,"3961","1","  76",-0.0102492183015346,0.288535884311302,-0.151647926811135,1.46161404181477,2.34034731932072
"3962","S_1818_S238",1.61326196862591,-0.374789276379021,0,"3962","1","  77",-0.787294881281034,0.302160066016356,-1.16208415766005,0.451177810965853,0
"3963","S_1825_S198",1.61326196862591,0.152574260298294,0,"3963","1","  78",-0.0831165543018118,0.279759632538714,0.0694577059964823,1.68271967462239,1.49534878122122
"3964","S_1837_S256",1.61326196862591,-0.0301049601020246,0,"3964","1","  79",0.468471798594762,0.255403404511186,0.438366838492738,2.05162880711865,2.78315768371374
"3965","S_1839_S299",1.61326196862591,-0.124719703547478,0,"3965","1","  80",0.110579697317542,0.359808541900937,-0.0141400062299359,1.59912196239597,2.21336383940064
"3966","S_183_S263",1.61326196862591,0.280865581937722,0,"3966","1","  81",0.297961362933796,0.233431976665708,0.578826944871518,2.19208891349743,2.65914794847249
"3967","S_1841_S250",1.61326196862591,0.129929750960977,0,"3967","1","  82",-0.539077962117004,0.271385937163731,-0.409148211156027,1.20411375746988,0
"3968","S_1865_S374",1.61326196862591,0.0697009803186911,0,"3968","1","  83",0.0865710066029394,0.233301590649434,0.156271986921631,1.76953395554754,2.21336383940064
"3969","S_1874_S244",1.61326196862591,0.142587865930884,0,"3969","1","  84",0.149514833940839,0.251055146736329,0.292102699871724,1.90536466849763,2.34034731932072
"3970","S_1877_S262",1.61326196862591,-0.166635316939063,0,"3970","1","  85",0.317998005703923,0.27222806878943,0.15136268876486,1.76462465739077,2.78315768371374
"3971","S_1899_S193",1.61326196862591,0.122678871956173,0,"3971","1","  86",0.105685309701783,0.217958600284498,0.228364181657956,1.84162615028386,1.62657656169779
"3972","S_1900_S242",1.61326196862591,0.0235771432840435,0,"3972","1","  87",0.217186907120067,0.295648932604413,0.24076405040411,1.85402601903002,1.56508458007329
"3973","S_1936_S218",1.61326196862591,-0.117566945596252,0,"3973","1","  88",0.0847872155394298,0.315467440124996,-0.032779730056822,1.58048223856909,1.18920711500272
"3974","S_1952_S293",1.61326196862591,-0.234167450981496,0,"3974","1","  89",-0.67268622523696,0.283472643973085,-0.906853676218456,0.706408292407452,1.18920711500272
"3975","S_1969_S291",1.61326196862591,-0.367786596212068,0,"3975","1","  90",0.4589843795097,0.281084515807123,0.0911977832976319,1.70445975192354,1.31607401295249
"3976","S_1973_S267",1.61326196862591,-0.151316343878003,0,"3976","1","  91",0.600023483461732,0.267487965721564,0.448707139583728,2.06196910820964,2.89250760851908
"3977","S_197_S207",1.61326196862591,-0.0277607144912545,0,"3977","1","  92",0.12362494426431,0.244746879156955,0.0958642297730556,1.70912619839896,1.4142135623731
"3978","S_198_S304",1.61326196862591,-0.257533863483062,0,"3978","1","  93",-0.278925176948238,0.387522542487704,-0.5364590404313,1.07680292819461,0
"3979","S_2010_S200",1.61326196862591,-0.356694732661162,0,"3979","1","  94",-0.232714917213876,0.291005536187713,-0.589409649875037,1.02385231875087,0
"3980","S_2014_S264",1.61326196862591,-0.242538106624927,0,"3980","1","  95",-0.214380857257949,0.311721337090983,-0.456918963882876,1.15634300474303,1.25743342968294
"3981","S_2015_S266",1.61326196862591,-0.290121648067441,0,"3981","1","  96",-0.441263032216336,0.290880769540002,-0.731384680283777,0.881877288342131,0
"3982","S_2037_S371",1.61326196862591,-0.113641152037669,0,"3982","1","  97",-0.718198037860644,0.279014928432956,-0.831839189898314,0.781422778727594,0
"3983","S_2073_S215",1.61326196862591,-0.158990684130811,0,"3983","1","  98",-0.227799517683052,0.351280754411389,-0.386790201813863,1.22647176681204,1.49534878122122
"3984","S_2099_S335",1.61326196862591,-0.193645538960812,0,"3984","1","  99",-0.322584681485648,0.354333393983968,-0.51623022044646,1.09703174817945,0.840896415253715
"3985","S_209_S379",1.61326196862591,0.121083209056937,0,"3985","1"," 100",-1.03994901877467,0.275637686746932,-0.918865809717737,0.694396158908171,0
"3986","S_2103_S301",1.61326196862591,0.0787389180821668,0,"3986","1"," 101",-0.0575448770935476,0.212653916873582,0.0211940409886192,1.63445600961453,2.34034731932072
"3987","S_2104_S224",1.61326196862591,-0.196114975239552,0,"3987","1"," 102",-0.187093946216266,0.314473255075065,-0.383208921455817,1.23005304717009,1.31607401295249
"3988","S_2105_S269",1.61326196862591,0.246249277433205,0,"3988","1"," 103",-0.773092380044938,0.233236416524266,-0.526843102611733,1.08641886601417,0
"3989","S_2107_S349",1.61326196862591,-0.466634443372782,0,"3989","1"," 104",-0.2115119753469,0.36977754550038,-0.678146418719682,0.935115549906226,1.18920711500272
"3990","S_2115_S280",1.61326196862591,-0.383717498056898,0,"3990","1"," 105",0.296225716420958,0.414755021657722,-0.0874917816359395,1.52577018698997,2.34034731932072
"3991","S_2116_S350",1.61326196862591,-0.267236554654505,0,"3991","1"," 106",-0.481108792460786,0.306269606385034,-0.748345347115291,0.864916621510617,1.31607401295249
"3992","S_2135_S234",1.61326196862591,-0.196218124801743,0,"3992","1"," 107",-0.301760689135712,0.363797752531038,-0.497978813937455,1.11528315468845,1.31607401295249
"3993","S_2140_S363",1.61326196862591,-0.190604816747236,0,"3993","1"," 108",-0.520948288292092,0.321667221123184,-0.711553105039328,0.90170886358658,0
"3994","S_2145_S212",1.61326196862591,-0.144932379077768,0,"3994","1"," 109",-0.705253929738949,0.30047490317288,-0.850186308816717,0.763075659809191,0
"3995","S_2155_S383",1.61326196862591,-0.296988959675879,0,"3995","1"," 110",-0.285604534511764,0.42890588436583,-0.582593494187643,1.03066847443827,1.4142135623731
"3996","S_2187_S360",1.61326196862591,-0.15879749185885,0,"3996","1"," 111",0.106025431117727,0.366074649147699,-0.0527720607411225,1.56048990788479,1.96798967126543
"3997","S_2192_S307",1.61326196862591,-0.134482665232662,0,"3997","1"," 112",0.00848356872330577,0.246254902765961,-0.125999096509356,1.48726287211655,1.31607401295249
"3998","S_2193_S216",1.61326196862591,-0.178771296235104,0,"3998","1"," 113",0.157599525924658,0.227470020428996,-0.0211717703104457,1.59209019831546,1.65487545982344
"3999","S_2201_S214",1.61326196862591,-0.176371148235463,0,"3999","1"," 114",-1.08320459663608,0.367096734574631,-1.25957574487155,0.353686223754362,0
"4000","S_2203_S277",1.61326196862591,-0.0639366877263561,0,"4000","1"," 115",-0.630488051060711,0.280349434380115,-0.694424738787067,0.918837229838841,0
"4001","S_2212_S230",1.61326196862591,-0.200254788869014,0,"4001","1"," 116",-0.844559428174661,0.357392044626651,-1.04481421704368,0.568447751582232,0
"4002","S_2214_S290",1.61326196862591,-0.31788716709484,0,"4002","1"," 117",-0.360390970824036,0.324754158886907,-0.678278137918876,0.934983830707032,1.4142135623731
"4003","S_2226_S298",1.61326196862591,-0.125553426785938,0,"4003","1"," 118",0.264537319920862,0.299347226998812,0.138983893134924,1.75224586176083,2.21336383940064
"4004","S_2228_S346",1.61326196862591,-0.178153047065213,0,"4004","1"," 119",-0.269251047233789,0.336934154878941,-0.447404094299002,1.16585787432691,0
"4005","S_2232_S273",1.61326196862591,-0.0162579494670129,0,"4005","1"," 120",-0.373322275506351,0.233808512459294,-0.389580224973364,1.22368174365254,1.31607401295249
"4006","S_2271_S195",1.61326196862591,0.0887619061794404,0,"4006","1"," 121",0.110829188780247,0.288527174158616,0.199591094959687,1.8128530635856,1.49534878122122
"4007","S_2299_S281",1.61326196862591,-0.155065267988487,0,"4007","1"," 122",0.284147418193194,0.310150445817866,0.129082150204707,1.74234411883062,2.65914794847249
"4008","S_2302_S259",1.61326196862591,-0.0722089785071451,0,"4008","1"," 123",0.103316010095644,0.231145614813683,0.0311070315884989,1.64436900021441,2.23606797749979
"4009","S_2307_S288",1.61326196862591,-0.417353703617896,0,"4009","1"," 124",0.774397523899781,0.31764144354117,0.357043820281886,1.97030578890779,2.69178163547765
"4010","S_2319_S337",1.61326196862591,-0.265807124783002,0,"4010","1"," 125",-0.585785877598618,0.305372771880837,-0.851593002381621,0.761668966244287,0
"4011","S_231_S260",1.61326196862591,0.147084561099837,0,"4011","1"," 126",-0.263644999479553,0.262446186752182,-0.116560438379716,1.49670153024619,2.11474252688113
"4012","S_2323_S355",1.61326196862591,0.10893372691976,0,"4012","1"," 127",-0.235906178560255,0.294828777701121,-0.126972451640495,1.48628951698541,1.25743342968294
"4013","S_2351_S197",1.61326196862591,0.146139581381779,0,"4013","1"," 128",-0.439062310083778,0.246095084218807,-0.292922728701998,1.32033923992391,0
"4014","S_2358_S289",1.61326196862591,-0.0484249640993824,0,"4014","1"," 129",0.0544018528139384,0.299036445032657,0.00597688871455605,1.61923885734046,1.49534878122122
"4015","S_2370_S336",1.61326196862591,-0.158119095710463,0,"4015","1"," 130",0.420727631807473,0.296284852889287,0.26260853609701,1.87587050472292,1
"4016","S_2375_S268",1.61326196862591,0.0881055960727773,0,"4016","1"," 131",-0.176621699429122,0.285631072707619,-0.0885161033563447,1.52474586526956,2.51486685936587
"4017","S_2395_S194",1.61326196862591,-0.0487998919395927,0,"4017","1"," 132",0.319345886120297,0.28630148211291,0.270545994180704,1.88380796280661,1.56508458007329
"4018","S_242_S324",1.61326196862591,-0.194098221361779,0,"4018","1"," 133",-0.6005293850477,0.3347716514933,-0.794627606409479,0.818634362216428,0
"4019","S_248_S252",1.61326196862591,-0.179899957291402,0,"4019","1"," 134",0.0973600313771,0.336822322072016,-0.0825399259143024,1.53072204271161,1.77827941003892
"4020","S_261_S368",1.61326196862591,-0.0103529214378046,0,"4020","1"," 135",-0.658642792845553,0.312952857613072,-0.668995714283357,0.94426625434255,1.96798967126543
"4021","S_269_S228",1.61326196862591,-0.306088480288211,0,"4021","1"," 136",-0.286998394105349,0.387388822238286,-0.593086874393559,1.02017509423235,0.840896415253715
"4022","S_272_S326",1.61326196862591,-0.0472136056632809,0,"4022","1"," 137",0.3371865727989,0.24149583845682,0.289972967135619,1.90323493576153,2.11474252688113
"4023","S_285_S191",1.61326196862591,-0.222143377046605,0,"4023","1"," 138",0.465214170445184,0.362937407750241,0.243070793398579,1.85633276202449,2.05976714390712
"4024","S_28_S364",1.61326196862591,-0.150397890588785,0,"4024","1"," 139",-0.760752301440578,0.302424789621211,-0.911150192029363,0.702111776596545,0
"4025","S_294_S317",1.61326196862591,-0.301136632774778,0,"4025","1"," 140",-0.534701090779533,0.347606305761169,-0.835837723554311,0.777424245071597,0
"4026","S_298_S354",1.61326196862591,-0.0744253302589668,0,"4026","1"," 141",-0.155771850577945,0.234679986515789,-0.230197180836911,1.383064787789,2.11474252688113
"4027","S_304_S341",1.61326196862591,0.118231583071797,0,"4027","1"," 142",-0.504238059728812,0.288747969713101,-0.386006476657015,1.22725549196889,0
"4028","S_325_S347",1.61326196862591,-0.326104059612527,0,"4028","1"," 143",-0.237291068190404,0.269010765786219,-0.563395127802931,1.04986684082298,0
"4029","S_381_S205",1.61326196862591,0.13362611710251,0,"4029","1"," 144",-0.257948631257031,0.247051453582656,-0.124322514154521,1.48893945447139,2.65914794847249
"4030","S_382_S276",1.61326196862591,-0.0982604048943135,0,"4030","1"," 145",0.30327973923688,0.259058010995474,0.205019334342566,1.81828130296847,2.89250760851908
"4031","S_389_S330",1.61326196862591,-0.101766227709756,0,"4031","1"," 146",0.0321159861506754,0.404648792232897,-0.0696502415590805,1.54361172706683,2.23606797749979
"4032","S_394_S237",1.61326196862591,-0.100295793231945,0,"4032","1"," 147",-0.882135045831064,0.254737679660117,-0.982430839063008,0.6308311295629,0
"4033","S_398_S239",1.61326196862591,0.0840685782758625,0,"4033","1"," 148",-0.54708701402812,0.317019213065138,-0.463018435752257,1.15024353287365,1.49534878122122
"4034","S_402_S309",1.61326196862591,-0.0584979956761928,0,"4034","1"," 149",-0.0140112825923273,0.293344324928338,-0.0725092782685201,1.54075269035739,1.31607401295249
"4035","S_415_S222",1.61326196862591,-0.0996520183589333,0,"4035","1"," 150",-0.606130491445299,0.246439855933576,-0.705782509804233,0.907479458821675,0
"4036","S_421_S358",1.61326196862591,-0.273001690701504,0,"4036","1"," 151",0.298495806620367,0.420202479088943,0.0254941159188632,1.63875608454477,1.31607401295249
"4037","S_437_S233",1.61326196862591,-0.271172927321372,0,"4037","1"," 152",-0.635437101943564,0.437049221790627,-0.906610029264935,0.706651939360972,1.18920711500272
"4038","S_449_S352",1.61326196862591,-0.306371490574833,0,"4038","1"," 153",0.362931037206501,0.464209627371823,0.056559546631668,1.66982151525758,2.05976714390712
"4039","S_451_S261",1.61326196862591,-0.374912556188278,0,"4039","1"," 154",-0.00163861642726298,0.307063276118171,-0.376551172615541,1.23671079601037,0
"4040","S_471_S344",1.61326196862591,-0.0538415736529968,0,"4040","1"," 155",-0.973562733309181,0.244129380573898,-1.02740430696218,0.58585766166373,0
"4041","S_473_S362",1.61326196862591,-0.181892092798822,0,"4041","1"," 156",-0.0590126220531282,0.294465422772352,-0.240904714851951,1.37235725377396,1.56508458007329
"4042","S_477_S225",1.61326196862591,-0.685549760499628,0,"4042","1"," 157",-0.220922501628429,0.540402810798391,-0.906472262128056,0.706789706497851,0
"4043","S_494_S382",1.61326196862591,-0.26584840036763,0,"4043","1"," 158",-0.575240947738533,0.376247233163209,-0.841089348106163,0.772172620519745,1.49534878122122
"4044","S_496_S381",1.61326196862591,0.0645415920701354,0,"4044","1"," 159",0.184942649288364,0.288630076473173,0.249484241358499,1.86274620998441,2.17793858734643
"4045","S_499_S265",1.61326196862591,0.171554413181425,0,"4045","1"," 160",0.111459282516218,0.255386396436299,0.283013695697644,1.89627566432355,2.05976714390712
"4046","S_4_S313",1.61326196862591,-0.104271238737415,0,"4046","1"," 161",0.038890011511513,0.252860510178766,-0.0653812272259018,1.54788074140001,2.78315768371374
"4047","S_525_S305",1.61326196862591,-0.166087416677435,0,"4047","1"," 162",-0.728332544857583,0.285035376531958,-0.894419961535018,0.718842007090889,0
"4048","S_529_S314",1.61326196862591,-0.287733195075722,0,"4048","1"," 163",-0.57235245666783,0.372760232550615,-0.860085651743552,0.753176316882355,1.18920711500272
"4049","S_550_S257",1.61326196862591,-0.318886934029147,0,"4049","1"," 164",0.616860171543353,0.263672067187171,0.297973237514206,1.91123520614011,2.94283095638271
"4050","S_552_S308",1.61326196862591,-0.300964725988399,0,"4050","1"," 165",-0.214682636257549,0.353574165711333,-0.515647362245948,1.09761460637996,1.31607401295249
"4051","S_564_S211",1.61326196862591,-0.0125175235983019,0,"4051","1"," 166",0.412108001284491,0.230601129715879,0.399590477686189,2.0128524463121,1.73205080756888
"4052","S_572_S203",1.61326196862591,-0.270489016069679,0,"4052","1"," 167",-0.0711090496930909,0.255128960649378,-0.34159806576277,1.27166390286314,0
"4053","S_597_S255",1.61326196862591,-0.223487273555776,0,"4053","1"," 168",-0.260448602511432,0.42992104738344,-0.483935876067208,1.1293260925587,1.8612097182042
"4054","S_652_S232",1.61326196862591,-0.478068365445173,0,"4054","1"," 169",0.733355052483279,0.391652796199256,0.255286687038107,1.86854865566401,2.51486685936587
"4055","S_66_S321",1.61326196862591,0.174899072214623,0,"4055","1"," 170",0.206312751086174,0.240479141344393,0.381211823300797,1.99447379192671,2.65914794847249
"4056","S_699_S356",1.61326196862591,0.144559932532756,0,"4056","1"," 171",-0.67711751137983,0.26743396165978,-0.532557578847073,1.08070438977883,1.49534878122122
"4057","S_6_S348",1.61326196862591,0.116040093144787,0,"4057","1"," 172",-0.0617872638361696,0.267848826140336,0.0542528293086171,1.66751479793452,1.49534878122122
"4058","S_701_S340",1.61326196862591,0.141611523979518,0,"4058","1"," 173",-0.0675284761974574,0.269515100908199,0.0740830477820603,1.68734501640797,2.11474252688113
"4059","S_704_S282",1.61326196862591,-0.269543218823344,0,"4059","1"," 174",-0.649429153566255,0.30513861566281,-0.9189723723896,0.694289596236308,2.34034731932072
"4060","S_716_S283",1.61326196862591,-0.0458204898977108,0,"4060","1"," 175",0.119238420999323,0.253035733997389,0.0734179311016119,1.68667989972752,1.8612097182042
"4061","S_732_S243",1.61326196862591,-0.0995318320177172,0,"4061","1"," 176",0.0183351434119257,0.254047144379875,-0.0811966886057915,1.53206528002012,2.54572989502183
"4062","S_737_S201",1.61326196862591,-0.178952160262316,0,"4062","1"," 177",0.634035931857837,0.329014360555516,0.455083771595522,2.06834574022143,2.73861278752583
"4063","S_769_S220",1.61326196862591,-0.101101822707471,0,"4063","1"," 178",-0.101782109750307,0.262281254479542,-0.202883932457778,1.41037803616813,1
"4064","S_797_S209",1.61326196862591,-0.397701023916157,0,"4064","1"," 179",0.111380601726279,0.314836342089696,-0.286320422189878,1.32694154643603,0
"4065","S_809_S270",1.61326196862591,-0.172391718809113,0,"4065","1"," 180",0.739074014610056,0.297335715609884,0.566682295800943,2.17994426442685,2.65914794847249
"4066","S_81_S279",1.61326196862591,-0.0694293558125799,0,"4066","1"," 181",-0.0425504614947431,0.308110593252765,-0.111979817307323,1.50128215131859,1.56508458007329
"4067","S_829_S286",1.61326196862591,0.202458729175676,0,"4067","1"," 182",-0.160687767786803,0.249316989089913,0.041770961388873,1.65503293001478,2.11474252688113
"4068","S_831_S353",1.61326196862591,0.143141624269787,0,"4068","1"," 183",-0.0651473155536247,0.290491470533906,0.0779943087161622,1.69125627734207,2.65914794847249
"4069","S_838_S306",1.61326196862591,-0.205307758877104,0,"4069","1"," 184",0.423178156986037,0.361150207330695,0.217870398108933,1.83113236673484,2.23606797749979
"4070","S_868_S274",1.61326196862591,0.243947753426118,0,"4070","1"," 185",-0.394957195976193,0.22918860619715,-0.151009442550075,1.46225252607583,1.10668191970032
"4071","S_869_S241",1.61326196862591,-0.0941093471990891,0,"4071","1"," 186",0.150229181790162,0.247404237879491,0.0561198345910727,1.66938180321698,1.56508458007329
"4072","S_874_S217",1.61326196862591,0.153701725366584,0,"4072","1"," 187",-0.278546476297264,0.276348285129605,-0.12484475093068,1.48841721769523,2.34034731932072
"4073","S_881_S365",1.61326196862591,0.164389626551531,0,"4073","1"," 188",-0.237267125654156,0.238330110810727,-0.072877499102625,1.54038446952328,2.78315768371374
"4074","S_89_S199",1.61326196862591,-0.3481692465116,0,"4074","1"," 189",-0.276971538074288,0.542460952786826,-0.625140784585888,0.98812118404002,0
"4075","S_905_S248",1.61326196862591,-0.105048904572005,0,"4075","1"," 190",-0.491990553681259,0.246179760644269,-0.597039458253265,1.01622251037264,0.840896415253715
"4076","S_927_S334",1.61326196862591,-0.238540622697535,0,"4076","1"," 191",-0.318183301626903,0.293205741491755,-0.556723924324438,1.05653804430147,0
"4077","S_984_S370",1.61326196862591,-0.387492083525743,0,"4077","1"," 192",0.305561527735405,0.326031774668464,-0.0819305557903376,1.53133141283557,1.49534878122122
"4078","S_989_S196",1.61326196862591,-0.0137244247026729,0,"4078","1"," 193",-0.047106680843209,0.303251668555369,-0.0608311055458819,1.55243086308003,1.25743342968294
"4079","S_9_S300",1.61326196862591,0.164145967051592,0,"4079","1"," 194",0.317386902142821,0.236183230468321,0.481532869194414,2.09479483782032,2.78315768371374
"4080","S_1001_S52_L003",1.61326196862591,0.240222977309427,0,"4080","1"," 195",-0.0666941501549825,0.22884112693848,0.173528827154445,1.78679079578035,2.65914794847249
"4081","S_1004_S75_L003",1.61326196862591,0.274968832106906,0,"4081","1"," 196",0.121722411553108,0.232301550347634,0.396691243660014,2.00995321228592,2.89250760851908
"4082","S_1010_S144",1.61326196862591,-0.0083176293586914,0,"4082","1"," 197",-0.224819971044171,0.235362802632863,-0.233137600402862,1.38012436822305,1.49534878122122
"4083","S_1012_S150",1.61326196862591,0.0117578853191691,0,"4083","1"," 198",-0.113947186653651,0.300788200182841,-0.102189301334482,1.51107266729143,2.11474252688113
"4084","S_1013_S145",1.61326196862591,-0.0247576504134879,0,"4084","1"," 199",-0.14351448028658,0.260559530431451,-0.168272130700067,1.44498983792584,1.49534878122122
"4085","S_101_S15_L003",1.61326196862591,-0.16195729139379,0,"4085","1"," 200",-0.448269042641745,0.276279012665754,-0.610226334035535,1.00303563459037,1
"4086","S_1020_S139",1.61326196862591,0.227098710867423,0,"4086","1"," 201",-0.51399136676693,0.236062276784669,-0.286892655899507,1.3263693127264,1.22474487139159
"4087","S_1022_S29",1.61326196862591,-0.145394292678948,0,"4087","1"," 202",-0.241480479776583,0.283845318637561,-0.386874772455531,1.22638719617038,2.23606797749979
"4088","S_1029_S66_L003",1.61326196862591,0.19782130195874,0,"4088","1"," 203",-0.558201178446691,0.243714703913606,-0.360379876487951,1.25288209213796,0
"4089","S_1030_S13",1.61326196862591,-0.269151573654751,0,"4089","1"," 204",-0.100377390701254,0.272689089990347,-0.369528964356004,1.2437330042699,2.34034731932072
"4090","S_1036_S32",1.61326196862591,-0.398261878032907,0,"4090","1"," 205",0.504007601122172,0.327838651776572,0.105745723089264,1.71900769171517,1.77827941003892
"4091","S_1041_S151",1.61326196862591,0.098167063870545,0,"4091","1"," 206",0.799791155756004,0.267406119983845,0.897958219626549,2.51122018825246,2.89250760851908
"4092","S_1053_S23",1.61326196862591,-0.226556521998028,0,"4092","1"," 207",0.320768517177014,0.404104752026386,0.0942119951789858,1.70747396380489,2.21336383940064
"4093","S_1075_S38",1.61326196862591,-0.331866799435327,0,"4093","1"," 208",0.322962250089437,0.39265365409583,-0.00890454934588958,1.60435741928002,2.11474252688113
"4094","S_1076_S167",1.61326196862591,-0.282444712370343,0,"4094","1"," 209",0.881030674332476,0.413133011563934,0.598585961962133,2.21184793058804,2.34034731932072
"4095","S_107_S16",1.61326196862591,0.228012414465732,0,"4095","1"," 210",0.186413644130141,0.241662077502802,0.414426058595873,2.02768802722178,2.34034731932072
"4096","S_1093_S116",1.61326196862591,0.157885658401989,0,"4096","1"," 211",-0.0078068317271775,0.263734589606942,0.150078826674811,1.76334079530072,2.34034731932072
"4097","S_10_S169",1.61326196862591,0.0687807791208107,0,"4097","1"," 212",0.140541865945778,0.294032360998716,0.209322645066589,1.8225846136925,1.8612097182042
"4098","S_1118_S92",1.61326196862591,-0.0436775030309396,0,"4098","1"," 213",-0.199225990834536,0.331926103811388,-0.242903493865476,1.37035847476043,1.49534878122122
"4099","S_1125_S30_L003",1.61326196862591,0.0765760484143446,0,"4099","1"," 214",-0.482786538580728,0.328655876912032,-0.406210490166383,1.20705147845952,0
"4100","S_1134_S91",1.61326196862591,-0.37234147464303,0,"4100","1"," 215",-0.228049288880155,0.301283801421435,-0.600390763523185,1.01287120510272,1.31607401295249
"4101","S_1138_S159",1.61326196862591,-0.310802664413734,0,"4101","1"," 216",0.445272973815194,0.322391159928712,0.13447030940146,1.74773227802737,2.34034731932072
"4102","S_113_S7_L003",1.61326196862591,0.00652535010534477,0,"4102","1"," 217",-0.441605443306585,0.227383147206406,-0.435080093201241,1.17818187542467,1.18920711500272
"4103","S_1140_S60_L003",1.61326196862591,-0.218968015414768,0,"4103","1"," 218",-0.230550015449865,0.291696509767995,-0.449518030864633,1.16374393776127,2.05976714390712
"4104","S_1154_S161",1.61326196862591,0.132725810143708,0,"4104","1"," 219",-0.33363756637851,0.256335965517167,-0.200911756234803,1.4123502123911,1.96798967126543
"4105","S_1160_S11",1.61326196862591,-0.0264841969086694,0,"4105","1"," 220",0.447775225778288,0.31196959238197,0.421291028869619,2.03455299749553,2.89250760851908
"4106","S_1177_S24",1.61326196862591,0.07977991384044,0,"4106","1"," 221",-0.134669239726476,0.251159910771978,-0.054889325886036,1.55837264273987,1.77827941003892
"4107","S_1179_S105",1.61326196862591,0.140820200946894,0,"4107","1"," 222",0.0291680524558388,0.266978584560961,0.169988253402733,1.78325022202864,2.51486685936587
"4108","S_1200_S164",1.61326196862591,-0.310163922949969,0,"4108","1"," 223",0.430958405235017,0.345493647874387,0.120794482285048,1.73405645091096,2.34034731932072
"4109","S_1202_S72_L003",1.61326196862591,-0.0696934377196535,0,"4109","1"," 224",0.509223338815786,0.237025735008506,0.439529901096133,2.05279186972204,2.51486685936587
"4110","S_1203_S53",1.61326196862591,-0.0604363822818986,0,"4110","1"," 225",-0.629784455674756,0.244340997297904,-0.690220837956655,0.923041130669253,0
"4111","S_1210_S120",1.61326196862591,-0.0953672897908873,0,"4111","1"," 226",0.421257095060064,0.250859727259471,0.325889805269176,1.93915177389508,1.25743342968294
"4112","S_1213_S95_L003",1.61326196862591,0.120081160218162,0,"4112","1"," 227",0.345109461563524,0.276668820995083,0.465190621781686,2.07845259040759,2.11474252688113
"4113","S_122_S43_L003",1.61326196862591,-0.515037164949424,0,"4113","1"," 228",0.390126168927238,0.43573179324584,-0.124910996022186,1.48835097260372,1.56508458007329
"4114","S_1247_S133",1.61326196862591,0.19477081523955,0,"4114","1"," 229",-0.63281871894078,0.244590051423963,-0.438047903701229,1.17521406492468,0
"4115","S_1257_S89",1.61326196862591,-0.162381769780372,0,"4115","1"," 230",0.49345506774812,0.299568181638863,0.331073297967748,1.94433526659366,1.49534878122122
"4116","S_125_S163",1.61326196862591,0.0731531475929881,0,"4116","1"," 231",-0.365365782156156,0.291235658669533,-0.292212634563168,1.32104933406274,0
"4117","S_1278_S20",1.61326196862591,0.0507335784312889,0,"4117","1"," 232",-0.240214657048213,0.228741604934924,-0.189481078616924,1.42378089000898,0
"4118","S_1287_S146",1.61326196862591,0.0335452533080835,0,"4118","1"," 233",0.263771430657683,0.337453448735233,0.297316683965766,1.91057865259167,2.34034731932072
"4119","S_1289_S164",1.61326196862591,-0.117661855086863,0,"4119","1"," 234",-0.0145484614759528,0.306822200619343,-0.132210316562816,1.48105165206309,2.21336383940064
"4120","S_1308_S183",1.61326196862591,-0.46354995490346,0,"4120","1"," 235",0.399078356487372,0.365630826038774,-0.0644715984160876,1.54879037020982,1.49534878122122
"4121","S_1323_S36",1.61326196862591,-0.132994505566147,0,"4121","1"," 236",0.346875199704751,0.340895709056664,0.213880694138604,1.82714266276451,1.96798967126543
"4122","S_1326_S53_L003",1.61326196862591,0.0605277553104333,0,"4122","1"," 237",-0.184044334512907,0.329780005203893,-0.123516579202474,1.48974538942343,2.78315768371374
"4123","S_132_S41",1.61326196862591,-0.28686968599389,0,"4123","1"," 238",-0.769420855183234,0.499759149084384,-1.05629054117712,0.556971427448784,0
"4124","S_1370_S76",1.61326196862591,-0.00234351460995127,0,"4124","1"," 239",-0.946100000772725,0.265635705234437,-0.948443515382676,0.664818453243232,0
"4125","S_1374_S132",1.61326196862591,-0.207647207229064,0,"4125","1"," 240",-0.422183946992316,0.214371517288189,-0.62983115422138,0.983430814404527,0
"4126","S_1384_S78",1.61326196862591,-0.42592599202301,0,"4126","1"," 241",-0.593079015689409,0.266530123327948,-1.01900500771242,0.594256960913489,0
"4127","S_1390_S94",1.61326196862591,-0.0391975046308501,0,"4127","1"," 242",0.119619064250192,0.243499270850592,0.0804215596193419,1.69368352824525,2.65914794847249
"4128","S_1393_S83_L003",1.61326196862591,-0.166281614197614,0,"4128","1"," 243",-0.715942728481126,0.250244014758173,-0.88222434267874,0.731037625947168,0
"4129","S_1395_S102",1.61326196862591,-0.15550748786208,0,"4129","1"," 244",-0.263384697422315,0.266245580486239,-0.418892185284396,1.19436978334151,1.49534878122122
"4130","S_1403_S130",1.61326196862591,-0.468361445259579,0,"4130","1"," 245",-0.188080223128466,0.319059178210685,-0.656441668388045,0.956820300237863,1.31607401295249
"4131","S_1405_S126",1.61326196862591,-0.488986091492111,0,"4131","1"," 246",-0.267948523088436,0.438162978087016,-0.756934614580547,0.85632735404536,0
"4132","S_1408_S17_L003",1.61326196862591,-0.0500415199727149,0,"4132","1"," 247",0.324930972814283,0.350438655287668,0.274889452841568,1.88815142146748,2.89250760851908
"4133","S_1412_S125",1.61326196862591,-0.25372382017506,0,"4133","1"," 248",-0.821077432926429,0.290418914745435,-1.07480125310149,0.538460715524418,0
"4134","S_1413_S10_L003",1.61326196862591,-0.418960777436713,0,"4134","1"," 249",-0.115383081920672,0.343050630625293,-0.534343859357385,1.07891810926852,1.56508458007329
"4135","S_141_S188",1.61326196862591,-0.145310254301629,0,"4135","1"," 250",0.290843951676355,0.398865236283823,0.145533697374726,1.75879566600063,1
"4136","S_1434_S73_L003",1.61326196862591,-0.460219252952963,0,"4136","1"," 251",-0.00907463052073873,0.35119469771642,-0.469293883473702,1.14396808515221,0
"4137","S_1443_S64_L003",1.61326196862591,-0.408961593459295,0,"4137","1"," 252",0.28683960267565,0.336224959238024,-0.122121990783645,1.49113997784226,1.56508458007329
"4138","S_1462_S171",1.61326196862591,-0.249749444696317,0,"4138","1"," 253",-0.234548532963519,0.218503543335749,-0.484297977659836,1.12896399096607,2.05976714390712
"4139","S_1464_S64",1.61326196862591,-0.264670285750016,0,"4139","1"," 254",-0.336261334148677,0.393541995193738,-0.600931619898693,1.01233034872721,1.25743342968294
"4140","S_1467_S106",1.61326196862591,-0.108240045042333,0,"4140","1"," 255",-0.745351808583683,0.266813919647831,-0.853591853626016,0.759670114999892,1.56508458007329
"4141","S_1468_S139",1.61326196862591,-0.351479590618006,0,"4141","1"," 256",-0.0348785887837952,0.339719944183762,-0.386358179401801,1.22690378922411,1.56508458007329
"4142","S_1479_S2_L003",1.61326196862591,0.0673347965011168,0,"4142","1"," 257",-0.3621515612048,0.351057019533097,-0.294816764703683,1.31844520392222,1.31607401295249
"4143","S_147_S19",1.61326196862591,-0.302447947203783,0,"4143","1"," 258",0.369167058691845,0.287292140265566,0.0667191114880619,1.67998108011397,1.49534878122122
"4144","S_14_S3",1.61326196862591,-0.253172985564669,0,"4144","1"," 259",-0.781562137056699,0.295533079256035,-1.03473512262137,0.578526846004539,0
"4145","S_1506_S61",1.61326196862591,-0.160927777380159,0,"4145","1"," 260",-0.313305912896439,0.278218553616163,-0.474233690276598,1.13902827834931,0
"4146","S_1516_S148",1.61326196862591,-0.43647122329073,0,"4146","1"," 261",-0.036216754057867,0.360804323652341,-0.472687977348597,1.14057399127731,1.73205080756888
"4147","S_151_S93",1.61326196862591,-0.230672177786295,0,"4147","1"," 262",-0.568754585891556,0.309439990616739,-0.799426763677851,0.813835204948057,0
"4148","S_1521_S18",1.61326196862591,-0.235838927165557,0,"4148","1"," 263",0.114019444573428,0.413848384523949,-0.121819482592129,1.49144248603378,2.11474252688113
"4149","S_1528_S47",1.61326196862591,0.000616185082642719,0,"4149","1"," 264",0.238293728082065,0.249627841027286,0.238909913164708,1.85217188179062,2.11474252688113
"4150","S_1531_S31_L003",1.61326196862591,-0.159987239405856,0,"4150","1"," 265",-0.382745345345512,0.240707102896186,-0.542732584751369,1.07052938387454,0
"4151","S_1532_S117",1.61326196862591,0.06760180461652,0,"4151","1"," 266",0.339098800033486,0.234368251648813,0.406700604650006,2.01996257327591,2.65914794847249
"4152","S_1542_S44",1.61326196862591,-0.292170266140078,0,"4152","1"," 267",-0.384552657909471,0.290917501194233,-0.67672292404955,0.936539044576358,0
"4153","S_154_S162",1.61326196862591,-0.367005261756537,0,"4153","1"," 268",-0.142820672216832,0.247647411825967,-0.509825933973369,1.10343603465254,1.65487545982344
"4154","S_1552_S185",1.61326196862591,-0.236955505747021,0,"4154","1"," 269",0.210918274561473,0.268868965328741,-0.026037231185548,1.58722473744036,1.31607401295249
"4155","S_1561_S52",1.61326196862591,0.0886427513310377,0,"4155","1"," 270",0.30426262249552,0.224364657189551,0.392905373826557,2.00616734245247,1.25743342968294
"4156","S_1565_S74_L003",1.61326196862591,0.0368202540154974,0,"4156","1"," 271",-0.396395091765751,0.286886721185296,-0.359574837750253,1.25368713087565,1.4142135623731
"4157","S_1567_S13_L003",1.61326196862591,-0.239748824651401,0,"4157","1"," 272",0.470592725037849,0.382700578420613,0.230843900386448,1.84410586901236,1.49534878122122
"4158","S_159_S190",1.61326196862591,-0.427833547827887,0,"4158","1"," 273",0.199352328679319,0.265626891447961,-0.228481219148568,1.38478074947734,2.34034731932072
"4159","S_1604_S168",1.61326196862591,-0.0488296948113163,0,"4159","1"," 274",0.173748936551562,0.288392630547383,0.124919241740246,1.73818121036615,2.44948974278318
"4160","S_1620_S26",1.61326196862591,-0.184140755178155,0,"4160","1"," 275",-0.797538901838077,0.339748827154284,-0.981679657016232,0.631582311609676,0
"4161","S_1651_S111",1.61326196862591,-0.0459230037411813,0,"4161","1"," 276",0.274099732452695,0.272168988117967,0.228176728711513,1.84143869733742,1.49534878122122
"4162","S_1660_S143",1.61326196862591,0.0397513354202089,0,"4162","1"," 277",0.200239249269333,0.226525082205688,0.239990584689542,1.85325255331545,2.51486685936587
"4163","S_1674_S49_L003",1.61326196862591,-0.112302198912718,0,"4163","1"," 278",-0.04247885307705,0.341273726012244,-0.154781051989768,1.45848091663614,1.25743342968294
"4164","S_1675_S175",1.61326196862591,-0.126426209069538,0,"4164","1"," 279",0.0289026456038308,0.253815381039022,-0.0975235634657076,1.5157384051602,1.4142135623731
"4165","S_1678_S107",1.61326196862591,-0.128191539970576,0,"4165","1"," 280",0.232519812014575,0.333455170249687,0.104328272043999,1.71759024066991,1.31607401295249
"4166","S_1687_S90_L003",1.61326196862591,-0.0500305058889278,0,"4166","1"," 281",-0.579023077426415,0.243126967760042,-0.629053583315342,0.984208385310565,0
"4167","S_1691_S141",1.61326196862591,-0.343830903872055,0,"4167","1"," 282",-0.198836868852176,0.325252675314422,-0.54266777272423,1.07059419590168,1.39157884185687
"4168","S_1697_S147",1.61326196862591,-0.692063678611983,0,"4168","1"," 283",-0.0828491218656775,0.545911070729187,-0.774912800477661,0.838349168148247,1.49534878122122
"4169","S_169_S27",1.61326196862591,-0.23638272374095,0,"4169","1"," 284",0.127786418633112,0.251610158897532,-0.108596305107838,1.50466566351807,1.31607401295249
"4170","S_16_S56_L003",1.61326196862591,-0.153675127092658,0,"4170","1"," 285",0.124151095547376,0.306235815502075,-0.0295240315452822,1.58373793708063,2.23606797749979
"4171","S_1725_S144",1.61326196862591,-0.414861432972105,0,"4171","1"," 286",-0.482679266386756,0.463278306399684,-0.897540699358861,0.715721269267047,0.840896415253715
"4172","S_1727_S30",1.61326196862591,-0.443811830691463,0,"4172","1"," 287",-0.45058032319914,0.327893152045434,-0.894392153890603,0.718869814735304,1.25743342968294
"4173","S_1735_S172",1.61326196862591,-0.014193586724271,0,"4173","1"," 288",-0.334138501550533,0.226322897487726,-0.348332088274804,1.2649298803511,1.56508458007329
"4174","S_1740_S146",1.61326196862591,-0.437121477545423,0,"4174","1"," 289",-0.126638342868433,0.367493630687385,-0.563759820413856,1.04950214821205,1.91682931273882
"4175","S_1747_S48_L003",1.61326196862591,-0.435649522584211,0,"4175","1"," 290",0.541898972141351,0.329244782475886,0.10624944955714,1.71951141818305,1.49534878122122
"4176","S_1753_S75",1.61326196862591,-0.0777119268641298,0,"4176","1"," 291",0.12566857979338,0.238190762390032,0.0479566529292499,1.66121862155516,1.49534878122122
"4177","S_1755_S134",1.61326196862591,-0.447604206680445,0,"4177","1"," 292",-0.196548999571149,0.320580287752918,-0.644153206251595,0.969108762374313,1
"4178","S_1757_S61_L003",1.61326196862591,-0.139692511584988,0,"4178","1"," 293",0.235124655416421,0.223632343366088,0.0954321438314329,1.70869411245734,1.96798967126543
"4179","S_177_S62",1.61326196862591,-0.299237649028958,0,"4179","1"," 294",0.557500541772772,0.323895108133915,0.258262892743814,1.87152486136972,1.49534878122122
"4180","S_1780_S45_L003",1.61326196862591,-0.157274460782047,0,"4180","1"," 295",0.38616101431225,0.279558178564532,0.228886553530203,1.84214852215611,1.8612097182042
"4181","S_1781_S84",1.61326196862591,-0.288155116133291,0,"4181","1"," 296",0.0677501767667838,0.431971255234848,-0.220404939366507,1.3928570292594,1.96798967126543
"4182","S_1783_S150",1.61326196862591,-0.33581840716541,0,"4182","1"," 297",0.302496739509685,0.370565485750475,-0.0333216676557249,1.57994030097018,0.840896415253715
"4183","S_1799_S86",1.61326196862591,-0.16761063177684,0,"4183","1"," 298",-0.0590517163489309,0.32717201599286,-0.226662348125771,1.38659962050014,1.31607401295249
"4184","S_1800_S14_L003",1.61326196862591,0.0144413349382437,0,"4184","1"," 299",-0.601844826685808,0.291533800551107,-0.587403491747564,1.02585847687834,0
"4185","S_1811_S148",1.61326196862591,-0.475165728556147,0,"4185","1"," 300",-0.0622066222377001,0.283695636747291,-0.537372350793847,1.07588961783206,2.11474252688113
"4186","S_181_S65",1.61326196862591,-0.0721055773847651,0,"4186","1"," 301",-0.233953547531452,0.232715137890585,-0.306059124916217,1.30720284370969,1.62657656169779
"4187","S_1822_S37",1.61326196862591,-0.137900618727637,0,"4187","1"," 302",-0.787103794434916,0.239309033359757,-0.925004413162553,0.688257555463355,1.77827941003892
"4188","S_1823_S3_L003",1.61326196862591,0.0173232133162442,0,"4188","1"," 303",-0.213708644288237,0.225646159700847,-0.196385430971993,1.41687653765391,1
"4189","S_1824_S180",1.61326196862591,0.0876855474611046,0,"4189","2","3886",-0.161685287844984,0.308224102485149,-0.0739997403838792,1.53926222824203,NA
"4190","S_1828_S156",1.61326196862591,-0.0722285035368526,0,"4190","1"," 304",-0.0661044179747662,0.259065617078121,-0.138332921511619,1.47492904711429,1.18920711500272
"4191","S_1834_S114",1.61326196862591,-0.0588108037372439,0,"4191","1"," 305",-0.115308482114077,0.349250737879104,-0.174119285851321,1.43914268277459,1.77827941003892
"4192","S_1835_S57",1.61326196862591,-0.235133301638612,0,"4192","1"," 306",-0.319547523163012,0.358166692052008,-0.554680824801624,1.05858114382428,0
"4193","S_1845_S34",1.61326196862591,0.167352849227978,0,"4193","1"," 307",-0.204698575154477,0.25110356957119,-0.0373457259264982,1.57591624269941,2.51486685936587
"4194","S_1855_S49",1.61326196862591,-0.157550923813488,0,"4194","1"," 308",-0.959878116375046,0.308396142416792,-1.11742904018853,0.495832928437374,1
"4195","S_1856_S51",1.61326196862591,-0.110636197699027,0,"4195","1"," 309",-0.192039376462516,0.262461317642412,-0.302675574161544,1.31058639446436,0.840896415253715
"4196","S_185_S72",1.61326196862591,-0.607421693126823,0,"4196","1"," 310",-0.321256382379496,0.422319874186094,-0.928678075506319,0.684583893119589,0
"4197","S_1861_S1_L003",1.61326196862591,0.0933143420848411,0,"4197","1"," 311",0.0770591135277541,0.27412951569746,0.170373455612595,1.7836354242385,2.51486685936587
"4198","S_1871_S186",1.61326196862591,0.0899035578531866,0,"4198","1"," 312",-0.273937135500083,0.288179319950632,-0.184033577646896,1.42922839097901,1.73205080756888
"4199","S_188_S79",1.61326196862591,-0.300987617608042,0,"4199","1"," 313",0.0793662295328562,0.255345889652571,-0.221621388075185,1.39164058055072,1.18920711500272
"4200","S_1909_S132",1.61326196862591,0.0794125266100741,0,"4200","1"," 314",-0.0715275233483722,0.235039206128244,0.00788500326170191,1.62114697188761,2.05976714390712
"4201","S_190_S2",1.61326196862591,0.214416387193861,0,"4201","1"," 315",-0.272684652265664,0.242884934929517,-0.058268265071803,1.5549937035541,2.23606797749979
"4202","S_1910_S23_L003",1.61326196862591,-0.173016253680293,0,"4202","1"," 316",0.287651035226373,0.287585573898891,0.11463478154608,1.72789675017199,1.49534878122122
"4203","S_1921_S54",1.61326196862591,-0.14684521934985,0,"4203","1"," 317",-0.514634607487565,0.294482980516514,-0.661479826837415,0.951782141788493,0
"4204","S_1934_S21_L003",1.61326196862591,-0.167408652588709,0,"4204","1"," 318",0.239711959196534,0.298356182474641,0.0723033066078248,1.68556527523373,2.89250760851908
"4205","S_1935_S15",1.61326196862591,-0.347841917886414,0,"4205","1"," 319",-0.703090113186891,0.407578038937855,-1.05093203107331,0.562329937552603,1.49534878122122
"4206","S_1939_S59",1.61326196862591,-0.0535265038803869,0,"4206","1"," 320",-0.013826048853759,0.226156634637899,-0.0673525527341459,1.54590941589176,2.11474252688113
"4207","S_1945_S21",1.61326196862591,-0.0927916058710882,0,"4207","1"," 321",-0.140331701544408,0.238948462630335,-0.233123307415497,1.38013866121041,2.21336383940064
"4208","S_1946_S184",1.61326196862591,-0.163558002197853,0,"4208","1"," 322",-0.188990837797427,0.273801605824127,-0.352548839995281,1.26071312863063,1.31607401295249
"4209","S_1950_S66",1.61326196862591,-0.162337711245449,0,"4209","1"," 323",-0.654847960658883,0.309089580511483,-0.817185671904333,0.796076296721575,0
"4210","S_1955_S145",1.61326196862591,-0.420819549876148,0,"4210","1"," 324",-0.526184483701849,0.48310766597901,-0.947004033577998,0.66625793504791,1.45647531512197
"4211","S_1956_S127",1.61326196862591,-0.183301050216178,0,"4211","1"," 325",-0.838663049944609,0.295021496396727,-1.02196410016079,0.591297868465121,0
"4212","S_1971_S104",1.61326196862591,-0.192233227069328,0,"4212","1"," 326",0.18987652653443,0.300539555579564,-0.00235670053489817,1.61090526809101,2.11474252688113
"4213","S_1998_S79_L003",1.61326196862591,-0.368265151693761,0,"4213","1"," 327",-0.373722942758759,0.293440315513969,-0.74198809445252,0.871273874173388,0
"4214","S_199_S59_L003",1.61326196862591,-0.325043069818727,0,"4214","1"," 328",-0.0677047683410118,0.36065397653345,-0.392747838159738,1.22051413046617,1
"4215","S_1_S123",1.61326196862591,-0.37646889334338,0,"4215","1"," 329",-0.556882254706388,0.425739319274943,-0.933351148049767,0.67991082057614,0
"4216","S_2005_S22",1.61326196862591,0.0414433704531649,0,"4216","1"," 330",-0.0779900321849764,0.368551884676064,-0.0365466617318116,1.5767153068941,2.23606797749979
"4217","S_2008_S85_L003",1.61326196862591,-0.372837646984993,0,"4217","1"," 331",0.0223396472718707,0.295927636243663,-0.350497999713122,1.26276396891279,1.31607401295249
"4218","S_2025_S28",1.61326196862591,-0.21312635938649,0,"4218","1"," 332",0.168797077700139,0.31226772219399,-0.044329281686351,1.56893268693956,1.25743342968294
"4219","S_2029_S18_L003",1.61326196862591,-0.165659435206661,0,"4219","1"," 333",-0.120929476199623,0.290219444636503,-0.286588911406284,1.32667305721962,2.51486685936587
"4220","S_2031_S70",1.61326196862591,-0.0992006699841304,0,"4220","1"," 334",-0.0364833375335022,0.305452955444457,-0.135684007517633,1.47757796110828,0
"4221","S_2038_S118",1.61326196862591,-0.0832313694029976,0,"4221","1"," 335",0.0984455400639894,0.281572714025503,0.0152141706609917,1.6284761392869,2.44948974278318
"4222","S_2075_S187",1.61326196862591,-0.622266972952252,0,"4222","1"," 336",-0.714977482626808,0.4246716008602,-1.33724445557906,0.276017513046848,0
"4223","S_2076_S5_L003",1.61326196862591,-0.152508942026762,0,"4223","1"," 337",0.00193242074449651,0.274850934454168,-0.150576521282266,1.46268544734364,1.77827941003892
"4224","S_2077_S82_L003",1.61326196862591,-0.286815389473784,0,"4224","1"," 338",-0.013107726983721,0.260940441290447,-0.299923116457505,1.3133388521684,0.840896415253715
"4225","S_2080_S6_L003",1.61326196862591,-0.275516904004376,0,"4225","1"," 339",-0.438622753494942,0.278625777422335,-0.714139657499318,0.89912231112659,2.51486685936587
"4226","S_2083_S65_L003",1.61326196862591,-0.274581949562113,0,"4226","1"," 340",-0.790861368098886,0.346264673905706,-1.065443317661,0.547818650964908,1.31607401295249
"4227","S_2089_S17",1.61326196862591,-0.298703998987241,0,"4227","1"," 341",-0.223262750268557,0.311056763658425,-0.521966749255798,1.09129521937011,0
"4228","S_2096_S54_L003",1.61326196862591,-0.195661812883425,0,"4228","1"," 342",0.565747538555382,0.363848004059306,0.370085725671957,1.98334769429786,2.51486685936587
"4229","S_2098_S191",1.61326196862591,-0.269173915398707,0,"4229","1"," 343",0.610684939572252,0.392360392670177,0.341511024173544,1.95477299279945,1.31607401295249
"4230","S_2108_S154",1.61326196862591,-0.601916258623746,0,"4230","1"," 344",-0.293400761713881,0.389598701889366,-0.895317020337628,0.71794494828828,1.77827941003892
"4231","S_210_S177",1.61326196862591,-0.342012395387095,0,"4231","1"," 345",-0.151263389495471,0.356269111997784,-0.493275784882566,1.11998618374334,0
"4232","S_2120_S134",1.61326196862591,-0.467819373771119,0,"4232","1"," 346",-0.534274487639288,0.558429060408384,-1.00209386141041,0.611168107215501,0
"4233","S_2124_S101",1.61326196862591,-0.177120943005033,0,"4233","1"," 347",-0.513059092124785,0.254078433287677,-0.690180035129818,0.92308193349609,0
"4234","S_2125_S140",1.61326196862591,-0.429337534156312,0,"4234","1"," 348",-0.296909634277197,0.348485749149664,-0.726247168433509,0.887014800192399,0
"4235","S_2126_S35",1.61326196862591,-0.261065351282806,0,"4235","1"," 349",0.264097220448967,0.308702512446198,0.00303186916616144,1.61629383779207,1.31607401295249
"4236","S_212_S12",1.61326196862591,0.119098880775602,0,"4236","1"," 350",-0.430648663173235,0.273747755083762,-0.311549782397633,1.30171218622827,0
"4237","S_2130_S16_L003",1.61326196862591,-0.100082767877735,0,"4237","1"," 351",-0.0512789857453954,0.245107584722304,-0.15136175362313,1.46190021500278,1.96798967126543
"4238","S_2138_S112",1.61326196862591,-0.143708111683005,0,"4238","1"," 352",-0.0332742275724298,0.300849543728941,-0.176982339255434,1.43627962937047,2.23606797749979
"4239","S_2139_S60",1.61326196862591,-0.250576270805909,0,"4239","1"," 353",-0.172133161683115,0.290124787843544,-0.422709432489024,1.19055253613688,1.18920711500272
"4240","S_2149_S9_L003",1.61326196862591,-0.290070156040981,0,"4240","1"," 354",-0.798392349866929,0.338750861101406,-1.08846250590791,0.524799462717999,0
"4241","S_2157_S122",1.61326196862591,-0.211918992719944,0,"4241","1"," 355",-0.0820539053499701,0.331729657320631,-0.293972898069914,1.31928907055599,1.18920711500272
"4242","S_2162_S4_L003",1.61326196862591,-0.0306069776028813,0,"4242","1"," 356",0.0633499816712376,0.243327710641517,0.0327430040683563,1.64600497269426,2.05976714390712
"4243","S_2167_S81_L003",1.61326196862591,0.155530970495476,0,"4243","1"," 357",-0.755026218076385,0.222328953490295,-0.599495247580909,1.013766721045,0
"4244","S_2177_S11_L003",1.61326196862591,0.0254712079122691,0,"4244","1"," 358",-0.185777366123855,0.271356679356506,-0.160306158211586,1.45295581041432,1.25743342968294
"4245","S_2194_S133",1.61326196862591,0.0589388006042004,0,"4245","1"," 359",-0.395271369615992,0.231536104075107,-0.336332569011792,1.27692939961412,1.8612097182042
"4246","S_2195_S129",1.61326196862591,-0.0969355734673796,0,"4246","1"," 360",-0.501627952547643,0.252264142967265,-0.598563526015023,1.01469844261088,0
"4247","S_2200_S5",1.61326196862591,-0.225967128077085,0,"4247","1"," 361",-0.505230496676766,0.248757313263294,-0.731197624753851,0.882064343872057,0.562341325190349
"4248","S_2224_S161",1.61326196862591,-0.351591082472564,0,"4248","1"," 362",0.168892150482213,0.289866612536469,-0.182698931990351,1.43056303663556,2.34034731932072
"4249","S_2225_S110",1.61326196862591,-0.543202687030047,0,"4249","1"," 363",0.129467661275689,0.335357545501025,-0.413735025754357,1.19952694287155,1.31607401295249
"4250","S_2233_S80_L003",1.61326196862591,0.125452462255697,0,"4250","1"," 364",0.185016936267554,0.291714345428453,0.31046939852325,1.92373136714916,1.56508458007329
"4251","S_2277_S189",1.61326196862591,-0.370957438238121,0,"4251","1"," 365",0.0454618116790665,0.577916773274069,-0.325495626559054,1.28776634206685,2.05976714390712
"4252","S_228_S138",1.61326196862591,-0.390769399196186,0,"4252","1"," 366",-0.195007475052848,0.427975480547109,-0.585776874249034,1.02748509437687,0.840896415253715
"4253","S_2296_S115",1.61326196862591,-0.176263046027777,0,"4253","1"," 367",-0.589165274211859,0.323770938384874,-0.765428320239636,0.847833648386272,0
"4254","S_229_S24_L003",1.61326196862591,0.0625140051399529,0,"4254","1"," 368",-0.466732380600499,0.24841070197392,-0.404218375460546,1.20904359316536,1.96798967126543
"4255","S_2316_S149",1.61326196862591,-0.308653917712888,0,"4255","1"," 369",-0.411795741779183,0.298371392731045,-0.720449659492071,0.892812309133837,1
"4256","S_2317_S77_L003",1.61326196862591,0.135763921877057,0,"4256","1"," 370",0.143041496836088,0.262400033786105,0.278805418713145,1.89206738733905,1.49534878122122
"4257","S_2318_S85",1.61326196862591,-0.126326673874429,0,"4257","1"," 371",0.300137008815681,0.264667644009128,0.173810334941252,1.78707230356716,2.44948974278318
"4258","S_2326_S100",1.61326196862591,0.112628371219488,0,"4258","1"," 372",-0.602553411689659,0.295683926508241,-0.489925040470171,1.12333692815574,0
"4259","S_2332_S35_L003",1.61326196862591,0.000616185082642719,0,"4259","1"," 373",0.217772903258947,0.249627841027285,0.21838908834159,1.8316510569675,1.96798967126543
"4260","S_2335_S96",1.61326196862591,-0.612680882200988,0,"4260","1"," 374",0.0770371313805077,0.418117474979972,-0.53564375082048,1.07761821780543,0
"4261","S_2341_S56",1.61326196862591,-0.0875980692803644,0,"4261","1"," 375",-0.612197590570712,0.237026579048133,-0.699795659851076,0.913466308774831,0
"4262","S_2344_S156",1.61326196862591,-0.7141272097359,0,"4262","1"," 376",-0.373761591249498,0.572272048266318,-1.0878888009854,0.52537316764051,0
"4263","S_2346_S152",1.61326196862591,-0.225014842156286,0,"4263","1"," 377",-1.04604144452143,0.301898107391353,-1.27105628667772,0.342205681948192,0
"4264","S_2387_S147",1.61326196862591,-0.262698237638533,0,"4264","1"," 378",0.435660270586494,0.406672006721423,0.172962032947961,1.78622400157387,1.18920711500272
"4265","S_2397_S166",1.61326196862591,-0.343099796850907,0,"4265","1"," 379",-0.0502617410106768,0.40502942891069,-0.393361537861584,1.21990043076432,1.56508458007329
"4266","S_255_S45",1.61326196862591,0.249902594031317,0,"4266","1"," 380",-0.354960934576772,0.236947249365247,-0.105058340545455,1.50820362808045,0
"4267","S_256_S39_L003",1.61326196862591,-0.294972212311829,0,"4267","1"," 381",-0.337644419906307,0.241860863502487,-0.632616632218135,0.980645336407773,0
"4268","S_274_S192",1.61326196862591,-0.101488029156216,0,"4268","1"," 382",-0.468920613976603,0.298374890547566,-0.570408643132819,1.04285332549309,0
"4269","S_276_S74",1.61326196862591,-0.364306256733054,0,"4269","1"," 383",-0.148097744852818,0.285004604038907,-0.512404001585873,1.10085796704004,1.49534878122122
"4270","S_27_S7",1.61326196862591,0.135579757724837,0,"4270","1"," 384",-0.35439744656124,0.266239455195716,-0.218817688836403,1.39444427978951,0.840896415253715
"4271","S_285_1_S191",1.61326196862591,-0.254602794515069,0,"4271","1"," 385",0.396181121198166,0.407238085017476,0.141578326683097,1.754840295309,2.05976714390712
"4272","S_289_S32_L003",1.61326196862591,-0.433747808371141,0,"4272","1"," 386",-0.15304956334857,0.49324983569053,-0.586797371719711,1.0264645969062,1.31607401295249
"4273","S_292_S80",1.61326196862591,-0.0896272904130216,0,"4273","1"," 387",0.345051950490888,0.294559594144894,0.255424660077866,1.86868662870377,1.31607401295249
"4274","S_295_S46_L003",1.61326196862591,0.206570425137075,0,"4274","1"," 388",-0.289946827789341,0.243385246231828,-0.0833764026522658,1.52988556597364,1.31607401295249
"4275","S_297_S95",1.61326196862591,-0.147065305954405,0,"4275","1"," 389",0.657643685977396,0.304826953665149,0.51057838002299,2.1238403486489,2.51486685936587
"4276","S_302_S182",1.61326196862591,-0.355287450890635,0,"4276","1"," 390",-0.632362243382745,0.35396700259566,-0.987649694273379,0.625612274352528,2.11474252688113
"4277","S_328_S179",1.61326196862591,-0.310742118345492,0,"4277","1"," 391",0.0635075867650369,0.359692710786225,-0.247234531580455,1.36602743704545,1.56508458007329
"4278","S_32_S152",1.61326196862591,-0.323905082712583,0,"4278","1"," 392",-0.240453395398228,0.325863359646498,-0.564358478110811,1.0489034905151,0
"4279","S_331_S25",1.61326196862591,0.130804312734162,0,"4279","1"," 393",-0.702317265065924,0.276048920553107,-0.571512952331762,1.04174901629415,0
"4280","S_334_S137",1.61326196862591,-0.0760217477366187,0,"4280","1"," 394",-0.361647708116513,0.240731012166763,-0.437669455853132,1.17559251277278,0
"4281","S_337_S8",1.61326196862591,0.143783175222396,0,"4281","1"," 395",0.757222710501858,0.271512301875915,0.901005885724254,2.51426785435016,2.99069756244244
"4282","S_339_S28_L003",1.61326196862591,-0.0833647232005977,0,"4282","1"," 396",-0.281918002941918,0.241127229745261,-0.365282726142516,1.24797924248339,0
"4283","S_341_S162",1.61326196862591,-0.194709879845472,0,"4283","1"," 397",0.429467195354976,0.31981302188162,0.234757315509504,1.84801928413541,1.83142075074235
"4284","S_344_S160",1.61326196862591,-0.613878755113143,0,"4284","1"," 398",0.0267681278720714,0.446303039857807,-0.587110627241072,1.02615134138484,1.56508458007329
"4285","S_357_S87",1.61326196862591,0.131204508043643,0,"4285","1"," 399",-0.128664345629,0.283547567638186,0.00254016241464269,1.61580213104055,1.49534878122122
"4286","S_371_S41_L003",1.61326196862591,-0.301137447936441,0,"4286","1"," 400",0.000781733123972561,0.461765423881122,-0.300355714812468,1.31290625381344,1
"4287","S_373_S73",1.61326196862591,0.0971568142525985,0,"4287","1"," 401",-0.800279096667534,0.22373626971808,-0.703122282414936,0.910139686210972,0
"4288","S_377_S12_L003",1.61326196862591,-0.391369869624505,0,"4288","1"," 402",0.35801112863558,0.290012028776309,-0.0333587409889248,1.57990322763698,2.78315768371374
"4289","S_385_S62_L003",1.61326196862591,0.0606661143836162,0,"4289","1"," 403",0.158545195946946,0.314757478216698,0.219211310330563,1.83247327895647,2.23606797749979
"4290","S_393_S135",1.61326196862591,-0.233440199748745,0,"4290","2","3887",-0.830166704035946,0.434212909120635,-1.06360690378469,0.549655064841216,NA
"4291","S_397_S176",1.61326196862591,-0.170536709879611,0,"4291","1"," 404",-0.0487325523287459,0.310944708504188,-0.219269262208357,1.39399270641755,1.18920711500272
"4292","S_406_S140",1.61326196862591,-0.326521682866356,0,"4292","1"," 405",0.202413520086585,0.306034573636983,-0.124108162779772,1.48915380584614,2.65914794847249
"4293","S_407_S131",1.61326196862591,-0.0641030284476806,0,"4293","1"," 406",-0.348531344852963,0.240189534296331,-0.412634373300644,1.20062759532526,0
"4294","S_413_S86_L003",1.61326196862591,-0.191132665946166,0,"4294","1"," 407",-0.581646468677805,0.311200213117601,-0.77277913462397,0.840482834001937,0
"4295","S_419_S1",1.61326196862591,-0.314461672962983,0,"4295","1"," 408",0.275412271792974,0.251563057357678,-0.0390494011700091,1.5742125674559,1.49534878122122
"4296","S_41_S124",1.61326196862591,-0.225861221761312,0,"4296","1"," 409",-1.12125957754942,0.382787012486059,-1.34712079931073,0.266141169315177,0
"4297","S_440_S128",1.61326196862591,-0.489137672698495,0,"4297","1"," 410",-1.03681171022137,0.416383175820769,-1.52594938291986,0.0873125857060448,0
"4298","S_450_S135",1.61326196862591,-0.461374404261435,0,"4298","1"," 411",-0.0353115713588446,0.359372002690229,-0.49668597562028,1.11657599300563,0.840896415253715
"4299","S_453_S63",1.61326196862591,-0.0354857679970369,0,"4299","1"," 412",-0.568887006124447,0.340512068053305,-0.604372774121484,1.00888919450442,0
"4300","S_454_S71_L003",1.61326196862591,0.086338623152811,0,"4300","1"," 413",0.450027832194928,0.300771700552195,0.536366455347739,2.14962842397365,2.54572989502183
"4301","S_469_S119",1.61326196862591,-0.0282708038468508,0,"4301","1"," 414",-0.283836218398053,0.234835684492027,-0.312107022244904,1.301154946381,2.89250760851908
"4302","S_474_S89_L003",1.61326196862591,-0.686355971776871,0,"4302","1"," 415",-0.964622484927949,0.521077638795565,-1.65097845670482,0,0
"4303","S_481_S27_L003",1.61326196862591,0.0138605750092716,0,"4303","1"," 416",-0.612246865951374,0.301116904442516,-0.598386290942103,1.0148756776838,0.840896415253715
"4304","S_487_S31",1.61326196862591,-0.321450995187536,0,"4304","1"," 417",-0.327565679579477,0.258386837643472,-0.649016674767013,0.964245293858895,1.49534878122122
"4305","S_501_S43",1.61326196862591,-0.186973668785793,0,"4305","1"," 418",-0.562009636679739,0.274537417710524,-0.748983305465531,0.864278663160376,0
"4306","S_509_S109",1.61326196862591,-0.339283992667534,0,"4306","1"," 419",-0.616768387335011,0.272985710558073,-0.956052380002546,0.657209588623362,0
"4307","S_515_S58",1.61326196862591,-0.472743826521851,0,"4307","1"," 420",0.110368699941026,0.42429595401282,-0.362375126580824,1.25088684204508,0
"4308","S_516_S138",1.61326196862591,-0.707091000033984,0,"4308","1"," 421",-0.678828150826467,0.554908698132901,-1.38591915086045,0.227342817765457,0
"4309","S_517_S20_L003",1.61326196862591,0.0646674212721141,0,"4309","1"," 422",-0.00150212617036727,0.262794743103685,0.0631652951017469,1.67642726372765,2.89250760851908
"4310","S_522_S10",1.61326196862591,-0.269044698098256,0,"4310","1"," 423",0.237849235862193,0.425547385190625,-0.0311954622360633,1.58206650638984,2.34034731932072
"4311","S_524_S33_L003",1.61326196862591,-0.329255573147009,0,"4311","1"," 424",-0.353858265241828,0.267709341053324,-0.683113838388838,0.93014813023707,1.31607401295249
"4312","S_528_S103",1.61326196862591,-0.188061155841706,0,"4312","1"," 425",-0.284573506069515,0.226942706607323,-0.472634661911222,1.14062730671469,2.34034731932072
"4313","S_533_S68",1.61326196862591,-0.619100565755767,0,"4313","1"," 426",0.398047461070179,0.418522407963481,-0.221053104685588,1.39220886394032,1.56508458007329
"4314","S_537_S78_L003",1.61326196862591,-0.233976031395265,0,"4314","1"," 427",0.845867656177525,0.251046967997883,0.611891624782259,2.22515359340817,2.78315768371374
"4315","S_545_S69",1.61326196862591,-0.0791903023296224,0,"4315","1"," 428",0.266345613530185,0.29056745975771,0.187155311200562,1.80041727982647,1.10668191970032
"4316","S_565_S149",1.61326196862591,-0.32853058522496,0,"4316","1"," 429",0.432384445969365,0.252646005266658,0.103853860744405,1.71711582937031,2.05976714390712
"4317","S_567_S165",1.61326196862591,-0.393486791221445,0,"4317","1"," 430",-0.347456641839695,0.297297992191169,-0.74094343306114,0.872318535564767,0
"4318","S_574_S155",1.61326196862591,-0.686355971776871,0,"4318","1"," 431",-0.964622484927948,0.521077638795565,-1.65097845670482,0,0
"4319","S_591_S99",1.61326196862591,-0.211900360630179,0,"4319","1"," 432",-0.628927531747008,0.210036663621651,-0.840827892377187,0.77243407624872,1.49534878122122
"4320","S_5_S63_L003",1.61326196862591,-0.267908708737529,0,"4320","1"," 433",0.117005333620325,0.416537655626513,-0.150903375117205,1.4623585935087,2.51486685936587
"4321","S_629_S113",1.61326196862591,0.0250158482772381,0,"4321","1"," 434",0.132163170422905,0.235859300515641,0.157179018700143,1.77044098732605,1.77827941003892
"4322","S_630_S51_L003",1.61326196862591,0.167466612032748,0,"4322","1"," 435",-0.134930818529701,0.259237873918434,0.0325357935030467,1.64579776212895,2.11474252688113
"4323","S_631_S87_L003",1.61326196862591,0.105357667878001,0,"4323","1"," 436",0.181221603321259,0.287787985664009,0.28657927119926,1.89984123982517,1.96798967126543
"4324","S_63_S170",1.61326196862591,-0.115906345129618,0,"4324","1"," 437",-0.0258597862925852,0.281759728577183,-0.141766131422203,1.4714958372037,0
"4325","S_640_S178",1.61326196862591,-0.174307364066445,0,"4325","1"," 438",-0.325211712748724,0.329700354292668,-0.499519076815169,1.11374289181074,0
"4326","S_646_S142",1.61326196862591,-0.145279256160408,0,"4326","1"," 439",-0.229299169013826,0.292673012993738,-0.374578425174234,1.23868354345167,1.25743342968294
"4327","S_650_S129",1.61326196862591,-0.411176141693804,0,"4327","1"," 440",0.401142627760744,0.460644735908118,-0.0100335139330599,1.60322845469285,2.17793858734643
"4328","S_653_S6",1.61326196862591,0.174901581449716,0,"4328","1"," 441",0.362499498936115,0.233637943317062,0.537401080385831,2.15066304901174,2.34034731932072
"4329","S_656_S181",1.61326196862591,0.15416404395751,0,"4329","1"," 442",0.403615899675114,0.247355238514959,0.557779943632624,2.17104191225853,2.34034731932072
"4330","S_657_S154",1.61326196862591,-0.607404907101681,0,"4330","1"," 443",0.176226541672301,0.405242706222785,-0.43117836542938,1.18208360319653,2.23606797749979
"4331","S_658_S33",1.61326196862591,0.177739802520817,0,"4331","1"," 444",0.67987465628996,0.228925289900545,0.857614458810777,2.47087642743668,2.89250760851908
"4332","S_65_S29_L003",1.61326196862591,-0.141429337328431,0,"4332","1"," 445",0.668299944412355,0.336697180193924,0.526870607083923,2.14013257570983,2.11474252688113
"4333","S_662_S98",1.61326196862591,-0.178995780953339,0,"4333","1"," 446",0.110395253816437,0.290291396384416,-0.068600527136902,1.54466144148901,0.840896415253715
"4334","S_673_S40_L003",1.61326196862591,-0.0746297522986811,0,"4334","1"," 447",0.392907170070986,0.233498302021935,0.318277417772305,1.93153938639821,1.4142135623731
"4335","S_674_S130",1.61326196862591,0.0633805885367638,0,"4335","1"," 448",-0.408646688728697,0.261760527664709,-0.345266100191933,1.26799586843397,0
"4336","S_679_S9",1.61326196862591,-0.201065962957225,0,"4336","1"," 449",0.0299462032008155,0.353421320996245,-0.17111975975641,1.4421422088695,1.25743342968294
"4337","S_685_S121",1.61326196862591,-0.239738862887891,0,"4337","1"," 450",0.287067181517014,0.262266359565294,0.0473283186291237,1.66059028725503,1.31607401295249
"4338","S_695_S46",1.61326196862591,-0.178967851699688,0,"4338","1"," 451",-0.0212171614973024,0.329089068637019,-0.20018501319699,1.41307695542892,2.51486685936587
"4339","S_696_S88",1.61326196862591,-0.379310664290968,0,"4339","1"," 452",0.13069655587162,0.469380478032066,-0.248614108419348,1.36464786020656,2.34034731932072
"4340","S_706_S108",1.61326196862591,0.154177084966542,0,"4340","1"," 453",-0.772723924441542,0.265337163472597,-0.618546839475,0.994715129150908,1.25743342968294
"4341","S_711_S50",1.61326196862591,0.142838847508224,0,"4341","1"," 454",-0.960587886499892,0.268041935130148,-0.817749038991668,0.79551292963424,1.49534878122122
"4342","S_712_S136",1.61326196862591,-0.112872769715331,0,"4342","1"," 455",-0.131074154051348,0.351359544871352,-0.243946923766679,1.36931504485923,1.45647531512197
"4343","S_713_S163",1.61326196862591,-0.356798615406104,0,"4343","1"," 456",-0.0558454257187851,0.419349337570702,-0.412644041124889,1.20061792750102,1.77827941003892
"4344","S_714_S34_L003",1.61326196862591,-0.134499217775985,0,"4344","1"," 457",-0.245999713920103,0.278926951383074,-0.380498931696088,1.23276303692982,1.56508458007329
"4345","S_726_S69_L003",1.61326196862591,0.0994489232443751,0,"4345","1"," 458",0.24604124198265,0.293457179086645,0.345490165227026,1.95875213385293,2.78315768371374
"4346","S_733_S67_L003",1.61326196862591,-0.141017252445296,0,"4346","1"," 459",-0.176231612501672,0.277867455641459,-0.317248864946968,1.29601310367894,1.25743342968294
"4347","S_738_S39",1.61326196862591,-0.364011234453047,0,"4347","1"," 460",0.294732289064527,0.285390103571847,-0.0692789453885194,1.54398302323739,1.56508458007329
"4348","S_758_S128",1.61326196862591,-0.0485883109416168,0,"4348","1"," 461",0.220886002566876,0.254511462162325,0.172297691625259,1.78555966025117,2.65914794847249
"4349","S_762_S173",1.61326196862591,-0.178614828153176,0,"4349","1"," 462",0.0654031248994246,0.305683306540628,-0.113211703253751,1.50005026537216,2.11474252688113
"4350","S_764_S93_L003",1.61326196862591,-0.0221346760320878,0,"4350","1"," 463",0.64207972796656,0.232681812830626,0.619945051934472,2.23320702056038,2.89250760851908
"4351","S_765_S48",1.61326196862591,0.0841588183527191,0,"4351","1"," 464",-0.0170372575463529,0.256882270485322,0.0671215608063662,1.68038352943227,1.31607401295249
"4352","S_770_S57_L003",1.61326196862591,-0.31098165763603,0,"4352","1"," 465",0.256408592480707,0.344403352677625,-0.0545730651553228,1.55868890347058,1.4142135623731
"4353","S_772_S58_L003",1.61326196862591,0.0462412953165196,0,"4353","1"," 466",-0.273529120642449,0.329429446637106,-0.227287825325929,1.38597414329998,0
"4354","S_779_S94_L003",1.61326196862591,0.12821892414841,0,"4354","1"," 467",-0.653412114843304,0.223503278722345,-0.525193190694894,1.08806877793101,0
"4355","S_7_S141",1.61326196862591,-0.372446212465949,0,"4355","1"," 468",0.435830119144913,0.351579084973781,0.063383906678964,1.67664587530487,1.31607401295249
"4356","S_813_S44_L003",1.61326196862591,0.13386858646634,0,"4356","1"," 469",0.279937340928816,0.257824959813665,0.413805927395155,2.02706789602106,2.23606797749979
"4357","S_824_S40",1.61326196862591,0.0367174627321716,0,"4357","1"," 470",-0.14181013838337,0.284527747183309,-0.105092675651198,1.50816929297471,0
"4358","S_825_S71",1.61326196862591,0.174333962340371,0,"4358","1"," 471",-0.244246783981126,0.264874075693831,-0.0699128216407551,1.54334914698515,1.25743342968294
"4359","S_826_S8_L003",1.61326196862591,-0.0551649567328205,0,"4359","1"," 472",0.236863994595013,0.300887995816714,0.181699037862192,1.7949610064881,1.56508458007329
"4360","S_837_S50_L003",1.61326196862591,0.232978480461569,0,"4360","1"," 473",-0.179982181080736,0.236661472112916,0.052996299380833,1.66625826800674,2.65914794847249
"4361","S_83_S14",1.61326196862591,0.168239731797587,0,"4361","1"," 474",-0.778001659670869,0.253105203121815,-0.609761927873282,1.00350004075263,0
"4362","S_840_S88_L003",1.61326196862591,-0.261404940235618,0,"4362","1"," 475",-0.0127995348794644,0.301977290119339,-0.274204475115082,1.33905749351083,1.77827941003892
"4363","S_844_S151",1.61326196862591,-0.207589091906476,0,"4363","1"," 476",-0.376054975011848,0.264375381298669,-0.583644066918324,1.02961790170758,0
"4364","S_85_S36_L003",1.61326196862591,0.192266032849158,0,"4364","1"," 477",-0.270642923199365,0.227431746506484,-0.0783768903502075,1.5348850782757,1.18920711500272
"4365","S_861_S22_L003",1.61326196862591,-0.17884936897899,0,"4365","1"," 478",0.165206574475803,0.332652740898715,-0.013642794503187,1.59961917412272,2.51486685936587
"4366","S_865_S82",1.61326196862591,-0.172385722437627,0,"4366","1"," 479",-0.215169033260772,0.333014219927089,-0.387554755698399,1.22570721292751,1.77827941003892
"4367","S_879_S97",1.61326196862591,-0.0652060874335005,0,"4367","1"," 480",-0.412476584995617,0.287847519553656,-0.477682672429117,1.13557929619679,1.31607401295249
"4368","S_87_S81",1.61326196862591,-0.284308663670717,0,"4368","1"," 481",-0.00845463514407369,0.380712397862047,-0.29276329881479,1.32049866981112,2.34034731932072
"4369","S_885_S77",1.61326196862591,-0.308295870594164,0,"4369","1"," 482",-0.463117510657482,0.351336613987327,-0.771413381251646,0.841848587374262,0.840896415253715
"4370","S_901_S136",1.61326196862591,-0.468386657365745,0,"4370","2","3888",-0.404022464937795,0.356937839398986,-0.872409122303541,0.740852846322367,NA
"4371","S_932_S42_L003",1.61326196862591,-0.0692724912210971,0,"4371","1"," 483",-0.162910205494685,0.297169363696469,-0.232182696715782,1.38107927191013,1.31607401295249
"4372","S_961_S70_L003",1.61326196862591,0.18232881006314,0,"4372","1"," 484",-0.321733590481628,0.248828174987199,-0.139404780418487,1.47385718820742,2.63214802590498
"4373","S_962_S42",1.61326196862591,-0.00501989620550838,0,"4373","1"," 485",0.222927772469267,0.319760350831091,0.217907876263759,1.83116984488967,1.49534878122122
"4374","S_972_S142",1.61326196862591,-0.624388200776235,0,"4374","1"," 486",-0.564648749671624,0.452080941520724,-1.18903695044786,0.424225018178048,0
"4375","S_978_S90",1.61326196862591,-0.248916652961437,0,"4375","1"," 487",-0.243951756596829,0.294439794521065,-0.492868409558266,1.12039355906764,0
"4376","S_983_S4",1.61326196862591,-0.0876726674791179,0,"4376","1"," 488",-0.461128197903905,0.259780508719208,-0.548800865383023,1.06446110324288,0
"4377","S_993_S55",1.61326196862591,-0.09956053993931,0,"4377","1"," 489",0.176558934380598,0.309151549784806,0.0769983944412882,1.6902603630672,0.840896415253715
