"","Taxa","BLUE.N","BLUE.I","QTNs","Group","RefInf","ID","BLUP","PEV","gBreedingValue","Prediction","COI"
"1","S_1007_S311",1.51439403413376,0.224135961792532,0,"  1","1","  1",0.271092040875575,0.28578803002529,0.495228002668108,2.00962203680186,1.8612097182042
"2","S_102_S245",1.51439403413376,-0.256776597321973,0,"  2","1","  2",0.573599259042962,0.263060113641085,0.316822661720989,1.83121669585475,1.65487545982344
"3","S_1031_S380",1.51439403413376,-0.176101714955204,0,"  3","1","  3",-0.128123045897808,0.271442030209438,-0.304224760853011,1.21016927328075,1
"4","S_1045_S231",1.51439403413376,0.0828904989057388,0,"  4","1","  4",-0.965580807327211,0.269879463936611,-0.882690308421472,0.631703725712284,0
"5","S_1052_S227",1.51439403413376,0.197617550614364,0,"  5","1","  5",0.14651330761389,0.257383443525361,0.344130858228254,1.85852489236201,2.11474252688113
"6","S_1054_S345",1.51439403413376,-0.00621021436573134,0,"  6","1","  6",-0.150736450776069,0.275383513542614,-0.1569466651418,1.35744736899196,0.840896415253715
"7","S_1057_S302",1.51439403413376,0.0783255354003626,0,"  7","1","  7",-0.285909580341765,0.274234915477235,-0.207584044941402,1.30680998919235,0.840896415253715
"8","S_106_S223",1.51439403413376,-0.254103067343607,0,"  8","1","  8",0.441460562489659,0.273373338406343,0.187357495146052,1.70175152927981,1.8612097182042
"9","S_1082_S287",1.51439403413376,-0.119649028776644,0,"  9","1","  9",-0.0454186423219806,0.274308979418454,-0.165067671098625,1.34932636303513,1.56508458007329
"10","S_108_S258",1.51439403413376,-0.18889645973358,0," 10","1"," 10",0.471824857129866,0.275833776950104,0.282928397396286,1.79732243153004,1.56508458007329
"11","S_109_S351",1.51439403413376,-0.453544175635271,0," 11","1"," 11",0.0968045701183139,0.285613533385972,-0.356739605516957,1.1576544286168,1.49534878122122
"12","S_1124_S271",1.51439403413376,0.0214513857354493,0," 12","1"," 12",-1.03991631193111,0.271413300678147,-1.01846492619566,0.495929107938094,1.18920711500272
"13","S_1127_S332",1.51439403413376,0.0442621868093157,0," 13","1"," 13",-1.33957425312245,0.254521724655638,-1.29531206631314,0.219081967820619,0
"14","S_1130_S319",1.51439403413376,0.204763459406488,0," 14","1"," 14",0.671158697942918,0.304154679691501,0.875922157349406,2.39031619148316,2.65914794847249
"15","S_1132_S315",1.51439403413376,0.110618200374139,0," 15","1"," 15",0.556338395224993,0.281705335032307,0.666956595599132,2.18135062973289,1.65487545982344
"16","S_1159_S297",1.51439403413376,-0.0624136105056885,0," 16","1"," 16",0.382411019265772,0.271923064576904,0.319997408760083,1.83439144289384,1.56508458007329
"17","S_1161_S254",1.51439403413376,0.0741560910069646,0," 17","1"," 17",0.175432316795313,0.285975808193758,0.249588407802278,1.76398244193603,1.31607401295249
"18","S_1162_S384",1.51439403413376,-0.0418661562374612,0," 18","1"," 18",0.537776504464449,0.264434321007658,0.495910348226988,2.01030438236074,2.51486685936587
"19","S_1223_S229",1.51439403413376,-0.230849825193348,0," 19","1"," 19",0.117934355559965,0.284560251905814,-0.112915469633384,1.40147856450037,1.4142135623731
"20","S_1237_S377",1.51439403413376,-0.070762143563495,0," 20","1"," 20",-1.22797826389414,0.281702628777274,-1.29874040745763,0.215653626676124,0
"21","S_129_S310",1.51439403413376,-0.59765436356112,0," 21","1"," 21",-1.332568048241,0.318359779999537,-1.93022241180212,0,0
"22","S_1305_S246",1.51439403413376,0.0141439089008171,0," 22","1"," 22",-0.277637156293795,0.268062801326455,-0.263493247392978,1.25090078674078,1.77827941003892
"23","S_130_S333",1.51439403413376,-0.545493462877719,0," 23","1"," 23",-0.8212171057209,0.30525639754311,-1.36671056859862,0.147683465535138,0
"24","S_1315_S322",1.51439403413376,-0.0871698873025782,0," 24","1"," 24",-0.131933332187605,0.286409005286643,-0.219103219490184,1.29529081464357,1.49534878122122
"25","S_1317_S208",1.51439403413376,-0.162659641278587,0," 25","1"," 25",-0.052049415799883,0.258661477215356,-0.21470905707847,1.29968497705529,1.49534878122122
"26","S_1324_S206",1.51439403413376,-0.182012420452017,0," 26","1"," 26",0.950177728056752,0.273844437899,0.768165307604736,2.28255934173849,2.11474252688113
"27","S_1328_S372",1.51439403413376,-0.0648202076125738,0," 27","1"," 27",0.578882241887694,0.277913142308152,0.51406203427512,2.02845606840888,2.34034731932072
"28","S_1343_S366",1.51439403413376,0.137439980254841,0," 28","1"," 28",-0.346927280034908,0.271414155514771,-0.209487299780067,1.30490673435369,1
"29","S_137_S285",1.51439403413376,-0.405141825661032,0," 29","1"," 29",-0.231023333958149,0.292234514168063,-0.636165159619181,0.878228874514576,1
"30","S_1383_S323",1.51439403413376,-0.486820029229543,0," 30","1"," 30",-0.126099099048507,0.432060219313918,-0.61291912827805,0.901474905855707,1.10668191970032
"31","S_1404_S202",1.51439403413376,-0.172117918902935,0," 31","1"," 31",-0.818738631984521,0.265165327108477,-0.990856550887456,0.5235374832463,0
"32","S_1407_S312",1.51439403413376,-0.332238463290984,0," 32","1"," 32",-0.626903364457176,0.280415299267316,-0.95914182774816,0.555252206385597,1.31607401295249
"33","S_140_S320",1.51439403413376,-0.349170667468314,0," 33","1"," 33",1.04286455730873,0.285479814184094,0.693693889840413,2.20808792397417,2.51486685936587
"34","S_1423_S318",1.51439403413376,-0.118529672008145,0," 34","1"," 34",0.857331016671901,0.293587432434697,0.738801344663756,2.25319537879751,2.51486685936587
"35","S_1430_S329",1.51439403413376,-0.0682391936168574,0," 35","1"," 35",-0.0793076549026517,0.26417181651306,-0.147546848519509,1.36684718561425,1.4142135623731
"36","S_1431_S278",1.51439403413376,-0.216149912862099,0," 36","1"," 36",-1.4247179355717,0.278044154067406,-1.6408678484338,0,0
"37","S_1437_S292",1.51439403413376,-0.242021470923721,0," 37","1"," 37",-0.39522106048571,0.282570121012591,-0.637242531409431,0.877151502724326,1.18920711500272
"38","S_1441_S235",1.51439403413376,-0.258068646371127,0," 38","1"," 38",0.201018392130026,0.284828862147826,-0.0570502542411008,1.45734377989266,1.96798967126543
"39","S_1442_S328",1.51439403413376,-0.200185310557091,0," 39","1"," 39",-0.905545821365951,0.272615711795026,-1.10573113192304,0.408662902210714,0
"40","S_1452_S275",1.51439403413376,-0.232915206010631,0," 40","1"," 40",0.457437280195535,0.282758505010603,0.224522074184904,1.73891610831866,1.49534878122122
"41","S_1472_S295",1.51439403413376,-0.0757002872716402,0," 41","1"," 41",-1.03925013852863,0.271216699272997,-1.11495042580027,0.399443608333486,0
"42","S_1488_S316",1.51439403413376,-0.167561112982011,0," 42","1"," 42",0.426053388291244,0.257678251039362,0.258492275309233,1.77288630944299,1.62657656169779
"43","S_148_S249",1.51439403413376,-0.355538087213545,0," 43","1"," 43",-0.0717229730481627,0.301182681573352,-0.427261060261708,1.08713297387205,1
"44","S_1496_S272",1.51439403413376,-0.0405210408535997,0," 44","1"," 44",0.837184339419988,0.266174864979032,0.796663298566388,2.31105733270015,2.65914794847249
"45","S_150_S251",1.51439403413376,-0.422564447699161,0," 45","1"," 45",0.454367059269161,0.28969402423285,0.0318026115700005,1.54619664570376,1.31607401295249
"46","S_1513_S327",1.51439403413376,-0.249633539249323,0," 46","1"," 46",-1.04092388171212,0.303887343176635,-1.29055742096145,0.223836613172311,0
"47","S_1518_S240",1.51439403413376,-0.24599957811863,0," 47","1"," 47",-0.26193986190028,0.266771843038553,-0.50793944001891,1.00645459411485,1
"48","S_1549_S342",1.51439403413376,-0.0537283058536277,0," 48","1"," 48",-0.768922411865584,0.279082894710315,-0.822650717719212,0.691743316414545,0
"49","S_1573_S236",1.51439403413376,-0.200698615901594,0," 49","1"," 49",-0.217948221413586,0.267456783547522,-0.418646837315179,1.09574719681858,1
"50","S_1584_S296",1.51439403413376,-0.127195834885005,0," 50","1"," 50",0.732482680417372,0.274935899106807,0.605286845532367,2.11968087966612,2.21336383940064
"51","S_1599_S343",1.51439403413376,0.0783540612238552,0," 51","1"," 51",0.651656810997675,0.269388168174352,0.73001087222153,2.24440490635529,2.65914794847249
"52","S_1619_S303",1.51439403413376,-0.145827204527779,0," 52","1"," 52",0.661848296982764,0.288726032367977,0.516021092454985,2.03041512658874,1.77827941003892
"53","S_1621_S339",1.51439403413376,-0.0744882283847378,0," 53","1"," 53",0.963805259158468,0.266256242051722,0.889317030773731,2.40371106490749,2.54572989502183
"54","S_1623_S378",1.51439403413376,0.0664331471345012,0," 54","1"," 54",0.0500697366182978,0.256767151725337,0.116502883752799,1.63089691788656,1.65487545982344
"55","S_1629_S373",1.51439403413376,-0.097115311688603,0," 55","1"," 55",0.698224469642275,0.271568390623503,0.601109157953672,2.11550319208743,1.77827941003892
"56","S_1631_S361",1.51439403413376,-0.101884512168264,0," 56","1"," 56",0.583367940227526,0.266730481600651,0.481483428059262,1.99587746219302,2.65914794847249
"57","S_1637_S325",1.51439403413376,-0.0656529943807356,0," 57","1"," 57",0.418336834881782,0.259863610526021,0.352683840501047,1.8670778746348,2.44948974278318
"58","S_1639_S204",1.51439403413376,-0.104241075438469,0," 58","1"," 58",-0.408610657616401,0.253653377625551,-0.512851733054871,1.00154230107889,1.31607401295249
"59","S_1643_S375",1.51439403413376,-0.189594668727839,0," 59","1"," 59",-0.413706051587421,0.261906862970993,-0.60330072031526,0.911093313818496,1
"60","S_1649_S331",1.51439403413376,-0.218186175247959,0," 60","1"," 60",-0.0166554090052298,0.286954713283758,-0.234841584253189,1.27955244988057,1.49534878122122
"61","S_1653_S294",1.51439403413376,-0.0934919253129024,0," 61","1"," 61",-0.27453164685813,0.271418642890838,-0.368023572171033,1.14637046196272,1
"62","S_165_S284",1.51439403413376,-0.257594719229514,0," 62","1"," 62",0.65151695312238,0.27349326451751,0.393922233892866,1.90831626802662,1.49534878122122
"63","S_1677_S221",1.51439403413376,-0.130384009187299,0," 63","1"," 63",-0.677184450743666,0.265620521591964,-0.807568459930965,0.706825574202791,0
"64","S_1683_S338",1.51439403413376,-0.29563401994925,0," 64","1"," 64",-0.159633803015666,0.279252362341694,-0.455267822964915,1.05912621116884,1.18920711500272
"65","S_1689_S192",1.51439403413376,-0.336250843772921,0," 65","1"," 65",-0.760259932727776,0.299206301478357,-1.0965107765007,0.41788325763306,0
"66","S_1699_S367",1.51439403413376,0.0713676391272366,0," 66","1"," 66",-0.0804180337251383,0.271745602553129,-0.00905039459790161,1.50534363953586,1.18920711500272
"67","S_171_S219",1.51439403413376,-0.20276114163689,0," 67","1"," 67",0.536756270345233,0.275582334021682,0.333995128708343,1.8483891628421,2.59002006411135
"68","S_1723_S369",1.51439403413376,-0.18957036889964,0," 68","1"," 68",0.388582198468007,0.263613522150539,0.199011829568367,1.71340586370212,1.4142135623731
"69","S_1728_S376",1.51439403413376,-0.232533844635084,0," 69","1"," 69",1.18619669931678,0.285468602433146,0.953662854681701,2.46805688881546,2.78315768371374
"70","S_1736_S359",1.51439403413376,-0.102522732089855,0," 70","1"," 70",0.404854065444446,0.271455998501624,0.302331333354591,1.81672536748835,1.96798967126543
"71","S_1742_S357",1.51439403413376,-0.260648862752848,0," 71","1"," 71",0.57293197650751,0.288506958292609,0.312283113754662,1.82667714788842,1.8612097182042
"72","S_1749_S247",1.51439403413376,-0.156512656057613,0," 72","1"," 72",-0.0186667852410956,0.271996027348779,-0.175179441298709,1.33921459283505,1
"73","S_1779_S226",1.51439403413376,-0.137135861015966,0," 73","1"," 73",0.920871973556709,0.261986054105322,0.783736112540743,2.2981301466745,2.65914794847249
"74","S_1810_S213",1.51439403413376,-0.265960887818397,0," 74","1"," 74",0.719799737853303,0.322093253099463,0.453838850034906,1.96823288416866,1.8612097182042
"75","S_1813_S253",1.51439403413376,-0.26224766787878,0," 75","1"," 75",0.254222785490171,0.275019633624036,-0.00802488238860866,1.50636915174515,1.56508458007329
"76","S_1817_S210",1.51439403413376,-0.309173800805917,0," 76","1"," 76",0.551301185895983,0.282587548572422,0.242127385090066,1.75652141922382,2.34034731932072
"77","S_1818_S238",1.51439403413376,-0.348591671167673,0," 77","1"," 77",-0.358193007101836,0.271899857051398,-0.706784678269509,0.807609355864247,0
"78","S_1825_S198",1.51439403413376,-0.23832452481645,0," 78","1"," 78",-0.18184268528288,0.30695466574404,-0.42016721009933,1.09422682403443,1.49534878122122
"79","S_1837_S256",1.51439403413376,-0.158364415010374,0," 79","1"," 79",0.648229821408917,0.28130919959781,0.489865406398543,2.0042594405323,2.78315768371374
"80","S_1839_S299",1.51439403413376,-0.148386897457884,0," 80","1"," 80",0.847285054774337,0.276738295796748,0.698898157316453,2.21329219145021,2.21336383940064
"81","S_183_S263",1.51439403413376,-0.393989381515501,0," 81","1"," 81",1.14699041127631,0.310260489631534,0.753001029760813,2.26739506389457,2.65914794847249
"82","S_1841_S250",1.51439403413376,-0.192747634856283,0," 82","1"," 82",-0.649622279632458,0.28131057880127,-0.842369914488741,0.672024119645016,0
"83","S_1865_S374",1.51439403413376,-0.0893121420617176,0," 83","1"," 83",0.787432782439155,0.273832107511329,0.698120640377438,2.21251467451119,2.21336383940064
"84","S_1874_S244",1.51439403413376,-0.138487654419779,0," 84","1"," 84",0.955493420915006,0.266012353778133,0.817005766495226,2.33139980062898,2.34034731932072
"85","S_1877_S262",1.51439403413376,-0.294166319158055,0," 85","1"," 85",0.944836007708139,0.269783687088708,0.650669688550084,2.16506372268384,2.78315768371374
"86","S_1899_S193",1.51439403413376,-0.1767142352179,0," 86","1"," 86",0.377580400921092,0.268983032573475,0.200866165703192,1.71526019983695,1.62657656169779
"87","S_1900_S242",1.51439403413376,-0.121170966042545,0," 87","1"," 87",0.0882116652491713,0.267454067044068,-0.0329593007933734,1.48143473334038,1.56508458007329
"88","S_1936_S218",1.51439403413376,-0.3372112422084,0," 88","1"," 88",0.135875811861898,0.289284467311914,-0.201335430346502,1.31305860378725,1.18920711500272
"89","S_1952_S293",1.51439403413376,-0.349875719304369,0," 89","1"," 89",-0.154901353948761,0.284683642952573,-0.50477707325313,1.00961696088063,1.18920711500272
"90","S_1969_S291",1.51439403413376,-0.278732710380438,0," 90","1"," 90",0.252852688265073,0.27522519576297,-0.0258800221153655,1.48851401201839,1.31607401295249
"91","S_1973_S267",1.51439403413376,-0.429767299766541,0," 91","1"," 91",1.40947239146028,0.284222766485744,0.979705091693735,2.49409912582749,2.89250760851908
"92","S_197_S207",1.51439403413376,-0.26693491681959,0," 92","1"," 92",-0.190942653811258,0.277245130552901,-0.457877570630848,1.05651646350291,1.4142135623731
"93","S_198_S304",1.51439403413376,-0.352602500545972,0," 93","1"," 93",-0.87519679541636,0.286924639839671,-1.22779929596233,0.286594738171425,0
"94","S_2010_S200",1.51439403413376,-0.410110891078495,0," 94","1"," 94",-0.668098196116169,0.282221328489845,-1.07820908719466,0.436184946939093,0
"95","S_2014_S264",1.51439403413376,-0.393533504292269,0," 95","1"," 95",-0.364420760946088,0.282729335366867,-0.757954265238357,0.7564397688954,1.25743342968294
"96","S_2015_S266",1.51439403413376,-0.41544156580314,0," 96","1"," 96",-0.618624954930493,0.279287098666291,-1.03406652073363,0.480327513400123,0
"97","S_2037_S371",1.51439403413376,-0.331352707101294,0," 97","1"," 97",-0.647853598102708,0.293481335917828,-0.979206305204002,0.535187728929755,0
"98","S_2073_S215",1.51439403413376,-0.248265214112726,0," 98","1"," 98",-0.0775708641236317,0.300065523678907,-0.325836078236357,1.1885579558974,1.49534878122122
"99","S_2099_S335",1.51439403413376,-0.388096142111478,0," 99","1"," 99",-0.297332186445112,0.29112788613353,-0.685428328556589,0.828965705577167,0.840896415253715
"100","S_209_S379",1.51439403413376,0.198555188301041,0,"100","1","100",-1.2646509188343,0.273931742044399,-1.06609573053326,0.448298303600493,0
"101","S_2103_S301",1.51439403413376,-0.340148505054134,0,"101","1","101",0.251992198243617,0.309117488458624,-0.0881563068105175,1.42623772732324,2.34034731932072
"102","S_2104_S224",1.51439403413376,-0.341176771354106,0,"102","1","102",-0.0291320761292186,0.294305236225406,-0.370308847483325,1.14408518665043,1.31607401295249
"103","S_2105_S269",1.51439403413376,-0.273197751093797,0,"103","1","103",-0.395758254428949,0.30636465280543,-0.668956005522747,0.84543802861101,0
"104","S_2107_S349",1.51439403413376,-0.407727728865539,0,"104","1","104",-0.0948537472404622,0.288697357317658,-0.502581476106001,1.01181255802776,1.18920711500272
"105","S_2115_S280",1.51439403413376,-0.422919652556096,0,"105","1","105",0.10791789536425,0.373882701526246,-0.315001757191847,1.19939227694191,2.34034731932072
"106","S_2116_S350",1.51439403413376,-0.394456073712741,0,"106","1","106",-0.0596196842379149,0.281893588876241,-0.454075757950656,1.0603182761831,1.31607401295249
"107","S_2135_S234",1.51439403413376,-0.412559376821423,0,"107","1","107",-0.0760109581755432,0.292338825722064,-0.488570334996966,1.02582369913679,1.31607401295249
"108","S_2140_S363",1.51439403413376,-0.465373276299112,0,"108","1","108",-1.0836315493122,0.292943515873559,-1.54900482561131,0,0
"109","S_2145_S212",1.51439403413376,-0.480065666496037,0,"109","1","109",-0.974453934174699,0.299060430478679,-1.45451960067074,0.0598744334630208,0
"110","S_2155_S383",1.51439403413376,-0.369865313306049,0,"110","1","110",0.27370382621491,0.288026708944195,-0.0961614870911395,1.41823254704262,1.4142135623731
"111","S_2187_S360",1.51439403413376,-0.368764638224024,0,"111","1","111",0.278867555666444,0.277236595306039,-0.0898970825575794,1.42449695157618,1.96798967126543
"112","S_2192_S307",1.51439403413376,-0.397446860270012,0,"112","1","112",-0.166591123218872,0.286534073801393,-0.564037983488884,0.950356050644873,1.31607401295249
"113","S_2193_S216",1.51439403413376,-0.328290778939105,0,"113","1","113",0.170418729633685,0.274368379489224,-0.15787204930542,1.35652198482834,1.65487545982344
"114","S_2201_S214",1.51439403413376,-0.451138145840796,0,"114","1","114",-1.10092133680369,0.303477380787347,-1.55205948264448,0,0
"115","S_2203_S277",1.51439403413376,-0.504884494448918,0,"115","1","115",-0.373085602408623,0.308896422900555,-0.877970096857541,0.636423937276216,0
"116","S_2212_S230",1.51439403413376,-0.346417326243731,0,"116","1","116",-0.863854968346095,0.269656097360517,-1.21027229458983,0.304121739543931,0
"117","S_2214_S290",1.51439403413376,-0.333772399137629,0,"117","1","117",-0.304819845757077,0.276910498239956,-0.638592244894706,0.87580178923905,1.4142135623731
"118","S_2226_S298",1.51439403413376,-0.349242632967891,0,"118","1","118",0.578407422464888,0.284987137010325,0.229164789496997,1.74355882363075,2.21336383940064
"119","S_2228_S346",1.51439403413376,-0.368303987963601,0,"119","1","119",-0.783906635957818,0.273294073149974,-1.15221062392142,0.362183410212338,0
"120","S_2232_S273",1.51439403413376,-0.304972511238096,0,"120","1","120",0.411456040527945,0.311067033798745,0.106483529289849,1.62087756342361,1.31607401295249
"121","S_2271_S195",1.51439403413376,-0.321039548161522,0,"121","1","121",0.52070993945909,0.281848356125089,0.199670391297569,1.71406442543133,1.49534878122122
"122","S_2299_S281",1.51439403413376,0.192731527269748,0,"122","1","122",0.581498306434745,0.291830552200168,0.774229833704492,2.28862386783825,2.65914794847249
"123","S_2302_S259",1.51439403413376,0.111222474286504,0,"123","1","123",0.426357657464914,0.283268935712294,0.537580131751418,2.05197416588517,2.23606797749979
"124","S_2307_S288",1.51439403413376,0.205434978715636,0,"124","1","124",0.705239941584685,0.264441393223393,0.910674920300321,2.42506895443408,2.69178163547765
"125","S_2319_S337",1.51439403413376,-0.00229485108390995,0,"125","1","125",-1.13643351967728,0.274570490314044,-1.13872837076119,0.375665663372563,0
"126","S_231_S260",1.51439403413376,0.39922569464867,0,"126","1","126",0.0671473649389874,0.317213166260429,0.466373059587658,1.98076709372141,2.11474252688113
"127","S_2323_S355",1.51439403413376,0.0227536255846377,0,"127","1","127",-0.451832121212546,0.293488319538094,-0.429078495627908,1.08531553850585,1.25743342968294
"128","S_2351_S197",1.51439403413376,0.0423418454375403,0,"128","1","128",-1.65521209986809,0.278410569694819,-1.61287025443055,0,0
"129","S_2358_S289",1.51439403413376,-0.00206629802870953,0,"129","1","129",-0.127472966997431,0.260189328938011,-0.129539265026141,1.38485476910762,1.49534878122122
"130","S_2370_S336",1.51439403413376,0.21049696058782,0,"130","1","130",-0.765123295224074,0.287096537215655,-0.554626334636254,0.959767699497503,1
"131","S_2375_S268",1.51439403413376,0.364876132866504,0,"131","1","131",0.546875000583911,0.293832910738174,0.911751133450415,2.42614516758417,2.51486685936587
"132","S_2395_S194",1.51439403413376,0.257275558003441,0,"132","1","132",-0.329980725426049,0.301448325661784,-0.0727051674226086,1.44168886671115,1.56508458007329
"133","S_242_S324",1.51439403413376,0.191281955126853,0,"133","1","133",-1.26170625047971,0.276825058170419,-1.07042429535286,0.443969738780896,0
"134","S_248_S252",1.51439403413376,0.288229996035455,0,"134","1","134",-0.292132998630519,0.282279318851853,-0.00390300259506399,1.51049103153869,1.77827941003892
"135","S_261_S368",1.51439403413376,-0.147316902379275,0,"135","1","135",0.496123991766741,0.285988037969055,0.348807089387466,1.86320112352122,1.96798967126543
"136","S_269_S228",1.51439403413376,-0.148472079474933,0,"136","1","136",-0.188401777324792,0.280367514661016,-0.336873856799725,1.17752017733403,0.840896415253715
"137","S_272_S326",1.51439403413376,-0.30710143940516,0,"137","1","137",0.495968266142556,0.288147888646044,0.188866826737396,1.70326086087115,2.11474252688113
"138","S_285_S191",1.51439403413376,-0.323806245139239,0,"138","1","138",0.808041589032465,0.27040673775742,0.484235343893226,1.99862937802698,2.05976714390712
"139","S_28_S364",1.51439403413376,-0.508513750227092,0,"139","1","139",-0.744827100943646,0.296060478599566,-1.25334085117074,0.261053182963018,0
"140","S_294_S317",1.51439403413376,0.186983670021669,0,"140","1","140",-1.4200835875551,0.263617648224728,-1.23309991753343,0.28129411660033,0
"141","S_298_S354",1.51439403413376,0.283517154857102,0,"141","1","141",0.120133052446393,0.306404166056555,0.403650207303495,1.91804424143725,2.11474252688113
"142","S_304_S341",1.51439403413376,0.0159187665148209,0,"142","1","142",-0.887488811084558,0.277388213171457,-0.871570044569737,0.642823989564019,0
"143","S_325_S347",1.51439403413376,-0.274616492267671,0,"143","1","143",-1.18622446051051,0.287304240916389,-1.46084095277818,0.0535530813555791,0
"144","S_381_S205",1.51439403413376,-0.368884903671159,0,"144","1","144",1.20335331426139,0.277616800228178,0.834468410590231,2.34886244472399,2.65914794847249
"145","S_382_S276",1.51439403413376,-0.2543507793964,0,"145","1","145",1.10384738000679,0.278844182275235,0.849496600610386,2.36389063474414,2.89250760851908
"146","S_389_S330",1.51439403413376,-0.260676185502131,0,"146","1","146",0.639496592685319,0.263361998337601,0.378820407183188,1.89321444131694,2.23606797749979
"147","S_394_S237",1.51439403413376,-0.315914223923028,0,"147","1","147",-0.530005423256668,0.296620114305277,-0.845919647179696,0.668474386954061,0
"148","S_398_S239",1.51439403413376,-0.207772185217066,0,"148","1","148",0.302492096695657,0.263641355403659,0.0947199114785909,1.60911394561235,1.49534878122122
"149","S_402_S309",1.51439403413376,-0.383428153864998,0,"149","1","149",0.106957707125865,0.278601799539661,-0.276470446739132,1.23792358739462,1.31607401295249
"150","S_415_S222",1.51439403413376,-0.406276992390503,0,"150","1","150",-0.916788507328417,0.296586072879927,-1.32306549971892,0.191328534414837,0
"151","S_421_S358",1.51439403413376,-0.340371062308253,0,"151","1","151",-0.148778298442381,0.272456730115643,-0.489149360750633,1.02524467338312,1.31607401295249
"152","S_437_S233",1.51439403413376,-0.410511003803163,0,"152","1","152",0.25543360788461,0.283418305267982,-0.155077395918553,1.3593166382152,1.18920711500272
"153","S_449_S352",1.51439403413376,-0.335932451957194,0,"153","1","153",0.547450911264846,0.294598279832365,0.211518459307652,1.72591249344141,2.05976714390712
"154","S_451_S261",1.51439403413376,-0.450624623969894,0,"154","1","154",-0.87423599978135,0.314206640905833,-1.32486062375124,0.189533410382513,0
"155","S_471_S344",1.51439403413376,-0.454121526648597,0,"155","1","155",-0.324870980273069,0.289603576831412,-0.778992506921666,0.735401527212091,0
"156","S_473_S362",1.51439403413376,-0.33052319108564,0,"156","1","156",0.448369027079176,0.286261162313822,0.117845835993537,1.63223987012729,1.56508458007329
"157","S_477_S225",1.51439403413376,-0.443921346906187,0,"157","1","157",-0.407825167586668,0.421394305947239,-0.851746514492855,0.662647519640902,0
"158","S_494_S382",1.51439403413376,-0.404777141171021,0,"158","1","158",0.718215703224394,0.283547510708929,0.313438562053374,1.82783259618713,1.49534878122122
"159","S_496_S381",1.51439403413376,-0.44142043382505,0,"159","1","159",0.583052034294518,0.298743608132083,0.141631600469468,1.65602563460322,2.17793858734643
"160","S_499_S265",1.51439403413376,-0.301875641426772,0,"160","1","160",1.20213094445888,0.268145193166642,0.90025530303211,2.41464933716587,2.05976714390712
"161","S_4_S313",1.51439403413376,-0.224240854950294,0,"161","1","161",0.872861109347993,0.280653398521499,0.6486202543977,2.16301428853146,2.78315768371374
"162","S_525_S305",1.51439403413376,-0.218461416420068,0,"162","1","162",-0.726486909000629,0.257720502114495,-0.944948325420698,0.569445708713059,0
"163","S_529_S314",1.51439403413376,-0.281618087250646,0,"163","1","163",-0.185787746519196,0.272320682784422,-0.467405833769842,1.04698820036391,1.18920711500272
"164","S_550_S257",1.51439403413376,-0.266264302379335,0,"164","1","164",1.27204576818751,0.287855236700227,1.00578146580817,2.52017549994193,2.94283095638271
"165","S_552_S308",1.51439403413376,-0.367979810742325,0,"165","1","165",0.139400731442113,0.290722180103574,-0.228579079300212,1.28581495483354,1.31607401295249
"166","S_564_S211",1.51439403413376,-0.440714916099632,0,"166","1","166",0.253655336746189,0.314843318830146,-0.187059579353442,1.32733445478031,1.73205080756888
"167","S_572_S203",1.51439403413376,-0.542034112836253,0,"167","1","167",-0.61786751466408,0.303914047733479,-1.15990162750033,0.354492406633424,0
"168","S_597_S255",1.51439403413376,-0.308568517171707,0,"168","1","168",0.393728545485359,0.280026169491264,0.0851600283136517,1.59955406244741,1.8612097182042
"169","S_652_S232",1.51439403413376,0.263364513729592,0,"169","1","169",0.550845388129898,0.289847575805923,0.814209901859489,2.32860393599325,2.51486685936587
"170","S_66_S321",1.51439403413376,-0.0740724883870661,0,"170","1","170",0.529162212700793,0.27462710853467,0.455089724313726,1.96948375844748,2.65914794847249
"171","S_699_S356",1.51439403413376,0.14515074159454,0,"171","1","171",-0.213916104576329,0.269721003337369,-0.0687653629817891,1.44562867115197,1.49534878122122
"172","S_6_S348",1.51439403413376,-0.144969425957973,0,"172","1","172",0.198204583126332,0.282076582428431,0.0532351571683585,1.56762919130212,1.49534878122122
"173","S_701_S340",1.51439403413376,0.299800758824213,0,"173","1","173",0.231527801503829,0.294009909147551,0.531328560328042,2.0457225944618,2.11474252688113
"174","S_704_S282",1.51439403413376,0.0847548041683508,0,"174","1","174",0.172873381629543,0.271560942020192,0.257628185797893,1.77202221993165,2.34034731932072
"175","S_716_S283",1.51439403413376,0.11899738648988,0,"175","1","175",0.348763577710367,0.293685428629462,0.467760964200247,1.982154998334,1.8612097182042
"176","S_732_S243",1.51439403413376,0.241265877732619,0,"176","1","176",0.692563352259024,0.328581930661064,0.933829229991643,2.4482232641254,2.54572989502183
"177","S_737_S201",1.51439403413376,0.166826936573067,0,"177","1","177",0.806589410248463,0.27705573653679,0.97341634682153,2.48781038095529,2.73861278752583
"178","S_769_S220",1.51439403413376,0.273303486524916,0,"178","1","178",-0.788508716562319,0.27704847525403,-0.515205230037403,0.999188804096353,1
"179","S_797_S209",1.51439403413376,0.0578465075103284,0,"179","1","179",-1.02932720186845,0.251544777061946,-0.971480694358126,0.54291333977563,0
"180","S_809_S270",1.51439403413376,0.230633898832498,0,"180","1","180",0.449139853761508,0.274532253543742,0.679773752594006,2.19416778672776,2.65914794847249
"181","S_81_S279",1.51439403413376,-0.161702402202503,0,"181","1","181",0.189424602262249,0.269552188528525,0.027722200059746,1.5421162341935,1.56508458007329
"182","S_829_S286",1.51439403413376,0.290583863469795,0,"182","1","182",0.263334917920666,0.303536657304881,0.553918781390461,2.06831281552422,2.11474252688113
"183","S_831_S353",1.51439403413376,0.113259633154168,0,"183","1","183",0.827546754985109,0.267198739943195,0.940806388139277,2.45520042227303,2.65914794847249
"184","S_838_S306",1.51439403413376,0.202252644136233,0,"184","1","184",0.688780016705157,0.260125537577144,0.89103266084139,2.40542669497515,2.23606797749979
"185","S_868_S274",1.51439403413376,0.343276666820489,0,"185","1","185",-0.188411759068382,0.28881924570137,0.154864907752107,1.66925894188586,1.10668191970032
"186","S_869_S241",1.51439403413376,0.364900817980033,0,"186","1","186",-0.143870736901627,0.281668215484532,0.221030081078407,1.73542411521216,1.56508458007329
"187","S_874_S217",1.51439403413376,0.353734482633203,0,"187","1","187",0.227640802873348,0.297531364549371,0.581375285506551,2.09576931964031,2.34034731932072
"188","S_881_S365",1.51439403413376,0.247604515248236,0,"188","1","188",0.871001426042686,0.299470116572576,1.11860594129092,2.63299997542468,2.78315768371374
"189","S_89_S199",1.51439403413376,-0.41658849238428,0,"189","1","189",-0.513908285633895,0.28537777254366,-0.930496778018175,0.583897256115582,0
"190","S_905_S248",1.51439403413376,-0.0650649910705545,0,"190","1","190",-0.566749591751005,0.263382456154271,-0.63181458282156,0.882579451312197,0.840896415253715
"191","S_927_S334",1.51439403413376,-0.128388418286241,0,"191","1","191",-1.04937546510854,0.283343858973004,-1.17776388339478,0.336630150738972,0
"192","S_984_S370",1.51439403413376,0.0850599438986244,0,"192","1","192",-0.372234458575855,0.28160849414908,-0.28717451467723,1.22721951945653,1.49534878122122
"193","S_989_S196",1.51439403413376,0.0992969325947232,0,"193","1","193",-0.506912290278749,0.2595106384234,-0.407615357684026,1.10677867644973,1.25743342968294
"194","S_9_S300",1.51439403413376,-0.216420226354732,0,"194","1","194",1.20680580206593,0.279832711861671,0.990385575711195,2.50477960984495,2.78315768371374
"195","S_1001_S52_L003",1.51439403413376,0.24029367936496,0,"195","1","195",0.829023107555358,0.302936017838641,1.06931678692032,2.58371082105407,2.65914794847249
"196","S_1004_S75_L003",1.51439403413376,0.262755390952819,0,"196","1","196",0.920954234939287,0.304345382042595,1.18370962589211,2.69810366002586,2.89250760851908
"197","S_1010_S144",1.51439403413376,0.09190189714977,0,"197","1","197",0.0139158856688458,0.24823267732517,0.105817782818616,1.62021181695237,1.49534878122122
"198","S_1012_S150",1.51439403413376,-0.120191271080128,0,"198","1","198",0.132597673891005,0.272581936998668,0.0124064028108775,1.52680043694463,2.11474252688113
"199","S_1013_S145",1.51439403413376,0.185791965226529,0,"199","1","199",-0.575377035973718,0.27820930090909,-0.389585070747189,1.12480896338657,1.49534878122122
"200","S_101_S15_L003",1.51439403413376,-0.172665763137398,0,"200","1","200",-0.170352900072962,0.290526817072451,-0.34301866321036,1.1713753709234,1
"201","S_1020_S139",1.51439403413376,0.184857964685121,0,"201","1","201",-0.0051308492595194,0.288794044973488,0.179727115425601,1.69412114955936,1.22474487139159
"202","S_1022_S29",1.51439403413376,-0.203931393766256,0,"202","1","202",0.847046689333706,0.27483176035391,0.64311529556745,2.15750932970121,2.23606797749979
"203","S_1029_S66_L003",1.51439403413376,-0.242457345755206,0,"203","1","203",-0.647322889923467,0.284862667834576,-0.889780235678673,0.624613798455084,0
"204","S_1030_S13",1.51439403413376,-0.0758152199194241,0,"204","1","204",0.755084677295776,0.26450209521924,0.679269457376352,2.19366349151011,2.34034731932072
"205","S_1036_S32",1.51439403413376,0.28264740354606,0,"205","1","205",0.166347754603982,0.293559099924582,0.448995158150041,1.9633891922838,1.77827941003892
"206","S_1041_S151",1.51439403413376,0.059467271411347,0,"206","1","206",0.572221113152455,0.260104710041194,0.631688384563802,2.14608241869756,2.89250760851908
"207","S_1053_S23",1.51439403413376,0.161805065576268,0,"207","1","207",0.26281258612283,0.250852871628677,0.424617651699098,1.93901168583285,2.21336383940064
"208","S_1075_S38",1.51439403413376,-0.280359148793169,0,"208","1","208",0.65888589942046,0.287063529104752,0.378526750627292,1.89292078476105,2.11474252688113
"209","S_1076_S167",1.51439403413376,-0.350608447915065,0,"209","1","209",0.695621110585719,0.381899892903239,0.345012662670654,1.85940669680441,2.34034731932072
"210","S_107_S16",1.51439403413376,-0.240438828989283,0,"210","1","210",0.605070654017928,0.278060307577842,0.364631825028645,1.8790258591624,2.34034731932072
"211","S_1093_S116",1.51439403413376,0.194585489073133,0,"211","1","211",0.219775654886104,0.267457355567178,0.414361143959238,1.92875517809299,2.34034731932072
"212","S_10_S169",1.51439403413376,-0.205444192377319,0,"212","1","212",0.200898405332578,0.263909741457732,-0.00454578704474151,1.50984824708902,1.8612097182042
"213","S_1118_S92",1.51439403413376,-0.103834110044137,0,"213","1","213",-0.196204191274878,0.2857709192181,-0.300038301319015,1.21435573281474,1.49534878122122
"214","S_1125_S30_L003",1.51439403413376,-0.00565262476172837,0,"214","1","214",-1.47999120902519,0.258247116599008,-1.48564383378692,0.0287502003468352,0
"215","S_1134_S91",1.51439403413376,-0.106487868439934,0,"215","1","215",0.206892240179647,0.277508908114104,0.100404371739714,1.61479840587347,1.31607401295249
"216","S_1138_S159",1.51439403413376,-0.346251892933045,0,"216","1","216",0.548655478599946,0.386297594703895,0.202403585666901,1.71679761980066,2.34034731932072
"217","S_113_S7_L003",1.51439403413376,-0.412360258543584,0,"217","1","217",0.0857779998616565,0.292832519762694,-0.326582258681927,1.18781177545183,1.18920711500272
"218","S_1140_S60_L003",1.51439403413376,0.0681050844472316,0,"218","1","218",0.390616969787999,0.280582559107291,0.458722054235231,1.97311608836899,2.05976714390712
"219","S_1154_S161",1.51439403413376,0.0140888901361998,0,"219","1","219",0.588519095410978,0.263469027691335,0.602607985547177,2.11700201968093,1.96798967126543
"220","S_1160_S11",1.51439403413376,0.0477222681210324,0,"220","1","220",1.46428957532523,0.276672433623935,1.51201184344626,3.02640587758002,2.89250760851908
"221","S_1177_S24",1.51439403413376,0.142223841630132,0,"221","1","221",0.125373395751048,0.292533487400457,0.267597237381181,1.78199127151494,1.77827941003892
"222","S_1179_S105",1.51439403413376,0.151728123868884,0,"222","1","222",0.772021010530085,0.301495359575007,0.923749134398969,2.43814316853273,2.51486685936587
"223","S_1200_S164",1.51439403413376,-0.27416993017228,0,"223","1","223",0.543104625864198,0.329203671575699,0.268934695691918,1.78332872982567,2.34034731932072
"224","S_1202_S72_L003",1.51439403413376,0.185662005694072,0,"224","1","224",0.433071821265894,0.281002590313026,0.618733826959966,2.13312786109372,2.51486685936587
"225","S_1203_S53",1.51439403413376,0.0856157753386147,0,"225","1","225",-0.850759367143873,0.279210156645278,-0.765143591805258,0.749250442328499,0
"226","S_1210_S120",1.51439403413376,0.172513398795993,0,"226","1","226",-0.345509187592765,0.298032706368534,-0.172995788796772,1.34139824533698,1.25743342968294
"227","S_1213_S95_L003",1.51439403413376,-0.105588958286439,0,"227","1","227",0.375192365588296,0.26989343957012,0.269603407301857,1.78399744143561,2.11474252688113
"228","S_122_S43_L003",1.51439403413376,-0.458792864891797,0,"228","1","228",0.0752337201848373,0.395835004704832,-0.38355914470696,1.1308348894268,1.56508458007329
"229","S_1247_S133",1.51439403413376,-0.19087256190476,0,"229","1","229",-1.11151254633825,0.29813425919157,-1.30238510824301,0.212008925890745,0
"230","S_1257_S89",1.51439403413376,-0.0678188030883347,0,"230","1","230",-0.0404635182845036,0.273608509303968,-0.108282321372838,1.40611171276092,1.49534878122122
"231","S_125_S163",1.51439403413376,-0.556285309065059,0,"231","1","231",-0.578883035137775,0.320742256721723,-1.13516834420283,0.379225689930923,0
"232","S_1278_S20",1.51439403413376,-0.192958689568973,0,"232","1","232",-0.863648383048627,0.273092958548586,-1.0566070726176,0.457786961516157,0
"233","S_1287_S146",1.51439403413376,-0.0742247955087303,0,"233","1","233",0.789363139752319,0.257871254794946,0.715138344243589,2.22953237837735,2.34034731932072
"234","S_1289_S164",1.51439403413376,-0.0582943448248224,0,"234","1","234",0.622501477452059,0.289915585036773,0.564207132627237,2.07860116676099,2.21336383940064
"235","S_1308_S183",1.51439403413376,-0.256271578517271,0,"235","1","235",0.186402021318591,0.363476686422029,-0.0698695571986808,1.44452447693508,1.49534878122122
"236","S_1323_S36",1.51439403413376,-0.0430723863806216,0,"236","1","236",0.297652868817277,0.279907561298155,0.254580482436655,1.76897451657041,1.96798967126543
"237","S_1326_S53_L003",1.51439403413376,-0.0526820838076666,0,"237","1","237",1.05328071719314,0.277425681821127,1.00059863338547,2.51499266751923,2.78315768371374
"238","S_132_S41",1.51439403413376,-0.447643188060953,0,"238","1","238",-0.87891472847071,0.296021834340144,-1.32655791653166,0.187836117602094,0
"239","S_1370_S76",1.51439403413376,-0.107747337938657,0,"239","1","239",-1.17890113468326,0.270606876543128,-1.28664847262191,0.227745561511844,0
"240","S_1374_S132",1.51439403413376,-0.0237538083256073,0,"240","1","240",-1.56918731236471,0.264809340319054,-1.59294112069032,0,0
"241","S_1384_S78",1.51439403413376,-0.0996736189076972,0,"241","1","241",-0.733439461510314,0.278736622592647,-0.833113080418012,0.681280953715745,0
"242","S_1390_S94",1.51439403413376,-0.112898906121183,0,"242","1","242",0.423448498523151,0.276982616390268,0.310549592401968,1.82494362653572,2.65914794847249
"243","S_1393_S83_L003",1.51439403413376,-0.30667174828225,0,"243","1","243",-0.783536229900185,0.283040416363994,-1.09020797818244,0.424186055951321,0
"244","S_1395_S102",1.51439403413376,-0.118803879364501,0,"244","1","244",-0.152422894114586,0.291756696644526,-0.271226773479086,1.24316726065467,1.49534878122122
"245","S_1403_S130",1.51439403413376,-0.276811946320502,0,"245","1","245",0.144489779204978,0.297604542068825,-0.132322167115524,1.38207186701823,1.31607401295249
"246","S_1405_S126",1.51439403413376,-0.271823467053795,0,"246","1","246",-0.641089921931229,0.289592182929014,-0.912913388985024,0.601480645148733,0
"247","S_1408_S17_L003",1.51439403413376,-0.228164635461079,0,"247","1","247",1.2426641672974,0.28239611800383,1.01449953183632,2.52889356597008,2.89250760851908
"248","S_1412_S125",1.51439403413376,-0.289291268083049,0,"248","1","248",-0.843763395975249,0.277202526420139,-1.1330546640583,0.381339370075459,0
"249","S_1413_S10_L003",1.51439403413376,-0.272153722418703,0,"249","1","249",0.222582760671884,0.27953707581412,-0.0495709617468191,1.46482307238694,1.56508458007329
"250","S_141_S188",1.51439403413376,-0.391571835401886,0,"250","1","250",0.153465405667537,0.289804246138797,-0.238106429734348,1.27628760439941,1
"251","S_1434_S73_L003",1.51439403413376,-0.245455758138049,0,"251","1","251",-0.953434948530353,0.290583744364474,-1.1988907066684,0.315503327465354,0
"252","S_1443_S64_L003",1.51439403413376,-0.017516212270114,0,"252","1","252",-0.260233652184686,0.281051457306661,-0.2777498644548,1.23664416967896,1.56508458007329
"253","S_1462_S171",1.51439403413376,-0.318145043711908,0,"253","1","253",0.555649527994002,0.297280003477856,0.237504484282094,1.75189851841585,2.05976714390712
"254","S_1464_S64",1.51439403413376,-0.281010125573042,0,"254","1","254",0.285348009497587,0.264325102516718,0.00433788392454509,1.5187319180583,1.25743342968294
"255","S_1467_S106",1.51439403413376,0.142338056766923,0,"255","1","255",-0.242839392071605,0.271281331158097,-0.100501335304681,1.41389269882908,1.56508458007329
"256","S_1468_S139",1.51439403413376,-0.121118440991108,0,"256","1","256",0.271508299476106,0.285948224132056,0.150389858484998,1.66478389261875,1.56508458007329
"257","S_1479_S2_L003",1.51439403413376,-0.172751592910207,0,"257","1","257",-0.38761405678173,0.25997928482098,-0.560365649691937,0.95402838444182,1.31607401295249
"258","S_147_S19",1.51439403413376,-0.290778936754792,0,"258","1","258",0.469963347397768,0.275701528863716,0.179184410642976,1.69357844477673,1.49534878122122
"259","S_14_S3",1.51439403413376,-0.372224576864874,0,"259","1","259",-0.492507301669914,0.286621033612609,-0.864731878534788,0.649662155598969,0
"260","S_1506_S61",1.51439403413376,-0.00158750425315293,0,"260","1","260",-1.03534217621484,0.267163985018761,-1.036929680468,0.477464353665761,0
"261","S_1516_S148",1.51439403413376,-0.415332576210574,0,"261","1","261",0.155584114306225,0.405543085961087,-0.259748461904349,1.25464557222941,1.73205080756888
"262","S_151_S93",1.51439403413376,-0.343451508625398,0,"262","1","262",-0.298580176841343,0.291866611358925,-0.642031685466741,0.872362348667015,0
"263","S_1521_S18",1.51439403413376,-0.18206649388688,0,"263","1","263",0.15968913876408,0.288782115954621,-0.0223773551227995,1.49201667901096,2.11474252688113
"264","S_1528_S47",1.51439403413376,-0.142409217343226,0,"264","1","264",0.754244383347815,0.272808423114625,0.611835166004588,2.12622920013835,2.11474252688113
"265","S_1531_S31_L003",1.51439403413376,-0.27846489520138,0,"265","1","265",-0.676288930651241,0.280197441448262,-0.954753825852621,0.559640208281136,0
"266","S_1532_S117",1.51439403413376,-0.143325070518525,0,"266","1","266",1.01753332826302,0.282255167132488,0.874208257744497,2.38860229187825,2.65914794847249
"267","S_1542_S44",1.51439403413376,-0.217705984471129,0,"267","1","267",-0.963994370177676,0.269634540928457,-1.1817003546488,0.332693679484952,0
"268","S_154_S162",1.51439403413376,-0.328503959932654,0,"268","1","268",0.321239644623855,0.292153211123105,-0.0072643153087989,1.50712971882496,1.65487545982344
"269","S_1552_S185",1.51439403413376,-0.0546218085469169,0,"269","1","269",-0.175016006118536,0.266081554194824,-0.229637814665453,1.2847562194683,1.31607401295249
"270","S_1561_S52",1.51439403413376,-0.21702974132153,0,"270","1","270",0.0943040159712785,0.268865124426359,-0.122725725350251,1.39166830878351,1.25743342968294
"271","S_1565_S74_L003",1.51439403413376,-0.25031124140572,0,"271","1","271",0.411514926546138,0.283361215292915,0.161203685140419,1.67559771927418,1.4142135623731
"272","S_1567_S13_L003",1.51439403413376,-0.275183040897312,0,"272","1","272",0.19752220612096,0.26096639580207,-0.0776608347763521,1.4367331993574,1.49534878122122
"273","S_159_S190",1.51439403413376,-0.349723568774135,0,"273","1","273",0.724026716514339,0.300327985934129,0.374303147740204,1.88869718187396,2.34034731932072
"274","S_1604_S168",1.51439403413376,0.0310641284281929,0,"274","1","274",0.621538238134699,0.260070713504635,0.652602366562892,2.16699640069665,2.44948974278318
"275","S_1620_S26",1.51439403413376,-0.198132428487851,0,"275","1","275",-0.75674027299486,0.283698143364009,-0.954872701482712,0.559521332651045,0
"276","S_1651_S111",1.51439403413376,-0.127098036856786,0,"276","1","276",0.186951753276009,0.273274476299619,0.0598537164192234,1.57424775055298,1.49534878122122
"277","S_1660_S143",1.51439403413376,0.168294749237621,0,"277","1","277",0.15510948696423,0.288812632126305,0.323404236201851,1.83779827033561,2.51486685936587
"278","S_1674_S49_L003",1.51439403413376,-0.0579111889060994,0,"278","1","278",-0.24317765011399,0.249799589265853,-0.301088839020089,1.21330519511367,1.25743342968294
"279","S_1675_S175",1.51439403413376,-0.184002488643077,0,"279","1","279",-0.0292493328619338,0.259450222075615,-0.213251821505011,1.30114221262875,1.4142135623731
"280","S_1678_S107",1.51439403413376,-0.0780398428045058,0,"280","1","280",-0.0453169416549085,0.260423433968218,-0.123356784459414,1.39103724967434,1.31607401295249
"281","S_1687_S90_L003",1.51439403413376,-0.318624672802439,0,"281","1","281",-0.895421662576979,0.28828962635843,-1.21404633537942,0.300347698754339,0
"282","S_1691_S141",1.51439403413376,-0.315116602614491,0,"282","1","282",-0.152127634442504,0.28125966109382,-0.467244237056995,1.04714979707676,1.39157884185687
"283","S_1697_S147",1.51439403413376,-0.509562394111314,0,"283","1","283",0.129086531837354,0.447824949955685,-0.38047586227396,1.1339181718598,1.49534878122122
"284","S_169_S27",1.51439403413376,-0.213086689768033,0,"284","1","284",0.428937773029921,0.275639839394601,0.215851083261888,1.73024511739564,1.31607401295249
"285","S_16_S56_L003",1.51439403413376,-0.295645336689011,0,"285","1","285",0.960584051296307,0.300061237805357,0.664938714607296,2.17933274874105,2.23606797749979
"286","S_1725_S144",1.51439403413376,-0.475440059027895,0,"286","1","286",0.0448914381015042,0.444390773726867,-0.430548620926391,1.08384541320737,0.840896415253715
"287","S_1727_S30",1.51439403413376,-0.317993994761161,0,"287","1","287",-0.0117857949543128,0.275947981264305,-0.329779789715474,1.18461424441828,1.25743342968294
"288","S_1735_S172",1.51439403413376,-0.146928773134784,0,"288","1","288",0.738085913792425,0.286958158852692,0.591157140657641,2.1055511747914,1.56508458007329
"289","S_1740_S146",1.51439403413376,-0.273469704905043,0,"289","1","289",0.262229474276749,0.312806330235148,-0.0112402306282937,1.50315380350546,1.91682931273882
"290","S_1747_S48_L003",1.51439403413376,-0.303788882029164,0,"290","1","290",0.121132267738474,0.284596028916356,-0.18265661429069,1.33173741984307,1.49534878122122
"291","S_1753_S75",1.51439403413376,-0.177164057235576,0,"291","1","291",-0.192725579038044,0.276998845827372,-0.36988963627362,1.14450439786014,1.49534878122122
"292","S_1755_S134",1.51439403413376,-0.202215102184463,0,"292","1","292",0.0313199756807357,0.274136786810503,-0.170895126503727,1.34349890763003,1
"293","S_1757_S61_L003",1.51439403413376,-0.219673791948939,0,"293","1","293",0.26450903548742,0.265844117884854,0.0448352435384811,1.55922927767224,1.96798967126543
"294","S_177_S62",1.51439403413376,-0.26318867733427,0,"294","1","294",0.133604828545541,0.275818552741207,-0.129583848788729,1.38481018534503,1.49534878122122
"295","S_1780_S45_L003",1.51439403413376,-0.335532289454044,0,"295","1","295",0.522699230815447,0.292624562149086,0.187166941361403,1.70156097549516,1.8612097182042
"296","S_1781_S84",1.51439403413376,-0.453460267422961,0,"296","1","296",0.154615023500454,0.405618512718656,-0.298845243922507,1.21554879021125,1.96798967126543
"297","S_1783_S150",1.51439403413376,-0.414879302829776,0,"297","1","297",-0.0404311144308016,0.382583125727659,-0.455310417260578,1.05908361687318,0.840896415253715
"298","S_1799_S86",1.51439403413376,-0.265603649177947,0,"298","1","298",-0.0144687805304995,0.283223094390492,-0.280072429708447,1.23432160442531,1.31607401295249
"299","S_1800_S14_L003",1.51439403413376,-0.329156049600828,0,"299","1","299",-0.787853622274887,0.295402235372231,-1.11700967187572,0.397384362258042,0
"300","S_1811_S148",1.51439403413376,-0.173026165626679,0,"300","1","300",0.554484725144183,0.276815123737463,0.381458559517504,1.89585259365126,2.11474252688113
"301","S_181_S65",1.51439403413376,-0.448192390126553,0,"301","1","301",0.697809067099276,0.282888146271049,0.249616676972723,1.76401071110648,1.62657656169779
"302","S_1822_S37",1.51439403413376,-0.298186562852858,0,"302","1","302",0.508813259095721,0.286404960690822,0.210626696242864,1.72502073037662,1.77827941003892
"303","S_1823_S3_L003",1.51439403413376,-0.490950116867726,0,"303","1","303",0.0418714808782663,0.298164961924289,-0.449078635989459,1.0653153981443,1
"304","S_1824_S180",1.51439403413376,-0.223281229766999,0,"304","2","  1",-0.368744588093998,0.219967547327702,-0.592025817860997,0.92236821627276,NA
"305","S_1828_S156",1.51439403413376,-0.241160457578607,0,"305","1","304",-0.00593926531069822,0.262315853821176,-0.247099722889305,1.26729431124445,1.18920711500272
"306","S_1834_S114",1.51439403413376,-0.306490329084341,0,"306","1","305",-0.0511031146656577,0.281634829371887,-0.357593443749999,1.15680059038376,1.77827941003892
"307","S_1835_S57",1.51439403413376,-0.33887708617723,0,"307","1","306",-0.948713964768114,0.288031670779455,-1.28759105094534,0.226802983188412,0
"308","S_1845_S34",1.51439403413376,-0.0424813085159297,0,"308","1","307",0.913037196798979,0.290524243455062,0.87055588828305,2.38494992241681,2.51486685936587
"309","S_1855_S49",1.51439403413376,-0.40754904853141,0,"309","1","308",-0.217029620419738,0.294248311349036,-0.624578668951149,0.889815365182608,1
"310","S_1856_S51",1.51439403413376,-0.294714416241184,0,"310","1","309",-0.130297528802076,0.302107388668705,-0.425011945043259,1.0893820890905,0.840896415253715
"311","S_185_S72",1.51439403413376,-0.343017623088969,0,"311","1","310",-0.150625954913712,0.307284641217014,-0.493643578002681,1.02075045613108,0
"312","S_1861_S1_L003",1.51439403413376,-0.070667967774556,0,"312","1","311",0.917071978063728,0.276275180699734,0.846404010289172,2.36079804442293,2.51486685936587
"313","S_1871_S186",1.51439403413376,0.03487931987522,0,"313","1","312",0.539429556849868,0.284776737677874,0.574308876725088,2.08870291085884,1.73205080756888
"314","S_188_S79",1.51439403413376,-0.374972306816464,0,"314","1","313",0.146826202965313,0.308411336603183,-0.228146103851151,1.28624793028261,1.18920711500272
"315","S_1909_S132",1.51439403413376,-0.274101235544554,0,"315","1","314",0.246634045816294,0.284176837444752,-0.0274671897282602,1.4869268444055,2.05976714390712
"316","S_190_S2",1.51439403413376,-0.399798123515675,0,"316","1","315",0.572752869991086,0.311998786291959,0.172954746475411,1.68734878060917,2.23606797749979
"317","S_1910_S23_L003",1.51439403413376,-0.16435343851365,0,"317","1","316",0.230947169622351,0.278192422445997,0.0665937311087001,1.58098776524246,1.49534878122122
"318","S_1921_S54",1.51439403413376,-0.320919250679525,0,"318","1","317",-0.546319841870313,0.30510099690682,-0.867239092549838,0.647154941583919,0
"319","S_1934_S21_L003",1.51439403413376,-0.210121439324402,0,"319","1","318",1.24668388290553,0.266575619345062,1.03656244358113,2.55095647771488,2.89250760851908
"320","S_1935_S15",1.51439403413376,-0.304358253934652,0,"320","1","319",0.79569580583545,0.294247922455997,0.491337551900798,2.00573158603456,1.49534878122122
"321","S_1939_S59",1.51439403413376,-0.285433226228919,0,"321","1","320",0.550118134052986,0.291932641359908,0.264684907824067,1.77907894195782,2.11474252688113
"322","S_1945_S21",1.51439403413376,-0.302254341967669,0,"322","1","321",0.383062789850872,0.288161945745041,0.0808084478832031,1.59520248201696,2.21336383940064
"323","S_1946_S184",1.51439403413376,-0.326247049684755,0,"323","1","322",0.0612111643203276,0.300970582558594,-0.265035885364428,1.24935814876933,1.31607401295249
"324","S_1950_S66",1.51439403413376,-0.494818558569023,0,"324","1","323",-0.643759720476647,0.29907359954329,-1.13857827904567,0.375815755088087,0
"325","S_1955_S145",1.51439403413376,-0.523636663232501,0,"325","1","324",0.171524768915846,0.458024408336119,-0.352111894316655,1.1622821398171,1.45647531512197
"326","S_1956_S127",1.51439403413376,-0.303715050844267,0,"326","1","325",-0.109480599605879,0.276130818211968,-0.413195650450145,1.10119838368361,0
"327","S_1971_S104",1.51439403413376,-0.430863654313093,0,"327","1","326",1.21934444976845,0.311804418885529,0.788480795455358,2.30287482958911,2.11474252688113
"328","S_1998_S79_L003",1.51439403413376,-0.42631208006431,0,"328","1","327",-0.850094380349,0.300075161426902,-1.27640646041331,0.237987573720447,0
"329","S_199_S59_L003",1.51439403413376,-0.293777356736449,0,"329","1","328",-0.493315798258987,0.271377900261939,-0.787093154995436,0.727300879138321,1
"330","S_1_S123",1.51439403413376,-0.40083815782679,0,"330","1","329",-0.537844599905152,0.351910855862768,-0.938682757731942,0.575711276401815,0
"331","S_2005_S22",1.51439403413376,-0.411511062372869,0,"331","1","330",0.686523368782588,0.292288427595082,0.275012306409719,1.78940634054348,2.23606797749979
"332","S_2008_S85_L003",1.51439403413376,-0.361811898168658,0,"332","1","331",0.244625341435542,0.284821258183413,-0.117186556733116,1.39720747740064,1.31607401295249
"333","S_2025_S28",1.51439403413376,-0.381257860330829,0,"333","1","332",0.14576787800998,0.289720108484294,-0.235489982320849,1.27890405181291,1.25743342968294
"334","S_2029_S18_L003",1.51439403413376,-0.209643441015468,0,"334","1","333",1.16280351051076,0.277188698759969,0.95316006949529,2.46755410362905,2.51486685936587
"335","S_2031_S70",1.51439403413376,-0.307849379308795,0,"335","1","334",-0.510906633255513,0.283639497785409,-0.818756012564309,0.695638021569448,0
"336","S_2038_S118",1.51439403413376,-0.29307995654223,0,"336","1","335",0.673410884744068,0.287114807131686,0.380330928201838,1.89472496233559,2.44948974278318
"337","S_2075_S187",1.51439403413376,-0.448110933223429,0,"337","1","336",-0.363911282837913,0.372439905657486,-0.812022216061341,0.702371818072415,0
"338","S_2076_S5_L003",1.51439403413376,-0.478286864785104,0,"338","1","337",0.296615432649871,0.301373351295688,-0.181671432135233,1.33272260199852,1.77827941003892
"339","S_2077_S82_L003",1.51439403413376,-0.389095617283598,0,"339","1","338",-0.201117033141843,0.294956227861636,-0.59021265042544,0.924181383708316,0.840896415253715
"340","S_2080_S6_L003",1.51439403413376,-0.257247820451862,0,"340","1","339",0.886381887401567,0.28728730776962,0.629134066949704,2.14352810108346,2.51486685936587
"341","S_2083_S65_L003",1.51439403413376,-0.256815503501037,0,"341","1","340",0.109993781421883,0.272181801024387,-0.146821722079154,1.3675723120546,1.31607401295249
"342","S_2089_S17",1.51439403413376,-0.390508455494917,0,"342","1","341",-0.765077254265523,0.293988015417724,-1.15558570976044,0.358808324373317,0
"343","S_2096_S54_L003",1.51439403413376,-0.3494607896218,0,"343","1","342",1.12233342710961,0.299460141268754,0.772872637487815,2.28726667162157,2.51486685936587
"344","S_2098_S191",1.51439403413376,-0.278349777228796,0,"344","1","343",0.217417869520801,0.266413205882948,-0.0609319077079957,1.45346212642576,1.31607401295249
"345","S_2108_S154",1.51439403413376,-0.394156452762429,0,"345","1","344",0.588559972482368,0.340941702012747,0.194403519719939,1.7087975538537,1.77827941003892
"346","S_210_S177",1.51439403413376,-0.0164722620628214,0,"346","1","345",-1.00735788833543,0.258334313048345,-1.02383015039825,0.490563883735506,0
"347","S_2120_S134",1.51439403413376,-0.472677959317423,0,"347","1","346",-0.587161988444775,0.350837604249311,-1.0598399477622,0.454554086371559,0
"348","S_2124_S101",1.51439403413376,-0.449731730167665,0,"348","1","347",-1.14346850747539,0.295104351428268,-1.59320023764305,0,0
"349","S_2125_S140",1.51439403413376,-0.529821294709032,0,"349","1","348",-0.57696533651742,0.319040031372723,-1.10678663122645,0.407607402907305,0
"350","S_2126_S35",1.51439403413376,-0.452990540717949,0,"350","1","349",0.148282919446152,0.291749784117588,-0.304707621271797,1.20968641286196,1.31607401295249
"351","S_212_S12",1.51439403413376,0.202761780753498,0,"351","1","350",-1.50573854115979,0.297476611349811,-1.3029767604063,0.211417273727461,0
"352","S_2130_S16_L003",1.51439403413376,-0.381925535872902,0,"352","1","351",0.489626552600407,0.290785258872866,0.107701016727505,1.62209505086126,1.96798967126543
"353","S_2138_S112",1.51439403413376,-0.283293805482595,0,"353","1","352",0.560938268233931,0.277262761794879,0.277644462751336,1.79203849688509,2.23606797749979
"354","S_2139_S60",1.51439403413376,-0.392272954983933,0,"354","1","353",-0.1653754230014,0.296355391347378,-0.557648377985332,0.956745656148424,1.18920711500272
"355","S_2149_S9_L003",1.51439403413376,-0.427202829944921,0,"355","1","354",-0.682985682290511,0.277556289200716,-1.11018851223543,0.404205521898325,0
"356","S_2157_S122",1.51439403413376,-0.413532310999348,0,"356","1","355",-0.0313699889565942,0.29948491719521,-0.444902299955942,1.06949173417781,1.18920711500272
"357","S_2162_S4_L003",1.51439403413376,-0.45945780568403,0,"357","1","356",0.582771516613336,0.29666647400173,0.123313710929306,1.63770774506306,2.05976714390712
"358","S_2167_S81_L003",1.51439403413376,-0.43756463752299,0,"358","1","357",-0.465392289889372,0.308166751630869,-0.902956927412362,0.611437106721395,0
"359","S_2177_S11_L003",1.51439403413376,-0.484396068049431,0,"359","1","358",-0.0444937143154632,0.293948397356001,-0.528889782364894,0.985504251768862,1.25743342968294
"360","S_2194_S133",1.51439403413376,-0.270502357593812,0,"360","1","359",0.468480746093423,0.281825660511494,0.197978388499611,1.71237242263337,1.8612097182042
"361","S_2195_S129",1.51439403413376,-0.392228970686881,0,"361","1","360",-0.829638382074846,0.277766001389055,-1.22186735276173,0.29252668137203,0
"362","S_2200_S5",1.51439403413376,-0.447923211337382,0,"362","1","361",-0.676291732221634,0.311572394836896,-1.12421494355902,0.390179090574741,0.562341325190349
"363","S_2224_S161",1.51439403413376,-0.343366272042753,0,"363","1","362",0.613212585018009,0.281345877243624,0.269846312975256,1.78424034710901,2.34034731932072
"364","S_2225_S110",1.51439403413376,-0.372867372802421,0,"364","1","363",0.0260314100328935,0.365439093266405,-0.346835962769527,1.16755807136423,1.31607401295249
"365","S_2233_S80_L003",1.51439403413376,-0.343274119465544,0,"365","1","364",0.137608572805172,0.28943118744871,-0.205665546660372,1.30872848747338,1.56508458007329
"366","S_2277_S189",1.51439403413376,-0.385098839271239,0,"366","1","365",0.588246128690596,0.36108502546453,0.203147289419356,1.71754132355311,2.05976714390712
"367","S_228_S138",1.51439403413376,0.0884676998589993,0,"367","1","366",-0.659617325491246,0.273653298614619,-0.571149625632247,0.94324440850151,0.840896415253715
"368","S_2296_S115",1.51439403413376,-0.0850517328474727,0,"368","1","367",-0.808230229389622,0.280313994410604,-0.893281962237095,0.621112071896662,0
"369","S_229_S24_L003",1.51439403413376,0.427757407878508,0,"369","1","368",0.0876115748461608,0.319930752389691,0.515368982724669,2.02976301685843,1.96798967126543
"370","S_2316_S149",1.51439403413376,-0.11160511023111,0,"370","1","369",-0.27630964168623,0.28887192932626,-0.38791475191734,1.12647928221642,1
"371","S_2317_S77_L003",1.51439403413376,0.193831949310938,0,"371","1","370",-0.221011291856207,0.291861245337408,-0.0271793425452686,1.48721469158849,1.49534878122122
"372","S_2318_S85",1.51439403413376,0.215429848332512,0,"372","1","371",0.351031281886716,0.286529866847526,0.566461130219229,2.08085516435299,2.44948974278318
"373","S_2326_S100",1.51439403413376,0.0471067047191342,0,"373","1","372",-1.51404771791221,0.271539066869684,-1.46694101319308,0.0474530209406776,0
"374","S_2332_S35_L003",1.51439403413376,0.215672875030815,0,"374","1","373",-0.0218671026523439,0.29299576276687,0.193805772378471,1.70819980651223,1.96798967126543
"375","S_2335_S96",1.51439403413376,-0.445671920526351,0,"375","1","374",-0.19102827757682,0.456438791056229,-0.636700198103171,0.877693836030586,0
"376","S_2341_S56",1.51439403413376,0.029961583209432,0,"376","1","375",-1.53887737401635,0.268883670423723,-1.50891579080692,0.00547824332683522,0
"377","S_2344_S156",1.51439403413376,-0.475396621644468,0,"377","1","376",-0.22466236627366,0.439903454648418,-0.700058987918128,0.814335046215629,0
"378","S_2346_S152",1.51439403413376,-0.0858078503719715,0,"378","1","377",-0.987619450012018,0.284549637099292,-1.07342730038399,0.440966733749767,0
"379","S_2387_S147",1.51439403413376,-0.0827494546399354,0,"379","1","378",-0.200126030072026,0.280113654858031,-0.282875484711961,1.2315185494218,1.18920711500272
"380","S_2397_S166",1.51439403413376,-0.179374173045531,0,"380","1","379",0.145645836888829,0.293190318225279,-0.0337283361567019,1.48066569797705,1.56508458007329
"381","S_255_S45",1.51439403413376,-0.223717079158422,0,"381","1","380",-0.841271293943467,0.315306215435602,-1.06498837310189,0.449405661031868,0
"382","S_256_S39_L003",1.51439403413376,-0.296940991592614,0,"382","1","381",-1.07170578029127,0.283130533904084,-1.36864677188389,0.14574726224987,0
"383","S_274_S192",1.51439403413376,-0.391512005785444,0,"383","1","382",-0.800760001284255,0.292395275350697,-1.1922720070697,0.322122027064059,0
"384","S_276_S74",1.51439403413376,-0.359826365560156,0,"384","1","383",0.0576183973601412,0.292891039247121,-0.302207968200014,1.21218606593374,1.49534878122122
"385","S_27_S7",1.51439403413376,-0.375186147253674,0,"385","1","384",-0.731460456625707,0.300195086976975,-1.10664660387938,0.407747430254376,0.840896415253715
"386","S_285_1_S191",1.51439403413376,-0.308098023718085,0,"386","1","385",0.887168478640945,0.26315759566786,0.57907045492286,2.09346448905662,2.05976714390712
"387","S_289_S32_L003",1.51439403413376,-0.345858626683689,0,"387","1","386",-0.30819501699781,0.3772874036919,-0.654053643681499,0.860340390452258,1.31607401295249
"388","S_292_S80",1.51439403413376,0.0771828292078461,0,"388","1","387",-0.604196165977421,0.281675004445621,-0.527013336769575,0.987380697364182,1.31607401295249
"389","S_295_S46_L003",1.51439403413376,0.308518685727041,0,"389","1","388",-0.370958324028093,0.296823199639578,-0.062439638301052,1.4519543958327,1.31607401295249
"390","S_297_S95",1.51439403413376,0.291553305440705,0,"390","1","389",0.528655334334407,0.294485675283391,0.820208639775112,2.33460267390887,2.51486685936587
"391","S_302_S182",1.51439403413376,0.00497860714650386,0,"391","1","390",0.409617661366606,0.295314074639033,0.41459626851311,1.92899030264687,2.11474252688113
"392","S_328_S179",1.51439403413376,-0.241970225004576,0,"392","1","391",0.0389646762260001,0.314353623264609,-0.203005548778576,1.31138848535518,1.56508458007329
"393","S_32_S152",1.51439403413376,-0.454553997149676,0,"393","1","392",-0.818167456963496,0.28223090696506,-1.27272145411317,0.241672580020585,0
"394","S_331_S25",1.51439403413376,-0.176576427090972,0,"394","1","393",-0.803396453995356,0.278528072719563,-0.979972881086328,0.534421153047428,0
"395","S_334_S137",1.51439403413376,-0.36285175371114,0,"395","1","394",-1.4677812012341,0.314643720903988,-1.83063295494524,0,0
"396","S_337_S8",1.51439403413376,0.352111577674818,0,"396","1","395",0.743897374329672,0.30149497138831,1.09600895200449,2.61040298613825,2.99069756244244
"397","S_339_S28_L003",1.51439403413376,0.281657660944587,0,"397","1","396",-1.06290652705178,0.288889651706823,-0.781248866107196,0.733145168026561,0
"398","S_341_S162",1.51439403413376,-0.31269733436288,0,"398","1","397",0.417258453858401,0.384384758434659,0.104561119495521,1.61895515362928,1.83142075074235
"399","S_344_S160",1.51439403413376,-0.336132626375264,0,"399","1","398",-0.277358655569568,0.421784445443492,-0.613491281944833,0.900902752188924,1.56508458007329
"400","S_357_S87",1.51439403413376,0.276405437260699,0,"400","1","399",-0.288326707070672,0.278860716462816,-0.011921269809973,1.50247276432378,1.49534878122122
"401","S_371_S41_L003",1.51439403413376,0.110503418261473,0,"401","1","400",-0.479371150636747,0.2835454720247,-0.368867732375273,1.14552630175848,1
"402","S_373_S73",1.51439403413376,-0.347720055488801,0,"402","1","401",0.00421758699502656,0.30750053260511,-0.343502468493775,1.17089156563998,0
"403","S_377_S12_L003",1.51439403413376,-0.295278765165868,0,"403","1","402",0.865706503385121,0.288397416223843,0.570427738219253,2.08482177235301,2.78315768371374
"404","S_385_S62_L003",1.51439403413376,-0.334050761645652,0,"404","1","403",0.667855544326323,0.261818251197827,0.33380478268067,1.84819881681443,2.23606797749979
"405","S_393_S135",1.51439403413376,-0.298934075795437,0,"405","2","  2",-0.248716977740781,0.318584930087338,-0.547651053536219,0.966742980597538,NA
"406","S_397_S176",1.51439403413376,-0.430868453180652,0,"406","1","404",-0.423256168045834,0.29199842844452,-0.854124621226485,0.660269412907271,1.18920711500272
"407","S_406_S140",1.51439403413376,-0.259489521683626,0,"407","1","405",0.82262791618402,0.279012614125196,0.563138394500394,2.07753242863415,2.65914794847249
"408","S_407_S131",1.51439403413376,-0.455433674608912,0,"408","1","406",-1.34141294856095,0.30037891842328,-1.79684662316986,0,0
"409","S_413_S86_L003",1.51439403413376,-0.404096095067487,0,"409","1","407",-0.418161360084782,0.294369867970439,-0.822257455152269,0.692136578981488,0
"410","S_419_S1",1.51439403413376,-0.301225314466554,0,"410","1","408",0.205742074606671,0.289928710090794,-0.0954832398598832,1.41891079427387,1.49534878122122
"411","S_41_S124",1.51439403413376,-0.412087343717828,0,"411","1","409",-0.962326464532793,0.296315370945428,-1.37441380825062,0.139980225883136,0
"412","S_440_S128",1.51439403413376,-0.530195871371941,0,"412","1","410",-0.403213599128265,0.40061251064953,-0.933409470500206,0.580984563633551,0
"413","S_450_S135",1.51439403413376,-0.236208672533157,0,"413","1","411",-0.121320726086841,0.313081834491032,-0.357529398619998,1.15686463551376,0.840896415253715
"414","S_453_S63",1.51439403413376,-0.460899762750371,0,"414","1","412",-0.427226085027442,0.325248809471484,-0.888125847777813,0.626268186355944,0
"415","S_454_S71_L003",1.51439403413376,-0.389099834391579,0,"415","1","413",0.965816696142746,0.302456880427463,0.576716861751167,2.09111089588492,2.54572989502183
"416","S_469_S119",1.51439403413376,-0.545214499996854,0,"416","1","414",1.03942719182639,0.305659800201792,0.494212691829534,2.00860672596329,2.89250760851908
"417","S_474_S89_L003",1.51439403413376,-0.500335678865035,0,"417","1","415",-0.11280946642548,0.451374272062708,-0.613145145290515,0.901248888843242,0
"418","S_481_S27_L003",1.51439403413376,-0.360937733435087,0,"418","1","416",-0.271681321114547,0.290667306142608,-0.632619054549634,0.881774979584123,0.840896415253715
"419","S_487_S31",1.51439403413376,-0.475529085470777,0,"419","1","417",-0.0893486367764908,0.301877771868201,-0.564877722247268,0.949516311886489,1.49534878122122
"420","S_501_S43",1.51439403413376,-0.469810321973354,0,"420","1","418",-0.558141550566411,0.282414150579023,-1.02795187253977,0.486442161593991,0
"421","S_509_S109",1.51439403413376,-0.395323571026325,0,"421","1","419",-0.954499003681388,0.295551682800948,-1.34982257470771,0.164571459426044,0
"422","S_515_S58",1.51439403413376,-0.446326187592031,0,"422","1","420",-0.697705413811333,0.29268441921767,-1.14403160140336,0.370362432730393,0
"423","S_516_S138",1.51439403413376,-0.497248902197567,0,"423","1","421",-0.0736262646197792,0.429237805657118,-0.570875166817346,0.943518867316411,0
"424","S_517_S20_L003",1.51439403413376,-0.299973793911388,0,"424","1","422",0.972365319714443,0.277547783745539,0.672391525803055,2.18678555993681,2.89250760851908
"425","S_522_S10",1.51439403413376,-0.176089515997002,0,"425","1","423",0.967910838755433,0.271925265991905,0.791821322758432,2.30621535689219,2.34034731932072
"426","S_524_S33_L003",1.51439403413376,-0.366611863952915,0,"426","1","424",0.193525224435478,0.274023151640986,-0.173086639517437,1.34130739461632,1.31607401295249
"427","S_528_S103",1.51439403413376,-0.381329000738617,0,"427","1","425",0.70477451779144,0.290490120190318,0.323445517052823,1.83783955118658,2.34034731932072
"428","S_533_S68",1.51439403413376,-0.378044562549566,0,"428","1","426",0.569601305061828,0.321249877043083,0.191556742512262,1.70595077664602,1.56508458007329
"429","S_537_S78_L003",1.51439403413376,-0.286757964933217,0,"429","1","427",0.998652862169189,0.308065998498561,0.711894897235972,2.22628893136973,2.78315768371374
"430","S_545_S69",1.51439403413376,-0.310371448411226,0,"430","1","428",0.387427465710138,0.275545073120911,0.0770560172989119,1.59145005143267,1.10668191970032
"431","S_565_S149",1.51439403413376,-0.345645958007021,0,"431","1","429",0.613367778969621,0.280640280041703,0.267721820962599,1.78211585509636,2.05976714390712
"432","S_567_S165",1.51439403413376,-0.425073835808218,0,"432","1","430",-0.813063196047232,0.307323963165657,-1.23813703185545,0.276257002278307,0
"433","S_574_S155",1.51439403413376,-0.487450371310051,0,"433","1","431",0.0487622002357201,0.433771395733779,-0.438688171074331,1.07570586305943,0
"434","S_591_S99",1.51439403413376,-0.358482477278677,0,"434","1","432",0.363462484637103,0.289315143084177,0.00498000735842519,1.51937404149218,1.49534878122122
"435","S_5_S63_L003",1.51439403413376,-0.401971106309842,0,"435","1","433",0.658707588013262,0.38633046755339,0.25673648170342,1.77113051583718,2.51486685936587
"436","S_629_S113",1.51439403413376,0.197971434743485,0,"436","1","434",-0.20970476547525,0.280006815932355,-0.0117333307317645,1.50266070340199,1.77827941003892
"437","S_630_S51_L003",1.51439403413376,-0.0206634922776719,0,"437","1","435",0.27772537918249,0.284832450284347,0.257061886904818,1.77145592103857,2.11474252688113
"438","S_631_S87_L003",1.51439403413376,0.174196419586604,0,"438","1","436",0.0751312429499925,0.287795472770174,0.249327662536596,1.76372169667035,1.96798967126543
"439","S_63_S170",1.51439403413376,-0.137002550058387,0,"439","1","437",-0.222724462990636,0.278696608388099,-0.359727013049023,1.15466702108473,0
"440","S_640_S178",1.51439403413376,-0.0466266889775409,0,"440","1","438",-0.952801906645427,0.270641028701986,-0.999428595622968,0.514965438510789,0
"441","S_646_S142",1.51439403413376,0.156367473498206,0,"441","1","439",-0.608673870645104,0.279204223666597,-0.452306397146898,1.06208763698686,1.25743342968294
"442","S_650_S129",1.51439403413376,-0.397262306130485,0,"442","1","440",0.294019910151731,0.426267797494695,-0.103242395978754,1.411151638155,2.17793858734643
"443","S_653_S6",1.51439403413376,0.473517629224592,0,"443","1","441",0.928364782024503,0.320333838259918,1.4018824112491,2.91627644538285,2.34034731932072
"444","S_656_S181",1.51439403413376,0.348164027986211,0,"444","1","442",0.359641367016805,0.291507448605695,0.707805395003016,2.22219942913677,2.34034731932072
"445","S_657_S154",1.51439403413376,-0.384265346048695,0,"445","1","443",0.323861501523914,0.431609473656444,-0.0604038445247811,1.45399018960898,2.23606797749979
"446","S_658_S33",1.51439403413376,0.479464446145561,0,"446","1","444",0.885293180113224,0.322894262883334,1.36475762625879,2.87915166039254,2.89250760851908
"447","S_65_S29_L003",1.51439403413376,-0.310086599940542,0,"447","1","445",0.675614635139409,0.276883869513608,0.365528035198867,1.87992206933262,2.11474252688113
"448","S_662_S98",1.51439403413376,0.0570187748148993,0,"448","1","446",-0.293277822018911,0.269305693370098,-0.236259047204012,1.27813498692974,0.840896415253715
"449","S_673_S40_L003",1.51439403413376,0.171763598915264,0,"449","1","447",-0.340409012046635,0.282070873486481,-0.168645413131371,1.34574862100239,1.4142135623731
"450","S_674_S130",1.51439403413376,0.185128703824181,0,"450","1","448",-1.44281505400907,0.278320305860013,-1.25768635018489,0.256707683948863,0
"451","S_679_S9",1.51439403413376,0.182633007176776,0,"451","1","449",-0.463500547951893,0.268248034048922,-0.280867540775117,1.23352649335864,1.25743342968294
"452","S_685_S121",1.51439403413376,0.273808895032895,0,"452","1","450",-0.292749622154978,0.311646507605015,-0.0189407271220833,1.49545330701167,1.31607401295249
"453","S_695_S46",1.51439403413376,0.252348900653015,0,"453","1","451",0.0181338574867987,0.28451854867811,0.270482758139814,1.78487679227357,2.51486685936587
"454","S_696_S88",1.51439403413376,0.0201168643969943,0,"454","1","452",0.631218676737293,0.306212102247965,0.651335541134288,2.16572957526804,2.34034731932072
"455","S_706_S108",1.51439403413376,0.229748613614797,0,"455","1","453",-0.475134873568168,0.278800112632908,-0.245386259953371,1.26900777418039,1.25743342968294
"456","S_711_S50",1.51439403413376,0.261556124566006,0,"456","1","454",-0.058441413123203,0.287427481595016,0.203114711442803,1.71750874557656,1.49534878122122
"457","S_712_S136",1.51439403413376,0.351376601376325,0,"457","1","455",-0.168600410835664,0.296889715587604,0.182776190540661,1.69717022467442,1.45647531512197
"458","S_713_S163",1.51439403413376,-0.221577419591335,0,"458","1","456",0.591242505215966,0.361849071516648,0.36966508562463,1.88405911975839,1.77827941003892
"459","S_714_S34_L003",1.51439403413376,0.452960955845398,0,"459","1","457",-0.416369085816302,0.330650190451791,0.0365918700290955,1.55098590416285,1.56508458007329
"460","S_726_S69_L003",1.51439403413376,0.365289699145225,0,"460","1","458",0.818418221489425,0.304545261716238,1.18370792063465,2.69810195476841,2.78315768371374
"461","S_733_S67_L003",1.51439403413376,0.266441697872122,0,"461","1","459",-0.304631250666722,0.278206054841303,-0.0381895527946006,1.47620448133916,1.25743342968294
"462","S_738_S39",1.51439403413376,0.451670457837046,0,"462","1","460",-0.178918580103075,0.306182799802097,0.272751877733972,1.78714591186773,1.56508458007329
"463","S_758_S128",1.51439403413376,0.251691015831302,0,"463","1","461",0.616414745852005,0.305212515449651,0.868105761683308,2.38249979581706,2.65914794847249
"464","S_762_S173",1.51439403413376,0.380801552344593,0,"464","1","462",0.560470500677447,0.319462423226129,0.94127205302204,2.4556660871558,2.11474252688113
"465","S_764_S93_L003",1.51439403413376,0.272526192658516,0,"465","1","463",0.873764096709296,0.306331735412395,1.14629028936781,2.66068432350157,2.89250760851908
"466","S_765_S48",1.51439403413376,0.199370293911698,0,"466","1","464",0.422547787779448,0.30163764478204,0.621918081691146,2.1363121158249,1.31607401295249
"467","S_770_S57_L003",1.51439403413376,-0.111489998335058,0,"467","1","465",-0.171802075236852,0.290142905356086,-0.28329207357191,1.23110196056185,1.4142135623731
"468","S_772_S58_L003",1.51439403413376,0.123192755652573,0,"468","1","466",-1.27499291708526,0.260009850956779,-1.15180016143269,0.36259387270107,0
"469","S_779_S94_L003",1.51439403413376,-0.0512825085879749,0,"469","1","467",-1.0714676428827,0.270758533813303,-1.12275015147067,0.391643882663087,0
"470","S_7_S141",1.51439403413376,-0.298890201451327,0,"470","1","468",0.269081637963291,0.293129879610668,-0.0298085634880361,1.48458547064572,1.31607401295249
"471","S_813_S44_L003",1.51439403413376,0.161108313786918,0,"471","1","469",0.334656696367586,0.263315309677111,0.495765010154504,2.01015904428826,2.23606797749979
"472","S_824_S40",1.51439403413376,0.0728043143574907,0,"472","1","470",-0.856926438005214,0.253607061271154,-0.784122123647723,0.730271910486033,0
"473","S_825_S71",1.51439403413376,0.29816735002702,0,"473","1","471",-0.836072401374842,0.292413636580011,-0.537905051347822,0.976488982785935,1.25743342968294
"474","S_826_S8_L003",1.51439403413376,0.147013416949541,0,"474","1","472",-0.0519197190266728,0.268338577215025,0.0950936979228683,1.60948773205663,1.56508458007329
"475","S_837_S50_L003",1.51439403413376,0.189932395234878,0,"475","1","473",0.877583065213816,0.259014351734276,1.06751546044869,2.58190949458245,2.65914794847249
"476","S_83_S14",1.51439403413376,-0.206830034096223,0,"476","1","474",-0.85727456980351,0.294983728182912,-1.06410460389973,0.450289430234023,0
"477","S_840_S88_L003",1.51439403413376,0.0743749574007569,0,"477","1","475",0.533980390658929,0.264683501524028,0.608355348059686,2.12274938219344,1.77827941003892
"478","S_844_S151",1.51439403413376,0.0983350093029818,0,"478","1","476",-1.04531291710906,0.283737778379133,-0.946977907806082,0.567416126327675,0
"479","S_85_S36_L003",1.51439403413376,-0.31479036107149,0,"479","1","477",0.0239739722569244,0.314987137213086,-0.290816388814565,1.22357764531919,1.18920711500272
"480","S_861_S22_L003",1.51439403413376,0.119576867459141,0,"480","1","478",0.586219467107064,0.278662555236257,0.705796334566205,2.22019036869996,2.51486685936587
"481","S_865_S82",1.51439403413376,0.151778998385655,0,"481","1","479",-0.312112260655475,0.261707917799639,-0.16033326226982,1.35406077186394,1.77827941003892
"482","S_879_S97",1.51439403413376,0.148720586152811,0,"482","1","480",0.202470109140939,0.29582465055236,0.35119069529375,1.86558472942751,1.31607401295249
"483","S_87_S81",1.51439403413376,-0.319680066621417,0,"483","1","481",0.170048599693514,0.275315815936011,-0.149631466927903,1.36476256720585,2.34034731932072
"484","S_885_S77",1.51439403413376,0.103262177782059,0,"484","1","482",-0.580161012627977,0.26670537749387,-0.476898834845919,1.03749519928784,0.840896415253715
"485","S_901_S136",1.51439403413376,-0.249013423566525,0,"485","2","  3",0.164743570430796,0.282986121483521,-0.0842698531357288,1.43012418099803,NA
"486","S_932_S42_L003",1.51439403413376,-0.155396495369108,0,"486","1","483",-0.323504339324967,0.294841702255811,-0.478900834694076,1.03549319943968,1.31607401295249
"487","S_961_S70_L003",1.51439403413376,0.305443279887462,0,"487","1","484",0.515903787969489,0.315630913100986,0.821347067856951,2.33574110199071,2.63214802590498
"488","S_962_S42",1.51439403413376,0.204597506261372,0,"488","1","485",0.15324784842612,0.277710502158387,0.357845354687493,1.87223938882125,1.49534878122122
"489","S_972_S142",1.51439403413376,-0.372979094690425,0,"489","1","486",-0.148573402439379,0.394878320698303,-0.521552497129803,0.992841537003953,0
"490","S_978_S90",1.51439403413376,-0.192507413760254,0,"490","1","487",-0.878210536843079,0.320070093904173,-1.07071795060333,0.443676083530423,0
"491","S_983_S4",1.51439403413376,0.214434209359447,0,"491","1","488",-1.42013790551314,0.283405100087841,-1.20570369615369,0.308690337980066,0
"492","S_993_S55",1.51439403413376,0.0837988787979928,0,"492","1","489",-0.239523822711264,0.272408552445398,-0.155724943913272,1.35866909022049,0.840896415253715
"493","NSW1201426",1.51439403413376,0.570463832351477,0,"493","2","  4",0.438112627129131,0.100101817386239,1.00857645948061,2.52297049361436,NA
"494","NSW1212884",1.51439403413376,0.0301048787176449,0,"494","2","  5",0.172521449903132,0.093296074018182,0.202626328620777,1.71702036275453,NA
"495","NSW1200541",1.51439403413376,0.266613186325783,0,"495","2","  6",-0.361494343654834,0.120878022595022,-0.0948811573290509,1.41951287680471,NA
"496","NSW1190165",1.51439403413376,0.401343417092347,0,"496","2","  7",-0.726174230023859,0.187812807359792,-0.324830812931512,1.18956322120224,NA
"497","NSW1166659",1.51439403413376,-0.155800987225759,0,"497","2","  8",-0.172898873743411,0.150546213644448,-0.328699860969169,1.18569417316459,NA
"498","NSW1213025",1.51439403413376,-0.128954435207641,0,"498","2","  9",-0.346282277262549,0.138678404414387,-0.47523671247019,1.03915732166357,NA
"499","NSW1211446",1.51439403413376,0.476685021740675,0,"499","2"," 10",-0.742874699636906,0.140842371017808,-0.26618967789623,1.24820435623753,NA
"500","NSW1200628",1.51439403413376,0.568084359766288,0,"500","2"," 11",0.122323612732268,0.171588162804694,0.690407972498556,2.20480200663231,NA
"501","NSW1166664",1.51439403413376,-0.122908212336844,0,"501","2"," 12",-0.303104799664022,0.134778148497208,-0.426013012000866,1.08838102213289,NA
"502","NSW1213021",1.51439403413376,-0.020665995732131,0,"502","2"," 13",-0.137472887117305,0.179435996095955,-0.158138882849436,1.35625515128432,NA
"503","NSW1201391",1.51439403413376,0.0862693084207111,0,"503","2"," 14",-0.39512180075879,0.124032782632951,-0.308852492338079,1.20554154179568,NA
"504","NSW1201419",1.51439403413376,0.580811944928392,0,"504","2"," 15",-0.250463145728088,0.141036926908492,0.330348799200304,1.84474283333406,NA
"505","NSW1201415",1.51439403413376,0.655901998804351,0,"505","2"," 16",-0.557176940659274,0.167152104968317,0.0987250581450768,1.61311909227883,NA
"506","NSW1200364",1.51439403413376,-0.182515601615983,0,"506","2"," 17",0.336761386016618,0.117047565410193,0.154245784400635,1.66863981853439,NA
"507","NSW1190167",1.51439403413376,0.493016705015583,0,"507","2"," 18",0.362271327048541,0.139817426255802,0.855288032064124,2.36968206619788,NA
"508","NSW1190204",1.51439403413376,0.571985664959079,0,"508","2"," 19",-0.219212424764031,0.113146008373692,0.352773240195049,1.86716727432881,NA
"509","NSW1200834",1.51439403413376,0.543236236264236,0,"509","2"," 20",-0.602218015761768,0.141784455194178,-0.058981779497532,1.45541225463622,NA
"510","NSW1200533",1.51439403413376,0.48589963600097,0,"510","2"," 21",-0.0161753240107812,0.113712510917485,0.469724311990189,1.98411834612395,NA
"511","NSW1200414",1.51439403413376,0.402152427040499,0,"511","2"," 22",0.0737260982825791,0.0964965951950476,0.475878525323078,1.99027255945683,NA
"512","NSW1200759",1.51439403413376,0.492940856556919,0,"512","2"," 23",-0.0742466027023993,0.146891716841805,0.41869425385452,1.93308828798828,NA
"513","NSW1212889",1.51439403413376,-0.18240131859861,0,"513","2"," 24",-0.411936642337377,0.129518849278556,-0.594337960935988,0.920056073197769,NA
"514","NSW1211427",1.51439403413376,-0.251476104394564,0,"514","2"," 25",-0.225853580055144,0.0989554134388022,-0.477329684449708,1.03706434968405,NA
"515","NSW1200379",1.51439403413376,0.4087310080618,0,"515","2"," 26",-0.298302414089632,0.124478330531482,0.110428593972168,1.62482262810592,NA
"516","NSW1211455",1.51439403413376,0.424160388394396,0,"516","2"," 27",-0.524010531701307,0.189620564220309,-0.0998501433069111,1.41454389082685,NA
"517","NSW1213033",1.51439403413376,-0.0323148809221705,0,"517","2"," 28",0.188737977264978,0.0527067422604515,0.156423096342808,1.67081713047656,NA
"518","NSW1212980",1.51439403413376,-0.0748240663081999,0,"518","2"," 29",-0.761514777209272,0.102004850577273,-0.836338843517472,0.678055190616284,NA
"519","NSW1190213",1.51439403413376,-0.0278606968289644,0,"519","2"," 30",0.565579212015462,0.0965504387596675,0.537718515186497,2.05211254932025,NA
"520","NSW1201416",1.51439403413376,0.457319181886503,0,"520","2"," 31",0.101652721965395,0.118721373694646,0.558971903851897,2.07336593798565,NA
"521","NSW1200418",1.51439403413376,-0.00239811661356518,0,"521","2"," 32",0.25910459240323,0.192408511125718,0.256706475789665,1.77110050992342,NA
"522","NSW1211456",1.51439403413376,0.433793959492097,0,"522","2"," 33",-0.262015618861986,0.165003609816611,0.171778340630111,1.68617237476387,NA
"523","NSW1211564",1.51439403413376,0.504311786639588,0,"523","2"," 34",-0.209380147627616,0.148710615083707,0.294931639011973,1.80932567314573,NA
"524","NSW1213016",1.51439403413376,-0.046015004400991,0,"524","2"," 35",0.00821203051363488,0.146072818931027,-0.0378029738873562,1.4765910602464,NA
"525","NSW1211583",1.51439403413376,0.237686241787068,0,"525","2"," 36",0.074361881811108,0.116166028969922,0.312048123598176,1.82644215773193,NA
"526","NSW1200839",1.51439403413376,0.535633249172102,0,"526","2"," 37",-0.55938615652113,0.127731552074296,-0.023752907349028,1.49064112678473,NA
"527","NSW1211565",1.51439403413376,0.378633631340527,0,"527","2"," 38",-0.84344722914543,0.230017410070616,-0.464813597804902,1.04958043632885,NA
"528","NSW1200425",1.51439403413376,0.0987847215847842,0,"528","2"," 39",0.39945424072269,0.103543211601338,0.498238962307474,2.01263299644123,NA
"529","NSW1200662",1.51439403413376,-0.0841172278369173,0,"529","2"," 40",0.117476827360381,0.160170212854128,0.0333595995234632,1.54775363365722,NA
"530","NSW1166655",1.51439403413376,-0.0187651613610642,0,"530","2"," 41",0.364182553534366,0.113597881674118,0.345417392173302,1.85981142630706,NA
"531","NSW1212948",1.51439403413376,-0.168124668271039,0,"531","2"," 42",-0.493113165236601,0.0624846436206323,-0.661237833507641,0.853156200626116,NA
"532","NSW1200528",1.51439403413376,0.536885543688775,0,"532","2"," 43",-0.193231235640807,0.163036047120719,0.343654308047968,1.85804834218173,NA
"533","NSW1200563",1.51439403413376,0.69468111897853,0,"533","2"," 44",0.0908564026944624,0.0891406185431206,0.785537521672993,2.29993155580675,NA
"534","NSW1200351",1.51439403413376,-0.173195320790557,0,"534","2"," 45",0.220487470354066,0.146687849166532,0.047292149563509,1.56168618369727,NA
"535","NSW1213015",1.51439403413376,-0.0719657139799995,0,"535","2"," 46",0.216260425518062,0.206522468324357,0.144294711538062,1.65868874567182,NA
"536","NSW1200394",1.51439403413376,0.11138749784265,0,"536","2"," 47",-0.00117905543424972,0.10937682218612,0.1102084424084,1.62460247654216,NA
"537","NSW1213011",1.51439403413376,-0.086429940888321,0,"537","2"," 48",0.125760998525705,0.197540746457655,0.0393310576373844,1.55372509177114,NA
"538","NSW1200664",1.51439403413376,0.520262464950774,0,"538","2"," 49",-0.178039090122271,0.155933351050161,0.342223374828504,1.85661740896226,NA
"539","NSW1201655",1.51439403413376,0.477797944293973,0,"539","2"," 50",0.716878206234131,0.0885640677084552,1.1946761505281,2.70907018466186,NA
"540","NSW1200536",1.51439403413376,0.266101378209977,0,"540","2"," 51",-0.374509717782907,0.103778053359313,-0.10840833957293,1.40598569456083,NA
"541","NSW1212943",1.51439403413376,-0.0636015117903281,0,"541","2"," 52",-0.0839004222388622,0.112664443940247,-0.14750193402919,1.36689210010457,NA
"542","NSW1200559",1.51439403413376,0.550604760059129,0,"542","2"," 53",0.286602476398322,0.110360926453156,0.837207236457451,2.35160127059121,NA
"543","NSW1200558",1.51439403413376,0.584024168365145,0,"543","2"," 54",-0.0764348589175552,0.117513215608941,0.50758930944759,2.02198334358135,NA
"544","NSW1200524",1.51439403413376,0.468087162649287,0,"544","2"," 55",-0.0867257763499465,0.0757663230489305,0.381361386299341,1.8957554204331,NA
"545","NSW1212795",1.51439403413376,-0.159668412405273,0,"545","2"," 56",-0.329535852306509,0.0614943648322237,-0.489204264711781,1.02518976942198,NA
"546","NSW1200787",1.51439403413376,0.390645835122727,0,"546","2"," 57",-0.153498884402763,0.147809586982023,0.237146950719964,1.75154098485372,NA
"547","NSW1200776",1.51439403413376,0.189012597807739,0,"547","2"," 58",-0.327113800289024,0.127051430363064,-0.138101202481285,1.37629283165247,NA
"548","NSW1190216",1.51439403413376,0.513907986060392,0,"548","2"," 59",0.0428559980605756,0.158838948710614,0.556763984120967,2.07115801825472,NA
"549","NSW1201495",1.51439403413376,0.585661787066571,0,"549","2"," 60",0.25420225875615,0.134866473329298,0.839864045822721,2.35425807995648,NA
"550","NSW1211582",1.51439403413376,0.423191192373532,0,"550","2"," 61",-0.478589236471616,0.141496462899819,-0.0553980440980835,1.45899599003567,NA
"551","NSW1200362",1.51439403413376,0.468042696036284,0,"551","2"," 62",0.559832071864592,0.086048824667304,1.02787476790088,2.54226880203463,NA
"552","NSW1212987",1.51439403413376,-0.503041927108153,0,"552","2"," 63",0.15142013202293,0.443268847380882,-0.351621795085223,1.16277223904853,NA
"553","NSW1190194",1.51439403413376,0.440304580490741,0,"553","2"," 64",-0.0953017047895411,0.124143781970807,0.3450028757012,1.85939690983496,NA
"554","NSW1213030",1.51439403413376,-0.0591470798393668,0,"554","2"," 65",0.124050658127147,0.0936187691372992,0.0649035782877802,1.57929761242154,NA
"555","NSW1190199",1.51439403413376,0.342670752581917,0,"555","2"," 66",-0.36585389988627,0.0783226787369467,-0.0231831473043529,1.4912108868294,NA
"556","NSW1200372",1.51439403413376,0.462307087305743,0,"556","2"," 67",-0.167362267976989,0.0959749218980087,0.294944819328754,1.80933885346251,NA
"557","NSW1211445",1.51439403413376,0.558853686881814,0,"557","2"," 68",0.218671574612306,0.113416481656821,0.777525261494119,2.29191929562788,NA
"558","NSW1211558",1.51439403413376,0.412012266427161,0,"558","2"," 69",-0.190283684785886,0.116666441732899,0.221728581641275,1.73612261577503,NA
"559","NSW1200764",1.51439403413376,-0.178021543909625,0,"559","2"," 70",-0.648912646875973,0.1372870720314,-0.826934190785598,0.687459843348159,NA
"560","NSW1200848",1.51439403413376,0.40182664072576,0,"560","2"," 71",-0.339337586378674,0.124772996492898,0.0624890543470867,1.57688308848084,NA
"561","NSW1200661",1.51439403413376,-0.0816318039299657,0,"561","2"," 72",-0.347283963641971,0.122226813915786,-0.428915767571937,1.08547826656182,NA
"562","NSW1211440",1.51439403413376,0.487053152448715,0,"562","2"," 73",0.0621293174619597,0.060726995875116,0.549182469910675,2.06357650404443,NA
"563","NSW1200356",1.51439403413376,-0.0261110304859224,0,"563","2"," 74",-0.0137930882539909,0.0979067831912471,-0.0399041187399133,1.47448991539384,NA
"564","NSW1212992",1.51439403413376,-0.059155396077182,0,"564","2"," 75",-0.00126324803274253,0.185369618402321,-0.0604186441099245,1.45397539002383,NA
"565","NSW1200905",1.51439403413376,0.412296826018704,0,"565","2"," 76",0.335517736919459,0.0919522580951622,0.747814562938164,2.26220859707192,NA
"566","NSW1200357",1.51439403413376,0.219180904638805,0,"566","2"," 77",0.101263206625553,0.130302304185801,0.320444111264358,1.83483814539811,NA
"567","NSW1200799",1.51439403413376,0.587334831983889,0,"567","2"," 78",-0.0276594933584893,0.0705715927479405,0.5596753386254,2.07406937275916,NA
"568","NSW1166442",1.51439403413376,-0.0715479046895397,0,"568","2"," 79",-0.269652063693885,0.12360755722913,-0.341199968383424,1.17319406575033,NA
"569","NSW1200539",1.51439403413376,0.476762550886144,0,"569","2"," 80",0.365809232295038,0.0774928775403677,0.842571783181183,2.35696581731494,NA
"570","NSW1200543",1.51439403413376,-0.115306081639508,0,"570","2"," 81",-0.113384170252984,0.336039145046772,-0.228690251892492,1.28570378224126,NA
"571","NSW1200529",1.51439403413376,0.527096560516606,0,"571","2"," 82",0.0997850629711948,0.153462999712805,0.6268816234878,2.14127565762156,NA
"572","NSW1212866",1.51439403413376,-0.117946032024048,0,"572","2"," 83",-0.399189503673214,0.16133576458988,-0.517135535697262,0.997258498436495,NA
"573","NSW1200873",1.51439403413376,0.121420047063625,0,"573","2"," 84",0.360016580410427,0.138447265754271,0.481436627474052,1.99583066160781,NA
"574","NSW1211541",1.51439403413376,0.0742616852731206,0,"574","2"," 85",-0.022934751452492,0.135302351134282,0.0513269338206286,1.56572096795439,NA
"575","NSW1190198",1.51439403413376,0.326988243391021,0,"575","2"," 86",-0.325835655530475,0.120614059670904,0.00115258786054595,1.5155466219943,NA
"576","NSW1213013",1.51439403413376,-0.138304807644709,0,"576","2"," 87",-0.368667405680699,0.143732027872777,-0.506972213325408,1.00742182080835,NA
"577","NSW1212970",1.51439403413376,-0.187877660671809,0,"577","2"," 88",-0.219982113035166,0.119969962540498,-0.407859773706975,1.10653426042678,NA
"578","NSW1212997",1.51439403413376,0.040946837765332,0,"578","2"," 89",0.335114520784862,0.127852883945046,0.376061358550194,1.89045539268395,NA
"579","NSW1211508",1.51439403413376,0.184135830678423,0,"579","2"," 90",0.289935341107943,0.106838643362199,0.474071171786367,1.98846520592012,NA
"580","NSW1211552",1.51439403413376,0.409772712057269,0,"580","2"," 91",-0.147809246239554,0.0637248122657727,0.261963465817716,1.77635749995147,NA
"581","NSW1211442",1.51439403413376,0.453079565157828,0,"581","2"," 92",0.463204359757855,0.127069452665657,0.916283924915683,2.43067795904944,NA
"582","NSW1211451",1.51439403413376,0.402808494186372,0,"582","2"," 93",-0.638487077170126,0.0767323672917369,-0.235678582983754,1.27871545115,NA
"583","NSW1194456",1.51439403413376,0.225425747545715,0,"583","2"," 94",0.193217941556761,0.166993062525495,0.418643689102476,1.93303772323623,NA
"584","NSW1211546",1.51439403413376,0.0513756250892243,0,"584","2"," 95",0.430308097287315,0.139587604043395,0.481683722376539,1.9960777565103,NA
"585","NSW1213001",1.51439403413376,-0.130279591531318,0,"585","2"," 96",0.497083500409987,0.191412256898131,0.366803908878669,1.88119794301243,NA
"586","NSW1201431",1.51439403413376,0.604814805258586,0,"586","2"," 97",0.0549180232705038,0.109163179680185,0.65973282852909,2.17412686266285,NA
"587","NSW1211568",1.51439403413376,0.14670580641705,0,"587","2"," 98",0.414973177073916,0.101237931971167,0.561678983490965,2.07607301762472,NA
"588","NSW1211441",1.51439403413376,0.588882964052642,0,"588","2"," 99",-0.455375576380403,0.188194311207618,0.133507387672238,1.647901421806,NA
"589","NSW1190206",1.51439403413376,0.427203397174472,0,"589","2","100",-0.323753087052982,0.145397548575624,0.10345031012149,1.61784434425525,NA
"590","NSW1200389",1.51439403413376,0.264080950774442,0,"590","2","101",0.0728654403464424,0.093433137408455,0.336946391120884,1.85134042525464,NA
"591","NSW1211534",1.51439403413376,0.0734176804005749,0,"591","2","102",0.321644781641088,0.129362419261109,0.395062462041663,1.90945649617542,NA
"592","NSW1200346",1.51439403413376,-0.0463834252048728,0,"592","2","103",-0.577077497407881,0.122518970037492,-0.623460922612754,0.890933111521003,NA
"593","NSW1200505",1.51439403413376,0.138196520198879,0,"593","2","104",-0.0438672366139803,0.165301831498037,0.0943292835848989,1.60872331771866,NA
"594","NSW1200511",1.51439403413376,0.281301694331093,0,"594","2","105",0.186770411809861,0.115322418429431,0.468072106140954,1.98246614027471,NA
"595","NSW1212790",1.51439403413376,-0.117410589072764,0,"595","2","106",-0.163336401222816,0.156121006471287,-0.28074699029558,1.23364704383818,NA
"596","NSW1200361",1.51439403413376,0.256594773494462,0,"596","2","107",0.042672778726062,0.123930455521578,0.299267552220524,1.81366158635428,NA
"597","NSW1200514",1.51439403413376,0.471518810491643,0,"597","2","108",0.350133036646705,0.13362504899976,0.821651847138348,2.3360458812721,NA
"598","NSW1200774",1.51439403413376,0.335318200786614,0,"598","2","109",0.482196519112272,0.102676311105253,0.817514719898886,2.33190875403264,NA
"599","NSW1212985",1.51439403413376,-0.0799579146379752,0,"599","2","110",-0.61999276878017,0.107721814394539,-0.699950683418145,0.814443350715612,NA
"600","NSW1201411",1.51439403413376,0.435533212541277,0,"600","2","111",0.52771201788062,0.148314404277388,0.963245230421897,2.47763926455565,NA
"601","NSW1200352",1.51439403413376,-0.174007469402609,0,"601","2","112",-0.105736957762637,0.1109485368049,-0.279744427165247,1.23464960696851,NA
"602","NSW1211570",1.51439403413376,0.331188349474904,0,"602","2","113",-0.664109665057412,0.100344952444953,-0.332921315582508,1.18147271855125,NA
"603","NSW1200549",1.51439403413376,0.543067724854697,0,"603","2","114",0.0440209082223721,0.112746676504501,0.587088633077069,2.10148266721083,NA
"604","NSW1200384",1.51439403413376,0.255137615838639,0,"604","2","115",0.553073307274462,0.0763437251299517,0.808210923113101,2.32260495724686,NA
"605","NSW1211577",1.51439403413376,0.0491380582527241,0,"605","2","116",0.313502162417363,0.130208434646552,0.362640220670087,1.87703425480384,NA
"606","NSW1200347",1.51439403413376,-0.147133793139337,0,"606","2","117",-0.0329968360029355,0.163589171873471,-0.180130629142272,1.33426340499148,NA
"607","NSW1200829",1.51439403413376,0.553001478818432,0,"607","2","118",-0.618244428597913,0.129469397795209,-0.0652429497794803,1.44915108435428,NA
"608","NSW1200657",1.51439403413376,-0.155481037105383,0,"608","2","119",-0.392875490836606,0.187590439234199,-0.548356527941989,0.966037506191768,NA
"609","NSW1212977",1.51439403413376,-0.0797591911328684,0,"609","2","120",-0.66023248143574,0.136740560143523,-0.739991672568609,0.774402361565148,NA
"610","NSW1201414",1.51439403413376,0.577052427560368,0,"610","2","121",0.0333960985111497,0.132734529528603,0.610448526071517,2.12484256020527,NA
"611","NSW1200509",1.51439403413376,0.5072914950283,0,"611","2","122",-0.349637722815239,0.162378151344951,0.157653772213061,1.67204780634682,NA
"612","NSW1200521",1.51439403413376,0.287636082555404,0,"612","2","123",-0.0822073704703043,0.0833866084967593,0.2054287120851,1.71982274621886,NA
"613","NSW1201631",1.51439403413376,0.580005400305288,0,"613","2","124",-0.108146722373068,0.0788614818595212,0.47185867793222,1.98625271206598,NA
"614","NSW1212856",1.51439403413376,-0.152859066152447,0,"614","2","125",-0.256629274913232,0.113101100855348,-0.409488341065679,1.10490569306808,NA
"615","NSW1200647",1.51439403413376,0.464608584589023,0,"615","2","126",0.135346179767282,0.0986094068703409,0.599954764356306,2.11434879849006,NA
"616","NSW1201396",1.51439403413376,0.152685939418931,0,"616","2","127",0.411893392277216,0.100227124769906,0.564579331696147,2.0789733658299,NA
"617","NSW1200554",1.51439403413376,0.565811877785784,0,"617","2","128",0.436376618593943,0.076972454669599,1.00218849637973,2.51658253051348,NA
"618","NSW1200544",1.51439403413376,0.514892274188174,0,"618","2","129",-0.659635725049573,0.10077565059018,-0.1447434508614,1.36965058327236,NA
"619","NSW1200429",1.51439403413376,-0.457906889425862,0,"619","2","130",0.261591448008488,0.395782605492419,-0.196315441417374,1.31807859271638,NA
"620","NSW1190190",1.51439403413376,-0.0141356957608352,0,"620","2","131",-0.415808885138306,0.15772288161574,-0.429944580899141,1.08444945323462,NA
"621","NSW1200428",1.51439403413376,-0.00392937434545712,0,"621","2","132",0.126960518700429,0.0863609869371865,0.123031144354972,1.63742517848873,NA
"622","NSW1190183",1.51439403413376,0.0231724445779892,0,"622","2","133",-0.349870416083457,0.15323977145346,-0.326697971505468,1.18769606262829,NA
"623","NSW1201400",1.51439403413376,0.53449597873287,0,"623","2","134",-0.433837954984518,0.165951186483164,0.100658023748352,1.61505205788211,NA
"624","NSW1166447",1.51439403413376,-0.0580804011033588,0,"624","2","135",-0.0164737287063179,0.110841295018002,-0.0745541298096767,1.43983990432408,NA
"625","NSW1190182",1.51439403413376,-0.190568936001775,0,"625","2","136",-0.496328021007024,0.16880718366137,-0.6868969570088,0.827497077124957,NA
"626","NSW1200666",1.51439403413376,-0.0726071543908934,0,"626","2","137",-0.188147748688699,0.137377781337875,-0.260754903079592,1.25363913105416,NA
"627","NSW1190168",1.51439403413376,0.367614090541833,0,"627","2","138",-0.202776582284898,0.12250495336254,0.164837508256936,1.67923154239069,NA
"628","NSW1201641",1.51439403413376,0.588028731135826,0,"628","2","139",-0.0917833935396876,0.0770719868998426,0.496245337596138,2.0106393717299,NA
"629","NSW1194450",1.51439403413376,0.317211758524726,0,"629","2","140",-0.0519940424679813,0.147792309419334,0.265217716056745,1.7796117501905,NA
"630","NSW1211020",1.51439403413376,-0.0580766447916136,0,"630","2","141",0.494238066473521,0.160895902495397,0.436161421681907,1.95055545581566,NA
"631","NSW1200545",1.51439403413376,0.181230165692709,0,"631","2","142",0.0943982936753138,0.111560963353258,0.275628459368023,1.79002249350178,NA
"632","NSW1200373",1.51439403413376,0.474622537109173,0,"632","2","143",-0.542191894954166,0.142708200592036,-0.0675693578449924,1.44682467628876,NA
"633","NSW1211526",1.51439403413376,0.376850077942575,0,"633","2","144",-0.202006349510004,0.173333883614815,0.174843728432571,1.68923776256633,NA
"634","NSW1212995",1.51439403413376,0.0333787640980699,0,"634","2","145",0.713234802770033,0.101086676293667,0.746613566868103,2.26100760100186,NA
"635","NSW1212990",1.51439403413376,-0.0916021929937369,0,"635","2","146",-0.499853971535933,0.13898883750721,-0.59145616452967,0.922937869604087,NA
"636","NSW1190212",1.51439403413376,0.434227963519167,0,"636","2","147",0.434015756351535,0.177688372266314,0.868243719870702,2.38263775400446,NA
"637","NSW1200895",1.51439403413376,0.520343578736508,0,"637","2","148",0.525396377137627,0.146857722980136,1.04573995587413,2.56013399000789,NA
"638","NSW1211539",1.51439403413376,-0.0393954951111968,0,"638","2","149",-0.108879875039824,0.145077338450569,-0.148275370151021,1.36611866398274,NA
"639","NSW1200817",1.51439403413376,0.153740054680989,0,"639","2","150",0.0423529834867208,0.2233013947506,0.19609303816771,1.71048707230147,NA
"640","NSW1200388",1.51439403413376,0.475804869306059,0,"640","2","151",0.146451828853335,0.179045603172202,0.622256698159394,2.13665073229315,NA
"641","NSW1200807",1.51439403413376,0.253467646644344,0,"641","2","152",0.491949912603008,0.20069880859464,0.745417559247352,2.25981159338111,NA
"642","NSW1200420",1.51439403413376,-0.169014514239214,0,"642","2","153",-0.165917582892852,0.148873428111678,-0.334932097132066,1.17946193700169,NA
"643","NSW1213005",1.51439403413376,-0.0734426957291178,0,"643","2","154",-0.363711353425748,0.153764827649939,-0.437154049154866,1.07723998497889,NA
"644","NSW1211533",1.51439403413376,-0.0423050499280817,0,"644","2","155",-0.253598860854199,0.0875160740424042,-0.295903910782281,1.21849012335148,NA
"645","NSW1212991",1.51439403413376,-0.0997547008395347,0,"645","2","156",0.26731076180941,0.135255453352222,0.167556060969876,1.68195009510363,NA
"646","NSW1201650",1.51439403413376,0.536975335693477,0,"646","2","157",0.121012845714889,0.11462129922544,0.657988181408366,2.17238221554212,NA
"647","NSW1213020",1.51439403413376,-0.116331008738895,0,"647","2","158",0.436254915895085,0.195348113983555,0.31992390715619,1.83431794128995,NA
"648","NSW1190163",1.51439403413376,0.509114768435521,0,"648","2","159",-0.455948779563079,0.109383716911478,0.0531659888724418,1.5675600230062,NA
"649","NSW1200466",1.51439403413376,0.325493360244151,0,"649","2","160",-0.0530282354912337,0.102068193643302,0.272465124752917,1.78685915888667,NA
"650","NSW1200623",1.51439403413376,0.349245124236977,0,"650","2","161",-0.523119314319443,0.20371490493612,-0.173874190082467,1.34051984405129,NA
"651","NSW1211511",1.51439403413376,0.123306807393011,0,"651","2","162",0.172586376306834,0.083782602733117,0.295893183699845,1.8102872178336,NA
"652","NSW1200371",1.51439403413376,0.453336382157703,0,"652","2","163",-0.506960265984038,0.123556515764207,-0.0536238838263347,1.46077015030742,NA
"653","NSW1211592",1.51439403413376,0.541201568761202,0,"653","2","164",-0.245634479256685,0.128102637398888,0.295567089504517,1.80996112363827,NA
"654","NSW1212785",1.51439403413376,-0.0589570587304088,0,"654","2","165",0.00878643494239742,0.194087534263801,-0.0501706237880114,1.46422341034575,NA
"655","NSW1201616",1.51439403413376,0.580938385045208,0,"655","2","166",-0.0270112948383444,0.0777442762017044,0.553927090206863,2.06832112434062,NA
"656","NSW1212959",1.51439403413376,-0.0397138015315978,0,"656","2","167",0.464685828737194,0.141057973962731,0.424972027205596,1.93936606133935,NA
"657","NSW1213034",1.51439403413376,-0.193953517648374,0,"657","2","168",-0.265967239490027,0.190546734118809,-0.459920757138401,1.05447327699536,NA
"658","NSW1211561",1.51439403413376,0.388696280357493,0,"658","2","169",-0.00638456243594657,0.103278836738932,0.382311717921547,1.8967057520553,NA
"659","NSW1211542",1.51439403413376,0.104019656848751,0,"659","2","170",-0.284437820922908,0.171655581925809,-0.180418164074158,1.3339758700596,NA
"660","NSW1200803",1.51439403413376,0.448561761582857,0,"660","2","171",-0.407059133711387,0.149227944821432,0.0415026278714696,1.55589666200523,NA
"661","NSW1211578",1.51439403413376,0.317470626023111,0,"661","2","172",-0.167547961501322,0.107880970185182,0.149922664521789,1.66431669865555,NA
"662","NSW1190217",1.51439403413376,0.303736736002473,0,"662","2","173",-0.327107179108622,0.206945437750331,-0.0233704431061486,1.49102359102761,NA
"663","NSW1211562",1.51439403413376,0.499494690474319,0,"663","2","174",-0.352696320448348,0.208071161359457,0.146798370025972,1.66119240415973,NA
"664","NSW1200672",1.51439403413376,-0.0360443111727811,0,"664","2","175",0.0790810061083528,0.0893366639078649,0.0430366949355717,1.55743072906933,NA
"665","NSW1201375",1.51439403413376,0.597606154485046,0,"665","2","176",-0.146840620366,0.0820055812696372,0.450765534119046,1.9651595682528,NA
"666","NSW1212972",1.51439403413376,-0.136904664814739,0,"666","2","177",0.196286994487095,0.209057109863764,0.0593823296723564,1.57377636380611,NA
"667","NSW1212982",1.51439403413376,-0.0732426583284003,0,"667","2","178",0.51068745496358,0.092125962433702,0.43744479663518,1.95183883076894,NA
"668","NSW1166596",1.51439403413376,-0.0833419063312917,0,"668","2","179",-0.421496535118243,0.139191643312408,-0.504838441449534,1.00955559268422,NA
"669","NSW1190191",1.51439403413376,0.0442080790584183,0,"669","2","180",0.229096067011744,0.175871728105626,0.273304146070162,1.78769818020392,NA
"670","NSW1200360",1.51439403413376,-0.0464086244427016,0,"670","2","181",0.219098174889921,0.17315619809856,0.17268955044722,1.68708358458098,NA
"671","NSW1200363",1.51439403413376,0.419891921411561,0,"671","2","182",-0.00474541837544889,0.0638933331083282,0.415146503036113,1.92954053716987,NA
"672","NSW1212979",1.51439403413376,-0.0556153257355092,0,"672","2","183",0.0706426309394772,0.177705277333367,0.015027305203968,1.52942133933772,NA
"673","NSW1190208",1.51439403413376,0.127302688141367,0,"673","2","184",-0.0138429260003558,0.203313885949207,0.113459762141011,1.62785379627477,NA
"674","NSW1200358",1.51439403413376,0.426744130893715,0,"674","2","185",-0.0476041608821915,0.125790383566408,0.379139970011523,1.89353400414528,NA
"675","NSW1190192",1.51439403413376,-0.157594296246239,0,"675","2","186",0.0498200902556009,0.149475754172621,-0.107774205990638,1.40661982814312,NA
"676","NSW1211584",1.51439403413376,0.242142114417914,0,"676","2","187",0.868807882959312,0.169816270571807,1.11094999737723,2.62534403151098,NA
"677","NSW1200622",1.51439403413376,0.0256401691697372,0,"677","2","188",0.660505303108486,0.0917260170392189,0.686145472278223,2.20053950641198,NA
"678","NSW1211430",1.51439403413376,0.615881134078334,0,"678","2","189",-0.383805325609798,0.132131113024379,0.232075808468536,1.74646984260229,NA
"679","NSW1200777",1.51439403413376,0.235560007643471,0,"679","2","190",0.92421443369992,0.166063713598488,1.15977444134339,2.67416847547715,NA
"680","NSW1211426",1.51439403413376,0.299001650052722,0,"680","2","191",-0.621321175656149,0.123504482935359,-0.322319525603428,1.19207450853033,NA
"681","NSW1211450",1.51439403413376,0.512288056630381,0,"681","2","192",-0.537998216937558,0.137574007865748,-0.0257101603071765,1.48868387382658,NA
"682","NSW1201381",1.51439403413376,0.434819867061425,0,"682","2","193",-0.0825362602215936,0.135642791232417,0.352283606839831,1.86667764097359,NA
"683","NSW1211527",1.51439403413376,0.266235411362879,0,"683","2","194",0.042544460526101,0.107496763145138,0.30877987188898,1.82317390602274,NA
"684","NSW1194457",1.51439403413376,0.440754174013694,0,"684","2","195",0.526282774303187,0.0890267021249251,0.967036948316881,2.48143098245064,NA
"685","NSW1213006",1.51439403413376,0.0160124827936655,0,"685","2","196",0.278914827236264,0.113374138201307,0.29492731002993,1.80932134416369,NA
"686","NSW1190187",1.51439403413376,-0.122769972380326,0,"686","2","197",-0.352625807733296,0.10561609343938,-0.475395780113622,1.03899825402013,NA
"687","NSW1213010",1.51439403413376,0.0196211380697111,0,"687","2","198",-0.551323774663593,0.182077584457629,-0.531702636593882,0.982691397539875,NA
"688","NSW1201425",1.51439403413376,0.401058350203251,0,"688","2","199",-0.642942380217769,0.115935990237329,-0.241884030014518,1.27251000411924,NA
"689","NSW1200504",1.51439403413376,0.600054282938178,0,"689","2","200",0.51477205850329,0.127708316028235,1.11482634144147,2.62922037557522,NA
"690","NSW1200920",1.51439403413376,0.406427912604575,0,"690","2","201",-0.198673120050861,0.127776129724451,0.207754792553714,1.72214882668747,NA
"691","NSW1200341",1.51439403413376,-0.136145891995687,0,"691","2","202",0.563233831071942,0.139771760480902,0.427087939076255,1.94148197321001,NA
"692","NSW1200337",1.51439403413376,-0.124449742803583,0,"692","2","203",-0.417906451686687,0.135505515675809,-0.54235619449027,0.972037839643487,NA
"693","NSW1212988",1.51439403413376,-0.1078247002226,0,"693","2","204",-0.276197944970149,0.181262573566171,-0.384022645192749,1.13037138894101,NA
"694","NSW1201430",1.51439403413376,0.714322704400076,0,"694","2","205",0.448692149844297,0.131358286694958,1.16301485424437,2.67740888837813,NA
"695","NSW1200824",1.51439403413376,0.53610545834172,0,"695","2","206",0.195192038939773,0.0366941977461276,0.731297497281493,2.24569153141525,NA
"696","NSW1212969",1.51439403413376,-0.0347344417630666,0,"696","2","207",0.0773840499342304,0.207787321584342,0.0426496081711638,1.55704364230492,NA
"697","NSW1190200",1.51439403413376,0.574811540387055,0,"697","2","208",0.201616078018062,0.0695423522517674,0.776427618405117,2.29082165253887,NA
"698","NSW1210993",1.51439403413376,-0.0111840386048432,0,"698","2","209",0.11172729990994,0.126115572640428,0.100543261305097,1.61493729543885,NA
"699","NSW1211586",1.51439403413376,0.42642682882229,0,"699","2","210",0.00113581659996595,0.13516828686597,0.427562645422256,1.94195667955601,NA
"700","NSW1201409",1.51439403413376,0.418717918223756,0,"700","2","211",0.364343379584518,0.178427129998497,0.783061297808273,2.29745533194203,NA
"701","NSW1200853",1.51439403413376,0.345410258316004,0,"701","2","212",-0.345738364347691,0.081687186202713,-0.000328106031686815,1.51406592810207,NA
"702","NSW1212960",1.51439403413376,-0.0756634279228746,0,"702","2","213",0.00815402390065422,0.14534641893614,-0.0675094040222204,1.44688463011154,NA
"703","NSW1200607",1.51439403413376,0.00483235893911291,0,"703","2","214",0.615110751303874,0.11030716119703,0.619943110242987,2.13433714437674,NA
"704","NSW1212957",1.51439403413376,-0.0552127013050001,0,"704","2","215",-0.311842023406917,0.109694381605825,-0.367054724711917,1.14733930942184,NA
"705","NSW1212983",1.51439403413376,0.0480864498388908,0,"705","2","216",0.699300520272524,0.130139962305389,0.747386970111415,2.26178100424517,NA
"706","NSW1166654",1.51439403413376,-0.0460525233506033,0,"706","2","217",0.525372934640665,0.122424039979728,0.479320411290061,1.99371444542382,NA
"707","NSW1212993",1.51439403413376,0.0874849088931829,0,"707","2","218",0.994936152262372,0.115182052879376,1.08242106115555,2.59681509528931,NA
"708","NSW1200374",1.51439403413376,-0.159251835821633,0,"708","2","219",0.473664883851395,0.105445820815142,0.314413048029762,1.82880708216352,NA
"709","NSW1200617",1.51439403413376,0.130330229764975,0,"709","2","220",0.0722376730685489,0.195684678811087,0.202567902833524,1.71696193696728,NA
"710","NSW1212962",1.51439403413376,-0.0253797368394388,0,"710","2","221",0.342953292010363,0.124668957803631,0.317573555170925,1.83196758930468,NA
"711","NSW1213029",1.51439403413376,-0.111632242893568,0,"711","2","222",-0.123658617923977,0.156505788075407,-0.235290860817545,1.27910317331621,NA
"712","NSW1200393",1.51439403413376,0.436402582273953,0,"712","2","223",-0.0353974007543631,0.10652474120168,0.40100518151959,1.91539921565335,NA
"713","NSW1211566",1.51439403413376,0.400702395544586,0,"713","2","224",0.100014104319413,0.0807362654758252,0.500716499863999,2.01511053399776,NA
"714","NSW1200523",1.51439403413376,0.61060554990817,0,"714","2","225",0.0320888829744262,0.140277380139312,0.642694432882596,2.15708846701635,NA
"715","NSW1201356",1.51439403413376,0.444960980350853,0,"715","2","226",0.843409963032463,0.0829767685128886,1.28837094338332,2.80276497751707,NA
"716","NSW1200534",1.51439403413376,0.436714746149534,0,"716","2","227",-0.0387210873220251,0.100607139390359,0.397993658827509,1.91238769296127,NA
"717","NSW1200772",1.51439403413376,0.295903822336571,0,"717","2","228",0.517325448750455,0.103467936592827,0.813229271087026,2.32762330522078,NA
"718","NSW1200792",1.51439403413376,0.267763438194435,0,"718","2","229",0.0355825397794714,0.139422987528277,0.303345977973906,1.81774001210766,NA
"719","NSW1200516",1.51439403413376,0.230871930498168,0,"719","2","230",0.571651643340619,0.107448024433862,0.802523573838786,2.31691760797254,NA
"720","NSW1212967",1.51439403413376,-0.106646381550434,0,"720","2","231",-0.389327662085162,0.085842424277833,-0.495974043635596,1.01841999049816,NA
"721","NSW1213036",1.51439403413376,-0.154482691941566,0,"721","2","232",-0.356981153330992,0.201591429688232,-0.511463845272558,1.0029301888612,NA
"722","NSW1200610",1.51439403413376,0.516516739280606,0,"722","2","233",-0.0767671181457351,0.170640938578819,0.439749621134871,1.95414365526863,NA
"723","NSW1200812",1.51439403413376,0.339136493183127,0,"723","2","234",-0.473933413405387,0.218291521681994,-0.134796920222261,1.3795971139115,NA
"724","NSW1166601",1.51439403413376,-0.151360601379642,0,"724","2","235",-0.29059975153058,0.126169785025926,-0.441960352910222,1.07243368122353,NA
"725","NSW1190184",1.51439403413376,-0.0834431517124024,0,"725","2","236",0.207996625931864,0.18694366488066,0.124553474219461,1.63894750835322,NA
"726","NSW1200597",1.51439403413376,0.0513895426710239,0,"726","2","237",-0.216683819285986,0.100139742919021,-0.165294276614962,1.3490997575188,NA
"727","NSW1200616",1.51439403413376,0.186181563116069,0,"727","2","238",0.0342568807282096,0.0724577760056472,0.220438443844279,1.73483247797804,NA
"728","NSW1201404",1.51439403413376,0.444242643110242,0,"728","2","239",0.451526806592515,0.153100025990484,0.895769449702757,2.41016348383651,NA
"729","NSW1200592",1.51439403413376,0.0906615973724445,0,"729","2","240",-0.118889861783372,0.170951307270189,-0.0282282644109275,1.48616576972283,NA
"730","NSW1190203",1.51439403413376,0.50836273161365,0,"730","2","241",0.0197293884407687,0.136981303806616,0.528092120054419,2.04248615418818,NA
"731","NSW1211536",1.51439403413376,0.371377398572958,0,"731","2","242",0.55658515514269,0.122122584345212,0.927962553715648,2.4423565878494,NA
"732","NSW1200424",1.51439403413376,-0.235408157149885,0,"732","2","243",0.14249134723505,0.218799588218187,-0.0929168099148352,1.42147722421892,NA
"733","NSW1212846",1.51439403413376,-0.159049250840453,0,"733","2","244",-0.237181496452665,0.168172892028934,-0.396230747293118,1.11816328684064,NA
"734","NSW1200804",1.51439403413376,0.603864934483764,0,"734","2","245",0.243049863027144,0.120279105702409,0.846914797510908,2.36130883164466,NA
"735","NSW1210995",1.51439403413376,-0.0740171794315473,0,"735","2","246",-0.047165929832092,0.180773377439401,-0.121183109263639,1.39321092487012,NA
"736","NSW1212968",1.51439403413376,-0.199041626862286,0,"736","2","247",-0.345445347084259,0.199606548128944,-0.544486973946545,0.969907060187212,NA
"737","NSW1200591",1.51439403413376,0.12730438859707,0,"737","2","248",-0.00378743825372563,0.146653164264802,0.123516950343344,1.6379109844771,NA
"738","NSW1213000",1.51439403413376,-0.1488883407966,0,"738","2","249",0.4756789018278,0.104173054261039,0.3267905610312,1.84118459516496,NA
"739","NSW1200797",1.51439403413376,0.160801255171067,0,"739","2","250",1.02550271925041,0.117599793991148,1.18630397442148,2.70069800855523,NA
"740","NSW1212964",1.51439403413376,-0.0151678953349109,0,"740","2","251",-0.295741305379426,0.184188014233418,-0.310909200714337,1.20348483341942,NA
"741","NSW1200338",1.51439403413376,0.37167651305805,0,"741","2","252",-0.0477397279586521,0.094924142461052,0.323936785099398,1.83833081923315,NA
"742","NSW1213003",1.51439403413376,-0.042278230813851,0,"742","2","253",0.0269478495985335,0.105923948254501,-0.0153303812153174,1.49906365291844,NA
"743","NSW1190162",1.51439403413376,0.310827202075825,0,"743","2","254",-0.162641258233822,0.172871534013208,0.148185943842003,1.66257997797576,NA
"744","NSW1200769",1.51439403413376,0.557198382074568,0,"744","2","255",-0.184165959975897,0.119610257333343,0.373032422098671,1.88742645623243,NA
"745","NSW1200403",1.51439403413376,0.395770536786015,0,"745","2","256",0.231146423042078,0.127093496328504,0.626916959828094,2.14131099396185,NA
"746","NSW1200355",1.51439403413376,-0.500126018002329,0,"746","2","257",-0.146079151636694,0.420077571572255,-0.646205169639023,0.868188864494734,NA
"747","NSW1212965",1.51439403413376,-0.205034798979631,0,"747","2","258",-0.278835026710794,0.11771626790281,-0.483869825690426,1.03052420844333,NA
"748","NSW1200369",1.51439403413376,-0.11881214091894,0,"748","2","259",0.578374519831221,0.175175086982538,0.459562378912281,1.97395641304604,NA
"749","NSW1211589",1.51439403413376,-0.234710885584351,0,"749","2","260",0.263969404289984,0.315389269783643,0.0292585187056322,1.54365255283939,NA
"750","NSW1200611",1.51439403413376,0.0510135987013781,0,"750","2","261",0.201283769100603,0.138856082930556,0.252297367801981,1.76669140193574,NA
"751","NSW1211538",1.51439403413376,0.0252574528078695,0,"751","2","262",-0.0594911879612721,0.124123380387492,-0.0342337351534026,1.48016029898035,NA
"752","NSW1190172",1.51439403413376,0.47688195780504,0,"752","2","263",0.796482914964358,0.107379948678984,1.2733648727694,2.78775890690315,NA
"753","NSW1211437",1.51439403413376,0.544762944142474,0,"753","2","264",0.354181217349992,0.106219227772702,0.898944161492466,2.41333819562622,NA
"754","NSW1200656",1.51439403413376,-0.0756610733925671,0,"754","2","265",0.114243422670662,0.12223416820965,0.0385823492780953,1.55297638341185,NA
"755","NSW1200823",1.51439403413376,0.484087776074142,0,"755","2","266",-0.476639707372566,0.0922594929683792,0.00744806870157649,1.52184210283533,NA
"756","NSW1200802",1.51439403413376,0.29956834621502,0,"756","2","267",0.394238701257181,0.109067842704998,0.693807047472201,2.20820108160596,NA
"757","NSW1211575",1.51439403413376,-0.090774587098267,0,"757","2","268",0.208282606236297,0.133587312533677,0.11750801913803,1.63190205327179,NA
"758","NSW1200430",1.51439403413376,-0.109792372313923,0,"758","2","269",-0.0465489099446472,0.148728308440005,-0.156341282258571,1.35805275187519,NA
"759","NSW1200378",1.51439403413376,0.479461481868766,0,"759","2","270",-0.10518597530841,0.171460214934488,0.374275506560355,1.88866954069411,NA
"760","NSW1200840",1.51439403413376,0.592924847080563,0,"760","2","271",-0.12859151928701,0.0713772942079859,0.464333327793553,1.97872736192731,NA
"761","NSW1201366",1.51439403413376,0.216956726620698,0,"761","2","272",0.145810011168113,0.12697321269128,0.362766737788811,1.87716077192257,NA
"762","NSW1211569",1.51439403413376,0.387700598514891,0,"762","2","273",-0.432888249724472,0.16103598558112,-0.0451876512095812,1.46920638292418,NA
"763","NSW1210940",1.51439403413376,-0.110783804598739,0,"763","2","274",0.373158617414941,0.0729141700623611,0.262374812816202,1.77676884694996,NA
"764","NSW1200838",1.51439403413376,-0.104202353604222,0,"764","2","275",-1.07768370638458,0.154402170744859,-1.1818860599888,0.332507974144952,NA
"765","NSW1200419",1.51439403413376,-0.116491643719141,0,"765","2","276",0.0962695794034443,0.116844648338996,-0.0202220643156963,1.49417196981806,NA
"766","NSW1200909",1.51439403413376,0.48638472947392,0,"766","2","277",-0.0345584104177647,0.127537416811247,0.451826319056155,1.96622035318991,NA
"767","NSW1211572",1.51439403413376,0.424197258982963,0,"767","2","278",0.173812660061374,0.174420288237963,0.598009919044337,2.11240395317809,NA
"768","NSW1201401",1.51439403413376,0.51508695269534,0,"768","2","279",0.217069870225637,0.0826664293936356,0.732156822920977,2.24655085705473,NA
"769","NSW1200893",1.51439403413376,0.131713208888688,0,"769","2","280",-0.274616209327354,0.221033556877468,-0.142903000438666,1.37149103369509,NA
"770","NSW1200879",1.51439403413376,0.148527441138636,0,"770","2","281",0.0271946449189278,0.0988720796769677,0.175722086057564,1.69011612019132,NA
"771","NSW1200596",1.51439403413376,-0.154761630787295,0,"771","2","282",0.360340332633136,0.199730434692281,0.205578701845841,1.7199727359796,NA
"772","NSW1213023",1.51439403413376,-0.11126808622275,0,"772","2","283",-0.0815263033461524,0.22821856441096,-0.192794389568902,1.32159964456485,NA
"773","NSW1211510",1.51439403413376,0.0280953207781704,0,"773","2","284",0.267053641844206,0.0280731191021085,0.295148962622377,1.80954299675613,NA
"774","NSW1200342",1.51439403413376,0.0212570541758695,0,"774","2","285",-0.784633249404452,0.0982752527133016,-0.763376195228583,0.751017838905174,NA
"775","NSW1200540",1.51439403413376,0.0963922621219732,0,"775","2","286",0.0371709756569196,0.124100057309408,0.133563237778893,1.64795727191265,NA
"776","NSW1211585",1.51439403413376,0.0184659733835547,0,"776","2","287",-0.0485773952326284,0.112537984043231,-0.0301114218490738,1.48428261228468,NA
"777","NSW1212958",1.51439403413376,-0.0420565950589425,0,"777","2","288",0.345031414738692,0.122729864614218,0.302974819679749,1.81736885381351,NA
"778","NSW1201627",1.51439403413376,0.577803487327089,0,"778","2","289",-0.300883902407819,0.160203952613913,0.27691958491927,1.79131361905303,NA
"779","NSW1210988",1.51439403413376,-0.0210429481104421,0,"779","2","290",0.00456659130181216,0.150167850807901,-0.0164763568086299,1.49791767732513,NA
"780","NSW1200915",1.51439403413376,0.520485285817352,0,"780","2","291",-0.211967750972127,0.0900478612862057,0.308517534845225,1.82291156897898,NA
"781","NSW1200398",1.51439403413376,0.389218745472783,0,"781","2","292",-0.839566565382399,0.132365669222441,-0.450347819909616,1.06404621422414,NA
"782","NSW1212963",1.51439403413376,-0.156408430416098,0,"782","2","293",-0.125928330560302,0.143353617197686,-0.2823367609764,1.23205727315736,NA
"783","NSW1200519",1.51439403413376,0.322798998875781,0,"783","2","294",0.125321850366978,0.133397461059888,0.448120849242759,1.96251488337652,NA
"784","NSW1211436",1.51439403413376,0.515627413340101,0,"784","2","295",-0.246955750163825,0.154837898991078,0.268671663176276,1.78306569731003,NA
"785","NSW1212984",1.51439403413376,-0.00779777413437346,0,"785","2","296",0.0877472006363649,0.117879710587072,0.0799494265019914,1.59434346063575,NA
"786","NSW1211431",1.51439403413376,0.425405016416949,0,"786","2","297",0.296783129026431,0.155559667236498,0.72218814544338,2.23658217957714,NA
"787","NSW1211557",1.51439403413376,0.367198088090057,0,"787","2","298",0.390755641399519,0.136303425589666,0.757953729489576,2.27234776362333,NA
"788","NSW1190166",1.51439403413376,0.533206215201256,0,"788","2","299",0.100483060162849,0.15708809702513,0.633689275364105,2.14808330949786,NA
"789","NSW1200368",1.51439403413376,0.470989676019216,0,"789","2","300",-0.340827755928119,0.0765103232834177,0.130161920091098,1.64455595422485,NA
"790","NSW1200809",1.51439403413376,0.572551354000572,0,"790","2","301",-0.240616708021583,0.184271189916389,0.331934645978989,1.84632868011275,NA
"791","NSW1213024",1.51439403413376,0.000535483581304286,0,"791","2","302",0.494065299788361,0.0997141404735716,0.494600783369665,2.00899481750342,NA
"792","NSW1190169",1.51439403413376,0.564494412754073,0,"792","2","303",-0.0443759132196098,0.133299368351129,0.520118499534464,2.03451253366822,NA
"793","NSW1200348",1.51439403413376,0.385169796141671,0,"793","2","304",-0.256361686820553,0.0942121102080818,0.128808109321118,1.64320214345487,NA
"794","NSW1200383",1.51439403413376,0.495138897943788,0,"794","2","305",-0.0295269396412541,0.168533324410916,0.465611958302534,1.98000599243629,NA
"795","NSW1212986",1.51439403413376,-0.162720223107006,0,"795","2","306",-0.336454545370673,0.195071989238461,-0.499174768477679,1.01521926565608,NA
"796","NSW1200602",1.51439403413376,0.101925925551777,0,"796","2","307",-0.139991272061205,0.187104864980435,-0.0380653465094278,1.47632868762433,NA
"797","NSW1211535",1.51439403413376,0.119982313285812,0,"797","2","308",0.401189857128678,0.131713671690458,0.52117217041449,2.03556620454825,NA
"798","NSW1212953",1.51439403413376,-0.0795510615717663,0,"798","2","309",0.266400065493953,0.195968838197039,0.186849003922187,1.70124303805594,NA
"799","NSW1200794",1.51439403413376,0.626877893763504,0,"799","2","310",-0.301132162604591,0.118183887591376,0.325745731158913,1.84013976529267,NA
"800","NSW1201361",1.51439403413376,0.45580851288323,0,"800","2","311",0.527591775605961,0.122627769902006,0.983400288489191,2.49779432262295,NA
"801","NSW1211537",1.51439403413376,-0.0195156863161781,0,"801","2","312",-0.0901492875444352,0.179688632374837,-0.109664973860613,1.40472906027314,NA
"802","NSW1200601",1.51439403413376,0.177225972071681,0,"802","2","313",0.429961077734742,0.173337328192459,0.607187049806423,2.12158108394018,NA
"803","NSW1200538",1.51439403413376,0.614048564370903,0,"803","2","314",0.511518878380416,0.10443473739809,1.12556744275132,2.63996147688508,NA
"804","NSW1212996",1.51439403413376,-0.116873056659716,0,"804","2","315",-0.303893689116236,0.182889940123345,-0.420766745775952,1.0936272883578,NA
"805","NSW1211574",1.51439403413376,0.28134957475864,0,"805","2","316",0.0306117759735198,0.1422030678561,0.311961350732159,1.82635538486592,NA
"806","NSW1200606",1.51439403413376,0.13465630460828,0,"806","2","317",0.396292685089334,0.155917091071997,0.530948989697613,2.04534302383137,NA
"807","NSW1200844",1.51439403413376,0.22034813704693,0,"807","2","318",0.0874796412161832,0.192053356862114,0.307827778263113,1.82222181239687,NA
"808","NSW1211432",1.51439403413376,0.476494388771764,0,"808","2","319",-0.313508229052228,0.0871400584941826,0.162986159719536,1.67738019385329,NA
"809","NSW1201386",1.51439403413376,0.477208969146409,0,"809","2","320",0.63832186765718,0.131430588984084,1.11553083680359,2.62992487093735,NA
"810","NSW1212894",1.51439403413376,-0.203805795436019,0,"810","2","321",-0.554467085433089,0.161048987613254,-0.758272880869108,0.756121153264649,NA
"811","NSW1211573",1.51439403413376,0.142624388482139,0,"811","2","322",-0.0560200935831915,0.135539005905135,0.0866042948989476,1.6009983290327,NA
"812","NSW1211567",1.51439403413376,0.412862655954815,0,"812","2","323",0.0998014393398536,0.108080726486481,0.512664095294668,2.02705812942843,NA
"813","NSW1201385",1.51439403413376,0.43108014112539,0,"813","2","324",-0.376460081484009,0.12180913923476,0.0546200596413816,1.56901409377514,NA
"814","NSW1201357",1.51439403413376,0.477632206773199,0,"814","2","325",0.0690985350699704,0.127197856510922,0.546730741843169,2.06112477597693,NA
"815","NSW1211435",1.51439403413376,0.440043430127469,0,"815","2","326",-0.0991566515219154,0.169202032299047,0.340886778605553,1.85528081273931,NA
"816","NSW1200555",1.51439403413376,0.289223406195566,0,"816","2","327",0.181461248042291,0.182492362037362,0.470684654237857,1.98507868837161,NA
"817","NSW1200399",1.51439403413376,0.150862899332075,0,"817","2","328",-0.496061065257208,0.184654137033116,-0.345198165925133,1.16919586820862,NA
"818","NSW1200894",1.51439403413376,0.534243674874957,0,"818","2","329",-0.24641332120352,0.14958489015978,0.287830353671437,1.80222438780519,NA
"819","NSW1211457",1.51439403413376,0.44842611857906,0,"819","2","330",-0.782579240202072,0.188105474216525,-0.334153121623012,1.18024091251074,NA
"820","NSW1200854",1.51439403413376,0.24469809309492,0,"820","2","331",-0.221592925743409,0.1826730753817,0.0231051673515102,1.53749920148527,NA
"821","NSW1200888",1.51439403413376,0.304792948629932,0,"821","2","332",0.60938779390324,0.147758692683251,0.914180742533172,2.42857477666693,NA
"822","NSW1201626",1.51439403413376,0.545014125761407,0,"822","2","333",0.136309037375863,0.125186089712432,0.681323163137271,2.19571719727103,NA
"823","NSW1200553",1.51439403413376,0.552493671549009,0,"823","2","334",0.354176714477461,0.18124514625493,0.90667038602647,2.42106442016023,NA
"824","NSW1213008",1.51439403413376,-0.105297995958664,0,"824","2","335",-0.110580812572373,0.107568604361998,-0.215878808531036,1.29851522560272,NA
"825","NSW1200671",1.51439403413376,-0.101551555582802,0,"825","2","336",0.0998440597060132,0.148366494571975,-0.00170749587678844,1.51268653825697,NA
"826","NSW1212955",1.51439403413376,-0.145110720257916,0,"826","2","337",0.365772021294066,0.0823001499205077,0.22066130103615,1.73505533516991,NA
"827","NSW1212999",1.51439403413376,-0.0579314820164565,0,"827","2","338",-0.0103759216213456,0.164577703740597,-0.0683074036378021,1.44608663049595,NA
"828","NSW1213018",1.51439403413376,-0.0771724999117183,0,"828","2","339",0.474609256748608,0.195025056344425,0.39743675683689,1.91183079097065,NA
"829","NSW1212861",1.51439403413376,-0.0846011493091716,0,"829","2","340",0.0437187971098282,0.152986888688217,-0.0408823521993434,1.47351168193441,NA
"830","NSW1200526",1.51439403413376,0.191550966587994,0,"830","2","341",0.272748772411649,0.0565629211937432,0.464299738999643,1.9786937731334,NA
"831","NSW1212978",1.51439403413376,-0.156149344476483,0,"831","2","342",0.80774659376629,0.176548196769015,0.651597249289807,2.16599128342356,NA
"832","NSW1200548",1.51439403413376,0.471953975102677,0,"832","2","343",-0.28218175992206,0.136881093255621,0.189772215180617,1.70416624931437,NA
"833","NSW1200843",1.51439403413376,0.446753686455676,0,"833","2","344",0.479038658361489,0.129892068549607,0.925792344817165,2.44018637895092,NA
"834","NSW1200898",1.51439403413376,0.19691837969707,0,"834","2","345",0.09897841001732,0.140963254504803,0.29589678971439,1.81029082384815,NA
"835","NSW1213031",1.51439403413376,-0.0976690746179561,0,"835","2","346",0.14006584053894,0.128837958660413,0.0423967659209842,1.55679080005474,NA
"836","NSW1211425",1.51439403413376,0.404345793619097,0,"836","2","347",-0.485336056626618,0.144754040281639,-0.0809902630075212,1.43340377112624,NA
"837","NSW1210966",1.51439403413376,-0.00658103683353659,0,"837","2","348",0.0198033069437034,0.127624847229141,0.0132222701101668,1.52761630424392,NA
"838","NSW1200899",1.51439403413376,0.458949077402797,0,"838","2","349",-0.21157542474885,0.0630859950578777,0.247373652653947,1.7617676867877,NA
"839","NSW1212973",1.51439403413376,-0.263985051531302,0,"839","2","350",0.284592483713326,0.171770579542608,0.0206074321820233,1.53500146631578,NA
"840","NSW1211540",1.51439403413376,-0.0438148143032251,0,"840","2","351",0.0172615554593352,0.187399255400398,-0.02655325884389,1.48784077528987,NA
"841","NSW1201406",1.51439403413376,0.59193923962853,0,"841","2","352",-0.324172747498237,0.140102166271436,0.267766492130293,1.78216052626405,NA
"842","NSW1200889",1.51439403413376,0.396886033126862,0,"842","2","353",-0.478334217987263,0.1299677304811,-0.0814481848604007,1.43294584927336,NA
"843","NSW1200904",1.51439403413376,0.566930649443946,0,"843","2","354",0.122819939480842,0.0807544951671704,0.689750588924787,2.20414462305854,NA
"844","NSW1213014",1.51439403413376,-0.161452257241466,0,"844","2","355",-0.301959772974347,0.102367745141762,-0.463412030215813,1.05098200391794,NA
"845","NSW1211588",1.51439403413376,0.257063878476558,0,"845","2","356",-0.493546710206105,0.141825327333999,-0.236482831729547,1.27791120240421,NA
"846","NSW1213035",1.51439403413376,-0.0464590967842153,0,"846","2","357",0.142280322294156,0.117550835076471,0.0958212255099407,1.6102152596437,NA
"847","NSW1200510",1.51439403413376,0.2131840691105,0,"847","2","358",-0.135724088822079,0.175877994520355,0.0774599802884207,1.59185401442218,NA
"848","NSW1211532",1.51439403413376,-0.0323366614234017,0,"848","2","359",0.645159728021053,0.173759347283201,0.612823066597651,2.12721710073141,NA
"849","NSW1200924",1.51439403413376,0.505348396481121,0,"849","2","360",0.51181060700508,0.0918537244958889,1.0171590034862,2.53155303761996,NA
"850","NSW1200782",1.51439403413376,0.0864850191457579,0,"850","2","361",-0.198627614950135,0.14465693264201,-0.112142595804377,1.40225143832938,NA
"851","NSW1212998",1.51439403413376,-0.0475109566712009,0,"851","2","362",0.130975304590084,0.132901588045696,0.0834643479188834,1.59785838205264,NA
"852","NSW1211587",1.51439403413376,0.0320557830669086,0,"852","2","363",-0.143680187968091,0.147077993279946,-0.111624404901183,1.40276962923257,NA
"853","NSW1200359",1.51439403413376,-0.103662784159968,0,"853","2","364",0.29611025955292,0.179474806097755,0.192447475392952,1.70684150952671,NA
"854","NSW1212989",1.51439403413376,-0.0891046247916082,0,"854","2","365",0.0150882644696621,0.102602981603162,-0.0740163603219461,1.44037767381181,NA
"855","NSW1201429",1.51439403413376,0.39867021489683,0,"855","2","366",-0.520919278974514,0.11412805295333,-0.122249064077684,1.39214497005607,NA
"856","NSW1200918",1.51439403413376,0.208706033483855,0,"856","2","367",0.367561735364923,0.131888442593783,0.576267768848778,2.09066180298254,NA
"857","NSW1190209",1.51439403413376,0.423398984165268,0,"857","2","368",0.411661462793885,0.166449736007071,0.835060446959153,2.34945448109291,NA
"858","NSW1200404",1.51439403413376,0.21271548582637,0,"858","2","369",0.265103083225622,0.104612229740701,0.477818569051992,1.99221260318575,NA
"859","NSW1211509",1.51439403413376,-0.103282556280371,0,"859","2","370",0.275641208652996,0.105887706070031,0.172358652372625,1.68675268650638,NA
"860","NSW1200421",1.51439403413376,-0.030012344763891,0,"860","2","371",-0.0357923398355732,0.117735123990405,-0.0658046845994642,1.44858934953429,NA
"861","NSW1200908",1.51439403413376,0.130282405895955,0,"861","2","372",0.267574916046826,0.130117596318688,0.397857321942781,1.91225135607654,NA
"862","NSW1213028",1.51439403413376,-0.155038971698635,0,"862","2","373",0.0198471707718481,0.132744092892751,-0.135191800926787,1.37920223320697,NA
"863","NSW1201632",1.51439403413376,0.58003903546544,0,"863","2","374",0.286957858355953,0.131588806187192,0.866996893821393,2.38139092795515,NA
"864","NSW1200461",1.51439403413376,0.193105977362529,0,"864","2","375",0.802360146862443,0.114306052475307,0.995466124224973,2.50986015835873,NA
"865","NSW1200590",1.51439403413376,-0.0130235287521628,0,"865","2","376",0.0502668343652021,0.121779877896177,0.0372433056130393,1.5516373397468,NA
"866","NSW1212975",1.51439403413376,-0.178037958137207,0,"866","2","377",0.217487516683355,0.161504472941156,0.0394495585461473,1.5538435926799,NA
"867","NSW1201621",1.51439403413376,0.603130834247523,0,"867","2","378",-0.125468871885929,0.0852448832167812,0.477661962361594,1.99205599649535,NA
"868","NSW1210994",1.51439403413376,-0.212020028180118,0,"868","2","379",-0.232394001003133,0.172653713525931,-0.444414029183251,1.06998000495051,NA
"869","NSW1190186",1.51439403413376,-0.0724979667596937,0,"869","2","380",0.128560231455407,0.114622463098124,0.0560622646957132,1.57045629882947,NA
"870","NSW1213009",1.51439403413376,0.00106485746929341,0,"870","2","381",0.325342817767131,0.185756881945396,0.326407675236424,1.84080170937018,NA
"871","NSW1213004",1.51439403413376,-0.0931052861419175,0,"871","2","382",0.176148702492654,0.16478269752904,0.0830434163507363,1.59743745048449,NA
"872","NSW1200595",1.51439403413376,0.0302801339783933,0,"872","2","383",0.0629200184206753,0.135370688790587,0.0932001523990686,1.60759418653283,NA
"873","NSW1211590",1.51439403413376,0.00370142713436031,0,"873","2","384",0.135505989497684,0.0792690537166599,0.139207416632044,1.6536014507658,NA
"874","NSW1213026",1.51439403413376,-0.0695206196866619,0,"874","2","385",-0.143275567148725,0.119871894187576,-0.212796186835386,1.30159784729837,NA
"875","NSW1200798",1.51439403413376,0.00052605089956384,0,"875","2","386",0.0254339109552617,0.165023571105388,0.0259599618548256,1.54035399598858,NA
"876","NSW1190171",1.51439403413376,0.718020916671407,0,"876","2","387",-0.217618202197298,0.140879641694978,0.500402714474109,2.01479674860787,NA
"877","NSW1211447",1.51439403413376,0.542246442031853,0,"877","2","388",-0.607660127887661,0.153740571750045,-0.0654136858558083,1.44898034827795,NA
"878","NSW1200652",1.51439403413376,-0.15630181173918,0,"878","2","389",0.516934796585649,0.123293246880389,0.360632984846469,1.87502701898023,NA
"879","NSW1211571",1.51439403413376,0.3565802812278,0,"879","2","390",-0.124647230105423,0.0863191069571785,0.231933051122377,1.74632708525613,NA
"880","NSW1200612",1.51439403413376,0.0230534734111655,0,"880","2","391",0.110092870696917,0.120786170260966,0.133146344108082,1.64754037824184,NA
"881","NSW1213019",1.51439403413376,-0.078685700012181,0,"881","2","392",-0.105763835815641,0.143082652633443,-0.184449535827822,1.32994449830593,NA
"882","NSW1190193",1.51439403413376,0.475483717768474,0,"882","2","393",0.44891679558222,0.0898767195126532,0.924400513350694,2.43879454748445,NA
"883","NSW1200621",1.51439403413376,0.0617842621189018,0,"883","2","394",-0.140731184912144,0.135597136605659,-0.0789469227932426,1.43544711134051,NA
"884","NSW1211452",1.51439403413376,-0.0653626288405668,0,"884","2","395",-0.216385216030216,0.131820005566837,-0.281747844870783,1.23264618926297,NA
"885","NSW1210997",1.51439403413376,-0.0544169913325599,0,"885","2","396",0.420663023851587,0.185207509784791,0.366246032519028,1.88064006665278,NA
"886","NSW1201424",1.51439403413376,0.502779095095751,0,"886","2","397",-0.364332457001078,0.141874461175365,0.138446638094673,1.65284067222843,NA
"887","NSW1213002",1.51439403413376,-0.0219013775308903,0,"887","2","398",0.436557834673209,0.14047428312225,0.414656457142319,1.92905049127608,NA
"888","NSW1201367",1.51439403413376,0.341529889099915,0,"888","2","399",0.0617772815789487,0.120370538951589,0.403307170678864,1.91770120481262,NA
"889","NSW1200903",1.51439403413376,0.101557929211639,0,"889","2","400",-0.231513851872427,0.099503525414421,-0.129955922660788,1.38443811147297,NA
"890","NSW1212974",1.51439403413376,-0.0674799867911899,0,"890","2","401",-0.263003024039378,0.203417405099303,-0.330483010830568,1.18391102330319,NA
"891","NSW1211531",1.51439403413376,0.0998266574042901,0,"891","2","402",0.444709850895796,0.166705002558669,0.544536508300086,2.05893054243384,NA
"892","NSW1190170",1.51439403413376,0.481533204907591,0,"892","2","403",0.76309276555852,0.111905769809119,1.24462597046611,2.75902000459987,NA
"893","NSW1211579",1.51439403413376,0.135785912138384,0,"893","2","404",-0.00608475383127676,0.154714029802431,0.129701158307107,1.64409519244086,NA
"894","NSW1200913",1.51439403413376,0.199232307246985,0,"894","2","405",0.0899193732909184,0.137930273386716,0.289151680537903,1.80354571467166,NA
"895","NSW1212899",1.51439403413376,-0.0476373498768775,0,"895","2","406",-0.0225272351956571,0.18622164801081,-0.0701645850725346,1.44422944906122,NA
"896","NSW1212954",1.51439403413376,-0.0938122251657923,0,"896","2","407",0.258225607648939,0.180857718028939,0.164413382483147,1.6788074166169,NA
"897","NSW1200874",1.51439403413376,0.453967587285112,0,"897","2","408",-0.273795253630958,0.108795205328305,0.180172333654154,1.69456636778791,NA
"898","NSW1200367",1.51439403413376,0.441583922987661,0,"898","2","409",-0.276712810303984,0.0766095743983737,0.164871112683678,1.67926514681743,NA
"899","NSW1211563",1.51439403413376,0.378087243230893,0,"899","2","410",-0.418049977296739,0.154917588308286,-0.0399627340658453,1.47443130006791,NA
"900","NSW1200667",1.51439403413376,-0.1688967152697,0,"900","2","411",-0.067706064584631,0.154978055975824,-0.236602779854331,1.27779125427943,NA
"901","NSW1200832",1.51439403413376,0.301254288904453,0,"901","2","412",0.313265673837658,0.190183547910811,0.614519962742112,2.12891399687587,NA
"902","NSW1211580",1.51439403413376,-0.172393486665288,0,"902","2","413",0.260317108977494,0.209971018612582,0.087923622312206,1.60231765644596,NA
"903","NSW1201435",1.51439403413376,0.500822383906044,0,"903","2","414",-0.234750137746349,0.154342795289274,0.266072246159695,1.78046628029345,NA
"904","NSW1200600",1.51439403413376,-0.0749349140133096,0,"904","2","415",-0.193268946968643,0.0921305541920703,-0.268203860981952,1.2461901731518,NA
"905","NSW1212994",1.51439403413376,-0.105267807842145,0,"905","2","416",0.467582427445936,0.149221538631638,0.362314619603792,1.87670865373755,NA
"906","NSW1211591",1.51439403413376,0.367749666610203,0,"906","2","417",-0.0362907410646369,0.134275821847385,0.331458925545566,1.84585295967932,NA
