"","Taxa","BLUE.N","BLUE.I","QTNs","Group","RefInf","ID","BLUP","PEV","gBreedingValue","Prediction","COI"
"1","S_1007_S311",1.29398740351999,-0.066317702034065,0,"  1","1","  1",0.65804257888812,0.249300055341562,0.591724876854055,1.88571228037404,1.8612097182042
"2","S_102_S245",1.29398740351999,0.243684301654832,0,"  2","1","  2",-0.0455538281234735,0.246153727469671,0.198130473531359,1.49211787705134,1.65487545982344
"3","S_1031_S380",1.29398740351999,-0.023201064883478,0,"  3","1","  3",0.440501271468848,0.227618571001714,0.41730020658537,1.71128761010536,1
"4","S_1045_S231",1.29398740351999,0.217203699137333,0,"  4","1","  4",-0.250528337261864,0.261659130829057,-0.0333246381245312,1.26066276539545,0
"5","S_1052_S227",1.29398740351999,0.0352988685454255,0,"  5","1","  5",0.235522607156024,0.204855365434107,0.270821475701449,1.56480887922144,2.11474252688113
"6","S_1054_S345",1.29398740351999,-0.107921208061896,0,"  6","1","  6",0.403851113946283,0.263224913651256,0.295929905884387,1.58991730940437,0.840896415253715
"7","S_1057_S302",1.29398740351999,-0.0670036010654757,0,"  7","1","  7",0.0665269679458161,0.231255220941666,-0.000476633119659578,1.29351077040033,0.840896415253715
"8","S_106_S223",1.29398740351999,0.230811433939421,0,"  8","1","  8",-0.162360699048467,0.246262331612128,0.0684507348909535,1.36243813841094,1.8612097182042
"9","S_1082_S287",1.29398740351999,0.0491276821055765,0,"  9","1","  9",-0.187565101264347,0.211920127596951,-0.13843741915877,1.15554998436122,1.56508458007329
"10","S_108_S258",1.29398740351999,0.0929637178106053,0," 10","1"," 10",-0.0222181118698891,0.238311625060707,0.0707456059407162,1.3647330094607,1.56508458007329
"11","S_109_S351",1.29398740351999,0.00791882552066546,0," 11","1"," 11",-0.720781037283593,0.216965465024615,-0.712862211762928,0.581125191757058,1.49534878122122
"12","S_1124_S271",1.29398740351999,0.304785786306969,0," 12","1"," 12",-0.627711648788339,0.292808625752431,-0.322925862481369,0.971061541038617,1.18920711500272
"13","S_1127_S332",1.29398740351999,0.0499009255843834,0," 13","1"," 13",0.0139662079744223,0.203860648135304,0.0638671335588057,1.35785453707879,0
"14","S_1130_S319",1.29398740351999,0.115542546643115,0," 14","1"," 14",0.102320291396938,0.285662706281516,0.217862838040053,1.51185024156004,2.65914794847249
"15","S_1132_S315",1.29398740351999,0.0979200256658904,0," 15","1"," 15",0.384198890054257,0.240404766598578,0.482118915720147,1.77610631924013,1.65487545982344
"16","S_1159_S297",1.29398740351999,0.276473358166329,0," 16","1"," 16",-0.359092936084328,0.302034090544788,-0.0826195779179992,1.21136782560199,1.56508458007329
"17","S_1161_S254",1.29398740351999,0.105932247465192,0," 17","1"," 17",0.359538249441316,0.23550673293942,0.465470496906508,1.75945790042649,1.31607401295249
"18","S_1162_S384",1.29398740351999,0.121719629446443,0," 18","1"," 18",0.242042494695505,0.223698244616049,0.363762124141948,1.65774952766193,2.51486685936587
"19","S_1223_S229",1.29398740351999,0.143880685926848,0," 19","1"," 19",0.542768819271529,0.25551600308095,0.686649505198378,1.98063690871836,1.4142135623731
"20","S_1237_S377",1.29398740351999,0.0485628539629935,0," 20","1"," 20",-0.0194024643712951,0.201637321503679,0.0291603895916984,1.32314779311168,0
"21","S_129_S310",1.29398740351999,-0.0869405455018808,0," 21","1"," 21",-0.423146289454151,0.224493775064189,-0.510086834956031,0.783900568563955,0
"22","S_1305_S246",1.29398740351999,0.106252123920992,0," 22","1"," 22",0.528659526933828,0.250062969972738,0.634911650854819,1.92889905437481,1.77827941003892
"23","S_130_S333",1.29398740351999,0.0308305585406869,0," 23","1"," 23",-0.423047575897004,0.229600327147748,-0.392217017356317,0.901770386163669,0
"24","S_1315_S322",1.29398740351999,0.0559008693459382,0," 24","1"," 24",0.20244287275163,0.201802618495878,0.258343742097568,1.55233114561755,1.49534878122122
"25","S_1317_S208",1.29398740351999,-0.105326694422703,0," 25","1"," 25",0.152627462408259,0.254679321305732,0.0473007679855561,1.34128817150554,1.49534878122122
"26","S_1324_S206",1.29398740351999,0.0599107791620435,0," 26","1"," 26",0.320772442290047,0.215013698084081,0.380683221452091,1.67467062497208,2.11474252688113
"27","S_1328_S372",1.29398740351999,-0.0131740588008926,0," 27","1"," 27",0.321699986644229,0.276003083494798,0.308525927843337,1.60251333136332,2.34034731932072
"28","S_1343_S366",1.29398740351999,-0.0879122196581587,0," 28","1"," 28",0.426000928894688,0.229725386387771,0.33808870923653,1.63207611275652,1
"29","S_137_S285",1.29398740351999,0.118471130501381,0," 29","1"," 29",-0.585373719037849,0.263076437999589,-0.466902588536468,0.827084814983518,1
"30","S_1383_S323",1.29398740351999,0.0629965576237179,0," 30","1"," 30",-0.509032835182459,0.208849412816243,-0.446036277558741,0.847951125961245,1.10668191970032
"31","S_1404_S202",1.29398740351999,0.0585596665506882,0," 31","1"," 31",0.267274432442539,0.207647688067028,0.325834098993227,1.61982150251321,0
"32","S_1407_S312",1.29398740351999,0.0391988125313263,0," 32","1"," 32",-0.318207211239967,0.21102606457259,-0.279008398708641,1.01497900481135,1.31607401295249
"33","S_140_S320",1.29398740351999,0.0518673245794285,0," 33","1"," 33",0.0329266179393542,0.222548250094189,0.0847939425187827,1.37878134603877,2.51486685936587
"34","S_1423_S318",1.29398740351999,0.23725999966635,0," 34","1"," 34",0.0453238312667311,0.295028148932618,0.282583830933081,1.57657123445307,2.51486685936587
"35","S_1430_S329",1.29398740351999,-0.0308475500227126,0," 35","1"," 35",-0.342111664444529,0.25215009054089,-0.372959214467241,0.921028189052745,1.4142135623731
"36","S_1431_S278",1.29398740351999,-0.000299019567699663,0," 36","1"," 36",0.301115040002473,0.208492223638769,0.300816020434774,1.59480342395476,0
"37","S_1437_S292",1.29398740351999,-0.0734105766571811,0," 37","1"," 37",-0.285578373831771,0.252566515812902,-0.358988950488952,0.934998453031034,1.18920711500272
"38","S_1441_S235",1.29398740351999,0.145588984357042,0," 38","1"," 38",-0.220596381581403,0.248255865752921,-0.075007397224361,1.21898000629563,1.96798967126543
"39","S_1442_S328",1.29398740351999,0.0180033741408476,0," 39","1"," 39",0.214077175580297,0.212195838386636,0.232080549721144,1.52606795324113,0
"40","S_1452_S275",1.29398740351999,0.0619475516875748,0," 40","1"," 40",0.0840754459049728,0.221075034365082,0.146022997592548,1.44001040111253,1.49534878122122
"41","S_1472_S295",1.29398740351999,0.0879736829345472,0," 41","1"," 41",-0.639474120336223,0.22665873571976,-0.551500437401675,0.742486966118311,0
"42","S_1488_S316",1.29398740351999,-0.0448503815974841,0," 42","1"," 42",0.289686907065431,0.196394708451351,0.244836525467947,1.53882392898793,1.62657656169779
"43","S_148_S249",1.29398740351999,-0.119669501397093,0," 43","1"," 43",-0.067130827687988,0.25084938649307,-0.186800329085081,1.10718707443491,1
"44","S_1496_S272",1.29398740351999,0.0620166004813608,0," 44","1"," 44",0.265566048939384,0.21089425248294,0.327582649420745,1.62157005294073,2.65914794847249
"45","S_150_S251",1.29398740351999,0.0411936308406581,0," 45","1"," 45",0.463993152511683,0.248680280464027,0.505186783352341,1.79917418687233,1.31607401295249
"46","S_1513_S327",1.29398740351999,-0.0873631386778194,0," 46","1"," 46",-0.035540412697478,0.271918571177338,-0.122903551375297,1.17108385214469,0
"47","S_1518_S240",1.29398740351999,0.0343013585912692,0," 47","1"," 47",0.229488318143497,0.201594234764171,0.263789676734766,1.55777708025475,1
"48","S_1549_S342",1.29398740351999,0.00762934778734237,0," 48","1"," 48",0.413513298813481,0.209966774729022,0.421142646600823,1.71513005012081,0
"49","S_1573_S236",1.29398740351999,-0.139191980636205,0," 49","1"," 49",0.209094695428941,0.242984137073987,0.0699027147927352,1.36389011831272,1
"50","S_1584_S296",1.29398740351999,-0.000361966963524724,0," 50","1"," 50",0.568646806200719,0.246142366055775,0.568284839237194,1.86227224275718,2.21336383940064
"51","S_1599_S343",1.29398740351999,-0.143266348692297,0," 51","1"," 51",0.481520729190373,0.215005700945189,0.338254380498076,1.63224178401806,2.65914794847249
"52","S_1619_S303",1.29398740351999,0.207482116530427,0," 52","1"," 52",0.215213256846246,0.228242754033378,0.422695373376672,1.71668277689666,1.77827941003892
"53","S_1621_S339",1.29398740351999,-0.0439826504258059,0," 53","1"," 53",0.199395902467225,0.195271069166548,0.155413252041419,1.44940065556141,2.54572989502183
"54","S_1623_S378",1.29398740351999,0.00881324979804378,0," 54","1"," 54",0.138820730581554,0.211964870121156,0.147633980379597,1.44162138389958,1.65487545982344
"55","S_1629_S373",1.29398740351999,-0.0399181493022047,0," 55","1"," 55",0.0999688148514237,0.232316001711744,0.060050665549219,1.35403806906921,1.77827941003892
"56","S_1631_S361",1.29398740351999,0.0160706010141057,0," 56","1"," 56",0.320487415963374,0.205490382347786,0.336558016977479,1.63054542049747,2.65914794847249
"57","S_1637_S325",1.29398740351999,-0.00872436293794631,0," 57","1"," 57",0.825947929935675,0.196784544010498,0.817223566997729,2.11121097051771,2.44948974278318
"58","S_1639_S204",1.29398740351999,-0.00399140212257555,0," 58","1"," 58",0.0592093602694825,0.194711670291605,0.055217958146907,1.34920536166689,1.31607401295249
"59","S_1643_S375",1.29398740351999,-0.0140088969450306,0," 59","1"," 59",-0.677318893918219,0.20963103326362,-0.69132779086325,0.602659612656736,1
"60","S_1649_S331",1.29398740351999,-0.0816899108600724,0," 60","1"," 60",0.00936189990043737,0.202803226070011,-0.072328010959635,1.22165939256035,1.49534878122122
"61","S_1653_S294",1.29398740351999,0.0551785433753203,0," 61","1"," 61",-0.158596417217506,0.209434338935881,-0.103417873842186,1.1905695296778,1
"62","S_165_S284",1.29398740351999,0.0515550865087437,0," 62","1"," 62",0.160874576039302,0.251332380684009,0.212429662548046,1.50641706606803,1.49534878122122
"63","S_1677_S221",1.29398740351999,0.296546467470728,0," 63","1"," 63",0.292456528763861,0.270851605952177,0.58900299623459,1.88299039975458,0
"64","S_1683_S338",1.29398740351999,0.111260192124262,0," 64","1"," 64",-0.335630684825315,0.225091511128858,-0.224370492701053,1.06961691081893,1.18920711500272
"65","S_1689_S192",1.29398740351999,0.0693102222049717,0," 65","1"," 65",-0.193597737117618,0.215281103356808,-0.124287514912646,1.16969988860734,0
"66","S_1699_S367",1.29398740351999,0.0155888261524938,0," 66","1"," 66",-0.0696795961467711,0.232024018184558,-0.0540907699942772,1.23989663352571,1.18920711500272
"67","S_171_S219",1.29398740351999,0.0288487924987385,0," 67","1"," 67",-0.0344357569082052,0.2433037494974,-0.00558696440946669,1.28840043911052,2.59002006411135
"68","S_1723_S369",1.29398740351999,0.0850046608870257,0," 68","1"," 68",-0.0141909483773129,0.215132366038267,0.0708137125097127,1.3648011160297,1.4142135623731
"69","S_1728_S376",1.29398740351999,0.223850114486553,0," 69","1"," 69",-0.10825183872226,0.235173664298451,0.115598275764293,1.40958567928428,2.78315768371374
"70","S_1736_S359",1.29398740351999,-0.119902432802642,0," 70","1"," 70",-0.072894267641862,0.214436679677245,-0.192796700444504,1.10119070307548,1.96798967126543
"71","S_1742_S357",1.29398740351999,-0.0379757797390978,0," 71","1"," 71",0.255271347746767,0.231967030663351,0.217295568007669,1.51128297152766,1.8612097182042
"72","S_1749_S247",1.29398740351999,0.248996132541713,0," 72","1"," 72",0.0598640573329225,0.245627407275737,0.308860189874635,1.60284759339462,1
"73","S_1779_S226",1.29398740351999,0.0222921257995055,0," 73","1"," 73",0.316325457090257,0.201567108465569,0.338617582889762,1.63260498640975,2.65914794847249
"74","S_1810_S213",1.29398740351999,0.183330899562676,0," 74","1"," 74",0.0607964574348188,0.239956971717014,0.244127356997495,1.53811476051748,1.8612097182042
"75","S_1813_S253",1.29398740351999,-0.0140376476360256,0," 75","1"," 75",-0.160457396813568,0.196228359969023,-0.174495044449593,1.11949235907039,1.56508458007329
"76","S_1817_S210",1.29398740351999,0.0374854080501043,0," 76","1"," 76",-0.061407840753445,0.195610307630959,-0.0239224327033407,1.27006497081665,2.34034731932072
"77","S_1818_S238",1.29398740351999,-0.153685054792707,0," 77","1"," 77",-0.313344645353914,0.215947308429916,-0.467029700146621,0.826957703373365,0
"78","S_1825_S198",1.29398740351999,-0.10935485282772,0," 78","1"," 78",-0.157737223056448,0.223264713371958,-0.267092075884168,1.02689532763582,1.49534878122122
"79","S_1837_S256",1.29398740351999,0.0637624003931457,0," 79","1"," 79",0.116762413379944,0.253562630812615,0.180524813773089,1.47451221729308,2.78315768371374
"80","S_1839_S299",1.29398740351999,0.251290214992092,0," 80","1"," 80",-0.014552376251172,0.262718190860599,0.23673783874092,1.53072524226091,2.21336383940064
"81","S_183_S263",1.29398740351999,0.113438826836154,0," 81","1"," 81",0.1075365910194,0.279938295070415,0.220975417855554,1.51496282137554,2.65914794847249
"82","S_1841_S250",1.29398740351999,0.0717723230564866,0," 82","1"," 82",0.149310337981226,0.260047133570045,0.221082661037713,1.5150700645577,0
"83","S_1865_S374",1.29398740351999,0.292608027046395,0," 83","1"," 83",-0.0235294310986317,0.267742340352341,0.269078595947763,1.56306599946775,2.21336383940064
"84","S_1874_S244",1.29398740351999,0.121149400057126,0," 84","1"," 84",0.442984950707676,0.252027171670156,0.564134350764802,1.85812175428479,2.34034731932072
"85","S_1877_S262",1.29398740351999,0.0961437859133402,0," 85","1"," 85",-0.314486069685843,0.226803886320169,-0.218342283772503,1.07564511974748,2.78315768371374
"86","S_1899_S193",1.29398740351999,0.042032729808974,0," 86","1"," 86",0.174032349305221,0.219178417193344,0.216065079114195,1.51005248263418,1.62657656169779
"87","S_1900_S242",1.29398740351999,-0.0764762087130338,0," 87","1"," 87",-0.424459955394326,0.233291240978464,-0.50093616410736,0.793051239412627,1.56508458007329
"88","S_1936_S218",1.29398740351999,0.105041793728064,0," 88","1"," 88",0.646014271287629,0.226079283730525,0.751056065015693,2.04504346853568,1.18920711500272
"89","S_1952_S293",1.29398740351999,0.179113608919257,0," 89","1"," 89",0.0760196250857484,0.224338861301842,0.255133234005006,1.54912063752499,1.18920711500272
"90","S_1969_S291",1.29398740351999,0.0382163008490144,0," 90","1"," 90",0.00364766370887848,0.215520971565246,0.0418639645578929,1.33585136807788,1.31607401295249
"91","S_1973_S267",1.29398740351999,-0.00514445138306824,0," 91","1"," 91",0.253390898471427,0.203588949091311,0.248246447088358,1.54223385060834,2.89250760851908
"92","S_197_S207",1.29398740351999,-0.00931954414839581,0," 92","1"," 92",0.104952667087769,0.197754129998464,0.0956331229393727,1.38962052645936,1.4142135623731
"93","S_198_S304",1.29398740351999,-0.0126099900648511,0," 93","1"," 93",0.27355021480217,0.196397176037817,0.260940224737319,1.55492762825731,0
"94","S_2010_S200",1.29398740351999,-5.41546712737317e-07,0," 94","1"," 94",-0.211058220856507,0.200775177897849,-0.21105876240322,1.08292864111677,0
"95","S_2014_S264",1.29398740351999,0.065788394092719,0," 95","1"," 95",-0.536045018445067,0.236104213526452,-0.470256624352348,0.823730779167638,1.25743342968294
"96","S_2015_S266",1.29398740351999,0.182535745572694,0," 96","1"," 96",-0.129136743117883,0.239280702279308,0.0533990024548105,1.3473864059748,0
"97","S_2037_S371",1.29398740351999,0.0581754202137036,0," 97","1"," 97",0.0124047480038963,0.224686980818294,0.0705801682176,1.36456757173759,0
"98","S_2073_S215",1.29398740351999,0.0309146614045049,0," 98","1"," 98",7.3742076879546e-05,0.223078216362103,0.0309884034813844,1.32497580700137,1.49534878122122
"99","S_2099_S335",1.29398740351999,0.231684169271575,0," 99","1"," 99",0.00511277477861505,0.266850923603993,0.23679694405019,1.53078434757018,0.840896415253715
"100","S_209_S379",1.29398740351999,-0.105577780952236,0,"100","1","100",-0.360141269558368,0.217038551595487,-0.465719050510604,0.828268353009382,0
"101","S_2103_S301",1.29398740351999,-0.129697060357829,0,"101","1","101",0.236125304208237,0.224460040837817,0.106428243850408,1.40041564737039,2.34034731932072
"102","S_2104_S224",1.29398740351999,-0.015898364948482,0,"102","1","102",0.132723843190067,0.205522529483856,0.116825478241585,1.41081288176157,1.31607401295249
"103","S_2105_S269",1.29398740351999,0.0691385598426283,0,"103","1","103",0.0175757338314487,0.231113668425864,0.086714293674077,1.38070169719406,0
"104","S_2107_S349",1.29398740351999,-0.001654528868272,0,"104","1","104",-0.025977144305983,0.206051177672161,-0.027631673174255,1.26635573034573,1.18920711500272
"105","S_2115_S280",1.29398740351999,0.0873644095001754,0,"105","1","105",-0.284834200525952,0.227223370639424,-0.197469791025776,1.09651761249421,2.34034731932072
"106","S_2116_S350",1.29398740351999,0.0155995180410985,0,"106","1","106",0.300050718837846,0.222506427110113,0.315650236878945,1.60963764039893,1.31607401295249
"107","S_2135_S234",1.29398740351999,-0.0197252032304746,0,"107","1","107",-0.311186056452701,0.253551121914604,-0.330911259683175,0.963076143836811,1.31607401295249
"108","S_2140_S363",1.29398740351999,-0.112183660127704,0,"108","1","108",-0.519930493111276,0.213100164494186,-0.63211415323898,0.661873250281006,0
"109","S_2145_S212",1.29398740351999,-0.0441833685777337,0,"109","1","109",-0.717168753302391,0.22077704853554,-0.761352121880125,0.532635281639861,0
"110","S_2155_S383",1.29398740351999,0.0512332850495118,0,"110","1","110",0.142439864157441,0.208457542583278,0.193673149206953,1.48766055272694,1.4142135623731
"111","S_2187_S360",1.29398740351999,0.0642235793675487,0,"111","1","111",-0.304035758971745,0.215413745624522,-0.239812179604196,1.05417522391579,1.96798967126543
"112","S_2192_S307",1.29398740351999,0.0899110688941284,0,"112","1","112",0.109412177729446,0.212401457769798,0.199323246623574,1.49331065014356,1.31607401295249
"113","S_2193_S216",1.29398740351999,0.0659171425609086,0,"113","1","113",-0.0446030184511711,0.235167601095019,0.0213141241097376,1.31530152762972,1.65487545982344
"114","S_2201_S214",1.29398740351999,0.0501385955257211,0,"114","1","114",-0.356318100509683,0.230330634545337,-0.306179504983962,0.987807898536024,0
"115","S_2203_S277",1.29398740351999,0.245894695787307,0,"115","1","115",-0.23078694852449,0.272184587491344,0.0151077472628171,1.3090951507828,0
"116","S_2212_S230",1.29398740351999,-0.049901896844074,0,"116","1","116",-0.154895599201759,0.231943753357737,-0.204797496045833,1.08918990747415,0
"117","S_2214_S290",1.29398740351999,0.261793055630242,0,"117","1","117",-0.296992259709031,0.265513450365067,-0.0351992040787897,1.2587881994412,1.4142135623731
"118","S_2226_S298",1.29398740351999,-0.0824919902775615,0,"118","1","118",0.287951035278221,0.227883856252769,0.20545904500066,1.49944644852065,2.21336383940064
"119","S_2228_S346",1.29398740351999,-0.152356705949259,0,"119","1","119",-0.490150536042757,0.218817867173815,-0.642507241992016,0.65148016152797,0
"120","S_2232_S273",1.29398740351999,-0.133408776140253,0,"120","1","120",-0.0430275928796929,0.253575250284072,-0.176436369019946,1.11755103450004,1.31607401295249
"121","S_2271_S195",1.29398740351999,0.0084423054055584,0,"121","1","121",0.158381130004674,0.207168235947204,0.166823435410233,1.46081083893022,1.49534878122122
"122","S_2299_S281",1.29398740351999,0.106806246985194,0,"122","1","122",0.0793463392367399,0.245076106644972,0.186152586221934,1.48013998974192,2.65914794847249
"123","S_2302_S259",1.29398740351999,0.263890722811261,0,"123","1","123",0.376453058131261,0.269349455809853,0.640343780942522,1.93433118446251,2.23606797749979
"124","S_2307_S288",1.29398740351999,0.0909579847109884,0,"124","1","124",0.5298576619316,0.209129400597401,0.620815646642589,1.91480305016257,2.69178163547765
"125","S_2319_S337",1.29398740351999,0.0802308512175883,0,"125","1","125",-0.427820313660549,0.208744315594636,-0.347589462442961,0.946397941077025,0
"126","S_231_S260",1.29398740351999,0.217366078562466,0,"126","1","126",0.330010509612587,0.327972132910306,0.547376588175053,1.84136399169504,2.11474252688113
"127","S_2323_S355",1.29398740351999,0.0270646754174396,0,"127","1","127",-0.622557917340682,0.195900195667267,-0.595493241923242,0.698494161596744,1.25743342968294
"128","S_2351_S197",1.29398740351999,0.0165352542126026,0,"128","1","128",0.109385960202632,0.200933031895388,0.125921214415235,1.41990861793522,0
"129","S_2358_S289",1.29398740351999,0.050396615390368,0,"129","1","129",-0.314555039077152,0.22785683202772,-0.264158423686784,1.0298289798332,1.49534878122122
"130","S_2370_S336",1.29398740351999,0.0859814073798886,0,"130","1","130",-0.092427360549061,0.239071682299213,-0.00644595316917242,1.28754145035081,1
"131","S_2375_S268",1.29398740351999,0.0413210222321856,0,"131","1","131",0.281774816213288,0.201530908336132,0.323095838445474,1.61708324196546,2.51486685936587
"132","S_2395_S194",1.29398740351999,0.192430171311408,0,"132","1","132",-0.464047149760161,0.233761131204231,-0.271616978448753,1.02237042507123,1.56508458007329
"133","S_242_S324",1.29398740351999,0.120750712551412,0,"133","1","133",-0.440884591072132,0.229395941066103,-0.32013387852072,0.973853524999266,0
"134","S_248_S252",1.29398740351999,0.0268625055964376,0,"134","1","134",-0.424449536771758,0.216012489855805,-0.39758703117532,0.896400372344666,1.77827941003892
"135","S_261_S368",1.29398740351999,0.0437315704546071,0,"135","1","135",0.461019146698379,0.210118400032092,0.504750717152986,1.79873812067297,1.96798967126543
"136","S_269_S228",1.29398740351999,-0.00786466144019634,0,"136","1","136",0.16948885732216,0.200394651561964,0.161624195881963,1.45561159940195,0.840896415253715
"137","S_272_S326",1.29398740351999,0.0171671133352479,0,"137","1","137",0.215625683326006,0.221680385772078,0.232792796661254,1.52678020018124,2.11474252688113
"138","S_285_S191",1.29398740351999,-0.0888714478117136,0,"138","1","138",-0.0677687416353902,0.238017961012655,-0.156640189447104,1.13734721407288,2.05976714390712
"139","S_28_S364",1.29398740351999,0.121577355350894,0,"139","1","139",-0.381479699554665,0.244203425096323,-0.259902344203771,1.03408505931622,0
"140","S_294_S317",1.29398740351999,-0.0788105298399533,0,"140","1","140",-0.250059204239622,0.248357926946787,-0.328869734079575,0.965117669440411,0
"141","S_298_S354",1.29398740351999,-0.0532571259704363,0,"141","1","141",0.42929554554675,0.211501133024456,0.376038419576314,1.6700258230963,2.11474252688113
"142","S_304_S341",1.29398740351999,0.0511495841278339,0,"142","1","142",-0.310256827021945,0.200881778665419,-0.259107242894112,1.03488016062587,0
"143","S_325_S347",1.29398740351999,0.0708795537576642,0,"143","1","143",-0.559461622000325,0.260801862107858,-0.48858206824266,0.805405335277326,0
"144","S_381_S205",1.29398740351999,0.0119814970017505,0,"144","1","144",0.661953327407214,0.209081949827052,0.673934824408964,1.96792222792895,2.65914794847249
"145","S_382_S276",1.29398740351999,-0.167386990485518,0,"145","1","145",0.215139041338159,0.253104826646665,0.047752050852641,1.34173945437263,2.89250760851908
"146","S_389_S330",1.29398740351999,0.23076405020673,0,"146","1","146",-0.0304691415266878,0.306647105163641,0.200294908680042,1.49428231220003,2.23606797749979
"147","S_394_S237",1.29398740351999,-0.0523527303346859,0,"147","1","147",-0.248395258409744,0.24170158395419,-0.30074798874443,0.993239414775556,0
"148","S_398_S239",1.29398740351999,0.194687277582605,0,"148","1","148",0.0999655866768608,0.243032593023636,0.294652864259466,1.58864026777945,1.49534878122122
"149","S_402_S309",1.29398740351999,0.167312661160041,0,"149","1","149",0.0754540372374347,0.247176594097221,0.242766698397475,1.53675410191746,1.31607401295249
"150","S_415_S222",1.29398740351999,-0.128737175665017,0,"150","1","150",0.490816244081663,0.227525133574571,0.362079068416646,1.65606647193663,0
"151","S_421_S358",1.29398740351999,-0.031244317954175,0,"151","1","151",-0.529198323670589,0.235866347550657,-0.560442641624764,0.733544761895222,1.31607401295249
"152","S_437_S233",1.29398740351999,0.0503698371845725,0,"152","1","152",-0.0850466456885368,0.227086416159184,-0.0346768085039643,1.25931059501602,1.18920711500272
"153","S_449_S352",1.29398740351999,0.101624019633314,0,"153","1","153",0.241792084056304,0.207674032039359,0.343416103689618,1.6374035072096,2.05976714390712
"154","S_451_S261",1.29398740351999,0.0395072258907514,0,"154","1","154",-0.00742085903443929,0.23626688587386,0.0320863668563121,1.3260737703763,0
"155","S_471_S344",1.29398740351999,0.0221770518288906,0,"155","1","155",0.293056261153626,0.238188568038949,0.315233312982517,1.6092207165025,0
"156","S_473_S362",1.29398740351999,0.136155056937469,0,"156","1","156",0.150756526014955,0.240271585474074,0.286911582952424,1.58089898647241,1.56508458007329
"157","S_477_S225",1.29398740351999,0.0705763394253334,0,"157","1","157",-0.425990081533123,0.233432897379511,-0.355413742107789,0.938573661412197,0
"158","S_494_S382",1.29398740351999,0.0965110885094603,0,"158","1","158",-0.226727419680936,0.223540735291496,-0.130216331171476,1.16377107234851,1.49534878122122
"159","S_496_S381",1.29398740351999,0.18219084272718,0,"159","1","159",0.458845308615749,0.259560403353876,0.641036151342929,1.93502355486292,2.17793858734643
"160","S_499_S265",1.29398740351999,0.174256727370768,0,"160","1","160",0.356041279130056,0.277175621320563,0.530298006500824,1.82428541002081,2.05976714390712
"161","S_4_S313",1.29398740351999,0.187609048928276,0,"161","1","161",0.243606253360785,0.255537009290528,0.43121530228906,1.72520270580905,2.78315768371374
"162","S_525_S305",1.29398740351999,0.149102856562646,0,"162","1","162",0.289502087940617,0.256503268730915,0.438604944503264,1.73259234802325,0
"163","S_529_S314",1.29398740351999,0.0472978930371866,0,"163","1","163",-0.391773673363514,0.260166362156019,-0.344475780326328,0.949511623193658,1.18920711500272
"164","S_550_S257",1.29398740351999,0.0218639156377226,0,"164","1","164",-0.00687562006401798,0.231703128119606,0.0149882955737046,1.30897569909369,2.94283095638271
"165","S_552_S308",1.29398740351999,-0.0261980233882476,0,"165","1","165",-0.237286951593503,0.204897034713497,-0.263484974981751,1.03050242853824,1.31607401295249
"166","S_564_S211",1.29398740351999,0.198381006463037,0,"166","1","166",0.245993204969317,0.242155476119903,0.444374211432353,1.73836161495234,1.73205080756888
"167","S_572_S203",1.29398740351999,0.0155885082213979,0,"167","1","167",-0.0536985134125641,0.211132420330494,-0.0381100051911662,1.25587739832882,0
"168","S_597_S255",1.29398740351999,0.141090470730877,0,"168","1","168",-0.159325709942748,0.231714156272995,-0.0182352392118712,1.27575216430811,1.8612097182042
"169","S_652_S232",1.29398740351999,0.209711633990157,0,"169","1","169",0.385910280112664,0.236906301589272,0.595621914102821,1.88960931762281,2.51486685936587
"170","S_66_S321",1.29398740351999,0.0209249571704931,0,"170","1","170",0.729097757200873,0.210100400158438,0.750022714371366,2.04401011789135,2.65914794847249
"171","S_699_S356",1.29398740351999,-0.0108023285098123,0,"171","1","171",-0.0946325684653053,0.270419032439219,-0.105434896975118,1.18855250654487,1.49534878122122
"172","S_6_S348",1.29398740351999,-0.114530203231261,0,"172","1","172",-0.0478945375115044,0.216343971279735,-0.162424740742765,1.13156266277722,1.49534878122122
"173","S_701_S340",1.29398740351999,-0.0505164286019033,0,"173","1","173",0.140772087895208,0.242026064352953,0.0902556592933046,1.38424306281329,2.11474252688113
"174","S_704_S282",1.29398740351999,-0.0631930837592466,0,"174","1","174",0.241242581492126,0.237359761676552,0.178049497732879,1.47203690125287,2.34034731932072
"175","S_716_S283",1.29398740351999,0.0976377914640736,0,"175","1","175",0.0199321099098833,0.215876945279223,0.117569901373957,1.41155730489394,1.8612097182042
"176","S_732_S243",1.29398740351999,0.153725314925613,0,"176","1","176",0.845016382154112,0.270431693589934,0.998741697079726,2.29272910059971,2.54572989502183
"177","S_737_S201",1.29398740351999,0.145812410714199,0,"177","1","177",0.0648796965139076,0.216161584289744,0.210692107228107,1.50467951074809,2.73861278752583
"178","S_769_S220",1.29398740351999,0.00479082359915824,0,"178","1","178",-0.553701257325332,0.265376992415694,-0.548910433726174,0.745076969793812,1
"179","S_797_S209",1.29398740351999,0.0102961846269423,0,"179","1","179",0.233916563005433,0.197110502523919,0.244212747632375,1.53820015115236,0
"180","S_809_S270",1.29398740351999,0.00826787253439515,0,"180","1","180",0.738581899462231,0.197764768565456,0.746849771996626,2.04083717551661,2.65914794847249
"181","S_81_S279",1.29398740351999,0.0715308306642684,0,"181","1","181",0.0363296956946723,0.225809135888586,0.107860526358941,1.40184792987893,1.56508458007329
"182","S_829_S286",1.29398740351999,-0.0331408338594145,0,"182","1","182",-0.140578189116102,0.274716393321785,-0.173719022975517,1.12026838054447,2.11474252688113
"183","S_831_S353",1.29398740351999,0.101645101784377,0,"183","1","183",-0.550748431484299,0.243407099526936,-0.449103329699922,0.844884073820064,2.65914794847249
"184","S_838_S306",1.29398740351999,0.0915201557558775,0,"184","1","184",0.133804984424913,0.237684766148508,0.225325140180791,1.51931254370078,2.23606797749979
"185","S_868_S274",1.29398740351999,0.281155649422946,0,"185","1","185",0.579969053329862,0.351270563510758,0.861124702752808,2.15511210627279,1.10668191970032
"186","S_869_S241",1.29398740351999,0.195854296719712,0,"186","1","186",0.448144839944835,0.255084380132775,0.643999136664547,1.93798654018453,1.56508458007329
"187","S_874_S217",1.29398740351999,0.216572797424475,0,"187","1","187",0.531008660723138,0.262570547373276,0.747581458147612,2.0415688616676,2.34034731932072
"188","S_881_S365",1.29398740351999,0.0643188135329163,0,"188","1","188",1.43118452442859,0.202454866015375,1.49550333796151,2.78949074148149,2.78315768371374
"189","S_89_S199",1.29398740351999,0.0247099567215157,0,"189","1","189",0.354148430479387,0.198743196994539,0.378858387200903,1.67284579072089,0
"190","S_905_S248",1.29398740351999,0.26312152363111,0,"190","1","190",0.230328745452215,0.272782193114194,0.493450269083325,1.78743767260331,0.840896415253715
"191","S_927_S334",1.29398740351999,0.0427047347219766,0,"191","1","191",-0.308910932376705,0.211765004496841,-0.266206197654729,1.02778120586526,0
"192","S_984_S370",1.29398740351999,0.212876574513848,0,"192","1","192",-0.675331644909101,0.255329041006177,-0.462455070395253,0.831532333124733,1.49534878122122
"193","S_989_S196",1.29398740351999,0.142126540087281,0,"193","1","193",-0.045821785435307,0.210029130263363,0.0963047546519738,1.39029215817196,1.25743342968294
"194","S_9_S300",1.29398740351999,-0.0292927233736686,0,"194","1","194",0.347327540537348,0.197017130538506,0.318034817163679,1.61202222068367,2.78315768371374
"195","S_1001_S52_L003",1.29398740351999,-0.0739349726290763,0,"195","1","195",0.0601991483273097,0.246453967147894,-0.0137358243017666,1.28025157921822,2.65914794847249
"196","S_1004_S75_L003",1.29398740351999,-0.0892409044879401,0,"196","1","196",0.779814421216319,0.240258302088246,0.690573516728379,1.98456092024836,2.89250760851908
"197","S_1010_S144",1.29398740351999,-0.00218646114451543,0,"197","1","197",-0.0349311783356246,0.20552598954995,-0.0371176394801401,1.25686976403985,1.49534878122122
"198","S_1012_S150",1.29398740351999,-0.060479456613301,0,"198","1","198",0.0725145611412927,0.204131063667708,0.0120351045279917,1.30602250804798,2.11474252688113
"199","S_1013_S145",1.29398740351999,0.13734922701522,0,"199","1","199",-0.245256134685048,0.21296361113242,-0.107906907669827,1.18608049585016,1.49534878122122
"200","S_101_S15_L003",1.29398740351999,0.159575069121985,0,"200","1","200",-0.0277231781801348,0.244191132993055,0.131851890941851,1.42583929446184,1
"201","S_1020_S139",1.29398740351999,-0.118156122083908,0,"201","1","201",0.465927567999773,0.253066464242354,0.347771445915865,1.64175884943585,1.22474487139159
"202","S_1022_S29",1.29398740351999,-0.0618866449469638,0,"202","1","202",0.390616635398265,0.239765068580585,0.328729990451301,1.62271739397129,2.23606797749979
"203","S_1029_S66_L003",1.29398740351999,-0.108939885602847,0,"203","1","203",-0.428040689575769,0.222401489695668,-0.536980575178617,0.757006828341369,0
"204","S_1030_S13",1.29398740351999,0.0530629800888307,0,"204","1","204",0.342017150413951,0.209883238352692,0.395080130502782,1.68906753402277,2.34034731932072
"205","S_1036_S32",1.29398740351999,-0.112689928639667,0,"205","1","205",0.0741778598425514,0.26607332304588,-0.0385120687971157,1.25547533472287,1.77827941003892
"206","S_1041_S151",1.29398740351999,0.0110619069222068,0,"206","1","206",0.863103133746778,0.213188016442852,0.874165040668984,2.16815244418897,2.89250760851908
"207","S_1053_S23",1.29398740351999,0.227290055415828,0,"207","1","207",-0.00778553317104225,0.254326492423221,0.219504522244785,1.51349192576477,2.21336383940064
"208","S_1075_S38",1.29398740351999,0.0546865065662921,0,"208","1","208",-0.356663228081675,0.237845713000728,-0.301976721515383,0.992010682004603,2.11474252688113
"209","S_1076_S167",1.29398740351999,0.0476329663688324,0,"209","1","209",-0.239358511868945,0.207442889232943,-0.191725545500113,1.10226185801987,2.34034731932072
"210","S_107_S16",1.29398740351999,0.216455970131336,0,"210","1","210",-0.483155257152858,0.254456913000163,-0.266699287021522,1.02728811649846,2.34034731932072
"211","S_1093_S116",1.29398740351999,-0.11743721143435,0,"211","1","211",0.398610027792074,0.211641410533197,0.281172816357724,1.57516021987771,2.34034731932072
"212","S_10_S169",1.29398740351999,0.0637575507129381,0,"212","1","212",0.0421789806354878,0.239435813161636,0.105936531348426,1.39992393486841,1.8612097182042
"213","S_1118_S92",1.29398740351999,0.151018437814407,0,"213","1","213",0.225596167843954,0.244976234109565,0.376614605658361,1.67060200917835,1.49534878122122
"214","S_1125_S30_L003",1.29398740351999,-0.0691691483930817,0,"214","1","214",-0.106128283301021,0.278612688404673,-0.175297431694103,1.11868997182588,0
"215","S_1134_S91",1.29398740351999,0.0469790082164972,0,"215","1","215",0.0713135268654747,0.206584165533513,0.118292535081972,1.41227993860196,1.31607401295249
"216","S_1138_S159",1.29398740351999,0.0633962122921944,0,"216","1","216",-0.0698728770871073,0.203943530131904,-0.00647666479491288,1.28751073872507,2.34034731932072
"217","S_113_S7_L003",1.29398740351999,0.0203421259342652,0,"217","1","217",-0.423151176668223,0.20110783064328,-0.402809050733958,0.891178352786028,1.18920711500272
"218","S_1140_S60_L003",1.29398740351999,0.305750159411017,0,"218","1","218",0.232999526809894,0.284177747720148,0.538749686220911,1.8327370897409,2.05976714390712
"219","S_1154_S161",1.29398740351999,0.123834262168524,0,"219","1","219",-0.403445324189687,0.241571336257187,-0.279611062021162,1.01437634149882,1.96798967126543
"220","S_1160_S11",1.29398740351999,0.0732019860793681,0,"220","1","220",0.709941350071746,0.200667400759617,0.783143336151114,2.0771307396711,2.89250760851908
"221","S_1177_S24",1.29398740351999,0.220922757523579,0,"221","1","221",-0.296512405504277,0.252992591132407,-0.0755896479806985,1.21839775553929,1.77827941003892
"222","S_1179_S105",1.29398740351999,0.172637074327087,0,"222","1","222",-0.0895565698864096,0.236965593783741,0.0830805044406775,1.37706790796066,2.51486685936587
"223","S_1200_S164",1.29398740351999,0.0206296393252621,0,"223","1","223",-0.360933465260208,0.199134495519668,-0.340303825934946,0.95368357758504,2.34034731932072
"224","S_1202_S72_L003",1.29398740351999,-0.105986374669165,0,"224","1","224",0.505515777677621,0.226143476058173,0.399529403008455,1.69351680652844,2.51486685936587
"225","S_1203_S53",1.29398740351999,-0.171658455159362,0,"225","1","225",-0.121825646578038,0.225211505059504,-0.2934841017374,1.00050330178259,0
"226","S_1210_S120",1.29398740351999,-0.106726780159948,0,"226","1","226",0.582872390441838,0.252906512417121,0.47614561028189,1.77013301380188,1.25743342968294
"227","S_1213_S95_L003",1.29398740351999,0.111294358514685,0,"227","1","227",0.617781154271095,0.247140931120808,0.72907551278578,2.02306291630577,2.11474252688113
"228","S_122_S43_L003",1.29398740351999,0.0884756796322743,0,"228","1","228",-0.612444345312593,0.199686434518721,-0.523968665680318,0.770018737839668,1.56508458007329
"229","S_1247_S133",1.29398740351999,0.125561977221896,0,"229","1","229",0.0981585940350863,0.238306694119245,0.223720571256982,1.51770797477697,0
"230","S_1257_S89",1.29398740351999,-0.0592002258010937,0,"230","1","230",-0.10730733799195,0.201217456940555,-0.166507563793044,1.12747983972694,1.49534878122122
"231","S_125_S163",1.29398740351999,0.0920383357639613,0,"231","1","231",-0.123543522740064,0.276854591668034,-0.0315051869761023,1.26248221654388,0
"232","S_1278_S20",1.29398740351999,-0.156009198215043,0,"232","1","232",0.272993842877381,0.215005238930649,0.116984644662338,1.41097204818232,0
"233","S_1287_S146",1.29398740351999,-0.070470842158573,0,"233","1","233",-0.0294458910623641,0.226768125759333,-0.0999167332209371,1.19407067029905,2.34034731932072
"234","S_1289_S164",1.29398740351999,-0.136790804570845,0,"234","1","234",-0.0809043324304825,0.214169444115431,-0.217695137001328,1.07629226651866,2.21336383940064
"235","S_1308_S183",1.29398740351999,0.0493419218709115,0,"235","1","235",-0.194068413985317,0.213248815040357,-0.144726492114406,1.14926091140558,1.49534878122122
"236","S_1323_S36",1.29398740351999,0.0520849334867668,0,"236","1","236",-0.00684281874326098,0.203752079117812,0.0452421147435058,1.33922951826349,1.96798967126543
"237","S_1326_S53_L003",1.29398740351999,-0.115633888225379,0,"237","1","237",-0.282449128006208,0.278107647093011,-0.398083016231587,0.895904387288399,2.78315768371374
"238","S_132_S41",1.29398740351999,0.0375150349457803,0,"238","1","238",-0.172259015980824,0.202872688389524,-0.134743981035044,1.15924342248494,0
"239","S_1370_S76",1.29398740351999,-0.0738083944769166,0,"239","1","239",-0.147249169666927,0.212577030627947,-0.221057564143844,1.07292983937614,0
"240","S_1374_S132",1.29398740351999,0.0583039698778497,0,"240","1","240",-0.146683172059126,0.224890538581524,-0.0883792021812767,1.20560820133871,0
"241","S_1384_S78",1.29398740351999,0.0569733209054364,0,"241","1","241",-0.297653765487376,0.230685398610527,-0.24068044458194,1.05330695893805,0
"242","S_1390_S94",1.29398740351999,0.164950996371226,0,"242","1","242",0.671415880949485,0.21822081880571,0.836366877320712,2.1303542808407,2.65914794847249
"243","S_1393_S83_L003",1.29398740351999,-0.0808220065701742,0,"243","1","243",-0.118090215576445,0.222236556989063,-0.198912222146619,1.09507518137337,0
"244","S_1395_S102",1.29398740351999,-0.17243904339292,0,"244","1","244",0.179953932407288,0.248338048601226,0.00751488901436856,1.30150229253435,1.49534878122122
"245","S_1403_S130",1.29398740351999,0.0657633426680354,0,"245","1","245",-0.258444379300839,0.248922142096279,-0.192681036632803,1.10130636688718,1.31607401295249
"246","S_1405_S126",1.29398740351999,0.127922762409995,0,"246","1","246",-0.358910296738009,0.232154562714802,-0.230987534328014,1.06299986919197,0
"247","S_1408_S17_L003",1.29398740351999,-0.0522247478200465,0,"247","1","247",-0.437745419895768,0.26909998967986,-0.489970167715814,0.804017235804172,2.89250760851908
"248","S_1412_S125",1.29398740351999,-0.0764573004708556,0,"248","1","248",-0.207843093478102,0.24509023668376,-0.284300393948958,1.00968700957103,0
"249","S_1413_S10_L003",1.29398740351999,-0.108409598919668,0,"249","1","249",0.0811385166737245,0.26817539187608,-0.0272710822459435,1.26671632127404,1.56508458007329
"250","S_141_S188",1.29398740351999,0.0199413171605492,0,"250","1","250",-0.594574564277358,0.203933886081105,-0.574633247116808,0.719354156403178,1
"251","S_1434_S73_L003",1.29398740351999,0.0550126929797563,0,"251","1","251",-0.0736380078470817,0.215496361269506,-0.0186253148673254,1.27536208865266,0
"252","S_1443_S64_L003",1.29398740351999,0.00989968953237847,0,"252","1","252",-0.337580321386318,0.206508615612944,-0.327680631853939,0.966306771666047,1.56508458007329
"253","S_1462_S171",1.29398740351999,0.0344142560214079,0,"253","1","253",0.0314294339914011,0.197258312865753,0.0658436900128091,1.3598310935328,2.05976714390712
"254","S_1464_S64",1.29398740351999,0.0379564984208046,0,"254","1","254",0.0746684556671814,0.209711784721166,0.112624954087986,1.40661235760797,1.25743342968294
"255","S_1467_S106",1.29398740351999,0.0556824842723752,0,"255","1","255",-0.0236602180326113,0.212324778698199,0.0320222662397639,1.32600966975975,1.56508458007329
"256","S_1468_S139",1.29398740351999,0.0728862578129855,0,"256","1","256",-0.24186316415048,0.205672336809068,-0.168976906337494,1.12501049718249,1.56508458007329
"257","S_1479_S2_L003",1.29398740351999,0.0347151219212475,0,"257","1","257",-0.222433031443739,0.206674389562647,-0.187717909522491,1.10626949399749,1.31607401295249
"258","S_147_S19",1.29398740351999,0.0236726974281716,0,"258","1","258",0.606902616351071,0.198174179222824,0.630575313779242,1.92456271729923,1.49534878122122
"259","S_14_S3",1.29398740351999,0.0270451470861547,0,"259","1","259",0.169489305495283,0.245575721760321,0.196534452581438,1.49052185610142,0
"260","S_1506_S61",1.29398740351999,-0.0166971151632705,0,"260","1","260",-0.233199572177532,0.238319852051261,-0.249896687340803,1.04409071617918,0
"261","S_1516_S148",1.29398740351999,0.0918541272418644,0,"261","1","261",-0.223635877131447,0.200857904870519,-0.131781749889583,1.1622056536304,1.73205080756888
"262","S_151_S93",1.29398740351999,0.0869391832192645,0,"262","1","262",0.140923668228127,0.220613719813562,0.227862851447391,1.52185025496738,0
"263","S_1521_S18",1.29398740351999,0.0419476041782994,0,"263","1","263",0.0487938363561823,0.249441462639515,0.0907414405344816,1.38472884405447,2.11474252688113
"264","S_1528_S47",1.29398740351999,0.208029298082747,0,"264","1","264",0.13962011904627,0.26675633202435,0.347649417129017,1.641636820649,2.11474252688113
"265","S_1531_S31_L003",1.29398740351999,0.0918360218058467,0,"265","1","265",-0.126728404911081,0.245963439076195,-0.0348923831052348,1.25909502041475,0
"266","S_1532_S117",1.29398740351999,0.205422780651747,0,"266","1","266",-0.15577503131229,0.240455180422232,0.0496477493394567,1.34363515285944,2.65914794847249
"267","S_1542_S44",1.29398740351999,-0.139468858759766,0,"267","1","267",-0.0859690404822247,0.229583102398015,-0.225437899241991,1.068549504278,0
"268","S_154_S162",1.29398740351999,0.070059450318136,0,"268","1","268",0.346258353626949,0.214566555999589,0.416317803945085,1.71030520746507,1.65487545982344
"269","S_1552_S185",1.29398740351999,0.0536340890662308,0,"269","1","269",0.251185494918289,0.222459990157864,0.304819583984519,1.59880698750451,1.31607401295249
"270","S_1561_S52",1.29398740351999,0.123821914540924,0,"270","1","270",0.647524369572971,0.207931304903428,0.771346284113895,2.06533368763388,1.25743342968294
"271","S_1565_S74_L003",1.29398740351999,0.101390957644684,0,"271","1","271",0.320941864609397,0.210069466485713,0.422332822254081,1.71632022577407,1.4142135623731
"272","S_1567_S13_L003",1.29398740351999,0.0287476618246275,0,"272","1","272",-0.205726612567495,0.238816718234583,-0.176978950742868,1.11700845277712,1.49534878122122
"273","S_159_S190",1.29398740351999,0.00475796855080488,0,"273","1","273",-0.460080899160023,0.213581348904398,-0.455322930609218,0.838664472910768,2.34034731932072
"274","S_1604_S168",1.29398740351999,0.0231481027612555,0,"274","1","274",0.481483446111924,0.20187781646566,0.504631548873179,1.79861895239317,2.44948974278318
"275","S_1620_S26",1.29398740351999,0.219893408934739,0,"275","1","275",-0.236602939611192,0.251597179980929,-0.0167095306764527,1.27727787284353,0
"276","S_1651_S111",1.29398740351999,0.0812572997372354,0,"276","1","276",-0.171750421427073,0.215474263089486,-0.0904931216898371,1.20349428183015,1.49534878122122
"277","S_1660_S143",1.29398740351999,0.119643690121372,0,"277","1","277",0.0477012098714836,0.268774177571842,0.167344899992856,1.46133230351284,2.51486685936587
"278","S_1674_S49_L003",1.29398740351999,0.0517272671724022,0,"278","1","278",0.266283483439254,0.232001910586321,0.318010750611656,1.61199815413164,1.25743342968294
"279","S_1675_S175",1.29398740351999,0.215905503227361,0,"279","1","279",-0.0300499960615271,0.240128394601296,0.185855507165834,1.47984291068582,1.4142135623731
"280","S_1678_S107",1.29398740351999,0.228446101328781,0,"280","1","280",0.0198557491338707,0.23190898939298,0.248301850462652,1.54228925398264,1.31607401295249
"281","S_1687_S90_L003",1.29398740351999,0.221341008884847,0,"281","1","281",-0.311043337224667,0.234146398582833,-0.0897023283398199,1.20428507518017,0
"282","S_1691_S141",1.29398740351999,0.260888441532086,0,"282","1","282",0.18516734278309,0.252859413545425,0.446055784315176,1.74004318783516,1.39157884185687
"283","S_1697_S147",1.29398740351999,0.0507917235327649,0,"283","1","283",-0.385253304992466,0.210239522310383,-0.334461581459701,0.959525822060285,1.49534878122122
"284","S_169_S27",1.29398740351999,-0.102076916185046,0,"284","1","284",0.320260655491009,0.287548800722862,0.218183739305963,1.51217114282595,1.31607401295249
"285","S_16_S56_L003",1.29398740351999,0.00741365691356065,0,"285","1","285",0.307709462331051,0.242345098999475,0.315123119244612,1.6091105227646,2.23606797749979
"286","S_1725_S144",1.29398740351999,0.0758337043699297,0,"286","1","286",-0.469728522049449,0.212564574333271,-0.393894817679519,0.900092585840467,0.840896415253715
"287","S_1727_S30",1.29398740351999,0.216159327030506,0,"287","1","287",0.147252155134246,0.243595148197321,0.363411482164752,1.65739888568474,1.25743342968294
"288","S_1735_S172",1.29398740351999,-0.166841243042097,0,"288","1","288",0.381077693309416,0.221746637558413,0.214236450267319,1.5082238537873,1.56508458007329
"289","S_1740_S146",1.29398740351999,-0.0586548359142678,0,"289","1","289",-0.0268117649881072,0.207753982111114,-0.085466600902375,1.20852080261761,1.91682931273882
"290","S_1747_S48_L003",1.29398740351999,-0.080165307330424,0,"290","1","290",-0.110064916712982,0.302377113628891,-0.190230224043406,1.10375717947658,1.49534878122122
"291","S_1753_S75",1.29398740351999,0.0411793959743199,0,"291","1","291",-0.201897892072484,0.201589721277922,-0.160718496098164,1.13326890742182,1.49534878122122
"292","S_1755_S134",1.29398740351999,0.0342770983974213,0,"292","1","292",-0.352950846361729,0.203910406463001,-0.318673747964308,0.975313655555678,1
"293","S_1757_S61_L003",1.29398740351999,0.0897706197807606,0,"293","1","293",-0.2576446428444,0.275579393845797,-0.167874023063639,1.12611338045635,1.96798967126543
"294","S_177_S62",1.29398740351999,0.0956323926716017,0,"294","1","294",-0.258322627811171,0.255333729567823,-0.162690235139569,1.13129716838042,1.49534878122122
"295","S_1780_S45_L003",1.29398740351999,0.10047322216835,0,"295","1","295",0.730250203599135,0.238653502418775,0.830723425767485,2.12471082928747,1.8612097182042
"296","S_1781_S84",1.29398740351999,0.218422632323629,0,"296","1","296",0.314787180235837,0.250864417620272,0.533209812559466,1.82719721607945,1.96798967126543
"297","S_1783_S150",1.29398740351999,0.0677303477272751,0,"297","1","297",0.0110301002943406,0.2119223218917,0.0787604480216157,1.3727478515416,0.840896415253715
"298","S_1799_S86",1.29398740351999,0.0870686584749356,0,"298","1","298",-0.00896661789992187,0.219173135993537,0.0781020405750137,1.372089444095,1.31607401295249
"299","S_1800_S14_L003",1.29398740351999,0.0596356423891181,0,"299","1","299",-0.378455737167589,0.238647343078628,-0.318820094778471,0.975167308741515,0
"300","S_1811_S148",1.29398740351999,0.211255413409712,0,"300","1","300",0.0641785727305971,0.262090177466061,0.275433986140309,1.56942138966029,2.11474252688113
"301","S_181_S65",1.29398740351999,0.200770594138376,0,"301","1","301",0.05346147845718,0.236135149179554,0.254232072595556,1.54821947611554,1.62657656169779
"302","S_1822_S37",1.29398740351999,-0.0793610597209962,0,"302","1","302",-0.234969414700877,0.211459665448771,-0.314330474421874,0.979656929098113,1.77827941003892
"303","S_1823_S3_L003",1.29398740351999,0.13628289573598,0,"303","1","303",-0.599792400797617,0.229667712466194,-0.463509505061637,0.830477898458349,1
"304","S_1824_S180",1.29398740351999,0.0701067877034837,0,"304","2","  1",0.0554747919192314,0.21179297505611,0.125581579622715,1.4195689831427,NA
"305","S_1828_S156",1.29398740351999,0.0286325318196245,0,"305","1","304",0.0978124449053452,0.230264770833657,0.12644497672497,1.42043238024496,1.18920711500272
"306","S_1834_S114",1.29398740351999,-0.137419834287303,0,"306","1","305",-0.186366538400249,0.21381787670343,-0.323786372687552,0.970201030832434,1.77827941003892
"307","S_1835_S57",1.29398740351999,0.0260198361571424,0,"307","1","306",-0.058803199630993,0.240371998726589,-0.0327833634738506,1.26120404004614,0
"308","S_1845_S34",1.29398740351999,0.140234673121496,0,"308","1","307",0.18494969460719,0.214727473624406,0.325184367728686,1.61917177124867,2.51486685936587
"309","S_1855_S49",1.29398740351999,-0.0786877667657627,0,"309","1","308",-0.244534669405151,0.242001594592662,-0.323222436170914,0.970764967349072,1
"310","S_1856_S51",1.29398740351999,0.102156738012846,0,"310","1","309",-0.101056686561165,0.245341742513113,0.00110005145168082,1.29508745497167,0.840896415253715
"311","S_185_S72",1.29398740351999,0.0533833839189149,0,"311","1","310",-0.153248509790337,0.201672500485235,-0.0998651258714222,1.19412227764856,0
"312","S_1861_S1_L003",1.29398740351999,0.264888981664874,0,"312","1","311",0.240762969348063,0.260625594311044,0.505651951012937,1.79963935453292,2.51486685936587
"313","S_1871_S186",1.29398740351999,0.233314881573055,0,"313","1","312",0.153043174779024,0.254633102889908,0.386358056352079,1.68034545987207,1.73205080756888
"314","S_188_S79",1.29398740351999,-0.111140239888867,0,"314","1","313",0.0952386571305441,0.24440402146878,-0.0159015827583224,1.27808582076166,1.18920711500272
"315","S_1909_S132",1.29398740351999,0.0407491519372709,0,"315","1","314",-0.206076768428703,0.208751655687223,-0.165327616491432,1.12865978702855,2.05976714390712
"316","S_190_S2",1.29398740351999,0.109602670620124,0,"316","1","315",-0.10762015673383,0.255357756402905,0.0019825138862942,1.29596991740628,2.23606797749979
"317","S_1910_S23_L003",1.29398740351999,0.233597812560435,0,"317","1","316",0.318643274482469,0.2650609386734,0.552241087042904,1.84622849056289,1.49534878122122
"318","S_1921_S54",1.29398740351999,-0.123584725510605,0,"318","1","317",-0.537375719900301,0.21384266178948,-0.660960445410906,0.63302695810908,0
"319","S_1934_S21_L003",1.29398740351999,0.237316808292126,0,"319","1","318",0.321535766056443,0.282650968551448,0.558852574348569,1.85283997786856,2.89250760851908
"320","S_1935_S15",1.29398740351999,0.199741418721303,0,"320","1","319",-0.000329646165669939,0.250492904144723,0.199411772555633,1.49339917607562,1.49534878122122
"321","S_1939_S59",1.29398740351999,0.219511839100669,0,"321","1","320",0.338478823436187,0.264781665544653,0.557990662536856,1.85197806605684,2.11474252688113
"322","S_1945_S21",1.29398740351999,0.097775045722318,0,"322","1","321",0.361070023248041,0.2508600805849,0.458845068970359,1.75283247249035,2.21336383940064
"323","S_1946_S184",1.29398740351999,0.0331218236353017,0,"323","1","322",0.821481781532372,0.208992960835623,0.854603605167674,2.14859100868766,1.31607401295249
"324","S_1950_S66",1.29398740351999,0.171049985662189,0,"324","1","323",-0.0226260925710636,0.290725181826471,0.148423893091126,1.44241129661111,0
"325","S_1955_S145",1.29398740351999,0.0846352329275484,0,"325","1","324",-0.312875757681836,0.205107931030269,-0.228240524754288,1.0657468787657,1.45647531512197
"326","S_1956_S127",1.29398740351999,-0.0930267770550862,0,"326","1","325",0.538815316758833,0.230828937186081,0.445788539703747,1.73977594322373,0
"327","S_1971_S104",1.29398740351999,0.174004072823911,0,"327","1","326",0.532022731091757,0.22055142825255,0.706026803915668,2.00001420743565,2.11474252688113
"328","S_1998_S79_L003",1.29398740351999,0.183011170661837,0,"328","1","327",-0.354743573134089,0.25628329311801,-0.171732402472252,1.12225500104773,0
"329","S_199_S59_L003",1.29398740351999,0.0478763361522377,0,"329","1","328",0.0245420827424596,0.216916600297245,0.0724184188946973,1.36640582241468,1
"330","S_1_S123",1.29398740351999,0.0579076484211147,0,"330","1","329",-0.550272655117037,0.22812268285185,-0.492365006695922,0.801622396824064,0
"331","S_2005_S22",1.29398740351999,0.193881551396396,0,"331","1","330",-0.124103813595179,0.241021028423342,0.0697777378012165,1.3637651413212,2.23606797749979
"332","S_2008_S85_L003",1.29398740351999,-0.0198355729369534,0,"332","1","331",-0.188864879422792,0.232880277474891,-0.208700452359745,1.08528695116024,1.31607401295249
"333","S_2025_S28",1.29398740351999,-0.0385651865205827,0,"333","1","332",0.325483678744834,0.222429791543345,0.286918492224251,1.58090589574424,1.25743342968294
"334","S_2029_S18_L003",1.29398740351999,0.179310539109595,0,"334","1","333",0.453770669489533,0.220206359374285,0.633081208599128,1.92706861211911,2.51486685936587
"335","S_2031_S70",1.29398740351999,0.142538913469436,0,"335","1","334",0.303393530748673,0.214321873706522,0.445932444218109,1.7399198477381,0
"336","S_2038_S118",1.29398740351999,0.210816495045471,0,"336","1","335",0.170014402051871,0.245125717664532,0.380830897097342,1.67481830061733,2.44948974278318
"337","S_2075_S187",1.29398740351999,0.0376975012126457,0,"337","1","336",-0.0216853657429243,0.203756098556055,0.0160121354697214,1.30999953898971,0
"338","S_2076_S5_L003",1.29398740351999,0.222516408444876,0,"338","1","337",-0.125901787255692,0.237904458930152,0.0966146211891834,1.39060202470917,1.77827941003892
"339","S_2077_S82_L003",1.29398740351999,-0.0604759089600969,0,"339","1","338",-0.303950958178198,0.247067748878794,-0.364426867138295,0.929560536381691,0.840896415253715
"340","S_2080_S6_L003",1.29398740351999,0.171876020764621,0,"340","1","339",-0.00944176215712472,0.220989288331331,0.162434258607496,1.45642166212748,2.51486685936587
"341","S_2083_S65_L003",1.29398740351999,0.0050634996683087,0,"341","1","340",0.169161167407516,0.216561970097629,0.174224667075825,1.46821207059581,1.31607401295249
"342","S_2089_S17",1.29398740351999,0.119370046060872,0,"342","1","341",-0.379122356209438,0.214914847391801,-0.259752310148566,1.03423509337142,0
"343","S_2096_S54_L003",1.29398740351999,0.0713933924679717,0,"343","1","342",0.389730828781931,0.253197149322144,0.461124221249902,1.75511162476989,2.51486685936587
"344","S_2098_S191",1.29398740351999,-0.145076151756287,0,"344","1","343",0.159947768077807,0.245971172938754,0.01487161632152,1.30885901984151,1.31607401295249
"345","S_2108_S154",1.29398740351999,0.0672392616852607,0,"345","1","344",-0.687035471334381,0.215393050769878,-0.619796209649121,0.674191193870865,1.77827941003892
"346","S_210_S177",1.29398740351999,0.0424674082411126,0,"346","1","345",-0.039356419380099,0.201440826013573,0.00311098886101353,1.297098392381,0
"347","S_2120_S134",1.29398740351999,0.0561886462461902,0,"347","1","346",-0.0396961523315935,0.238064118996178,0.0164924939145967,1.31047989743458,0
"348","S_2124_S101",1.29398740351999,-0.0365457349256211,0,"348","1","347",-0.348051564599611,0.23799304871415,-0.384597299525232,0.909390103994754,0
"349","S_2125_S140",1.29398740351999,0.229880938228177,0,"349","1","348",-0.416081987819723,0.260113668930754,-0.186201049591546,1.10778635392844,0
"350","S_2126_S35",1.29398740351999,0.0520531040291983,0,"350","1","349",-0.3444131641233,0.238658185763852,-0.292360060094101,1.00162734342588,1.31607401295249
"351","S_212_S12",1.29398740351999,0.0516915808146833,0,"351","1","350",0.593027914382649,0.209968093049389,0.644719495197332,1.93870689871732,0
"352","S_2130_S16_L003",1.29398740351999,0.228992450866795,0,"352","1","351",-0.058006467151742,0.289126814225393,0.170985983715053,1.46497338723504,1.96798967126543
"353","S_2138_S112",1.29398740351999,0.173920455101961,0,"353","1","352",-0.100857890777248,0.222583294123085,0.0730625643247127,1.3670499678447,2.23606797749979
"354","S_2139_S60",1.29398740351999,0.0721457367049309,0,"354","1","353",-0.144796506841149,0.201114754595485,-0.0726507701362183,1.22133663338377,1.18920711500272
"355","S_2149_S9_L003",1.29398740351999,-0.0853234716320382,0,"355","1","354",0.184430869905853,0.215627119320509,0.0991073982738151,1.3930948017938,0
"356","S_2157_S122",1.29398740351999,0.0204532768886301,0,"356","1","355",0.26894234328848,0.223937866030775,0.28939562017711,1.5833830236971,1.18920711500272
"357","S_2162_S4_L003",1.29398740351999,0.065680569052344,0,"357","1","356",-0.0728270069832843,0.238808551239131,-0.00714643793094029,1.28684096558905,2.05976714390712
"358","S_2167_S81_L003",1.29398740351999,0.240954072719052,0,"358","1","357",-0.270768704973089,0.284645105163521,-0.0298146322540377,1.26417277126595,0
"359","S_2177_S11_L003",1.29398740351999,-0.0153863766788998,0,"359","1","358",-0.827635406754255,0.208696077311769,-0.843021783433155,0.450965620086831,1.25743342968294
"360","S_2194_S133",1.29398740351999,0.280963682177731,0,"360","1","359",0.232546945786211,0.286861253979747,0.513510627963942,1.80749803148393,1.8612097182042
"361","S_2195_S129",1.29398740351999,0.0856312950812347,0,"361","1","360",-0.548349243688205,0.27222296166479,-0.46271794860697,0.831269454913016,0
"362","S_2200_S5",1.29398740351999,0.147311620887895,0,"362","1","361",-0.289043559791574,0.243400565940238,-0.141731938903679,1.15225546461631,0.562341325190349
"363","S_2224_S161",1.29398740351999,-0.10664992994622,0,"363","1","362",-0.218668799272035,0.229793343518082,-0.325318729218255,0.968668674301731,2.34034731932072
"364","S_2225_S110",1.29398740351999,0.0467083727779455,0,"364","1","363",-0.239799555400968,0.195632686138347,-0.193091182623022,1.10089622089696,1.31607401295249
"365","S_2233_S80_L003",1.29398740351999,-2.27558020336749e-07,0,"365","1","364",0.393873656672375,0.204754221819285,0.393873429114355,1.68786083263434,1.56508458007329
"366","S_2277_S189",1.29398740351999,0.0484813209040809,0,"366","1","365",-0.365856402630604,0.229386477014687,-0.317375081726523,0.976612321793463,2.05976714390712
"367","S_228_S138",1.29398740351999,0.200156863807969,0,"367","1","366",0.470852420561336,0.224693531989362,0.671009284369305,1.96499668788929,0.840896415253715
"368","S_2296_S115",1.29398740351999,0.0570885567158449,0,"368","1","367",-0.874160396751171,0.194060178106591,-0.817071840035327,0.47691556348466,0
"369","S_229_S24_L003",1.29398740351999,-0.00583714536822454,0,"369","1","368",0.426399482322379,0.285806719570344,0.420562336954154,1.71454974047414,1.96798967126543
"370","S_2316_S149",1.29398740351999,0.216432062990546,0,"370","1","369",-0.253591772564034,0.288516852919481,-0.0371597095734885,1.2568276939465,1
"371","S_2317_S77_L003",1.29398740351999,-0.146133336838372,0,"371","1","370",0.45877595253412,0.219474419073845,0.312642615695748,1.60663001921573,1.49534878122122
"372","S_2318_S85",1.29398740351999,0.015418994823948,0,"372","1","371",-0.092334428290509,0.202713118388568,-0.0769154334665611,1.21707197005343,2.44948974278318
"373","S_2326_S100",1.29398740351999,-0.130058758841574,0,"373","1","372",-0.784924273314442,0.222699055184395,-0.914983032156016,0.37900437136397,0
"374","S_2332_S35_L003",1.29398740351999,0.00228256161283824,0,"374","1","373",0.0766126278730055,0.196572698489991,0.0788951894858438,1.37288259300583,1.96798967126543
"375","S_2335_S96",1.29398740351999,0.0758337043699297,0,"375","1","374",-0.429638693172448,0.212564574333271,-0.353804988802518,0.940182414717468,0
"376","S_2341_S56",1.29398740351999,0.195549097392997,0,"376","1","375",-0.648216470704332,0.229265463890411,-0.452667373311335,0.841320030208651,0
"377","S_2344_S156",1.29398740351999,0.0401617292702754,0,"377","1","376",-0.313844388241306,0.209478806036575,-0.27368265897103,1.02030474454896,0
"378","S_2346_S152",1.29398740351999,-0.0923730418447379,0,"378","1","377",-0.680678837172923,0.228978729500724,-0.773051879017661,0.520935524502325,0
"379","S_2387_S147",1.29398740351999,0.0186472766508568,0,"379","1","378",-0.274306777980994,0.219618540837655,-0.255659501330137,1.03832790218985,1.18920711500272
"380","S_2397_S166",1.29398740351999,0.0480093842468706,0,"380","1","379",-0.677041038857173,0.205431694843185,-0.629031654610302,0.664955748909684,1.56508458007329
"381","S_255_S45",1.29398740351999,0.0862360771279834,0,"381","1","380",0.0666547046260242,0.221598033026132,0.152890781754008,1.44687818527399,0
"382","S_256_S39_L003",1.29398740351999,0.180788864793832,0,"382","1","381",-0.23940362173236,0.220231915501373,-0.0586147569385275,1.23537264658146,0
"383","S_274_S192",1.29398740351999,-0.000148630940411558,0,"383","1","382",-0.788778465547307,0.203540661501704,-0.788927096487718,0.505060307032268,0
"384","S_276_S74",1.29398740351999,0.062419001527657,0,"384","1","383",-0.0687720405452729,0.222294377860637,-0.00635303901761598,1.28763436450237,1.49534878122122
"385","S_27_S7",1.29398740351999,-0.084410954497669,0,"385","1","384",-0.176021567514071,0.282816577412288,-0.26043252201174,1.03355488150825,0.840896415253715
"386","S_285_1_S191",1.29398740351999,-0.0843680606158773,0,"386","1","385",-0.287652698674717,0.23191949188587,-0.372020759290594,0.921966644229392,2.05976714390712
"387","S_289_S32_L003",1.29398740351999,0.0601304398637442,0,"387","1","386",-0.199410314472007,0.218251189080178,-0.139279874608263,1.15470752891172,1.31607401295249
"388","S_292_S80",1.29398740351999,-0.0667648777329631,0,"388","1","387",-0.40757052719257,0.228482893286929,-0.474335404925533,0.819651998594453,1.31607401295249
"389","S_295_S46_L003",1.29398740351999,-0.0855912848202121,0,"389","1","388",-0.00401011955293909,0.240983420891913,-0.0896014043731512,1.20438599914683,1.31607401295249
"390","S_297_S95",1.29398740351999,-0.140165754395628,0,"390","1","389",0.253963274510369,0.2399429868135,0.113797520114741,1.40778492363473,2.51486685936587
"391","S_302_S182",1.29398740351999,0.0322510989569869,0,"391","1","390",0.0394957434047855,0.205853393299783,0.0717468423617724,1.36573424588176,2.11474252688113
"392","S_328_S179",1.29398740351999,0.0902801251253439,0,"392","1","391",-0.673877776844151,0.216856705437942,-0.583597651718807,0.710389751801179,1.56508458007329
"393","S_32_S152",1.29398740351999,-0.1022124486618,0,"393","1","392",0.104413671690779,0.237147479625116,0.00220122302897896,1.29618862654897,0
"394","S_331_S25",1.29398740351999,0.190010521976647,0,"394","1","393",-0.252862174154701,0.255252214600656,-0.0628516521780541,1.23113575134193,0
"395","S_334_S137",1.29398740351999,0.0377439082703288,0,"395","1","394",-0.728942098958362,0.234245180036517,-0.691198190688033,0.602789212831953,0
"396","S_337_S8",1.29398740351999,0.0289868943807532,0,"396","1","395",0.523520014467648,0.20202336571247,0.552506908848402,1.84649431236839,2.99069756244244
"397","S_339_S28_L003",1.29398740351999,-0.131344264105309,0,"397","1","396",0.56031365672689,0.229730256880619,0.428969392621581,1.72295679614157,0
"398","S_341_S162",1.29398740351999,0.0171520415605727,0,"398","1","397",0.142856546968211,0.196817949305606,0.160008588528784,1.45399599204877,1.83142075074235
"399","S_344_S160",1.29398740351999,0.110041706574412,0,"399","1","398",-0.0235617972897211,0.208152304397497,0.0864799092846908,1.38046731280468,1.56508458007329
"400","S_357_S87",1.29398740351999,-0.0633052490470433,0,"400","1","399",0.259459162499298,0.236778269344191,0.196153913452255,1.49014131697224,1.49534878122122
"401","S_371_S41_L003",1.29398740351999,-0.0823034336629354,0,"401","1","400",-0.530478913610101,0.22713106151283,-0.612782347273037,0.681205056246949,1
"402","S_373_S73",1.29398740351999,0.0626907695920559,0,"402","1","401",0.405184474752651,0.234484495460353,0.467875244344707,1.76186264786469,0
"403","S_377_S12_L003",1.29398740351999,-0.023425234729895,0,"403","1","402",-0.120342083395447,0.25705854803454,-0.143767318125342,1.15022008539464,2.78315768371374
"404","S_385_S62_L003",1.29398740351999,0.0557152780689088,0,"404","1","403",0.041848683847041,0.25733926000111,0.0975639619159498,1.39155136543594,2.23606797749979
"405","S_393_S135",1.29398740351999,-0.00326340589948476,0,"405","2","  2",-0.238180541588653,0.220732869331606,-0.241443947488138,1.05254345603185,NA
"406","S_397_S176",1.29398740351999,0.045824476686808,0,"406","1","404",-0.38027852106794,0.213600596235505,-0.334454044381132,0.959533359138854,1.18920711500272
"407","S_406_S140",1.29398740351999,0.177332704446644,0,"407","1","405",-0.0502794824175772,0.268606821704068,0.127053222029067,1.42104062554905,2.65914794847249
"408","S_407_S131",1.29398740351999,0.00999328347721207,0,"408","1","406",0.435277984469089,0.209613519399422,0.445271267946301,1.73925867146629,0
"409","S_413_S86_L003",1.29398740351999,0.0041730128340171,0,"409","1","407",0.222099080972543,0.219173155568212,0.22627209380656,1.52025949732655,0
"410","S_419_S1",1.29398740351999,-0.0933942936391858,0,"410","1","408",-0.0801477418185129,0.25051424379124,-0.173542035457699,1.12044536806229,1.49534878122122
"411","S_41_S124",1.29398740351999,0.0503990069275523,0,"411","1","409",0.0659165796504701,0.203844760032023,0.116315586578022,1.41030299009801,0
"412","S_440_S128",1.29398740351999,0.101256173247203,0,"412","1","410",-0.283144972362322,0.221395675046109,-0.181888799115118,1.11209860440487,0
"413","S_450_S135",1.29398740351999,0.0749626617615204,0,"413","1","411",0.246439119087273,0.202365063079203,0.321401780848793,1.61538918436878,0.840896415253715
"414","S_453_S63",1.29398740351999,0.000336121946853202,0,"414","1","412",-0.140293342707254,0.251915340568628,-0.139957220760401,1.15403018275958,0
"415","S_454_S71_L003",1.29398740351999,0.175138506835317,0,"415","1","413",0.354939431099951,0.280150909002503,0.530077937935268,1.82406534145525,2.54572989502183
"416","S_469_S119",1.29398740351999,0.00505937716462357,0,"416","1","414",0.558746503000286,0.269582840881171,0.56380588016491,1.8577932836849,2.89250760851908
"417","S_474_S89_L003",1.29398740351999,0.0765162361319401,0,"417","1","415",-0.556374152973342,0.21392507782205,-0.479857916841402,0.814129486678584,0
"418","S_481_S27_L003",1.29398740351999,0.142640140263908,0,"418","1","416",-0.242826219418966,0.225374737016452,-0.100186079155058,1.19380132436493,0.840896415253715
"419","S_487_S31",1.29398740351999,-0.0244271373408045,0,"419","1","417",-0.334626671973972,0.215741052065661,-0.359053809314777,0.934933594205209,1.49534878122122
"420","S_501_S43",1.29398740351999,0.046999498246892,0,"420","1","418",-0.1224436095767,0.232995169245062,-0.075444111329808,1.21854329219018,0
"421","S_509_S109",1.29398740351999,-0.181991041010501,0,"421","1","419",-0.274300424658857,0.226947155805915,-0.456291465669358,0.837695937850629,0
"422","S_515_S58",1.29398740351999,0.07171200736497,0,"422","1","420",-0.497652738637324,0.22043588692673,-0.425940731272354,0.868046672247632,0
"423","S_516_S138",1.29398740351999,0.0946336070259991,0,"423","1","421",-0.288053643462945,0.221483333495148,-0.193420036436946,1.10056736708304,0
"424","S_517_S20_L003",1.29398740351999,0.0942526729553255,0,"424","1","422",0.169814600687118,0.202317474121971,0.264067273642443,1.55805467716243,2.89250760851908
"425","S_522_S10",1.29398740351999,0.142648286944995,0,"425","1","423",0.359377333979111,0.26687685553128,0.502025620924106,1.79601302444409,2.34034731932072
"426","S_524_S33_L003",1.29398740351999,0.0707921582756972,0,"426","1","424",-0.433923025672174,0.231419445126824,-0.363130867396476,0.93085653612351,1.31607401295249
"427","S_528_S103",1.29398740351999,0.202196871864226,0,"427","1","425",0.111149600747558,0.268219325336414,0.313346472611784,1.60733387613177,2.34034731932072
"428","S_533_S68",1.29398740351999,0.229807591365178,0,"428","1","426",-0.22003950067588,0.236296768928205,0.00976809068929799,1.30375549420928,1.56508458007329
"429","S_537_S78_L003",1.29398740351999,0.18949533424287,0,"429","1","427",-0.0349874250231367,0.224132690759705,0.154507909219733,1.44849531273972,2.78315768371374
"430","S_545_S69",1.29398740351999,0.163362244651629,0,"430","1","428",0.0977472079242346,0.227622137145626,0.261109452575864,1.55509685609585,1.10668191970032
"431","S_565_S149",1.29398740351999,0.116543463975595,0,"431","1","429",0.270593140411079,0.225801944187657,0.387136604386675,1.68112400790666,2.05976714390712
"432","S_567_S165",1.29398740351999,0.109722742431656,0,"432","1","430",0.453765612596983,0.258157055582307,0.563488355028639,1.85747575854862,0
"433","S_574_S155",1.29398740351999,0.0567952605317715,0,"433","1","431",-0.489601848792208,0.216164639335376,-0.432806588260437,0.861180815259549,0
"434","S_591_S99",1.29398740351999,0.00493635144416697,0,"434","1","432",0.305915551483957,0.199339729895648,0.310851902928124,1.60483930644811,1.49534878122122
"435","S_5_S63_L003",1.29398740351999,0.0863748565902935,0,"435","1","433",0.186400411616944,0.219720049006559,0.272775268207238,1.56676267172722,2.51486685936587
"436","S_629_S113",1.29398740351999,0.0671845619392731,0,"436","1","434",0.0146438650914765,0.237728986852513,0.0818284270307495,1.37581583055074,1.77827941003892
"437","S_630_S51_L003",1.29398740351999,0.0504467832746316,0,"437","1","435",0.455886784018987,0.206742542035612,0.506333567293619,1.8003209708136,2.11474252688113
"438","S_631_S87_L003",1.29398740351999,0.0675847085373399,0,"438","1","436",0.336611669673923,0.206237843485588,0.404196378211263,1.69818378173125,1.96798967126543
"439","S_63_S170",1.29398740351999,-0.0198401823065617,0,"439","1","437",0.808728617413067,0.20153692831978,0.788888435106505,2.08287583862649,0
"440","S_640_S178",1.29398740351999,0.187782227182414,0,"440","1","438",-0.124577035248166,0.226629542025446,0.0632051919342489,1.35719259545423,0
"441","S_646_S142",1.29398740351999,0.182731790718449,0,"441","1","439",0.0464742003134759,0.29701218144855,0.229205991031925,1.52319339455191,1.25743342968294
"442","S_650_S129",1.29398740351999,0.0791520197722504,0,"442","1","440",0.0961732062481386,0.214087306596389,0.175325226020389,1.46931262954038,2.17793858734643
"443","S_653_S6",1.29398740351999,0.146681207020678,0,"443","1","441",0.378932323166835,0.212481126233028,0.525613530187513,1.8196009337075,2.34034731932072
"444","S_656_S181",1.29398740351999,0.176202697298961,0,"444","1","442",0.523014070563833,0.219977636993656,0.699216767862794,1.99320417138278,2.34034731932072
"445","S_657_S154",1.29398740351999,0.039392471220878,0,"445","1","443",0.203679612109959,0.208511621453381,0.243072083330837,1.53705948685082,2.23606797749979
"446","S_658_S33",1.29398740351999,0.166917923050222,0,"446","1","444",0.346744813776432,0.218577406913168,0.513662736826654,1.80765014034664,2.89250760851908
"447","S_65_S29_L003",1.29398740351999,0.0683619277800163,0,"447","1","445",0.488543409814947,0.204833962780304,0.556905337594963,1.85089274111495,2.11474252688113
"448","S_662_S98",1.29398740351999,0.0344597044806893,0,"448","1","446",0.225011625524849,0.198008048224967,0.259471330005538,1.55345873352552,0.840896415253715
"449","S_673_S40_L003",1.29398740351999,0.0347519170705067,0,"449","1","447",0.126866590097446,0.213238995135636,0.161618507167953,1.45560591068794,1.4142135623731
"450","S_674_S130",1.29398740351999,0.0529169814432225,0,"450","1","448",-0.165253114178144,0.217630911442865,-0.112336132734922,1.18165127078506,0
"451","S_679_S9",1.29398740351999,0.0248247292437073,0,"451","1","449",-0.327475801508765,0.196417496301997,-0.302651072265058,0.991336331254928,1.25743342968294
"452","S_685_S121",1.29398740351999,0.107314187181007,0,"452","1","450",-0.010250955593772,0.258023981580993,0.0970632315872353,1.39105063510722,1.31607401295249
"453","S_695_S46",1.29398740351999,-0.0148864118681677,0,"453","1","451",-0.106649154102788,0.258747294122636,-0.121535565970956,1.17245183754903,2.51486685936587
"454","S_696_S88",1.29398740351999,0.0127579952361795,0,"454","1","452",-0.347406605993365,0.20298667371054,-0.334648610757185,0.959338792762801,2.34034731932072
"455","S_706_S108",1.29398740351999,0.0122028786905036,0,"455","1","453",-0.100591428797157,0.284181708693587,-0.0883885501066534,1.20559885341333,1.25743342968294
"456","S_711_S50",1.29398740351999,0.139804775971532,0,"456","1","454",0.0569444210021501,0.236860576082713,0.196749196973682,1.49073660049367,1.49534878122122
"457","S_712_S136",1.29398740351999,0.0145327406322263,0,"457","1","455",0.200706444485309,0.233472040178782,0.215239185117536,1.50922658863752,1.45647531512197
"458","S_713_S163",1.29398740351999,0.0476938096836843,0,"458","1","456",-0.445182305191471,0.196929973699008,-0.397488495507787,0.896498908012199,1.77827941003892
"459","S_714_S34_L003",1.29398740351999,0.00962152493147155,0,"459","1","457",-0.128251099386382,0.267123468086734,-0.118629574454911,1.17535782906508,1.56508458007329
"460","S_726_S69_L003",1.29398740351999,0.187244975095804,0,"460","1","458",0.825293459635531,0.219086712604852,1.01253843473133,2.30652583825132,2.78315768371374
"461","S_733_S67_L003",1.29398740351999,0.0682056507779998,0,"461","1","459",0.250854107363079,0.265001761732653,0.319059758141079,1.61304716166106,1.25743342968294
"462","S_738_S39",1.29398740351999,0.0191601986980687,0,"462","1","460",0.680026560127874,0.218427028437591,0.699186758825943,1.99317416234593,1.56508458007329
"463","S_758_S128",1.29398740351999,-0.0857675167945274,0,"463","1","461",-0.0224492180224275,0.228085728683035,-0.108216734816955,1.18577066870303,2.65914794847249
"464","S_762_S173",1.29398740351999,-0.0388687755708578,0,"464","1","462",0.364595820765909,0.237687883249335,0.325727045195051,1.61971444871504,2.11474252688113
"465","S_764_S93_L003",1.29398740351999,0.186658113620429,0,"465","1","463",0.339381196348303,0.233513831822277,0.526039309968732,1.82002671348872,2.89250760851908
"466","S_765_S48",1.29398740351999,0.158317572700175,0,"466","1","464",0.169551997382415,0.25449340809481,0.327869570082589,1.62185697360258,1.31607401295249
"467","S_770_S57_L003",1.29398740351999,0.0571178532838553,0,"467","1","465",-0.563326476571128,0.199225001911466,-0.506208623287273,0.787778780232713,1.4142135623731
"468","S_772_S58_L003",1.29398740351999,-0.0979086743299978,0,"468","1","466",-0.820514389562735,0.20071726782096,-0.918423063892733,0.375564339627253,0
"469","S_779_S94_L003",1.29398740351999,-0.090855099999005,0,"469","1","467",-0.608256958021543,0.213554742727891,-0.699112058020548,0.594875345499438,0
"470","S_7_S141",1.29398740351999,0.030439068889024,0,"470","1","468",0.0867298230040442,0.199483634734971,0.117168891893068,1.41115629541305,1.31607401295249
"471","S_813_S44_L003",1.29398740351999,0.197106252512414,0,"471","1","469",0.666977586505088,0.228661066145695,0.864083839017503,2.15807124253749,2.23606797749979
"472","S_824_S40",1.29398740351999,0.165380060649797,0,"472","1","470",-0.281892323719296,0.216256375009309,-0.1165122630695,1.17747514045049,0
"473","S_825_S71",1.29398740351999,0.0557129501430667,0,"473","1","471",-0.0724261942503648,0.25117233943156,-0.0167132441072981,1.27727415941269,1.25743342968294
"474","S_826_S8_L003",1.29398740351999,0.109376016089213,0,"474","1","472",0.236881276141596,0.265853565533702,0.346257292230809,1.64024469575079,1.56508458007329
"475","S_837_S50_L003",1.29398740351999,0.0931960131530737,0,"475","1","473",0.109124935213746,0.26082901162903,0.20232094836682,1.49630835188681,2.65914794847249
"476","S_83_S14",1.29398740351999,-0.102019723299235,0,"476","1","474",-1.36596905692451,0.23942316040266,-1.46798878022374,0,0
"477","S_840_S88_L003",1.29398740351999,-0.0567487313000329,0,"477","1","475",-0.283885118988799,0.229557111665274,-0.340633850288832,0.953353553231154,1.77827941003892
"478","S_844_S151",1.29398740351999,0.118773346735979,0,"478","1","476",-0.116313079483037,0.256331195991338,0.00246026725294188,1.29644767077293,0
"479","S_85_S36_L003",1.29398740351999,-0.0612890758193902,0,"479","1","477",0.402468581791307,0.196399976640363,0.341179505971916,1.6351669094919,1.18920711500272
"480","S_861_S22_L003",1.29398740351999,0.033430669461099,0,"480","1","478",-0.65702776838392,0.219056595132991,-0.623597098922821,0.670390304597165,2.51486685936587
"481","S_865_S82",1.29398740351999,0.16801570242688,0,"481","1","479",-0.247089609316465,0.223896531264156,-0.0790739068895843,1.2149134966304,1.77827941003892
"482","S_879_S97",1.29398740351999,0.0638100090554786,0,"482","1","480",0.497542947806798,0.199564929730826,0.561352956862277,1.85534036038226,1.31607401295249
"483","S_87_S81",1.29398740351999,0.0231210210592503,0,"483","1","481",-0.467421685582252,0.208174523556071,-0.444300664523002,0.849686738996985,2.34034731932072
"484","S_885_S77",1.29398740351999,0.090667756548239,0,"484","1","482",0.252623102717026,0.20374751548727,0.343290859265265,1.63727826278525,0.840896415253715
"485","S_901_S136",1.29398740351999,0.114981808365754,0,"485","2","  3",-0.669365025075539,0.238960431079826,-0.554383216709785,0.739604186810201,NA
"486","S_932_S42_L003",1.29398740351999,-0.0764574163762046,0,"486","1","483",0.630012159756853,0.273929750946829,0.553554743380648,1.84754214690063,1.31607401295249
"487","S_961_S70_L003",1.29398740351999,0.0378001738776699,0,"487","1","484",0.28777014871058,0.230108006303861,0.32557032258825,1.61955772610824,2.63214802590498
"488","S_962_S42",1.29398740351999,-0.0995222836841753,0,"488","1","485",0.324738848903909,0.256083047470009,0.225216565219734,1.51920396873972,1.49534878122122
"489","S_972_S142",1.29398740351999,0.0608180113131726,0,"489","1","486",-0.561459843597292,0.209472086237879,-0.50064183228412,0.793345571235866,0
"490","S_978_S90",1.29398740351999,0.0549801264585674,0,"490","1","487",-0.366517951569351,0.196355044007197,-0.311537825110783,0.982449578409203,0
"491","S_983_S4",1.29398740351999,-0.0618500244885253,0,"491","1","488",-0.714195920283651,0.238915974154635,-0.776045944772177,0.51794145874781,0
"492","S_993_S55",1.29398740351999,0.173765275590173,0,"492","1","489",0.378611204250215,0.231777572307159,0.552376479840388,1.84636388336037,0.840896415253715
"493","NSW1201426",1.29398740351999,-0.210698038832536,0,"493","2","  4",0.197564949942291,0.150110333702326,-0.0131330888902444,1.28085431462974,NA
"494","NSW1212884",1.29398740351999,-0.227238600324423,0,"494","2","  5",-0.521876524542434,0.170062296822965,-0.749115124866857,0.544872278653129,NA
"495","NSW1200541",1.29398740351999,-0.043274687148387,0,"495","2","  6",0.0602934843396624,0.154352142367535,0.0170187971912754,1.31100620071126,NA
"496","NSW1190165",1.29398740351999,-0.198863725435052,0,"496","2","  7",-0.269813961262537,0.162247343490459,-0.468677686697589,0.825309716822397,NA
"497","NSW1166659",1.29398740351999,-0.0191148257277749,0,"497","2","  8",0.418130615302533,0.160900260622805,0.399015789574758,1.69300319309474,NA
"498","NSW1213025",1.29398740351999,-0.250904573057424,0,"498","2","  9",-0.724246381421855,0.15371956141562,-0.975150954479279,0.318836449040707,NA
"499","NSW1211446",1.29398740351999,-0.216437300422633,0,"499","2"," 10",0.362973876327795,0.137885671921751,0.146536575905161,1.44052397942515,NA
"500","NSW1200628",1.29398740351999,-0.184585809087579,0,"500","2"," 11",0.206532243843379,0.139275883975553,0.0219464347558009,1.31593383827579,NA
"501","NSW1166664",1.29398740351999,-0.0811102893207019,0,"501","2"," 12",0.549326760206693,0.155673929673299,0.468216470885991,1.76220387440598,NA
"502","NSW1213021",1.29398740351999,0.22845587610503,0,"502","2"," 13",0.430183782343105,0.220332565161252,0.658639658448135,1.95262706196812,NA
"503","NSW1201391",1.29398740351999,-0.177230182205683,0,"503","2"," 14",0.0634073641073542,0.183131927678225,-0.113822818098329,1.18016458542166,NA
"504","NSW1201419",1.29398740351999,-0.160595587533824,0,"504","2"," 15",0.0589755657705887,0.167360692111723,-0.101620021763236,1.19236738175675,NA
"505","NSW1201415",1.29398740351999,-0.110535625318608,0,"505","2"," 16",0.186195688634486,0.196560067000529,0.0756600633158784,1.36964746683586,NA
"506","NSW1200364",1.29398740351999,0.111707398548698,0,"506","2"," 17",0.0288747873708262,0.17397178694664,0.140582185919524,1.43456958943951,NA
"507","NSW1190167",1.29398740351999,-0.0297956850524595,0,"507","2"," 18",0.238995199988817,0.171223103327206,0.209199514936357,1.50318691845634,NA
"508","NSW1190204",1.29398740351999,0.0644470708271488,0,"508","2"," 19",-0.0851570828322687,0.143513639687252,-0.0207100120051199,1.27327739151487,NA
"509","NSW1200834",1.29398740351999,-0.08043549363784,0,"509","2"," 20",0.0666876017668352,0.193711012882445,-0.0137478918710048,1.28023951164898,NA
"510","NSW1200533",1.29398740351999,0.0562454579326374,0,"510","2"," 21",0.342174933694452,0.15470435364961,0.398420391627089,1.69240779514708,NA
"511","NSW1200414",1.29398740351999,-0.0647090893414191,0,"511","2"," 22",-0.288181414596181,0.147191487416473,-0.3528905039376,0.941096899582386,NA
"512","NSW1200759",1.29398740351999,0.113184864995451,0,"512","2"," 23",-0.242658821782179,0.214811131910075,-0.129473956786728,1.16451344673326,NA
"513","NSW1212889",1.29398740351999,-0.210625569655031,0,"513","2"," 24",-0.0982337751195252,0.165635338874792,-0.308859344774556,0.98512805874543,NA
"514","NSW1211427",1.29398740351999,0.113801856951145,0,"514","2"," 25",-0.113902399151216,0.15733219756443,-0.00010054220007108,1.29388686131992,NA
"515","NSW1200379",1.29398740351999,-0.225278277524853,0,"515","2"," 26",-0.34524565038421,0.135610477454235,-0.570523927909063,0.723463475610923,NA
"516","NSW1211455",1.29398740351999,-0.178249919968925,0,"516","2"," 27",0.128731563999459,0.175397381011198,-0.0495183559694661,1.24446904755052,NA
"517","NSW1213033",1.29398740351999,0.0143309085461895,0,"517","2"," 28",-0.0572898745154048,0.170365244108455,-0.0429589659692152,1.25102843755077,NA
"518","NSW1212980",1.29398740351999,-0.0275607278335283,0,"518","2"," 29",0.252346125573903,0.16172808111256,0.224785397740375,1.51877280126036,NA
"519","NSW1190213",1.29398740351999,-0.241767630867424,0,"519","2"," 30",0.668185075227486,0.158844554880409,0.426417444360063,1.72040484788005,NA
"520","NSW1201416",1.29398740351999,-0.165755382720346,0,"520","2"," 31",-0.577300004871572,0.166131202450748,-0.743055387591918,0.550932015928068,NA
"521","NSW1200418",1.29398740351999,-0.0260321661561916,0,"521","2"," 32",0.32645516612317,0.213436881446427,0.300422999966978,1.59441040348696,NA
"522","NSW1211456",1.29398740351999,-0.0802145564304239,0,"522","2"," 33",-0.243453561803097,0.1540552078365,-0.323668118233521,0.970319285286465,NA
"523","NSW1211564",1.29398740351999,-0.114128326260265,0,"523","2"," 34",-0.0467213185388611,0.20470312336441,-0.160849644799127,1.13313775872086,NA
"524","NSW1213016",1.29398740351999,0.152619180851837,0,"524","2"," 35",-0.231877524783806,0.187337226203192,-0.0792583439319695,1.21472905958802,NA
"525","NSW1211583",1.29398740351999,0.00590601001172253,0,"525","2"," 36",0.116910137609916,0.186169896004612,0.122816147621639,1.41680355114162,NA
"526","NSW1200839",1.29398740351999,-0.08043549363784,0,"526","2"," 37",0.0666876017668352,0.193711012882445,-0.0137478918710048,1.28023951164898,NA
"527","NSW1211565",1.29398740351999,-0.183654053504381,0,"527","2"," 38",-0.248499693222196,0.163285722540316,-0.432153746726577,0.861833656793409,NA
"528","NSW1200425",1.29398740351999,0.0737061222797192,0,"528","2"," 39",-0.0490336415556866,0.160082585426097,0.0246724807240326,1.31865988424402,NA
"529","NSW1200662",1.29398740351999,-0.0510947860344468,0,"529","2"," 40",-0.0899167489084967,0.168487533032307,-0.141011534942944,1.15297586857704,NA
"530","NSW1166655",1.29398740351999,-0.0782046142152851,0,"530","2"," 41",-0.272677130357769,0.161287833636325,-0.350881744573054,0.943105658946932,NA
"531","NSW1212948",1.29398740351999,-0.0397898804489854,0,"531","2"," 42",0.287109346536467,0.174402555129709,0.247319466087482,1.54130686960747,NA
"532","NSW1200528",1.29398740351999,-0.163536596693878,0,"532","2"," 43",-0.21957938280495,0.161439816533672,-0.383115979498828,0.910871424021158,NA
"533","NSW1200563",1.29398740351999,-0.144713397318796,0,"533","2"," 44",0.343996553885213,0.200529941175782,0.199283156566416,1.4932705600864,NA
"534","NSW1200351",1.29398740351999,0.104286670729724,0,"534","2"," 45",-0.712291875819343,0.151951818958544,-0.608005205089619,0.685982198430367,NA
"535","NSW1213015",1.29398740351999,-0.0778013418366033,0,"535","2"," 46",0.50769233284576,0.138480006085431,0.429890991009157,1.72387839452914,NA
"536","NSW1200394",1.29398740351999,-0.0806259491731882,0,"536","2"," 47",0.42296728794624,0.160196529237158,0.342341338773052,1.63632874229304,NA
"537","NSW1213011",1.29398740351999,-0.190670519700084,0,"537","2"," 48",0.101166556337341,0.188098701301297,-0.0895039633627433,1.20448344015724,NA
"538","NSW1200664",1.29398740351999,0.0126625338855439,0,"538","2"," 49",0.156200327092868,0.180906727033475,0.168862860978412,1.4628502644984,NA
"539","NSW1201655",1.29398740351999,-0.114678075694435,0,"539","2"," 50",-0.0719471681390984,0.147535411496261,-0.186625243833533,1.10736215968645,NA
"540","NSW1200536",1.29398740351999,-0.061095976297362,0,"540","2"," 51",0.0851326832215635,0.153921266929669,0.0240367069242015,1.31802411044419,NA
"541","NSW1212943",1.29398740351999,0.0589478338495083,0,"541","2"," 52",-0.31797564839756,0.162394493546071,-0.259027814548052,1.03495958897193,NA
"542","NSW1200559",1.29398740351999,-0.0693528019526901,0,"542","2"," 53",0.35083700169584,0.150790841523615,0.28148419974315,1.57547160326314,NA
"543","NSW1200558",1.29398740351999,-0.216260228725561,0,"543","2"," 54",0.219944114427497,0.127128638895453,0.00368388570193631,1.29767128922192,NA
"544","NSW1200524",1.29398740351999,-0.0340282401999258,0,"544","2"," 55",-0.362836250265659,0.160971491011141,-0.396864490465585,0.897122913054401,NA
"545","NSW1212795",1.29398740351999,-0.0512814348134322,0,"545","2"," 56",0.00151460477237747,0.17669040361331,-0.0497668300410548,1.24422057347893,NA
"546","NSW1200787",1.29398740351999,-0.148143905288885,0,"546","2"," 57",0.253148370203786,0.164465075033621,0.105004464914901,1.39899186843489,NA
"547","NSW1200776",1.29398740351999,-0.0252664293073058,0,"547","2"," 58",-0.227012970234776,0.165231997683795,-0.252279399542082,1.0417080039779,NA
"548","NSW1190216",1.29398740351999,-0.183048733353872,0,"548","2"," 59",-0.168194754190361,0.176673305113302,-0.351243487544232,0.942743915975754,NA
"549","NSW1201495",1.29398740351999,-0.0159492954867802,0,"549","2"," 60",-0.357217263870827,0.176012432504772,-0.373166559357608,0.920820844162379,NA
"550","NSW1211582",1.29398740351999,0.108964695565289,0,"550","2"," 61",-0.325403868560209,0.157161343212767,-0.21643917299492,1.07754823052507,NA
"551","NSW1200362",1.29398740351999,-0.208348823998905,0,"551","2"," 62",-0.477048306163328,0.146104544713249,-0.685397130162233,0.608590273357753,NA
"552","NSW1212987",1.29398740351999,0.0713631299307818,0,"552","2"," 63",-0.295903729406113,0.213098588720126,-0.224540599475331,1.06944680404465,NA
"553","NSW1190194",1.29398740351999,-0.032445898228238,0,"553","2"," 64",0.285231306930115,0.179262335198465,0.252785408701877,1.54677281222186,NA
"554","NSW1213030",1.29398740351999,0.0668322135680389,0,"554","2"," 65",0.622131772692795,0.160545083844553,0.688963986260834,1.98295138978082,NA
"555","NSW1190199",1.29398740351999,0.0482290869161187,0,"555","2"," 66",-0.144302145872588,0.207752346130801,-0.0960730589564689,1.19791434456352,NA
"556","NSW1200372",1.29398740351999,-0.200041650166753,0,"556","2"," 67",-0.161003476154687,0.15613072512716,-0.36104512632144,0.932942277198546,NA
"557","NSW1211445",1.29398740351999,-0.0206799695162584,0,"557","2"," 68",0.155561974784387,0.149466372950841,0.134882005268128,1.42886940878811,NA
"558","NSW1211558",1.29398740351999,-0.154405533474091,0,"558","2"," 69",-0.118722634242453,0.171012999184144,-0.273128167716544,1.02085923580344,NA
"559","NSW1200764",1.29398740351999,-0.0991465327401466,0,"559","2"," 70",-0.0763622387838281,0.195289794128834,-0.175508771523975,1.11847863199601,NA
"560","NSW1200848",1.29398740351999,-0.0452431310017442,0,"560","2"," 71",-0.251624157852921,0.152652830999476,-0.296867288854665,0.997120114665321,NA
"561","NSW1200661",1.29398740351999,-0.153637417728677,0,"561","2"," 72",0.00899557094633635,0.168906700386984,-0.144641846782341,1.14934555673765,NA
"562","NSW1211440",1.29398740351999,-0.0319372179717522,0,"562","2"," 73",-0.423647032057815,0.155676292759686,-0.455584250029567,0.838403153490419,NA
"563","NSW1200356",1.29398740351999,0.116242974960526,0,"563","2"," 74",0.58278995852365,0.199801698067747,0.699032933484176,1.99302033700416,NA
"564","NSW1212992",1.29398740351999,0.105851624092862,0,"564","2"," 75",-0.535554486295301,0.148001324579553,-0.429702862202439,0.864284541317547,NA
"565","NSW1200905",1.29398740351999,0.109049936462988,0,"565","2"," 76",-0.0246495501130329,0.174377016892701,0.0844003863499548,1.37838778986994,NA
"566","NSW1200357",1.29398740351999,0.128275179268741,0,"566","2"," 77",-0.0593914577660154,0.160247387859776,0.0688837215027255,1.36287112502271,NA
"567","NSW1200799",1.29398740351999,-0.162942078314723,0,"567","2"," 78",-0.136294852680798,0.178071932495527,-0.299236930995521,0.994750472524465,NA
"568","NSW1166442",1.29398740351999,-0.063044831791905,0,"568","2"," 79",0.0555827675657142,0.169247644350746,-0.00746206422619079,1.2865253392938,NA
"569","NSW1200539",1.29398740351999,0.0076168999190402,0,"569","2"," 80",-0.6146396073981,0.14958351755497,-0.60702270747906,0.686964696040926,NA
"570","NSW1200543",1.29398740351999,0.0692144233742656,0,"570","2"," 81",-0.197381523569491,0.21266633471912,-0.128167100195226,1.16582030332476,NA
"571","NSW1200529",1.29398740351999,0.135892412865062,0,"571","2"," 82",0.0478067914890623,0.182407632458565,0.183699204354125,1.47768660787411,NA
"572","NSW1212866",1.29398740351999,0.109190447248544,0,"572","2"," 83",-0.154160554852685,0.179172595619041,-0.0449701076041412,1.24901729591584,NA
"573","NSW1200873",1.29398740351999,-0.0336507731907726,0,"573","2"," 84",0.0362779806071329,0.165134370257595,0.00262720741636031,1.29661461093635,NA
"574","NSW1211541",1.29398740351999,-0.209348630507095,0,"574","2"," 85",0.265536883009199,0.191927409775164,0.0561882525021039,1.35017565602209,NA
"575","NSW1190198",1.29398740351999,0.0204976703081407,0,"575","2"," 86",0.525092258988407,0.19217352818621,0.545589929296548,1.83957733281653,NA
"576","NSW1213013",1.29398740351999,-0.216707703785524,0,"576","2"," 87",0.254167597648631,0.157086178098408,0.0374598938631076,1.33144729738309,NA
"577","NSW1212970",1.29398740351999,0.026839707275425,0,"577","2"," 88",-0.0858754579619355,0.178065983415201,-0.0590357506865105,1.23495165283348,NA
"578","NSW1212997",1.29398740351999,0.175136704075945,0,"578","2"," 89",-0.328262770751964,0.185951162545634,-0.153126066676019,1.14086133684397,NA
"579","NSW1211508",1.29398740351999,-0.00473694484556544,0,"579","2"," 90",-0.0523157935758332,0.149644723468342,-0.0570527384213987,1.23693466509859,NA
"580","NSW1211552",1.29398740351999,-0.164020468244277,0,"580","2"," 91",0.0495698690336631,0.154542934989895,-0.114450599210614,1.17953680430937,NA
"581","NSW1211442",1.29398740351999,0.0542352632162859,0,"581","2"," 92",0.45120787297205,0.151798446573155,0.505443136188336,1.79943053970832,NA
"582","NSW1211451",1.29398740351999,-0.132501044153268,0,"582","2"," 93",0.164670784725031,0.173619422628346,0.0321697405717622,1.32615714409175,NA
"583","NSW1194456",1.29398740351999,-0.0162761196383618,0,"583","2"," 94",0.105756569153496,0.163044103879499,0.0894804495151341,1.38346785303512,NA
"584","NSW1211546",1.29398740351999,0.0415449589198722,0,"584","2"," 95",0.0262576629692642,0.199360049856292,0.0678026218891364,1.36179002540912,NA
"585","NSW1213001",1.29398740351999,0.138925023375484,0,"585","2"," 96",0.28350837195613,0.22958427421796,0.422433395331615,1.7164207988516,NA
"586","NSW1201431",1.29398740351999,0.117280627265817,0,"586","2"," 97",0.503258631463192,0.188756336248104,0.620539258729009,1.914526662249,NA
"587","NSW1211568",1.29398740351999,0.0615700336056314,0,"587","2"," 98",0.209490338199,0.130027971373001,0.271060371804631,1.56504777532462,NA
"588","NSW1211441",1.29398740351999,-0.11728352470083,0,"588","2"," 99",0.149342635962605,0.207584956609826,0.032059111261775,1.32604651478176,NA
"589","NSW1190206",1.29398740351999,-0.0943313041599328,0,"589","2","100",0.371256378733826,0.193529651819052,0.276925074573893,1.57091247809388,NA
"590","NSW1200389",1.29398740351999,-0.232615499686571,0,"590","2","101",0.195816289092775,0.129782100118519,-0.036799210593796,1.25718819292619,NA
"591","NSW1211534",1.29398740351999,-0.0348698129014522,0,"591","2","102",0.281034523621607,0.18061822445828,0.246164710720155,1.54015211424014,NA
"592","NSW1200346",1.29398740351999,0.064402304332011,0,"592","2","103",0.173879814601307,0.168260813121842,0.238282118933318,1.5322695224533,NA
"593","NSW1200505",1.29398740351999,-0.168834402091555,0,"593","2","104",0.193916716102475,0.150158753509383,0.0250823140109203,1.31906971753091,NA
"594","NSW1200511",1.29398740351999,-0.0395955398012322,0,"594","2","105",0.446051057213242,0.162229115610907,0.40645551741201,1.700442920932,NA
"595","NSW1212790",1.29398740351999,0.0986914445206417,0,"595","2","106",0.0576026911500142,0.193776808788227,0.156294135670656,1.45028153919064,NA
"596","NSW1200361",1.29398740351999,0.0873269434252101,0,"596","2","107",-0.159479460062715,0.145943135293987,-0.0721525166375045,1.22183488688248,NA
"597","NSW1200514",1.29398740351999,-0.0383401925120651,0,"597","2","108",-0.266674295070069,0.175339129817094,-0.305014487582134,0.988972915937852,NA
"598","NSW1200774",1.29398740351999,-0.211197748210631,0,"598","2","109",0.240689937535621,0.164891877197912,0.0294921893249905,1.32347959284498,NA
"599","NSW1212985",1.29398740351999,-0.0123900389784112,0,"599","2","110",0.316499321954846,0.171123526250335,0.304109282976434,1.59809668649642,NA
"600","NSW1201411",1.29398740351999,-0.1607830514347,0,"600","2","111",-0.1675171817999,0.165685310926483,-0.3283002332346,0.965687170285386,NA
"601","NSW1200352",1.29398740351999,-0.15542072625553,0,"601","2","112",0.279966843771973,0.206426463521533,0.124546117516443,1.41853352103643,NA
"602","NSW1211570",1.29398740351999,-0.117842951673773,0,"602","2","113",0.355265550394187,0.189569413586327,0.237422598720414,1.5314100022404,NA
"603","NSW1200549",1.29398740351999,0.0855323453154646,0,"603","2","114",-0.00155465087777236,0.157603061043217,0.0839776944376922,1.37796509795768,NA
"604","NSW1200384",1.29398740351999,-0.0688522090980416,0,"604","2","115",0.174858182002504,0.183722023423495,0.106005972904463,1.39999337642445,NA
"605","NSW1211577",1.29398740351999,-0.0620652120261605,0,"605","2","116",0.318208351016872,0.168853720345193,0.256143138990712,1.5501305425107,NA
"606","NSW1200347",1.29398740351999,0.129413843886223,0,"606","2","117",-0.287357617684695,0.168435867948624,-0.157943773798472,1.13604362972151,NA
"607","NSW1200829",1.29398740351999,-0.08043549363784,0,"607","2","118",0.0666876017668352,0.193711012882445,-0.0137478918710048,1.28023951164898,NA
"608","NSW1200657",1.29398740351999,-0.0882707170826973,0,"608","2","119",0.273095803014701,0.150775667836276,0.184825085932004,1.47881248945199,NA
"609","NSW1212977",1.29398740351999,-0.0172084473180474,0,"609","2","120",-0.128477133913029,0.20145408839724,-0.145685581231076,1.14830182228891,NA
"610","NSW1201414",1.29398740351999,-0.216618687287117,0,"610","2","121",-0.0891592895970552,0.152790411949267,-0.305777976884172,0.988209426635814,NA
"611","NSW1200509",1.29398740351999,0.127253697610175,0,"611","2","122",-0.335174190659388,0.166723368870649,-0.207920493049214,1.08606691047077,NA
"612","NSW1200521",1.29398740351999,-0.0518167784477684,0,"612","2","123",0.392583338144105,0.150404789302278,0.340766559696337,1.63475396321632,NA
"613","NSW1201631",1.29398740351999,-0.162942078314723,0,"613","2","124",-0.136294852680798,0.178071932495527,-0.299236930995521,0.994750472524465,NA
"614","NSW1212856",1.29398740351999,-0.0421771592918914,0,"614","2","125",-0.0337338467925615,0.180477710134029,-0.0759110060844528,1.21807639743553,NA
"615","NSW1200647",1.29398740351999,0.119739501271066,0,"615","2","126",0.256201808533833,0.159107115973764,0.375941309804899,1.66992871332489,NA
"616","NSW1201396",1.29398740351999,-0.229183011939132,0,"616","2","127",-0.0116479099311586,0.154788708599761,-0.24083092187029,1.0531564816497,NA
"617","NSW1200554",1.29398740351999,-0.0611958466661399,0,"617","2","128",0.258784516026387,0.158092481811712,0.197588669360247,1.49157607288023,NA
"618","NSW1200544",1.29398740351999,-0.0424866017082799,0,"618","2","129",-0.114773301156883,0.146980598520698,-0.157259902865163,1.13672750065482,NA
"619","NSW1200429",1.29398740351999,0.0941723295533806,0,"619","2","130",0.0949968216678389,0.227152878868765,0.18916915122122,1.48315655474121,NA
"620","NSW1190190",1.29398740351999,-0.223346986464972,0,"620","2","131",0.111595455971151,0.144160326859382,-0.111751530493821,1.18223587302617,NA
"621","NSW1200428",1.29398740351999,-0.0948800229812417,0,"621","2","132",0.144504761542686,0.171754011296646,0.0496247385614442,1.34361214208143,NA
"622","NSW1190183",1.29398740351999,-0.202971390358925,0,"622","2","133",-0.083025894657691,0.167450088480607,-0.285997285016616,1.00799011850337,NA
"623","NSW1201400",1.29398740351999,-0.143354374823902,0,"623","2","134",-0.131825611038586,0.167204873716334,-0.275179985862489,1.0188074176575,NA
"624","NSW1166447",1.29398740351999,0.0600218286627023,0,"624","2","135",-0.222762726153819,0.174835951469758,-0.162740897491116,1.13124650602887,NA
"625","NSW1190182",1.29398740351999,-0.182210435170819,0,"625","2","136",-0.0209030984898214,0.172331545112243,-0.203113533660641,1.09087386985935,NA
"626","NSW1200666",1.29398740351999,-0.153637417728677,0,"626","2","137",0.00899557094633635,0.168906700386984,-0.144641846782341,1.14934555673765,NA
"627","NSW1190168",1.29398740351999,-0.179502904729133,0,"627","2","138",0.215439151836224,0.182750203320904,0.0359362471070914,1.32992365062708,NA
"628","NSW1201641",1.29398740351999,-0.162942078314723,0,"628","2","139",-0.136294852680798,0.178071932495527,-0.299236930995521,0.994750472524465,NA
"629","NSW1194450",1.29398740351999,-0.174822355382537,0,"629","2","140",0.357290227033827,0.15520712986495,0.18246787165129,1.47645527517128,NA
"630","NSW1211020",1.29398740351999,0.233146070246078,0,"630","2","141",-0.4065920518664,0.215206982943019,-0.173445981620322,1.12054142189966,NA
"631","NSW1200545",1.29398740351999,0.0681453398915435,0,"631","2","142",-0.148466022332431,0.147259191052168,-0.0803206824408876,1.2136667210791,NA
"632","NSW1200373",1.29398740351999,-0.0293540062095971,0,"632","2","143",-0.0846174693761712,0.166986327790997,-0.113971475585768,1.18001592793422,NA
"633","NSW1211526",1.29398740351999,-0.00134414120003856,0,"633","2","144",0.256638643829459,0.160049881297515,0.255294502629421,1.54928190614941,NA
"634","NSW1212995",1.29398740351999,-0.193052049340397,0,"634","2","145",-0.151987986802761,0.183680137897902,-0.345040036143158,0.948947367376828,NA
"635","NSW1212990",1.29398740351999,-0.0237413823142988,0,"635","2","146",0.179380875084504,0.204053210085928,0.155639492770205,1.44962689629019,NA
"636","NSW1190212",1.29398740351999,-0.0140418806899879,0,"636","2","147",0.161577463630437,0.170317655467402,0.147535582940449,1.44152298646044,NA
"637","NSW1200895",1.29398740351999,0.109075254659267,0,"637","2","148",-0.319615421713525,0.159000316179534,-0.210540167054258,1.08344723646573,NA
"638","NSW1211539",1.29398740351999,-0.0114898753522926,0,"638","2","149",-0.31820151390859,0.157939413005299,-0.329691389260883,0.964296014259103,NA
"639","NSW1200817",1.29398740351999,-0.231838414028365,0,"639","2","150",0.0631639433451909,0.175850426716452,-0.168674470683175,1.12531293283681,NA
"640","NSW1200388",1.29398740351999,-0.0217554811705432,0,"640","2","151",0.292363998403735,0.164985320994343,0.270608517233191,1.56459592075318,NA
"641","NSW1200807",1.29398740351999,-0.043883273428029,0,"641","2","152",0.683648937384647,0.163008924192119,0.639765663956618,1.9337530674766,NA
"642","NSW1200420",1.29398740351999,-0.0402865813281355,0,"642","2","153",-0.404957234240071,0.181765643449647,-0.445243815568206,0.84874358795178,NA
"643","NSW1213005",1.29398740351999,-0.218173235115034,0,"643","2","154",-0.184092039246428,0.140942282767168,-0.402265274361461,0.891722129158525,NA
"644","NSW1211533",1.29398740351999,-0.17765509174928,0,"644","2","155",0.0468891350888527,0.183577626047412,-0.130765956660427,1.16322144685956,NA
"645","NSW1212991",1.29398740351999,0.0287171284408281,0,"645","2","156",0.309636882189789,0.224825214919987,0.338354010630617,1.6323414141506,NA
"646","NSW1201650",1.29398740351999,-0.0557973309311682,0,"646","2","157",-0.069393000549114,0.147629797723791,-0.125190331480282,1.1687970720397,NA
"647","NSW1213020",1.29398740351999,0.102739007201259,0,"647","2","158",-0.251607397379594,0.150118442521477,-0.148868390178335,1.14511901334165,NA
"648","NSW1190163",1.29398740351999,-0.172166324427518,0,"648","2","159",0.148279275114049,0.145591221712186,-0.0238870493134692,1.27010035420652,NA
"649","NSW1200466",1.29398740351999,-0.0644752544905071,0,"649","2","160",-0.359414954348561,0.134390499584196,-0.423890208839068,0.870097194680918,NA
"650","NSW1200623",1.29398740351999,0.0212307511245232,0,"650","2","161",0.354515830712067,0.199756259737903,0.37574658183659,1.66973398535658,NA
"651","NSW1211511",1.29398740351999,-0.25220894877865,0,"651","2","162",-0.123638044113399,0.1246534355293,-0.375846992892049,0.918140410627937,NA
"652","NSW1200371",1.29398740351999,-0.190471883326943,0,"652","2","163",0.190611004487271,0.158628401405079,0.000139121160328132,1.29412652468031,NA
"653","NSW1211592",1.29398740351999,-0.0379279297804417,0,"653","2","164",-0.333370000431232,0.157594522662661,-0.371297930211673,0.922689473308313,NA
"654","NSW1212785",1.29398740351999,-0.157965325267508,0,"654","2","165",0.133660774036743,0.182189944115185,-0.0243045512307652,1.26968285228922,NA
"655","NSW1201616",1.29398740351999,-0.162942078314723,0,"655","2","166",-0.136294852680798,0.178071932495527,-0.299236930995521,0.994750472524465,NA
"656","NSW1212959",1.29398740351999,0.00980309731859488,0,"656","2","167",-0.00211982521375786,0.186353371822811,0.00768327210483702,1.30167067562482,NA
"657","NSW1213034",1.29398740351999,0.1458107301653,0,"657","2","168",-0.14362112202918,0.168803329006277,0.00218960813612004,1.29617701165611,NA
"658","NSW1211561",1.29398740351999,-0.108077473521344,0,"658","2","169",-0.0427833345321684,0.202722128724442,-0.150860808053512,1.14312659546647,NA
"659","NSW1211542",1.29398740351999,-0.0431412300685616,0,"659","2","170",-0.0947319931803296,0.178978258970009,-0.137873223248891,1.15611418027109,NA
"660","NSW1200803",1.29398740351999,-0.0132294508832693,0,"660","2","171",-0.0917306322089872,0.169966194326383,-0.104960083092257,1.18902732042773,NA
"661","NSW1211578",1.29398740351999,-0.177774590979582,0,"661","2","172",0.28233976801152,0.182996479307846,0.104565177031938,1.39855258055192,NA
"662","NSW1190217",1.29398740351999,-0.0131069575043159,0,"662","2","173",0.457045301769189,0.1871049757664,0.443938344264873,1.73792574778486,NA
"663","NSW1211562",1.29398740351999,-0.177521792750143,0,"663","2","174",-0.0687685432541372,0.161311019521172,-0.24629033600428,1.04769706751571,NA
"664","NSW1200672",1.29398740351999,-0.108933974405264,0,"664","2","175",-0.134207385160372,0.149024634681677,-0.243141359565636,1.05084604395435,NA
"665","NSW1201375",1.29398740351999,-0.162942078314723,0,"665","2","176",-0.136294852680798,0.178071932495527,-0.299236930995521,0.994750472524465,NA
"666","NSW1212972",1.29398740351999,0.0450184643509547,0,"666","2","177",-0.55463941431456,0.18927699930532,-0.509620949963605,0.784366453556381,NA
"667","NSW1212982",1.29398740351999,0.149320660193537,0,"667","2","178",0.062661068902949,0.199748443529717,0.211981729096486,1.50596913261647,NA
"668","NSW1166596",1.29398740351999,-0.114131511774778,0,"668","2","179",0.180503393912357,0.155698425915406,0.066371882137579,1.36035928565757,NA
"669","NSW1190191",1.29398740351999,-0.0766164147474211,0,"669","2","180",-0.279295084999257,0.183462054232972,-0.355911499746678,0.938075903773308,NA
"670","NSW1200360",1.29398740351999,0.113739650228228,0,"670","2","181",-0.289528302236835,0.191191329036727,-0.175788652008607,1.11819875151138,NA
"671","NSW1200363",1.29398740351999,0.0332297247108273,0,"671","2","182",-0.053938102661963,0.183814370161673,-0.0207083779511357,1.27327902556885,NA
"672","NSW1212979",1.29398740351999,0.0808868522210632,0,"672","2","183",-0.0422702813413097,0.171321508153272,0.0386165708797534,1.33260397439974,NA
"673","NSW1190208",1.29398740351999,-0.186761527434096,0,"673","2","184",-0.222131846692786,0.155326801070198,-0.408893374126882,0.885094029393104,NA
"674","NSW1200358",1.29398740351999,-0.0968176619349898,0,"674","2","185",0.485607773004473,0.192823682110149,0.388790111069484,1.68277751458947,NA
"675","NSW1190192",1.29398740351999,-0.0549870566251675,0,"675","2","186",0.0368563476629479,0.186642503507503,-0.0181307089622195,1.27585669455777,NA
"676","NSW1211584",1.29398740351999,-0.043117915178461,0,"676","2","187",0.50708370974617,0.156831887658118,0.463965794567709,1.7579531980877,NA
"677","NSW1200622",1.29398740351999,-0.0620389487723088,0,"677","2","188",-0.336612573714953,0.149181789802891,-0.398651522487261,0.895335881032725,NA
"678","NSW1211430",1.29398740351999,0.102514314668761,0,"678","2","189",0.00576954303031172,0.215244347669949,0.108283857699072,1.40227126121906,NA
"679","NSW1200777",1.29398740351999,-0.043117915178461,0,"679","2","190",0.50708370974617,0.156831887658118,0.463965794567709,1.7579531980877,NA
"680","NSW1211426",1.29398740351999,-0.237479536415478,0,"680","2","191",-0.251514911156288,0.187973800403781,-0.488994447571766,0.80499295594822,NA
"681","NSW1211450",1.29398740351999,-0.221248108752601,0,"681","2","192",-0.0879712166180149,0.146209975225702,-0.309219325370616,0.984768078149371,NA
"682","NSW1201381",1.29398740351999,-0.116520115687491,0,"682","2","193",-0.486107300282363,0.175791579957269,-0.602627415969855,0.691359987550131,NA
"683","NSW1211527",1.29398740351999,0.111920863367393,0,"683","2","194",-0.208495013376661,0.160462619930699,-0.0965741500092687,1.19741325351072,NA
"684","NSW1194457",1.29398740351999,-0.10281456766375,0,"684","2","195",-0.208104886294366,0.196717932497413,-0.310919453958116,0.98306794956187,NA
"685","NSW1213006",1.29398740351999,-0.161538705109957,0,"685","2","196",0.258266550372568,0.161738876461186,0.0967278452626111,1.3907152487826,NA
"686","NSW1190187",1.29398740351999,-0.0519648921953611,0,"686","2","197",0.180121902719564,0.160367423501814,0.128157010524203,1.42214441404419,NA
"687","NSW1213010",1.29398740351999,-0.0424741496983945,0,"687","2","198",-0.390797376330914,0.157313799093188,-0.433271526029309,0.860715877490678,NA
"688","NSW1201425",1.29398740351999,-0.0541537010878068,0,"688","2","199",-0.214476432997623,0.177718375595616,-0.26863013408543,1.02535726943456,NA
"689","NSW1200504",1.29398740351999,-0.161940217565728,0,"689","2","200",0.0974125837886188,0.16862710384211,-0.0645276337771092,1.22945976974288,NA
"690","NSW1200920",1.29398740351999,-0.161393537378769,0,"690","2","201",0.122367543776015,0.164283241820412,-0.039025993602754,1.25496140991723,NA
"691","NSW1200341",1.29398740351999,-0.0811564088369763,0,"691","2","202",-0.177178838882224,0.153652880183302,-0.2583352477192,1.03565215580079,NA
"692","NSW1200337",1.29398740351999,-0.181278829585502,0,"692","2","203",-0.0291086772686991,0.152239871446333,-0.210387506854201,1.08359989666578,NA
"693","NSW1212988",1.29398740351999,0.0883664393743324,0,"693","2","204",0.290200938845868,0.188939360992771,0.378567378220201,1.67255478174019,NA
"694","NSW1201430",1.29398740351999,0.0102572827524751,0,"694","2","205",0.351473806287184,0.189131549804581,0.36173108903966,1.65571849255965,NA
"695","NSW1200824",1.29398740351999,-0.208264084514842,0,"695","2","206",0.165077347642252,0.149669940732608,-0.0431867368725902,1.2508006666474,NA
"696","NSW1212969",1.29398740351999,-0.158178716996922,0,"696","2","207",-0.152274996404864,0.167212416762145,-0.310453713401786,0.9835336901182,NA
"697","NSW1190200",1.29398740351999,-0.0104303797486752,0,"697","2","208",-0.178413636880652,0.168235810089919,-0.188844016629327,1.10514338689066,NA
"698","NSW1210993",1.29398740351999,-0.187815423505526,0,"698","2","209",0.142780545070283,0.169466740295084,-0.0450348784352438,1.24895252508474,NA
"699","NSW1211586",1.29398740351999,0.119865525833826,0,"699","2","210",-0.129147444704807,0.155148846621,-0.0092819188709807,1.28470548464901,NA
"700","NSW1201409",1.29398740351999,-0.039988483908109,0,"700","2","211",-0.203813395587363,0.167953064150868,-0.243801879495472,1.05018552402451,NA
"701","NSW1200853",1.29398740351999,-0.0643502186057604,0,"701","2","212",-0.426370350541839,0.147316044948313,-0.490720569147599,0.803266834372387,NA
"702","NSW1212960",1.29398740351999,-0.210135312157037,0,"702","2","213",-0.00835910904961886,0.172079227601534,-0.218494421206656,1.07549298231333,NA
"703","NSW1200607",1.29398740351999,-0.0608058692975811,0,"703","2","214",-0.528097623992432,0.158092229034346,-0.588903493290013,0.705083910229973,NA
"704","NSW1212957",1.29398740351999,-0.18033641994723,0,"704","2","215",-0.311803134224249,0.192703142607348,-0.492139554171479,0.801847849348507,NA
"705","NSW1212983",1.29398740351999,-0.21933137714639,0,"705","2","216",0.0578326576137794,0.181320340790867,-0.16149871953261,1.13248868398738,NA
"706","NSW1166654",1.29398740351999,-0.231144902298266,0,"706","2","217",-0.166315055429756,0.150471845766642,-0.397459957728022,0.896527445791964,NA
"707","NSW1212993",1.29398740351999,0.145541998257073,0,"707","2","218",-0.34114512658698,0.181941792157696,-0.195603128329907,1.09838427519008,NA
"708","NSW1200374",1.29398740351999,0.0853358338887815,0,"708","2","219",-0.498025815499987,0.175524081817447,-0.412689981611206,0.88129742190878,NA
"709","NSW1200617",1.29398740351999,-0.0741279389532466,0,"709","2","220",0.28289998388573,0.175633246370166,0.208772044932484,1.50275944845247,NA
"710","NSW1212962",1.29398740351999,0.0435226284346286,0,"710","2","221",0.0108162119536004,0.162737693402839,0.0543388403882289,1.34832624390822,NA
"711","NSW1213029",1.29398740351999,-0.0111284544097391,0,"711","2","222",-0.658494701513851,0.199056564349812,-0.66962315592359,0.624364247596396,NA
"712","NSW1200393",1.29398740351999,-0.0247039407793392,0,"712","2","223",0.307438354051713,0.194679369095619,0.282734413272374,1.57672181679236,NA
"713","NSW1211566",1.29398740351999,-0.00544163488683211,0,"713","2","224",-0.0852762631147102,0.172732108062463,-0.0907178980015423,1.20326950551844,NA
"714","NSW1200523",1.29398740351999,-0.164416731339156,0,"714","2","225",-0.332789758356788,0.161137159240406,-0.497206489695944,0.796780913824042,NA
"715","NSW1201356",1.29398740351999,-0.0814644719465003,0,"715","2","226",-0.0392678629251652,0.134466870495413,-0.120732334871666,1.17325506864832,NA
"716","NSW1200534",1.29398740351999,-0.0304131316643104,0,"716","2","227",-0.162408423939404,0.15983712845404,-0.192821555603715,1.10116584791627,NA
"717","NSW1200772",1.29398740351999,0.143583091663279,0,"717","2","228",0.265401064932984,0.172572952839202,0.408984156596263,1.70297156011625,NA
"718","NSW1200792",1.29398740351999,-0.183294018660037,0,"718","2","229",0.224074062269516,0.162068773336802,0.0407800436094787,1.33476744712946,NA
"719","NSW1200516",1.29398740351999,0.085750569866866,0,"719","2","230",0.270453144777465,0.144090806312676,0.356203714644331,1.65019111816432,NA
"720","NSW1212967",1.29398740351999,-0.147833085384162,0,"720","2","231",-0.403362652240519,0.153412370719988,-0.55119573762468,0.742791665895306,NA
"721","NSW1213036",1.29398740351999,-0.0352001632025623,0,"721","2","232",0.198197562221575,0.202268103326893,0.162997399019012,1.456984802539,NA
"722","NSW1200610",1.29398740351999,0.134293588256075,0,"722","2","233",0.5617965886725,0.168893373758613,0.696090176928575,1.99007758044856,NA
"723","NSW1200812",1.29398740351999,-0.233391648745461,0,"723","2","234",0.122700026797512,0.155490381732363,-0.110691621947949,1.18329578157204,NA
"724","NSW1166601",1.29398740351999,0.0776477733909892,0,"724","2","235",0.0351823153755254,0.173261396954618,0.112830088766515,1.4068174922865,NA
"725","NSW1190184",1.29398740351999,-0.193264652079326,0,"725","2","236",0.393681501166789,0.146606968235497,0.200416849087463,1.49440425260745,NA
"726","NSW1200597",1.29398740351999,0.106570250232187,0,"726","2","237",-0.606262335870736,0.182519322654002,-0.499692085638549,0.794295317881437,NA
"727","NSW1200616",1.29398740351999,-0.218785661249387,0,"727","2","238",-0.296605610817954,0.157698617226255,-0.515391272067341,0.778596131452645,NA
"728","NSW1201404",1.29398740351999,0.0146663720790072,0,"728","2","239",-0.301683865815985,0.195179831989359,-0.287017493736978,1.00696990978301,NA
"729","NSW1200592",1.29398740351999,-0.244484363210465,0,"729","2","240",0.209204143490342,0.160731269472279,-0.0352802197201227,1.25870718379986,NA
"730","NSW1190203",1.29398740351999,-0.126609075735604,0,"730","2","241",0.117471173259978,0.16405094842921,-0.00913790247562565,1.28484950104436,NA
"731","NSW1211536",1.29398740351999,-0.0355088927411971,0,"731","2","242",0.186478657172671,0.191668007166224,0.150969764431474,1.44495716795146,NA
"732","NSW1200424",1.29398740351999,-0.0306628104173448,0,"732","2","243",-0.207561908907749,0.160876298253991,-0.238224719325093,1.05576268419489,NA
"733","NSW1212846",1.29398740351999,-0.188133176671,0,"733","2","244",0.211563223903413,0.181439050429472,0.0234300472324129,1.3174174507524,NA
"734","NSW1200804",1.29398740351999,-0.0159492954867802,0,"734","2","245",-0.357217263870827,0.176012432504772,-0.373166559357608,0.920820844162379,NA
"735","NSW1210995",1.29398740351999,-0.193242538927753,0,"735","2","246",-0.162844662928385,0.183839152901665,-0.356087201856138,0.937900201663848,NA
"736","NSW1212968",1.29398740351999,0.177096441345127,0,"736","2","247",0.101445554345229,0.203127014397727,0.278541995690356,1.57252939921034,NA
"737","NSW1200591",1.29398740351999,-0.216642301281221,0,"737","2","248",-0.537456770593462,0.148247432760256,-0.754099071874683,0.539888331645303,NA
"738","NSW1213000",1.29398740351999,0.0665320494309564,0,"738","2","249",-0.226675902586756,0.166235048932548,-0.1601438531558,1.13384355036419,NA
"739","NSW1200797",1.29398740351999,0.0712669172115302,0,"739","2","250",0.224941221878593,0.146309497041694,0.296208139090124,1.59019554261011,NA
"740","NSW1212964",1.29398740351999,-0.0128153470510726,0,"740","2","251",-0.0246177715308302,0.166619745153713,-0.0374331185819028,1.25655428493808,NA
"741","NSW1200338",1.29398740351999,-0.0239490615407956,0,"741","2","252",0.0670671294990753,0.164804267996173,0.0431180679582798,1.33710547147827,NA
"742","NSW1213003",1.29398740351999,-0.24537858641706,0,"742","2","253",0.116471056826838,0.147672020875222,-0.128907529590221,1.16507987392977,NA
"743","NSW1190162",1.29398740351999,-0.0361185871546407,0,"743","2","254",0.0730391687648508,0.188634284153654,0.0369205816102101,1.3309079851302,NA
"744","NSW1200769",1.29398740351999,0.157104055230143,0,"744","2","255",-0.376611295309066,0.185404607795366,-0.219507240078924,1.07448016344106,NA
"745","NSW1200403",1.29398740351999,0.0389439462175397,0,"745","2","256",0.114993778971881,0.200451367605811,0.153937725189421,1.44792512870941,NA
"746","NSW1200355",1.29398740351999,0.0883192365485094,0,"746","2","257",-0.158801810973674,0.214345120021137,-0.070482574425165,1.22350482909482,NA
"747","NSW1212965",1.29398740351999,0.026839707275425,0,"747","2","258",-0.0858754579619355,0.178065983415201,-0.0590357506865105,1.23495165283348,NA
"748","NSW1200369",1.29398740351999,0.0768372183799728,0,"748","2","259",-0.161230842865071,0.173250873465188,-0.0843936244850978,1.20959377903489,NA
"749","NSW1211589",1.29398740351999,0.0402080530795746,0,"749","2","260",0.272051111666678,0.223943911266222,0.312259164746253,1.60624656826624,NA
"750","NSW1200611",1.29398740351999,-0.195629883990092,0,"750","2","261",0.0775790063314512,0.148497591445933,-0.11805087765864,1.17593652586135,NA
"751","NSW1211538",1.29398740351999,-0.129586022673882,0,"751","2","262",0.255468668511438,0.165754976415893,0.125882645837556,1.41987004935754,NA
"752","NSW1190172",1.29398740351999,0.105540046181291,0,"752","2","263",0.304780801197155,0.156340037824163,0.410320847378446,1.70430825089843,NA
"753","NSW1211437",1.29398740351999,-0.0905365614207889,0,"753","2","264",-0.296197972924334,0.136361485194255,-0.386734534345123,0.907252869174863,NA
"754","NSW1200656",1.29398740351999,-0.183294018660037,0,"754","2","265",0.224074062269516,0.162068773336802,0.0407800436094787,1.33476744712946,NA
"755","NSW1200823",1.29398740351999,-0.168445110748372,0,"755","2","266",-0.115507853257014,0.147542955827035,-0.283952964005385,1.0100344395146,NA
"756","NSW1200802",1.29398740351999,-0.198624755496139,0,"756","2","267",-0.290052351259598,0.180697713728074,-0.488677106755737,0.805310296764249,NA
"757","NSW1211575",1.29398740351999,0.155900958348801,0,"757","2","268",-0.31427499005868,0.181235375923037,-0.158374031709878,1.13561337181011,NA
"758","NSW1200430",1.29398740351999,-0.0256292849586933,0,"758","2","269",-0.0680647138602698,0.167343656581615,-0.0936939988189631,1.20029340470102,NA
"759","NSW1200378",1.29398740351999,0.103867934310582,0,"759","2","270",0.165234154723814,0.162501813382964,0.269102089034397,1.56308949255438,NA
"760","NSW1200840",1.29398740351999,-0.162942078314723,0,"760","2","271",-0.136294852680798,0.178071932495527,-0.299236930995521,0.994750472524465,NA
"761","NSW1201366",1.29398740351999,0.0755354232423489,0,"761","2","272",0.199848263008965,0.152216108152915,0.275383686251314,1.5693710897713,NA
"762","NSW1211569",1.29398740351999,-0.109529033417935,0,"762","2","273",-0.212323986955664,0.187650351245547,-0.3218530203736,0.972134383146387,NA
"763","NSW1210940",1.29398740351999,-0.00815821412865003,0,"763","2","274",-0.0886476243079678,0.201234633828182,-0.0968058384366178,1.19718156508337,NA
"764","NSW1200838",1.29398740351999,-0.144828746865912,0,"764","2","275",0.018544030391885,0.177271162159859,-0.126284716474027,1.16770268704596,NA
"765","NSW1200419",1.29398740351999,-0.0845414733436683,0,"765","2","276",0.336808930750938,0.160386439668917,0.25226745740727,1.54625486092726,NA
"766","NSW1200909",1.29398740351999,-0.0452810275819013,0,"766","2","277",0.0341011088164387,0.154026113689908,-0.0111799187654626,1.28280748475452,NA
"767","NSW1211572",1.29398740351999,-0.158837458773508,0,"767","2","278",-0.368989039716763,0.154124582777193,-0.527826498490271,0.766160905029715,NA
"768","NSW1201401",1.29398740351999,-0.190210337161317,0,"768","2","279",-0.0584520077485773,0.144182724504779,-0.248662344909894,1.04532505861009,NA
"769","NSW1200893",1.29398740351999,-0.17505388194551,0,"769","2","280",0.050279771254867,0.164866093661629,-0.124774110690643,1.16921329282934,NA
"770","NSW1200879",1.29398740351999,-0.0109194437395087,0,"770","2","281",0.441733853085414,0.188988608625599,0.430814409345905,1.72480181286589,NA
"771","NSW1200596",1.29398740351999,-0.204627684920153,0,"771","2","282",-0.0270867796716092,0.176866869934644,-0.231714464591762,1.06227293892822,NA
"772","NSW1213023",1.29398740351999,-0.162022604682121,0,"772","2","283",0.268602468336946,0.190879761381296,0.106579863654825,1.40056726717481,NA
"773","NSW1211510",1.29398740351999,0.050961004609503,0,"773","2","284",0.276429267529993,0.15754612474003,0.327390272139496,1.62137767565948,NA
"774","NSW1200342",1.29398740351999,0.104059585914242,0,"774","2","285",0.0709845640186,0.164464705322687,0.175044149932842,1.46903155345283,NA
"775","NSW1200540",1.29398740351999,-0.250792510679456,0,"775","2","286",0.0898514880837054,0.127363253889973,-0.160941022595751,1.13304638092424,NA
"776","NSW1211585",1.29398740351999,0.0181242498642356,0,"776","2","287",-0.297608152697243,0.180334682319011,-0.279483902833007,1.01450350068698,NA
"777","NSW1212958",1.29398740351999,-0.109362989348255,0,"777","2","288",-0.514865038359882,0.157091221186599,-0.624228027708137,0.66975937581185,NA
"778","NSW1201627",1.29398740351999,-0.101051228686029,0,"778","2","289",-0.0679009099231005,0.19405926769253,-0.168952138609129,1.12503526491086,NA
"779","NSW1210988",1.29398740351999,-0.014659948431741,0,"779","2","290",-0.22291042270579,0.178171708086983,-0.237570371137531,1.05641703238246,NA
"780","NSW1200915",1.29398740351999,-0.154995438219333,0,"780","2","291",0.196851253789775,0.153726861502481,0.0418558155704427,1.33584321909043,NA
"781","NSW1200398",1.29398740351999,-0.00316361520775561,0,"781","2","292",0.339258984910594,0.173691227622297,0.336095369702839,1.63008277322282,NA
"782","NSW1212963",1.29398740351999,-0.129862998839694,0,"782","2","293",0.283753027800575,0.206368385588264,0.153890028960881,1.44787743248087,NA
"783","NSW1200519",1.29398740351999,-0.197980213111834,0,"783","2","294",-0.31862289114306,0.147133139699144,-0.516603104254894,0.777384299265092,NA
"784","NSW1211436",1.29398740351999,-0.0825751282320109,0,"784","2","295",0.362105602849182,0.198524635422109,0.279530474617172,1.57351787813716,NA
"785","NSW1212984",1.29398740351999,0.0900519905687504,0,"785","2","296",-0.169965894180964,0.182331465943881,-0.0799139036122135,1.21407349990777,NA
"786","NSW1211431",1.29398740351999,-0.0578853638154461,0,"786","2","297",0.244711208700515,0.204003840488654,0.186825844885069,1.48081324840506,NA
"787","NSW1211557",1.29398740351999,-0.0454984947194704,0,"787","2","298",0.418598190920131,0.169049581698271,0.37309969620066,1.66708709972065,NA
"788","NSW1190166",1.29398740351999,-0.00504422659580804,0,"788","2","299",0.350989706711275,0.165766653871102,0.345945480115467,1.63993288363545,NA
"789","NSW1200368",1.29398740351999,-0.0435037109983978,0,"789","2","300",0.0172642470179598,0.164550002285366,-0.0262394639804381,1.26774793953955,NA
"790","NSW1200809",1.29398740351999,-0.0738558295613207,0,"790","2","301",-0.105074737318426,0.205823771805636,-0.178930566879747,1.11505683664024,NA
"791","NSW1213024",1.29398740351999,-0.140072433754578,0,"791","2","302",-1.08397633238614,0.150173671737094,-1.22404876614072,0.0699386373792681,NA
"792","NSW1190169",1.29398740351999,0.0949869493717127,0,"792","2","303",-0.0435550097511395,0.146805608523479,0.0514319396205732,1.34541934314056,NA
"793","NSW1200348",1.29398740351999,-0.00959501569548864,0,"793","2","304",0.261533264984842,0.184270783995104,0.251938249289353,1.54592565280934,NA
"794","NSW1200383",1.29398740351999,-0.156825067312607,0,"794","2","305",-0.0461083107358223,0.184205970147585,-0.202933378048429,1.09105402547156,NA
"795","NSW1212986",1.29398740351999,-0.0116647502839295,0,"795","2","306",0.411894074852433,0.198923251242284,0.400229324568503,1.69421672808849,NA
"796","NSW1200602",1.29398740351999,-0.153099032278285,0,"796","2","307",0.00258731316819938,0.200344279159353,-0.150511719110086,1.1434756844099,NA
"797","NSW1211535",1.29398740351999,-0.116860696846886,0,"797","2","308",0.242306938340427,0.160701668378802,0.125446241493541,1.41943364501353,NA
"798","NSW1212953",1.29398740351999,-0.0313387705864835,0,"798","2","309",-0.492203199547373,0.140257415640199,-0.523541970133856,0.77044543338613,NA
"799","NSW1200794",1.29398740351999,-0.205721241834132,0,"799","2","310",0.0914358089527482,0.153045531967369,-0.114285432881384,1.1797019706386,NA
"800","NSW1201361",1.29398740351999,-0.123462583527387,0,"800","2","311",0.213074288000414,0.199803711210687,0.0896117044730271,1.38359910799301,NA
"801","NSW1211537",1.29398740351999,-0.111235854460252,0,"801","2","312",-0.050106338759397,0.183078385832837,-0.161342193219649,1.13264521030034,NA
"802","NSW1200601",1.29398740351999,-0.0635968165763763,0,"802","2","313",-0.205883099308446,0.14157997996545,-0.269479915884822,1.02450748763516,NA
"803","NSW1200538",1.29398740351999,0.155156009713944,0,"803","2","314",-0.0234988177210873,0.208166256652912,0.131657191992857,1.42564459551284,NA
"804","NSW1212996",1.29398740351999,-0.0963165642884184,0,"804","2","315",0.354151484322141,0.19557103599464,0.257834920033723,1.55182232355371,NA
"805","NSW1211574",1.29398740351999,-0.169405788555741,0,"805","2","316",0.239719161685237,0.166486492443138,0.0703133731294959,1.36430077664948,NA
"806","NSW1200606",1.29398740351999,-0.248217442606828,0,"806","2","317",-0.172594812295633,0.169870513670774,-0.420812254902462,0.873175148617524,NA
"807","NSW1200844",1.29398740351999,-0.0253527798449478,0,"807","2","318",0.0921094535187732,0.182767575955079,0.0667566736738255,1.36074407719381,NA
"808","NSW1211432",1.29398740351999,-0.185837712616073,0,"808","2","319",-0.203681491774715,0.170644289498425,-0.389519204390788,0.904468199129198,NA
"809","NSW1201386",1.29398740351999,0.0394261602254773,0,"809","2","320",-0.00553847770348398,0.190298342829265,0.0338876825219933,1.32787508604198,NA
"810","NSW1212894",1.29398740351999,-0.117513168962201,0,"810","2","321",-0.196626929916529,0.186191904930086,-0.31414009887873,0.979847304641256,NA
"811","NSW1211573",1.29398740351999,-0.0381316849241202,0,"811","2","322",-0.0268628179326932,0.171641929287023,-0.0649945028568134,1.22899290066317,NA
"812","NSW1211567",1.29398740351999,0.0657828155901879,0,"812","2","323",-0.212845546473296,0.15218223705055,-0.147062730883108,1.14692467263688,NA
"813","NSW1201385",1.29398740351999,-0.149238202533182,0,"813","2","324",-0.00995146837238204,0.183386463543684,-0.159189670905564,1.13479773261442,NA
"814","NSW1201357",1.29398740351999,-0.0374042835236286,0,"814","2","325",-0.569470789074364,0.157983791492215,-0.606875072597992,0.687112330921994,NA
"815","NSW1211435",1.29398740351999,-0.138514914778051,0,"815","2","326",0.271238664052504,0.168372575400509,0.132723749274453,1.42671115279444,NA
"816","NSW1200555",1.29398740351999,0.137859692271851,0,"816","2","327",0.123863539782727,0.197516881571004,0.261723232054578,1.55571063557456,NA
"817","NSW1200399",1.29398740351999,-0.17343293043848,0,"817","2","328",0.0452443723070263,0.161521065495739,-0.128188558131454,1.16579884538853,NA
"818","NSW1200894",1.29398740351999,-0.034434619821513,0,"818","2","329",0.102837145813189,0.155484108476737,0.0684025259916756,1.36238992951166,NA
"819","NSW1211457",1.29398740351999,-0.170526855975548,0,"819","2","330",-0.212013499007024,0.16346207648326,-0.382540354982572,0.911447048537414,NA
"820","NSW1200854",1.29398740351999,-0.188310616375822,0,"820","2","331",0.150791888281732,0.149246226716812,-0.03751872809409,1.2564686754259,NA
"821","NSW1200888",1.29398740351999,-0.173954060949377,0,"821","2","332",-0.00760851430709171,0.146458764429646,-0.181562575256468,1.11242482826352,NA
"822","NSW1201626",1.29398740351999,-0.163826226320785,0,"822","2","333",0.134441402215174,0.205161144886335,-0.0293848241056108,1.26460257941438,NA
"823","NSW1200553",1.29398740351999,-0.127725606783905,0,"823","2","334",-0.107713520959787,0.16828804732093,-0.235439127743692,1.05854827577629,NA
"824","NSW1213008",1.29398740351999,-0.245399190898236,0,"824","2","335",-0.0391531949696793,0.146932214595634,-0.284552385867915,1.00943501765207,NA
"825","NSW1200671",1.29398740351999,-0.148527724566589,0,"825","2","336",0.00289020898888192,0.164804278989738,-0.145637515577707,1.14834988794228,NA
"826","NSW1212955",1.29398740351999,-0.202890371592453,0,"826","2","337",0.799237454100006,0.175568617253807,0.596347082507553,1.89033448602754,NA
"827","NSW1212999",1.29398740351999,-0.192649145809137,0,"827","2","338",-0.234920641695878,0.170089671603058,-0.427569787505015,0.866417616014971,NA
"828","NSW1213018",1.29398740351999,-0.124449099813706,0,"828","2","339",0.242373465689799,0.17447964295143,0.117924365876092,1.41191176939608,NA
"829","NSW1212861",1.29398740351999,0.0862241556955411,0,"829","2","340",-0.118094284089276,0.171574288382995,-0.0318701283937349,1.26211727512625,NA
"830","NSW1200526",1.29398740351999,-0.0896829854490608,0,"830","2","341",0.158506127226109,0.154322074592321,0.0688231417770484,1.36281054529703,NA
"831","NSW1212978",1.29398740351999,-0.172683010779383,0,"831","2","342",-0.26149170668146,0.1657417208564,-0.434174717460843,0.859812686059143,NA
"832","NSW1200548",1.29398740351999,0.0634038531140986,0,"832","2","343",-0.156901806833546,0.146125486770114,-0.0934979537194477,1.20048944980054,NA
"833","NSW1200843",1.29398740351999,0.0891261861502094,0,"833","2","344",-0.446490068167021,0.148324807221108,-0.357363882016812,0.936623521503174,NA
"834","NSW1200898",1.29398740351999,-0.245138483149298,0,"834","2","345",0.0148685763776417,0.143519315595108,-0.230269906771656,1.06371749674833,NA
"835","NSW1213031",1.29398740351999,0.0221958119088498,0,"835","2","346",0.497409113801444,0.200372333812383,0.519604925710294,1.81359232923028,NA
"836","NSW1211425",1.29398740351999,-0.0141901467267261,0,"836","2","347",0.556731321356296,0.16856602396585,0.54254117462957,1.83652857814956,NA
"837","NSW1210966",1.29398740351999,0.00297549717616682,0,"837","2","348",-0.184520611243382,0.201241229995233,-0.181545114067216,1.11244228945277,NA
"838","NSW1200899",1.29398740351999,-0.242495310132864,0,"838","2","349",-0.117321469778911,0.138621045080538,-0.359816779911775,0.934170623608211,NA
"839","NSW1212973",1.29398740351999,0.186098910199424,0,"839","2","350",0.235171279463473,0.201990721295166,0.421270189662898,1.71525759318288,NA
"840","NSW1211540",1.29398740351999,-0.187159919915582,0,"840","2","351",0.758239211575551,0.191534971032418,0.571079291659969,1.86506669517996,NA
"841","NSW1201406",1.29398740351999,0.120643532614718,0,"841","2","352",0.111148894750046,0.19045368508298,0.231792427364764,1.52577983088475,NA
"842","NSW1200889",1.29398740351999,-0.126825650118617,0,"842","2","353",0.0947380618173998,0.184320099204586,-0.0320875883012169,1.26189981521877,NA
"843","NSW1200904",1.29398740351999,-0.0450873479312967,0,"843","2","354",0.0870132470378836,0.167825581280144,0.0419258991065869,1.33591330262657,NA
"844","NSW1213014",1.29398740351999,0.0340172787244198,0,"844","2","355",0.221621211880836,0.14332088535633,0.255638490605256,1.54962589412524,NA
"845","NSW1211588",1.29398740351999,-0.248966254999789,0,"845","2","356",-0.15411188955008,0.142596411652956,-0.40307814454987,0.890909258970117,NA
"846","NSW1213035",1.29398740351999,-0.0205323889837386,0,"846","2","357",-0.250188031229094,0.158790438308941,-0.270720420212832,1.02326698330715,NA
"847","NSW1200510",1.29398740351999,-0.0527355920112746,0,"847","2","358",0.175877005233358,0.169471372802331,0.123141413222083,1.41712881674207,NA
"848","NSW1211532",1.29398740351999,-0.066540922912576,0,"848","2","359",-0.0624203694098374,0.138825204500921,-0.128961292322413,1.16502611119757,NA
"849","NSW1200924",1.29398740351999,-0.0870667697788882,0,"849","2","360",-0.0809076880307117,0.157849291893752,-0.1679744578096,1.12601294571039,NA
"850","NSW1200782",1.29398740351999,-0.188604817995196,0,"850","2","361",0.0563856819237006,0.165884157512147,-0.132219136071495,1.16176826744849,NA
"851","NSW1212998",1.29398740351999,-0.223791992650929,0,"851","2","362",0.428332934365349,0.191072433927793,0.20454094171442,1.49852834523441,NA
"852","NSW1211587",1.29398740351999,-0.17305650451764,0,"852","2","363",0.121137155805967,0.195227924644878,-0.0519193487116724,1.24206805480831,NA
"853","NSW1200359",1.29398740351999,-0.0240526925101493,0,"853","2","364",0.17100291918359,0.179035461396414,0.146950226673441,1.44093763019343,NA
"854","NSW1212989",1.29398740351999,0.0937870596119173,0,"854","2","365",0.0841146016346348,0.146135015196191,0.177901661246552,1.47188906476654,NA
"855","NSW1201429",1.29398740351999,-0.0579271181526217,0,"855","2","366",0.308929203532866,0.152352688918315,0.251002085380244,1.54498948890023,NA
"856","NSW1200918",1.29398740351999,0.0968851563824185,0,"856","2","367",0.057731615460426,0.166824606075008,0.154616771842844,1.44860417536283,NA
"857","NSW1190209",1.29398740351999,0.0346020494563159,0,"857","2","368",-0.386009253959558,0.188420924074951,-0.351407204503242,0.942580199016744,NA
"858","NSW1200404",1.29398740351999,-0.0426994030356438,0,"858","2","369",0.0319165054333031,0.154925396695208,-0.0107828976023407,1.28320450591765,NA
"859","NSW1211509",1.29398740351999,0.155900958348801,0,"859","2","370",-0.31427499005868,0.181235375923037,-0.158374031709878,1.13561337181011,NA
"860","NSW1200421",1.29398740351999,0.0593004489157427,0,"860","2","371",0.292582703393822,0.14483287052211,0.351883152309565,1.64587055582955,NA
"861","NSW1200908",1.29398740351999,-0.201604032401748,0,"861","2","372",-0.309489518702305,0.147193512038772,-0.511093551104053,0.782893852415933,NA
"862","NSW1213028",1.29398740351999,-0.200559317627416,0,"862","2","373",0.499746502101917,0.173814993570656,0.299187184474501,1.59317458799449,NA
"863","NSW1201632",1.29398740351999,-0.0431446946114886,0,"863","2","374",-0.320043436475551,0.164247928391676,-0.363188131087039,0.930799272432947,NA
"864","NSW1200461",1.29398740351999,-0.214575093238317,0,"864","2","375",-0.124869798447741,0.1494517875059,-0.339444891686058,0.954542511833929,NA
"865","NSW1200590",1.29398740351999,0.0709777908810721,0,"865","2","376",0.0371221521005631,0.15937434452407,0.108099942981635,1.40208734650162,NA
"866","NSW1212975",1.29398740351999,0.162180929844146,0,"866","2","377",0.205528531137707,0.206304437363265,0.367709460981853,1.66169686450184,NA
"867","NSW1201621",1.29398740351999,-0.143164311830685,0,"867","2","378",-0.168534645321954,0.178023867293011,-0.311698957152639,0.982288446367347,NA
"868","NSW1210994",1.29398740351999,-0.194190865629847,0,"868","2","379",-0.333224384800528,0.159377838581651,-0.527415250430375,0.766572153089611,NA
"869","NSW1190186",1.29398740351999,0.0954147868423803,0,"869","2","380",-0.355111790949892,0.1595953970926,-0.259697004107511,1.03429039941247,NA
"870","NSW1213009",1.29398740351999,-0.0959642162983262,0,"870","2","381",-0.282150351983089,0.13528565254359,-0.378114568281415,0.915872835238571,NA
"871","NSW1213004",1.29398740351999,-0.159118165945368,0,"871","2","382",0.0339546647823284,0.15409046786823,-0.125163501163039,1.16882390235695,NA
"872","NSW1200595",1.29398740351999,-0.0587779360445178,0,"872","2","383",0.218743061820033,0.157324116977435,0.159965125775516,1.4539525292955,NA
"873","NSW1211590",1.29398740351999,-0.0181420713852909,0,"873","2","384",-0.789476944547257,0.20884071880134,-0.807619015932548,0.486368387587438,NA
"874","NSW1213026",1.29398740351999,-0.04301602702219,0,"874","2","385",0.0942926780785465,0.180159698344276,0.0512766510563564,1.34526405457634,NA
"875","NSW1200798",1.29398740351999,-0.138566657312647,0,"875","2","386",-0.0480019429934224,0.169430562786538,-0.18656860030607,1.10741880321392,NA
"876","NSW1190171",1.29398740351999,-0.0537614645937801,0,"876","2","387",-0.105671787233488,0.153115792593284,-0.159433251827268,1.13455415169272,NA
"877","NSW1211447",1.29398740351999,-0.0797839685748077,0,"877","2","388",-0.404439894081475,0.15189646680191,-0.484223862656283,0.809763540863704,NA
"878","NSW1200652",1.29398740351999,-0.00578460658804834,0,"878","2","389",0.0402688171166238,0.146238146880801,0.0344842105285755,1.32847161404856,NA
"879","NSW1211571",1.29398740351999,-0.12899872709952,0,"879","2","390",0.442045671992618,0.171017712329474,0.313046944893098,1.60703434841308,NA
"880","NSW1200612",1.29398740351999,-0.259757890802518,0,"880","2","391",0.53284544488639,0.15203028295344,0.273087554083872,1.56707495760386,NA
"881","NSW1213019",1.29398740351999,0.036563325865291,0,"881","2","392",0.293867821069705,0.132508238812701,0.330431146934996,1.62441855045498,NA
"882","NSW1190193",1.29398740351999,-0.0832239912801093,0,"882","2","393",0.288751083441168,0.130471895846085,0.205527092161058,1.49951449568104,NA
"883","NSW1200621",1.29398740351999,-0.240225287029265,0,"883","2","394",-0.282187505627755,0.147811257766721,-0.522412792657021,0.771574610862965,NA
"884","NSW1211452",1.29398740351999,-0.0574852767871794,0,"884","2","395",-0.220781261674904,0.153615769759935,-0.278266538462083,1.0157208650579,NA
"885","NSW1210997",1.29398740351999,-0.0454672357737787,0,"885","2","396",-0.180281805184906,0.169026460874358,-0.225749040958685,1.0682383625613,NA
"886","NSW1201424",1.29398740351999,0.0994690888975487,0,"886","2","397",-0.477861629405505,0.154853746134999,-0.378392540507956,0.91559486301203,NA
"887","NSW1213002",1.29398740351999,0.121453681830008,0,"887","2","398",-0.641370595259109,0.167081028104505,-0.519916913429101,0.774070490090885,NA
"888","NSW1201367",1.29398740351999,-0.227813570523353,0,"888","2","399",-0.150519826711381,0.125644237727231,-0.378333397234733,0.915654006285253,NA
"889","NSW1200903",1.29398740351999,-0.0813284414081435,0,"889","2","400",0.460271333500066,0.176393801205753,0.378942892091922,1.67293029561191,NA
"890","NSW1212974",1.29398740351999,0.0179348778439417,0,"890","2","401",-0.595027093427234,0.180648349948745,-0.577092215583292,0.716895187936693,NA
"891","NSW1211531",1.29398740351999,-0.169414671498985,0,"891","2","402",0.479250348094819,0.193729152876867,0.309835676595835,1.60382308011582,NA
"892","NSW1190170",1.29398740351999,0.078344647056583,0,"892","2","403",0.34195462859245,0.144575533711051,0.420299275649033,1.71428667916902,NA
"893","NSW1211579",1.29398740351999,-0.229406170171194,0,"893","2","404",0.240750476742054,0.171718248480292,0.01134430657086,1.30533171009085,NA
"894","NSW1200913",1.29398740351999,-0.245056044008892,0,"894","2","405",-0.313005857743035,0.135658542656763,-0.558061901751927,0.735925501768059,NA
"895","NSW1212899",1.29398740351999,-0.0956025470234787,0,"895","2","406",0.0396311053987891,0.153838712296522,-0.0559714416246896,1.2380159618953,NA
"896","NSW1212954",1.29398740351999,-0.164544257883381,0,"896","2","407",-0.512930685137485,0.159176516156284,-0.677474943020865,0.616512460499121,NA
"897","NSW1200874",1.29398740351999,-0.196226237212191,0,"897","2","408",-0.14950749291241,0.16257866689111,-0.345733730124602,0.948253673395385,NA
"898","NSW1200367",1.29398740351999,-0.0521468957133737,0,"898","2","409",0.333744661702082,0.173885425015537,0.281597765988708,1.57558516950869,NA
"899","NSW1211563",1.29398740351999,-0.0163504413918502,0,"899","2","410",-0.0943464118143377,0.181379720909455,-0.110696853206188,1.1832905503138,NA
"900","NSW1200667",1.29398740351999,-0.26004416457403,0,"900","2","411",0.485496894561642,0.152009662170396,0.225452729987612,1.5194401335076,NA
"901","NSW1200832",1.29398740351999,-0.195952894654001,0,"901","2","412",0.788350773054766,0.142427781600924,0.592397878400766,1.88638528192075,NA
"902","NSW1211580",1.29398740351999,-0.0581086694703335,0,"902","2","413",-0.928592398301036,0.140451641362464,-0.986701067771369,0.307286335748617,NA
"903","NSW1201435",1.29398740351999,-0.170796126944994,0,"903","2","414",-0.465150794729812,0.151884771838255,-0.635946921674807,0.658040481845179,NA
"904","NSW1200600",1.29398740351999,-0.242795462296554,0,"904","2","415",-0.354580930778585,0.149844388164829,-0.597376393075139,0.696611010444847,NA
"905","NSW1212994",1.29398740351999,-0.097567532561675,0,"905","2","416",-0.300085726364715,0.137404635037494,-0.39765325892639,0.896334144593596,NA
"906","NSW1211591",1.29398740351999,-0.180349377728863,0,"906","2","417",0.527765738920044,0.173525732773655,0.347416361191181,1.64140376471117,NA
