"","Taxa","BLUE.N","BLUE.I","QTNs","Group","RefInf","ID","BLUP","PEV","gBreedingValue","Prediction","COI"
"1","S_1007_S311",1.76611531344057,-0.736519304136342,0,"  1","1","  1",0.715399514348236,0.321199155220742,-0.0211197897881065,1.74499552365246,1.8612097182042
"2","S_102_S245",1.76611531344057,-0.463915237962831,0,"  2","1","  2",0.521032684829719,0.261681455554708,0.0571174468668882,1.82323276030746,1.65487545982344
"3","S_1031_S380",1.76611531344057,-0.270984696488098,0,"  3","1","  3",-0.0652739792235409,0.238488948276967,-0.336258675711639,1.42985663772893,1
"4","S_1045_S231",1.76611531344057,-0.498874720803628,0,"  4","1","  4",-0.241604569201559,0.240298042804984,-0.740479290005187,1.02563602343538,0
"5","S_1052_S227",1.76611531344057,-0.391973396655625,0,"  5","1","  5",0.0733766857364957,0.235872456905871,-0.318596710919129,1.44751860252144,2.11474252688113
"6","S_1054_S345",1.76611531344057,-0.595440081096102,0,"  6","1","  6",0.124236262374759,0.279328804299507,-0.471203818721343,1.29491149471923,0.840896415253715
"7","S_1057_S302",1.76611531344057,-0.461762837331312,0,"  7","1","  7",0.29631508697166,0.266702927368827,-0.165447750359651,1.60066756308092,0.840896415253715
"8","S_106_S223",1.76611531344057,-0.565735401842101,0,"  8","1","  8",0.366769970793112,0.267184293309447,-0.198965431048989,1.56714988239158,1.8612097182042
"9","S_1082_S287",1.76611531344057,-0.220810624368971,0,"  9","1","  9",-0.209506226415631,0.216343805203313,-0.430316850784602,1.33579846265597,1.56508458007329
"10","S_108_S258",1.76611531344057,-0.385727074767877,0," 10","1"," 10",-0.22530001728185,0.245249882463276,-0.611027092049727,1.15508822139084,1.56508458007329
"11","S_109_S351",1.76611531344057,-0.247747652585584,0," 11","1"," 11",-0.408607850894283,0.239808703366087,-0.656355503479866,1.1097598099607,1.49534878122122
"12","S_1124_S271",1.76611531344057,-0.329025876525116,0," 12","1"," 12",-0.586950236236516,0.266816338474003,-0.915976112761631,0.850139200678939,1.18920711500272
"13","S_1127_S332",1.76611531344057,-0.241792694951552,0," 13","1"," 13",-0.979964132647884,0.245350964962665,-1.22175682759944,0.544358485841135,0
"14","S_1130_S319",1.76611531344057,-0.554332131054905,0," 14","1"," 14",0.607717604438968,0.306661824920888,0.0533854733840627,1.81950078682463,2.65914794847249
"15","S_1132_S315",1.76611531344057,-0.415679477998107,0," 15","1"," 15",0.300224618938405,0.266488456941226,-0.115454859059702,1.65066045438087,1.65487545982344
"16","S_1159_S297",1.76611531344057,-0.391070611012494,0," 16","1"," 16",0.486028281976892,0.251565862611155,0.0949576709643976,1.86107298440497,1.56508458007329
"17","S_1161_S254",1.76611531344057,-0.379591657852421,0," 17","1"," 17",0.660476583271066,0.273270016877724,0.280884925418645,2.04700023885922,1.31607401295249
"18","S_1162_S384",1.76611531344057,-0.636254244718488,0," 18","1"," 18",0.193640435741664,0.257185951389383,-0.442613808976825,1.32350150446375,2.51486685936587
"19","S_1223_S229",1.76611531344057,-0.191187154342622,0," 19","1"," 19",0.283277674659794,0.237694955264917,0.0920905203171728,1.85820583375774,1.4142135623731
"20","S_1237_S377",1.76611531344057,-0.318218370675483,0," 20","1"," 20",-0.476605015197746,0.223544501553053,-0.794823385873229,0.971291927567341,0
"21","S_129_S310",1.76611531344057,-0.48959107498579,0," 21","1"," 21",-0.639685191372576,0.258124021734317,-1.12927626635837,0.636839047082204,0
"22","S_1305_S246",1.76611531344057,-0.503299489140304,0," 22","1"," 22",-0.725763613050319,0.244901141289801,-1.22906310219062,0.537052211249947,1.77827941003892
"23","S_130_S333",1.76611531344057,-0.472698759081829,0," 23","1"," 23",0.0126754874823315,0.259879767278441,-0.460023271599498,1.30609204184107,0
"24","S_1315_S322",1.76611531344057,-0.506288176617267,0," 24","1"," 24",-0.310997637790176,0.252581199652837,-0.817285814407442,0.948829499033128,1.49534878122122
"25","S_1317_S208",1.76611531344057,-0.289328289268748,0," 25","1"," 25",0.00871583687331126,0.225611466898245,-0.280612452395437,1.48550286104513,1.49534878122122
"26","S_1324_S206",1.76611531344057,-0.246507841842049,0," 26","1"," 26",1.30102942428717,0.24594978969271,1.05452158244512,2.82063689588569,2.11474252688113
"27","S_1328_S372",1.76611531344057,-0.568007251777819,0," 27","1"," 27",0.515267777988189,0.270753432168023,-0.0527394737896293,1.71337583965094,2.34034731932072
"28","S_1343_S366",1.76611531344057,-0.456365233152879,0," 28","1"," 28",0.393844565585012,0.269497431596556,-0.0625206675678664,1.7035946458727,1
"29","S_137_S285",1.76611531344057,-0.425822688362224,0," 29","1"," 29",-0.00436207694265531,0.25772167973327,-0.430184765304879,1.33593054813569,1
"30","S_1383_S323",1.76611531344057,-0.522869166306382,0," 30","1"," 30",-0.34578653257959,0.349748595706191,-0.868655698885972,0.897459614554598,1.10668191970032
"31","S_1404_S202",1.76611531344057,-0.127321160071574,0," 31","1"," 31",-0.281934965866821,0.238539585895235,-0.409256125938396,1.35685918750217,0
"32","S_1407_S312",1.76611531344057,-0.498831699050989,0," 32","1"," 32",-0.764013050781714,0.247758742632687,-1.2628447498327,0.503270563607867,1.31607401295249
"33","S_140_S320",1.76611531344057,-0.141694583200365,0," 33","1"," 33",0.224016373892603,0.240114060381196,0.0823217906922387,1.84843710413281,2.51486685936587
"34","S_1423_S318",1.76611531344057,-0.606099267660129,0," 34","1"," 34",-0.123385018462776,0.266616198974148,-0.729484286122905,1.03663102731767,2.51486685936587
"35","S_1430_S329",1.76611531344057,-0.337829546985787,0," 35","1"," 35",-0.138832855399845,0.225204651611221,-0.476662402385632,1.28945291105494,1.4142135623731
"36","S_1431_S278",1.76611531344057,-0.462856288705911,0," 36","1"," 36",-0.580541462247335,0.256977827532774,-1.04339775095325,0.722717562487324,0
"37","S_1437_S292",1.76611531344057,-0.496061790393859,0," 37","1"," 37",0.0551686628174501,0.265403868356831,-0.440893127576409,1.32522218586416,1.18920711500272
"38","S_1441_S235",1.76611531344057,-0.5026260979367,0," 38","1"," 38",0.281697223094629,0.253776205299086,-0.220928874842072,1.5451864385985,1.96798967126543
"39","S_1442_S328",1.76611531344057,-0.491613995380434,0," 39","1"," 39",-0.161071312256603,0.243575097965555,-0.652685307637038,1.11343000580353,0
"40","S_1452_S275",1.76611531344057,-0.663359838315315,0," 40","1"," 40",0.358020669331554,0.275574940444763,-0.305339168983761,1.46077614445681,1.49534878122122
"41","S_1472_S295",1.76611531344057,-0.764935515472534,0," 41","1"," 41",-0.521886236415965,0.281199964007351,-1.2868217518885,0.479293561552071,0
"42","S_1488_S316",1.76611531344057,-0.246365309869273,0," 42","1"," 42",0.402957815445421,0.22713013972688,0.156592505576149,1.92270781901672,1.62657656169779
"43","S_148_S249",1.76611531344057,-0.672552890794621,0," 43","1"," 43",0.22453759914155,0.27255850586337,-0.448015291653072,1.3181000217875,1
"44","S_1496_S272",1.76611531344057,-0.206612926583624,0," 44","1"," 44",0.58906636615107,0.228636680044623,0.382453439567446,2.14856875300802,2.65914794847249
"45","S_150_S251",1.76611531344057,-0.458083216886351,0," 45","1"," 45",0.273392601673602,0.267749465031231,-0.184690615212749,1.58142469822782,1.31607401295249
"46","S_1513_S327",1.76611531344057,-0.728468813720085,0," 46","1"," 46",-0.370084981590214,0.30321027391251,-1.0985537953103,0.667561518130271,0
"47","S_1518_S240",1.76611531344057,-0.494185035724474,0," 47","1"," 47",-0.227170683512496,0.241943837470528,-0.72135571923697,1.0447595942036,1
"48","S_1549_S342",1.76611531344057,-0.422164323446157,0," 48","1"," 48",-0.137356583876351,0.257892251377501,-0.559520907322507,1.20659440611806,0
"49","S_1573_S236",1.76611531344057,-0.436323551985443,0," 49","1"," 49",-0.525424260332869,0.249983624964186,-0.961747812318312,0.804367501122258,1
"50","S_1584_S296",1.76611531344057,-0.266123439501011,0," 50","1"," 50",0.276706704966838,0.239377433440963,0.0105832654658272,1.7766985789064,2.21336383940064
"51","S_1599_S343",1.76611531344057,-0.207720040525515,0," 51","1"," 51",0.298740235469401,0.227619787442572,0.0910201949438868,1.85713550838446,2.65914794847249
"52","S_1619_S303",1.76611531344057,-0.186739192520283,0," 52","1"," 52",-0.136625625164998,0.228163930913051,-0.323364817685281,1.44275049575529,1.77827941003892
"53","S_1621_S339",1.76611531344057,-0.256943076498505,0," 53","1"," 53",0.642810258111527,0.236837964276195,0.385867181613022,2.15198249505359,2.54572989502183
"54","S_1623_S378",1.76611531344057,-0.435182764389459,0," 54","1"," 54",0.0636846788851,0.23446099628706,-0.371498085504359,1.39461722793621,1.65487545982344
"55","S_1629_S373",1.76611531344057,-0.321871104787352,0," 55","1"," 55",0.132940174877313,0.23628764825999,-0.188930929910039,1.57718438353053,1.77827941003892
"56","S_1631_S361",1.76611531344057,-0.385711533680892,0," 56","1"," 56",-0.0357092106518938,0.230187080263951,-0.421420744332786,1.34469456910778,2.65914794847249
"57","S_1637_S325",1.76611531344057,-0.10835152387707,0," 57","1"," 57",0.463480624533337,0.261674172291409,0.355129100656267,2.12124441409684,2.44948974278318
"58","S_1639_S204",1.76611531344057,-0.303287228714583,0," 58","1"," 58",0.0276229719887673,0.243494347509272,-0.275664256725815,1.49045105671475,1.31607401295249
"59","S_1643_S375",1.76611531344057,-0.435681723013136,0," 59","1"," 59",-0.204332139175031,0.239601195217003,-0.640013862188167,1.1261014512524,1
"60","S_1649_S331",1.76611531344057,-0.423326135060796,0," 60","1"," 60",-0.0668590392414855,0.24124273043893,-0.490185174302281,1.27593013913829,1.49534878122122
"61","S_1653_S294",1.76611531344057,-0.502801796853431,0," 61","1"," 61",0.0364303461866939,0.249980578549373,-0.466371450666737,1.29974386277383,1
"62","S_165_S284",1.76611531344057,-0.436445879673278,0," 62","1"," 62",0.35710442498419,0.252433206105865,-0.0793414546890882,1.68677385875148,1.49534878122122
"63","S_1677_S221",1.76611531344057,-0.270258555571295,0," 63","1"," 63",-0.22043642235934,0.239420287523758,-0.490694977930635,1.27542033550993,0
"64","S_1683_S338",1.76611531344057,-0.644394073742782,0," 64","1"," 64",-0.0122089234152712,0.273662843398751,-0.656602997158053,1.10951231628252,1.18920711500272
"65","S_1689_S192",1.76611531344057,-0.600351436072404,0," 65","1"," 65",-0.658906892342125,0.288440527580937,-1.25925832841453,0.506856985026042,0
"66","S_1699_S367",1.76611531344057,-0.508337931457108,0," 66","1"," 66",-0.0741096649904258,0.260292419861873,-0.582447596447534,1.18366771699304,1.18920711500272
"67","S_171_S219",1.76611531344057,-0.500279877858299,0," 67","1"," 67",0.403027914419152,0.278942426566928,-0.0972519634391465,1.66886335000142,2.59002006411135
"68","S_1723_S369",1.76611531344057,-0.415723273085481,0," 68","1"," 68",0.0266662881293576,0.244490529585015,-0.389056984956123,1.37705832848445,1.4142135623731
"69","S_1728_S376",1.76611531344057,-0.573969564541479,0," 69","1"," 69",0.22688917664929,0.259423276061731,-0.347080387892189,1.41903492554838,2.78315768371374
"70","S_1736_S359",1.76611531344057,-0.204806081613135,0," 70","1"," 70",-0.11167659191554,0.244268477666615,-0.316482673528675,1.44963263991189,1.96798967126543
"71","S_1742_S357",1.76611531344057,-0.544326695065563,0," 71","1"," 71",0.00966855328466415,0.276974796986144,-0.534658141780899,1.23145717165967,1.8612097182042
"72","S_1749_S247",1.76611531344057,-0.399101542792079,0," 72","1"," 72",-0.489364049502325,0.266801353480831,-0.888465592294404,0.877649721146166,1
"73","S_1779_S226",1.76611531344057,-0.0830227242601713,0," 73","1"," 73",-0.187850167091435,0.211541151665911,-0.270872891351606,1.49524242208896,2.65914794847249
"74","S_1810_S213",1.76611531344057,-0.339487211320886,0," 74","1"," 74",0.0739160265956969,0.286222382969125,-0.265571184725189,1.50054412871538,1.8612097182042
"75","S_1813_S253",1.76611531344057,-0.700793317947471,0," 75","1"," 75",0.38875261275059,0.275671482851375,-0.312040705196881,1.45407460824369,1.56508458007329
"76","S_1817_S210",1.76611531344057,-0.364687927925178,0," 76","1"," 76",0.234861548077794,0.253472561922709,-0.129826379847384,1.63628893359319,2.34034731932072
"77","S_1818_S238",1.76611531344057,-0.549436548246156,0," 77","1"," 77",-0.205895314510463,0.264011394579939,-0.755331862756619,1.01078345068395,0
"78","S_1825_S198",1.76611531344057,-0.443298477119063,0," 78","1"," 78",-0.328463317916103,0.26284639271909,-0.771761795035166,0.994353518405405,1.49534878122122
"79","S_1837_S256",1.76611531344057,-0.674802213377857,0," 79","1"," 79",0.414624627289652,0.280232827136107,-0.260177586088205,1.50593772735236,2.78315768371374
"80","S_1839_S299",1.76611531344057,-0.373982487517855,0," 80","1"," 80",0.318963689337588,0.245364343250372,-0.0550187981802673,1.7110965152603,2.21336383940064
"81","S_183_S263",1.76611531344057,-0.492215291914896,0," 81","1"," 81",0.500838410492702,0.272559800729681,0.00862311857780573,1.77473843201838,2.65914794847249
"82","S_1841_S250",1.76611531344057,-0.784312310365428,0," 82","1"," 82",-0.576868997334786,0.297773821723375,-1.36118130770021,0.404934005740355,0
"83","S_1865_S374",1.76611531344057,-0.100889237553231,0," 83","1"," 83",0.36729472675985,0.243162659318642,0.266405489206618,2.03252080264719,2.21336383940064
"84","S_1874_S244",1.76611531344057,-0.554639172337671,0," 84","1"," 84",0.179715525376899,0.259480469218093,-0.374923646960771,1.3911916664798,2.34034731932072
"85","S_1877_S262",1.76611531344057,-0.512314823624758,0," 85","1"," 85",0.344685935075046,0.242422023327921,-0.167628888549712,1.59848642489086,2.78315768371374
"86","S_1899_S193",1.76611531344057,-0.430657260729736,0," 86","1"," 86",-0.131944512507432,0.233964140499576,-0.562601773237168,1.2035135402034,1.62657656169779
"87","S_1900_S242",1.76611531344057,-0.4910424747455,0," 87","1"," 87",0.183438009875523,0.24551513803481,-0.307604464869977,1.45851084857059,1.56508458007329
"88","S_1936_S218",1.76611531344057,-0.639352589068786,0," 88","1"," 88",-0.386154436559805,0.252663012436272,-1.02550702562859,0.740608287811979,1.18920711500272
"89","S_1952_S293",1.76611531344057,-0.594176817729969,0," 89","1"," 89",0.0190293653677649,0.273453923450848,-0.575147452362204,1.19096786107837,1.18920711500272
"90","S_1969_S291",1.76611531344057,-0.366212776871759,0," 90","1"," 90",0.829019457437547,0.253948380640473,0.462806680565788,2.22892199400636,1.31607401295249
"91","S_1973_S267",1.76611531344057,-0.466453714832591,0," 91","1"," 91",1.42879328624637,0.272170586546736,0.962339571413783,2.72845488485435,2.89250760851908
"92","S_197_S207",1.76611531344057,-0.290158337157357,0," 92","1"," 92",-0.531923116024878,0.239645377028634,-0.822081453182235,0.944033860258336,1.4142135623731
"93","S_198_S304",1.76611531344057,-0.357844210152953,0," 93","1"," 93",-0.258350526588852,0.266526239299365,-0.616194736741805,1.14992057669876,0
"94","S_2010_S200",1.76611531344057,-0.177308591357525,0," 94","1"," 94",-0.532217865596801,0.215418172202574,-0.709526456954326,1.05658885648624,0
"95","S_2014_S264",1.76611531344057,-0.161727802816171,0," 95","1"," 95",-0.581322352156298,0.232746899879181,-0.743050154972468,1.0230651584681,1.25743342968294
"96","S_2015_S266",1.76611531344057,-0.162151245693229,0," 96","1"," 96",-0.646050083270874,0.23038548442578,-0.808201328964102,0.957913984476468,0
"97","S_2037_S371",1.76611531344057,-0.673016617993274,0," 97","1"," 97",-0.166252774403668,0.265645570617586,-0.839269392396941,0.926845921043629,0
"98","S_2073_S215",1.76611531344057,-0.330175653342917,0," 98","1"," 98",-0.208954010518534,0.246921071428267,-0.539129663861451,1.22698564957912,1.49534878122122
"99","S_2099_S335",1.76611531344057,-0.624121891123695,0," 99","1"," 99",0.203556698650327,0.285013716387372,-0.420565192473368,1.3455501209672,0.840896415253715
"100","S_209_S379",1.76611531344057,-0.171038449802907,0,"100","1","100",-0.279164294892523,0.258524495581844,-0.45020274469543,1.31591256874514,0
"101","S_2103_S301",1.76611531344057,-0.468693881113781,0,"101","1","101",0.153367030399141,0.257102933180206,-0.31532685071464,1.45078846272593,2.34034731932072
"102","S_2104_S224",1.76611531344057,-0.426017616992841,0,"102","1","102",-0.45165686657951,0.240632018231307,-0.877674483572351,0.888440829868219,1.31607401295249
"103","S_2105_S269",1.76611531344057,-0.549076243186054,0,"103","1","103",-0.532342600880366,0.272500025512994,-1.08141884406642,0.68469646937415,0
"104","S_2107_S349",1.76611531344057,-0.269576351822732,0,"104","1","104",-0.393543355845954,0.258805515467349,-0.663119707668686,1.10299560577188,1.18920711500272
"105","S_2115_S280",1.76611531344057,-0.533697962598143,0,"105","1","105",-0.180196907888851,0.301004701718378,-0.713894870486994,1.05222044295358,2.34034731932072
"106","S_2116_S350",1.76611531344057,-0.462496464695282,0,"106","1","106",-0.559346012984843,0.232823312856843,-1.02184247768013,0.744272835760444,1.31607401295249
"107","S_2135_S234",1.76611531344057,-0.581920912037877,0,"107","1","107",-0.47901689744025,0.274882249429876,-1.06093780947813,0.705177503962442,1.31607401295249
"108","S_2140_S363",1.76611531344057,-0.611581034349136,0,"108","1","108",-1.15112250824249,0.266551869689068,-1.76270354259163,0.00341177084894184,0
"109","S_2145_S212",1.76611531344057,-0.330350360750633,0,"109","1","109",-0.0811897413562419,0.257161419892113,-0.411540102106875,1.3545752113337,0
"110","S_2155_S383",1.76611531344057,-0.44948332957575,0,"110","1","110",0.105112577202827,0.269362263255358,-0.344370752372923,1.42174456106765,1.4142135623731
"111","S_2187_S360",1.76611531344057,-0.397133299570815,0,"111","1","111",0.116243131606627,0.225364590101353,-0.280890167964188,1.48522514547638,1.96798967126543
"112","S_2192_S307",1.76611531344057,-0.532523745999871,0,"112","1","112",-0.195706798930551,0.250507869799518,-0.728230544930422,1.03788476851015,1.31607401295249
"113","S_2193_S216",1.76611531344057,-0.385083357761936,0,"113","1","113",-0.194423443085791,0.256346770857032,-0.579506800847728,1.18660851259284,1.65487545982344
"114","S_2201_S214",1.76611531344057,-0.589381884915557,0,"114","1","114",-0.935909999730393,0.283552640264357,-1.52529188464595,0.24082342879462,0
"115","S_2203_S277",1.76611531344057,-0.766729683126541,0,"115","1","115",-0.252119968221435,0.291211512153233,-1.01884965134798,0.747265662092594,0
"116","S_2212_S230",1.76611531344057,-0.444406355300611,0,"116","1","116",-1.06346111990591,0.241053138844218,-1.50786747520653,0.258247838234045,0
"117","S_2214_S290",1.76611531344057,-0.651355316788759,0,"117","1","117",-0.588532063697707,0.295698204593176,-1.23988738048647,0.526227932954104,1.4142135623731
"118","S_2226_S298",1.76611531344057,-0.357857729452435,0,"118","1","118",0.238320791610731,0.258572414459769,-0.119536937841704,1.64657837559887,2.21336383940064
"119","S_2228_S346",1.76611531344057,-0.354604185782954,0,"119","1","119",0.153157865299631,0.257757203442885,-0.201446320483323,1.56466899295725,0
"120","S_2232_S273",1.76611531344057,-0.213208963298444,0,"120","1","120",0.281345025801334,0.270541082741495,0.0681360625028892,1.83425137594346,1.31607401295249
"121","S_2271_S195",1.76611531344057,-0.283271616957,0,"121","1","121",0.382516004501501,0.243538474819388,0.0992443875445019,1.86535970098507,1.49534878122122
"122","S_2299_S281",1.76611531344057,-0.665660494373279,0,"122","1","122",0.610981421097868,0.296471351674853,-0.0546790732754115,1.71143624016516,2.65914794847249
"123","S_2302_S259",1.76611531344057,-0.416804332507156,0,"123","1","123",0.777256203066688,0.287356685316691,0.360451870559532,2.1265671840001,2.23606797749979
"124","S_2307_S288",1.76611531344057,-0.297683671824505,0,"124","1","124",0.245758067574013,0.225256550840494,-0.051925604250492,1.71418970919008,2.69178163547765
"125","S_2319_S337",1.76611531344057,-0.360322651356306,0,"125","1","125",-0.270020573061497,0.223613978219053,-0.630343224417803,1.13577208902277,0
"126","S_231_S260",1.76611531344057,-0.520146646119355,0,"126","1","126",0.28163236737025,0.289468781559633,-0.238514278749104,1.52760103469147,2.11474252688113
"127","S_2323_S355",1.76611531344057,-0.621466211038371,0,"127","1","127",-0.216832626736041,0.269653844046436,-0.838298837774412,0.927816475666158,1.25743342968294
"128","S_2351_S197",1.76611531344057,-0.625721785545053,0,"128","1","128",-0.75784553483458,0.272344235297255,-1.38356732037963,0.382547993060937,0
"129","S_2358_S289",1.76611531344057,-0.509822541081778,0,"129","1","129",-0.000274348899754681,0.255688168023086,-0.510096889981533,1.25601842345904,1.49534878122122
"130","S_2370_S336",1.76611531344057,-0.128829360070145,0,"130","1","130",-0.343361470940988,0.234526245834018,-0.472190831011132,1.29392448242944,1
"131","S_2375_S268",1.76611531344057,-0.185191918324485,0,"131","1","131",0.706127413937793,0.253584098275239,0.520935495613309,2.28705080905388,2.51486685936587
"132","S_2395_S194",1.76611531344057,-0.496920780956811,0,"132","1","132",-0.16810938627788,0.264752459486908,-0.665030167234691,1.10108514620588,1.56508458007329
"133","S_242_S324",1.76611531344057,-0.251265346236844,0,"133","1","133",-0.816939468012277,0.251051672154173,-1.06820481424912,0.69791049919145,0
"134","S_248_S252",1.76611531344057,-0.409012712062633,0,"134","1","134",0.020112703829811,0.250588252017108,-0.388900008232822,1.37721530520775,1.77827941003892
"135","S_261_S368",1.76611531344057,-0.469329852068228,0,"135","1","135",0.296481415275256,0.239523545889138,-0.172848436792973,1.5932668766476,1.96798967126543
"136","S_269_S228",1.76611531344057,-0.540634662253263,0,"136","1","136",-0.455696206132065,0.267981849661581,-0.996330868385329,0.769784445055242,0.840896415253715
"137","S_272_S326",1.76611531344057,-0.53835525437408,0,"137","1","137",0.0384574839979445,0.267705277830379,-0.499897770376135,1.26621754306443,2.11474252688113
"138","S_285_S191",1.76611531344057,-0.256296492736693,0,"138","1","138",0.858412728785426,0.229726660425169,0.602116236048733,2.3682315494893,2.05976714390712
"139","S_28_S364",1.76611531344057,-0.491498230475786,0,"139","1","139",-0.553731772366371,0.252195162879796,-1.04523000284216,0.720885310598413,0
"140","S_294_S317",1.76611531344057,-0.703064739162567,0,"140","1","140",-0.733978652732866,0.283637165552285,-1.43704339189543,0.329071921545138,0
"141","S_298_S354",1.76611531344057,-0.525534159563527,0,"141","1","141",0.417862896883114,0.302785644811321,-0.107671262680413,1.65844405076016,2.11474252688113
"142","S_304_S341",1.76611531344057,-0.377738765683879,0,"142","1","142",-0.350505297500011,0.26977184283451,-0.72824406318389,1.03787125025668,0
"143","S_325_S347",1.76611531344057,-0.615690481785822,0,"143","1","143",-0.538527828287959,0.259401011538845,-1.15421831007378,0.611897003366789,0
"144","S_381_S205",1.76611531344057,-0.402877059672934,0,"144","1","144",0.257204712718613,0.250616577620215,-0.145672346954321,1.62044296648625,2.65914794847249
"145","S_382_S276",1.76611531344057,-0.555422950867573,0,"145","1","145",0.266789076841119,0.273557365328055,-0.288633874026454,1.47748143941412,2.89250760851908
"146","S_389_S330",1.76611531344057,-0.0624965752535119,0,"146","1","146",0.0742781483270196,0.257106384165905,0.0117815730735077,1.77789688651408,2.23606797749979
"147","S_394_S237",1.76611531344057,-0.26308373255895,0,"147","1","147",-0.755295169703276,0.2431649763922,-1.01837890226223,0.747736411178344,0
"148","S_398_S239",1.76611531344057,-0.314715122862044,0,"148","1","148",0.126470834906217,0.253034889035642,-0.188244287955827,1.57787102548474,1.49534878122122
"149","S_402_S309",1.76611531344057,-0.571257449414061,0,"149","1","149",-0.233303586319785,0.274392380347005,-0.804561035733846,0.961554277706724,1.31607401295249
"150","S_415_S222",1.76611531344057,-0.369706419790967,0,"150","1","150",-0.977898359221878,0.25542085131178,-1.34760477901285,0.418510534427725,0
"151","S_421_S358",1.76611531344057,-0.350201504991127,0,"151","1","151",-0.320973475024938,0.249711633988889,-0.671174980016064,1.09494033342451,1.31607401295249
"152","S_437_S233",1.76611531344057,-0.35456907286725,0,"152","1","152",0.259765373759905,0.269459149860416,-0.0948036991073444,1.67131161433323,1.18920711500272
"153","S_449_S352",1.76611531344057,-0.387353179980142,0,"153","1","153",0.105152737802696,0.254939427617958,-0.282200442177446,1.48391487126312,2.05976714390712
"154","S_451_S261",1.76611531344057,-0.672305620306026,0,"154","1","154",-0.0512421388114736,0.290786488208041,-0.723547759117499,1.04256755432307,0
"155","S_471_S344",1.76611531344057,-0.476684515236193,0,"155","1","155",-0.0290230131996904,0.273376084168528,-0.505707528435883,1.26040778500469,0
"156","S_473_S362",1.76611531344057,-0.650706547650167,0,"156","1","156",0.097822630733534,0.266296554837768,-0.552883916916633,1.21323139652394,1.56508458007329
"157","S_477_S225",1.76611531344057,-0.607377551136142,0,"157","1","157",-0.155427385166875,0.380983330698758,-0.762804936303017,1.00331037713755,0
"158","S_494_S382",1.76611531344057,-0.455815242446778,0,"158","1","158",0.183014930983935,0.254149769367013,-0.272800311462844,1.49331500197773,1.49534878122122
"159","S_496_S381",1.76611531344057,-0.116917473542449,0,"159","1","159",-0.129886187056094,0.258105657285271,-0.246803660598543,1.51931165284203,2.17793858734643
"160","S_499_S265",1.76611531344057,-0.231678452258451,0,"160","1","160",0.465536568869461,0.239032380469649,0.23385811661101,1.99997343005158,2.05976714390712
"161","S_4_S313",1.76611531344057,-0.430959818787979,0,"161","1","161",0.775056846269806,0.245435862136144,0.344097027481827,2.1102123409224,2.78315768371374
"162","S_525_S305",1.76611531344057,-0.581260407392974,0,"162","1","162",-0.143069567523103,0.257271627900394,-0.724329974916077,1.04178533852449,0
"163","S_529_S314",1.76611531344057,-0.62478088962605,0,"163","1","163",0.278637033781026,0.274992708584362,-0.346143855845025,1.41997145759555,1.18920711500272
"164","S_550_S257",1.76611531344057,-0.37116995741031,0,"164","1","164",0.249004486917739,0.273187793425315,-0.122165470492571,1.643949842948,2.94283095638271
"165","S_552_S308",1.76611531344057,-0.720123234324252,0,"165","1","165",-0.0169345814579949,0.265331543159577,-0.737057815782247,1.02905749765832,1.31607401295249
"166","S_564_S211",1.76611531344057,-0.208892668759206,0,"166","1","166",-0.427193671223932,0.271619103646138,-0.636086339983138,1.13002897345743,1.73205080756888
"167","S_572_S203",1.76611531344057,-0.260114630117304,0,"167","1","167",-0.55942436288579,0.258648165766577,-0.819538993003094,0.946576320437476,0
"168","S_597_S255",1.76611531344057,-0.41605072409836,0,"168","1","168",0.131346369174075,0.249205901235944,-0.284704354924285,1.48141095851629,1.8612097182042
"169","S_652_S232",1.76611531344057,-0.272178853258908,0,"169","1","169",0.414824156051512,0.221337008380349,0.142645302792604,1.90876061623317,2.51486685936587
"170","S_66_S321",1.76611531344057,-0.446369095999894,0,"170","1","170",0.345881001160531,0.278760114160191,-0.100488094839363,1.66562721860121,2.65914794847249
"171","S_699_S356",1.76611531344057,-0.564536413862646,0,"171","1","171",-0.145389294592127,0.269664994041777,-0.709925708454773,1.0561896049858,1.49534878122122
"172","S_6_S348",1.76611531344057,-0.404450879250422,0,"172","1","172",0.473823080288625,0.239083030563647,0.0693722010382023,1.83548751447877,1.49534878122122
"173","S_701_S340",1.76611531344057,-0.45105813332375,0,"173","1","173",0.105470169801187,0.266442653873375,-0.345587963522563,1.42052734991801,2.11474252688113
"174","S_704_S282",1.76611531344057,-0.324145090837528,0,"174","1","174",0.359377413845868,0.238437092932663,0.0352323230083403,1.80134763644891,2.34034731932072
"175","S_716_S283",1.76611531344057,-0.0962280975693035,0,"175","1","175",-0.0598752800691112,0.222733843687451,-0.156103377638415,1.61001193580216,1.8612097182042
"176","S_732_S243",1.76611531344057,-0.303651838967225,0,"176","1","176",0.283957196732585,0.256125364494463,-0.0196946422346406,1.74642067120593,2.54572989502183
"177","S_737_S201",1.76611531344057,-0.409123738094492,0,"177","1","177",0.795819178169126,0.237284922693338,0.386695440074633,2.1528107535152,2.73861278752583
"178","S_769_S220",1.76611531344057,-0.252991173393165,0,"178","1","178",-0.588281000068997,0.240272575417195,-0.841272173462162,0.924843139978408,1
"179","S_797_S209",1.76611531344057,-0.199473686191797,0,"179","1","179",-0.260250145219151,0.242461457689551,-0.459723831410947,1.30639148202962,0
"180","S_809_S270",1.76611531344057,-0.145914052837303,0,"180","1","180",0.462137467810215,0.22860112783164,0.316223414972912,2.08233872841348,2.65914794847249
"181","S_81_S279",1.76611531344057,-0.274197193846407,0,"181","1","181",0.146464032163139,0.231388353869427,-0.127733161683268,1.6383821517573,1.56508458007329
"182","S_829_S286",1.76611531344057,-0.196729604824157,0,"182","1","182",0.131265462276431,0.269603605330385,-0.0654641425477267,1.70065117089284,2.11474252688113
"183","S_831_S353",1.76611531344057,-0.432237861457981,0,"183","1","183",0.430912329302528,0.249980971990791,-0.00132553215545261,1.76478978128512,2.65914794847249
"184","S_838_S306",1.76611531344057,-0.321902009588852,0,"184","1","184",0.23708209444132,0.232022839738874,-0.0848199151475326,1.68129539829304,2.23606797749979
"185","S_868_S274",1.76611531344057,-0.437390559437721,0,"185","1","185",0.167377901628085,0.286773059176757,-0.270012657809635,1.49610265563093,1.10668191970032
"186","S_869_S241",1.76611531344057,-0.429853515221399,0,"186","1","186",0.164217676785191,0.274006605535089,-0.265635838436208,1.50047947500436,1.56508458007329
"187","S_874_S217",1.76611531344057,-0.238405088679525,0,"187","1","187",0.450828672898701,0.265664427679812,0.212423584219177,1.97853889765975,2.34034731932072
"188","S_881_S365",1.76611531344057,-0.377319933729771,0,"188","1","188",0.747033049119454,0.257587708593305,0.369713115389683,2.13582842883025,2.78315768371374
"189","S_89_S199",1.76611531344057,-0.555934118665246,0,"189","1","189",-0.231334616457763,0.265106894979072,-0.787268735123009,0.978846578317561,0
"190","S_905_S248",1.76611531344057,-0.492504000064423,0,"190","1","190",-0.112129914426353,0.246404489196445,-0.604633914490775,1.16148139894979,0.840896415253715
"191","S_927_S334",1.76611531344057,-0.365173441761162,0,"191","1","191",-0.571856962243311,0.245730237938133,-0.937030404004472,0.829084909436098,0
"192","S_984_S370",1.76611531344057,-0.51282354742009,0,"192","1","192",0.00527149992936121,0.259387204962136,-0.507552047490729,1.25856326594984,1.49534878122122
"193","S_989_S196",1.76611531344057,-0.243045466695189,0,"193","1","193",-0.30538845085651,0.226120405727411,-0.548433917551699,1.21768139588887,1.25743342968294
"194","S_9_S300",1.76611531344057,-0.275283553769312,0,"194","1","194",0.910790453136789,0.232751159208652,0.635506899367477,2.40162221280805,2.78315768371374
"195","S_1001_S52_L003",1.76611531344057,-0.436838315909434,0,"195","1","195",0.199621890487261,0.262977893981238,-0.237216425422174,1.5288988880184,2.65914794847249
"196","S_1004_S75_L003",1.76611531344057,-0.87020658302798,0,"196","1","196",0.955745948745862,0.334189440806074,0.0855393657178818,1.85165467915845,2.89250760851908
"197","S_1010_S144",1.76611531344057,-0.383196034375492,0,"197","1","197",0.423098623485363,0.252097596077293,0.0399025891098709,1.80601790255044,1.49534878122122
"198","S_1012_S150",1.76611531344057,-0.573743180380242,0,"198","1","198",0.220363380297742,0.275971820637755,-0.3533798000825,1.41273551335807,2.11474252688113
"199","S_1013_S145",1.76611531344057,-0.353554259024248,0,"199","1","199",-0.237919283032945,0.240964371815425,-0.591473542057192,1.17464177138338,1.49534878122122
"200","S_101_S15_L003",1.76611531344057,-0.76492698238469,0,"200","1","200",-0.350062796083558,0.284413209178153,-1.11498977846825,0.651125534972322,1
"201","S_1020_S139",1.76611531344057,-0.539824246614376,0,"201","1","201",0.443886814618895,0.279366065652522,-0.0959374319954818,1.67017788144509,1.22474487139159
"202","S_1022_S29",1.76611531344057,-0.364972291924325,0,"202","1","202",0.406702899360314,0.250495442293911,0.0417306074359898,1.80784592087656,2.23606797749979
"203","S_1029_S66_L003",1.76611531344057,-0.461420311127276,0,"203","1","203",-0.114202292846848,0.260064975791302,-0.575622603974124,1.19049270946645,0
"204","S_1030_S13",1.76611531344057,-0.271169825946974,0,"204","1","204",0.584070150702739,0.249179864720083,0.312900324755765,2.07901563819634,2.34034731932072
"205","S_1036_S32",1.76611531344057,-0.299880099468649,0,"205","1","205",0.5920627711697,0.287330977879623,0.292182671701051,2.05829798514162,1.77827941003892
"206","S_1041_S151",1.76611531344057,-0.225293266496285,0,"206","1","206",1.04614700100563,0.239836504519438,0.820853734509342,2.58696904794991,2.89250760851908
"207","S_1053_S23",1.76611531344057,-0.511398701804795,0,"207","1","207",0.0675371914187541,0.266063441726793,-0.443861510386041,1.32225380305453,2.21336383940064
"208","S_1075_S38",1.76611531344057,-0.414945933108198,0,"208","1","208",0.319808330431631,0.238769006219693,-0.0951376026765668,1.670977710764,2.11474252688113
"209","S_1076_S167",1.76611531344057,-0.6728526102049,0,"209","1","209",-0.305171378856588,0.332314417653857,-0.978023989061488,0.788091324379082,2.34034731932072
"210","S_107_S16",1.76611531344057,-0.560892442123829,0,"210","1","210",0.135742333446377,0.268797627846201,-0.425150108677452,1.34096520476312,2.34034731932072
"211","S_1093_S116",1.76611531344057,-0.478582466822518,0,"211","1","211",0.627803070208498,0.25471079278403,0.149220603385981,1.91533591682655,2.34034731932072
"212","S_10_S169",1.76611531344057,-0.347563405529596,0,"212","1","212",0.857651583524301,0.233207731602752,0.510088177994705,2.27620349143528,1.8612097182042
"213","S_1118_S92",1.76611531344057,-0.407900631931806,0,"213","1","213",0.00039551698618312,0.267918941890232,-0.407505114945623,1.35861019849495,1.49534878122122
"214","S_1125_S30_L003",1.76611531344057,-0.586548481050411,0,"214","1","214",-0.88554751540947,0.271018471405033,-1.47209599645988,0.294019316980689,0
"215","S_1134_S91",1.76611531344057,-0.469177531591651,0,"215","1","215",0.0264957785456708,0.238594048870004,-0.44268175304598,1.32343356039459,1.31607401295249
"216","S_1138_S159",1.76611531344057,-0.504575700130095,0,"216","1","216",0.1634859595573,0.316113702806468,-0.341089740572795,1.42502557286778,2.34034731932072
"217","S_113_S7_L003",1.76611531344057,-0.245236259111437,0,"217","1","217",-0.27224385728971,0.241143111456116,-0.517480116401148,1.24863519703942,1.18920711500272
"218","S_1140_S60_L003",1.76611531344057,-0.420676490766368,0,"218","1","218",0.179727426984273,0.255762703862151,-0.240949063782095,1.52516624965847,2.05976714390712
"219","S_1154_S161",1.76611531344057,-0.432539135363443,0,"219","1","219",0.521223529905963,0.249050489900718,0.0886843945425203,1.85479970798309,1.96798967126543
"220","S_1160_S11",1.76611531344057,-0.329837652537269,0,"220","1","220",0.78757852869493,0.250317561065472,0.457740876157661,2.22385618959823,2.89250760851908
"221","S_1177_S24",1.76611531344057,-0.624957261022474,0,"221","1","221",0.515133096371441,0.259233954703483,-0.109824164651033,1.65629114878954,1.77827941003892
"222","S_1179_S105",1.76611531344057,-0.458528357541098,0,"222","1","222",0.0419725437567804,0.272717317425649,-0.416555813784318,1.34955949965625,2.51486685936587
"223","S_1200_S164",1.76611531344057,-0.45562440280568,0,"223","1","223",0.142047625164223,0.283761154567641,-0.313576777641457,1.45253853579911,2.34034731932072
"224","S_1202_S72_L003",1.76611531344057,0.0488981971871802,0,"224","1","224",0.221846145213961,0.247746135626508,0.270744342401141,2.03685965584171,2.51486685936587
"225","S_1203_S53",1.76611531344057,-0.139066795452002,0,"225","1","225",-0.0118927169309029,0.235847774793999,-0.150959512382905,1.61515580105767,0
"226","S_1210_S120",1.76611531344057,-0.351075743302257,0,"226","1","226",-0.00512609437704706,0.246885681439024,-0.356201837679304,1.40991347576127,1.25743342968294
"227","S_1213_S95_L003",1.76611531344057,-0.426189800900776,0,"227","1","227",0.492173115011642,0.256942891133702,0.0659833141108658,1.83209862755144,2.11474252688113
"228","S_122_S43_L003",1.76611531344057,-0.631885780229286,0,"228","1","228",0.233869253145214,0.299041849276671,-0.398016527084072,1.3680987863565,1.56508458007329
"229","S_1247_S133",1.76611531344057,-0.428563499008942,0,"229","1","229",-0.584217241842563,0.253719143410091,-1.0127807408515,0.753334572589066,0
"230","S_1257_S89",1.76611531344057,-0.579778569624965,0,"230","1","230",0.353871210598295,0.275925550158502,-0.22590735902667,1.5402079544139,1.49534878122122
"231","S_125_S163",1.76611531344057,-0.594385225553814,0,"231","1","231",-0.264844503902341,0.284402087886814,-0.859229729456155,0.906885583984415,0
"232","S_1278_S20",1.76611531344057,-0.257158814697013,0,"232","1","232",-0.0868113129523444,0.252786755992945,-0.343970127649357,1.42214518579121,0
"233","S_1287_S146",1.76611531344057,-0.28116436749289,0,"233","1","233",0.200362249882034,0.240426572707436,-0.0808021176108557,1.68531319582971,2.34034731932072
"234","S_1289_S164",1.76611531344057,-0.226505272993598,0,"234","1","234",0.440930422413539,0.23140941345391,0.214425149419941,1.98054046286051,2.21336383940064
"235","S_1308_S183",1.76611531344057,-0.431585214166316,0,"235","1","235",-0.194045100294187,0.306763188508302,-0.625630314460503,1.14048499898007,1.49534878122122
"236","S_1323_S36",1.76611531344057,-0.261749718945166,0,"236","1","236",0.170223688708976,0.235233344984635,-0.0915260302361892,1.67458928320438,1.96798967126543
"237","S_1326_S53_L003",1.76611531344057,-0.263879931377017,0,"237","1","237",0.896979099392838,0.240863451385981,0.633099168015821,2.39921448145639,2.78315768371374
"238","S_132_S41",1.76611531344057,-0.550680220522481,0,"238","1","238",-0.433935184053389,0.253199038479189,-0.98461540457587,0.7814999088647,0
"239","S_1370_S76",1.76611531344057,-0.763498469050353,0,"239","1","239",-0.532886048880605,0.288768309432903,-1.29638451793096,0.469730795509612,0
"240","S_1374_S132",1.76611531344057,-0.646732694178226,0,"240","1","240",-1.12665538048034,0.272628799377401,-1.77338807465857,0,0
"241","S_1384_S78",1.76611531344057,-0.611794024135302,0,"241","1","241",-0.518998584384585,0.268978138203044,-1.13079260851989,0.635322704920683,0
"242","S_1390_S94",1.76611531344057,-0.527327896624786,0,"242","1","242",0.268191768434182,0.266901052661422,-0.259136128190604,1.50697918524997,2.65914794847249
"243","S_1393_S83_L003",1.76611531344057,-0.342697516179933,0,"243","1","243",-0.490934906282966,0.240601045496199,-0.833632422462899,0.932482890977671,0
"244","S_1395_S102",1.76611531344057,-0.341542747342042,0,"244","1","244",-0.0884774380666769,0.27900615006586,-0.430020185408719,1.33609512803185,1.49534878122122
"245","S_1403_S130",1.76611531344057,-0.481587408140055,0,"245","1","245",-0.56542281158574,0.255779682446926,-1.0470102197258,0.719105093714775,1.31607401295249
"246","S_1405_S126",1.76611531344057,-0.524784935501972,0,"246","1","246",-0.452073479415492,0.242508635252558,-0.976858414917464,0.789256898523106,0
"247","S_1408_S17_L003",1.76611531344057,-0.252801323282568,0,"247","1","247",0.35473797929954,0.239643056615375,0.101936656016972,1.86805196945754,2.89250760851908
"248","S_1412_S125",1.76611531344057,-0.533771307566513,0,"248","1","248",0.0843892391744782,0.255906981703149,-0.449382068392035,1.31673324504854,0
"249","S_1413_S10_L003",1.76611531344057,-0.258137542521082,0,"249","1","249",0.0295627356008778,0.238084847750643,-0.228574806920205,1.53754050652037,1.56508458007329
"250","S_141_S188",1.76611531344057,-0.413545418127651,0,"250","1","250",0.195210009247999,0.248804074653528,-0.218335408879652,1.54777990456092,1
"251","S_1434_S73_L003",1.76611531344057,-0.434005503770157,0,"251","1","251",-0.574385090337169,0.242313023528516,-1.00839059410733,0.757724719333244,0
"252","S_1443_S64_L003",1.76611531344057,-0.374587315201135,0,"252","1","252",0.176196443688143,0.254389336058714,-0.198390871512991,1.56772444192758,1.56508458007329
"253","S_1462_S171",1.76611531344057,-0.298037897596576,0,"253","1","253",0.467411152872168,0.2329105722268,0.169373255275592,1.93548856871616,2.05976714390712
"254","S_1464_S64",1.76611531344057,-0.226735749871149,0,"254","1","254",0.104144847465078,0.221817248066527,-0.122590902406072,1.6435244110345,1.25743342968294
"255","S_1467_S106",1.76611531344057,-0.410500742194671,0,"255","1","255",-0.266017024772425,0.255906960681028,-0.676517766967097,1.08959754647347,1.56508458007329
"256","S_1468_S139",1.76611531344057,-0.384526779028585,0,"256","1","256",-0.188774851446025,0.253187007652514,-0.57330163047461,1.19281368296596,1.56508458007329
"257","S_1479_S2_L003",1.76611531344057,-0.180390905690457,0,"257","1","257",-0.212929440135395,0.234228238672671,-0.393320345825852,1.37279496761472,1.31607401295249
"258","S_147_S19",1.76611531344057,-0.27808651696546,0,"258","1","258",0.59243866678817,0.234629026468118,0.314352149822711,2.08046746326328,1.49534878122122
"259","S_14_S3",1.76611531344057,-0.280285356499659,0,"259","1","259",-0.479161826635121,0.250513979266614,-0.759447183134779,1.00666813030579,0
"260","S_1506_S61",1.76611531344057,-0.281705297182261,0,"260","1","260",-0.634371710119803,0.265345231170939,-0.916077007302064,0.850038306138506,0
"261","S_1516_S148",1.76611531344057,-0.683444872939493,0,"261","1","261",-0.157312680046488,0.372953130119983,-0.840757552985981,0.92535776045459,1.73205080756888
"262","S_151_S93",1.76611531344057,-0.495056986754024,0,"262","1","262",0.167203274771473,0.264761446719926,-0.327853711982551,1.43826160145802,0
"263","S_1521_S18",1.76611531344057,-0.497604819152631,0,"263","1","263",0.0723637085466496,0.250586620228068,-0.425241110605981,1.34087420283459,2.11474252688113
"264","S_1528_S47",1.76611531344057,-0.280710966921503,0,"264","1","264",0.0841498294608405,0.241227830993436,-0.196561137460663,1.56955417597991,2.11474252688113
"265","S_1531_S31_L003",1.76611531344057,-0.452377585646625,0,"265","1","265",-0.0667511834947993,0.250242464739442,-0.519128769141424,1.24698654429915,0
"266","S_1532_S117",1.76611531344057,-0.441349444180156,0,"266","1","266",0.515002794838284,0.248708544121506,0.0736533506581288,1.8397686640987,2.65914794847249
"267","S_1542_S44",1.76611531344057,-0.44174200902516,0,"267","1","267",-0.377442265189967,0.236216959246068,-0.819184274215127,0.946931039225443,0
"268","S_154_S162",1.76611531344057,-0.549755134083351,0,"268","1","268",0.291212052463405,0.253641578719146,-0.258543081619945,1.50757223182062,1.65487545982344
"269","S_1552_S185",1.76611531344057,-0.48873691202157,0,"269","1","269",0.0779722062368104,0.252444619266621,-0.410764705784759,1.35535060765581,1.31607401295249
"270","S_1561_S52",1.76611531344057,-0.316828703760386,0,"270","1","270",-0.0566709755380684,0.221029667210668,-0.373499679298455,1.39261563414212,1.25743342968294
"271","S_1565_S74_L003",1.76611531344057,-0.212477470286509,0,"271","1","271",0.635954595101861,0.251536546376552,0.423477124815352,2.18959243825592,1.4142135623731
"272","S_1567_S13_L003",1.76611531344057,-0.282167954195797,0,"272","1","272",0.294394110932803,0.248567293832901,0.0122261567370054,1.77834147017758,1.49534878122122
"273","S_159_S190",1.76611531344057,-0.498978129641198,0,"273","1","273",0.177579952436429,0.261836410666296,-0.321398177204768,1.4447171362358,2.34034731932072
"274","S_1604_S168",1.76611531344057,-0.19008751331013,0,"274","1","274",0.54425054932939,0.234567622922163,0.354163036019261,2.12027834945983,2.44948974278318
"275","S_1620_S26",1.76611531344057,-0.36972804838938,0,"275","1","275",-0.345596929556271,0.238211766781332,-0.715324977945651,1.05079033549492,0
"276","S_1651_S111",1.76611531344057,-0.358073011991168,0,"276","1","276",-0.0433007854438864,0.253398453628504,-0.401373797435055,1.36474151600552,1.49534878122122
"277","S_1660_S143",1.76611531344057,-0.308377596248736,0,"277","1","277",0.197144732973504,0.259924534644363,-0.111232863275231,1.65488245016534,2.51486685936587
"278","S_1674_S49_L003",1.76611531344057,-0.341567423970106,0,"278","1","278",0.473037140941083,0.240058991737492,0.131469716970977,1.89758503041155,1.25743342968294
"279","S_1675_S175",1.76611531344057,-0.438500334174629,0,"279","1","279",0.250963893062295,0.242124271338505,-0.187536441112334,1.57857887232824,1.4142135623731
"280","S_1678_S107",1.76611531344057,-0.401434098152887,0,"280","1","280",0.11977716153831,0.246045391766059,-0.281656936614577,1.48445837682599,1.31607401295249
"281","S_1687_S90_L003",1.76611531344057,-0.539654081443661,0,"281","1","281",-0.839545837385267,0.2720346403719,-1.37919991882893,0.386915394611641,0
"282","S_1691_S141",1.76611531344057,-0.208123420934645,0,"282","1","282",-0.61629743797923,0.234750286160991,-0.824420858913874,0.941694454526696,1.39157884185687
"283","S_1697_S147",1.76611531344057,-0.609716970457358,0,"283","1","283",0.0834001220090096,0.380022602844223,-0.526316848448348,1.23979846499222,1.49534878122122
"284","S_169_S27",1.76611531344057,-0.345923948024336,0,"284","1","284",-0.00418618389098083,0.23114120953662,-0.350110131915317,1.41600518152525,1.31607401295249
"285","S_16_S56_L003",1.76611531344057,-0.201493250194137,0,"285","1","285",0.0257318936997729,0.244157529352312,-0.175761356494364,1.59035395694621,2.23606797749979
"286","S_1725_S144",1.76611531344057,-0.482063850331171,0,"286","1","286",0.28080254872025,0.344039458479822,-0.201261301610921,1.56485401182965,0.840896415253715
"287","S_1727_S30",1.76611531344057,-0.185676938392775,0,"287","1","287",0.515949859635203,0.242920540741184,0.330272921242428,2.096388234683,1.25743342968294
"288","S_1735_S172",1.76611531344057,-0.175486469268356,0,"288","1","288",-0.137067187751027,0.251047006070039,-0.312553657019383,1.45356165642119,1.56508458007329
"289","S_1740_S146",1.76611531344057,-0.534118101126412,0,"289","1","289",-0.148900405668919,0.269459858985536,-0.683018506795331,1.08309680664524,1.91682931273882
"290","S_1747_S48_L003",1.76611531344057,-0.447443850378071,0,"290","1","290",-0.0452430808531703,0.261434616826406,-0.492686931231241,1.27342838220933,1.49534878122122
"291","S_1753_S75",1.76611531344057,-0.369736896488801,0,"291","1","291",-0.190584078121597,0.242967151136306,-0.560320974610398,1.20579433883017,1.49534878122122
"292","S_1755_S134",1.76611531344057,-0.580156882004049,0,"292","1","292",-0.372569187017263,0.266499816420262,-0.952726069021313,0.813389244419257,1
"293","S_1757_S61_L003",1.76611531344057,-0.488320256893458,0,"293","1","293",-0.160694919656296,0.25164126016692,-0.649015176549754,1.11710013689082,1.96798967126543
"294","S_177_S62",1.76611531344057,-0.420972146388381,0,"294","1","294",0.509252646100006,0.246399712840898,0.0882804997116245,1.85439581315219,1.49534878122122
"295","S_1780_S45_L003",1.76611531344057,-0.301531437728821,0,"295","1","295",0.0356428952990928,0.230280433626984,-0.265888542429728,1.50022677101084,1.8612097182042
"296","S_1781_S84",1.76611531344057,-0.511083185680763,0,"296","1","296",-0.0808782227226513,0.347347879184912,-0.591961408403415,1.17415390503716,1.96798967126543
"297","S_1783_S150",1.76611531344057,-0.595620562917638,0,"297","1","297",-0.385099244512114,0.313271045128953,-0.980719807429752,0.785395506010818,0.840896415253715
"298","S_1799_S86",1.76611531344057,-0.592826861160159,0,"298","1","298",-0.248211414024188,0.266032050365322,-0.841038275184347,0.925077038256224,1.31607401295249
"299","S_1800_S14_L003",1.76611531344057,-0.666691518707852,0,"299","1","299",-0.502752921575,0.276335493022928,-1.16944444028285,0.596670873157718,0
"300","S_1811_S148",1.76611531344057,-0.368313126547552,0,"300","1","300",0.491892649364687,0.245735995907239,0.123579522817135,1.88969483625771,2.11474252688113
"301","S_181_S65",1.76611531344057,-0.560549129450277,0,"301","1","301",0.490218025612999,0.258402211741267,-0.0703311038372779,1.69578420960329,1.62657656169779
"302","S_1822_S37",1.76611531344057,-0.751094285414083,0,"302","1","302",0.143296806855719,0.281516116108924,-0.607797478558364,1.15831783488221,1.77827941003892
"303","S_1823_S3_L003",1.76611531344057,-0.540931713748684,0,"303","1","303",-0.225371968279287,0.261165837386344,-0.766303682027971,0.999811631412599,1
"304","S_1824_S180",1.76611531344057,-0.628995591962584,0,"304","2","  1",-0.252533307352619,0.276449167192115,-0.881528899315202,0.884586414125368,NA
"305","S_1828_S156",1.76611531344057,-0.309819087024734,0,"305","1","304",-0.194384800872305,0.234750625833755,-0.504203887897039,1.26191142554353,1.18920711500272
"306","S_1834_S114",1.76611531344057,-0.413555990687672,0,"306","1","305",-0.285525208071907,0.230578771809413,-0.699081198759579,1.06703411468099,1.77827941003892
"307","S_1835_S57",1.76611531344057,-0.31160607584525,0,"307","1","306",-0.283564790430634,0.221047875949848,-0.595170866275884,1.17094444716469,0
"308","S_1845_S34",1.76611531344057,-0.36813412926839,0,"308","1","307",0.562875827806367,0.253065607468485,0.194741698537977,1.96085701197855,2.51486685936587
"309","S_1855_S49",1.76611531344057,-0.526905798793688,0,"309","1","308",-0.387522746210409,0.237879463033952,-0.914428545004098,0.851686768436472,1
"310","S_1856_S51",1.76611531344057,-0.471376167986929,0,"310","1","309",0.172545802359714,0.271279481913736,-0.298830365627215,1.46728494781336,0.840896415253715
"311","S_185_S72",1.76611531344057,-0.633728242964894,0,"311","1","310",-0.241287109207924,0.299115793874283,-0.875015352172818,0.891099961267752,0
"312","S_1861_S1_L003",1.76611531344057,0.0130352152522057,0,"312","1","311",0.133077238647515,0.251637322903944,0.146112453899721,1.91222776734029,2.51486685936587
"313","S_1871_S186",1.76611531344057,-0.00438103868215068,0,"313","1","312",0.218420791599482,0.251979210519774,0.214039752917331,1.9801550663579,1.73205080756888
"314","S_188_S79",1.76611531344057,-0.351465702366524,0,"314","1","313",-0.252333046204671,0.26161533209429,-0.603798748571195,1.16231656486938,1.18920711500272
"315","S_1909_S132",1.76611531344057,-0.486547142953976,0,"315","1","314",0.47009218427347,0.244193781086549,-0.0164549586805059,1.74966035476006,2.05976714390712
"316","S_190_S2",1.76611531344057,-0.166641360773671,0,"316","1","315",0.307824806244382,0.259871514585982,0.141183445470711,1.90729875891128,2.23606797749979
"317","S_1910_S23_L003",1.76611531344057,-0.596574829447681,0,"317","1","316",0.149032652953149,0.28107372636245,-0.447542176494531,1.31857313694604,1.49534878122122
"318","S_1921_S54",1.76611531344057,-0.573934722181537,0,"318","1","317",-0.52650243516325,0.251378904964215,-1.10043715734479,0.665678156095783,0
"319","S_1934_S21_L003",1.76611531344057,-0.576406252955722,0,"319","1","318",0.674884306784603,0.262205687215975,0.0984780538288819,1.86459336726945,2.89250760851908
"320","S_1935_S15",1.76611531344057,-0.729946435044649,0,"320","1","319",0.482016380671284,0.28832474100139,-0.247930054373365,1.5181852590672,1.49534878122122
"321","S_1939_S59",1.76611531344057,-0.452307283917765,0,"321","1","320",0.00065537389258305,0.26001895577975,-0.451651910025182,1.31446340341539,2.11474252688113
"322","S_1945_S21",1.76611531344057,-0.355452852257431,0,"322","1","321",-0.197768626198991,0.259016747089427,-0.553221478456422,1.21289383498415,2.21336383940064
"323","S_1946_S184",1.76611531344057,-0.542012303899169,0,"323","1","322",0.112956731059961,0.275807958629985,-0.429055572839209,1.33705974060136,1.31607401295249
"324","S_1950_S66",1.76611531344057,-0.567209145951249,0,"324","1","323",-0.287494628602124,0.249559639486214,-0.854703774553373,0.911411538887197,0
"325","S_1955_S145",1.76611531344057,-0.542327041930433,0,"325","1","324",0.169609299882082,0.367340364515767,-0.372717742048352,1.39339757139222,1.45647531512197
"326","S_1956_S127",1.76611531344057,-0.377437207673598,0,"326","1","325",-0.1672190943724,0.248633856757529,-0.544656302045998,1.22145901139457,0
"327","S_1971_S104",1.76611531344057,-0.518663142149921,0,"327","1","326",0.149503668783158,0.278011080571208,-0.369159473366763,1.39695584007381,2.11474252688113
"328","S_1998_S79_L003",1.76611531344057,-0.630351775825972,0,"328","1","327",-0.357540596120206,0.28422324886798,-0.987892371946178,0.778222941494392,0
"329","S_199_S59_L003",1.76611531344057,-0.448386106395178,0,"329","1","328",0.218231218895024,0.269398115940713,-0.230154887500154,1.53596042594042,1
"330","S_1_S123",1.76611531344057,-0.52938240178926,0,"330","1","329",0.287230271050548,0.298221436545849,-0.242152130738712,1.52396318270186,0
"331","S_2005_S22",1.76611531344057,-0.659772290914504,0,"331","1","330",0.590057830792324,0.286122128524178,-0.0697144601221803,1.69640085331839,2.23606797749979
"332","S_2008_S85_L003",1.76611531344057,-0.230796904919909,0,"332","1","331",0.370222107574521,0.246523250681819,0.139425202654612,1.90554051609518,1.31607401295249
"333","S_2025_S28",1.76611531344057,-0.517836319953052,0,"333","1","332",-0.209534877505278,0.269623222986681,-0.727371197458331,1.03874411598224,1.25743342968294
"334","S_2029_S18_L003",1.76611531344057,-0.379605571115397,0,"334","1","333",0.842957658281415,0.245880957816497,0.463352087166018,2.22946740060659,2.51486685936587
"335","S_2031_S70",1.76611531344057,-0.377082810403366,0,"335","1","334",-0.183838204656054,0.253263171791139,-0.56092101505942,1.20519429838115,0
"336","S_2038_S118",1.76611531344057,-0.522110474388601,0,"336","1","335",0.540832503010189,0.26941992831946,0.0187220286215881,1.78483734206216,2.44948974278318
"337","S_2075_S187",1.76611531344057,-0.726500758911465,0,"337","1","336",-0.0841432584334961,0.342856754980495,-0.810644017344961,0.955471296095609,0
"338","S_2076_S5_L003",1.76611531344057,-0.494387127569523,0,"338","1","337",-0.24852261405427,0.254460878739077,-0.742909741623793,1.02320557181678,1.77827941003892
"339","S_2077_S82_L003",1.76611531344057,-0.614902513825297,0,"339","1","338",-0.0764389214784198,0.271405204378665,-0.691341435303716,1.07477387813685,0.840896415253715
"340","S_2080_S6_L003",1.76611531344057,-0.552371469297439,0,"340","1","339",0.984236428894762,0.254275910704517,0.431864959597323,2.19798027303789,2.51486685936587
"341","S_2083_S65_L003",1.76611531344057,-0.116800909149309,0,"341","1","340",-0.00959551771388731,0.285842671006312,-0.126396426863197,1.63971888657737,1.31607401295249
"342","S_2089_S17",1.76611531344057,-0.439027377471476,0,"342","1","341",-0.301558794562626,0.264200963993218,-0.740586172034102,1.02552914140647,0
"343","S_2096_S54_L003",1.76611531344057,-0.505969163146892,0,"343","1","342",0.626613053867072,0.248514774104591,0.12064389072018,1.88675920416075,2.51486685936587
"344","S_2098_S191",1.76611531344057,-0.275400526942146,0,"344","1","343",0.307632216726038,0.222738387010908,0.0322316897838915,1.79834700322446,1.31607401295249
"345","S_2108_S154",1.76611531344057,-0.588065967231039,0,"345","1","344",-0.121468015338527,0.304590941834184,-0.709533982569566,1.056581330871,1.77827941003892
"346","S_210_S177",1.76611531344057,-0.38052553877116,0,"346","1","345",-0.641857941308823,0.253435977368311,-1.02238348007998,0.743731833360587,0
"347","S_2120_S134",1.76611531344057,-0.782606962679818,0,"347","1","346",0.250222745685943,0.31953036456608,-0.532384216993874,1.2337310964467,0
"348","S_2124_S101",1.76611531344057,-0.746357388855789,0,"348","1","347",-0.389985242613821,0.285451453384267,-1.13634263146961,0.629772681970961,0
"349","S_2125_S140",1.76611531344057,-0.766389538249952,0,"349","1","348",-0.0844939935063762,0.314402870399486,-0.850883531756328,0.915231781684242,0
"350","S_2126_S35",1.76611531344057,-0.646344289985121,0,"350","1","349",0.311519354440539,0.286783853513237,-0.334824935544582,1.43129037789599,1.31607401295249
"351","S_212_S12",1.76611531344057,-0.461563382836694,0,"351","1","350",-1.11006213406811,0.295966668454639,-1.5716255169048,0.194489796535771,0
"352","S_2130_S16_L003",1.76611531344057,-0.552906590346061,0,"352","1","351",0.234556352251164,0.279355009577498,-0.318350238094897,1.44776507534567,1.96798967126543
"353","S_2138_S112",1.76611531344057,-0.0785558828336776,0,"353","1","352",-0.0871093869331483,0.233844196659235,-0.165665269766826,1.60045004367374,2.23606797749979
"354","S_2139_S60",1.76611531344057,-0.455852647192849,0,"354","1","353",-0.0687154597907462,0.253012491266617,-0.524568106983595,1.24154720645698,1.18920711500272
"355","S_2149_S9_L003",1.76611531344057,-0.412098976008212,0,"355","1","354",-0.304824768991724,0.249699064777119,-0.716923744999936,1.04919156844063,0
"356","S_2157_S122",1.76611531344057,-0.359791906470802,0,"356","1","355",0.0564443732704492,0.241279132537696,-0.303347533200353,1.46276778024022,1.18920711500272
"357","S_2162_S4_L003",1.76611531344057,-0.677924293767123,0,"357","1","356",0.0065052231769325,0.289419680049114,-0.67141907059019,1.09469624285038,2.05976714390712
"358","S_2167_S81_L003",1.76611531344057,-0.369744147759271,0,"358","1","357",-0.69760056963151,0.253662641899972,-1.06734471739078,0.698770596049789,0
"359","S_2177_S11_L003",1.76611531344057,-0.514873034647482,0,"359","1","358",-0.225772340358721,0.254523352657999,-0.740645375006203,1.02546993843437,1.25743342968294
"360","S_2194_S133",1.76611531344057,-0.362202130622986,0,"360","1","359",0.398537429645108,0.253975938887406,0.0363352990221215,1.80245061246269,1.8612097182042
"361","S_2195_S129",1.76611531344057,-0.584221540070745,0,"361","1","360",-0.838618053349501,0.263812088075973,-1.42283959342025,0.343275720020323,0
"362","S_2200_S5",1.76611531344057,-0.554110859415105,0,"362","1","361",-0.573483320852144,0.262676062996332,-1.12759418026725,0.638521133173322,0.562341325190349
"363","S_2224_S161",1.76611531344057,-0.282187410085718,0,"363","1","362",0.279148114789723,0.229525706043432,-0.00303929529599511,1.76307601814458,2.34034731932072
"364","S_2225_S110",1.76611531344057,-0.610138621115825,0,"364","1","363",0.194565666176542,0.318120050704807,-0.415572954939283,1.35054235850129,1.31607401295249
"365","S_2233_S80_L003",1.76611531344057,-0.0599812422013042,0,"365","1","364",0.518220713649898,0.238113005802133,0.458239471448594,2.22435478488916,1.56508458007329
"366","S_2277_S189",1.76611531344057,-0.490009306688319,0,"366","1","365",0.50958385607235,0.299758391829988,0.0195745493840308,1.7856898628246,2.05976714390712
"367","S_228_S138",1.76611531344057,-0.272527609642462,0,"367","1","366",-0.839978467498534,0.288861790061757,-1.112506077141,0.653609236299575,0.840896415253715
"368","S_2296_S115",1.76611531344057,-0.727465269867027,0,"368","1","367",-0.154798248297833,0.2744029194623,-0.88226351816486,0.88385179527571,0
"369","S_229_S24_L003",1.76611531344057,-0.363167319182752,0,"369","1","368",0.789580516899474,0.27377568015592,0.426413197716722,2.19252851115729,1.96798967126543
"370","S_2316_S149",1.76611531344057,-0.461226006135396,0,"370","1","369",-0.208750673829492,0.241246049292234,-0.669976679964889,1.09613863347568,1
"371","S_2317_S77_L003",1.76611531344057,-0.495228802182291,0,"371","1","370",0.223636342558792,0.273924765090832,-0.271592459623499,1.49452285381707,1.49534878122122
"372","S_2318_S85",1.76611531344057,-0.456349624197984,0,"372","1","371",0.634469147623644,0.263523340682831,0.17811952342566,1.94423483686623,2.44948974278318
"373","S_2326_S100",1.76611531344057,-0.542282009907599,0,"373","1","372",-0.740665398867485,0.295179665688907,-1.28294740877508,0.483167904665486,0
"374","S_2332_S35_L003",1.76611531344057,-0.218224567589972,0,"374","1","373",0.347319935551444,0.241095394781465,0.129095367961471,1.89521068140204,1.96798967126543
"375","S_2335_S96",1.76611531344057,-0.633292230742539,0,"375","1","374",-0.0937700694678553,0.393075816804886,-0.727062300210394,1.03905301323018,0
"376","S_2341_S56",1.76611531344057,-0.502752118342109,0,"376","1","375",-1.30508430304532,0.247146030013161,-1.80783642138743,0,0
"377","S_2344_S156",1.76611531344057,-0.534340878390776,0,"377","1","376",-0.12827220631124,0.355354741721162,-0.662613084702016,1.10350222873855,0
"378","S_2346_S152",1.76611531344057,-0.632290500564894,0,"378","1","377",-0.390243025170204,0.263728740785199,-1.0225335257351,0.743581787705472,0
"379","S_2387_S147",1.76611531344057,-0.610422929970576,0,"379","1","378",0.177301373299828,0.252398999438864,-0.433121556670749,1.33299375676982,1.18920711500272
"380","S_2397_S166",1.76611531344057,-0.370659869393645,0,"380","1","379",0.0491371613166842,0.24367541965365,-0.321522708076961,1.44459260536361,1.56508458007329
"381","S_255_S45",1.76611531344057,-0.58396841592724,0,"381","1","380",-0.548262931168622,0.323063847299216,-1.13223134709586,0.633883966344707,0
"382","S_256_S39_L003",1.76611531344057,-0.671202908788205,0,"382","1","381",-0.325856916408231,0.270192575202913,-0.997059825196436,0.769055488244134,0
"383","S_274_S192",1.76611531344057,-0.560879247410932,0,"383","1","382",-0.253967510986346,0.250524735876303,-0.814846758397278,0.951268555043292,0
"384","S_276_S74",1.76611531344057,-0.501030770577362,0,"384","1","383",0.194331039108049,0.241007275099942,-0.306699731469312,1.45941558197126,1.49534878122122
"385","S_27_S7",1.76611531344057,-0.232711072941421,0,"385","1","384",-0.313611526899065,0.258909113513972,-0.546322599840486,1.21979271360008,0.840896415253715
"386","S_285_1_S191",1.76611531344057,-0.200590733996215,0,"386","1","385",0.852968534910263,0.229290209519455,0.652377800914048,2.41849311435462,2.05976714390712
"387","S_289_S32_L003",1.76611531344057,-0.706756683811575,0,"387","1","386",0.106623365312124,0.332246604895836,-0.600133318499451,1.16598199494112,1.31607401295249
"388","S_292_S80",1.76611531344057,-0.42385731690841,0,"388","1","387",-0.403283445739717,0.264652736097162,-0.827140762648127,0.938974550792444,1.31607401295249
"389","S_295_S46_L003",1.76611531344057,-0.585866138030463,0,"389","1","388",0.248714829510387,0.31073704194569,-0.337151308520075,1.4289640049205,1.31607401295249
"390","S_297_S95",1.76611531344057,-0.187907696004369,0,"390","1","389",0.271734718748739,0.242082154904736,0.0838270227443699,1.84994233618494,2.51486685936587
"391","S_302_S182",1.76611531344057,-0.631691997485542,0,"391","1","390",0.278494095686909,0.273339434184614,-0.353197901798633,1.41291741164194,2.11474252688113
"392","S_328_S179",1.76611531344057,-0.453943174369689,0,"392","1","391",-0.629761522904138,0.247335344114484,-1.08370469727383,0.682410616166743,1.56508458007329
"393","S_32_S152",1.76611531344057,-0.306745530945738,0,"393","1","392",-0.825190406287233,0.262344587505811,-1.13193593723297,0.634179376207599,0
"394","S_331_S25",1.76611531344057,-0.309767036198881,0,"394","1","393",-0.282052085216143,0.238102990023252,-0.591819121415024,1.17429619202555,0
"395","S_334_S137",1.76611531344057,-0.679555133242108,0,"395","1","394",-1.25296830831926,0.292382954685483,-1.93252344156136,0,0
"396","S_337_S8",1.76611531344057,-0.176758633207601,0,"396","1","395",0.668496371321139,0.237300753682144,0.491737738113538,2.25785305155411,2.99069756244244
"397","S_339_S28_L003",1.76611531344057,-0.254245753653565,0,"397","1","396",-0.398851926118822,0.25555899766188,-0.653097679772387,1.11301763366818,0
"398","S_341_S162",1.76611531344057,-0.633204802044911,0,"398","1","397",0.193299636512328,0.334697191677363,-0.439905165532583,1.32621014790799,1.83142075074235
"399","S_344_S160",1.76611531344057,-0.537682801485112,0,"399","1","398",-0.0336444597748955,0.357479892382759,-0.571327261260008,1.19478805218056,1.56508458007329
"400","S_357_S87",1.76611531344057,-0.329166092234456,0,"400","1","399",-0.134782733134344,0.259471548736097,-0.4639488253688,1.30216648807177,1.49534878122122
"401","S_371_S41_L003",1.76611531344057,-0.631071182511826,0,"401","1","400",-0.159492434694064,0.27171909938933,-0.79056361720589,0.97555169623468,1
"402","S_373_S73",1.76611531344057,-0.722810518997555,0,"402","1","401",-0.466568221412962,0.323612642909209,-1.18937874041052,0.576736573030053,0
"403","S_377_S12_L003",1.76611531344057,-0.335045967683873,0,"403","1","402",0.0913292833799624,0.274621988171081,-0.24371668430391,1.52239862913666,2.78315768371374
"404","S_385_S62_L003",1.76611531344057,-0.240145759230108,0,"404","1","403",0.584554027573738,0.236113193227105,0.34440826834363,2.1105235817842,2.23606797749979
"405","S_393_S135",1.76611531344057,-0.407140276017812,0,"405","2","  2",-0.104069563270353,0.263520078692694,-0.511209839288165,1.25490547415241,NA
"406","S_397_S176",1.76611531344057,-0.389680683232745,0,"406","1","404",-0.52960625181973,0.247229449831867,-0.919286935052474,0.846828378388096,1.18920711500272
"407","S_406_S140",1.76611531344057,-0.161190355950366,0,"407","1","405",-0.0820952806783533,0.248239310075815,-0.243285636628719,1.52282967681185,2.65914794847249
"408","S_407_S131",1.76611531344057,-0.351412397906082,0,"408","1","406",-0.871463824075616,0.248638670565863,-1.2228762219817,0.543239091458873,0
"409","S_413_S86_L003",1.76611531344057,-0.265851722189912,0,"409","1","407",-0.720129986705442,0.248614792794915,-0.985981708895354,0.780133604545216,0
"410","S_419_S1",1.76611531344057,-0.319278979731589,0,"410","1","408",0.449441655764498,0.236478384619365,0.130162676032909,1.89627798947348,1.49534878122122
"411","S_41_S124",1.76611531344057,-0.517814647361065,0,"411","1","409",-0.657278891209673,0.279210642398897,-1.17509353857074,0.591021774869832,0
"412","S_440_S128",1.76611531344057,-0.726035261336971,0,"412","1","410",0.220241635643187,0.326318318264446,-0.505793625693784,1.26032168774679,0
"413","S_450_S135",1.76611531344057,-0.393769277630172,0,"413","1","411",-0.117372580910159,0.247717514432014,-0.511141858540331,1.25497345490024,0.840896415253715
"414","S_453_S63",1.76611531344057,-0.677245809738472,0,"414","1","412",-0.155377869574196,0.282525879549308,-0.832623679312668,0.933491634127902,0
"415","S_454_S71_L003",1.76611531344057,-0.354443071469872,0,"415","1","413",0.225111473792788,0.250988809783474,-0.129331597677084,1.63678371576349,2.54572989502183
"416","S_469_S119",1.76611531344057,-0.445919885262799,0,"416","1","414",0.537484208434627,0.276844485284152,0.0915643231718274,1.8576796366124,2.89250760851908
"417","S_474_S89_L003",1.76611531344057,-0.561164514224119,0,"417","1","415",0.105870040953106,0.374344237825898,-0.455294473271013,1.31082084016956,0
"418","S_481_S27_L003",1.76611531344057,-0.582880652936784,0,"418","1","416",-0.189025751478534,0.26590141859791,-0.771906404415317,0.994208909025253,0.840896415253715
"419","S_487_S31",1.76611531344057,-0.444752764156394,0,"419","1","417",0.00131592005114356,0.272340127625937,-0.443436844105251,1.32267846933532,1.49534878122122
"420","S_501_S43",1.76611531344057,-0.233642075910236,0,"420","1","418",-0.665409666784076,0.252559535122527,-0.899051742694312,0.867063570746258,0
"421","S_509_S109",1.76611531344057,-0.380928417970691,0,"421","1","419",-0.709202524936585,0.26785168375829,-1.09013094290728,0.675984370533294,0
"422","S_515_S58",1.76611531344057,-0.481491060870085,0,"422","1","420",-0.125572132926953,0.273523358703403,-0.607063193797038,1.15905211964353,0
"423","S_516_S138",1.76611531344057,-0.619827102840679,0,"423","1","421",-0.115769209808433,0.355837984029,-0.735596312649112,1.03051900079146,0
"424","S_517_S20_L003",1.76611531344057,-0.504022422224677,0,"424","1","422",0.0628984910081934,0.282608067511848,-0.441123931216484,1.32499138222409,2.89250760851908
"425","S_522_S10",1.76611531344057,-0.28842642401282,0,"425","1","423",0.318524299767152,0.258599389813671,0.0300978757543319,1.7962131891949,2.34034731932072
"426","S_524_S33_L003",1.76611531344057,-0.682782502199842,0,"426","1","424",-0.164844976198116,0.302068628783235,-0.847627478397959,0.918487835042612,1.31607401295249
"427","S_528_S103",1.76611531344057,-0.426454624473737,0,"427","1","425",0.396521027844681,0.26434188835428,-0.0299335966290568,1.73618171681151,2.34034731932072
"428","S_533_S68",1.76611531344057,-0.471754337839085,0,"428","1","426",0.17289697192189,0.300150734527914,-0.298857365917195,1.46725794752338,1.56508458007329
"429","S_537_S78_L003",1.76611531344057,-0.550712570132722,0,"429","1","427",0.640969253532477,0.276230561212121,0.0902566833997552,1.85637199684033,2.78315768371374
"430","S_545_S69",1.76611531344057,-0.399301055163317,0,"430","1","428",-0.261293748854755,0.275239868050408,-0.660594804018072,1.1055205094225,1.10668191970032
"431","S_565_S149",1.76611531344057,-0.29881933189955,0,"431","1","429",-0.378915356965555,0.252067514002227,-0.677734688865105,1.08838062457547,2.05976714390712
"432","S_567_S165",1.76611531344057,-0.0839894479369007,0,"432","1","430",-0.675163273583732,0.252170988124076,-0.759152721520632,1.00696259191994,0
"433","S_574_S155",1.76611531344057,-0.512775509526211,0,"433","1","431",0.461927749277541,0.370678077571863,-0.0508477602486694,1.7152675531919,0
"434","S_591_S99",1.76611531344057,-0.457419510236,0,"434","1","432",-0.196422624437885,0.27201449561692,-0.653842134673884,1.11227317876669,1.49534878122122
"435","S_5_S63_L003",1.76611531344057,-0.609186815294664,0,"435","1","433",0.563909139700529,0.32001800325092,-0.0452776755941358,1.72083763784643,2.51486685936587
"436","S_629_S113",1.76611531344057,-0.488924864553468,0,"436","1","434",-0.235572535655093,0.252817741337405,-0.724497400208562,1.04161791323201,1.77827941003892
"437","S_630_S51_L003",1.76611531344057,-0.417874554638372,0,"437","1","435",0.168460304994746,0.253710302570578,-0.249414249643626,1.51670106379694,2.11474252688113
"438","S_631_S87_L003",1.76611531344057,-0.416490224103184,0,"438","1","436",0.269607978454564,0.247324988031064,-0.146882245648619,1.61923306779195,1.96798967126543
"439","S_63_S170",1.76611531344057,-0.406205080398726,0,"439","1","437",0.122335484625013,0.257346759134187,-0.283869595773713,1.48224571766686,0
"440","S_640_S178",1.76611531344057,-0.479012058284755,0,"440","1","438",0.0385653798112751,0.22893981583733,-0.44044667847348,1.32566863496709,0
"441","S_646_S142",1.76611531344057,-0.398604207440669,0,"441","1","439",-0.161408187594896,0.244248181824085,-0.560012395035566,1.206102918405,1.25743342968294
"442","S_650_S129",1.76611531344057,-0.508670935570544,0,"442","1","440",0.496556170654118,0.346337503317512,-0.0121147649164265,1.75400054852414,2.17793858734643
"443","S_653_S6",1.76611531344057,-0.203565121762561,0,"443","1","441",1.05507551773774,0.249232872019572,0.851510395975175,2.61762570941575,2.34034731932072
"444","S_656_S181",1.76611531344057,-0.193470193684583,0,"444","1","442",0.395389136404065,0.239246503608022,0.201918942719482,1.96803425616005,2.34034731932072
"445","S_657_S154",1.76611531344057,-0.660682001705749,0,"445","1","443",0.283029917375409,0.381839004419919,-0.377652084330339,1.38846322911023,2.23606797749979
"446","S_658_S33",1.76611531344057,-0.227672977812718,0,"446","1","444",0.860169574685223,0.251110773384703,0.632496596872505,2.39861191031308,2.89250760851908
"447","S_65_S29_L003",1.76611531344057,-0.428021385553051,0,"447","1","445",-0.421736305437158,0.235018098581825,-0.849757690990209,0.916357622450361,2.11474252688113
"448","S_662_S98",1.76611531344057,-0.304391639882665,0,"448","1","446",0.213429687386577,0.233781021152912,-0.0909619524960881,1.67515336094448,0.840896415253715
"449","S_673_S40_L003",1.76611531344057,-0.777410018135839,0,"449","1","447",0.116899533602948,0.297726231897409,-0.660510484532891,1.10560482890768,1.4142135623731
"450","S_674_S130",1.76611531344057,-0.298863054972339,0,"450","1","448",-0.541386129492143,0.241254252008923,-0.840249184464483,0.925866128976088,0
"451","S_679_S9",1.76611531344057,-0.483931809255625,0,"451","1","449",-0.0232110560373123,0.26437783547656,-0.507142865292938,1.25897244814763,1.25743342968294
"452","S_685_S121",1.76611531344057,-0.447479844120649,0,"452","1","450",0.346867634845057,0.279809075406104,-0.100612209275592,1.66550310416498,1.31607401295249
"453","S_695_S46",1.76611531344057,-0.335799087157903,0,"453","1","451",0.120596136382393,0.250134523990172,-0.215202950775511,1.55091236266506,2.51486685936587
"454","S_696_S88",1.76611531344057,-0.323312696711075,0,"454","1","452",0.589286809667854,0.261021586938488,0.265974112956779,2.03208942639735,2.34034731932072
"455","S_706_S108",1.76611531344057,-0.530209160691374,0,"455","1","453",-0.183335669853692,0.271976753978138,-0.713544830545066,1.0525704828955,1.25743342968294
"456","S_711_S50",1.76611531344057,-0.328886806517037,0,"456","1","454",-0.247780192716243,0.257003721154793,-0.57666699923328,1.18944831420729,1.49534878122122
"457","S_712_S136",1.76611531344057,-0.162852913418488,0,"457","1","455",0.092593142608376,0.260198142107203,-0.0702597708101124,1.69585554263046,1.45647531512197
"458","S_713_S163",1.76611531344057,-0.408417124135835,0,"458","1","456",-0.0322163236899696,0.3014065670306,-0.440633447825805,1.32548186561477,1.77827941003892
"459","S_714_S34_L003",1.76611531344057,-0.131132895061156,0,"459","1","457",0.0573811604792211,0.268381443328751,-0.0737517345819348,1.69236357885864,1.56508458007329
"460","S_726_S69_L003",1.76611531344057,-0.138162682279928,0,"460","1","458",-0.0543443685540111,0.237277335505359,-0.192507050833939,1.57360826260663,2.78315768371374
"461","S_733_S67_L003",1.76611531344057,-0.224746316151477,0,"461","1","459",0.193218626477157,0.237104063916518,-0.0315276896743201,1.73458762376625,1.25743342968294
"462","S_738_S39",1.76611531344057,-0.31458122592857,0,"462","1","460",0.352765968415639,0.275862840778663,0.0381847424870691,1.80430005592764,1.56508458007329
"463","S_758_S128",1.76611531344057,-0.32017914079818,0,"463","1","461",0.667543434561716,0.238864995457785,0.347364293763536,2.11347960720411,2.65914794847249
"464","S_762_S173",1.76611531344057,-0.365898663389244,0,"464","1","462",0.527229261422056,0.260398789492069,0.161330598032812,1.92744591147338,2.11474252688113
"465","S_764_S93_L003",1.76611531344057,-0.541312884724312,0,"465","1","463",0.578790874313837,0.263145558439813,0.0374779895895251,1.8035933030301,2.89250760851908
"466","S_765_S48",1.76611531344057,-0.366547791140685,0,"466","1","464",-0.0608243898690589,0.287439655262413,-0.427372181009744,1.33874313243083,1.31607401295249
"467","S_770_S57_L003",1.76611531344057,-0.456236911525831,0,"467","1","465",-0.146612192019667,0.257971871671992,-0.602849103545497,1.16326620989507,1.4142135623731
"468","S_772_S58_L003",1.76611531344057,-0.41569810325676,0,"468","1","466",-0.328500958635661,0.281737942705722,-0.744199061892421,1.02191625154815,0
"469","S_779_S94_L003",1.76611531344057,-0.403597572189508,0,"469","1","467",-0.494247052159062,0.256213735654128,-0.897844624348569,0.868270689092001,0
"470","S_7_S141",1.76611531344057,-0.47963668060577,0,"470","1","468",0.0497198397828844,0.245481563473654,-0.429916840822886,1.33619847261768,1.31607401295249
"471","S_813_S44_L003",1.76611531344057,-0.357765808599902,0,"471","1","469",0.634543091167248,0.242976358408889,0.276777282567346,2.04289259600792,2.23606797749979
"472","S_824_S40",1.76611531344057,-0.643911093783377,0,"472","1","470",-0.0236692137711332,0.273526315812222,-0.66758030755451,1.09853500588606,0
"473","S_825_S71",1.76611531344057,-0.461338483701559,0,"473","1","471",-0.100966226054988,0.268872597299677,-0.562304709756547,1.20381060368402,1.25743342968294
"474","S_826_S8_L003",1.76611531344057,-0.388568580420205,0,"474","1","472",0.366849156987927,0.259594109252078,-0.0217194234322776,1.74439589000829,1.56508458007329
"475","S_837_S50_L003",1.76611531344057,-0.188718188621293,0,"475","1","473",0.542809791781705,0.247285477216392,0.354091603160411,2.12020691660098,2.65914794847249
"476","S_83_S14",1.76611531344057,-0.409539621558059,0,"476","1","474",-0.255200307113297,0.26733322833834,-0.664739928671356,1.10137538476921,0
"477","S_840_S88_L003",1.76611531344057,-0.301113119295143,0,"477","1","475",-0.12015394695049,0.224766804430632,-0.421267066245632,1.34484824719494,1.77827941003892
"478","S_844_S151",1.76611531344057,-0.60600537154331,0,"478","1","476",-0.346816174224994,0.289988166770835,-0.952821545768304,0.813293767672266,0
"479","S_85_S36_L003",1.76611531344057,-0.937107963977222,0,"479","1","477",0.162890449813946,0.339803296881054,-0.774217514163276,0.991897799277295,1.18920711500272
"480","S_861_S22_L003",1.76611531344057,-0.392148014289155,0,"480","1","478",0.516819098720571,0.245114981919425,0.124671084431416,1.89078639787199,2.51486685936587
"481","S_865_S82",1.76611531344057,-0.294168285557638,0,"481","1","479",0.351422952648533,0.268016034564856,0.0572546670908957,1.82336998053147,1.77827941003892
"482","S_879_S97",1.76611531344057,-0.325108175042213,0,"482","1","480",0.525782044045595,0.248800182410491,0.200673869003381,1.96678918244395,1.31607401295249
"483","S_87_S81",1.76611531344057,-0.554917654249862,0,"483","1","481",0.0106601927134617,0.272966256223996,-0.5442574615364,1.22185785190417,2.34034731932072
"484","S_885_S77",1.76611531344057,-0.258284385638888,0,"484","1","482",-0.112521808708773,0.238145434959319,-0.37080619434766,1.39530911909291,0.840896415253715
"485","S_901_S136",1.76611531344057,-0.388098087830932,0,"485","2","  3",0.380111510737532,0.274497966615251,-0.00798657709340084,1.75812873634717,NA
"486","S_932_S42_L003",1.76611531344057,-0.390868575500266,0,"486","1","483",-0.351560518083361,0.255434169115143,-0.742429093583627,1.02368621985694,1.31607401295249
"487","S_961_S70_L003",1.76611531344057,-0.518395168686082,0,"487","1","484",0.511265639754309,0.285772617203175,-0.00712952893177232,1.7589857845088,2.63214802590498
"488","S_962_S42",1.76611531344057,-0.414428207611252,0,"488","1","485",0.182551558201899,0.251764132685174,-0.231876649409354,1.53423866403122,1.49534878122122
"489","S_972_S142",1.76611531344057,-0.672137931455297,0,"489","1","486",-0.390551007766961,0.331945872285741,-1.06268893922226,0.703426374218312,0
"490","S_978_S90",1.76611531344057,-0.450307687854432,0,"490","1","487",-0.351787966724871,0.252019134154009,-0.802095654579303,0.964019658861267,0
"491","S_983_S4",1.76611531344057,-0.402588983369029,0,"491","1","488",-0.432652434280716,0.270246046573594,-0.835241417649745,0.930873895790826,0
"492","S_993_S55",1.76611531344057,-0.261068997296566,0,"492","1","489",-0.138542662456038,0.260340118369836,-0.399611659752604,1.36650365368797,0.840896415253715
"493","NSW1201426",1.76611531344057,0.714094891939188,0,"493","2","  4",0.343227398587443,0.198217502292176,1.05732229052663,2.8234376039672,NA
"494","NSW1212884",1.76611531344057,0.501001941469031,0,"494","2","  5",-0.214087077843374,0.207064822176304,0.286914863625656,2.05303017706623,NA
"495","NSW1200541",1.76611531344057,0.550920006310086,0,"495","2","  6",0.138809648012287,0.179673776544149,0.689729654322373,2.45584496776294,NA
"496","NSW1190165",1.76611531344057,0.473498612433041,0,"496","2","  7",-1.05597008758857,0.206059092917031,-0.582471475155528,1.18364383828504,NA
"497","NSW1166659",1.76611531344057,0.286313232511035,0,"497","2","  8",0.545998395874191,0.215901301946752,0.832311628385226,2.5984269418258,NA
"498","NSW1213025",1.76611531344057,0.466601503530106,0,"498","2","  9",-0.201730034182944,0.16973485400899,0.264871469347162,2.03098678278773,NA
"499","NSW1211446",1.76611531344057,0.621832342321483,0,"499","2"," 10",-0.028991851827819,0.16323141879124,0.592840490493664,2.35895580393423,NA
"500","NSW1200628",1.76611531344057,0.795321790440563,0,"500","2"," 11",0.103121830477994,0.172714266197439,0.898443620918556,2.66455893435913,NA
"501","NSW1166664",1.76611531344057,0.635740827935956,0,"501","2"," 12",0.0803578380752784,0.144691266980344,0.716098666011234,2.4822139794518,NA
"502","NSW1213021",1.76611531344057,0.567318197140844,0,"502","2"," 13",-0.518807759690245,0.162194490874745,0.0485104374505997,1.81462575089117,NA
"503","NSW1201391",1.76611531344057,0.425438632699671,0,"503","2"," 14",0.0774890922509287,0.178553506703818,0.502927724950599,2.26904303839117,NA
"504","NSW1201419",1.76611531344057,0.740948151825171,0,"504","2"," 15",0.326776561172999,0.165306514265673,1.06772471299817,2.83384002643874,NA
"505","NSW1201415",1.76611531344057,0.555138546247597,0,"505","2"," 16",-0.0547324571324929,0.171012264023184,0.500406089115104,2.26652140255567,NA
"506","NSW1200364",1.76611531344057,0.575342345104989,0,"506","2"," 17",-0.557267085663141,0.15931336117652,0.0180752594418475,1.78419057288242,NA
"507","NSW1190167",1.76611531344057,0.671637356848076,0,"507","2"," 18",0.115185750060278,0.188626045194364,0.786823106908355,2.55293842034892,NA
"508","NSW1190204",1.76611531344057,0.61777951512477,0,"508","2"," 19",-0.0994850595738427,0.176366951251602,0.518294455550928,2.2844097689915,NA
"509","NSW1200834",1.76611531344057,0.622152614293757,0,"509","2"," 20",0.304732486363764,0.177628391684843,0.926885100657521,2.69300041409809,NA
"510","NSW1200533",1.76611531344057,0.607291314531808,0,"510","2"," 21",0.0920291401824064,0.15268019108964,0.699320454714214,2.46543576815478,NA
"511","NSW1200414",1.76611531344057,0.654032522875308,0,"511","2"," 22",-0.0340707934332184,0.174362412466836,0.61996172944209,2.38607704288266,NA
"512","NSW1200759",1.76611531344057,0.482667440685258,0,"512","2"," 23",-0.537035305677205,0.178893972726904,-0.0543678649919473,1.71174744844862,NA
"513","NSW1212889",1.76611531344057,0.299750260445236,0,"513","2"," 24",-0.856281318098353,0.194562883945708,-0.556531057653117,1.20958425578745,NA
"514","NSW1211427",1.76611531344057,0.555833655509455,0,"514","2"," 25",-0.509707373824643,0.172186908360639,0.0461262816848116,1.81224159512538,NA
"515","NSW1200379",1.76611531344057,0.595550634013246,0,"515","2"," 26",0.285767860714,0.175836482619549,0.881318494727246,2.64743380816782,NA
"516","NSW1211455",1.76611531344057,0.621929000921986,0,"516","2"," 27",-0.247879630668295,0.151367179327272,0.374049370253691,2.14016468369426,NA
"517","NSW1213033",1.76611531344057,0.505542120582872,0,"517","2"," 28",0.0331457184369798,0.196987493058056,0.538687839019852,2.30480315246042,NA
"518","NSW1212980",1.76611531344057,0.524098779157518,0,"518","2"," 29",-0.118968242290205,0.162740063539091,0.405130536867313,2.17124585030788,NA
"519","NSW1190213",1.76611531344057,0.677181476928806,0,"519","2"," 30",0.427576519278838,0.146914970551224,1.10475799620764,2.87087330964821,NA
"520","NSW1201416",1.76611531344057,0.429163643279081,0,"520","2"," 31",0.156972876209433,0.215562337309154,0.586136519488515,2.35225183292908,NA
"521","NSW1200418",1.76611531344057,0.352649569848809,0,"521","2"," 32",0.12458506069283,0.188014200914878,0.477234630541639,2.24334994398221,NA
"522","NSW1211456",1.76611531344057,0.489953107542466,0,"522","2"," 33",0.415834202474365,0.197323151245769,0.905787310016832,2.6719026234574,NA
"523","NSW1211564",1.76611531344057,0.297822752906776,0,"523","2"," 34",0.422738531678564,0.224784354030329,0.72056128458534,2.48667659802591,NA
"524","NSW1213016",1.76611531344057,0.477469702495238,0,"524","2"," 35",-0.215094282088361,0.18351119686412,0.262375420406877,2.02849073384745,NA
"525","NSW1211583",1.76611531344057,0.373909992835427,0,"525","2"," 36",-0.543916546309502,0.199415653895472,-0.170006553474075,1.5961087599665,NA
"526","NSW1200839",1.76611531344057,0.590258658842748,0,"526","2"," 37",0.309529702924463,0.180237217689619,0.899788361767211,2.66590367520778,NA
"527","NSW1211565",1.76611531344057,0.365308491873295,0,"527","2"," 38",0.135893331871042,0.193045754157189,0.501201823744338,2.26731713718491,NA
"528","NSW1200425",1.76611531344057,0.63117530594487,0,"528","2"," 39",0.266457751075292,0.161468366222938,0.897633057020162,2.66374837046073,NA
"529","NSW1200662",1.76611531344057,0.56134080608776,0,"529","2"," 40",-0.130758559760733,0.186746520204154,0.430582246327026,2.1966975597676,NA
"530","NSW1166655",1.76611531344057,0.665572694954063,0,"530","2"," 41",0.114390400064682,0.163026392251319,0.779963095018746,2.54607840845932,NA
"531","NSW1212948",1.76611531344057,0.39970456742553,0,"531","2"," 42",-0.0266173123012587,0.192416796498575,0.373087255124272,2.13920256856484,NA
"532","NSW1200528",1.76611531344057,0.14135421562831,0,"532","2"," 43",0.178615682182377,0.214486494512977,0.319969897810688,2.08608521125126,NA
"533","NSW1200563",1.76611531344057,0.65552544501931,0,"533","2"," 44",-0.339871564946021,0.189130027591361,0.315653880073289,2.08176919351386,NA
"534","NSW1200351",1.76611531344057,0.554233467438827,0,"534","2"," 45",-0.657537121662701,0.172819115518056,-0.103303654223874,1.6628116592167,NA
"535","NSW1213015",1.76611531344057,0.436421133813723,0,"535","2"," 46",-0.00106830919872999,0.165757002001582,0.435352824614993,2.20146813805556,NA
"536","NSW1200394",1.76611531344057,0.404582521708065,0,"536","2"," 47",0.0537900515462041,0.202693715709117,0.458372573254269,2.22448788669484,NA
"537","NSW1213011",1.76611531344057,0.535716214521491,0,"537","2"," 48",0.291048675208324,0.188671406727123,0.826764889729815,2.59288020317038,NA
"538","NSW1200664",1.76611531344057,0.556903741904278,0,"538","2"," 49",0.131645097159581,0.191569102499927,0.688548839063859,2.45466415250443,NA
"539","NSW1201655",1.76611531344057,0.621190285617234,0,"539","2"," 50",0.241247706046618,0.170014919981062,0.862437991663852,2.62855330510442,NA
"540","NSW1200536",1.76611531344057,0.709765623231183,0,"540","2"," 51",0.35806350541798,0.158946226542348,1.06782912864916,2.83394444208973,NA
"541","NSW1212943",1.76611531344057,0.398587471263806,0,"541","2"," 52",-0.337391021553792,0.182287051485953,0.0611964497100144,1.82731176315058,NA
"542","NSW1200559",1.76611531344057,0.628955506153925,0,"542","2"," 53",-0.253281373518627,0.179611109659252,0.375674132635298,2.14178944607587,NA
"543","NSW1200558",1.76611531344057,0.778548250370246,0,"543","2"," 54",-0.244201731714254,0.182086053703501,0.534346518655992,2.30046183209656,NA
"544","NSW1200524",1.76611531344057,0.602143347577241,0,"544","2"," 55",-0.36700528840261,0.176748522220797,0.235138059174631,2.0012533726152,NA
"545","NSW1212795",1.76611531344057,0.475518768357063,0,"545","2"," 56",-0.915340606923947,0.173627538727246,-0.439821838566884,1.32629347487369,NA
"546","NSW1200787",1.76611531344057,0.392199496229704,0,"546","2"," 57",0.367147228730383,0.209908320701805,0.759346724960087,2.52546203840066,NA
"547","NSW1200776",1.76611531344057,0.627854434785861,0,"547","2"," 58",-0.0556420501305296,0.182017603020608,0.572212384655331,2.3383276980959,NA
"548","NSW1190216",1.76611531344057,0.260284339679534,0,"548","2"," 59",-0.159282886886755,0.212791244082712,0.10100145279278,1.86711676623335,NA
"549","NSW1201495",1.76611531344057,0.40061139987602,0,"549","2"," 60",-0.100359082683719,0.202206422276636,0.3002523171923,2.06636763063287,NA
"550","NSW1211582",1.76611531344057,0.443015681531211,0,"550","2"," 61",0.269181865429774,0.175972244291111,0.712197546960985,2.47831286040156,NA
"551","NSW1200362",1.76611531344057,0.687204071415034,0,"551","2"," 62",-0.172398213781182,0.170836030784318,0.514805857633852,2.28092117107442,NA
"552","NSW1212987",1.76611531344057,-0.546230485789551,0,"552","2"," 63",-0.0258735484456608,0.335010353507686,-0.572104034235212,1.19401127920536,NA
"553","NSW1190194",1.76611531344057,0.437755375719961,0,"553","2"," 64",-0.285406905875169,0.179467283329259,0.152348469844792,1.91846378328536,NA
"554","NSW1213030",1.76611531344057,0.478017458662167,0,"554","2"," 65",-0.247592811409124,0.171343405980532,0.230424647253043,1.99653996069361,NA
"555","NSW1190199",1.76611531344057,0.609955194396618,0,"555","2"," 66",-0.140833642168536,0.170675267156075,0.469121552228082,2.23523686566865,NA
"556","NSW1200372",1.76611531344057,0.555883743712103,0,"556","2"," 67",0.0923279973620544,0.166858093795672,0.648211741074157,2.41432705451473,NA
"557","NSW1211445",1.76611531344057,0.6065809830319,0,"557","2"," 68",0.174889650337568,0.172289677046781,0.781470633369468,2.54758594681004,NA
"558","NSW1211558",1.76611531344057,0.324040013411379,0,"558","2"," 69",-0.0997863867272138,0.171139421810481,0.224253626684165,1.99036894012474,NA
"559","NSW1200764",1.76611531344057,0.274763397914619,0,"559","2"," 70",-0.24879622200104,0.218709016994884,0.0259671759135786,1.79208248935415,NA
"560","NSW1200848",1.76611531344057,0.592105746934624,0,"560","2"," 71",-0.249625599861237,0.165876701101268,0.342480147073387,2.10859546051396,NA
"561","NSW1200661",1.76611531344057,0.487237737745215,0,"561","2"," 72",0.404194146330103,0.185177791892601,0.891431884075318,2.65754719751589,NA
"562","NSW1211440",1.76611531344057,0.480283042264869,0,"562","2"," 73",-0.091474142937441,0.192568530313893,0.388808899327428,2.154924212768,NA
"563","NSW1200356",1.76611531344057,0.63537517637411,0,"563","2"," 74",0.0645258460678393,0.156783554169846,0.69990102244195,2.46601633588252,NA
"564","NSW1212992",1.76611531344057,0.393666680248474,0,"564","2"," 75",-0.161939944759954,0.167433826159435,0.23172673548852,1.99784204892909,NA
"565","NSW1200905",1.76611531344057,0.423742562864357,0,"565","2"," 76",-0.204341510166944,0.178924582304267,0.219401052697413,1.98551636613798,NA
"566","NSW1200357",1.76611531344057,0.553040651125683,0,"566","2"," 77",0.112094641869236,0.168202201336141,0.665135292994919,2.43125060643549,NA
"567","NSW1200799",1.76611531344057,0.697881182340309,0,"567","2"," 78",-0.756792218965275,0.19232619336031,-0.0589110366249657,1.7072042768156,NA
"568","NSW1166442",1.76611531344057,0.369094562402584,0,"568","2"," 79",-0.355676578162022,0.203563027249143,0.0134179842405615,1.77953329768113,NA
"569","NSW1200539",1.76611531344057,0.381011784651353,0,"569","2"," 80",-0.185621159391577,0.189085775369306,0.195390625259776,1.96150593870035,NA
"570","NSW1200543",1.76611531344057,-0.332283348506584,0,"570","2"," 81",-0.0137887940384336,0.309288705460801,-0.346072142545018,1.42004317089555,NA
"571","NSW1200529",1.76611531344057,0.503061558910186,0,"571","2"," 82",-0.0459393357760326,0.189608191766943,0.457122223134154,2.22323753657472,NA
"572","NSW1212866",1.76611531344057,0.568083687450371,0,"572","2"," 83",-0.0767308470510928,0.188153889256158,0.491352840399278,2.25746815383985,NA
"573","NSW1200873",1.76611531344057,0.448045810525032,0,"573","2"," 84",0.412631715980486,0.153752062733043,0.860677526505518,2.62679283994609,NA
"574","NSW1211541",1.76611531344057,0.430963321783166,0,"574","2"," 85",-0.195047040693799,0.185963798496424,0.235916281089367,2.00203159452994,NA
"575","NSW1190198",1.76611531344057,0.600393864304705,0,"575","2"," 86",0.187719084186837,0.180103735733961,0.788112948491542,2.55422826193211,NA
"576","NSW1213013",1.76611531344057,0.692219340471844,0,"576","2"," 87",-0.0518994028123743,0.156664790853837,0.64031993765947,2.40643525110004,NA
"577","NSW1212970",1.76611531344057,0.396308717062035,0,"577","2"," 88",0.126304726383719,0.19617607346044,0.522613443445754,2.28872875688632,NA
"578","NSW1212997",1.76611531344057,0.36246942047117,0,"578","2"," 89",0.0733723947474722,0.1736912473143,0.435841815218642,2.20195712865921,NA
"579","NSW1211508",1.76611531344057,0.547120188683775,0,"579","2"," 90",0.274735516337951,0.177721469426105,0.821855705021726,2.5879710184623,NA
"580","NSW1211552",1.76611531344057,0.532298131414591,0,"580","2"," 91",0.408200085384122,0.205023755718936,0.940498216798713,2.70661353023928,NA
"581","NSW1211442",1.76611531344057,0.439401383952781,0,"581","2"," 92",-0.342791583489576,0.186649825616044,0.0966098004632054,1.86272511390378,NA
"582","NSW1211451",1.76611531344057,0.612186977285627,0,"582","2"," 93",0.416740952016823,0.176443953761148,1.02892792930245,2.79504324274302,NA
"583","NSW1194456",1.76611531344057,0.701133853075852,0,"583","2"," 94",0.151295247059152,0.181509234991843,0.852429100135004,2.61854441357557,NA
"584","NSW1211546",1.76611531344057,0.5126974956891,0,"584","2"," 95",0.520955451810522,0.203240562954208,1.03365294749962,2.79976826094019,NA
"585","NSW1213001",1.76611531344057,0.595068004736816,0,"585","2"," 96",0.323755925535958,0.181568199137517,0.918823930272774,2.68493924371334,NA
"586","NSW1201431",1.76611531344057,0.31071638788439,0,"586","2"," 97",0.174041024900534,0.188121529525148,0.484757412784925,2.2508727262255,NA
"587","NSW1211568",1.76611531344057,0.911579078595942,0,"587","2"," 98",0.0117163841812649,0.139890714195645,0.923295462777207,2.68941077621778,NA
"588","NSW1211441",1.76611531344057,0.378104748343817,0,"588","2"," 99",0.161204557286392,0.187793665950773,0.539309305630209,2.30542461907078,NA
"589","NSW1190206",1.76611531344057,0.616273472577173,0,"589","2","100",-0.102773596554934,0.195899257212445,0.513499876022239,2.27961518946281,NA
"590","NSW1200389",1.76611531344057,0.453182777611087,0,"590","2","101",0.0176594266801386,0.180288921498012,0.470842204291225,2.2369575177318,NA
"591","NSW1211534",1.76611531344057,0.241311817143191,0,"591","2","102",-0.0879547556459656,0.20155970642816,0.153357061497225,1.9194723749378,NA
"592","NSW1200346",1.76611531344057,0.69683690443804,0,"592","2","103",0.0257692001635578,0.163297878019306,0.722606104601598,2.48872141804217,NA
"593","NSW1200505",1.76611531344057,0.551164504339642,0,"593","2","104",0.0619219990390691,0.162356200179524,0.613086503378711,2.37920181681928,NA
"594","NSW1200511",1.76611531344057,0.59711848822639,0,"594","2","105",0.690601801774831,0.162063672054257,1.28772029000122,3.05383560344179,NA
"595","NSW1212790",1.76611531344057,0.208146307082478,0,"595","2","106",-0.437842783557358,0.216997883687362,-0.22969647647488,1.53641883696569,NA
"596","NSW1200361",1.76611531344057,0.446018053177718,0,"596","2","107",0.0903920584699231,0.175494798995932,0.536410111647641,2.30252542508821,NA
"597","NSW1200514",1.76611531344057,0.444619437727959,0,"597","2","108",-0.0352655383425197,0.196002589429766,0.409353899385439,2.17546921282601,NA
"598","NSW1200774",1.76611531344057,0.482454329100086,0,"598","2","109",0.340649342893819,0.191460890471892,0.823103671993904,2.58921898543447,NA
"599","NSW1212985",1.76611531344057,0.623685929020043,0,"599","2","110",-0.147279345584037,0.170684463416157,0.476406583436006,2.24252189687658,NA
"600","NSW1201411",1.76611531344057,0.480636761817433,0,"600","2","111",0.00253811430263257,0.152296864939697,0.483174876120065,2.24929018956064,NA
"601","NSW1200352",1.76611531344057,0.511636248469409,0,"601","2","112",0.51829952833668,0.193516224655829,1.02993577680609,2.79605109024666,NA
"602","NSW1211570",1.76611531344057,0.47215778742362,0,"602","2","113",0.429032505761808,0.182856769331007,0.901190293185429,2.667305606626,NA
"603","NSW1200549",1.76611531344057,0.734013507014377,0,"603","2","114",-0.283802570171377,0.182316602447193,0.450210936843001,2.21632625028357,NA
"604","NSW1200384",1.76611531344057,0.408831866343496,0,"604","2","115",0.164499438304793,0.180363121592991,0.573331304648289,2.33944661808886,NA
"605","NSW1211577",1.76611531344057,0.255881074878795,0,"605","2","116",-0.153109123645822,0.201161281982498,0.102771951232972,1.86888726467354,NA
"606","NSW1200347",1.76611531344057,0.524756656135911,0,"606","2","117",-0.263199876866862,0.154683382299894,0.261556779269049,2.02767209270962,NA
"607","NSW1200829",1.76611531344057,0.622152614293757,0,"607","2","118",0.304732486363764,0.177628391684843,0.926885100657521,2.69300041409809,NA
"608","NSW1200657",1.76611531344057,0.603555705858827,0,"608","2","119",0.265656356285012,0.184745910982725,0.869212062143839,2.63532737558441,NA
"609","NSW1212977",1.76611531344057,0.354920939618218,0,"609","2","120",-0.0839237884770273,0.196652335168979,0.270997151141191,2.03711246458176,NA
"610","NSW1201414",1.76611531344057,0.515514750405505,0,"610","2","121",-0.376197182004759,0.175071305753448,0.139317568400746,1.90543288184132,NA
"611","NSW1200509",1.76611531344057,0.586066369710692,0,"611","2","122",0.232722331977979,0.181224997159883,0.818788701688671,2.58490401512924,NA
"612","NSW1200521",1.76611531344057,0.773654943266419,0,"612","2","123",0.0835470415661434,0.175279487283551,0.857201984832562,2.62331729827313,NA
"613","NSW1201631",1.76611531344057,0.697881182340309,0,"613","2","124",-0.756792218965275,0.19232619336031,-0.0589110366249657,1.7072042768156,NA
"614","NSW1212856",1.76611531344057,0.473873309896319,0,"614","2","125",-0.129393878971631,0.170651287401647,0.344479430924688,2.11059474436526,NA
"615","NSW1200647",1.76611531344057,0.261362343471961,0,"615","2","126",0.389621816043767,0.187555087496247,0.650984159515728,2.4170994729563,NA
"616","NSW1201396",1.76611531344057,0.398592111082815,0,"616","2","127",0.0863932717875294,0.193448329479374,0.484985382870345,2.25110069631092,NA
"617","NSW1200554",1.76611531344057,0.65125595576451,0,"617","2","128",-0.00591098953169905,0.196473143818158,0.645344966232811,2.41146027967338,NA
"618","NSW1200544",1.76611531344057,0.535613519378869,0,"618","2","129",0.0336695650721813,0.192925044716839,0.569283084451051,2.33539839789162,NA
"619","NSW1200429",1.76611531344057,-0.680000011816217,0,"619","2","130",0.194477283339922,0.349773236039829,-0.485522728476294,1.28059258496428,NA
"620","NSW1190190",1.76611531344057,0.65604283990088,0,"620","2","131",-0.131816920405279,0.166451406170355,0.524225919495601,2.29034123293617,NA
"621","NSW1200428",1.76611531344057,0.599754597519447,0,"621","2","132",-0.325131408824749,0.169872114611724,0.274623188694697,2.04073850213527,NA
"622","NSW1190183",1.76611531344057,0.63509770686291,0,"622","2","133",0.388328480240613,0.171427617060014,1.02342618710352,2.78954150054409,NA
"623","NSW1201400",1.76611531344057,0.53707798721576,0,"623","2","134",0.562840178087272,0.182206213691438,1.09991816530303,2.8660334787436,NA
"624","NSW1166447",1.76611531344057,0.587976967805684,0,"624","2","135",0.327567296119834,0.162098575949682,0.915544263925518,2.68165957736609,NA
"625","NSW1190182",1.76611531344057,0.552268498413007,0,"625","2","136",-0.491462885086819,0.191185948546249,0.0608056133261884,1.82692092676676,NA
"626","NSW1200666",1.76611531344057,0.451724836082279,0,"626","2","137",0.494622471465604,0.187364047417764,0.946347307547883,2.71246262098845,NA
"627","NSW1190168",1.76611531344057,0.493282516644759,0,"627","2","138",-0.281111602575778,0.176535866057344,0.212170914068981,1.97828622750955,NA
"628","NSW1201641",1.76611531344057,0.697881182340309,0,"628","2","139",-0.756792218965275,0.19232619336031,-0.0589110366249657,1.7072042768156,NA
"629","NSW1194450",1.76611531344057,0.549968090194755,0,"629","2","140",-0.0529792827804224,0.1908628442939,0.496988807414333,2.2631041208549,NA
"630","NSW1211020",1.76611531344057,0.22407663124075,0,"630","2","141",-0.0912242243751036,0.20180078390912,0.132852406865647,1.89896772030622,NA
"631","NSW1200545",1.76611531344057,0.522514773262516,0,"631","2","142",0.0349664939671208,0.161141621397921,0.557481267229637,2.32359658067021,NA
"632","NSW1200373",1.76611531344057,0.4971545922727,0,"632","2","143",-0.257740967610227,0.199699454042866,0.239413624662473,2.00552893810304,NA
"633","NSW1211526",1.76611531344057,0.578907667113554,0,"633","2","144",-0.136852424055329,0.175518712790346,0.442055243058225,2.2081705564988,NA
"634","NSW1212995",1.76611531344057,0.478142032177449,0,"634","2","145",0.423410400005965,0.211010965584297,0.901552432183413,2.66766774562398,NA
"635","NSW1212990",1.76611531344057,0.420032987101102,0,"635","2","146",-0.362361780138481,0.175359867037392,0.0576712069626209,1.82378652040319,NA
"636","NSW1190212",1.76611531344057,0.43636220569101,0,"636","2","147",0.366561217351068,0.210874716600862,0.802923423042078,2.56903873648265,NA
"637","NSW1200895",1.76611531344057,0.652992578228169,0,"637","2","148",0.338500102384262,0.155627180517497,0.991492680612431,2.757607994053,NA
"638","NSW1211539",1.76611531344057,0.538666732839389,0,"638","2","149",-0.407697812058565,0.183489653072056,0.130968920780824,1.89708423422139,NA
"639","NSW1200817",1.76611531344057,0.534754703495757,0,"639","2","150",-0.220756342753871,0.18770603868329,0.313998360741886,2.08011367418246,NA
"640","NSW1200388",1.76611531344057,0.645774419859986,0,"640","2","151",-0.222798447439918,0.159586585833461,0.422975972420068,2.18909128586064,NA
"641","NSW1200807",1.76611531344057,0.657274557159016,0,"641","2","152",0.658919302069502,0.175702287118801,1.31619385922852,3.08230917266909,NA
"642","NSW1200420",1.76611531344057,0.361353662259721,0,"642","2","153",-0.367685593382533,0.183955653933603,-0.00633193112281216,1.75978338231776,NA
"643","NSW1213005",1.76611531344057,0.556792734598474,0,"643","2","154",0.183946763901927,0.1785783047575,0.740739498500401,2.50685481194097,NA
"644","NSW1211533",1.76611531344057,0.524627714109581,0,"644","2","155",-0.55256075150233,0.170967132429437,-0.0279330373927485,1.73818227604782,NA
"645","NSW1212991",1.76611531344057,0.373142380056679,0,"645","2","156",-0.074165411826038,0.167267491638227,0.298976968230641,2.06509228167121,NA
"646","NSW1201650",1.76611531344057,0.580764725846838,0,"646","2","157",-0.0973345169643728,0.198791807040779,0.483430208882465,2.24954552232303,NA
"647","NSW1213020",1.76611531344057,0.55540739522303,0,"647","2","158",0.040064198129228,0.185166787631104,0.595471593352258,2.36158690679283,NA
"648","NSW1190163",1.76611531344057,0.598263494055137,0,"648","2","159",-0.258882997849434,0.14874372262138,0.339380496205703,2.10549580964627,NA
"649","NSW1200466",1.76611531344057,0.563793013760612,0,"649","2","160",-0.544888356606141,0.163228678893257,0.0189046571544703,1.78501997059504,NA
"650","NSW1200623",1.76611531344057,0.390862133874514,0,"650","2","161",-0.716498940381963,0.179498344719889,-0.325636806507449,1.44047850693312,NA
"651","NSW1211511",1.76611531344057,0.567039486062211,0,"651","2","162",0.705455484545164,0.192960048635598,1.27249497060737,3.03861028404794,NA
"652","NSW1200371",1.76611531344057,0.507360958674865,0,"652","2","163",-0.0224441177574974,0.199430124048244,0.484916840917368,2.25103215435794,NA
"653","NSW1211592",1.76611531344057,0.389202451347,0,"653","2","164",-0.60517855725471,0.202702971576289,-0.21597610590771,1.55013920753286,NA
"654","NSW1212785",1.76611531344057,0.515741541227205,0,"654","2","165",-0.00611056055512227,0.193450194696803,0.509630980672083,2.27574629411265,NA
"655","NSW1201616",1.76611531344057,0.697881182340309,0,"655","2","166",-0.756792218965275,0.19232619336031,-0.0589110366249657,1.7072042768156,NA
"656","NSW1212959",1.76611531344057,0.353119926538055,0,"656","2","167",-0.0950087969785948,0.176589714927542,0.258111129559461,2.02422644300003,NA
"657","NSW1213034",1.76611531344057,0.445669441735447,0,"657","2","168",0.205136560888518,0.177506605526192,0.650806002623965,2.41692131606454,NA
"658","NSW1211561",1.76611531344057,0.25864731469223,0,"658","2","169",-0.0512613357412523,0.209558061091028,0.207385978950978,1.97350129239155,NA
"659","NSW1211542",1.76611531344057,0.337941059447037,0,"659","2","170",-0.0507175864717715,0.170516328880769,0.287223472975266,2.05333878641584,NA
"660","NSW1200803",1.76611531344057,0.466047920043662,0,"660","2","171",0.294666383369733,0.173662234660568,0.760714303413396,2.52682961685397,NA
"661","NSW1211578",1.76611531344057,0.652159379993716,0,"661","2","172",0.237113712677,0.16005585359408,0.889273092670716,2.65538840611129,NA
"662","NSW1190217",1.76611531344057,0.316470896738567,0,"662","2","173",-0.579463921515864,0.196001528710494,-0.262993024777297,1.50312228866327,NA
"663","NSW1211562",1.76611531344057,0.743566007221025,0,"663","2","174",0.0789925485427646,0.15791134634894,0.822558555763789,2.58867386920436,NA
"664","NSW1200672",1.76611531344057,0.682436956465101,0,"664","2","175",0.0526648224151671,0.169461029914346,0.735101778880268,2.50121709232084,NA
"665","NSW1201375",1.76611531344057,0.697881182340309,0,"665","2","176",-0.756792218965275,0.19232619336031,-0.0589110366249657,1.7072042768156,NA
"666","NSW1212972",1.76611531344057,0.347263757442384,0,"666","2","177",0.0375226169717119,0.21749787984674,0.384786374414096,2.15090168785467,NA
"667","NSW1212982",1.76611531344057,0.677031095154952,0,"667","2","178",-0.0724173643184374,0.160187514877114,0.604613730836515,2.37072904427708,NA
"668","NSW1166596",1.76611531344057,0.624701389584419,0,"668","2","179",-0.145620571484132,0.195039351680221,0.479080818100287,2.24519613154086,NA
"669","NSW1190191",1.76611531344057,0.726584751344626,0,"669","2","180",0.149666629885585,0.164475229161639,0.876251381230211,2.64236669467078,NA
"670","NSW1200360",1.76611531344057,0.653209097370353,0,"670","2","181",-0.0211208395248225,0.171503960302066,0.632088257845531,2.3982035712861,NA
"671","NSW1200363",1.76611531344057,0.608843470748604,0,"671","2","182",0.101916841232267,0.175795425905833,0.710760311980872,2.47687562542144,NA
"672","NSW1212979",1.76611531344057,0.590573584858475,0,"672","2","183",-0.401228293382757,0.173538411580855,0.189345291475718,1.95546060491629,NA
"673","NSW1190208",1.76611531344057,0.454167431153871,0,"673","2","184",0.187601211497894,0.184874096270854,0.641768642651765,2.40788395609234,NA
"674","NSW1200358",1.76611531344057,0.58011674678972,0,"674","2","185",-0.213626994213413,0.172282679146905,0.366489752576307,2.13260506601688,NA
"675","NSW1190192",1.76611531344057,0.598269173987256,0,"675","2","186",0.396850702080687,0.166067498692154,0.995119876067944,2.76123518950851,NA
"676","NSW1211584",1.76611531344057,0.834337019225862,0,"676","2","187",0.540113392337298,0.154839976591908,1.37445041156316,3.14056572500373,NA
"677","NSW1200622",1.76611531344057,0.458676465086737,0,"677","2","188",0.00610442151650957,0.168184160706677,0.464780886603247,2.23089620004382,NA
"678","NSW1211430",1.76611531344057,0.603214745550351,0,"678","2","189",-0.151630917286589,0.163629444759248,0.451583828263762,2.21769914170433,NA
"679","NSW1200777",1.76611531344057,0.819697087907976,0,"679","2","190",0.423893386735228,0.157239736282387,1.2435904746432,3.00970578808377,NA
"680","NSW1211426",1.76611531344057,0.359155984308747,0,"680","2","191",-0.301929501195988,0.197674216199494,0.0572264831127588,1.82334179655333,NA
"681","NSW1211450",1.76611531344057,0.58176595399555,0,"681","2","192",0.381963669446816,0.182738650370387,0.963729623442365,2.72984493688294,NA
"682","NSW1201381",1.76611531344057,0.581006482699575,0,"682","2","193",-0.118714328868189,0.179919087336198,0.462292153831387,2.22840746727196,NA
"683","NSW1211527",1.76611531344057,0.550079492736493,0,"683","2","194",-0.206226491360054,0.165929234436754,0.343853001376439,2.10996831481701,NA
"684","NSW1194457",1.76611531344057,0.482364949834466,0,"684","2","195",-0.472841249105694,0.190574961094999,0.00952370072877179,1.77563901416934,NA
"685","NSW1213006",1.76611531344057,0.688074910475443,0,"685","2","196",0.0842934262184393,0.15343673541625,0.772368336693882,2.53848365013445,NA
"686","NSW1190187",1.76611531344057,0.557252566286268,0,"686","2","197",-0.208067409900655,0.17666374612505,0.349185156385613,2.11530046982618,NA
"687","NSW1213010",1.76611531344057,0.515979238885684,0,"687","2","198",0.0222014878106561,0.187782225627843,0.53818072669634,2.30429604013691,NA
"688","NSW1201425",1.76611531344057,0.591266263149217,0,"688","2","199",0.0478355585580475,0.173605334793347,0.639101821707265,2.40521713514784,NA
"689","NSW1200504",1.76611531344057,0.707923063739715,0,"689","2","200",-0.363044728318892,0.168928744351801,0.344878335420822,2.11099364886139,NA
"690","NSW1200920",1.76611531344057,0.286147624806446,0,"690","2","201",-0.234688187378105,0.202143426490526,0.0514594374283414,1.81757475086891,NA
"691","NSW1200341",1.76611531344057,0.578396265760477,0,"691","2","202",0.549423534770949,0.173294682372936,1.12781980053143,2.893935113972,NA
"692","NSW1200337",1.76611531344057,0.553392312463071,0,"692","2","203",-0.698764920053123,0.197448294244897,-0.145372607590052,1.62074270585052,NA
"693","NSW1212988",1.76611531344057,0.519010666936805,0,"693","2","204",-0.015368024344658,0.176417566047638,0.503642642592147,2.26975795603272,NA
"694","NSW1201430",1.76611531344057,0.457442813922041,0,"694","2","205",0.0060182891614842,0.185114361966983,0.463461103083525,2.22957641652409,NA
"695","NSW1200824",1.76611531344057,0.627177217210393,0,"695","2","206",0.558862779284789,0.189558518279717,1.18603999649518,2.95215530993575,NA
"696","NSW1212969",1.76611531344057,0.659041292987201,0,"696","2","207",-0.232077322002861,0.170347883346664,0.42696397098434,2.19307928442491,NA
"697","NSW1190200",1.76611531344057,0.532957106819961,0,"697","2","208",-0.508870522630483,0.180203953871641,0.024086584189478,1.79020189763005,NA
"698","NSW1210993",1.76611531344057,0.299585906168577,0,"698","2","209",0.259404508626802,0.200329843454803,0.558990414795379,2.32510572823595,NA
"699","NSW1211586",1.76611531344057,0.484555592686488,0,"699","2","210",0.241175998750914,0.207425257623671,0.725731591437402,2.49184690487797,NA
"700","NSW1201409",1.76611531344057,0.473910237038656,0,"700","2","211",0.101053565076269,0.184608142831042,0.574963802114924,2.3410791155555,NA
"701","NSW1200853",1.76611531344057,0.505101836304728,0,"701","2","212",0.0299783878967682,0.18022749379515,0.535080224201496,2.30119553764207,NA
"702","NSW1212960",1.76611531344057,0.6251505448227,0,"702","2","213",-0.0117000425067382,0.165708022304363,0.613450502315962,2.37956581575653,NA
"703","NSW1200607",1.76611531344057,0.326499166918438,0,"703","2","214",0.0167264707404969,0.185359645946754,0.343225637658935,2.10934095109951,NA
"704","NSW1212957",1.76611531344057,0.493745778077087,0,"704","2","215",-0.0993864880583869,0.180838398514199,0.3943592900187,2.16047460345927,NA
"705","NSW1212983",1.76611531344057,0.364130185584551,0,"705","2","216",-0.154085784271372,0.188666335439572,0.210044401313179,1.97615971475375,NA
"706","NSW1166654",1.76611531344057,0.372140501341187,0,"706","2","217",-0.0174034067460864,0.173369202322823,0.354737094595101,2.12085240803567,NA
"707","NSW1212993",1.76611531344057,0.588539732053795,0,"707","2","218",-0.138906800376358,0.151260433997653,0.449632931677437,2.21574824511801,NA
"708","NSW1200374",1.76611531344057,0.739298146552368,0,"708","2","219",0.0946727273632504,0.171082752666041,0.833970873915618,2.60008618735619,NA
"709","NSW1200617",1.76611531344057,0.54317989263735,0,"709","2","220",0.302656450822906,0.17804468177226,0.845836343460256,2.61195165690083,NA
"710","NSW1212962",1.76611531344057,0.689654004391057,0,"710","2","221",-0.209783277093289,0.164918168402964,0.479870727297768,2.24598604073834,NA
"711","NSW1213029",1.76611531344057,0.21793354760564,0,"711","2","222",0.243124059421718,0.186070062239928,0.461057607027358,2.22717292046793,NA
"712","NSW1200393",1.76611531344057,0.551526338077733,0,"712","2","223",-0.128799055712121,0.178423285899491,0.422727282365612,2.18884259580618,NA
"713","NSW1211566",1.76611531344057,0.556976416665791,0,"713","2","224",-0.433222507681585,0.17624804938605,0.123753908984205,1.88986922242478,NA
"714","NSW1200523",1.76611531344057,0.35944772174338,0,"714","2","225",-0.0903992895990111,0.201867221192581,0.269048432144369,2.03516374558494,NA
"715","NSW1201356",1.76611531344057,0.640847597780966,0,"715","2","226",0.0247577402276489,0.152653122960443,0.665605338008615,2.43172065144919,NA
"716","NSW1200534",1.76611531344057,0.497201200412876,0,"716","2","227",-0.0817908113845315,0.205125577501089,0.415410389028345,2.18152570246892,NA
"717","NSW1200772",1.76611531344057,0.683102453070625,0,"717","2","228",0.40741306910991,0.175807538600173,1.09051552218053,2.8566308356211,NA
"718","NSW1200792",1.76611531344057,0.747050646024324,0,"718","2","229",0.178828441158414,0.154564984345055,0.925879087182738,2.69199440062331,NA
"719","NSW1200516",1.76611531344057,0.600102287102984,0,"719","2","230",-0.225901016578641,0.173051730420185,0.374201270524343,2.14031658396491,NA
"720","NSW1212967",1.76611531344057,0.568558896683102,0,"720","2","231",0.262580313565977,0.185148616480028,0.831139210249079,2.59725452368965,NA
"721","NSW1213036",1.76611531344057,0.322891146378929,0,"721","2","232",0.131419459129015,0.214509556739675,0.454310605507944,2.22042591894851,NA
"722","NSW1200610",1.76611531344057,0.44662649918358,0,"722","2","233",-0.379215862647952,0.214466416262155,0.067410636535628,1.8335259499762,NA
"723","NSW1200812",1.76611531344057,0.485069451221229,0,"723","2","234",0.246043659724615,0.182050137405354,0.731113110945844,2.49722842438641,NA
"724","NSW1166601",1.76611531344057,0.616445064106532,0,"724","2","235",-0.428997839953032,0.14650887977409,0.1874472241535,1.95356253759407,NA
"725","NSW1190184",1.76611531344057,0.535155118194317,0,"725","2","236",0.215215842705798,0.159734019565364,0.750370960900115,2.51648627434069,NA
"726","NSW1200597",1.76611531344057,0.447521365335756,0,"726","2","237",-0.496965778427407,0.193886021360389,-0.0494444130916519,1.71667090034892,NA
"727","NSW1200616",1.76611531344057,0.458738548843186,0,"727","2","238",-0.250592029803638,0.151738438940061,0.208146519039549,1.97426183248012,NA
"728","NSW1201404",1.76611531344057,0.590132395931312,0,"728","2","239",0.149209693816791,0.184482878839209,0.739342089748103,2.50545740318867,NA
"729","NSW1200592",1.76611531344057,0.647729113404611,0,"729","2","240",-0.231384900610725,0.154953097834733,0.416344212793886,2.18245952623446,NA
"730","NSW1190203",1.76611531344057,0.62142159954061,0,"730","2","241",0.454693318328163,0.180927391854616,1.07611491786877,2.84223023130934,NA
"731","NSW1211536",1.76611531344057,0.482915765488759,0,"731","2","242",0.672581871831692,0.206175715032825,1.15549763732045,2.92161295076102,NA
"732","NSW1200424",1.76611531344057,0.495150710366983,0,"732","2","243",0.314986913128214,0.182764689364184,0.810137623495198,2.57625293693577,NA
"733","NSW1212846",1.76611531344057,0.418966290860551,0,"733","2","244",0.176897069911296,0.208900261464869,0.595863360771847,2.36197867421242,NA
"734","NSW1200804",1.76611531344057,0.40061139987602,0,"734","2","245",-0.100359082683719,0.202206422276636,0.3002523171923,2.06636763063287,NA
"735","NSW1210995",1.76611531344057,0.399363287350923,0,"735","2","246",0.00469363790624378,0.1690394333558,0.404056925257167,2.17017223869774,NA
"736","NSW1212968",1.76611531344057,0.308399102941216,0,"736","2","247",0.140762986174084,0.211755735400154,0.4491620891153,2.21527740255587,NA
"737","NSW1200591",1.76611531344057,0.634398968278686,0,"737","2","248",-0.313081023243178,0.185173397851271,0.321317945035508,2.08743325847608,NA
"738","NSW1213000",1.76611531344057,0.450538458781483,0,"738","2","249",0.160730783635985,0.180848213057226,0.611269242417467,2.37738455585804,NA
"739","NSW1200797",1.76611531344057,0.730807407201431,0,"739","2","250",0.627067264855886,0.155209772037953,1.35787467205732,3.12398998549789,NA
"740","NSW1212964",1.76611531344057,0.646515674075871,0,"740","2","251",-0.0185181992829604,0.160857961120248,0.627997474792911,2.39411278823348,NA
"741","NSW1200338",1.76611531344057,0.309386201471953,0,"741","2","252",-0.24136580708072,0.182037708201033,0.0680203943912336,1.8341357078318,NA
"742","NSW1213003",1.76611531344057,0.613533775466345,0,"742","2","253",0.231830077688179,0.175324318627761,0.845363853154524,2.61147916659509,NA
"743","NSW1190162",1.76611531344057,0.518163393248573,0,"743","2","254",0.22217407789725,0.1924720829278,0.740337471145823,2.50645278458639,NA
"744","NSW1200769",1.76611531344057,0.495556073508724,0,"744","2","255",-0.0683952426102984,0.202115144936607,0.427160830898426,2.193276144339,NA
"745","NSW1200403",1.76611531344057,0.532002026790568,0,"745","2","256",0.423522197851717,0.179649662712394,0.955524224642285,2.72163953808286,NA
"746","NSW1200355",1.76611531344057,-0.496579392833014,0,"746","2","257",-0.094807684184945,0.324064277929173,-0.591387077017959,1.17472823642261,NA
"747","NSW1212965",1.76611531344057,0.364738400944724,0,"747","2","258",0.0688114839546192,0.200847536047813,0.433549884899344,2.19966519833991,NA
"748","NSW1200369",1.76611531344057,0.723878952280751,0,"748","2","259",0.211194568874487,0.175155104583365,0.935073521155238,2.70118883459581,NA
"749","NSW1211589",1.76611531344057,-0.250881927482834,0,"749","2","260",0.0903069571663188,0.265870432762617,-0.160574970316515,1.60554034312406,NA
"750","NSW1200611",1.76611531344057,0.664333560663528,0,"750","2","261",0.247167582239526,0.16538102374947,0.911501142903054,2.67761645634362,NA
"751","NSW1211538",1.76611531344057,0.732550485233356,0,"751","2","262",0.27745382135921,0.167631712420511,1.01000430659257,2.77611962003314,NA
"752","NSW1190172",1.76611531344057,0.598011513730055,0,"752","2","263",0.401946409015374,0.172062154147332,0.999957922745429,2.766073236186,NA
"753","NSW1211437",1.76611531344057,0.676755101358467,0,"753","2","264",0.761945839900884,0.176360594218668,1.43870094125935,3.20481625469992,NA
"754","NSW1200656",1.76611531344057,0.512251478342068,0,"754","2","265",-0.195473286974187,0.186015219892438,0.316778191367881,2.08289350480845,NA
"755","NSW1200823",1.76611531344057,0.549471018651305,0,"755","2","266",-0.186435674837271,0.231612312210095,0.363035343814034,2.12915065725461,NA
"756","NSW1200802",1.76611531344057,0.522298505241441,0,"756","2","267",-0.104440584695075,0.178227131657482,0.417857920546366,2.18397323398694,NA
"757","NSW1211575",1.76611531344057,0.604252772065238,0,"757","2","268",-0.98146244192478,0.169589709742765,-0.377209669859542,1.38890564358103,NA
"758","NSW1200430",1.76611531344057,0.664820791796934,0,"758","2","269",0.282298602749021,0.163116128398639,0.947119394545956,2.71323470798653,NA
"759","NSW1200378",1.76611531344057,0.52368444499003,0,"759","2","270",-0.386931984222921,0.1794027043719,0.136752460767109,1.90286777420768,NA
"760","NSW1200840",1.76611531344057,0.70957958059222,0,"760","2","271",-0.765622430137658,0.192398305502527,-0.056042849545438,1.71007246389513,NA
"761","NSW1201366",1.76611531344057,0.510348571700867,0,"761","2","272",0.493543935831918,0.168191413097881,1.00389250753278,2.77000782097336,NA
"762","NSW1211569",1.76611531344057,0.435476413412077,0,"762","2","273",0.140283075223552,0.16704937670398,0.575759488635628,2.3418748020762,NA
"763","NSW1210940",1.76611531344057,0.367717594929764,0,"763","2","274",-0.531321009992808,0.185672036474382,-0.163603415063044,1.60251189837753,NA
"764","NSW1200838",1.76611531344057,0.485554472120726,0,"764","2","275",-0.713744869943071,0.170011595393622,-0.228190397822346,1.53792491561822,NA
"765","NSW1200419",1.76611531344057,0.567275452234133,0,"765","2","276",0.0065581744206861,0.18087306512421,0.573833626654819,2.33994894009539,NA
"766","NSW1200909",1.76611531344057,0.616786852208245,0,"766","2","277",-0.0781045347220263,0.1999972665249,0.538682317486218,2.30479763092679,NA
"767","NSW1211572",1.76611531344057,0.51702983492514,0,"767","2","278",0.125112263805006,0.190218525437398,0.642142098730146,2.40825741217072,NA
"768","NSW1201401",1.76611531344057,0.698209877379039,0,"768","2","279",-0.236772776668498,0.164523482825232,0.461437100710541,2.22755241415111,NA
"769","NSW1200893",1.76611531344057,0.415973894642275,0,"769","2","280",-0.156747573697564,0.174003111899431,0.25922632094471,2.02534163438528,NA
"770","NSW1200879",1.76611531344057,0.515104221962251,0,"770","2","281",0.484066213674287,0.204666749517216,0.999170435636539,2.76528574907711,NA
"771","NSW1200596",1.76611531344057,0.220343146637643,0,"771","2","282",0.0713300824548948,0.228293974533386,0.291673229092537,2.05778854253311,NA
"772","NSW1213023",1.76611531344057,0.746763808736995,0,"772","2","283",-0.0745116786066616,0.150858738462855,0.672252130130334,2.4383674435709,NA
"773","NSW1211510",1.76611531344057,0.390423736094798,0,"773","2","284",0.374951979114548,0.208123977707078,0.765375715209346,2.53149102864992,NA
"774","NSW1200342",1.76611531344057,0.542560404478188,0,"774","2","285",-0.0223870278762963,0.156365428386995,0.520173376601891,2.28628869004246,NA
"775","NSW1200540",1.76611531344057,0.642535308763883,0,"775","2","286",-0.443269169148757,0.177462220011039,0.199266139615126,1.9653814530557,NA
"776","NSW1211585",1.76611531344057,0.552653278967332,0,"776","2","287",-0.617641501537556,0.161351669024118,-0.0649882225702236,1.70112709087035,NA
"777","NSW1212958",1.76611531344057,0.454730183520931,0,"777","2","288",-0.434770207603841,0.188160497391018,0.01995997591709,1.78607528935766,NA
"778","NSW1201627",1.76611531344057,0.476792052485653,0,"778","2","289",-0.146828053875801,0.18478594364418,0.329963998609852,2.09607931205042,NA
"779","NSW1210988",1.76611531344057,0.514160356346859,0,"779","2","290",0.252067238747972,0.201181526117132,0.76622759509483,2.5323429085354,NA
"780","NSW1200915",1.76611531344057,0.337644277838196,0,"780","2","291",0.900737994436521,0.205693500517829,1.23838227227472,3.00449758571529,NA
"781","NSW1200398",1.76611531344057,0.611362340444199,0,"781","2","292",-0.596163079673337,0.183140945476653,0.0151992607708618,1.78131457421143,NA
"782","NSW1212963",1.76611531344057,0.290370372112895,0,"782","2","293",0.191202427764712,0.172702797683728,0.481572799877607,2.24768811331818,NA
"783","NSW1200519",1.76611531344057,0.488671482175371,0,"783","2","294",0.142414928149769,0.195877308318071,0.63108641032514,2.39720172376571,NA
"784","NSW1211436",1.76611531344057,0.460693570838284,0,"784","2","295",0.763680985070942,0.188960512190978,1.22437455590923,2.9904898693498,NA
"785","NSW1212984",1.76611531344057,0.607992358631969,0,"785","2","296",-0.407039730958457,0.143837253903321,0.200952627673512,1.96706794111408,NA
"786","NSW1211431",1.76611531344057,0.485413109945261,0,"786","2","297",0.00166278548950048,0.195217619912376,0.487075895434762,2.25319120887533,NA
"787","NSW1211557",1.76611531344057,0.541966091550355,0,"787","2","298",0.0052226298289184,0.164195937387724,0.547188721379273,2.31330403481984,NA
"788","NSW1190166",1.76611531344057,0.405943247288886,0,"788","2","299",-0.286095975474908,0.188763293334371,0.119847271813978,1.88596258525455,NA
"789","NSW1200368",1.76611531344057,0.622271337008898,0,"789","2","300",-0.272546037712256,0.186412387993077,0.349725299296642,2.11584061273721,NA
"790","NSW1200809",1.76611531344057,0.476792052485653,0,"790","2","301",-0.146828053875801,0.18478594364418,0.329963998609852,2.09607931205042,NA
"791","NSW1213024",1.76611531344057,0.528547524075825,0,"791","2","302",0.492153565126256,0.199538819159613,1.02070108920208,2.78681640264265,NA
"792","NSW1190169",1.76611531344057,0.517381371906138,0,"792","2","303",0.00253642833165056,0.199341746130606,0.519917800237789,2.28603311367836,NA
"793","NSW1200348",1.76611531344057,0.759567384387452,0,"793","2","304",0.283543951483458,0.168931612320081,1.04311133587091,2.80922664931148,NA
"794","NSW1200383",1.76611531344057,0.449296337096303,0,"794","2","305",-0.0113798391837949,0.193060151507166,0.437916497912508,2.20403181135308,NA
"795","NSW1212986",1.76611531344057,0.47531090448985,0,"795","2","306",0.0734998888985918,0.171821557416414,0.548810793388441,2.31492610682901,NA
"796","NSW1200602",1.76611531344057,0.286629397404044,0,"796","2","307",-0.110300573343817,0.194348298910219,0.176328824060227,1.9424441375008,NA
"797","NSW1211535",1.76611531344057,0.670839863760407,0,"797","2","308",0.485873006320492,0.161111047341211,1.1567128700809,2.92282818352147,NA
"798","NSW1212953",1.76611531344057,0.562418637194541,0,"798","2","309",-0.285540758750728,0.180410538477571,0.276877878443813,2.04299319188438,NA
"799","NSW1200794",1.76611531344057,0.572169962574357,0,"799","2","310",-0.464226259687086,0.198961039783784,0.107943702887272,1.87405901632784,NA
"800","NSW1201361",1.76611531344057,0.356614839264601,0,"800","2","311",0.012842660322856,0.194884811330147,0.369457499587457,2.13557281302803,NA
"801","NSW1211537",1.76611531344057,0.670703289611794,0,"801","2","312",0.0655282495042352,0.1719047846999,0.736231539116029,2.5023468525566,NA
"802","NSW1200601",1.76611531344057,0.673628606287895,0,"802","2","313",0.409038184570797,0.151998469458054,1.08266679085869,2.84878210429926,NA
"803","NSW1200538",1.76611531344057,0.529957613922704,0,"803","2","314",0.0438124956188162,0.170831812912257,0.57377010954152,2.33988542298209,NA
"804","NSW1212996",1.76611531344057,0.657735494141018,0,"804","2","315",-0.189131629243401,0.169896138282125,0.468603864897617,2.23471917833819,NA
"805","NSW1211574",1.76611531344057,0.454799040955143,0,"805","2","316",0.0289254722872755,0.182223244762225,0.483724513242419,2.24983982668299,NA
"806","NSW1200606",1.76611531344057,0.386530665995287,0,"806","2","317",0.0191747685919413,0.171554380654103,0.405705434587228,2.1718207480278,NA
"807","NSW1200844",1.76611531344057,0.602474580310324,0,"807","2","318",0.199683926193427,0.167906298136959,0.802158506503751,2.56827381994432,NA
"808","NSW1211432",1.76611531344057,0.489158742019337,0,"808","2","319",-0.100227210998276,0.172530797531763,0.388931531021061,2.15504684446163,NA
"809","NSW1201386",1.76611531344057,0.453564216249742,0,"809","2","320",-0.607319674568235,0.192076086397693,-0.153755458318493,1.61235985512208,NA
"810","NSW1212894",1.76611531344057,0.447186285762413,0,"810","2","321",-0.24360355516774,0.192954298211476,0.203582730594673,1.96969804403524,NA
"811","NSW1211573",1.76611531344057,0.292581663880209,0,"811","2","322",-0.647987727808111,0.213118860554901,-0.355406063927902,1.41070924951267,NA
"812","NSW1211567",1.76611531344057,0.362236237296496,0,"812","2","323",-0.500693506904517,0.193979918918883,-0.13845726960802,1.62765804383255,NA
"813","NSW1201385",1.76611531344057,0.445600884180559,0,"813","2","324",-0.998627301090736,0.216252960044654,-0.553026416910177,1.21308889653039,NA
"814","NSW1201357",1.76611531344057,0.462059149297771,0,"814","2","325",-0.256057172905625,0.191613130016689,0.206001976392146,1.97211728983272,NA
"815","NSW1211435",1.76611531344057,0.58082225583694,0,"815","2","326",-0.228464443179791,0.174548844618073,0.352357812657149,2.11847312609772,NA
"816","NSW1200555",1.76611531344057,0.475154706004359,0,"816","2","327",0.227703330780323,0.17090721423049,0.702858036784682,2.46897335022525,NA
"817","NSW1200399",1.76611531344057,0.482843843478785,0,"817","2","328",-0.558574447140125,0.17844169874276,-0.0757306036613397,1.69038470977923,NA
"818","NSW1200894",1.76611531344057,0.480825242868142,0,"818","2","329",-0.278925822202478,0.20083247266524,0.201899420665665,1.96801473410624,NA
"819","NSW1211457",1.76611531344057,0.621553371459767,0,"819","2","330",0.203900752375076,0.173735047362929,0.825454123834843,2.59156943727541,NA
"820","NSW1200854",1.76611531344057,0.725355247078264,0,"820","2","331",0.204379514259369,0.151251624043239,0.929734761337633,2.6958500747782,NA
"821","NSW1200888",1.76611531344057,0.662009330812644,0,"821","2","332",0.481885050736547,0.15253493634583,1.14389438154919,2.91000969498976,NA
"822","NSW1201626",1.76611531344057,0.529089015755002,0,"822","2","333",-0.446185312900701,0.198251424601129,0.0829037028543018,1.84901901629487,NA
"823","NSW1200553",1.76611531344057,0.477265146975425,0,"823","2","334",0.356715922399536,0.196738572414141,0.833981069374961,2.60009638281553,NA
"824","NSW1213008",1.76611531344057,0.481380029928124,0,"824","2","335",0.1971755536151,0.192089273435835,0.678555583543224,2.44467089698379,NA
"825","NSW1200671",1.76611531344057,0.595906817317889,0,"825","2","336",0.193426254649933,0.168444280069709,0.789333071967822,2.55544838540839,NA
"826","NSW1212955",1.76611531344057,0.476250255320318,0,"826","2","337",0.453355626373126,0.194967708393944,0.929605881693444,2.69572119513401,NA
"827","NSW1212999",1.76611531344057,0.512987452044644,0,"827","2","338",-0.141563264230808,0.174728992985735,0.371424187813836,2.13753950125441,NA
"828","NSW1213018",1.76611531344057,0.64340892858294,0,"828","2","339",0.436684169254129,0.19614054870863,1.08009309783707,2.84620841127764,NA
"829","NSW1212861",1.76611531344057,0.260628940677116,0,"829","2","340",-0.415517584780196,0.201989359037197,-0.15488864410308,1.61122666933749,NA
"830","NSW1200526",1.76611531344057,0.55365934239917,0,"830","2","341",0.239117075159952,0.170488452808414,0.792776417559122,2.55889173099969,NA
"831","NSW1212978",1.76611531344057,0.553612135638149,0,"831","2","342",0.109292243777127,0.159902852669955,0.662904379415276,2.42901969285585,NA
"832","NSW1200548",1.76611531344057,0.321570396595971,0,"832","2","343",-0.0896838794491507,0.196517741508308,0.231886517146821,1.99800183058739,NA
"833","NSW1200843",1.76611531344057,0.30121300209882,0,"833","2","344",0.502247923436639,0.213235747960126,0.803460925535459,2.56957623897603,NA
"834","NSW1200898",1.76611531344057,0.402176941710944,0,"834","2","345",0.208626080622017,0.179402200359413,0.610803022332961,2.37691833577353,NA
"835","NSW1213031",1.76611531344057,0.67018115507264,0,"835","2","346",0.492403590986139,0.16572011732025,1.16258474605878,2.92870005949935,NA
"836","NSW1211425",1.76611531344057,0.604708666611417,0,"836","2","347",-0.025043493106763,0.178553109660904,0.579665173504654,2.34578048694522,NA
"837","NSW1210966",1.76611531344057,0.488448498765752,0,"837","2","348",0.484522510385811,0.193718729434329,0.972971009151563,2.73908632259213,NA
"838","NSW1200899",1.76611531344057,0.519190602032478,0,"838","2","349",0.39201392839838,0.178756418419046,0.911204530430858,2.67731984387143,NA
"839","NSW1212973",1.76611531344057,0.469438144352554,0,"839","2","350",-0.144187291573902,0.183481278506025,0.325250852778652,2.09136616621922,NA
"840","NSW1211540",1.76611531344057,0.511540617424801,0,"840","2","351",0.0140559168659547,0.181031764289581,0.525596534290756,2.29171184773133,NA
"841","NSW1201406",1.76611531344057,0.361515714611084,0,"841","2","352",-0.503061072772946,0.19811983255578,-0.141545358161862,1.62456995527871,NA
"842","NSW1200889",1.76611531344057,0.439578652083695,0,"842","2","353",0.018474867325436,0.178971369120211,0.458053519409132,2.2241688328497,NA
"843","NSW1200904",1.76611531344057,0.27382972530987,0,"843","2","354",0.163122380533184,0.211093699399355,0.436952105843054,2.20306741928362,NA
"844","NSW1213014",1.76611531344057,0.349913043870955,0,"844","2","355",0.380133158205415,0.188061408440938,0.73004620207637,2.49616151551694,NA
"845","NSW1211588",1.76611531344057,0.336657109095598,0,"845","2","356",0.0927788863648829,0.198863785421367,0.429435995460481,2.19555130890105,NA
"846","NSW1213035",1.76611531344057,0.590248537546986,0,"846","2","357",0.264155709499925,0.154447782869782,0.854404247046911,2.62051956048748,NA
"847","NSW1200510",1.76611531344057,0.579071303940319,0,"847","2","358",0.338576359857257,0.179115170747115,0.917647663797575,2.68376297723815,NA
"848","NSW1211532",1.76611531344057,0.680274906782547,0,"848","2","359",0.812037804510051,0.192734978947631,1.4923127112926,3.25842802473317,NA
"849","NSW1200924",1.76611531344057,0.282982170865525,0,"849","2","360",0.137192319714231,0.240393920787383,0.420174490579757,2.18628980402033,NA
"850","NSW1200782",1.76611531344057,0.600178884037743,0,"850","2","361",-0.266232089327387,0.173620705772238,0.333946794710356,2.10006210815093,NA
"851","NSW1212998",1.76611531344057,0.290401349652115,0,"851","2","362",0.0180523456772865,0.19175195845945,0.308453695329402,2.07456900876997,NA
"852","NSW1211587",1.76611531344057,0.346762296307079,0,"852","2","363",0.407205999543449,0.19681094699753,0.753968295850528,2.5200836092911,NA
"853","NSW1200359",1.76611531344057,0.618785544545875,0,"853","2","364",-0.148618489236133,0.165657049692456,0.470167055309741,2.23628236875031,NA
"854","NSW1212989",1.76611531344057,0.570244794228558,0,"854","2","365",0.0755136184102077,0.153707736328906,0.645758412638766,2.41187372607934,NA
"855","NSW1201429",1.76611531344057,0.554632470674436,0,"855","2","366",0.255224302047907,0.193851352197382,0.809856772722343,2.57597208616291,NA
"856","NSW1200918",1.76611531344057,0.598663478636858,0,"856","2","367",-0.138323267724837,0.149016717834496,0.460340210912021,2.22645552435259,NA
"857","NSW1190209",1.76611531344057,0.153078662438917,0,"857","2","368",0.0362606820114132,0.196657497116981,0.18933934445033,1.9554546578909,NA
"858","NSW1200404",1.76611531344057,0.580245755707253,0,"858","2","369",-0.260446251116726,0.178002142750071,0.319799504590527,2.0859148180311,NA
"859","NSW1211509",1.76611531344057,0.562848807472658,0,"859","2","370",-0.776445054058997,0.175964016376782,-0.213596246586339,1.55251906685423,NA
"860","NSW1200421",1.76611531344057,0.645688393993901,0,"860","2","371",-0.52058526545424,0.16313138714894,0.125103128539661,1.89121844198023,NA
"861","NSW1200908",1.76611531344057,0.490249940238603,0,"861","2","372",0.202056135363669,0.176025209275208,0.692306075602272,2.45842138904284,NA
"862","NSW1213028",1.76611531344057,0.298001939228731,0,"862","2","373",-0.606580962236653,0.185138931243908,-0.308579023007922,1.45753629043265,NA
"863","NSW1201632",1.76611531344057,0.40061139987602,0,"863","2","374",-0.100359082683719,0.202206422276636,0.3002523171923,2.06636763063287,NA
"864","NSW1200461",1.76611531344057,0.323402135573835,0,"864","2","375",-0.229929303898457,0.189821369493124,0.0934728316753774,1.85958814511595,NA
"865","NSW1200590",1.76611531344057,0.598204065499436,0,"865","2","376",0.611012760335325,0.201488366494065,1.20921682583476,2.97533213927533,NA
"866","NSW1212975",1.76611531344057,0.4026864703299,0,"866","2","377",-0.209929538904095,0.207397221189833,0.192756931425806,1.95887224486638,NA
"867","NSW1201621",1.76611531344057,0.697881182340309,0,"867","2","378",-0.756792218965275,0.19232619336031,-0.0589110366249657,1.7072042768156,NA
"868","NSW1210994",1.76611531344057,0.369863176419604,0,"868","2","379",0.054469336023659,0.178662122886782,0.424332512443263,2.19044782588383,NA
"869","NSW1190186",1.76611531344057,0.655976150608405,0,"869","2","380",-0.122682627327932,0.13635462278594,0.533293523280473,2.29940883672104,NA
"870","NSW1213009",1.76611531344057,0.629532922898858,0,"870","2","381",0.544678971537838,0.198797033341262,1.1742118944367,2.94032720787727,NA
"871","NSW1213004",1.76611531344057,0.417957003139359,0,"871","2","382",-0.561933216420154,0.176781350546894,-0.143976213280795,1.62213910015978,NA
"872","NSW1200595",1.76611531344057,0.390394668733343,0,"872","2","383",0.0317006315257251,0.206879276861489,0.422095300259068,2.18821061369964,NA
"873","NSW1211590",1.76611531344057,0.446994915263789,0,"873","2","384",-0.319352296164153,0.175141627455129,0.127642619099636,1.89375793254021,NA
"874","NSW1213026",1.76611531344057,0.378885430678127,0,"874","2","385",0.0450120521803538,0.174784211750405,0.423897482858481,2.19001279629905,NA
"875","NSW1200798",1.76611531344057,0.430937216934208,0,"875","2","386",0.113571996545928,0.176455515519623,0.544509213480136,2.31062452692071,NA
"876","NSW1190171",1.76611531344057,0.56934298642045,0,"876","2","387",-0.0119059454323853,0.195487949970631,0.557437040988065,2.32355235442864,NA
"877","NSW1211447",1.76611531344057,0.553190906875192,0,"877","2","388",-0.183340902037475,0.18627190709292,0.369850004837717,2.13596531827829,NA
"878","NSW1200652",1.76611531344057,0.628030826626942,0,"878","2","389",0.151367136499699,0.153107116556591,0.779397963126641,2.54551327656721,NA
"879","NSW1211571",1.76611531344057,0.414187052699235,0,"879","2","390",0.915692557448381,0.209249526585186,1.32987961014762,3.09599492358819,NA
"880","NSW1200612",1.76611531344057,0.738982107169307,0,"880","2","391",0.171392695549464,0.158068270116967,0.910374802718771,2.67649011615934,NA
"881","NSW1213019",1.76611531344057,0.59656037136366,0,"881","2","392",0.113714455681481,0.17497793335004,0.710274827045141,2.47639014048571,NA
"882","NSW1190193",1.76611531344057,0.36906224275069,0,"882","2","393",0.00905073920297779,0.203408076555617,0.378112981953668,2.14422829539424,NA
"883","NSW1200621",1.76611531344057,0.555189600519656,0,"883","2","394",0.174464092366528,0.169912899063561,0.729653692886184,2.49576900632675,NA
"884","NSW1211452",1.76611531344057,0.527847314639274,0,"884","2","395",0.259201488988401,0.173594674413306,0.787048803627675,2.55316411706825,NA
"885","NSW1210997",1.76611531344057,0.602117704945206,0,"885","2","396",0.426600546490268,0.164590347850879,1.02871825143547,2.79483356487604,NA
"886","NSW1201424",1.76611531344057,0.44603499116847,0,"886","2","397",-0.345384263597025,0.217573861797562,0.100650727571444,1.86676604101201,NA
"887","NSW1213002",1.76611531344057,0.5713985942079,0,"887","2","398",-0.439446447470415,0.149459463199702,0.131952146737485,1.89806746017806,NA
"888","NSW1201367",1.76611531344057,0.747489093859019,0,"888","2","399",-0.465702449101431,0.178467905212537,0.281786644757588,2.04790195819816,NA
"889","NSW1200903",1.76611531344057,0.506458079442075,0,"889","2","400",-0.306595316565308,0.195093088830264,0.199862762876767,1.96597807631734,NA
"890","NSW1212974",1.76611531344057,0.467533245889481,0,"890","2","401",-0.486858894788803,0.200983572329052,-0.0193256488993219,1.74678966454125,NA
"891","NSW1211531",1.76611531344057,0.632883528238711,0,"891","2","402",0.657606397946345,0.178435200159114,1.29048992618506,3.05660523962563,NA
"892","NSW1190170",1.76611531344057,0.601390827901548,0,"892","2","403",0.421391047770714,0.17173881245943,1.02278187567226,2.78889718911283,NA
"893","NSW1211579",1.76611531344057,0.588726050983848,0,"893","2","404",0.127891481713112,0.164783415626483,0.71661753269696,2.48273284613753,NA
"894","NSW1200913",1.76611531344057,0.675051036305218,0,"894","2","405",-0.14156649932385,0.17674100394195,0.533484536981368,2.29959985042194,NA
"895","NSW1212899",1.76611531344057,0.36344000176896,0,"895","2","406",-0.255373673026347,0.193834755851839,0.108066328742613,1.87418164218318,NA
"896","NSW1212954",1.76611531344057,0.592317925803037,0,"896","2","407",0.230047030116424,0.19434631324692,0.822364955919462,2.58848026936003,NA
"897","NSW1200874",1.76611531344057,0.596824701775253,0,"897","2","408",0.181017410055346,0.186266944487822,0.777842111830598,2.54395742527117,NA
"898","NSW1200367",1.76611531344057,0.553153275759923,0,"898","2","409",-0.0418278921591384,0.202024214977533,0.511325383600785,2.27744069704136,NA
"899","NSW1211563",1.76611531344057,0.586940038350257,0,"899","2","410",0.290796620920087,0.188084994082325,0.877736659270344,2.64385197271091,NA
"900","NSW1200667",1.76611531344057,0.848423897555659,0,"900","2","411",-0.169026669243138,0.162542739250327,0.679397228312521,2.44551254175309,NA
"901","NSW1200832",1.76611531344057,0.792493996821282,0,"901","2","412",-0.219159954966573,0.156055114556619,0.57333404185471,2.33944935529528,NA
"902","NSW1211580",1.76611531344057,0.369500518096555,0,"902","2","413",-0.0772949809278067,0.193929645510355,0.292205537168749,2.05832085060932,NA
"903","NSW1201435",1.76611531344057,0.461224674034463,0,"903","2","414",-0.126964109053312,0.18965943188448,0.33426056498115,2.10037587842172,NA
"904","NSW1200600",1.76611531344057,0.615074893803535,0,"904","2","415",-0.195856475667146,0.18095710813895,0.419218418136389,2.18533373157696,NA
"905","NSW1212994",1.76611531344057,0.475082353537277,0,"905","2","416",-0.0289995528764983,0.17129187075019,0.446082800660779,2.21219811410135,NA
"906","NSW1211591",1.76611531344057,0.485917944064226,0,"906","2","417",-0.644468251946743,0.188494806254973,-0.158550307882517,1.60756500555805,NA
