"","Taxa","BLUE.N","BLUE.I","QTNs","Group","RefInf","ID","BLUP","PEV","gBreedingValue","Prediction","COI"
"1","S_1007_S311",1.40886399528331,0.161995784804222,0,"  1","1","  1",0.475345732600812,0.262329563808031,0.637341517405035,2.04620551268835,1.8612097182042
"2","S_102_S245",1.40886399528331,-0.0990577976514626,0,"  2","1","  2",0.375362948911088,0.261452614814633,0.276305151259626,1.68516914654294,1.65487545982344
"3","S_1031_S380",1.40886399528331,0.0107141555395725,0,"  3","1","  3",-0.280405838642812,0.268178278116144,-0.26969168310324,1.13917231218007,1
"4","S_1045_S231",1.40886399528331,0.181507726002,0,"  4","1","  4",-1.10554877517054,0.278818091508712,-0.924041049168536,0.484822946114775,0
"5","S_1052_S227",1.40886399528331,0.238828099426856,0,"  5","1","  5",0.41714369993385,0.273898003957938,0.655971799360706,2.06483579464402,2.11474252688113
"6","S_1054_S345",1.40886399528331,0.153866184326598,0,"  6","1","  6",-0.517413086270922,0.278191081128346,-0.363546901944324,1.04531709333899,0.840896415253715
"7","S_1057_S302",1.40886399528331,0.187686286372812,0,"  7","1","  7",-0.612395824165747,0.271744358186095,-0.424709537792936,0.984154457490375,0.840896415253715
"8","S_106_S223",1.40886399528331,-0.0516551717171159,0,"  8","1","  8",0.380741535648241,0.272222152153899,0.329086363931125,1.73795035921444,1.8612097182042
"9","S_1082_S287",1.40886399528331,0.0899281169291128,0,"  9","1","  9",-0.0151874965326624,0.27400479421914,0.0747406203964504,1.48360461567976,1.56508458007329
"10","S_108_S258",1.40886399528331,-0.0904658467040752,0," 10","1"," 10",0.668432838944471,0.271767842890207,0.577966992240396,1.98683098752371,1.56508458007329
"11","S_109_S351",1.40886399528331,-0.236107180257516,0," 11","1"," 11",0.27281747639512,0.275552298402524,0.0367102961376035,1.44557429142091,1.49534878122122
"12","S_1124_S271",1.40886399528331,0.235343941616089,0," 12","1"," 12",-0.662375039930713,0.268855331645777,-0.427031098314624,0.981832896968687,1.18920711500272
"13","S_1127_S332",1.40886399528331,0.186565776889839,0," 13","1"," 13",-1.46642244926923,0.258541294394803,-1.27985667237939,0.129007322903917,0
"14","S_1130_S319",1.40886399528331,0.265281876918825,0," 14","1"," 14",0.730644016472924,0.284756488241444,0.995925893391749,2.40478988867506,2.65914794847249
"15","S_1132_S315",1.40886399528331,0.212648946341564,0," 15","1"," 15",0.115883013603903,0.266483246888145,0.328531959945467,1.73739595522878,1.65487545982344
"16","S_1159_S297",1.40886399528331,0.0971472980728392,0," 16","1"," 16",0.34534698490334,0.290315010215313,0.442494282976179,1.85135827825949,1.56508458007329
"17","S_1161_S254",1.40886399528331,0.129212637309497,0," 17","1"," 17",0.0547921499844405,0.283769500466845,0.184004787293937,1.59286878257725,1.31607401295249
"18","S_1162_S384",1.40886399528331,-0.0218288753030546,0," 18","1"," 18",0.701691837076367,0.259065948279836,0.679862961773312,2.08872695705662,2.51486685936587
"19","S_1223_S229",1.40886399528331,-0.0536115927526413,0," 19","1"," 19",0.0524128755224747,0.256016615581082,-0.00119871723016656,1.40766527805314,1.4142135623731
"20","S_1237_S377",1.40886399528331,0.103966524249865,0," 20","1"," 20",-1.30501219428797,0.260195271106074,-1.2010456700381,0.20781832524521,0
"21","S_129_S310",1.40886399528331,-0.304754706899695,0," 21","1"," 21",-1.24626799073917,0.278337505265559,-1.55102269763886,0,0
"22","S_1305_S246",1.40886399528331,0.159364803966738,0," 22","1"," 22",-0.145800642846337,0.265330302734616,0.0135641611204009,1.42242815640371,1.77827941003892
"23","S_130_S333",1.40886399528331,-0.289580732106086,0," 23","1"," 23",-1.05388126604306,0.283893420290769,-1.34346199814914,0.0654019971341684,0
"24","S_1315_S322",1.40886399528331,-0.0466238517043548,0," 24","1"," 24",0.0407262754611356,0.276707701679046,-0.00589757624321922,1.40296641904009,1.49534878122122
"25","S_1317_S208",1.40886399528331,-0.0443653961484446,0," 25","1"," 25",-0.00240723321513797,0.24730531779189,-0.0467726293635826,1.36209136591973,1.49534878122122
"26","S_1324_S206",1.40886399528331,-0.1004623633589,0," 26","1"," 26",0.854953769691958,0.283494345733117,0.754491406333059,2.16335540161637,2.11474252688113
"27","S_1328_S372",1.40886399528331,0.0241307917295805,0," 27","1"," 27",0.962440898107168,0.282535002151064,0.986571689836749,2.39543568512006,2.34034731932072
"28","S_1343_S366",1.40886399528331,0.110402529555428,0," 28","1"," 28",-0.382282177192336,0.268602307167309,-0.271879647636909,1.1369843476464,1
"29","S_137_S285",1.40886399528331,-0.197375332071308,0," 29","1"," 29",-0.15533640636933,0.273223050154348,-0.352711738440639,1.05615225684267,1
"30","S_1383_S323",1.40886399528331,-0.400172308105183,0," 30","1"," 30",0.108249314994726,0.513192956542424,-0.291922993110457,1.11694100217285,1.10668191970032
"31","S_1404_S202",1.40886399528331,-0.147713707673038,0," 31","1"," 31",-0.80567112865717,0.256704262635072,-0.953384836330208,0.455479158953103,0
"32","S_1407_S312",1.40886399528331,-0.100471232888393,0," 32","1"," 32",-0.297590434218441,0.269163430048464,-0.398061667106834,1.01080232817648,1.31607401295249
"33","S_140_S320",1.40886399528331,-0.188382004310202,0," 33","1"," 33",0.918941441821433,0.275167195876146,0.730559437511231,2.13942343279454,2.51486685936587
"34","S_1423_S318",1.40886399528331,0.0683619881172092,0," 34","1"," 34",0.789377796254421,0.270331562381758,0.85773978437163,2.26660377965494,2.51486685936587
"35","S_1430_S329",1.40886399528331,-0.0268971809941353,0," 35","1"," 35",-0.0944748208638277,0.260047513744574,-0.121372001857963,1.28749199342535,1.4142135623731
"36","S_1431_S278",1.40886399528331,-0.0704774262000358,0," 36","1"," 36",-1.09143707525958,0.265637431771664,-1.16191450145962,0.246949493823692,0
"37","S_1437_S292",1.40886399528331,-0.0841791233048937,0," 37","1"," 37",-0.297408699503484,0.261731754118567,-0.381587822808378,1.02727617247493,1.18920711500272
"38","S_1441_S235",1.40886399528331,-0.088649188345247,0," 38","1"," 38",0.301463495443194,0.283499789087628,0.212814307097947,1.62167830238126,1.96798967126543
"39","S_1442_S328",1.40886399528331,-0.0479364300354679,0," 39","1"," 39",-1.05788219687713,0.265695986597927,-1.1058186269126,0.303045368370714,0
"40","S_1452_S275",1.40886399528331,0.00731180449124965,0," 40","1"," 40",0.1225602505564,0.297753200146085,0.12987205504765,1.53873605033096,1.49534878122122
"41","S_1472_S295",1.40886399528331,0.0650429618638113,0," 41","1"," 41",-1.28952408113358,0.255557129406075,-1.22448111926977,0.184382876013538,0
"42","S_1488_S316",1.40886399528331,-0.0731592800260038,0," 42","1"," 42",0.302256343727353,0.256163623179668,0.229097063701349,1.63796105898466,1.62657656169779
"43","S_148_S249",1.40886399528331,-0.14400075309541,0," 43","1"," 43",-0.328371959052212,0.289120665960124,-0.472372712147622,0.936491283135689,1
"44","S_1496_S272",1.40886399528331,-0.0669749395050634,0," 44","1"," 44",1.14174476816952,0.274913570446164,1.07476982866446,2.48363382394777,2.65914794847249
"45","S_150_S251",1.40886399528331,-0.236846546132746,0," 45","1"," 45",0.105862042893605,0.281838275282079,-0.130984503239141,1.27787949204417,1.31607401295249
"46","S_1513_S327",1.40886399528331,-0.070195271657709,0," 46","1"," 46",-1.16470089883354,0.285314585289999,-1.23489617049125,0.173967824792062,0
"47","S_1518_S240",1.40886399528331,-0.0870514130369268,0," 47","1"," 47",-0.210363145823413,0.266610231415129,-0.29741455886034,1.11144943642297,1
"48","S_1549_S342",1.40886399528331,0.010495994996641,0," 48","1"," 48",-0.95229100520158,0.269882986171032,-0.941795010204939,0.467068985078372,0
"49","S_1573_S236",1.40886399528331,-0.0852172476612998,0," 49","1"," 49",-0.204662424032794,0.257278289273888,-0.289879671694093,1.11898432358922,1
"50","S_1584_S296",1.40886399528331,-0.0619163348393149,0," 50","1"," 50",0.708234023750656,0.26723350889552,0.646317688911341,2.05518168419465,2.21336383940064
"51","S_1599_S343",1.40886399528331,0.132046014423403,0," 51","1"," 51",0.922414008587901,0.264676314543909,1.0544600230113,2.46332401829462,2.65914794847249
"52","S_1619_S303",1.40886399528331,0.0338240154735255,0," 52","1"," 52",0.37928633654286,0.284973147433675,0.413110352016385,1.8219743472997,1.77827941003892
"53","S_1621_S339",1.40886399528331,0.0762561697955128,0," 53","1"," 53",1.10018083760489,0.249750408361247,1.17643700740041,2.58530100268372,2.54572989502183
"54","S_1623_S378",1.40886399528331,0.136609343417334,0," 54","1"," 54",0.000960065815359346,0.249283818877384,0.137569409232694,1.546433404516,1.65487545982344
"55","S_1629_S373",1.40886399528331,0.0132125780302827,0," 55","1"," 55",0.704840656135146,0.259685875029608,0.718053234165429,2.12691722944874,1.77827941003892
"56","S_1631_S361",1.40886399528331,0.013603921986421,0," 56","1"," 56",0.973773611040209,0.258615223536224,0.98737753302663,2.39624152830994,2.65914794847249
"57","S_1637_S325",1.40886399528331,-0.0517896061675496,0," 57","1"," 57",0.885227229983789,0.26445913562645,0.833437623816239,2.24230161909955,2.44948974278318
"58","S_1639_S204",1.40886399528331,-0.0356597546118035,0," 58","1"," 58",-0.289562523259413,0.251474685189296,-0.325222277871216,1.08364171741209,1.31607401295249
"59","S_1643_S375",1.40886399528331,-0.122929419668129,0," 59","1"," 59",-0.0809073982011473,0.253196382319538,-0.203836817869277,1.20502717741403,1
"60","S_1649_S331",1.40886399528331,-0.119597067795282,0," 60","1"," 60",0.108988245264917,0.278165747768058,-0.0106088225303651,1.39825517275295,1.49534878122122
"61","S_1653_S294",1.40886399528331,-0.0467300311904429,0," 61","1"," 61",-0.122618688227513,0.271712698214355,-0.169348719417956,1.23951527586536,1
"62","S_165_S284",1.40886399528331,-0.105017789273852,0," 62","1"," 62",0.42055595368477,0.264359400827076,0.315538164410918,1.72440215969423,1.49534878122122
"63","S_1677_S221",1.40886399528331,0.0382667546071356,0," 63","1"," 63",-1.07362270250257,0.251623164522535,-1.03535594789544,0.373508047387875,0
"64","S_1683_S338",1.40886399528331,-0.0831131718205849,0," 64","1"," 64",-0.170656500456627,0.265730110838303,-0.253769672277212,1.1550943230061,1.18920711500272
"65","S_1689_S192",1.40886399528331,-0.204985723757512,0," 65","1"," 65",-1.22421688331588,0.283422626430031,-1.4292026070734,0,0
"66","S_1699_S367",1.40886399528331,0.143744927989772,0," 66","1"," 66",-0.314594636417302,0.256253833699958,-0.170849708427529,1.23801428685578,1.18920711500272
"67","S_171_S219",1.40886399528331,-0.115573883969399,0," 67","1"," 67",1.06384999767643,0.268317965196421,0.948276113707032,2.35714010899034,2.59002006411135
"68","S_1723_S369",1.40886399528331,-0.13182746399961,0," 68","1"," 68",0.185439758582638,0.26330494545584,0.0536122945830285,1.46247628986634,1.4142135623731
"69","S_1728_S376",1.40886399528331,-0.157165763329186,0," 69","1"," 69",1.2968103458438,0.274149787868929,1.13964458251461,2.54850857779793,2.78315768371374
"70","S_1736_S359",1.40886399528331,-0.108687219955413,0," 70","1"," 70",0.529797770881718,0.261865530053076,0.421110550926305,1.82997454620962,1.96798967126543
"71","S_1742_S357",1.40886399528331,-0.155583881405614,0," 71","1"," 71",0.449820684811034,0.283047212219622,0.29423680340542,1.70310079868873,1.8612097182042
"72","S_1749_S247",1.40886399528331,-0.118261710299259,0," 72","1"," 72",-0.28589540037334,0.264120302726808,-0.404157110672599,1.00470688461071,1
"73","S_1779_S226",1.40886399528331,-0.0647458577581786,0," 73","1"," 73",1.17807163902335,0.251820514974909,1.11332578126517,2.52218977654849,2.65914794847249
"74","S_1810_S213",1.40886399528331,-0.0323083581553736,0," 74","1"," 74",0.485713065873631,0.286610617990574,0.453404707718258,1.86226870300157,1.8612097182042
"75","S_1813_S253",1.40886399528331,-0.110184747937128,0," 75","1"," 75",0.0858275089997034,0.261262914575973,-0.0243572389374251,1.38450675634589,1.56508458007329
"76","S_1817_S210",1.40886399528331,-0.159521105862145,0," 76","1"," 76",0.748301648578264,0.28530892946197,0.588780542716119,1.99764453799943,2.34034731932072
"77","S_1818_S238",1.40886399528331,-0.132789991314726,0," 77","1"," 77",-0.715340191166344,0.25971883919467,-0.84813018248107,0.560733812802241,0
"78","S_1825_S198",1.40886399528331,-0.0768204619496808,0," 78","1"," 78",-0.0180777116418788,0.283091662620273,-0.0948981735915596,1.31396582169175,1.49534878122122
"79","S_1837_S256",1.40886399528331,0.00747367998768873,0," 79","1"," 79",0.99968546296992,0.269039379083937,1.00715914295761,2.41602313824092,2.78315768371374
"80","S_1839_S299",1.40886399528331,-0.00226995448305726,0," 80","1"," 80",0.748250616445483,0.264538198152531,0.745980661962425,2.15484465724574,2.21336383940064
"81","S_183_S263",1.40886399528331,-0.162918391067879,0," 81","1"," 81",1.08777137033272,0.303955144331495,0.924852979264843,2.33371697454815,2.65914794847249
"82","S_1841_S250",1.40886399528331,-0.0860445292299882,0," 82","1"," 82",-0.851938116664455,0.26255578261675,-0.937982645894443,0.470881349388867,0
"83","S_1865_S374",1.40886399528331,-0.142187849510601,0," 83","1"," 83",1.04088503216609,0.273290411466077,0.898697182655492,2.3075611779388,2.21336383940064
"84","S_1874_S244",1.40886399528331,-0.0895012517555674,0," 84","1"," 84",1.0967516168261,0.261755682749526,1.00725036507053,2.41611436035385,2.34034731932072
"85","S_1877_S262",1.40886399528331,-0.11215592624162,0," 85","1"," 85",1.30351169786626,0.261360729877459,1.19135577162464,2.60021976690795,2.78315768371374
"86","S_1899_S193",1.40886399528331,-0.0431343263665893,0," 86","1"," 86",0.26007160502882,0.25828624379886,0.216937278662231,1.62580127394554,1.62657656169779
"87","S_1900_S242",1.40886399528331,0.02703640110631,0," 87","1"," 87",0.112001490721923,0.259858777828149,0.139037891828233,1.54790188711154,1.56508458007329
"88","S_1936_S218",1.40886399528331,-0.208249127812255,0," 88","1"," 88",0.0440189664316639,0.277231948624098,-0.164230161380591,1.24463383390272,1.18920711500272
"89","S_1952_S293",1.40886399528331,-0.201542318404642,0," 89","1"," 89",-0.0455132946502358,0.295764357703469,-0.247055613054878,1.16180838222843,1.18920711500272
"90","S_1969_S291",1.40886399528331,-0.221147052303445,0," 90","1"," 90",0.389148176189534,0.276508132772906,0.168001123886089,1.5768651191694,1.31607401295249
"91","S_1973_S267",1.40886399528331,-0.210204373858364,0," 91","1"," 91",1.60804740432757,0.278171515487405,1.3978430304692,2.80670702575251,2.89250760851908
"92","S_197_S207",1.40886399528331,-0.193997541375499,0," 92","1"," 92",-0.300538160423642,0.275113638026326,-0.494535701799141,0.914328293484171,1.4142135623731
"93","S_198_S304",1.40886399528331,-0.184257123965932,0," 93","1"," 93",-0.963967924033495,0.281150614680246,-1.14822504799943,0.260638947283885,0
"94","S_2010_S200",1.40886399528331,-0.254239609966324,0," 94","1"," 94",-0.911177550948322,0.279096422589518,-1.16541716091465,0.243446834368665,0
"95","S_2014_S264",1.40886399528331,-0.253610733580115,0," 95","1"," 95",-0.383428504985902,0.274365518578993,-0.637039238566018,0.771824756717294,1.25743342968294
"96","S_2015_S266",1.40886399528331,-0.246980766967208,0," 96","1"," 96",-0.896319826758333,0.268407307523647,-1.14330059372554,0.26556340155777,0
"97","S_2037_S371",1.40886399528331,-0.190902729042072,0," 97","1"," 97",-0.858438061085522,0.277740742113953,-1.04934079012759,0.359523205155716,0
"98","S_2073_S215",1.40886399528331,-0.126370980993529,0," 98","1"," 98",0.16939890863394,0.288752297205758,0.043027927640411,1.45189192292372,1.49534878122122
"99","S_2099_S335",1.40886399528331,-0.183939128280584,0," 99","1"," 99",-0.377535520944202,0.30362746683807,-0.561474649224786,0.847389346058525,0.840896415253715
"100","S_209_S379",1.40886399528331,0.259610072615372,0,"100","1","100",-1.42199458525097,0.274019866447937,-1.1623845126356,0.246479482647713,0
"101","S_2103_S301",1.40886399528331,-0.234632981372956,0,"101","1","101",0.485942931011068,0.287502123303614,0.251309949638112,1.66017394492142,2.34034731932072
"102","S_2104_S224",1.40886399528331,-0.247097429290488,0,"102","1","102",0.102580651978227,0.28967362028311,-0.144516777312262,1.26434721797105,1.31607401295249
"103","S_2105_S269",1.40886399528331,-0.201563820519407,0,"103","1","103",-0.577382011076454,0.28941119990656,-0.778945831595861,0.62991816368745,0
"104","S_2107_S349",1.40886399528331,-0.264215950963374,0,"104","1","104",0.0504769380019077,0.282618588545831,-0.213739012961466,1.19512498232184,1.18920711500272
"105","S_2115_S280",1.40886399528331,-0.323850612048324,0,"105","1","105",0.484861506878855,0.399335887164126,0.161010894830531,1.56987489011384,2.34034731932072
"106","S_2116_S350",1.40886399528331,-0.218855919284679,0,"106","1","106",0.0928570284332214,0.268204697175075,-0.125998890851457,1.28286510443185,1.31607401295249
"107","S_2135_S234",1.40886399528331,-0.253394113866753,0,"107","1","107",0.000381125345481348,0.277593052197125,-0.253012988521271,1.15585100676204,1.31607401295249
"108","S_2140_S363",1.40886399528331,-0.246942436462874,0,"108","1","108",-1.13092689642291,0.270416427297589,-1.37786933288579,0.0309946623975226,0
"109","S_2145_S212",1.40886399528331,-0.236078797850558,0,"109","1","109",-1.01389928380041,0.270963872664789,-1.24997808165097,0.158885913632342,0
"110","S_2155_S383",1.40886399528331,-0.235532612306086,0,"110","1","110",0.209928477934182,0.270469950831774,-0.0256041343719043,1.38325986091141,1.4142135623731
"111","S_2187_S360",1.40886399528331,-0.258120682544325,0,"111","1","111",0.443257354533229,0.276279829779779,0.185136671988905,1.59400066727222,1.96798967126543
"112","S_2192_S307",1.40886399528331,-0.231090217109484,0,"112","1","112",-0.0720693629783024,0.303111113813901,-0.303159580087786,1.10570441519553,1.31607401295249
"113","S_2193_S216",1.40886399528331,-0.170204710253907,0,"113","1","113",0.257849619895773,0.264644937188336,0.0876449096418656,1.49650890492518,1.65487545982344
"114","S_2201_S214",1.40886399528331,-0.328171277140113,0,"114","1","114",-0.983099000092675,0.29585025006606,-1.31127027723279,0.0975937180505231,0
"115","S_2203_S277",1.40886399528331,-0.272414030413757,0,"115","1","115",-0.791356980623448,0.287312684759507,-1.0637710110372,0.345092984246106,0
"116","S_2212_S230",1.40886399528331,-0.181297153894249,0,"116","1","116",-1.08274647750303,0.256354554963337,-1.26404363139728,0.144820363886031,0
"117","S_2214_S290",1.40886399528331,-0.148336942558428,0,"117","1","117",-0.105957221383889,0.253559547407754,-0.254294163942316,1.15456983134099,1.4142135623731
"118","S_2226_S298",1.40886399528331,-0.216366654273891,0,"118","1","118",0.730942270066127,0.270077947831902,0.514575615792236,1.92343961107555,2.21336383940064
"119","S_2228_S346",1.40886399528331,-0.209758706648924,0,"119","1","119",-0.907424010860072,0.265604968525029,-1.117182717509,0.291681277774316,0
"120","S_2232_S273",1.40886399528331,-0.149879867789845,0,"120","1","120",0.229973926442209,0.287205063024381,0.0800940586523641,1.48895805393568,1.31607401295249
"121","S_2271_S195",1.40886399528331,-0.228684631535639,0,"121","1","121",0.354706332686557,0.28427651640182,0.126021701150919,1.53488569643423,1.49534878122122
"122","S_2299_S281",1.40886399528331,0.28696272596346,0,"122","1","122",0.560502849933137,0.296499658914283,0.847465575896597,2.25632957117991,2.65914794847249
"123","S_2302_S259",1.40886399528331,0.250983158374924,0,"123","1","123",0.317053155521919,0.290613980110241,0.568036313896843,1.97690030918015,2.23606797749979
"124","S_2307_S288",1.40886399528331,0.142440994929548,0,"124","1","124",0.900719854936313,0.258188654535401,1.04316084986586,2.45202484514917,2.69178163547765
"125","S_2319_S337",1.40886399528331,-0.0119371324237884,0,"125","1","125",-1.27611638386998,0.264297224700567,-1.28805351629377,0.12081047898954,0
"126","S_231_S260",1.40886399528331,0.278783954879303,0,"126","1","126",0.258654516108577,0.296125490933392,0.537438470987881,1.94630246627119,2.11474252688113
"127","S_2323_S355",1.40886399528331,0.172493755772877,0,"127","1","127",-0.612963628060667,0.282194140811126,-0.44046987228779,0.968394122995522,1.25743342968294
"128","S_2351_S197",1.40886399528331,0.120591933330585,0,"128","1","128",-1.37821863791162,0.270318526710857,-1.25762670458104,0.151237290702271,0
"129","S_2358_S289",1.40886399528331,0.12137553404934,0,"129","1","129",-0.377076558857422,0.256108013044304,-0.255701024808083,1.15316297047523,1.49534878122122
"130","S_2370_S336",1.40886399528331,0.273495692111682,0,"130","1","130",-0.701763189336086,0.286666966905795,-0.428267497224404,0.980596498058907,1
"131","S_2375_S268",1.40886399528331,0.301316747427108,0,"131","1","131",0.614166868807931,0.284241058221588,0.915483616235039,2.32434761151835,2.51486685936587
"132","S_2395_S194",1.40886399528331,0.178252494222949,0,"132","1","132",0.00846449066276139,0.26818431926079,0.18671698488571,1.59558098016902,1.56508458007329
"133","S_242_S324",1.40886399528331,0.271445276081048,0,"133","1","133",-1.34505377560428,0.279440414663637,-1.07360849952323,0.335255495760081,0
"134","S_248_S252",1.40886399528331,0.296183766746665,0,"134","1","134",-0.097493741958338,0.278568798574608,0.198690024788327,1.60755402007164,1.77827941003892
"135","S_261_S368",1.40886399528331,-0.0387813164555528,0,"135","1","135",0.368209434765986,0.267232323509741,0.329428118310433,1.73829211359374,1.96798967126543
"136","S_269_S228",1.40886399528331,-0.0224600898082874,0,"136","1","136",-0.494140942094337,0.276911228011591,-0.516601031902625,0.892262963380686,0.840896415253715
"137","S_272_S326",1.40886399528331,-0.119409400240528,0,"137","1","137",0.729888328213713,0.283549240821407,0.610478927973185,2.0193429232565,2.11474252688113
"138","S_285_S191",1.40886399528331,-0.186298119346607,0,"138","1","138",0.92425243501236,0.273374739417944,0.737954315665754,2.14681831094906,2.05976714390712
"139","S_28_S364",1.40886399528331,-0.174747879089227,0,"139","1","139",-1.05756495818819,0.265456876497296,-1.23231283727742,0.176551158005892,0
"140","S_294_S317",1.40886399528331,0.228543640002994,0,"140","1","140",-1.54560657335219,0.26680659708341,-1.3170629333492,0.091801061934115,0
"141","S_298_S354",1.40886399528331,0.219488541622467,0,"141","1","141",0.298991400560214,0.289755174320986,0.518479942182681,1.92734393746599,2.11474252688113
"142","S_304_S341",1.40886399528331,0.0690889644053785,0,"142","1","142",-1.09896908941933,0.26380724855064,-1.02988012501396,0.378983870269355,0
"143","S_325_S347",1.40886399528331,-0.0588896216321219,0,"143","1","143",-1.16373199129159,0.25357289357747,-1.22262161292371,0.186242382359604,0
"144","S_381_S205",1.40886399528331,-0.252848202827141,0,"144","1","144",1.35685576078249,0.278227341301279,1.10400755795535,2.51287155323866,2.65914794847249
"145","S_382_S276",1.40886399528331,-0.249102319940122,0,"145","1","145",1.34742845614974,0.297397895436263,1.09832613620961,2.50719013149292,2.89250760851908
"146","S_389_S330",1.40886399528331,-0.185071368237761,0,"146","1","146",1.03121299299917,0.269241579853512,0.846141624761407,2.25500562004472,2.23606797749979
"147","S_394_S237",1.40886399528331,-0.181126956841219,0,"147","1","147",-1.09963049255309,0.281567162078811,-1.28075744939431,0.128106545889,0
"148","S_398_S239",1.40886399528331,-0.111061245037194,0,"148","1","148",0.343155671310969,0.26073920746741,0.232094426273775,1.64095842155709,1.49534878122122
"149","S_402_S309",1.40886399528331,-0.174480603383706,0,"149","1","149",0.0800040023827557,0.273539795321304,-0.0944766010009506,1.31438739428236,1.31607401295249
"150","S_415_S222",1.40886399528331,-0.243114728291155,0,"150","1","150",-1.09076955294584,0.282166435150603,-1.333884281237,0.0749797140463149,0
"151","S_421_S358",1.40886399528331,-0.212990618086944,0,"151","1","151",-0.0758243519864502,0.25684753713877,-0.288814970073394,1.12004902520992,1.31607401295249
"152","S_437_S233",1.40886399528331,-0.282317001188121,0,"152","1","152",0.0916551818135756,0.277392548118715,-0.190661819374545,1.21820217590877,1.18920711500272
"153","S_449_S352",1.40886399528331,-0.208582736938028,0,"153","1","153",0.679719251495519,0.290087521803319,0.471136514557491,1.8800005098408,2.05976714390712
"154","S_451_S261",1.40886399528331,-0.298641523605721,0,"154","1","154",-1.08375282048655,0.30031259854142,-1.38239434409227,0.0264696511910372,0
"155","S_471_S344",1.40886399528331,-0.238391102539746,0,"155","1","155",-0.715314246880412,0.265797885675421,-0.953705349420157,0.455158645863154,0
"156","S_473_S362",1.40886399528331,-0.151093524811439,0,"156","1","156",0.475562225961193,0.279115452505114,0.324468701149753,1.73333269643306,1.56508458007329
"157","S_477_S225",1.40886399528331,-0.37852331743908,0,"157","1","157",-0.391387543307469,0.479087754034666,-0.769910860746549,0.638953134536762,0
"158","S_494_S382",1.40886399528331,-0.27617040370233,0,"158","1","158",0.577963470762237,0.275843052306443,0.301793067059907,1.71065706234322,1.49534878122122
"159","S_496_S381",1.40886399528331,-0.256844975299569,0,"159","1","159",0.620315022405787,0.280610184612191,0.363470047106218,1.77233404238953,2.17793858734643
"160","S_499_S265",1.40886399528331,-0.173888674790085,0,"160","1","160",0.926803957174453,0.260970181735855,0.752915282384368,2.16177927766768,2.05976714390712
"161","S_4_S313",1.40886399528331,-0.0679371067551722,0,"161","1","161",1.1575977488993,0.251195345860975,1.08966064214413,2.49852463742744,2.78315768371374
"162","S_525_S305",1.40886399528331,-0.212959429265208,0,"162","1","162",-0.67895316373121,0.269841373248236,-0.891912592996418,0.516951402286893,0
"163","S_529_S314",1.40886399528331,-0.151811182174087,0,"163","1","163",0.0593423495688575,0.259371620490751,-0.0924688326052295,1.31639516267808,1.18920711500272
"164","S_550_S257",1.40886399528331,-0.184713468024232,0,"164","1","164",1.43950461823164,0.277923451080656,1.25479115020741,2.66365514549072,2.94283095638271
"165","S_552_S308",1.40886399528331,-0.242586720279949,0,"165","1","165",0.161064965798675,0.294192894859477,-0.0815217544812746,1.32734224080204,1.31607401295249
"166","S_564_S211",1.40886399528331,-0.15376549703922,0,"166","1","166",0.316166061160026,0.275138172441806,0.162400564120806,1.57126455940412,1.73205080756888
"167","S_572_S203",1.40886399528331,-0.255420660631416,0,"167","1","167",-1.05317086807368,0.275810652689879,-1.30859152870509,0.100272466578217,0
"168","S_597_S255",1.40886399528331,-0.173538683747665,0,"168","1","168",0.538266455674188,0.270737961696743,0.364727771926523,1.77359176720983,1.8612097182042
"169","S_652_S232",1.40886399528331,0.223239373469289,0,"169","1","169",0.794405250493879,0.281672763792693,1.01764462396317,2.42650861924648,2.51486685936587
"170","S_66_S321",1.40886399528331,-0.0276570984223866,0,"170","1","170",0.790268859622496,0.271007228571756,0.762611761200109,2.17147575648342,2.65914794847249
"171","S_699_S356",1.40886399528331,0.233207800220812,0,"171","1","171",-0.242824110634233,0.2800668256368,-0.00961631041342051,1.39924768486989,1.49534878122122
"172","S_6_S348",1.40886399528331,-0.0669787044599581,0,"172","1","172",0.355299065286943,0.254511575832807,0.288320360826985,1.6971843561103,1.49534878122122
"173","S_701_S340",1.40886399528331,0.239818351061771,0,"173","1","173",0.375470071173127,0.286072065821717,0.615288422234898,2.02415241751821,2.11474252688113
"174","S_704_S282",1.40886399528331,0.0978723876985382,0,"174","1","174",0.608121628026742,0.279603526018877,0.70599401572528,2.11485801100859,2.34034731932072
"175","S_716_S283",1.40886399528331,0.0661867054304668,0,"175","1","175",0.444901289517355,0.288100482000065,0.511087994947821,1.91995199023113,1.8612097182042
"176","S_732_S243",1.40886399528331,0.242300639050983,0,"176","1","176",0.909027914818296,0.291451760025085,1.15132855386928,2.56019254915259,2.54572989502183
"177","S_737_S201",1.40886399528331,0.178431568054319,0,"177","1","177",0.994345079515646,0.280764374115971,1.17277664756997,2.58164064285328,2.73861278752583
"178","S_769_S220",1.40886399528331,0.199165089470524,0,"178","1","178",-0.722519176677182,0.270006478786601,-0.523354087206659,0.885509908076652,1
"179","S_797_S209",1.40886399528331,0.155143643645251,0,"179","1","179",-1.17875403514505,0.254706869369335,-1.0236103914998,0.385253603783511,0
"180","S_809_S270",1.40886399528331,0.252637608970832,0,"180","1","180",0.64363388134661,0.276398479973891,0.896271490317442,2.30513548560075,2.65914794847249
"181","S_81_S279",1.40886399528331,-0.0443472271340968,0,"181","1","181",0.19290707929889,0.27364495736629,0.148559852164793,1.5574238474481,1.56508458007329
"182","S_829_S286",1.40886399528331,0.281084400243196,0,"182","1","182",0.580701170789101,0.282122803319502,0.861785571032296,2.27064956631561,2.11474252688113
"183","S_831_S353",1.40886399528331,0.213057511555727,0,"183","1","183",1.03715505281571,0.267039692062853,1.25021256437143,2.65907655965475,2.65914794847249
"184","S_838_S306",1.40886399528331,0.241192251380396,0,"184","1","184",0.54404393356417,0.266072642291555,0.785236184944566,2.19410018022788,2.23606797749979
"185","S_868_S274",1.40886399528331,0.303332144985891,0,"185","1","185",-0.345238882833954,0.292839261286751,-0.0419067378480631,1.36695725743525,1.10668191970032
"186","S_869_S241",1.40886399528331,0.283618842923876,0,"186","1","186",-0.0105173006016582,0.275661801539769,0.273101542322218,1.68196553760553,1.56508458007329
"187","S_874_S217",1.40886399528331,0.26870942517617,0,"187","1","187",0.460043865866817,0.286392280944145,0.728753291042987,2.1376172863263,2.34034731932072
"188","S_881_S365",1.40886399528331,0.244069360220973,0,"188","1","188",0.855822592920516,0.283306414151221,1.09989195314149,2.5087559484248,2.78315768371374
"189","S_89_S199",1.40886399528331,-0.206567557067582,0,"189","1","189",-0.977259243120932,0.269573563155528,-1.18382680018851,0.225037195094797,0
"190","S_905_S248",1.40886399528331,0.0573223233510179,0,"190","1","190",-0.79574653111296,0.255023561615656,-0.738424207761943,0.670439787521369,0.840896415253715
"191","S_927_S334",1.40886399528331,-0.0655505620710758,0,"191","1","191",-1.14650077140953,0.275295220797208,-1.2120513334806,0.196812661802707,0
"192","S_984_S370",1.40886399528331,0.165569055113707,0,"192","1","192",-0.192037327551768,0.26156846809066,-0.026468272438061,1.38239572284525,1.49534878122122
"193","S_989_S196",1.40886399528331,0.164019525469049,0,"193","1","193",-0.44583829075219,0.251411651417402,-0.281818765283142,1.12704523000017,1.25743342968294
"194","S_9_S300",1.40886399528331,-0.0500181044450473,0,"194","1","194",1.24871756594524,0.270452585902372,1.19869946150019,2.6075634567835,2.78315768371374
"195","S_1001_S52_L003",1.40886399528331,0.195164407309037,0,"195","1","195",0.955210628803443,0.289154988564903,1.15037503611248,2.55923903139579,2.65914794847249
"196","S_1004_S75_L003",1.40886399528331,0.150849173083308,0,"196","1","196",1.21871200486645,0.270338707966407,1.36956117794976,2.77842517323307,2.89250760851908
"197","S_1010_S144",1.40886399528331,0.172794401137049,0,"197","1","197",0.0194713353487922,0.262844102471465,0.192265736485842,1.60112973176915,1.49534878122122
"198","S_1012_S150",1.40886399528331,0.0237887587808936,0,"198","1","198",0.387765569267769,0.263737274643106,0.411554328048662,1.82041832333197,2.11474252688113
"199","S_1013_S145",1.40886399528331,0.187443490560923,0,"199","1","199",-0.310549923667226,0.266070985078272,-0.123106433106303,1.28575756217701,1.49534878122122
"200","S_101_S15_L003",1.40886399528331,-0.0526955085238899,0,"200","1","200",-0.271403265046912,0.283681631072561,-0.324098773570802,1.08476522171251,1
"201","S_1020_S139",1.40886399528331,0.245207624575309,0,"201","1","201",-0.194799764769917,0.278515855614934,0.0504078598053924,1.4592718550887,1.22474487139159
"202","S_1022_S29",1.40886399528331,-0.00681825586623358,0,"202","1","202",0.778979659921528,0.261846157207892,0.772161404055295,2.18102539933861,2.23606797749979
"203","S_1029_S66_L003",1.40886399528331,0.00795381953717935,0,"203","1","203",-1.09009441931503,0.281977142778839,-1.08214059977785,0.326723395505463,0
"204","S_1030_S13",1.40886399528331,-0.0163816150687572,0,"204","1","204",0.874725453775714,0.264531316480444,0.858343838706957,2.26720783399027,2.34034731932072
"205","S_1036_S32",1.40886399528331,0.232920185026586,0,"205","1","205",0.422668798364784,0.275473133896384,0.65558898339137,2.06445297867468,1.77827941003892
"206","S_1041_S151",1.40886399528331,0.0887501884553956,0,"206","1","206",1.3093130445712,0.244708383974023,1.39806323302659,2.8069272283099,2.89250760851908
"207","S_1053_S23",1.40886399528331,0.202683276994379,0,"207","1","207",0.291942777006303,0.259896901367629,0.494626054000682,1.90349004928399,2.21336383940064
"208","S_1075_S38",1.40886399528331,-0.142912146855491,0,"208","1","208",0.728366548834833,0.290725603893977,0.585454401979341,1.99431839726265,2.11474252688113
"209","S_1076_S167",1.40886399528331,-0.299678153946023,0,"209","1","209",0.763881891950025,0.422494790861985,0.464203738004002,1.87306773328731,2.34034731932072
"210","S_107_S16",1.40886399528331,-0.0740302931187459,0,"210","1","210",0.800803923204517,0.275808396692275,0.726773630085771,2.13563762536908,2.34034731932072
"211","S_1093_S116",1.40886399528331,0.226000269370139,0,"211","1","211",0.495460458224174,0.275110533741746,0.721460727594313,2.13032472287762,2.34034731932072
"212","S_10_S169",1.40886399528331,-0.0228213316635778,0,"212","1","212",0.351481293524312,0.254202173431903,0.328659961860734,1.73752395714404,1.8612097182042
"213","S_1118_S92",1.40886399528331,-0.00647080170253639,0,"213","1","213",-0.0826548932010372,0.296146214092275,-0.0891256949035736,1.31973830037974,1.49534878122122
"214","S_1125_S30_L003",1.40886399528331,0.187775843687861,0,"214","1","214",-1.56499284198913,0.269711152339123,-1.37721699830127,0.031646996982045,0
"215","S_1134_S91",1.40886399528331,-0.0138523375374839,0,"215","1","215",0.00663422108047784,0.263789887873888,-0.00721811645700607,1.4016458788263,1.31607401295249
"216","S_1138_S159",1.40886399528331,-0.257894961040955,0,"216","1","216",0.881414302466081,0.406557373779228,0.623519341425126,2.03238333670844,2.34034731932072
"217","S_113_S7_L003",1.40886399528331,-0.212821261596545,0,"217","1","217",0.0581677474049194,0.273305721199054,-0.154653514191625,1.25421048109169,1.18920711500272
"218","S_1140_S60_L003",1.40886399528331,0.155083200808972,0,"218","1","218",0.501029404529379,0.257316756837547,0.656112605338351,2.06497660062166,2.05976714390712
"219","S_1154_S161",1.40886399528331,0.118591014604601,0,"219","1","219",0.240557535853197,0.281569120434991,0.359148550457798,1.76801254574111,1.96798967126543
"220","S_1160_S11",1.40886399528331,0.100359665830296,0,"220","1","220",1.39002506349047,0.271426198003742,1.49038472932077,2.89924872460408,2.89250760851908
"221","S_1177_S24",1.40886399528331,0.179646680088403,0,"221","1","221",0.225580023172608,0.28544416046292,0.405226703261011,1.81409069854432,1.77827941003892
"222","S_1179_S105",1.40886399528331,0.194035899683143,0,"222","1","222",1.03407393547543,0.293730665780652,1.22810983515857,2.63697383044188,2.51486685936587
"223","S_1200_S164",1.40886399528331,-0.177615770206417,0,"223","1","223",0.597373694039697,0.355076330605784,0.41975792383328,1.82862191911659,2.34034731932072
"224","S_1202_S72_L003",1.40886399528331,0.191690689559312,0,"224","1","224",0.581251961601863,0.27721509892469,0.772942651161175,2.18180664644449,2.51486685936587
"225","S_1203_S53",1.40886399528331,0.149500559749583,0,"225","1","225",-1.18038163864467,0.264185675843828,-1.03088107889509,0.377982916388225,0
"226","S_1210_S120",1.40886399528331,0.218122235745055,0,"226","1","226",-0.378379538844245,0.269347898196204,-0.16025730309919,1.24860669218412,1.25743342968294
"227","S_1213_S95_L003",1.40886399528331,-0.0750230523970993,0,"227","1","227",0.746324103156395,0.256324298714972,0.671301050759295,2.08016504604261,2.11474252688113
"228","S_122_S43_L003",1.40886399528331,-0.37180655720521,0,"228","1","228",0.263578551597425,0.428249434672828,-0.108228005607785,1.30063598967553,1.56508458007329
"229","S_1247_S133",1.40886399528331,0.0862282999394806,0,"229","1","229",-1.30848703910602,0.292566165978213,-1.22225873916654,0.186605256116773,0
"230","S_1257_S89",1.40886399528331,-0.0115966018260002,0,"230","1","230",-0.056116861016356,0.260836712860705,-0.0677134628423562,1.34115053244095,1.49534878122122
"231","S_125_S163",1.40886399528331,-0.288316528448217,0,"231","1","231",-0.99631879522265,0.285611221940536,-1.28463532367087,0.124228671612445,0
"232","S_1278_S20",1.40886399528331,-0.0165949559650361,0,"232","1","232",-1.32307334348406,0.258327610042656,-1.33966829944909,0.0691956958342199,0
"233","S_1287_S146",1.40886399528331,-0.0349736036048618,0,"233","1","233",0.767102162207137,0.261325848519066,0.732128558602275,2.14099255388559,2.34034731932072
"234","S_1289_S164",1.40886399528331,0.0345859265453722,0,"234","1","234",0.746936991044066,0.276389893979241,0.781522917589438,2.19038691287275,2.21336383940064
"235","S_1308_S183",1.40886399528331,-0.261912382344534,0,"235","1","235",0.217740845526917,0.409499177222981,-0.0441715368176169,1.36469245846569,1.49534878122122
"236","S_1323_S36",1.40886399528331,0.078719448730582,0,"236","1","236",0.457394440712679,0.271105286422535,0.536113889443261,1.94497788472657,1.96798967126543
"237","S_1326_S53_L003",1.40886399528331,0.0764557377416396,0,"237","1","237",0.942679024455299,0.278058235159712,1.01913476219694,2.42799875748025,2.78315768371374
"238","S_132_S41",1.40886399528331,-0.297178329483274,0,"238","1","238",-0.93127995964951,0.28677979769904,-1.22845828913278,0.180405706150528,0
"239","S_1370_S76",1.40886399528331,-0.0220601083165196,0,"239","1","239",-1.27508244353045,0.25715846530011,-1.29714255184697,0.111721443436345,0
"240","S_1374_S132",1.40886399528331,0.0947827696989389,0,"240","1","240",-1.57061549917676,0.269870358816452,-1.47583272947782,0,0
"241","S_1384_S78",1.40886399528331,-0.074080666216157,0,"241","1","241",-0.981996030468341,0.26219254081575,-1.0560766966845,0.352787298598813,0
"242","S_1390_S94",1.40886399528331,-0.121699043162289,0,"242","1","242",0.882824176164837,0.264945656307821,0.761125133002547,2.16998912828586,2.65914794847249
"243","S_1393_S83_L003",1.40886399528331,-0.118382093811505,0,"243","1","243",-1.08075859642007,0.272134757305421,-1.19914069023157,0.20972330505174,0
"244","S_1395_S102",1.40886399528331,-0.155728017480749,0,"244","1","244",-0.0552585899669623,0.288265144406043,-0.210986607447711,1.1978773878356,1.49534878122122
"245","S_1403_S130",1.40886399528331,-0.189500358415084,0,"245","1","245",-0.0606647494963475,0.287224196451611,-0.250165107911431,1.15869888737188,1.31607401295249
"246","S_1405_S126",1.40886399528331,-0.0814197133673776,0,"246","1","246",-0.873494976574249,0.270317728070401,-0.954914689941627,0.453949305341684,0
"247","S_1408_S17_L003",1.40886399528331,-0.0431189251064849,0,"247","1","247",1.3455738274563,0.274676485618437,1.30245490234982,2.71131889763313,2.89250760851908
"248","S_1412_S125",1.40886399528331,-0.0974419354778149,0,"248","1","248",-1.11536009617273,0.259450829591919,-1.21280203165055,0.196061963632764,0
"249","S_1413_S10_L003",1.40886399528331,-0.170805748810904,0,"249","1","249",0.348413198256504,0.277939417582634,0.177607449445599,1.58647144472891,1.56508458007329
"250","S_141_S188",1.40886399528331,-0.26371616893302,0,"250","1","250",-0.0776853379611488,0.284345802240111,-0.341401506894168,1.06746248838914,1
"251","S_1434_S73_L003",1.40886399528331,-0.0388518667863482,0,"251","1","251",-1.3440022692434,0.26366794755228,-1.38285413602974,0.0260098592535674,0
"252","S_1443_S64_L003",1.40886399528331,-0.00623547086769508,0,"252","1","252",0.278241232022918,0.281814631431917,0.272005761155223,1.68086975643853,1.56508458007329
"253","S_1462_S171",1.40886399528331,-0.214330195729905,0,"253","1","253",0.744130437202046,0.285950236157292,0.529800241472141,1.93866423675545,2.05976714390712
"254","S_1464_S64",1.40886399528331,-0.169129844330651,0,"254","1","254",0.168435472027201,0.265383407753978,-0.000694372303450513,1.40816962297986,1.25743342968294
"255","S_1467_S106",1.40886399528331,0.175030158138003,0,"255","1","255",0.106195368318379,0.268113450640402,0.281225526456382,1.69008952173969,1.56508458007329
"256","S_1468_S139",1.40886399528331,-0.0306003509523328,0,"256","1","256",0.283917730423057,0.289844028341371,0.253317379470724,1.66218137475404,1.56508458007329
"257","S_1479_S2_L003",1.40886399528331,-0.0493584900055226,0,"257","1","257",-0.206350320413611,0.257415415539945,-0.255708810419134,1.15315518486418,1.31607401295249
"258","S_147_S19",1.40886399528331,-0.101279204341852,0,"258","1","258",0.278930513737406,0.26180258669092,0.177651309395554,1.58651530467887,1.49534878122122
"259","S_14_S3",1.40886399528331,-0.102618586270432,0,"259","1","259",-1.02083471973213,0.264741273995479,-1.12345330600256,0.28541068928075,0
"260","S_1506_S61",1.40886399528331,0.074756751830779,0,"260","1","260",-1.38763491482004,0.273121725489582,-1.31287816298926,0.0959858322940479,0
"261","S_1516_S148",1.40886399528331,-0.343025764360944,0,"261","1","261",0.544378911881778,0.453045698537879,0.201353147520834,1.61021714280415,1.73205080756888
"262","S_151_S93",1.40886399528331,-0.178078939900816,0,"262","1","262",-0.779527511025562,0.28169162350922,-0.957606450926378,0.451257544356933,0
"263","S_1521_S18",1.40886399528331,-0.0682525827904803,0,"263","1","263",0.467183083804538,0.279231055775461,0.398930501014058,1.80779449629737,2.11474252688113
"264","S_1528_S47",1.40886399528331,-0.0628660402684631,0,"264","1","264",0.578755903307211,0.262944458751805,0.515889863038748,1.92475385832206,2.11474252688113
"265","S_1531_S31_L003",1.40886399528331,-0.128347125776329,0,"265","1","265",-0.868763626210074,0.275657046507984,-0.997110751986403,0.411753243296908,0
"266","S_1532_S117",1.40886399528331,-0.0245974082138331,0,"266","1","266",1.24394649145346,0.262451072840101,1.21934908323963,2.62821307852294,2.65914794847249
"267","S_1542_S44",1.40886399528331,-0.0952194823969768,0,"267","1","267",-1.19721806432594,0.258139912546187,-1.29243754672292,0.116426448560396,0
"268","S_154_S162",1.40886399528331,-0.15539619636628,0,"268","1","268",0.340034264247193,0.264441939452107,0.184638067880913,1.59350206316422,1.65487545982344
"269","S_1552_S185",1.40886399528331,0.0261264815399045,0,"269","1","269",-0.234737155367514,0.272490193303877,-0.20861067382761,1.2002533214557,1.31607401295249
"270","S_1561_S52",1.40886399528331,-0.0920632838653488,0,"270","1","270",-0.189742925279649,0.264709114245304,-0.281806209144997,1.12705778613831,1.25743342968294
"271","S_1565_S74_L003",1.40886399528331,-0.0901972947274535,0,"271","1","271",0.0556514693179349,0.26991826294329,-0.0345458254095186,1.37431816987379,1.4142135623731
"272","S_1567_S13_L003",1.40886399528331,-0.143255724220068,0,"272","1","272",0.290559667214118,0.260948373847445,0.147303942994049,1.55616793827736,1.49534878122122
"273","S_159_S190",1.40886399528331,-0.227547031022104,0,"273","1","273",0.901319012495065,0.290678530194295,0.673771981472961,2.08263597675627,2.34034731932072
"274","S_1604_S168",1.40886399528331,0.0713514384728806,0,"274","1","274",0.808081544549272,0.26083675530746,0.879432983022152,2.28829697830546,2.44948974278318
"275","S_1620_S26",1.40886399528331,-0.00128096500758407,0,"275","1","275",-0.959867662269552,0.261685325824792,-0.961148627277136,0.447715368006175,0
"276","S_1651_S111",1.40886399528331,-0.0101273360421661,0,"276","1","276",0.00668484784608253,0.258261916537842,-0.0034424881960836,1.40542150708723,1.49534878122122
"277","S_1660_S143",1.40886399528331,0.214407613219442,0,"277","1","277",0.567573132982811,0.278809544485133,0.781980746202252,2.19084474148556,2.51486685936587
"278","S_1674_S49_L003",1.40886399528331,-0.00114007369565196,0,"278","1","278",-0.108821693196989,0.245893205533393,-0.109961766892641,1.29890222839067,1.25743342968294
"279","S_1675_S175",1.40886399528331,-0.0623153788800768,0,"279","1","279",-0.0164775353355547,0.247861912430914,-0.0787929142156314,1.33007108106768,1.4142135623731
"280","S_1678_S107",1.40886399528331,-0.006941295440204,0,"280","1","280",0.0297508126963011,0.245542984591068,0.0228095172560971,1.43167351253941,1.31607401295249
"281","S_1687_S90_L003",1.40886399528331,-0.138848115463007,0,"281","1","281",-1.07420649444098,0.273601114557731,-1.21305460990399,0.19580938537932,0
"282","S_1691_S141",1.40886399528331,-0.198530938407438,0,"282","1","282",-0.117635367034673,0.281282317046178,-0.316166305442111,1.0926976898412,1.39157884185687
"283","S_1697_S147",1.40886399528331,-0.39435719501436,0,"283","1","283",0.373367361452548,0.510526438042914,-0.0209898335618119,1.3878741617215,1.49534878122122
"284","S_169_S27",1.40886399528331,-0.164647393610261,0,"284","1","284",0.256505398132869,0.279463319532311,0.0918580045226079,1.50072199980592,1.31607401295249
"285","S_16_S56_L003",1.40886399528331,-0.166356501504009,0,"285","1","285",0.916662074939328,0.274057758506075,0.750305573435319,2.15916956871863,2.23606797749979
"286","S_1725_S144",1.40886399528331,-0.386610942650007,0,"286","1","286",-0.130327374233107,0.521454744764719,-0.516938316883114,0.891925678400197,0.840896415253715
"287","S_1727_S30",1.40886399528331,-0.121025082920673,0,"287","1","287",0.116866214542423,0.269528196752833,-0.00415886837825007,1.40470512690506,1.25743342968294
"288","S_1735_S172",1.40886399528331,-0.0755667564821103,0,"288","1","288",0.420180352375966,0.266425322350733,0.344613595893855,1.75347759117717,1.56508458007329
"289","S_1740_S146",1.40886399528331,-0.240228152565746,0,"289","1","289",0.576082570514833,0.335610199857123,0.335854417949087,1.7447184132324,1.91682931273882
"290","S_1747_S48_L003",1.40886399528331,-0.129698356804518,0,"290","1","290",0.0886866547109824,0.281346467954916,-0.041011702093536,1.36785229318977,1.49534878122122
"291","S_1753_S75",1.40886399528331,0.00802109993613124,0,"291","1","291",-0.00624795654355292,0.266453107371477,0.00177314339257831,1.41063713867589,1.49534878122122
"292","S_1755_S134",1.40886399528331,-0.156381817674718,0,"292","1","292",-0.0795372090032108,0.267553620922939,-0.235919026677929,1.17294496860538,1
"293","S_1757_S61_L003",1.40886399528331,-0.0878810552297777,0,"293","1","293",0.4146966511314,0.267709983494636,0.326815595901622,1.73567959118493,1.96798967126543
"294","S_177_S62",1.40886399528331,-0.119315501444997,0,"294","1","294",0.283985450104112,0.264353595121652,0.164669948659115,1.57353394394243,1.49534878122122
"295","S_1780_S45_L003",1.40886399528331,-0.14460655962627,0,"295","1","295",0.59494215250308,0.273041233164674,0.45033559287681,1.85919958816012,1.8612097182042
"296","S_1781_S84",1.40886399528331,-0.393429577471459,0,"296","1","296",0.404933582337931,0.44904552454506,0.0115040048664716,1.42036800014978,1.96798967126543
"297","S_1783_S150",1.40886399528331,-0.328009952486841,0,"297","1","297",-0.259525726838367,0.389836931827424,-0.587535679325208,0.821328315958104,0.840896415253715
"298","S_1799_S86",1.40886399528331,-0.119510750794484,0,"298","1","298",-0.0240978199241222,0.266156402352033,-0.143608570718606,1.2652554245647,1.31607401295249
"299","S_1800_S14_L003",1.40886399528331,-0.0707187105932093,0,"299","1","299",-0.959823536465742,0.285138755980755,-1.03054224705895,0.37832174822436,0
"300","S_1811_S148",1.40886399528331,-0.0283093763077515,0,"300","1","300",0.735735520062903,0.273161400412366,0.707426143755151,2.11629013903846,2.11474252688113
"301","S_181_S65",1.40886399528331,-0.217595017404137,0,"301","1","301",0.267740365770583,0.268764808008293,0.0501453483664467,1.45900934364976,1.62657656169779
"302","S_1822_S37",1.40886399528331,-0.10308236533158,0,"302","1","302",0.506757547404983,0.289787733176631,0.403675182073402,1.81253917735671,1.77827941003892
"303","S_1823_S3_L003",1.40886399528331,-0.225186993610042,0,"303","1","303",-0.254014446085289,0.2811738981331,-0.479201439695331,0.929662555587981,1
"304","S_1824_S180",1.40886399528331,-0.084886506454683,0,"304","2","  1",-0.478483904933959,0.287270877480013,-0.563370411388642,0.84549358389467,NA
"305","S_1828_S156",1.40886399528331,-0.132937239783123,0,"305","1","304",0.0477099050416895,0.253988293738934,-0.0852273347414333,1.32363666054188,1.18920711500272
"306","S_1834_S114",1.40886399528331,-0.107467099040511,0,"306","1","305",0.0718239192103435,0.269274709313695,-0.0356431798301675,1.37322081545314,1.77827941003892
"307","S_1835_S57",1.40886399528331,-0.0657420839361559,0,"307","1","306",-1.15436375970581,0.259473305445641,-1.22010584364196,0.188758151641349,0
"308","S_1845_S34",1.40886399528331,0.0580239174171952,0,"308","1","307",0.964900177284934,0.27033701548639,1.02292409470213,2.43178808998544,2.51486685936587
"309","S_1855_S49",1.40886399528331,-0.0663123072470464,0,"309","1","308",-0.226565600005971,0.272082053624401,-0.292877907253017,1.11598608803029,1
"310","S_1856_S51",1.40886399528331,-0.0156369496630237,0,"310","1","309",-0.432734778312925,0.286369459137385,-0.448371727975948,0.960492267307363,0.840896415253715
"311","S_185_S72",1.40886399528331,-0.241147170785699,0,"311","1","310",-0.617203559979085,0.307315832022245,-0.858350730764784,0.550513264518527,0
"312","S_1861_S1_L003",1.40886399528331,-0.125541677451798,0,"312","1","311",1.15457939262866,0.276686995641607,1.02903771517687,2.43790171046018,2.51486685936587
"313","S_1871_S186",1.40886399528331,-0.0401936386135193,0,"313","1","312",0.613800000431391,0.275596284015767,0.573606361817872,1.98247035710118,1.73205080756888
"314","S_188_S79",1.40886399528331,-0.174873286308261,0,"314","1","313",0.11983601669087,0.305223173345711,-0.055037269617391,1.35382672566592,1.18920711500272
"315","S_1909_S132",1.40886399528331,-0.104713314183678,0,"315","1","314",0.625465160537748,0.261863036434989,0.52075184635407,1.92961584163738,2.05976714390712
"316","S_190_S2",1.40886399528331,-0.187177349557201,0,"316","1","315",0.758242497951507,0.298571070909125,0.571065148394306,1.97992914367762,2.23606797749979
"317","S_1910_S23_L003",1.40886399528331,0.0028990768455327,0,"317","1","316",0.0530508496506776,0.268455690317714,0.0559499264962103,1.46481392177952,1.49534878122122
"318","S_1921_S54",1.40886399528331,-0.111243003979148,0,"318","1","317",-0.985466640200429,0.279728730004584,-1.09670964417958,0.312154351103735,0
"319","S_1934_S21_L003",1.40886399528331,-0.165132273046675,0,"319","1","318",1.28185048716332,0.279243994915656,1.11671821411664,2.52558220939995,2.89250760851908
"320","S_1935_S15",1.40886399528331,-0.177980546920294,0,"320","1","319",0.56276158529738,0.28666943670095,0.384781038377085,1.7936450336604,1.49534878122122
"321","S_1939_S59",1.40886399528331,-0.15336288483487,0,"321","1","320",0.784881664103817,0.273535474970899,0.631518779268947,2.04038277455226,2.11474252688113
"322","S_1945_S21",1.40886399528331,-0.121278578079002,0,"322","1","321",0.637878996006924,0.288241002385864,0.516600417927922,1.92546441321123,2.21336383940064
"323","S_1946_S184",1.40886399528331,-0.219474432550889,0,"323","1","322",-0.0192402185707574,0.319379206313664,-0.238714651121646,1.17014934416167,1.31607401295249
"324","S_1950_S66",1.40886399528331,-0.142663707142186,0,"324","1","323",-1.22222831290984,0.281694189628104,-1.36489202005203,0.0439719752312828,0
"325","S_1955_S145",1.40886399528331,-0.411217159025588,0,"325","1","324",0.366040536023872,0.52048025799638,-0.0451766230017159,1.3636873722816,1.45647531512197
"326","S_1956_S127",1.40886399528331,-0.187578406034694,0,"326","1","325",-0.861094327041338,0.294301123009873,-1.04867273307603,0.360191262207279,0
"327","S_1971_S104",1.40886399528331,-0.278343363403635,0,"327","1","326",1.17970938372876,0.30132597984558,0.901366020325128,2.31023001560844,2.11474252688113
"328","S_1998_S79_L003",1.40886399528331,-0.269233264308957,0,"328","1","327",-1.07383889726263,0.288192582207124,-1.34307216157158,0.0657918337117285,0
"329","S_199_S59_L003",1.40886399528331,-0.268541464856176,0,"329","1","328",-0.0802060140294434,0.275166621429499,-0.34874747888562,1.06011651639769,1
"330","S_1_S123",1.40886399528331,-0.277958083549289,0,"330","1","329",-0.797620839171147,0.342961010137374,-1.07557892272044,0.333285072562875,0
"331","S_2005_S22",1.40886399528331,-0.250079494768518,0,"331","1","330",0.700832554506775,0.27889948531057,0.450753059738257,1.85961705502157,2.23606797749979
"332","S_2008_S85_L003",1.40886399528331,-0.211485163100607,0,"332","1","331",0.188914852991919,0.286812538633912,-0.022570310108689,1.38629368517462,1.31607401295249
"333","S_2025_S28",1.40886399528331,-0.186805795779692,0,"333","1","332",-0.00865140925063834,0.291008795444523,-0.195457205030331,1.21340679025298,1.25743342968294
"334","S_2029_S18_L003",1.40886399528331,-0.190498508807881,0,"334","1","333",0.902284592201413,0.288028866043026,0.711786083393532,2.12065007867684,2.51486685936587
"335","S_2031_S70",1.40886399528331,-0.149738887325821,0,"335","1","334",-0.767543234960521,0.267340896960613,-0.917282122286342,0.491581872996969,0
"336","S_2038_S118",1.40886399528331,-0.147861630252846,0,"336","1","335",1.04783549487571,0.285671538140958,0.899973864622861,2.30883785990617,2.44948974278318
"337","S_2075_S187",1.40886399528331,-0.368364238794736,0,"337","1","336",-0.488784748799788,0.406984730331095,-0.857148987594524,0.551715007688787,0
"338","S_2076_S5_L003",1.40886399528331,-0.191883592522341,0,"338","1","337",0.435939494525111,0.277205368822367,0.24405590200277,1.65291989728608,1.77827941003892
"339","S_2077_S82_L003",1.40886399528331,-0.223650403919778,0,"339","1","338",-0.417336534858604,0.294417223007897,-0.640986938778382,0.767877056504929,0.840896415253715
"340","S_2080_S6_L003",1.40886399528331,-0.223447977105194,0,"340","1","339",1.06154737914438,0.300229313118847,0.838099402039189,2.2469633973225,2.51486685936587
"341","S_2083_S65_L003",1.40886399528331,-0.15502478170037,0,"341","1","340",-0.0105563124552168,0.284521456538604,-0.165581094155587,1.24328290112772,1.31607401295249
"342","S_2089_S17",1.40886399528331,-0.1512585397872,0,"342","1","341",-1.29695704745669,0.285841499790581,-1.44821558724389,0,0
"343","S_2096_S54_L003",1.40886399528331,-0.270951468745075,0,"343","1","342",0.88179463933832,0.304632147588032,0.610843170593245,2.01970716587656,2.51486685936587
"344","S_2098_S191",1.40886399528331,-0.132889342574306,0,"344","1","343",0.24142306444496,0.258499056662545,0.108533721870655,1.51739771715397,1.31607401295249
"345","S_2108_S154",1.40886399528331,-0.33836324270695,0,"345","1","344",0.490018145802571,0.377212420149623,0.151654903095621,1.56051889837893,1.77827941003892
"346","S_210_S177",1.40886399528331,0.093409399783242,0,"346","1","345",-1.40419190036464,0.256068272752206,-1.3107825005814,0.0980814947019146,0
"347","S_2120_S134",1.40886399528331,-0.320951650204799,0,"347","1","346",-0.776496348372203,0.361583422944604,-1.097447998577,0.311415996706309,0
"348","S_2124_S101",1.40886399528331,-0.246817176986199,0,"348","1","347",-1.02208873941484,0.293295695835658,-1.26890591640104,0.139958078882274,0
"349","S_2125_S140",1.40886399528331,-0.294356442255218,0,"349","1","348",-0.856929104272887,0.293936005394698,-1.1512855465281,0.257578448755206,0
"350","S_2126_S35",1.40886399528331,-0.278129188541287,0,"350","1","349",0.187494724532459,0.272746419354912,-0.0906344640088279,1.31822953127448,1.31607401295249
"351","S_212_S12",1.40886399528331,0.300065503619689,0,"351","1","350",-1.6391612272124,0.292985958930689,-1.33909572359271,0.0697682716906038,0
"352","S_2130_S16_L003",1.40886399528331,-0.255729883664664,0,"352","1","351",0.446767929240338,0.283228642862258,0.191038045575674,1.59990204085898,1.96798967126543
"353","S_2138_S112",1.40886399528331,-0.163389665808863,0,"353","1","352",0.86617539135732,0.261940916386671,0.702785725548457,2.11164972083177,2.23606797749979
"354","S_2139_S60",1.40886399528331,-0.26645453545353,0,"354","1","353",-0.0355458904911373,0.293004847467,-0.302000425944668,1.10686356933864,1.18920711500272
"355","S_2149_S9_L003",1.40886399528331,-0.268926136445237,0,"355","1","354",-0.829743140440421,0.271966001542461,-1.09866927688566,0.310194718397653,0
"356","S_2157_S122",1.40886399528331,-0.248847036289718,0,"356","1","355",0.0172427456215645,0.288727486190289,-0.231604290668153,1.17725970461516,1.18920711500272
"357","S_2162_S4_L003",1.40886399528331,-0.25646465108257,0,"357","1","356",0.756289196561687,0.288379319710988,0.499824545479117,1.90868854076243,2.05976714390712
"358","S_2167_S81_L003",1.40886399528331,-0.309746727070808,0,"358","1","357",-0.721760825964373,0.297038810089611,-1.03150755303518,0.37735644224813,0
"359","S_2177_S11_L003",1.40886399528331,-0.207054053885629,0,"359","1","358",0.00286723589289006,0.27270215887665,-0.204186817992739,1.20467717729057,1.25743342968294
"360","S_2194_S133",1.40886399528331,-0.198127637901114,0,"360","1","359",0.680121772226676,0.285906142449807,0.481994134325562,1.89085812960887,1.8612097182042
"361","S_2195_S129",1.40886399528331,-0.250000854026951,0,"361","1","360",-0.87432421774526,0.288653644812689,-1.12432507177221,0.2845389235111,0
"362","S_2200_S5",1.40886399528331,-0.265142797369831,0,"362","1","361",-0.610247058640131,0.300073489812155,-0.875389856009961,0.53347413927335,0.562341325190349
"363","S_2224_S161",1.40886399528331,-0.133388703589101,0,"363","1","362",0.748605647807642,0.260201928343399,0.615216944218541,2.02408093950185,2.34034731932072
"364","S_2225_S110",1.40886399528331,-0.326947151900129,0,"364","1","363",0.262798805119498,0.395073917093215,-0.0641483467806311,1.34471564850268,1.31607401295249
"365","S_2233_S80_L003",1.40886399528331,-0.158089319188799,0,"365","1","364",0.173674534507277,0.262659715372804,0.0155852153184781,1.42444921060179,1.56508458007329
"366","S_2277_S189",1.40886399528331,-0.325222025443513,0,"366","1","365",0.575042026778411,0.41676219847019,0.249820001334898,1.65868399661821,2.05976714390712
"367","S_228_S138",1.40886399528331,0.212913106990597,0,"367","1","366",-0.961392482967513,0.274597960463752,-0.748479375976916,0.660384619306395,0.840896415253715
"368","S_2296_S115",1.40886399528331,-0.0381586229400333,0,"368","1","367",-0.972058481080258,0.275703943294808,-1.01021710402029,0.39864689126302,0
"369","S_229_S24_L003",1.40886399528331,0.335886993544703,0,"369","1","368",0.422305390133006,0.309300654606875,0.758192383677709,2.16705637896102,1.96798967126543
"370","S_2316_S149",1.40886399528331,-0.0433666263820811,0,"370","1","369",-0.245630124755617,0.287811034434731,-0.288996751137698,1.11986724414561,1
"371","S_2317_S77_L003",1.40886399528331,0.32135737490754,0,"371","1","370",-0.0192776585055408,0.307054635501588,0.302079716401999,1.71094371168531,1.49534878122122
"372","S_2318_S85",1.40886399528331,0.302169830803332,0,"372","1","371",0.550668691499323,0.297541640925278,0.852838522302654,2.26170251758597,2.44948974278318
"373","S_2326_S100",1.40886399528331,0.223340796658639,0,"373","1","372",-1.50768328279361,0.262357892829698,-1.28434248613497,0.124521509148336,0
"374","S_2332_S35_L003",1.40886399528331,0.242880641282789,0,"374","1","373",0.300182822041772,0.276202679651683,0.543063463324561,1.95192745860787,1.96798967126543
"375","S_2335_S96",1.40886399528331,-0.381800041982983,0,"375","1","374",-0.321017988005957,0.531281432347888,-0.70281802998894,0.706045965294371,0
"376","S_2341_S56",1.40886399528331,0.121184291137179,0,"376","1","375",-1.69446708822997,0.270324859927106,-1.57328279709279,0,0
"377","S_2344_S156",1.40886399528331,-0.383096066915916,0,"377","1","376",-0.498249271266793,0.508913373412434,-0.881345338182708,0.527518657100603,0
"378","S_2346_S152",1.40886399528331,0.0819740550790481,0,"378","1","377",-1.34917296947966,0.257175858857399,-1.26719891440061,0.141665080882699,0
"379","S_2387_S147",1.40886399528331,0.0665782680401193,0,"379","1","378",-0.157070301635117,0.274598720431103,-0.0904920335949982,1.31837196168831,1.18920711500272
"380","S_2397_S166",1.40886399528331,-0.0802917466467058,0,"380","1","379",0.221558737623301,0.295797472709245,0.141266990976595,1.55013098625991,1.56508458007329
"381","S_255_S45",1.40886399528331,-0.0754537072206165,0,"381","1","380",-1.00947558276591,0.295285129569971,-1.08492928998653,0.323934705296784,0
"382","S_256_S39_L003",1.40886399528331,-0.0631362423122306,0,"382","1","381",-1.43459370593765,0.265224766010225,-1.49772994824988,0,0
"383","S_274_S192",1.40886399528331,-0.175063994299168,0,"383","1","382",-0.965273930890784,0.275979644390234,-1.14033792518995,0.268526070093358,0
"384","S_276_S74",1.40886399528331,-0.156741822865799,0,"384","1","383",0.0248249492998109,0.266863907517249,-0.131916873565988,1.27694712171732,1.49534878122122
"385","S_27_S7",1.40886399528331,-0.14659495493493,0,"385","1","384",-0.711329506428858,0.280743489974827,-0.857924461363788,0.550939533919523,0.840896415253715
"386","S_285_1_S191",1.40886399528331,-0.182470947046539,0,"386","1","385",0.90667544444134,0.272478408392148,0.724204497394802,2.13306849267811,2.05976714390712
"387","S_289_S32_L003",1.40886399528331,-0.256570165812017,0,"387","1","386",0.0165927194952128,0.395072051721427,-0.239977446316804,1.16888654896651,1.31607401295249
"388","S_292_S80",1.40886399528331,0.0976344722060034,0,"388","1","387",-0.295021781765859,0.270994023582481,-0.197387309559855,1.21147668572346,1.31607401295249
"389","S_295_S46_L003",1.40886399528331,0.243465911972806,0,"389","1","388",-0.41841656889206,0.28256194502388,-0.174950656919254,1.23391333836406,1.31607401295249
"390","S_297_S95",1.40886399528331,0.296347359730961,0,"390","1","389",0.686911896772,0.295283438839657,0.983259256502961,2.39212325178627,2.51486685936587
"391","S_302_S182",1.40886399528331,0.12124094254934,0,"391","1","390",0.522239035535704,0.268256254023646,0.643479978085044,2.05234397336836,2.11474252688113
"392","S_328_S179",1.40886399528331,-0.155283330717922,0,"392","1","391",-0.032558443861653,0.297784492942632,-0.187841774579575,1.22102222070374,1.56508458007329
"393","S_32_S152",1.40886399528331,-0.276671522416757,0,"393","1","392",-1.01746172824736,0.277180488436581,-1.29413325066412,0.114730744619193,0
"394","S_331_S25",1.40886399528331,-0.0574551071995531,0,"394","1","393",-1.05005742314179,0.270175283341083,-1.10751253034134,0.301351464941971,0
"395","S_334_S137",1.40886399528331,-0.0770810982387036,0,"395","1","394",-1.44102591432371,0.263120511942625,-1.51810701256241,0,0
"396","S_337_S8",1.40886399528331,0.279765757834841,0,"396","1","395",1.10691197394467,0.277441870006828,1.38667773177951,2.79554172706282,2.99069756244244
"397","S_339_S28_L003",1.40886399528331,0.280552427866289,0,"397","1","396",-1.32963736654603,0.284897401650206,-1.04908493867974,0.359779056603573,0
"398","S_341_S162",1.40886399528331,-0.203223559116291,0,"398","1","397",0.436127454359296,0.405323069315084,0.232903895243006,1.64176789052632,1.83142075074235
"399","S_344_S160",1.40886399528331,-0.318071974626468,0,"399","1","398",0.191014057947104,0.498239437029189,-0.127057916679364,1.28180607860395,1.56508458007329
"400","S_357_S87",1.40886399528331,0.324001020115803,0,"400","1","399",-0.266475194589938,0.295859862955213,0.057525825525865,1.46638982080918,1.49534878122122
"401","S_371_S41_L003",1.40886399528331,0.0826250009619185,0,"401","1","400",-0.484837120858308,0.281037875014496,-0.402212119896389,1.00665187538692,1
"402","S_373_S73",1.40886399528331,-0.259716648865086,0,"402","1","401",-0.550571959625756,0.317430517067167,-0.810288608490842,0.598575386792469,0
"403","S_377_S12_L003",1.40886399528331,-0.264812724610541,0,"403","1","402",1.22578964846866,0.301231058932675,0.960976923858116,2.36984091914143,2.78315768371374
"404","S_385_S62_L003",1.40886399528331,-0.185813844232283,0,"404","1","403",0.748479018381904,0.266779293557864,0.562665174149621,1.97152916943293,2.23606797749979
"405","S_393_S135",1.40886399528331,-0.177952247791441,0,"405","2","  2",0.0385655757735633,0.289230587651205,-0.139386672017878,1.26947732326543,NA
"406","S_397_S176",1.40886399528331,-0.208223260675193,0,"406","1","404",-0.155548205816891,0.274249382010257,-0.363771466492084,1.04509252879123,1.18920711500272
"407","S_406_S140",1.40886399528331,-0.0980844086056375,0,"407","1","405",1.23598722686901,0.263148394186367,1.13790281826337,2.54676681354668,2.65914794847249
"408","S_407_S131",1.40886399528331,-0.221743511566798,0,"408","1","406",-1.25988737010095,0.277758044322542,-1.48163088166775,0,0
"409","S_413_S86_L003",1.40886399528331,-0.243068801173427,0,"409","1","407",-0.665946123930498,0.281107526634876,-0.909014925103925,0.499849070179386,0
"410","S_419_S1",1.40886399528331,-0.200694786391183,0,"410","1","408",0.422472188546793,0.284568324417709,0.22177740215561,1.63064139743892,1.49534878122122
"411","S_41_S124",1.40886399528331,-0.224394607681975,0,"411","1","409",-1.10416097314653,0.307516846967491,-1.3285555808285,0.0803084144548065,0
"412","S_440_S128",1.40886399528331,-0.354136539597633,0,"412","1","410",-0.484399684240731,0.413028501250876,-0.838536223838365,0.570327771444946,0
"413","S_450_S135",1.40886399528331,-0.174024297271907,0,"413","1","411",-0.282626317245081,0.279091615901159,-0.456650614516988,0.952213380766323,0.840896415253715
"414","S_453_S63",1.40886399528331,-0.282364390079366,0,"414","1","412",-0.906800702594574,0.317899177451191,-1.18916509267394,0.219698902609371,0
"415","S_454_S71_L003",1.40886399528331,-0.234212563993607,0,"415","1","413",1.21762340280437,0.286931325564549,0.983410838810766,2.39227483409408,2.54572989502183
"416","S_469_S119",1.40886399528331,-0.286148770249279,0,"416","1","414",1.26328117971306,0.27920980289304,0.977132409463785,2.3859964047471,2.89250760851908
"417","S_474_S89_L003",1.40886399528331,-0.409278452416326,0,"417","1","415",-0.293228931382172,0.520418942510011,-0.702507383798498,0.706356611484814,0
"418","S_481_S27_L003",1.40886399528331,-0.201557368727486,0,"418","1","416",-0.34983691226733,0.276362074250024,-0.551394280994816,0.857469714288495,0.840896415253715
"419","S_487_S31",1.40886399528331,-0.263270423570657,0,"419","1","417",0.0888375031508934,0.273212319263619,-0.174432920419763,1.23443107486355,1.49534878122122
"420","S_501_S43",1.40886399528331,-0.229340137380308,0,"420","1","418",-0.788856696865449,0.280270418024806,-1.01819683424576,0.390667161037554,0
"421","S_509_S109",1.40886399528331,-0.232872037197513,0,"421","1","419",-1.29693719251155,0.280832675857601,-1.52980922970906,0,0
"422","S_515_S58",1.40886399528331,-0.284860447673231,0,"422","1","420",-0.978854891552541,0.283598550597804,-1.26371533922577,0.145148656057539,0
"423","S_516_S138",1.40886399528331,-0.428538524956073,0,"423","1","421",-0.55874227038635,0.498472982108872,-0.987280795342423,0.421583199940888,0
"424","S_517_S20_L003",1.40886399528331,-0.268353836487072,0,"424","1","422",1.53237270380771,0.282714565537299,1.26401886732064,2.67288286260395,2.89250760851908
"425","S_522_S10",1.40886399528331,-0.12853300411238,0,"425","1","423",0.900422105354605,0.266894830067659,0.771889101242225,2.18075309652554,2.34034731932072
"426","S_524_S33_L003",1.40886399528331,-0.288324344709061,0,"426","1","424",0.0985491096743815,0.28627149915786,-0.18977523503468,1.21908876024863,1.31607401295249
"427","S_528_S103",1.40886399528331,-0.296299256814715,0,"427","1","425",0.964692032949078,0.305970396348152,0.668392776134362,2.07725677141767,2.34034731932072
"428","S_533_S68",1.40886399528331,-0.293424246795504,0,"428","1","426",0.44361916235624,0.334070399658305,0.150194915560737,1.55905891084405,1.56508458007329
"429","S_537_S78_L003",1.40886399528331,-0.127410959306935,0,"429","1","427",1.41597915126086,0.276993304825328,1.28856819195392,2.69743218723723,2.78315768371374
"430","S_545_S69",1.40886399528331,-0.235502531884796,0,"430","1","428",0.13070157709958,0.273959581215144,-0.104800954785216,1.3040630404981,1.10668191970032
"431","S_565_S149",1.40886399528331,-0.228257680757511,0,"431","1","429",0.520548241740876,0.269047785473135,0.292290560983365,1.70115455626668,2.05976714390712
"432","S_567_S165",1.40886399528331,-0.214878979666056,0,"432","1","430",-1.19948123880682,0.277156311438632,-1.41436021847287,0,0
"433","S_574_S155",1.40886399528331,-0.434558321820347,0,"433","1","431",-0.287589564088825,0.510489068414678,-0.722147885909173,0.686716109374139,0
"434","S_591_S99",1.40886399528331,-0.235113934531924,0,"434","1","432",0.406688934699325,0.287537043573426,0.171575000167401,1.58043899545071,1.49534878122122
"435","S_5_S63_L003",1.40886399528331,-0.335528328454225,0,"435","1","433",0.819065940861808,0.428694934537337,0.483537612407583,1.89240160769089,2.51486685936587
"436","S_629_S113",1.40886399528331,0.239757512191669,0,"436","1","434",0.00981540023731664,0.269257637666865,0.249572912428986,1.6584369077123,1.77827941003892
"437","S_630_S51_L003",1.40886399528331,-0.0156520357813648,0,"437","1","435",0.402869232373983,0.269061678678981,0.387217196592618,1.79608119187593,2.11474252688113
"438","S_631_S87_L003",1.40886399528331,0.201463471040754,0,"438","1","436",0.271527871033137,0.271198633759602,0.472991342073891,1.8818553373572,1.96798967126543
"439","S_63_S170",1.40886399528331,-0.0293950004388592,0,"439","1","437",-0.447392455257422,0.265060848448165,-0.476787455696282,0.93207653958703,0
"440","S_640_S178",1.40886399528331,0.0408061862500216,0,"440","1","438",-1.23860675609671,0.257116954183046,-1.19780056984669,0.21106342543662,0
"441","S_646_S142",1.40886399528331,0.212840859618288,0,"441","1","439",-0.329888381839027,0.268588801840605,-0.11704752222074,1.29181647306257,1.25743342968294
"442","S_650_S129",1.40886399528331,-0.335289499983312,0,"442","1","440",0.686701895309982,0.478725164980418,0.35141239532667,1.76027639060998,2.17793858734643
"443","S_653_S6",1.40886399528331,0.311690339993388,0,"443","1","441",1.20459301621967,0.291515685570934,1.51628335621306,2.92514735149637,2.34034731932072
"444","S_656_S181",1.40886399528331,0.287718031694527,0,"444","1","442",0.606577836892099,0.275663090504674,0.894295868586626,2.30315986386994,2.34034731932072
"445","S_657_S154",1.40886399528331,-0.358724547325143,0,"445","1","443",0.726104982943102,0.523187751962116,0.367380435617959,1.77624443090127,2.23606797749979
"446","S_658_S33",1.40886399528331,0.330684605365987,0,"446","1","444",0.974764959263503,0.288034552916111,1.30544956462949,2.7143135599128,2.89250760851908
"447","S_65_S29_L003",1.40886399528331,-0.185803972397683,0,"447","1","445",0.61091349559461,0.259160656613326,0.425109523196927,1.83397351848024,2.11474252688113
"448","S_662_S98",1.40886399528331,0.147937655972697,0,"448","1","446",-0.554504460994206,0.26641466899737,-0.40656680502151,1.0022971902618,0.840896415253715
"449","S_673_S40_L003",1.40886399528331,0.211475261502952,0,"449","1","447",-0.240287007704104,0.27532409892897,-0.0288117462011521,1.38005224908216,1.4142135623731
"450","S_674_S130",1.40886399528331,0.206304535749099,0,"450","1","448",-1.47958246071193,0.275601559479944,-1.27327792496283,0.135586070320481,0
"451","S_679_S9",1.40886399528331,0.20052613892818,0,"451","1","449",-0.588188884893355,0.274338187953459,-0.387662745965175,1.02120124931814,1.25743342968294
"452","S_685_S121",1.40886399528331,0.315555939059768,0,"452","1","450",-0.268634367630873,0.299092496831167,0.0469215714288947,1.45578556671221,1.31607401295249
"453","S_695_S46",1.40886399528331,0.27658450471113,0,"453","1","451",0.448884789564816,0.274926552002042,0.725469294275946,2.13433328955926,2.51486685936587
"454","S_696_S88",1.40886399528331,-0.00937366009371016,0,"454","1","452",0.77093243048572,0.284863068680764,0.76155877039201,2.17042276567532,2.34034731932072
"455","S_706_S108",1.40886399528331,0.241114855214461,0,"455","1","453",-0.165777530951921,0.276620012451297,0.07533732426254,1.48420131954585,1.25743342968294
"456","S_711_S50",1.40886399528331,0.208635878525786,0,"456","1","454",-0.0668240149792294,0.281830075537695,0.141811863546556,1.55067585882987,1.49534878122122
"457","S_712_S136",1.40886399528331,0.258710059806619,0,"457","1","455",-0.0316585570798453,0.275873796605008,0.227051502726774,1.63591549801009,1.45647531512197
"458","S_713_S163",1.40886399528331,-0.248178666009164,0,"458","1","456",0.290908960408119,0.406264069496836,0.0427302943989545,1.45159428968227,1.77827941003892
"459","S_714_S34_L003",1.40886399528331,0.34341129937397,0,"459","1","457",-0.178740384427788,0.308544872856233,0.164670914946182,1.57353491022949,1.56508458007329
"460","S_726_S69_L003",1.40886399528331,0.290589738224083,0,"460","1","458",0.986982821100419,0.279934154080199,1.2775725593245,2.68643655460781,2.78315768371374
"461","S_733_S67_L003",1.40886399528331,0.234714570209567,0,"461","1","459",-0.401669867840872,0.272577370949215,-0.166955297631305,1.24190869765201,1.25743342968294
"462","S_738_S39",1.40886399528331,0.392380318322596,0,"462","1","460",-0.0134833103128787,0.30887155544991,0.378897008009717,1.78776100329303,1.56508458007329
"463","S_758_S128",1.40886399528331,0.247069754903704,0,"463","1","461",0.858792651928004,0.291937568411663,1.10586240683171,2.51472640211502,2.65914794847249
"464","S_762_S173",1.40886399528331,0.346085811428804,0,"464","1","462",0.576379282906132,0.310404776672581,0.922465094334936,2.33132908961825,2.11474252688113
"465","S_764_S93_L003",1.40886399528331,0.247793165161113,0,"465","1","463",1.21183146869402,0.277549176693808,1.45962463385513,2.86848862913844,2.89250760851908
"466","S_765_S48",1.40886399528331,0.232673087435236,0,"466","1","464",0.153909366167094,0.286793912334701,0.38658245360233,1.79544644888564,1.31607401295249
"467","S_770_S57_L003",1.40886399528331,-0.136445349558959,0,"467","1","465",-0.166938522375004,0.294001601030354,-0.303383871933963,1.10548012334935,1.4142135623731
"468","S_772_S58_L003",1.40886399528331,0.145942055302355,0,"468","1","466",-1.39611046703816,0.256193013356492,-1.25016841173581,0.158695583547503,0
"469","S_779_S94_L003",1.40886399528331,0.000658650558840748,0,"469","1","467",-1.29460160968266,0.25351835511444,-1.29394295912382,0.114921036159493,0
"470","S_7_S141",1.40886399528331,-0.142764937053488,0,"470","1","468",0.17244245859659,0.263732249716512,0.0296775215431022,1.43854151682641,1.31607401295249
"471","S_813_S44_L003",1.40886399528331,0.208448447364473,0,"471","1","469",0.406811396331136,0.267550867750211,0.615259843695609,2.02412383897892,2.23606797749979
"472","S_824_S40",1.40886399528331,0.228312383305764,0,"472","1","470",-1.06286910360197,0.275674643956765,-0.834556720296203,0.574307274987108,0
"473","S_825_S71",1.40886399528331,0.299933074118933,0,"473","1","471",-0.734873604855939,0.309436235877186,-0.434940530737006,0.973923464546305,1.25743342968294
"474","S_826_S8_L003",1.40886399528331,0.173586213087501,0,"474","1","472",-0.017703277149673,0.279852770015393,0.155882935937828,1.56474693122114,1.56508458007329
"475","S_837_S50_L003",1.40886399528331,0.173797961816476,0,"475","1","473",0.769909183760713,0.259988937605,0.943707145577189,2.3525711408605,2.65914794847249
"476","S_83_S14",1.40886399528331,-0.0529948047077029,0,"476","1","474",-1.09665251206761,0.296324993283303,-1.14964731677531,0.259216678508001,0
"477","S_840_S88_L003",1.40886399528331,0.141577507710129,0,"477","1","475",0.440708882169628,0.264320833511164,0.582286389879758,1.99115038516307,1.77827941003892
"478","S_844_S151",1.40886399528331,0.17793713069705,0,"478","1","476",-1.25076867673578,0.271726944443593,-1.07283154603873,0.33603244924458,0
"479","S_85_S36_L003",1.40886399528331,-0.150590250243675,0,"479","1","477",-0.119428807131729,0.315876084854946,-0.270019057375404,1.13884493790791,1.18920711500272
"480","S_861_S22_L003",1.40886399528331,0.119174098721734,0,"480","1","478",0.741051290824946,0.274016515647732,0.86022538954668,2.26908938482999,2.51486685936587
"481","S_865_S82",1.40886399528331,0.136178952360542,0,"481","1","479",-0.00408080825756163,0.25598294203086,0.132098144102981,1.54096213938629,1.77827941003892
"482","S_879_S97",1.40886399528331,0.209723245477484,0,"482","1","480",-0.0634475056034502,0.284589403766715,0.146275739874034,1.55513973515734,1.31607401295249
"483","S_87_S81",1.40886399528331,-0.162469475161673,0,"483","1","481",0.585192734779276,0.257700566120516,0.422723259617603,1.83158725490091,2.34034731932072
"484","S_885_S77",1.40886399528331,0.155833873921004,0,"484","1","482",-0.683901824148746,0.263074182723028,-0.528067950227742,0.880796045055569,0.840896415253715
"485","S_901_S136",1.40886399528331,-0.192733046013327,0,"485","2","  3",-0.112891030539026,0.35115956176689,-0.305624076552353,1.10323991873096,NA
"486","S_932_S42_L003",1.40886399528331,-0.0451358149235841,0,"486","1","483",-0.221730334198726,0.279526456953789,-0.26686614912231,1.141997846161,1.31607401295249
"487","S_961_S70_L003",1.40886399528331,0.230834844366452,0,"487","1","484",0.832129028006766,0.288949408090887,1.06296387237322,2.47182786765653,2.63214802590498
"488","S_962_S42",1.40886399528331,0.131473495158331,0,"488","1","485",0.12893383550628,0.266826028737388,0.260407330664612,1.66927132594792,1.49534878122122
"489","S_972_S142",1.40886399528331,-0.3270664652013,0,"489","1","486",-0.211012871901703,0.456490981395627,-0.538079337103002,0.870784658180309,0
"490","S_978_S90",1.40886399528331,-0.123010852819943,0,"490","1","487",-1.09931397022745,0.349986554235568,-1.22232482304739,0.18653917223592,0
"491","S_983_S4",1.40886399528331,0.305788988425695,0,"491","1","488",-1.4328710588629,0.28451159797323,-1.12708207043721,0.281781924846105,0
"492","S_993_S55",1.40886399528331,0.188120620831038,0,"492","1","489",-0.403273500317352,0.27161115345862,-0.215152879486314,1.193711115797,0.840896415253715
"493","NSW1201426",1.40886399528331,0.368500018750305,0,"493","2","  4",0.335813722362689,0.0792584530513502,0.704313741112993,2.1131777363963,NA
"494","NSW1212884",1.40886399528331,-0.186740222987434,0,"494","2","  5",0.13946896545056,0.151485020454538,-0.0472712575368746,1.36159273774644,NA
"495","NSW1200541",1.40886399528331,0.180740902903086,0,"495","2","  6",0.1680227757734,0.121078785351809,0.348763678676486,1.7576276739598,NA
"496","NSW1190165",1.40886399528331,0.208302826678712,0,"496","2","  7",-0.512004130033507,0.130108012683437,-0.303701303354795,1.10516269192852,NA
"497","NSW1166659",1.40886399528331,-0.166139150455824,0,"497","2","  8",0.0845203242293172,0.134260561970851,-0.081618826226507,1.3272451690568,NA
"498","NSW1213025",1.40886399528331,-0.122952898480736,0,"498","2","  9",-0.49269325250597,0.148637560704818,-0.615646150986706,0.793217844296605,NA
"499","NSW1211446",1.40886399528331,0.312065125999034,0,"499","2"," 10",-0.558597522881291,0.133239477420907,-0.246532396882256,1.16233159840105,NA
"500","NSW1200628",1.40886399528331,0.318696616097568,0,"500","2"," 11",-0.31075296916257,0.136336948466969,0.00794364693499772,1.41680764221831,NA
"501","NSW1166664",1.40886399528331,-0.158172865130758,0,"501","2"," 12",-0.258872914780394,0.135748907840629,-0.417045779911152,0.991818215372159,NA
"502","NSW1213021",1.40886399528331,-0.0949765882519217,0,"502","2"," 13",-0.018436483305738,0.128398322208126,-0.11341307155766,1.29545092372565,NA
"503","NSW1201391",1.40886399528331,0.115718960835498,0,"503","2"," 14",-0.40312936949821,0.125846265545967,-0.287410408662712,1.1214535866206,NA
"504","NSW1201419",1.40886399528331,0.372489180823423,0,"504","2"," 15",0.327150249303277,0.132491758101502,0.6996394301267,2.10850342541001,NA
"505","NSW1201415",1.40886399528331,0.375432193648666,0,"505","2"," 16",0.305523996769209,0.132389629006483,0.680956190417875,2.08982018570119,NA
"506","NSW1200364",1.40886399528331,-0.245527735496323,0,"506","2"," 17",-0.0629455260694625,0.142359059911048,-0.308473261565786,1.10039073371753,NA
"507","NSW1190167",1.40886399528331,0.242313468456184,0,"507","2"," 18",0.370275621152167,0.105171479626058,0.612589089608351,2.02145308489166,NA
"508","NSW1190204",1.40886399528331,0.28989937248359,0,"508","2"," 19",-0.111682694415513,0.127342403459708,0.178216678068077,1.58708067335139,NA
"509","NSW1200834",1.40886399528331,0.374357777296787,0,"509","2"," 20",-0.116514302194176,0.123693365158609,0.257843475102611,1.66670747038592,NA
"510","NSW1200533",1.40886399528331,0.328062543588243,0,"510","2"," 21",0.0361941129366553,0.107297124163945,0.364256656524899,1.77312065180821,NA
"511","NSW1200414",1.40886399528331,0.258908635014862,0,"511","2"," 22",0.152317428663251,0.0879646075705564,0.411226063678113,1.82009005896142,NA
"512","NSW1200759",1.40886399528331,0.22407463483288,0,"512","2"," 23",0.0909699561845163,0.106370817147007,0.315044591017396,1.72390858630071,NA
"513","NSW1212889",1.40886399528331,-0.212582033391287,0,"513","2"," 24",-0.185868202467973,0.12121526593759,-0.398450235859261,1.01041375942405,NA
"514","NSW1211427",1.40886399528331,-0.185200205766054,0,"514","2"," 25",-0.693365630721107,0.160712951609989,-0.878565836487162,0.530298158796149,NA
"515","NSW1200379",1.40886399528331,0.161085467093667,0,"515","2"," 26",0.135251051893192,0.113017192313273,0.296336518986859,1.70520051427017,NA
"516","NSW1211455",1.40886399528331,0.223082346970137,0,"516","2"," 27",-0.563434238425576,0.104098225965107,-0.340351891455439,1.06851210382787,NA
"517","NSW1213033",1.40886399528331,-0.166554895333775,0,"517","2"," 28",-0.117105351833921,0.107939566028516,-0.283660247167697,1.12520374811561,NA
"518","NSW1212980",1.40886399528331,-0.20301996471096,0,"518","2"," 29",-0.238908876005504,0.134639133963553,-0.441928840716463,0.966935154566848,NA
"519","NSW1190213",1.40886399528331,-0.0609238636171613,0,"519","2"," 30",0.530648179656276,0.101661160819682,0.469724316039115,1.87858831132243,NA
"520","NSW1201416",1.40886399528331,0.280247113596124,0,"520","2"," 31",0.333544960808574,0.105727261389654,0.613792074404699,2.02265606968801,NA
"521","NSW1200418",1.40886399528331,-0.0890814963886293,0,"521","2"," 32",-0.0835048163294473,0.115623099979033,-0.172586312718077,1.23627768256523,NA
"522","NSW1211456",1.40886399528331,0.222097915100977,0,"522","2"," 33",-0.0808851660621935,0.14010751704845,0.141212749038783,1.55007674432209,NA
"523","NSW1211564",1.40886399528331,0.246848308940927,0,"523","2"," 34",0.0709051443762,0.10827528571922,0.317753453317127,1.72661744860044,NA
"524","NSW1213016",1.40886399528331,-0.149232001483846,0,"524","2"," 35",0.201440001734609,0.117208202813626,0.0522080002507623,1.46107199553407,NA
"525","NSW1211583",1.40886399528331,0.0508810114456325,0,"525","2"," 36",0.339220811528688,0.102465033238971,0.390101822974321,1.79896581825763,NA
"526","NSW1200839",1.40886399528331,0.369822230726909,0,"526","2"," 37",-0.179739909961887,0.119356299400344,0.190082320765022,1.59894631604833,NA
"527","NSW1211565",1.40886399528331,0.268417169398148,0,"527","2"," 38",-0.872409779314441,0.110761343857402,-0.603992609916293,0.804871385367018,NA
"528","NSW1200425",1.40886399528331,-0.08367819020301,0,"528","2"," 39",0.346217691046323,0.114168241179738,0.262539500843313,1.67140349612662,NA
"529","NSW1200662",1.40886399528331,-0.107862806291993,0,"529","2"," 40",0.484049919608113,0.132438274217931,0.37618711331612,1.78505110859943,NA
"530","NSW1166655",1.40886399528331,-0.0612481651829349,0,"530","2"," 41",0.372966056144331,0.102067060448158,0.311717890961396,1.72058188624471,NA
"531","NSW1212948",1.40886399528331,-0.275167688101319,0,"531","2"," 42",-0.540945655299273,0.180358364976093,-0.816113343400592,0.592750651882719,NA
"532","NSW1200528",1.40886399528331,0.335971153084036,0,"532","2"," 43",-0.676168317592868,0.126139928898947,-0.340197164508832,1.06866683077448,NA
"533","NSW1200563",1.40886399528331,0.398591747258231,0,"533","2"," 44",0.435702005639428,0.10137873333856,0.834293752897658,2.24315774818097,NA
"534","NSW1200351",1.40886399528331,-0.223217497766692,0,"534","2"," 45",0.0401944029648169,0.110702199770592,-0.183023094801875,1.22584090048144,NA
"535","NSW1213015",1.40886399528331,-0.0754918329825596,0,"535","2"," 46",-0.044979679526098,0.12870766875704,-0.120471512508658,1.28839248277465,NA
"536","NSW1200394",1.40886399528331,0.096455388165849,0,"536","2"," 47",-0.185612261553012,0.122381607638748,-0.0891568733871631,1.31970712189615,NA
"537","NSW1213011",1.40886399528331,-0.132063672656266,0,"537","2"," 48",0.574263968690333,0.107924092264891,0.442200296034067,1.85106429131738,NA
"538","NSW1200664",1.40886399528331,0.293469087400448,0,"538","2"," 49",-0.244668428607422,0.101829106461549,0.0488006587930259,1.45766465407634,NA
"539","NSW1201655",1.40886399528331,0.288469706744989,0,"539","2"," 50",0.71276123709183,0.094340610789619,1.00123094383682,2.41009493912013,NA
"540","NSW1200536",1.40886399528331,0.138451018961187,0,"540","2"," 51",-0.472039860157891,0.139941731726988,-0.333588841196704,1.07527515408661,NA
"541","NSW1212943",1.40886399528331,-0.210580216172048,0,"541","2"," 52",-0.207152951104879,0.118957274175066,-0.417733167276927,0.991130828006384,NA
"542","NSW1200559",1.40886399528331,0.2608278112821,0,"542","2"," 53",-0.228622179704306,0.106319468767133,0.0322056315777935,1.4410696268611,NA
"543","NSW1200558",1.40886399528331,0.415568607164454,0,"543","2"," 54",0.243797203476144,0.149286188548695,0.659365810640598,2.06822980592391,NA
"544","NSW1200524",1.40886399528331,0.329100662545184,0,"544","2"," 55",-0.0928022138880309,0.109336409374621,0.236298448657153,1.64516244394046,NA
"545","NSW1212795",1.40886399528331,-0.30363106585834,0,"545","2"," 56",-0.0111032421159382,0.112865907264963,-0.314734307974278,1.09412968730903,NA
"546","NSW1200787",1.40886399528331,0.103785615170222,0,"546","2"," 57",-0.336735825815085,0.0857198006888356,-0.232950210644863,1.17591378463845,NA
"547","NSW1200776",1.40886399528331,0.0531510356319449,0,"547","2"," 58",0.253960043402958,0.105597032050803,0.307111079034903,1.71597507431821,NA
"548","NSW1190216",1.40886399528331,0.260555733066791,0,"548","2"," 59",0.317153901071843,0.160344587283739,0.577709634138634,1.98657362942195,NA
"549","NSW1201495",1.40886399528331,0.379507846168179,0,"549","2"," 60",0.533600929933832,0.121888442412913,0.913108776102011,2.32197277138532,NA
"550","NSW1211582",1.40886399528331,0.275754290477771,0,"550","2"," 61",-0.119288759441488,0.143724800748728,0.156465531036283,1.56532952631959,NA
"551","NSW1200362",1.40886399528331,0.271535301456514,0,"551","2"," 62",-0.0339901740197415,0.109959858744407,0.237545127436773,1.64640912272008,NA
"552","NSW1212987",1.40886399528331,-0.45416915217467,0,"552","2"," 63",-0.0401827168893595,0.526963977817542,-0.49435186906403,0.914512126219281,NA
"553","NSW1190194",1.40886399528331,0.32061178462502,0,"553","2"," 64",-0.117907756503104,0.120635797126037,0.202704028121916,1.61156802340523,NA
"554","NSW1213030",1.40886399528331,-0.0533733107255628,0,"554","2"," 65",-0.546418895545116,0.109589773633275,-0.599792206270679,0.809071789012632,NA
"555","NSW1190199",1.40886399528331,0.272739245203547,0,"555","2"," 66",-0.216395009874027,0.0941836312267373,0.0563442353295198,1.46520823061283,NA
"556","NSW1200372",1.40886399528331,0.284706912183943,0,"556","2"," 67",-0.162349750795725,0.113716366051116,0.122357161388218,1.53122115667153,NA
"557","NSW1211445",1.40886399528331,0.252796989686186,0,"557","2"," 68",0.26257540384968,0.120503701897883,0.515372393535866,1.92423638881918,NA
"558","NSW1211558",1.40886399528331,0.243565395694475,0,"558","2"," 69",0.0307362923669044,0.127314088195644,0.27430168806138,1.68316568334469,NA
"559","NSW1200764",1.40886399528331,-0.24056672834973,0,"559","2"," 70",-0.107484241304068,0.147310981812249,-0.348050969653798,1.06081302562951,NA
"560","NSW1200848",1.40886399528331,0.25560928106556,0,"560","2"," 71",-0.190260501997885,0.0962521393579457,0.0653487790676749,1.47421277435099,NA
"561","NSW1200661",1.40886399528331,-0.13298278827105,0,"561","2"," 72",0.26541832739023,0.0909663124649275,0.13243553911918,1.54129953440249,NA
"562","NSW1211440",1.40886399528331,0.311561140369995,0,"562","2"," 73",-0.204010583788459,0.15150494505611,0.107550556581537,1.51641455186485,NA
"563","NSW1200356",1.40886399528331,-0.139454470716567,0,"563","2"," 74",-0.358422640204276,0.150642433248643,-0.497877110920844,0.910986884362467,NA
"564","NSW1212992",1.40886399528331,-0.16825959641214,0,"564","2"," 75",-0.672328939046281,0.166627275484079,-0.840588535458421,0.56827545982489,NA
"565","NSW1200905",1.40886399528331,0.241666501147335,0,"565","2"," 76",0.111421852634642,0.111111671674814,0.353088353781978,1.76195234906529,NA
"566","NSW1200357",1.40886399528331,0.126391497578305,0,"566","2"," 77",0.0193280265748732,0.120613098064431,0.145719524153179,1.55458351943649,NA
"567","NSW1200799",1.40886399528331,0.370186931924938,0,"567","2"," 78",-0.127693323380856,0.0988643312766235,0.242493608544083,1.65135760382739,NA
"568","NSW1166442",1.40886399528331,-0.16633537134993,0,"568","2"," 79",0.0974740369396764,0.155370369884463,-0.0688613344102541,1.34000266087306,NA
"569","NSW1200539",1.40886399528331,0.299884564427091,0,"569","2"," 80",0.0739790460166124,0.139443516736736,0.373863610443703,1.78272760572701,NA
"570","NSW1200543",1.40886399528331,-0.118154925274428,0,"570","2"," 81",-0.337182892559588,0.333743925060862,-0.455337817834016,0.953526177449295,NA
"571","NSW1200529",1.40886399528331,0.351393346561397,0,"571","2"," 82",0.0263872894075219,0.0932748548282042,0.377780635968919,1.78664463125223,NA
"572","NSW1212866",1.40886399528331,-0.188367056510827,0,"572","2"," 83",-0.37035728260524,0.132492487220115,-0.558724339116067,0.850139656167244,NA
"573","NSW1200873",1.40886399528331,0.0146758437266938,0,"573","2"," 84",0.490321055988045,0.1087950849801,0.504996899714739,1.91386089499805,NA
"574","NSW1211541",1.40886399528331,0.0042251847818818,0,"574","2"," 85",-0.159123843976123,0.116476789272516,-0.154898659194241,1.25396533608907,NA
"575","NSW1190198",1.40886399528331,0.207234845582418,0,"575","2"," 86",-0.274102181653192,0.119362801477361,-0.0668673360707738,1.34199665921254,NA
"576","NSW1213013",1.40886399528331,-0.0961429506842497,0,"576","2"," 87",0.350055446578213,0.141289368334768,0.253912495893963,1.66277649117727,NA
"577","NSW1212970",1.40886399528331,-0.225067678407021,0,"577","2"," 88",-0.0138642690237905,0.161269556655444,-0.238931947430812,1.1699320478525,NA
"578","NSW1212997",1.40886399528331,-0.111707102180127,0,"578","2"," 89",0.492683854422722,0.114106351173368,0.380976752242595,1.78984074752591,NA
"579","NSW1211508",1.40886399528331,0.112967156786968,0,"579","2"," 90",-0.214979918545275,0.0993846562457374,-0.102012761758307,1.306851233525,NA
"580","NSW1211552",1.40886399528331,0.219275394260399,0,"580","2"," 91",-0.166634567696177,0.134941710513379,0.0526408265642223,1.46150482184753,NA
"581","NSW1211442",1.40886399528331,0.282111759776232,0,"581","2"," 92",0.040672123916825,0.10945962336874,0.322783883693057,1.73164787897637,NA
"582","NSW1211451",1.40886399528331,0.287545828038523,0,"582","2"," 93",-0.0420566635190041,0.113337924634194,0.245489164519519,1.65435315980283,NA
"583","NSW1194456",1.40886399528331,0.109990416033989,0,"583","2"," 94",0.0303329557267106,0.117326349590636,0.140323371760699,1.54918736704401,NA
"584","NSW1211546",1.40886399528331,-0.0146918295635567,0,"584","2"," 95",0.537765185393095,0.126269847586756,0.523073355829538,1.93193735111285,NA
"585","NSW1213001",1.40886399528331,-0.172938830217273,0,"585","2"," 96",0.498876774578562,0.10484885540626,0.32593794436129,1.7348019396446,NA
"586","NSW1201431",1.40886399528331,0.321168156628097,0,"586","2"," 97",-0.251296704114299,0.150348224616589,0.0698714525137986,1.47873544779711,NA
"587","NSW1211568",1.40886399528331,0.054548596553857,0,"587","2"," 98",0.370835141824926,0.0979829641006917,0.425383738378783,1.83424773366209,NA
"588","NSW1211441",1.40886399528331,0.332879917842494,0,"588","2"," 99",-0.331770461153108,0.135416754045116,0.00110945668938689,1.4099734519727,NA
"589","NSW1190206",1.40886399528331,0.210858420454572,0,"589","2","100",-0.146475494924249,0.156209750670021,0.0643829255303227,1.47324692081363,NA
"590","NSW1200389",1.40886399528331,0.104934771352989,0,"590","2","101",-0.335468316521229,0.0941389860119543,-0.23053354516824,1.17833045011507,NA
"591","NSW1211534",1.40886399528331,0.036778945959095,0,"591","2","102",-0.082205010493348,0.140057304016825,-0.045426064534253,1.36343793074906,NA
"592","NSW1200346",1.40886399528331,-0.118076872972736,0,"592","2","103",-0.0716363383244942,0.117983934981727,-0.18971321129723,1.21915078398608,NA
"593","NSW1200505",1.40886399528331,0.180107946709622,0,"593","2","104",0.501883070499729,0.105052821776179,0.681991017209351,2.09085501249266,NA
"594","NSW1200511",1.40886399528331,0.134378900083883,0,"594","2","105",-0.0355543921892198,0.106563281756773,0.0988245078946632,1.50768850317797,NA
"595","NSW1212790",1.40886399528331,-0.159169388283374,0,"595","2","106",0.0239687055184768,0.102999778449564,-0.135200682764897,1.27366331251841,NA
"596","NSW1200361",1.40886399528331,0.0644601404453086,0,"596","2","107",-0.419304405492463,0.128740254921678,-0.354844265047154,1.05401973023616,NA
"597","NSW1200514",1.40886399528331,0.277313954477173,0,"597","2","108",0.892027005178139,0.120164472312586,1.16934095965531,2.57820495493862,NA
"598","NSW1200774",1.40886399528331,0.306059260921536,0,"598","2","109",0.0657729167948629,0.0783071764053698,0.371832177716399,1.78069617299971,NA
"599","NSW1212985",1.40886399528331,-0.237668850891889,0,"599","2","110",-0.479776466647643,0.156304215563574,-0.717445317539532,0.691418677743779,NA
"600","NSW1201411",1.40886399528331,0.310197416860635,0,"600","2","111",0.589096776866867,0.110471537938781,0.899294193727501,2.30815818901081,NA
"601","NSW1200352",1.40886399528331,-0.217479644076738,0,"601","2","112",0.185515438659029,0.140759885518869,-0.0319642054177088,1.3768997898656,NA
"602","NSW1211570",1.40886399528331,0.180560479203745,0,"602","2","113",-0.294602099410939,0.122498673309284,-0.114041620207194,1.29482237507612,NA
"603","NSW1200549",1.40886399528331,0.40638032118395,0,"603","2","114",-0.025798951611467,0.120899619850421,0.380581369572483,1.78944536485579,NA
"604","NSW1200384",1.40886399528331,0.118929518327314,0,"604","2","115",-0.029419259727314,0.0791707090841159,0.0895102586000001,1.49837425388331,NA
"605","NSW1211577",1.40886399528331,0.0139102273642078,0,"605","2","116",0.0686669223516827,0.135143591869078,0.0825771497158905,1.4914411449992,NA
"606","NSW1200347",1.40886399528331,-0.198595862265564,0,"606","2","117",-0.729666571849959,0.127461131148829,-0.928262434115523,0.480601561167788,NA
"607","NSW1200829",1.40886399528331,0.369777371016637,0,"607","2","118",-0.242169845265313,0.118678554002178,0.127607525751325,1.53647152103464,NA
"608","NSW1200657",1.40886399528331,-0.159215403930023,0,"608","2","119",-0.342107736541486,0.139590302022729,-0.501323140471508,0.907540854811803,NA
"609","NSW1212977",1.40886399528331,-0.209864496705082,0,"609","2","120",-1.13420058832511,0.118173896753219,-1.34406508503019,0.0647989102531221,NA
"610","NSW1201414",1.40886399528331,0.358744217537209,0,"610","2","121",0.0518122956681987,0.11469899685237,0.410556513205407,1.81942050848872,NA
"611","NSW1200509",1.40886399528331,0.303662632865261,0,"611","2","122",0.035176802670497,0.110907790469624,0.338839435535758,1.74770343081907,NA
"612","NSW1200521",1.40886399528331,0.163192631957318,0,"612","2","123",-0.348559251651435,0.132210424350097,-0.185366619694117,1.22349737558919,NA
"613","NSW1201631",1.40886399528331,0.361266490391558,0,"613","2","124",-0.142768699489616,0.0976102115370655,0.218497790901942,1.62736178618525,NA
"614","NSW1212856",1.40886399528331,-0.227585399253714,0,"614","2","125",-0.0777299649441023,0.119711357280134,-0.305315364197816,1.1035486310855,NA
"615","NSW1200647",1.40886399528331,0.25937317416054,0,"615","2","126",0.316631670001467,0.0689470812961496,0.576004844162007,1.98486883944532,NA
"616","NSW1201396",1.40886399528331,0.133676734591699,0,"616","2","127",0.516297474005423,0.105132461504235,0.649974208597122,2.05883820388043,NA
"617","NSW1200554",1.40886399528331,0.390425542506046,0,"617","2","128",0.234775011276071,0.0748044845781906,0.625200553782117,2.03406454906543,NA
"618","NSW1200544",1.40886399528331,0.278915614652621,0,"618","2","129",-0.425029093504498,0.117562483811656,-0.146113478851877,1.26275051643143,NA
"619","NSW1200429",1.40886399528331,-0.39947815626435,0,"619","2","130",0.197300036657771,0.489399417380965,-0.202178119606578,1.20668587567673,NA
"620","NSW1190190",1.40886399528331,-0.153847897367572,0,"620","2","131",-0.233907056120266,0.131655200161597,-0.387754953487838,1.02110904179547,NA
"621","NSW1200428",1.40886399528331,-0.107303441829742,0,"621","2","132",-0.454380140415017,0.123826231790069,-0.561683582244759,0.847180413038552,NA
"622","NSW1190183",1.40886399528331,-0.157139100916066,0,"622","2","133",0.0441421214025747,0.100713965801426,-0.112996979513492,1.29586701576982,NA
"623","NSW1201400",1.40886399528331,0.368333415597131,0,"623","2","134",-0.361748585903459,0.12256061247798,0.00658482969367169,1.41544882497698,NA
"624","NSW1166447",1.40886399528331,-0.168781573476498,0,"624","2","135",0.0514699746062757,0.130477447496099,-0.117311598870223,1.29155239641309,NA
"625","NSW1190182",1.40886399528331,-0.140502461519105,0,"625","2","136",-0.307351154517981,0.141710586819328,-0.447853616037086,0.961010379246225,NA
"626","NSW1200666",1.40886399528331,-0.120571076114322,0,"626","2","137",0.506013084233928,0.100094999329013,0.385442008119606,1.79430600340292,NA
"627","NSW1190168",1.40886399528331,0.323547291647193,0,"627","2","138",-0.0661369790482714,0.107298731907177,0.257410312598922,1.66627430788223,NA
"628","NSW1201641",1.40886399528331,0.368111019345154,0,"628","2","139",-0.128428246854254,0.0989737930094026,0.2396827724909,1.64854676777421,NA
"629","NSW1194450",1.40886399528331,0.204380123533429,0,"629","2","140",0.517334208878943,0.120298458370615,0.721714332412371,2.13057832769568,NA
"630","NSW1211020",1.40886399528331,-0.220050094932135,0,"630","2","141",0.20780807885332,0.127263071154547,-0.012242016078815,1.3966219792045,NA
"631","NSW1200545",1.40886399528331,0.0828938670308492,0,"631","2","142",0.446476917985343,0.0723597285297584,0.529370785016192,1.9382347802995,NA
"632","NSW1200373",1.40886399528331,0.272399318118937,0,"632","2","143",-0.0441217424892246,0.139475428663802,0.228277575629712,1.63714157091302,NA
"633","NSW1211526",1.40886399528331,0.257270386200574,0,"633","2","144",0.175767524037237,0.112607058295908,0.433037910237812,1.84190190552112,NA
"634","NSW1212995",1.40886399528331,-0.192516329515481,0,"634","2","145",0.918177952112596,0.152704386901468,0.725661622597115,2.13452561788043,NA
"635","NSW1212990",1.40886399528331,-0.22607993267611,0,"635","2","146",-0.347623346747623,0.121362021130854,-0.573703279423733,0.835160715859578,NA
"636","NSW1190212",1.40886399528331,0.258909277599291,0,"636","2","147",0.480222258993805,0.134004826934808,0.739131536593096,2.14799553187641,NA
"637","NSW1200895",1.40886399528331,0.34405000796673,0,"637","2","148",0.211847971246802,0.099951882008221,0.555897979213531,1.96476197449684,NA
"638","NSW1211539",1.40886399528331,-0.0259715979705941,0,"638","2","149",-0.0558914945514143,0.117530048878904,-0.0818630925220084,1.3270009027613,NA
"639","NSW1200817",1.40886399528331,0.0834146601485906,0,"639","2","150",-0.114041312909058,0.138178685399913,-0.0306266527604677,1.37823734252284,NA
"640","NSW1200388",1.40886399528331,0.259135580957549,0,"640","2","151",0.353782063338969,0.132913139482466,0.612917644296518,2.02178163957983,NA
"641","NSW1200807",1.40886399528331,0.0918291672220561,0,"641","2","152",0.210907583527892,0.122492906951271,0.302736750749948,1.71160074603326,NA
"642","NSW1200420",1.40886399528331,-0.219578381926517,0,"642","2","153",-0.477640205564008,0.108855825798947,-0.697218587490524,0.711645407792787,NA
"643","NSW1213005",1.40886399528331,-0.145654141320065,0,"643","2","154",-0.0302312914860444,0.13680988492513,-0.175885432806109,1.2329785624772,NA
"644","NSW1211533",1.40886399528331,-0.117600728568666,0,"644","2","155",-0.373141785866706,0.104801721913908,-0.490742514435372,0.918121480847939,NA
"645","NSW1212991",1.40886399528331,-0.159229983743948,0,"645","2","156",0.155865237769712,0.128920248711776,-0.00336474597423586,1.40549924930908,NA
"646","NSW1201650",1.40886399528331,0.396579122654775,0,"646","2","157",0.223267468556427,0.13765838921231,0.619846591211202,2.02871058649451,NA
"647","NSW1213020",1.40886399528331,-0.117597363954469,0,"647","2","158",-0.0748908166259806,0.170710741305095,-0.192488180580449,1.21637581470286,NA
"648","NSW1190163",1.40886399528331,0.266317992652553,0,"648","2","159",-0.343259557968605,0.0983165461596588,-0.0769415653160521,1.33192242996726,NA
"649","NSW1200466",1.40886399528331,0.154402865786462,0,"649","2","160",-0.168740474836892,0.128288266023569,-0.0143376090504306,1.39452638623288,NA
"650","NSW1200623",1.40886399528331,0.241300870717855,0,"650","2","161",-0.276582406224952,0.108426775503756,-0.0352815355070965,1.37358245977621,NA
"651","NSW1211511",1.40886399528331,0.120515209640023,0,"651","2","162",0.00191198342789654,0.0906877711729169,0.12242719306792,1.53129118835123,NA
"652","NSW1200371",1.40886399528331,0.265414799274172,0,"652","2","163",-0.0267784434775486,0.108086346435091,0.238636355796623,1.64750035107993,NA
"653","NSW1211592",1.40886399528331,0.282967574322924,0,"653","2","164",-0.415297363694467,0.108860009591147,-0.132329789371543,1.27653420591177,NA
"654","NSW1212785",1.40886399528331,-0.214563124804148,0,"654","2","165",0.155519788403026,0.0925669148230707,-0.0590433364011219,1.34982065888219,NA
"655","NSW1201616",1.40886399528331,0.36069420322155,0,"655","2","166",-0.129077328925693,0.0972108673567795,0.231616874295857,1.64048086957917,NA
"656","NSW1212959",1.40886399528331,-0.192672654460454,0,"656","2","167",0.484147107391808,0.12871626033385,0.291474452931354,1.70033844821467,NA
"657","NSW1213034",1.40886399528331,-0.273996564680294,0,"657","2","168",0.378494018929446,0.109649076391995,0.104497454249152,1.51336144953246,NA
"658","NSW1211561",1.40886399528331,0.30303313475399,0,"658","2","169",0.194526821633505,0.14765249012712,0.497559956387495,1.90642395167081,NA
"659","NSW1211542",1.40886399528331,0.0162587438203532,0,"659","2","170",0.320896576614258,0.103617753554901,0.337155320434611,1.74601931571792,NA
"660","NSW1200803",1.40886399528331,0.291304747524591,0,"660","2","171",-0.0888353192594698,0.152792858527243,0.202469428265121,1.61133342354843,NA
"661","NSW1211578",1.40886399528331,0.156582422577926,0,"661","2","172",0.0350345554665414,0.110564086994875,0.191616978044467,1.60048097332778,NA
"662","NSW1190217",1.40886399528331,0.201612271078455,0,"662","2","173",0.101533415060877,0.158767777016174,0.303145686139332,1.71200968142264,NA
"663","NSW1211562",1.40886399528331,0.330087777801088,0,"663","2","174",0.201869515981314,0.0993133893174337,0.531957293782402,1.94082128906571,NA
"664","NSW1200672",1.40886399528331,-0.0916026694224095,0,"664","2","175",0.471731434642078,0.0931514006866883,0.380128765219668,1.78899276050298,NA
"665","NSW1201375",1.40886399528331,0.368893432678823,0,"665","2","176",-0.145442091947288,0.0976359303590165,0.223451340731534,1.63231533601485,NA
"666","NSW1212972",1.40886399528331,-0.222360964852074,0,"666","2","177",0.216011224571522,0.180638036475378,-0.00634974028055157,1.40251425500276,NA
"667","NSW1212982",1.40886399528331,-0.140251794236066,0,"667","2","178",-0.111402453935116,0.111681724986642,-0.251654248171181,1.15720974711213,NA
"668","NSW1166596",1.40886399528331,-0.241747886250011,0,"668","2","179",0.0806839190550195,0.132143942626152,-0.161063967194991,1.24780002808832,NA
"669","NSW1190191",1.40886399528331,-0.12192994998842,0,"669","2","180",0.29305826517207,0.131676073751951,0.17112831518365,1.57999231046696,NA
"670","NSW1200360",1.40886399528331,-0.150905485402091,0,"670","2","181",0.0780272467292924,0.129538679015652,-0.0728782386727981,1.33598575661051,NA
"671","NSW1200363",1.40886399528331,0.273957182550371,0,"671","2","182",0.307392998763495,0.105665785791578,0.581350181313866,1.99021417659718,NA
"672","NSW1212979",1.40886399528331,-0.233227214641764,0,"672","2","183",-0.152426140025352,0.110196983090344,-0.385653354667116,1.02321064061619,NA
"673","NSW1190208",1.40886399528331,-0.0164905846213329,0,"673","2","184",-0.134693488802259,0.118176335396941,-0.151184073423592,1.25767992185972,NA
"674","NSW1200358",1.40886399528331,0.259331650805489,0,"674","2","185",0.206472018854253,0.0862912472744678,0.465803669659742,1.87466766494305,NA
"675","NSW1190192",1.40886399528331,-0.211873504652399,0,"675","2","186",0.23843181296948,0.122555906690838,0.026558308317081,1.43542230360039,NA
"676","NSW1211584",1.40886399528331,0.0700105484428719,0,"676","2","187",0.571479736168974,0.0941581750233215,0.641490284611846,2.05035427989516,NA
"677","NSW1200622",1.40886399528331,0.00307686736357576,0,"677","2","188",-0.193083705223483,0.160079376486114,-0.190006837859907,1.2188571574234,NA
"678","NSW1211430",1.40886399528331,0.333877711079138,0,"678","2","189",-0.474078110291236,0.142204478355494,-0.140200399212098,1.26866359607121,NA
"679","NSW1200777",1.40886399528331,0.0708006447527973,0,"679","2","190",0.638458310340131,0.0909064471566572,0.709258955092928,2.11812295037624,NA
"680","NSW1211426",1.40886399528331,0.272761322378388,0,"680","2","191",-0.312245517877299,0.100457244596401,-0.0394841954989117,1.3693797997844,NA
"681","NSW1211450",1.40886399528331,0.265421136073066,0,"681","2","192",-0.0876634024165392,0.116297845631953,0.177757733656526,1.58662172893984,NA
"682","NSW1201381",1.40886399528331,0.271370190562305,0,"682","2","193",-0.406272565593955,0.123126930985929,-0.13490237503165,1.27396162025166,NA
"683","NSW1211527",1.40886399528331,0.0950760126184367,0,"683","2","194",0.0434043848484122,0.119300689602194,0.138480397466849,1.54734439275016,NA
"684","NSW1194457",1.40886399528331,0.221652070719544,0,"684","2","195",0.233673232094126,0.121867228707955,0.455325302813671,1.86418929809698,NA
"685","NSW1213006",1.40886399528331,-0.198600189166801,0,"685","2","196",0.00096665535947282,0.0985681131288598,-0.197633533807329,1.21123046147598,NA
"686","NSW1190187",1.40886399528331,-0.106196485010654,0,"686","2","197",-0.230353099153967,0.114551681626951,-0.33654958416462,1.07231441111869,NA
"687","NSW1213010",1.40886399528331,-0.167358762751377,0,"687","2","198",0.19270484615584,0.125052920890764,0.0253460834044625,1.43421007868777,NA
"688","NSW1201425",1.40886399528331,0.326368834247481,0,"688","2","199",-0.103803069146366,0.124069846600825,0.222565765101114,1.63142976038443,NA
"689","NSW1200504",1.40886399528331,0.348414994771544,0,"689","2","200",0.0714170853420799,0.10393248044131,0.419832080113624,1.82869607539694,NA
"690","NSW1200920",1.40886399528331,0.150286506972734,0,"690","2","201",0.384536982318617,0.153982899970465,0.534823489291351,1.94368748457466,NA
"691","NSW1200341",1.40886399528331,-0.159025871013364,0,"691","2","202",-0.0175305262384901,0.114406552727161,-0.176556397251854,1.23230759803146,NA
"692","NSW1200337",1.40886399528331,-0.190381146718607,0,"692","2","203",0.0939909552114596,0.127721568031115,-0.0963901915071475,1.31247380377616,NA
"693","NSW1212988",1.40886399528331,-0.175903464169837,0,"693","2","204",-0.526946617346326,0.136730188462356,-0.702850081516164,0.706013913767148,NA
"694","NSW1201430",1.40886399528331,0.347791143776367,0,"694","2","205",0.381122490543526,0.142405920943164,0.728913634319894,2.1377776296032,NA
"695","NSW1200824",1.40886399528331,0.357965058385478,0,"695","2","206",0.489601497952484,0.0751432976218583,0.847566556337962,2.25643055162127,NA
"696","NSW1212969",1.40886399528331,-0.142207915114261,0,"696","2","207",0.0254665597831464,0.118725053634672,-0.116741355331115,1.2921226399522,NA
"697","NSW1190200",1.40886399528331,0.240615694861497,0,"697","2","208",0.179587762390287,0.121432243308748,0.420203457251783,1.82906745253509,NA
"698","NSW1210993",1.40886399528331,-0.136492611317274,0,"698","2","209",-0.0614616570679306,0.132843076815389,-0.197954268385204,1.21090972689811,NA
"699","NSW1211586",1.40886399528331,0.303617754330304,0,"699","2","210",-0.552782824656842,0.118723799904899,-0.249165070326537,1.15969892495677,NA
"700","NSW1201409",1.40886399528331,0.347527658226221,0,"700","2","211",0.0426934557300489,0.145260508334003,0.39022111395627,1.79908510923958,NA
"701","NSW1200853",1.40886399528331,0.245733197042263,0,"701","2","212",-0.237221174637995,0.0996212628228539,0.00851202240426732,1.41737601768758,NA
"702","NSW1212960",1.40886399528331,-0.201298004704607,0,"702","2","213",0.00856268509599141,0.156287052845373,-0.192735319608615,1.2161286756747,NA
"703","NSW1200607",1.40886399528331,-0.0702661199248245,0,"703","2","214",-0.112501024130166,0.178268814992752,-0.182767144054991,1.22609685122832,NA
"704","NSW1212957",1.40886399528331,-0.167896483503664,0,"704","2","215",-0.466855888626494,0.13618440091779,-0.634752372130158,0.774111623153153,NA
"705","NSW1212983",1.40886399528331,-0.0496626943282496,0,"705","2","216",0.338047382149368,0.142169700610748,0.288384687821119,1.69724868310443,NA
"706","NSW1166654",1.40886399528331,-0.162269681922667,0,"706","2","217",0.368022806910409,0.13697711188684,0.205753124987742,1.61461712027105,NA
"707","NSW1212993",1.40886399528331,-0.109114092328888,0,"707","2","218",-0.0843445820186415,0.0902487328844065,-0.19345867434753,1.21540532093578,NA
"708","NSW1200374",1.40886399528331,-0.226023871437758,0,"708","2","219",0.459497355931373,0.159401933368581,0.233473484493616,1.64233747977693,NA
"709","NSW1200617",1.40886399528331,-0.0500520042211175,0,"709","2","220",-0.426723275078122,0.146380588472641,-0.47677527929924,0.932088715984072,NA
"710","NSW1212962",1.40886399528331,-0.142606924546977,0,"710","2","221",-0.178007745403765,0.114634700370211,-0.320614669950742,1.08824932533257,NA
"711","NSW1213029",1.40886399528331,-0.19094664169476,0,"711","2","222",-0.217839633380592,0.0808473500504508,-0.408786275075352,1.00007772020796,NA
"712","NSW1200393",1.40886399528331,0.277152817852506,0,"712","2","223",0.277640027397982,0.101119273919245,0.554792845250488,1.9636568405338,NA
"713","NSW1211566",1.40886399528331,0.271293006174543,0,"713","2","224",-0.178897164029898,0.114513654895098,0.0923958421446449,1.50125983742796,NA
"714","NSW1200523",1.40886399528331,0.343221650446643,0,"714","2","225",0.0111135109337195,0.105120081068799,0.354335161380363,1.76319915666367,NA
"715","NSW1201356",1.40886399528331,0.327488277630963,0,"715","2","226",0.390382148734386,0.131089639969305,0.717870426365349,2.12673442164866,NA
"716","NSW1200534",1.40886399528331,0.272718754334095,0,"716","2","227",-0.168415866077335,0.10962554377277,0.10430288825676,1.51316688354007,NA
"717","NSW1200772",1.40886399528331,0.14104857421604,0,"717","2","228",0.181028116011322,0.1152000256966,0.322076690227363,1.73094068551067,NA
"718","NSW1200792",1.40886399528331,0.0640714990784379,0,"718","2","229",-0.0902405768516339,0.12309411051601,-0.026169077773196,1.38269491751012,NA
"719","NSW1200516",1.40886399528331,0.177713581906359,0,"719","2","230",0.0550461781908786,0.0725546092951651,0.232759760097238,1.64162375538055,NA
"720","NSW1212967",1.40886399528331,-0.245261030533942,0,"720","2","231",-0.260436591797942,0.11079295109798,-0.505697622331885,0.903166372951427,NA
"721","NSW1213036",1.40886399528331,-0.13680243341054,0,"721","2","232",-0.125077967824339,0.141538184866468,-0.261880401234879,1.14698359404843,NA
"722","NSW1200610",1.40886399528331,0.327000819778852,0,"722","2","233",-0.158325708589994,0.128655486046394,0.168675111188858,1.57753910647217,NA
"723","NSW1200812",1.40886399528331,0.12253553574881,0,"723","2","234",-0.0352622168396274,0.110072306494111,0.0872733189091829,1.49613731419249,NA
"724","NSW1166601",1.40886399528331,-0.249715580980653,0,"724","2","235",-0.19519259674621,0.112588910290728,-0.444908177726864,0.963955817556447,NA
"725","NSW1190184",1.40886399528331,-0.144883575907986,0,"725","2","236",0.209314192125484,0.104310799634955,0.0644306162174977,1.47329461150081,NA
"726","NSW1200597",1.40886399528331,-0.0371572346427176,0,"726","2","237",-0.34964643102858,0.115617452822154,-0.386803665671297,1.02206032961201,NA
"727","NSW1200616",1.40886399528331,0.0465272253783304,0,"727","2","238",-0.352099902331743,0.131776367651869,-0.305572676953413,1.1032913183299,NA
"728","NSW1201404",1.40886399528331,0.305896720351344,0,"728","2","239",0.67158896357522,0.114869692032474,0.977485683926564,2.38634967920987,NA
"729","NSW1200592",1.40886399528331,-0.0430456548886356,0,"729","2","240",-0.0773332428987203,0.126545184733742,-0.120378897787356,1.28848509749596,NA
"730","NSW1190203",1.40886399528331,0.264516782686289,0,"730","2","241",-0.287736454826884,0.147830317194052,-0.0232196721405956,1.38564432314272,NA
"731","NSW1211536",1.40886399528331,0.149975795640132,0,"731","2","242",0.878060183663718,0.173582695777633,1.02803597930385,2.43689997458716,NA
"732","NSW1200424",1.40886399528331,-0.136030307870015,0,"732","2","243",-0.424402550965411,0.144298885892269,-0.560432858835426,0.848431136447885,NA
"733","NSW1212846",1.40886399528331,-0.105233789478092,0,"733","2","244",0.543176487764944,0.128786741481188,0.437942698286852,1.84680669357016,NA
"734","NSW1200804",1.40886399528331,0.382629344768633,0,"734","2","245",0.438949034421509,0.122604464319341,0.821578379190142,2.23044237447345,NA
"735","NSW1210995",1.40886399528331,-0.17444092051432,0,"735","2","246",0.230593485294585,0.108074114494554,0.0561525647802648,1.46501656006358,NA
"736","NSW1212968",1.40886399528331,-0.261144133674558,0,"736","2","247",-0.0794239996044088,0.159101313803931,-0.340568133278966,1.06829586200434,NA
"737","NSW1200591",1.40886399528331,0.0381418029251647,0,"737","2","248",0.156459963209104,0.140304172910858,0.194601766134269,1.60346576141758,NA
"738","NSW1213000",1.40886399528331,-0.154706965840458,0,"738","2","249",0.477266498561669,0.122038793564099,0.322559532721212,1.73142352800452,NA
"739","NSW1200797",1.40886399528331,0.0310313816574518,0,"739","2","250",0.341002105167964,0.111504518400497,0.372033486825415,1.78089748210873,NA
"740","NSW1212964",1.40886399528331,-0.149874361829448,0,"740","2","251",0.192537936177633,0.137738112352466,0.0426635743481848,1.4515275696315,NA
"741","NSW1200338",1.40886399528331,0.253747849038782,0,"741","2","252",-0.0948364827903831,0.112245630599699,0.158911366248398,1.56777536153171,NA
"742","NSW1213003",1.40886399528331,-0.0881110821631501,0,"742","2","253",-0.0853458063914858,0.126318919991228,-0.173456888554636,1.23540710672868,NA
"743","NSW1190162",1.40886399528331,0.215864578707221,0,"743","2","254",-0.483607246177934,0.126355811603252,-0.267742667470713,1.1411213278126,NA
"744","NSW1200769",1.40886399528331,0.380402518329175,0,"744","2","255",0.0730431734407853,0.109536325462389,0.45344569176996,1.86230968705327,NA
"745","NSW1200403",1.40886399528331,0.220844453825763,0,"745","2","256",-0.208541839770021,0.137391482153345,0.0123026140557422,1.42116660933905,NA
"746","NSW1200355",1.40886399528331,-0.427812897905579,0,"746","2","257",-0.117411829235344,0.519131016499916,-0.545224727140924,0.863639268142387,NA
"747","NSW1212965",1.40886399528331,-0.223953857930376,0,"747","2","258",0.0389170073531114,0.16662892928847,-0.185036850577265,1.22382714470605,NA
"748","NSW1200369",1.40886399528331,-0.133656224943649,0,"748","2","259",0.145345610701198,0.123188067098352,0.011689385757549,1.42055338104086,NA
"749","NSW1211589",1.40886399528331,-0.188380951203801,0,"749","2","260",0.464383701488536,0.330486210163721,0.276002750284735,1.68486674556805,NA
"750","NSW1200611",1.40886399528331,0.0213791922510127,0,"750","2","261",-0.267877447484722,0.169700356143277,-0.246498255233709,1.1623657400496,NA
"751","NSW1211538",1.40886399528331,-0.0508436241669054,0,"751","2","262",-0.673222350879532,0.152939329608957,-0.724065975046438,0.684798020236873,NA
"752","NSW1190172",1.40886399528331,0.299272970682127,0,"752","2","263",0.470476475827055,0.072811534740375,0.769749446509182,2.17861344179249,NA
"753","NSW1211437",1.40886399528331,0.282042011857289,0,"753","2","264",0.167309160757244,0.106200087934461,0.449351172614532,1.85821516789784,NA
"754","NSW1200656",1.40886399528331,-0.126072229227946,0,"754","2","265",0.145924663433765,0.135187267274562,0.0198524342058191,1.42871642948913,NA
"755","NSW1200823",1.40886399528331,0.326255610088876,0,"755","2","266",-0.0521605083760967,0.117566022244826,0.274095101712779,1.68295909699609,NA
"756","NSW1200802",1.40886399528331,0.158285477685062,0,"756","2","267",0.452713323380549,0.114989959857148,0.610998801065611,2.01986279634892,NA
"757","NSW1211575",1.40886399528331,-0.220887164062424,0,"757","2","268",-0.31959768551496,0.101223588565556,-0.540484849577384,0.868379145705927,NA
"758","NSW1200430",1.40886399528331,-0.199013438279655,0,"758","2","269",0.247252203250267,0.162299661638774,0.0482387649706121,1.45710276025392,NA
"759","NSW1200378",1.40886399528331,0.287715478780662,0,"759","2","270",0.221158090280048,0.115316448352632,0.508873569060709,1.91773756434402,NA
"760","NSW1200840",1.40886399528331,0.364033516583615,0,"760","2","271",-0.165243669958272,0.0945257698883319,0.198789846625344,1.60765384190866,NA
"761","NSW1201366",1.40886399528331,0.115110317239804,0,"761","2","272",-0.0530182869757538,0.103678684200568,0.0620920302640499,1.47095602554736,NA
"762","NSW1211569",1.40886399528331,0.217276033228474,0,"762","2","273",-0.440929005196484,0.108110202910864,-0.22365297196801,1.1852110233153,NA
"763","NSW1210940",1.40886399528331,-0.13744163674492,0,"763","2","274",-0.0630920408865474,0.149722788367527,-0.200533677631468,1.20833031765184,NA
"764","NSW1200838",1.40886399528331,-0.259439063409853,0,"764","2","275",-0.47031973330212,0.101496892678117,-0.729758796711973,0.679105198571338,NA
"765","NSW1200419",1.40886399528331,-0.199099077019037,0,"765","2","276",0.215683395439495,0.143514883572641,0.0165843184204578,1.42544831370377,NA
"766","NSW1200909",1.40886399528331,0.285374287386544,0,"766","2","277",0.140731019657268,0.121737961255493,0.426105307043812,1.83496930232712,NA
"767","NSW1211572",1.40886399528331,0.240884090401703,0,"767","2","278",0.038975287537192,0.105453677004093,0.279859377938895,1.68872337322221,NA
"768","NSW1201401",1.40886399528331,0.273537366101369,0,"768","2","279",0.719982320460819,0.125950672010916,0.993519686562188,2.4023836818455,NA
"769","NSW1200893",1.40886399528331,0.0951130870073559,0,"769","2","280",-0.672436870576602,0.130403065509512,-0.577323783569246,0.831540211714065,NA
"770","NSW1200879",1.40886399528331,0.0989080986761473,0,"770","2","281",0.227141432698956,0.122077086007386,0.326049531375103,1.73491352665841,NA
"771","NSW1200596",1.40886399528331,-0.134677753070783,0,"771","2","282",-0.218780579713365,0.23666780862403,-0.353458332784148,1.05540566249916,NA
"772","NSW1213023",1.40886399528331,-0.143738838268576,0,"772","2","283",-0.385455570974418,0.120826920560207,-0.529194409242994,0.879669586040317,NA
"773","NSW1211510",1.40886399528331,-0.142436713124978,0,"773","2","284",-0.368323452689778,0.116863290647935,-0.510760165814756,0.898103829468555,NA
"774","NSW1200342",1.40886399528331,-0.125135866218571,0,"774","2","285",-0.578442201370616,0.116303849988087,-0.703578067589187,0.705285927694124,NA
"775","NSW1200540",1.40886399528331,0.119243467844601,0,"775","2","286",-0.17473838612007,0.103727515340292,-0.0554949182754688,1.35336907700784,NA
"776","NSW1211585",1.40886399528331,-0.172875476334763,0,"776","2","287",-0.432601023606324,0.107869733583622,-0.605476499941087,0.803387495342224,NA
"777","NSW1212958",1.40886399528331,-0.167363749496349,0,"777","2","288",0.554148204054079,0.129709101965463,0.38678445455773,1.79564844984104,NA
"778","NSW1201627",1.40886399528331,0.384074243731406,0,"778","2","289",-0.481555954378354,0.139430138693754,-0.0974817106469479,1.31138228463636,NA
"779","NSW1210988",1.40886399528331,-0.142037031144636,0,"779","2","290",-0.143359392920963,0.150355727341343,-0.285396424065599,1.12346757121771,NA
"780","NSW1200915",1.40886399528331,0.257156702194961,0,"780","2","291",-0.0383640259839217,0.105194978959044,0.218792676211039,1.62765667149435,NA
"781","NSW1200398",1.40886399528331,0.246967977156711,0,"781","2","292",-0.441844150288536,0.119990367581862,-0.194876173131826,1.21398782215149,NA
"782","NSW1212963",1.40886399528331,-0.244976137666686,0,"782","2","293",0.439030258363258,0.122028712522461,0.194054120696572,1.60291811597988,NA
"783","NSW1200519",1.40886399528331,0.258670402586727,0,"783","2","294",0.256298224062671,0.12508055805888,0.514968626649398,1.92383262193271,NA
"784","NSW1211436",1.40886399528331,0.316785066856475,0,"784","2","295",0.154819401543287,0.127852031279202,0.471604468399762,1.88046846368307,NA
"785","NSW1212984",1.40886399528331,-0.15987610223274,0,"785","2","296",-0.360795935088763,0.1081167259792,-0.520672037321502,0.888191957961808,NA
"786","NSW1211431",1.40886399528331,0.181404630546268,0,"786","2","297",0.37284088258877,0.193234396964392,0.554245513135038,1.96310950841835,NA
"787","NSW1211557",1.40886399528331,0.165175214432966,0,"787","2","298",0.577435478453145,0.0892128537189335,0.742610692886111,2.15147468816942,NA
"788","NSW1190166",1.40886399528331,0.296377276811791,0,"788","2","299",-0.181506680033234,0.117861803042709,0.114870596778557,1.52373459206187,NA
"789","NSW1200368",1.40886399528331,0.203954811352648,0,"789","2","300",-0.372561394567475,0.154764216785227,-0.168606583214827,1.24025741206848,NA
"790","NSW1200809",1.40886399528331,0.379651639187103,0,"790","2","301",-0.420337379302726,0.144348578094673,-0.0406857401156231,1.36817825516769,NA
"791","NSW1213024",1.40886399528331,-0.112292146389145,0,"791","2","302",0.0348649150427296,0.119067374036102,-0.0774272313464156,1.3314367639369,NA
"792","NSW1190169",1.40886399528331,0.303107238290046,0,"792","2","303",0.479269375288989,0.11414339254563,0.782376613579035,2.19124060886235,NA
"793","NSW1200348",1.40886399528331,0.238496321076145,0,"793","2","304",-0.252879763650702,0.148717008216917,-0.0143834425745574,1.39448055270875,NA
"794","NSW1200383",1.40886399528331,0.307933253367838,0,"794","2","305",-0.490031401115312,0.151467133998525,-0.182098147747475,1.22676584753584,NA
"795","NSW1212986",1.40886399528331,-0.173809554981839,0,"795","2","306",-0.307526150904465,0.119497830340412,-0.481335705886304,0.927528289397007,NA
"796","NSW1200602",1.40886399528331,0.103747095631834,0,"796","2","307",0.398021969451022,0.117608853364428,0.501769065082856,1.91063306036617,NA
"797","NSW1211535",1.40886399528331,0.0414157039068566,0,"797","2","308",-0.438227554157059,0.145807415507744,-0.396811850250203,1.01205214503311,NA
"798","NSW1212953",1.40886399528331,-0.147191748067608,0,"798","2","309",-0.378409412186093,0.112769055474507,-0.525601160253702,0.883262835029609,NA
"799","NSW1200794",1.40886399528331,0.318702157806704,0,"799","2","310",0.0141841309500348,0.106713335325983,0.332886288756739,1.74175028404005,NA
"800","NSW1201361",1.40886399528331,0.315237785880829,0,"800","2","311",0.193140497447299,0.144579169218743,0.508378283328129,1.91724227861144,NA
"801","NSW1211537",1.40886399528331,-0.0366389590784086,0,"801","2","312",-0.279412693279761,0.138230419221149,-0.31605165235817,1.09281234292514,NA
"802","NSW1200601",1.40886399528331,-0.0159432705536205,0,"802","2","313",0.325518229923915,0.143928341603247,0.309574959370295,1.71843895465361,NA
"803","NSW1200538",1.40886399528331,0.382644763016062,0,"803","2","314",0.0390281631291601,0.130802474960069,0.421672926145222,1.83053692142853,NA
"804","NSW1212996",1.40886399528331,-0.20170839516105,0,"804","2","315",0.183212583567224,0.100664874487518,-0.0184958115938263,1.39036818368948,NA
"805","NSW1211574",1.40886399528331,0.149577295514222,0,"805","2","316",-0.0372991716453409,0.120416440497717,0.112278123868881,1.52114211915219,NA
"806","NSW1200606",1.40886399528331,-0.0219579583192094,0,"806","2","317",0.23559853070214,0.108005747001361,0.21364057238293,1.62250456766624,NA
"807","NSW1200844",1.40886399528331,0.0111452557136206,0,"807","2","318",-0.175253325656821,0.121240426283733,-0.1641080699432,1.24475592534011,NA
"808","NSW1211432",1.40886399528331,0.353964162999082,0,"808","2","319",-0.0470541702837537,0.0922373680809597,0.306909992715328,1.71577398799864,NA
"809","NSW1201386",1.40886399528331,0.376599312242527,0,"809","2","320",0.025045671948461,0.143990773501924,0.401644984190988,1.8105089794743,NA
"810","NSW1212894",1.40886399528331,-0.148024588811073,0,"810","2","321",0.0380905978064545,0.1373379633057,-0.109933991004619,1.29893000427869,NA
"811","NSW1211573",1.40886399528331,0.0386657341576432,0,"811","2","322",-0.498994492393806,0.182587473008005,-0.460328758236163,0.948535237047148,NA
"812","NSW1211567",1.40886399528331,0.266591274541467,0,"812","2","323",-0.053841603507649,0.104196389725795,0.212749671033818,1.62161366631713,NA
"813","NSW1201385",1.40886399528331,0.266677051575174,0,"813","2","324",-0.158296661510382,0.150202442575063,0.108380390064792,1.5172443853481,NA
"814","NSW1201357",1.40886399528331,0.33583755155053,0,"814","2","325",0.149571689806507,0.0941044688972252,0.485409241357036,1.89427323664035,NA
"815","NSW1211435",1.40886399528331,0.229250760349076,0,"815","2","326",0.502040241014119,0.117972194360369,0.731291001363195,2.14015499664651,NA
"816","NSW1200555",1.40886399528331,0.0828208448602564,0,"816","2","327",-0.253945098326998,0.10498231522028,-0.171124253466741,1.23773974181657,NA
"817","NSW1200399",1.40886399528331,0.10959867890735,0,"817","2","328",-0.4685623081822,0.117198351381648,-0.35896362927485,1.04990036600846,NA
"818","NSW1200894",1.40886399528331,0.271083186321732,0,"818","2","329",-0.056069044854097,0.12539697138128,0.215014141467635,1.62387813675095,NA
"819","NSW1211457",1.40886399528331,0.264637408097423,0,"819","2","330",-0.363295078206549,0.155409862356843,-0.0986576701091252,1.31020632517419,NA
"820","NSW1200854",1.40886399528331,0.0602232921360122,0,"820","2","331",0.030837862214406,0.143393785481008,0.0910611543504181,1.49992514963373,NA
"821","NSW1200888",1.40886399528331,0.0923247841997171,0,"821","2","332",0.488713871158968,0.106159353661829,0.581038655358685,1.989902650642,NA
"822","NSW1201626",1.40886399528331,0.373528276333718,0,"822","2","333",0.0468730481154535,0.163709558253167,0.420401324449171,1.82926531973248,NA
"823","NSW1200553",1.40886399528331,0.359720126530546,0,"823","2","334",0.283938929859707,0.146746523426392,0.643659056390253,2.05252305167356,NA
"824","NSW1213008",1.40886399528331,-0.154423313152928,0,"824","2","335",-0.0549381274585263,0.140560480480118,-0.209361440611454,1.19950255467186,NA
"825","NSW1200671",1.40886399528331,-0.157729950244759,0,"825","2","336",0.173504815098389,0.115791858991212,0.0157748648536298,1.42463886013694,NA
"826","NSW1212955",1.40886399528331,-0.163282160100665,0,"826","2","337",0.446025673775475,0.149539794016402,0.28274351367481,1.69160750895812,NA
"827","NSW1212999",1.40886399528331,-0.221458155666082,0,"827","2","338",0.277881793883469,0.111167770215154,0.0564236382173871,1.4652876335007,NA
"828","NSW1213018",1.40886399528331,-0.101182644294948,0,"828","2","339",0.683082896059595,0.149825796245573,0.581900251764647,1.99076424704796,NA
"829","NSW1212861",1.40886399528331,-0.217531117677301,0,"829","2","340",-0.253917014768806,0.16346657788611,-0.471448132446107,0.937415862837204,NA
"830","NSW1200526",1.40886399528331,0.084663466943853,0,"830","2","341",0.0179801805071385,0.126630935555915,0.102643647450992,1.5115076427343,NA
"831","NSW1212978",1.40886399528331,-0.210773604286782,0,"831","2","342",0.914903158076767,0.112415170220222,0.704129553789986,2.1129935490733,NA
"832","NSW1200548",1.40886399528331,0.307326453479109,0,"832","2","343",-0.386674359002344,0.09447199193342,-0.0793479055232349,1.32951608976008,NA
"833","NSW1200843",1.40886399528331,0.355111646347564,0,"833","2","344",0.52567536041349,0.150129435180171,0.880787006761054,2.28965100204436,NA
"834","NSW1200898",1.40886399528331,0.0576764661477797,0,"834","2","345",0.0832591386580118,0.0951748912044091,0.140935604805792,1.5497996000891,NA
"835","NSW1213031",1.40886399528331,-0.09998025858198,0,"835","2","346",-0.140874681488235,0.128698327291948,-0.240854940070215,1.1680090552131,NA
"836","NSW1211425",1.40886399528331,0.288157663625093,0,"836","2","347",-0.174497664780051,0.102487356247007,0.113659998845042,1.52252399412835,NA
"837","NSW1210966",1.40886399528331,-0.0581357606540881,0,"837","2","348",-0.0332942577303335,0.181750414317222,-0.0914300183844216,1.31743397689889,NA
"838","NSW1200899",1.40886399528331,0.340892377674013,0,"838","2","349",-0.225647836943227,0.133492397396739,0.115244540730785,1.5241085360141,NA
"839","NSW1212973",1.40886399528331,-0.207708361990069,0,"839","2","350",0.268556898820156,0.0739945422595924,0.0608485368300875,1.4697125321134,NA
"840","NSW1211540",1.40886399528331,-0.0285171148934133,0,"840","2","351",0.12336780313987,0.110196957642192,0.0948506882464566,1.50371468352977,NA
"841","NSW1201406",1.40886399528331,0.393208232212209,0,"841","2","352",0.0883962448621547,0.143551045103089,0.481604477074363,1.89046847235767,NA
"842","NSW1200889",1.40886399528331,0.28016198197459,0,"842","2","353",-0.105105341301231,0.107079300629254,0.175056640673359,1.58392063595667,NA
"843","NSW1200904",1.40886399528331,0.364738798282739,0,"843","2","354",0.11131453399496,0.0951689492809664,0.476053332277699,1.88491732756101,NA
"844","NSW1213014",1.40886399528331,-0.144454142984795,0,"844","2","355",-0.497700946150351,0.147613996273649,-0.642155089135146,0.766708906148165,NA
"845","NSW1211588",1.40886399528331,0.140084331802455,0,"845","2","356",-0.0944497570834728,0.135533162923161,0.0456345747189822,1.45449857000229,NA
"846","NSW1213035",1.40886399528331,-0.043135620257637,0,"846","2","357",0.634923603412595,0.105681093819685,0.591787983154958,2.00065197843827,NA
"847","NSW1200510",1.40886399528331,0.0566947177545617,0,"847","2","358",-0.0473747347557182,0.105544903729745,0.00931998299884347,1.41818397828215,NA
"848","NSW1211532",1.40886399528331,-0.125567700852066,0,"848","2","359",0.811757727993227,0.110983815449317,0.686190027141161,2.09505402242447,NA
"849","NSW1200924",1.40886399528331,0.289745635568973,0,"849","2","360",0.436594706269157,0.126431785250626,0.72634034183813,2.13520433712144,NA
"850","NSW1200782",1.40886399528331,-0.0360487299313336,0,"850","2","361",-0.19952184864531,0.133151418607267,-0.235570578576643,1.17329341670667,NA
"851","NSW1212998",1.40886399528331,-0.251994141278304,0,"851","2","362",0.0503675862338419,0.12072530756866,-0.201626555044462,1.20723744023885,NA
"852","NSW1211587",1.40886399528331,-0.0299003174353875,0,"852","2","363",0.954248097164746,0.119867304036022,0.924347779729359,2.33321177501267,NA
"853","NSW1200359",1.40886399528331,-0.202608318737096,0,"853","2","364",-0.0266285853724969,0.156250171141969,-0.229236904109593,1.17962709117372,NA
"854","NSW1212989",1.40886399528331,-0.161701196905771,0,"854","2","365",-0.0701060349502981,0.100649962229547,-0.231807231856069,1.17705676342724,NA
"855","NSW1201429",1.40886399528331,0.23658384954763,0,"855","2","366",-0.496117740054893,0.107119513345805,-0.259533890507263,1.14933010477605,NA
"856","NSW1200918",1.40886399528331,0.0358060461198962,0,"856","2","367",0.167100512079867,0.104579598994292,0.202906558199763,1.61177055348307,NA
"857","NSW1190209",1.40886399528331,0.291100591015484,0,"857","2","368",0.228370252614797,0.137101041035329,0.519470843630281,1.92833483891359,NA
"858","NSW1200404",1.40886399528331,0.104006202697543,0,"858","2","369",0.0871199531659795,0.09281173778918,0.191126155863522,1.59999015114683,NA
"859","NSW1211509",1.40886399528331,-0.226302992575146,0,"859","2","370",-0.146662807518645,0.0911756093188553,-0.372965800093791,1.03589819518952,NA
"860","NSW1200421",1.40886399528331,-0.0736143951759371,0,"860","2","371",-0.0143215888071422,0.106349859020341,-0.0879359839830793,1.32092801130023,NA
"861","NSW1200908",1.40886399528331,0.101190975182596,0,"861","2","372",0.474000873116649,0.108631367588905,0.575191848299244,1.98405584358256,NA
"862","NSW1213028",1.40886399528331,-0.228856101613793,0,"862","2","373",-0.305001912855233,0.149774330188281,-0.533858014469026,0.875005980814285,NA
"863","NSW1201632",1.40886399528331,0.374861029044819,0,"863","2","374",0.515337322311672,0.11639213849195,0.890198351356491,2.2990623466398,NA
"864","NSW1200461",1.40886399528331,0.142601514217641,0,"864","2","375",1.00046294407884,0.0939757660977406,1.14306445829648,2.55192845357979,NA
"865","NSW1200590",1.40886399528331,-0.154939626447612,0,"865","2","376",0.289909714628313,0.177981086726942,0.134970088180701,1.54383408346401,NA
"866","NSW1212975",1.40886399528331,-0.220888072501968,0,"866","2","377",0.284668615887034,0.148669583930604,0.0637805433850659,1.47264453866838,NA
"867","NSW1201621",1.40886399528331,0.372086286716669,0,"867","2","378",-0.13020079035372,0.0981049179032826,0.241885496362949,1.65074949164626,NA
"868","NSW1210994",1.40886399528331,-0.206242097880409,0,"868","2","379",-0.102662250277255,0.0867197728883004,-0.308904348157664,1.09995964712565,NA
"869","NSW1190186",1.40886399528331,-0.150926385404876,0,"869","2","380",-0.191112967704568,0.111712578795909,-0.342039353109444,1.06682464217387,NA
"870","NSW1213009",1.40886399528331,-0.0916677481746138,0,"870","2","381",0.0671329986363474,0.148969919221077,-0.0245347495382664,1.38432924574504,NA
"871","NSW1213004",1.40886399528331,-0.123760841619333,0,"871","2","382",0.00705170768383191,0.125852576701972,-0.116709133935501,1.29215486134781,NA
"872","NSW1200595",1.40886399528331,-0.145095384349658,0,"872","2","383",0.138383334987226,0.118424455185737,-0.00671204936243253,1.40215194592088,NA
"873","NSW1211590",1.40886399528331,-0.159775248864075,0,"873","2","384",-0.193450296121705,0.0965439856250944,-0.353225544985781,1.05563845029753,NA
"874","NSW1213026",1.40886399528331,-0.185748346049713,0,"874","2","385",0.115468626615671,0.1588697091124,-0.0702797194340424,1.33858427584927,NA
"875","NSW1200798",1.40886399528331,-0.163810163968309,0,"875","2","386",-0.130588850480361,0.131485513233241,-0.29439901444867,1.11446498083464,NA
"876","NSW1190171",1.40886399528331,0.380332986602469,0,"876","2","387",0.00274575971951075,0.130424088554413,0.38307874632198,1.79194274160529,NA
"877","NSW1211447",1.40886399528331,0.307501753634227,0,"877","2","388",-0.00440519407433548,0.116359510801903,0.303096559559892,1.7119605548432,NA
"878","NSW1200652",1.40886399528331,-0.130036316800325,0,"878","2","389",0.212296005499397,0.133823723888296,0.0822596886990715,1.49112368398238,NA
"879","NSW1211571",1.40886399528331,0.18626435554137,0,"879","2","390",0.316670706791011,0.132194562594805,0.502935062332381,1.91179905761569,NA
"880","NSW1200612",1.40886399528331,0.0521895115428014,0,"880","2","391",-0.106645807120378,0.109259654329526,-0.0544562955775762,1.35440769970574,NA
"881","NSW1213019",1.40886399528331,-0.108597028469115,0,"881","2","392",-0.16587938690028,0.135594383631609,-0.274476415369395,1.13438757991392,NA
"882","NSW1190193",1.40886399528331,0.234562064658245,0,"882","2","393",0.308738795316509,0.133397232070409,0.543300859974755,1.95216485525807,NA
"883","NSW1200621",1.40886399528331,0.044086866593042,0,"883","2","394",-0.295815848208033,0.113709278105763,-0.251728981614991,1.15713501366832,NA
"884","NSW1211452",1.40886399528331,-0.14792848398432,0,"884","2","395",-0.290188688371721,0.161165867489166,-0.43811717235604,0.970746822927271,NA
"885","NSW1210997",1.40886399528331,-0.0553130684293537,0,"885","2","396",0.00646777101385505,0.12498488136997,-0.0488452974154986,1.36001869786781,NA
"886","NSW1201424",1.40886399528331,0.333901954868724,0,"886","2","397",-0.544414827716416,0.13851618845014,-0.210512872847693,1.19835112243562,NA
"887","NSW1213002",1.40886399528331,-0.175872688794622,0,"887","2","398",-0.169980393809777,0.149162504282311,-0.345853082604399,1.06301091267891,NA
"888","NSW1201367",1.40886399528331,0.277706076848614,0,"888","2","399",-0.608267743218535,0.108840450062791,-0.330561666369921,1.07830232891339,NA
"889","NSW1200903",1.40886399528331,0.0138327249923464,0,"889","2","400",-0.185706128321808,0.107645652718468,-0.171873403329462,1.23699059195385,NA
"890","NSW1212974",1.40886399528331,-0.17998091457128,0,"890","2","401",-0.570804461156522,0.14660564955,-0.750785375727801,0.65807861955551,NA
"891","NSW1211531",1.40886399528331,0.0140287057454212,0,"891","2","402",0.380446016361402,0.112289814414513,0.394474722106823,1.80333871739013,NA
"892","NSW1190170",1.40886399528331,0.299149001110266,0,"892","2","403",0.451244257915379,0.0719685244366189,0.750393259025645,2.15925725430896,NA
"893","NSW1211579",1.40886399528331,0.0863757015774337,0,"893","2","404",-0.258195081435264,0.136163798862013,-0.17181937985783,1.23704461542548,NA
"894","NSW1200913",1.40886399528331,0.130280623778804,0,"894","2","405",-0.157525251481631,0.11480546320445,-0.0272446277028267,1.38161936758048,NA
"895","NSW1212899",1.40886399528331,-0.186397584904958,0,"895","2","406",-0.154320454919023,0.148713225028599,-0.340718039823981,1.06814595545933,NA
"896","NSW1212954",1.40886399528331,-0.103200274320075,0,"896","2","407",0.264367413454944,0.123073665330176,0.161167139134869,1.57003113441818,NA
"897","NSW1200874",1.40886399528331,0.31123351466723,0,"897","2","408",0.226650369027061,0.129445595241297,0.537883883694291,1.9467478789776,NA
"898","NSW1200367",1.40886399528331,0.309611713431452,0,"898","2","409",-0.0101109779157242,0.119355612047083,0.299500735515728,1.70836473079904,NA
"899","NSW1211563",1.40886399528331,0.20525115386006,0,"899","2","410",-0.7188521470868,0.127781407983952,-0.51360099322674,0.895263002056571,NA
"900","NSW1200667",1.40886399528331,-0.186659489585676,0,"900","2","411",-0.0893396573519262,0.135850015596945,-0.275999146937602,1.13286484834571,NA
"901","NSW1200832",1.40886399528331,0.0984784692241287,0,"901","2","412",-0.100325359192437,0.123921603863346,-0.00184688996830802,1.407017105315,NA
"902","NSW1211580",1.40886399528331,-0.130124491482867,0,"902","2","413",0.41234568351315,0.104974386902936,0.282221192030283,1.69108518731359,NA
"903","NSW1201435",1.40886399528331,0.341183268450535,0,"903","2","414",-0.424897595163533,0.105890210259801,-0.0837143267129987,1.32514966857031,NA
"904","NSW1200600",1.40886399528331,-0.152723321305301,0,"904","2","415",0.434541821100562,0.108075034506033,0.281818499795261,1.69068249507857,NA
"905","NSW1212994",1.40886399528331,-0.159815783415609,0,"905","2","416",-0.180046166089715,0.144200911038399,-0.339861949505324,1.06900204577799,NA
"906","NSW1211591",1.40886399528331,0.229163303697626,0,"906","2","417",0.0433733212161613,0.118840340330619,0.272536624913787,1.6814006201971,NA
