"","Taxa","BLUE.N","BLUE.I","QTNs","Group","RefInf","ID","BLUP","PEV","gBreedingValue","Prediction","COI"
"1","S_1007_S311",1.31114161687808,0.186870854124757,0,"  1","1","  1",0.669294777465324,0.330170182725364,0.856165631590081,2.16730724846816,1.8612097182042
"2","S_102_S245",1.31114161687808,0.0444288321847105,0,"  2","1","  2",0.277722722224131,0.330198965671565,0.322151554408841,1.63329317128692,1.65487545982344
"3","S_1031_S380",1.31114161687808,0.00627024032200496,0,"  3","1","  3",0.271289935726713,0.326689025299353,0.277560176048718,1.5887017929268,1
"4","S_1045_S231",1.31114161687808,0.263025540236443,0,"  4","1","  4",-0.59077216705818,0.309192395855828,-0.327746626821737,0.983394990056341,0
"5","S_1052_S227",1.31114161687808,0.221933301567905,0,"  5","1","  5",0.47851415727562,0.300830885092503,0.700447458843525,2.0115890757216,2.11474252688113
"6","S_1054_S345",1.31114161687808,0.143080893484826,0,"  6","1","  6",-0.298867449988516,0.297132694247235,-0.15578655650369,1.15535506037439,0.840896415253715
"7","S_1057_S302",1.31114161687808,0.133576664885563,0,"  7","1","  7",0.202159937418206,0.319629334309755,0.335736602303769,1.64687821918185,0.840896415253715
"8","S_106_S223",1.31114161687808,-0.0834204373909045,0,"  8","1","  8",0.0622110430962822,0.324711649210798,-0.0212093942946223,1.28993222258346,1.8612097182042
"9","S_1082_S287",1.31114161687808,0.198472616532133,0,"  9","1","  9",0.131860721412846,0.3119247320959,0.330333337944979,1.64147495482306,1.56508458007329
"10","S_108_S258",1.31114161687808,0.0204921559800073,0," 10","1"," 10",0.296207028450104,0.327663814755967,0.316699184430112,1.62784080130819,1.56508458007329
"11","S_109_S351",1.31114161687808,-0.0215649845889449,0," 11","1"," 11",0.181200000829354,0.302507519587618,0.159635016240409,1.47077663311849,1.49534878122122
"12","S_1124_S271",1.31114161687808,0.156373944553271,0," 12","1"," 12",-0.648502533994632,0.31497940519719,-0.492128589441362,0.819013027436716,1.18920711500272
"13","S_1127_S332",1.31114161687808,0.141814292680615,0," 13","1"," 13",-1.2034053238428,0.277498466868538,-1.06159103116218,0.249550585715898,0
"14","S_1130_S319",1.31114161687808,0.170357417260201,0," 14","1"," 14",0.256276003788901,0.307461311458028,0.426633421049102,1.73777503792718,2.65914794847249
"15","S_1132_S315",1.31114161687808,0.12679364617515,0," 15","1"," 15",0.489433710664799,0.301876975171769,0.616227356839949,1.92736897371803,1.65487545982344
"16","S_1159_S297",1.31114161687808,0.345914520914485,0," 16","1"," 16",0.160042777570295,0.320360012250775,0.505957298484781,1.81709891536286,1.56508458007329
"17","S_1161_S254",1.31114161687808,0.196226542645543,0," 17","1"," 17",0.359367533608738,0.336139036360112,0.555594076254281,1.86673569313236,1.31607401295249
"18","S_1162_S384",1.31114161687808,0.146630932704769,0," 18","1"," 18",0.394336960977477,0.303221231308571,0.540967893682246,1.85210951056032,2.51486685936587
"19","S_1223_S229",1.31114161687808,0.037915337498991,0," 19","1"," 19",-0.112482783075563,0.31069245912507,-0.0745674455765716,1.23657417130151,1.4142135623731
"20","S_1237_S377",1.31114161687808,0.0562634161379527,0," 20","1"," 20",-0.651237121179268,0.301104325039817,-0.594973705041316,0.716167911836763,0
"21","S_129_S310",1.31114161687808,-0.0253186245075689,0," 21","1"," 21",-1.32918742587423,0.28887162670178,-1.3545060503818,0,0
"22","S_1305_S246",1.31114161687808,0.155792367458071,0," 22","1"," 22",-0.0659924376383118,0.315497676213488,0.0897999298197587,1.40094154669784,1.77827941003892
"23","S_130_S333",1.31114161687808,-0.126223771390096,0," 23","1"," 23",-0.603130996027671,0.308773391542769,-0.729354767417767,0.581786849460311,0
"24","S_1315_S322",1.31114161687808,0.0118204322406822,0," 24","1"," 24",-0.364324969145437,0.304068182767145,-0.352504536904754,0.958637079973324,1.49534878122122
"25","S_1317_S208",1.31114161687808,-0.0559364592246888,0," 25","1"," 25",-0.170504902460875,0.287991095704932,-0.226441361685563,1.08470025519251,1.49534878122122
"26","S_1324_S206",1.31114161687808,0.0388548383926258,0," 26","1"," 26",0.406009471702285,0.284664271356764,0.444864310094911,1.75600592697299,2.11474252688113
"27","S_1328_S372",1.31114161687808,-0.0353139384118208,0," 27","1"," 27",1.03434429336395,0.279717545237465,0.99903035495213,2.31017197183021,2.34034731932072
"28","S_1343_S366",1.31114161687808,0.195186662089782,0," 28","1"," 28",-0.301555647295044,0.311286310012752,-0.106368985205262,1.20477263167282,1
"29","S_137_S285",1.31114161687808,-0.0666920192765463,0," 29","1"," 29",-0.51305723843472,0.298918192633026,-0.579749257711266,0.731392359166812,1
"30","S_1383_S323",1.31114161687808,-0.311237104222249,0," 30","1"," 30",0.540562516631016,0.432363105998731,0.229325412408767,1.54046702928685,1.10668191970032
"31","S_1404_S202",1.31114161687808,-0.0224880429005192,0," 31","1"," 31",-0.614599193968915,0.298091658926485,-0.637087236869434,0.674054380008644,0
"32","S_1407_S312",1.31114161687808,-0.00484741828008203,0," 32","1"," 32",-0.398245209347368,0.310266296610021,-0.40309262762745,0.908048989250628,1.31607401295249
"33","S_140_S320",1.31114161687808,-0.0457814137111842,0," 33","1"," 33",0.777644982544702,0.289677383167007,0.731863568833518,2.0430051857116,2.51486685936587
"34","S_1423_S318",1.31114161687808,0.161479306850106,0," 34","1"," 34",0.0650485736336695,0.310415009524358,0.226527880483776,1.53766949736185,2.51486685936587
"35","S_1430_S329",1.31114161687808,0.117849089875717,0," 35","1"," 35",-0.190051031166945,0.299485793392941,-0.0722019412912271,1.23893967558685,1.4142135623731
"36","S_1431_S278",1.31114161687808,-0.0389293620855942,0," 36","1"," 36",-1.24841340120695,0.309926120235067,-1.28734276329254,0.0237988535855338,0
"37","S_1437_S292",1.31114161687808,0.00147858508325646,0," 37","1"," 37",-0.649778930748899,0.332834232382322,-0.648300345665643,0.662841271212435,1.18920711500272
"38","S_1441_S235",1.31114161687808,-0.0187195952584564,0," 38","1"," 38",0.734778344767443,0.289155161097752,0.716058749508986,2.02720036638706,1.96798967126543
"39","S_1442_S328",1.31114161687808,0.118613958482351,0," 39","1"," 39",-0.466917494224133,0.302878333319531,-0.348303535741782,0.962838081136296,0
"40","S_1452_S275",1.31114161687808,0.0823377065344763,0," 40","1"," 40",0.359333745618384,0.307994494671794,0.44167145215286,1.75281306903094,1.49534878122122
"41","S_1472_S295",1.31114161687808,0.0257875793058129,0," 41","1"," 41",-1.08277835636724,0.283455098191546,-1.05699077706142,0.254150839816654,0
"42","S_1488_S316",1.31114161687808,-0.0151795916777728,0," 42","1"," 42",0.31487970996543,0.267810174488938,0.299700118287657,1.61084173516574,1.62657656169779
"43","S_148_S249",1.31114161687808,-0.211873878364103,0," 43","1"," 43",-0.0389148402237792,0.348438240418471,-0.250788718587882,1.0603528982902,1
"44","S_1496_S272",1.31114161687808,0.0328268722773887,0," 44","1"," 44",1.02306716266731,0.297261720570692,1.0558940349447,2.36703565182277,2.65914794847249
"45","S_150_S251",1.31114161687808,-0.123145779933975,0," 45","1"," 45",0.00883706328166076,0.31051819213951,-0.114308716652314,1.19683290022576,1.31607401295249
"46","S_1513_S327",1.31114161687808,0.1444468701633,0," 46","1"," 46",-1.07407184186129,0.364948244657666,-0.929624971697991,0.381516645180087,0
"47","S_1518_S240",1.31114161687808,-0.083439340358955,0," 47","1"," 47",-0.350081182739619,0.318666969621247,-0.433520523098574,0.877621093779504,1
"48","S_1549_S342",1.31114161687808,0.0860052139459526,0," 48","1"," 48",-0.278428686379465,0.284937463254928,-0.192423472433512,1.11871814444457,0
"49","S_1573_S236",1.31114161687808,0.0252265558121763,0," 49","1"," 49",0.163629971700697,0.308515079016188,0.188856527512873,1.49999814439095,1
"50","S_1584_S296",1.31114161687808,-0.000147167560277259,0," 50","1"," 50",0.360063616736588,0.318515802080422,0.359916449176311,1.67105806605439,2.21336383940064
"51","S_1599_S343",1.31114161687808,0.0890425444434838,0," 51","1"," 51",1.27621590205204,0.294067133301941,1.36525844649553,2.67640006337361,2.65914794847249
"52","S_1619_S303",1.31114161687808,0.118603430333307,0," 52","1"," 52",0.143767478347438,0.310347211703195,0.262370908680745,1.57351252555882,1.77827941003892
"53","S_1621_S339",1.31114161687808,0.0816357117583447,0," 53","1"," 53",0.903416129733722,0.297756266996717,0.985051841492066,2.29619345837014,2.54572989502183
"54","S_1623_S378",1.31114161687808,0.20051947151253,0," 54","1"," 54",0.0919119299995375,0.311653679439945,0.292431401512067,1.60357301839015,1.65487545982344
"55","S_1629_S373",1.31114161687808,0.0715914650118664,0," 55","1"," 55",0.942481532221215,0.301621798130114,1.01407299723308,2.32521461411116,1.77827941003892
"56","S_1631_S361",1.31114161687808,0.00444312257658368,0," 56","1"," 56",1.17022863076279,0.310836627254892,1.17467175333937,2.48581337021745,2.65914794847249
"57","S_1637_S325",1.31114161687808,0.0770067350861342,0," 57","1"," 57",0.6923706650375,0.296268970435455,0.769377400123634,2.08051901700171,2.44948974278318
"58","S_1639_S204",1.31114161687808,0.0369175777329699,0," 58","1"," 58",-0.104571099647179,0.294053450526602,-0.0676535219142092,1.24348809496387,1.31607401295249
"59","S_1643_S375",1.31114161687808,0.069548050792703,0," 59","1"," 59",0.0577715599807287,0.285807643939851,0.127319610773432,1.43846122765151,1
"60","S_1649_S331",1.31114161687808,-0.0349950577992773,0," 60","1"," 60",0.0174624125457684,0.334166265666945,-0.017532645253509,1.29360897162457,1.49534878122122
"61","S_1653_S294",1.31114161687808,0.0770297436864272,0," 61","1"," 61",-0.874908283174262,0.314866630535618,-0.797878539487835,0.513263077390243,1
"62","S_165_S284",1.31114161687808,0.0256577068601476,0," 62","1"," 62",0.388775067600108,0.315887145931997,0.414432774460255,1.72557439133833,1.49534878122122
"63","S_1677_S221",1.31114161687808,0.114059598937752,0," 63","1"," 63",-0.34886350303417,0.278296591474747,-0.234803904096418,1.07633771278166,0
"64","S_1683_S338",1.31114161687808,-0.0531137595808858,0," 64","1"," 64",0.139514426861855,0.29349855370732,0.0864006672809692,1.39754228415905,1.18920711500272
"65","S_1689_S192",1.31114161687808,-0.031590351900635,0," 65","1"," 65",-0.891846146193308,0.336628238802112,-0.923436498093943,0.387705118784135,0
"66","S_1699_S367",1.31114161687808,0.229867157859382,0," 66","1"," 66",-0.112449066571484,0.313709847127748,0.117418091287898,1.42855970816598,1.18920711500272
"67","S_171_S219",1.31114161687808,0.0608403460911354,0," 67","1"," 67",0.802928948100099,0.303688846919873,0.863769294191234,2.17491091106931,2.59002006411135
"68","S_1723_S369",1.31114161687808,0.0288387698581981,0," 68","1"," 68",0.488974505035436,0.307088729144984,0.517813274893634,1.82895489177171,1.4142135623731
"69","S_1728_S376",1.31114161687808,0.00486964912661851,0," 69","1"," 69",0.625202810916232,0.327631898792421,0.63007246004285,1.94121407692093,2.78315768371374
"70","S_1736_S359",1.31114161687808,-0.011768360809106,0," 70","1"," 70",0.638744054862141,0.287217348318793,0.626975694053035,1.93811731093111,1.96798967126543
"71","S_1742_S357",1.31114161687808,-0.0288783144622834,0," 71","1"," 71",0.349952345300253,0.33936360308225,0.32107403083797,1.63221564771605,1.8612097182042
"72","S_1749_S247",1.31114161687808,-0.0369649518789976,0," 72","1"," 72",0.0866998974160257,0.297160501398482,0.0497349455370281,1.36087656241511,1
"73","S_1779_S226",1.31114161687808,0.0109816812980984,0," 73","1"," 73",0.978240841179998,0.275221088856362,0.989222522478096,2.30036413935617,2.65914794847249
"74","S_1810_S213",1.31114161687808,0.0209760178772362,0," 74","1"," 74",0.343789628944808,0.311350123116792,0.364765646822044,1.67590726370012,1.8612097182042
"75","S_1813_S253",1.31114161687808,-0.0753616473713098,0," 75","1"," 75",0.248885314369646,0.305292408168488,0.173523666998336,1.48466528387641,1.56508458007329
"76","S_1817_S210",1.31114161687808,-0.11021088961318,0," 76","1"," 76",0.55492047984539,0.327046843822667,0.44470959023221,1.75585120711029,2.34034731932072
"77","S_1818_S238",1.31114161687808,-0.130901385935584,0," 77","1"," 77",-0.195607290265133,0.286654461208123,-0.326508676200717,0.984632940677361,0
"78","S_1825_S198",1.31114161687808,0.040043414129155,0," 78","1"," 78",-0.0448116689920411,0.312807382833036,-0.00476825486288603,1.30637336201519,1.49534878122122
"79","S_1837_S256",1.31114161687808,0.167202024098669,0," 79","1"," 79",0.315100578353181,0.308933150653885,0.48230260245185,1.79344421932993,2.78315768371374
"80","S_1839_S299",1.31114161687808,0.0831405401908128,0," 80","1"," 80",0.598948044154611,0.323185392390658,0.682088584345423,1.9932302012235,2.21336383940064
"81","S_183_S263",1.31114161687808,0.103686317698202,0," 81","1"," 81",0.756098515991068,0.312357874421642,0.85978483368927,2.17092645056735,2.65914794847249
"82","S_1841_S250",1.31114161687808,0.113063040779072,0," 82","1"," 82",-0.868215416191073,0.31206602527023,-0.755152375412001,0.555989241466077,0
"83","S_1865_S374",1.31114161687808,0.0663289280664131,0," 83","1"," 83",0.540303431017812,0.308560577038456,0.606632359084225,1.9177739759623,2.21336383940064
"84","S_1874_S244",1.31114161687808,-0.0714026432628929,0," 84","1"," 84",0.674443214455545,0.313138819245755,0.603040571192652,1.91418218807073,2.34034731932072
"85","S_1877_S262",1.31114161687808,-0.056554646390516,0," 85","1"," 85",0.923791887435414,0.297362903951413,0.867237241044898,2.17837885792298,2.78315768371374
"86","S_1899_S193",1.31114161687808,0.0622655939425537,0," 86","1"," 86",-0.226357757584472,0.297787705094221,-0.164092163641918,1.14704945323616,1.62657656169779
"87","S_1900_S242",1.31114161687808,0.123172296251808,0," 87","1"," 87",-0.236480020503851,0.28593159552566,-0.113307724252043,1.19783389262604,1.56508458007329
"88","S_1936_S218",1.31114161687808,-0.059518051669471,0," 88","1"," 88",-0.179200205833314,0.29987375827167,-0.238718257502785,1.07242335937529,1.18920711500272
"89","S_1952_S293",1.31114161687808,-0.111609515271379,0," 89","1"," 89",0.113817656201744,0.295124225287571,0.00220814093036559,1.31334975780844,1.18920711500272
"90","S_1969_S291",1.31114161687808,-0.166398072327708,0," 90","1"," 90",0.381935780372023,0.321085288255227,0.215537708044316,1.52667932492239,1.31607401295249
"91","S_1973_S267",1.31114161687808,-0.158297906448977,0," 91","1"," 91",1.53991873333451,0.322754648927094,1.38162082688553,2.69276244376361,2.89250760851908
"92","S_197_S207",1.31114161687808,-0.0093376724230352,0," 92","1"," 92",-0.43401984714919,0.289939997474021,-0.443357519572225,0.867784097305853,1.4142135623731
"93","S_198_S304",1.31114161687808,-0.110289144716768,0," 93","1"," 93",-0.867963678500253,0.325962323912041,-0.978252823217021,0.332888793661057,0
"94","S_2010_S200",1.31114161687808,-0.115022031897934,0," 94","1"," 94",-0.600104872825653,0.307924921899484,-0.715126904723587,0.596014712154491,0
"95","S_2014_S264",1.31114161687808,-0.203302275932001,0," 95","1"," 95",-0.706541266840344,0.32806057335461,-0.909843542772345,0.401298074105733,1.25743342968294
"96","S_2015_S266",1.31114161687808,-0.208074441734016,0," 96","1"," 96",-0.540128657771724,0.318680516299444,-0.74820309950574,0.562938517372338,0
"97","S_2037_S371",1.31114161687808,-0.0687056806487635,0," 97","1"," 97",-0.66989727707192,0.310387121811894,-0.738602957720683,0.572538659157395,0
"98","S_2073_S215",1.31114161687808,0.0202593588704925,0," 98","1"," 98",0.0429982603398975,0.346600700115654,0.06325761921039,1.37439923608847,1.49534878122122
"99","S_2099_S335",1.31114161687808,-0.0069867023276827,0," 99","1"," 99",-0.853122873822467,0.314476440596855,-0.86010957615015,0.451032040727928,0.840896415253715
"100","S_209_S379",1.31114161687808,0.301741027449202,0,"100","1","100",-0.423490679285425,0.30754607873014,-0.121749651836224,1.18939196504185,0
"101","S_2103_S301",1.31114161687808,-0.00750875274696511,0,"101","1","101",0.101975448020387,0.323794274423036,0.0944666952734224,1.4056083121515,2.34034731932072
"102","S_2104_S224",1.31114161687808,0.052454349784692,0,"102","1","102",-0.0878641192419048,0.321230378259832,-0.0354097694572128,1.27573184742087,1.31607401295249
"103","S_2105_S269",1.31114161687808,0.11852341714266,0,"103","1","103",-0.990378625822201,0.325414160451902,-0.871855208679541,0.439286408198537,0
"104","S_2107_S349",1.31114161687808,0.00953102051126023,0,"104","1","104",-0.664008733496854,0.313571996507244,-0.654477712985594,0.656663903892484,1.18920711500272
"105","S_2115_S280",1.31114161687808,-0.228584582359247,0,"105","1","105",0.464607896726723,0.390358045750109,0.236023314367476,1.54716493124555,2.34034731932072
"106","S_2116_S350",1.31114161687808,-0.16017178461777,0,"106","1","106",-0.578467759422157,0.309134468036382,-0.738639544039926,0.572502072838152,1.31607401295249
"107","S_2135_S234",1.31114161687808,-0.0752948246723531,0,"107","1","107",0.320761304269615,0.282458371502138,0.245466479597261,1.55660809647534,1.31607401295249
"108","S_2140_S363",1.31114161687808,-0.0934943922078814,0,"108","1","108",-0.497066334498063,0.281547600912186,-0.590560726705945,0.720580890172133,0
"109","S_2145_S212",1.31114161687808,-0.0609096181819711,0,"109","1","109",-0.657021605959359,0.319903873516719,-0.71793122414133,0.593210392736748,0
"110","S_2155_S383",1.31114161687808,-0.0713082484346305,0,"110","1","110",0.1811920764307,0.329274215079815,0.109883827996069,1.42102544487415,1.4142135623731
"111","S_2187_S360",1.31114161687808,-0.0535397066265607,0,"111","1","111",-0.196337931718222,0.293179871898499,-0.249877638344783,1.06126397853329,1.96798967126543
"112","S_2192_S307",1.31114161687808,0.0266709031543869,0,"112","1","112",0.0588961717893193,0.274231923274067,0.0855670749437062,1.39670869182178,1.31607401295249
"113","S_2193_S216",1.31114161687808,-0.0838525421919707,0,"113","1","113",-0.165990155617236,0.296232725100699,-0.249842697809207,1.06129891906887,1.65487545982344
"114","S_2201_S214",1.31114161687808,-0.0476306341638813,0,"114","1","114",-0.672884528710995,0.280124686074941,-0.720515162874876,0.590626454003202,0
"115","S_2203_S277",1.31114161687808,-0.226169212518538,0,"115","1","115",-1.16624283585475,0.324202300041282,-1.39241204837329,0,0
"116","S_2212_S230",1.31114161687808,-0.0871722187010052,0,"116","1","116",-0.782505756453401,0.29163695402228,-0.869677975154406,0.441463641723672,0
"117","S_2214_S290",1.31114161687808,-0.0310685714450002,0,"117","1","117",-0.207002007881,0.283459855457278,-0.238070579326,1.07307103755208,1.4142135623731
"118","S_2226_S298",1.31114161687808,-0.13483259537404,0,"118","1","118",0.641678787639515,0.307321800650889,0.506846192265475,1.81798780914355,2.21336383940064
"119","S_2228_S346",1.31114161687808,0.0291838891641093,0,"119","1","119",-0.56724775051519,0.29278267721862,-0.538063861351081,0.773077755526997,0
"120","S_2232_S273",1.31114161687808,0.0516102577495852,0,"120","1","120",0.487217695678364,0.326224658584114,0.538827953427949,1.84996957030603,1.31607401295249
"121","S_2271_S195",1.31114161687808,0.00147140481270105,0,"121","1","121",0.291652805117555,0.313244684118084,0.293124209930256,1.60426582680833,1.49534878122122
"122","S_2299_S281",1.31114161687808,0.273204630805886,0,"122","1","122",0.321519140740852,0.303583658856138,0.594723771546738,1.90586538842482,2.65914794847249
"123","S_2302_S259",1.31114161687808,0.279075609169784,0,"123","1","123",0.36665532434583,0.309558607557118,0.645730933515614,1.95687255039369,2.23606797749979
"124","S_2307_S288",1.31114161687808,0.185361327671017,0,"124","1","124",0.743904572709585,0.285642286389171,0.929265900380602,2.24040751725868,2.69178163547765
"125","S_2319_S337",1.31114161687808,-0.0264565489977655,0,"125","1","125",-0.700917659601382,0.3049120964986,-0.727374208599148,0.58376740827893,0
"126","S_231_S260",1.31114161687808,0.192845853237623,0,"126","1","126",0.330140930773317,0.324206561749732,0.52298678401094,1.83412840088902,2.11474252688113
"127","S_2323_S355",1.31114161687808,0.250872758711158,0,"127","1","127",-0.862570331048009,0.31745726445605,-0.611697572336851,0.699444044541227,1.25743342968294
"128","S_2351_S197",1.31114161687808,0.151530985072149,0,"128","1","128",-1.50770789975372,0.310076653981789,-1.35617691468157,0,0
"129","S_2358_S289",1.31114161687808,0.0564273141682073,0,"129","1","129",-0.175263551602554,0.287523613869376,-0.118836237434346,1.19230537944373,1.49534878122122
"130","S_2370_S336",1.31114161687808,0.320696038765261,0,"130","1","130",-0.349692134938088,0.315293051513377,-0.0289960961728276,1.28214552070525,1
"131","S_2375_S268",1.31114161687808,0.293945070559642,0,"131","1","131",0.308233856995713,0.318181212609405,0.602178927555354,1.91332054443343,2.51486685936587
"132","S_2395_S194",1.31114161687808,0.176228673501705,0,"132","1","132",-0.0787274111908331,0.301235791374987,0.0975012623108714,1.40864287918895,1.56508458007329
"133","S_242_S324",1.31114161687808,0.225854318608222,0,"133","1","133",-0.78795559867337,0.30684458902013,-0.562101280065148,0.74904033681293,0
"134","S_248_S252",1.31114161687808,0.301035133602629,0,"134","1","134",-0.0183011524536757,0.303094634853842,0.282733981148953,1.59387559802703,1.77827941003892
"135","S_261_S368",1.31114161687808,0.0510886943300912,0,"135","1","135",0.131549593968528,0.318772144394888,0.182638288298619,1.4937799051767,1.96798967126543
"136","S_269_S228",1.31114161687808,0.0495656346619829,0,"136","1","136",-0.534446094109348,0.289056376556185,-0.484880459447365,0.826261157430713,0.840896415253715
"137","S_272_S326",1.31114161687808,-0.0816406245346531,0,"137","1","137",-0.159144584533061,0.299920320608261,-0.240785209067714,1.07035640781036,2.11474252688113
"138","S_285_S191",1.31114161687808,0.0329554265838572,0,"138","1","138",0.903747795508755,0.290153280775011,0.936703222092612,2.24784483897069,2.05976714390712
"139","S_28_S364",1.31114161687808,-0.0364752110462012,0,"139","1","139",-0.828640383791314,0.284364737025051,-0.865115594837515,0.446026022040563,0
"140","S_294_S317",1.31114161687808,0.271851339320296,0,"140","1","140",-1.0710138662476,0.294820825847221,-0.799162526927309,0.511979089950769,0
"141","S_298_S354",1.31114161687808,0.238173203145313,0,"141","1","141",0.470024870590291,0.327952901556778,0.708198073735604,2.01933969061368,2.11474252688113
"142","S_304_S341",1.31114161687808,0.25528673246165,0,"142","1","142",-0.52085952320402,0.326693167951925,-0.265572790742369,1.04556882613571,0
"143","S_325_S347",1.31114161687808,0.000838668655559455,0,"143","1","143",-1.57916285946995,0.328385713270938,-1.57832419081439,0,0
"144","S_381_S205",1.31114161687808,-0.173019785199434,0,"144","1","144",1.44313013793604,0.298920046155299,1.2701103527366,2.58125196961468,2.65914794847249
"145","S_382_S276",1.31114161687808,-0.0477116199673316,0,"145","1","145",1.25600699570118,0.298906554981111,1.20829537573385,2.51943699261193,2.89250760851908
"146","S_389_S330",1.31114161687808,-0.0541446059550625,0,"146","1","146",0.689324675598024,0.314664301777444,0.635180069642961,1.94632168652104,2.23606797749979
"147","S_394_S237",1.31114161687808,0.0717651666046582,0,"147","1","147",-0.34003423982133,0.295534062066443,-0.268269073216672,1.04287254366141,0
"148","S_398_S239",1.31114161687808,0.0728875399599407,0,"148","1","148",0.0617368364556306,0.293258281896634,0.134624376415571,1.44576599329365,1.49534878122122
"149","S_402_S309",1.31114161687808,-0.0643743992128281,0,"149","1","149",-0.0338247644039828,0.307519136156428,-0.0981991636168109,1.21294245326127,1.31607401295249
"150","S_415_S222",1.31114161687808,-0.00196294893740605,0,"150","1","150",-0.867355371307059,0.30596131182936,-0.869318320244465,0.441823296633613,0
"151","S_421_S358",1.31114161687808,0.0355408960192475,0,"151","1","151",0.13653727774843,0.27517083425162,0.172078173767677,1.48321979064576,1.31607401295249
"152","S_437_S233",1.31114161687808,-0.220555552234559,0,"152","1","152",0.119947244196064,0.302157571182233,-0.100608308038494,1.21053330883958,1.18920711500272
"153","S_449_S352",1.31114161687808,-0.11358390364147,0,"153","1","153",1.00926161844148,0.296887704308252,0.895677714800014,2.20681933167809,2.05976714390712
"154","S_451_S261",1.31114161687808,-0.111657374241531,0,"154","1","154",-0.998573880775683,0.325646775444246,-1.11023125501721,0.200910361860864,0
"155","S_471_S344",1.31114161687808,0.0485876158405485,0,"155","1","155",-0.792547106025557,0.309227448979145,-0.743959490185009,0.567182126693069,0
"156","S_473_S362",1.31114161687808,-0.00802336991396774,0,"156","1","156",0.0948381194980446,0.309308419180957,0.0868147495840768,1.39795636646215,1.56508458007329
"157","S_477_S225",1.31114161687808,-0.266674892316667,0,"157","1","157",-0.173701664067074,0.44193738963723,-0.440376556383741,0.870765060494338,0
"158","S_494_S382",1.31114161687808,-0.0535281761118308,0,"158","1","158",0.345237009853919,0.307901222022576,0.291708833742088,1.60285045062017,1.49534878122122
"159","S_496_S381",1.31114161687808,-0.0446478360161572,0,"159","1","159",0.62280044457695,0.330175597652893,0.578152608560793,1.88929422543887,2.17793858734643
"160","S_499_S265",1.31114161687808,-0.0369345466052937,0,"160","1","160",0.770927553082749,0.293301105794988,0.733993006477456,2.04513462335553,2.05976714390712
"161","S_4_S313",1.31114161687808,0.0525306698268288,0,"161","1","161",0.54235425062602,0.306818990460195,0.594884920452849,1.90602653733093,2.78315768371374
"162","S_525_S305",1.31114161687808,-0.0415018257258565,0,"162","1","162",0.0609202589064254,0.281764243890227,0.019418433180569,1.33056005005865,0
"163","S_529_S314",1.31114161687808,-0.107612734771411,0,"163","1","163",-0.239846311887375,0.292615809282126,-0.347459046658786,0.963682570219292,1.18920711500272
"164","S_550_S257",1.31114161687808,-0.0268195383368565,0,"164","1","164",0.950637974519083,0.315673147211434,0.923818436182226,2.2349600530603,2.94283095638271
"165","S_552_S308",1.31114161687808,-0.0868257037976749,0,"165","1","165",0.766961320605908,0.316431419442076,0.680135616808233,1.99127723368631,1.31607401295249
"166","S_564_S211",1.31114161687808,0.020474391127173,0,"166","1","166",0.383519206231612,0.303696889128194,0.403993597358785,1.71513521423686,1.73205080756888
"167","S_572_S203",1.31114161687808,-0.126867021385357,0,"167","1","167",-0.826563126079625,0.283215179061935,-0.953430147464982,0.357711469413096,0
"168","S_597_S255",1.31114161687808,0.101006016746384,0,"168","1","168",0.135306741121924,0.311422755324768,0.236312757868308,1.54745437474639,1.8612097182042
"169","S_652_S232",1.31114161687808,0.216529430128297,0,"169","1","169",0.442817361636117,0.316541003307263,0.659346791764414,1.97048840864249,2.51486685936587
"170","S_66_S321",1.31114161687808,0.0563987828559501,0,"170","1","170",0.568492980283844,0.291643684963554,0.624891763139794,1.93603338001787,2.65914794847249
"171","S_699_S356",1.31114161687808,0.338166901996989,0,"171","1","171",-0.202725468652314,0.323958035075401,0.135441433344676,1.44658305022275,1.49534878122122
"172","S_6_S348",1.31114161687808,0.145292579295338,0,"172","1","172",-0.100559635797782,0.319853923069299,0.0447329434975555,1.35587456037563,1.49534878122122
"173","S_701_S340",1.31114161687808,0.375194351670854,0,"173","1","173",-0.0486106105184791,0.342350800479503,0.326583741152375,1.63772535803045,2.11474252688113
"174","S_704_S282",1.31114161687808,0.0792736912262771,0,"174","1","174",0.950557943024941,0.318374101194016,1.02983163425122,2.3409732511293,2.34034731932072
"175","S_716_S283",1.31114161687808,0.132444480944614,0,"175","1","175",0.377735187115654,0.313592667491653,0.510179668060267,1.82132128493835,1.8612097182042
"176","S_732_S243",1.31114161687808,0.269409891876928,0,"176","1","176",0.749904270329995,0.377609535926423,1.01931416220692,2.330455779085,2.54572989502183
"177","S_737_S201",1.31114161687808,0.0793266789051605,0,"177","1","177",1.06202803984744,0.309368353726439,1.1413547187526,2.45249633563068,2.73861278752583
"178","S_769_S220",1.31114161687808,0.253824301761758,0,"178","1","178",-0.293935616810439,0.3075530683405,-0.0401113150486808,1.2710303018294,1
"179","S_797_S209",1.31114161687808,0.143099366716335,0,"179","1","179",-0.647406115384259,0.283670821191082,-0.504306748667924,0.806834868210154,0
"180","S_809_S270",1.31114161687808,0.30481558800658,0,"180","1","180",0.642846331100984,0.306788342469142,0.947661919107564,2.25880353598564,2.65914794847249
"181","S_81_S279",1.31114161687808,0.0532705661362951,0,"181","1","181",-0.0307421119432695,0.327154223298272,0.0225284541930256,1.3336700710711,1.56508458007329
"182","S_829_S286",1.31114161687808,0.212454469232493,0,"182","1","182",0.595815697008325,0.324531516467339,0.808270166240817,2.1194117831189,2.11474252688113
"183","S_831_S353",1.31114161687808,0.284659691422007,0,"183","1","183",0.561721477324187,0.323951816687845,0.846381168746194,2.15752278562427,2.65914794847249
"184","S_838_S306",1.31114161687808,0.261624875006073,0,"184","1","184",0.679149499795576,0.291346628848725,0.940774374801649,2.25191599167973,2.23606797749979
"185","S_868_S274",1.31114161687808,0.256263904845883,0,"185","1","185",0.0536536677579638,0.336074095534853,0.309917572603847,1.62105918948193,1.10668191970032
"186","S_869_S241",1.31114161687808,0.234583353375526,0,"186","1","186",0.402246479326541,0.318468267251342,0.636829832702067,1.94797144958014,1.56508458007329
"187","S_874_S217",1.31114161687808,0.272991559844169,0,"187","1","187",0.26972968813949,0.313947895265785,0.542721247983659,1.85386286486174,2.34034731932072
"188","S_881_S365",1.31114161687808,0.239878389423077,0,"188","1","188",0.667363074189031,0.325657751537762,0.907241463612108,2.21838308049019,2.78315768371374
"189","S_89_S199",1.31114161687808,0.0475273833316922,0,"189","1","189",-0.742930233752031,0.306410419555642,-0.695402850420339,0.615738766457739,0
"190","S_905_S248",1.31114161687808,0.120781036780128,0,"190","1","190",-0.365342484999394,0.299692574079741,-0.244561448219266,1.06658016865881,0.840896415253715
"191","S_927_S334",1.31114161687808,0.0191540650993893,0,"191","1","191",-0.680930872918312,0.302321003944958,-0.661776807818923,0.649364809059155,0
"192","S_984_S370",1.31114161687808,0.267447537567113,0,"192","1","192",-0.461668947033535,0.31531632208764,-0.194221409466422,1.11692020741166,1.49534878122122
"193","S_989_S196",1.31114161687808,0.173600152377235,0,"193","1","193",-0.824496545433722,0.279862555466024,-0.650896393056487,0.660245223821591,1.25743342968294
"194","S_9_S300",1.31114161687808,0.0467760091924902,0,"194","1","194",0.734376881570248,0.2944423813613,0.781152890762739,2.09229450764082,2.78315768371374
"195","S_1001_S52_L003",1.31114161687808,0.223556122071849,0,"195","1","195",0.963928016252218,0.331398863062436,1.18748413832407,2.49862575520214,2.65914794847249
"196","S_1004_S75_L003",1.31114161687808,0.197964752538549,0,"196","1","196",1.38451092537227,0.324966832866779,1.58247567791081,2.89361729478889,2.89250760851908
"197","S_1010_S144",1.31114161687808,0.174066659443976,0,"197","1","197",-0.0920536196312066,0.299789305689314,0.0820130398127698,1.39315465669085,1.49534878122122
"198","S_1012_S150",1.31114161687808,0.113520524249422,0,"198","1","198",0.366346799215532,0.30530693886196,0.479867323464955,1.79100894034303,2.11474252688113
"199","S_1013_S145",1.31114161687808,0.218931617983938,0,"199","1","199",-0.378116075763337,0.299774724942682,-0.159184457779399,1.15195715909868,1.49534878122122
"200","S_101_S15_L003",1.31114161687808,0.0183958812923304,0,"200","1","200",-0.0586342785559493,0.30635909770635,-0.0402383972636189,1.27090321961446,1
"201","S_1020_S139",1.31114161687808,0.35187988666697,0,"201","1","201",0.0513171658120566,0.336624965924142,0.403197052479027,1.7143386693571,1.22474487139159
"202","S_1022_S29",1.31114161687808,-0.0516065541396722,0,"202","1","202",0.69349524331961,0.297027477679385,0.641888689179938,1.95303030605802,2.23606797749979
"203","S_1029_S66_L003",1.31114161687808,-0.0725106753274494,0,"203","1","203",-0.749328583831391,0.323497430226117,-0.821839259158841,0.489302357719237,0
"204","S_1030_S13",1.31114161687808,0.00491910721727172,0,"204","1","204",0.0728370310446851,0.300295818043271,0.0777561382619568,1.38889775514003,2.34034731932072
"205","S_1036_S32",1.31114161687808,0.311006904778773,0,"205","1","205",0.656869519455143,0.326175363024819,0.967876424233916,2.27901804111199,1.77827941003892
"206","S_1041_S151",1.31114161687808,0.274565536813766,0,"206","1","206",0.875736203467745,0.299095385877355,1.15030174028151,2.46144335715959,2.89250760851908
"207","S_1053_S23",1.31114161687808,0.230452136699573,0,"207","1","207",-0.307552757674443,0.292318929739403,-0.0771006209748707,1.23404099590321,2.21336383940064
"208","S_1075_S38",1.31114161687808,-0.0305503370785265,0,"208","1","208",0.441843340817684,0.306176914284095,0.411293003739157,1.72243462061724,2.11474252688113
"209","S_1076_S167",1.31114161687808,-0.201838949609351,0,"209","1","209",0.834654113227396,0.405130749177777,0.632815163618045,1.94395678049612,2.34034731932072
"210","S_107_S16",1.31114161687808,-0.0623066505735984,0,"210","1","210",0.65673016298693,0.350214638658916,0.594423512413331,1.90556512929141,2.34034731932072
"211","S_1093_S116",1.31114161687808,0.233776167754152,0,"211","1","211",0.39603515400468,0.293567270110186,0.629811321758833,1.94095293863691,2.34034731932072
"212","S_10_S169",1.31114161687808,0.0164836558450828,0,"212","1","212",-0.161064786253768,0.334255220204273,-0.144581130408685,1.16656048646939,1.8612097182042
"213","S_1118_S92",1.31114161687808,0.0230964278031972,0,"213","1","213",-0.479396549795429,0.303996722793787,-0.456300121992231,0.854841494885847,1.49534878122122
"214","S_1125_S30_L003",1.31114161687808,0.165325220222438,0,"214","1","214",-1.45541670132374,0.315165205379931,-1.2900914811013,0.0210501357767789,0
"215","S_1134_S91",1.31114161687808,-0.0473761243999047,0,"215","1","215",-0.0868712778169717,0.301582653999069,-0.134247402216876,1.1768942146612,1.31607401295249
"216","S_1138_S159",1.31114161687808,-0.248070249890533,0,"216","1","216",0.604409777313398,0.397913611027596,0.356339527422865,1.66748114430094,2.34034731932072
"217","S_113_S7_L003",1.31114161687808,-0.0209138059688077,0,"217","1","217",0.217568444546198,0.296064274792238,0.196654638577391,1.50779625545547,1.18920711500272
"218","S_1140_S60_L003",1.31114161687808,0.20293717976696,0,"218","1","218",0.530960017439413,0.294271337168024,0.733897197206373,2.04503881408445,2.05976714390712
"219","S_1154_S161",1.31114161687808,0.206611276782911,0,"219","1","219",0.328181925214699,0.298907678212162,0.53479320199761,1.84593481887569,1.96798967126543
"220","S_1160_S11",1.31114161687808,0.222293066904792,0,"220","1","220",0.850248900119093,0.300009674819386,1.07254196702388,2.38368358390196,2.89250760851908
"221","S_1177_S24",1.31114161687808,0.220812692283678,0,"221","1","221",0.24201912474054,0.319422564216541,0.462831817024218,1.7739734339023,1.77827941003892
"222","S_1179_S105",1.31114161687808,0.22155699472839,0,"222","1","222",0.577637431679149,0.335480538281495,0.799194426407539,2.11033604328562,2.51486685936587
"223","S_1200_S164",1.31114161687808,-0.106249341773872,0,"223","1","223",0.708821525047081,0.354242509130643,0.602572183273209,1.91371380015129,2.34034731932072
"224","S_1202_S72_L003",1.31114161687808,0.221505813118447,0,"224","1","224",0.187529459424165,0.312917598273229,0.409035272542612,1.72017688942069,2.51486685936587
"225","S_1203_S53",1.31114161687808,0.154048036764183,0,"225","1","225",-0.595049470747211,0.28639666371579,-0.441001433983028,0.87014018289505,0
"226","S_1210_S120",1.31114161687808,0.220419690338493,0,"226","1","226",-0.014071497273327,0.333402617301851,0.206348193065166,1.51748980994324,1.25743342968294
"227","S_1213_S95_L003",1.31114161687808,0.110390040082453,0,"227","1","227",0.342199240678675,0.284173626729924,0.452589280761129,1.76373089763921,2.11474252688113
"228","S_122_S43_L003",1.31114161687808,-0.249846501115119,0,"228","1","228",-0.00737979548471107,0.395247655339275,-0.25722629659983,1.05391532027825,1.56508458007329
"229","S_1247_S133",1.31114161687808,0.0478783578169577,0,"229","1","229",-0.5044220548524,0.334616133764967,-0.456543697035442,0.854597919842636,0
"230","S_1257_S89",1.31114161687808,0.023003016209549,0,"230","1","230",-0.476533316210735,0.287807778727195,-0.453530300001186,0.857611316876892,1.49534878122122
"231","S_125_S163",1.31114161687808,-0.182919194234732,0,"231","1","231",-0.899680503779904,0.341959569514217,-1.08259969801464,0.228541918863442,0
"232","S_1278_S20",1.31114161687808,0.0342017017335953,0,"232","1","232",-0.66281737169678,0.285107507552662,-0.628615669963185,0.682525946914893,0
"233","S_1287_S146",1.31114161687808,0.0258856885768247,0,"233","1","233",0.495378846703799,0.312158759273874,0.521264535280624,1.8324061521587,2.34034731932072
"234","S_1289_S164",1.31114161687808,0.0399945518244596,0,"234","1","234",0.858258869848026,0.313316758092573,0.898253421672486,2.20939503855056,2.21336383940064
"235","S_1308_S183",1.31114161687808,-0.110461293352368,0,"235","1","235",-0.0998555790076907,0.36786413637479,-0.210316872360058,1.10082474451802,1.49534878122122
"236","S_1323_S36",1.31114161687808,0.0598532204418713,0,"236","1","236",0.902990866621948,0.283694711731407,0.962844087063819,2.2739857039419,1.96798967126543
"237","S_1326_S53_L003",1.31114161687808,0.0920954190369601,0,"237","1","237",1.38941262428302,0.282269830337749,1.48150804331998,2.79264966019806,2.78315768371374
"238","S_132_S41",1.31114161687808,-0.117930108372369,0,"238","1","238",-0.9676829653153,0.311432283223546,-1.08561307368767,0.225528543190409,0
"239","S_1370_S76",1.31114161687808,0.00741749349713268,0,"239","1","239",-0.778240995160817,0.283687694073668,-0.770823501663684,0.540318115214394,0
"240","S_1374_S132",1.31114161687808,0.112352050283851,0,"240","1","240",-1.0701521426326,0.296868606136532,-0.95780009234875,0.353341524529328,0
"241","S_1384_S78",1.31114161687808,0.0657596615073278,0,"241","1","241",-0.727105819654588,0.306192829578476,-0.661346158147261,0.649795458730817,0
"242","S_1390_S94",1.31114161687808,-0.0473531628587665,0,"242","1","242",0.558813049843318,0.294837759446657,0.511459886984552,1.82260150386263,2.65914794847249
"243","S_1393_S83_L003",1.31114161687808,0.0658001205060526,0,"243","1","243",-0.705310603996258,0.327225521551462,-0.639510483490205,0.671631133387873,0
"244","S_1395_S102",1.31114161687808,-0.0224437270826385,0,"244","1","244",-0.332100972938607,0.330536802434734,-0.354544700021246,0.956596916856832,1.49534878122122
"245","S_1403_S130",1.31114161687808,-0.075049390036096,0,"245","1","245",-0.394415680535316,0.31858927186709,-0.469465070571412,0.841676546306666,1.31607401295249
"246","S_1405_S126",1.31114161687808,0.0738577422969976,0,"246","1","246",-0.20665033733958,0.286074813816499,-0.132792595042583,1.1783490218355,0
"247","S_1408_S17_L003",1.31114161687808,0.197995505378517,0,"247","1","247",0.632759210542533,0.30041723573153,0.83075471592105,2.14189633279913,2.89250760851908
"248","S_1412_S125",1.31114161687808,0.0288378785849249,0,"248","1","248",-0.563420040302276,0.307244306239355,-0.534582161717351,0.776559455160727,0
"249","S_1413_S10_L003",1.31114161687808,-0.0614720796846419,0,"249","1","249",0.197068072411994,0.312641406125841,0.135595992727352,1.44673760960543,1.56508458007329
"250","S_141_S188",1.31114161687808,0.0799321118531753,0,"250","1","250",0.256197222821075,0.294541307957223,0.33612933467425,1.64727095155233,1
"251","S_1434_S73_L003",1.31114161687808,0.122672756700616,0,"251","1","251",-1.05089210423284,0.309315206148955,-0.928219347532225,0.382922269345853,0
"252","S_1443_S64_L003",1.31114161687808,0.133424521395286,0,"252","1","252",0.0503767656488796,0.288603428992883,0.183801287044166,1.49494290392224,1.56508458007329
"253","S_1462_S171",1.31114161687808,-0.0980447325736244,0,"253","1","253",0.383738668389229,0.29362706536609,0.285693935815605,1.59683555269368,2.05976714390712
"254","S_1464_S64",1.31114161687808,-0.00908779599807052,0,"254","1","254",0.654533935089663,0.311340081167605,0.645446139091592,1.95658775596967,1.25743342968294
"255","S_1467_S106",1.31114161687808,0.13942858638487,0,"255","1","255",-0.2666363177822,0.294286879915871,-0.12720773139733,1.18393388548075,1.56508458007329
"256","S_1468_S139",1.31114161687808,-0.0692843632239541,0,"256","1","256",-0.0969468960106629,0.337818376057321,-0.166231259234617,1.14491035764346,1.56508458007329
"257","S_1479_S2_L003",1.31114161687808,0.0222170867832348,0,"257","1","257",-0.172843626718702,0.280193857751227,-0.150626539935467,1.16051507694261,1.31607401295249
"258","S_147_S19",1.31114161687808,0.0394946657861215,0,"258","1","258",0.0517066031537388,0.290731374996994,0.0912012689398604,1.40234288581794,1.49534878122122
"259","S_14_S3",1.31114161687808,-0.0952321374147169,0,"259","1","259",-0.748213100426336,0.288186009086761,-0.843445237841053,0.467696379037025,0
"260","S_1506_S61",1.31114161687808,0.157183821988215,0,"260","1","260",-0.777031819277767,0.300888571578433,-0.619847997289552,0.691293619588526,0
"261","S_1516_S148",1.31114161687808,-0.195622890128257,0,"261","1","261",0.0731109734065247,0.421425774695314,-0.122511916721732,1.18862970015635,1.73205080756888
"262","S_151_S93",1.31114161687808,-0.117628164250892,0,"262","1","262",-0.278476011072595,0.307140365315458,-0.396104175323487,0.915037441554591,0
"263","S_1521_S18",1.31114161687808,0.117791584367962,0,"263","1","263",-0.196099409396106,0.32995198249652,-0.078307825028144,1.23283379184993,2.11474252688113
"264","S_1528_S47",1.31114161687808,0.0833376137794431,0,"264","1","264",0.80106959242842,0.29299788440751,0.884407206207863,2.19554882308594,2.11474252688113
"265","S_1531_S31_L003",1.31114161687808,0.088590347004509,0,"265","1","265",-0.261353673956214,0.305641193596854,-0.172763326951705,1.13837828992637,0
"266","S_1532_S117",1.31114161687808,0.0107423123593254,0,"266","1","266",1.08397399150258,0.290139931522534,1.0947163038619,2.40585792073998,2.65914794847249
"267","S_1542_S44",1.31114161687808,0.0668827445698499,0,"267","1","267",-0.463099911714615,0.299844241266393,-0.396217167144765,0.914924449733313,0
"268","S_154_S162",1.31114161687808,-0.0816568638550096,0,"268","1","268",0.283730400568931,0.302381326486871,0.202073536713921,1.513215153592,1.65487545982344
"269","S_1552_S185",1.31114161687808,0.151660563827601,0,"269","1","269",-0.344592118212886,0.284730702243383,-0.192931554385285,1.11821006249279,1.31607401295249
"270","S_1561_S52",1.31114161687808,0.0167356148749331,0,"270","1","270",0.169713674775177,0.295609351211633,0.18644928965011,1.49759090652819,1.25743342968294
"271","S_1565_S74_L003",1.31114161687808,0.0345476149045852,0,"271","1","271",-0.0255465037137708,0.28742496673687,0.00900111119081445,1.32014272806889,1.4142135623731
"272","S_1567_S13_L003",1.31114161687808,-0.0251662868073817,0,"272","1","272",0.206145929839115,0.301225260952839,0.180979643031734,1.49212125990981,1.49534878122122
"273","S_159_S190",1.31114161687808,-0.0838007561865483,0,"273","1","273",0.673934724925072,0.347249094891016,0.590133968738523,1.9012755856166,2.34034731932072
"274","S_1604_S168",1.31114161687808,0.097927283567203,0,"274","1","274",0.464823969519654,0.316496294363535,0.562751253086857,1.87389286996494,2.44948974278318
"275","S_1620_S26",1.31114161687808,0.0846514915665894,0,"275","1","275",-0.644013184437508,0.288361575157555,-0.559361692870919,0.751779924007159,0
"276","S_1651_S111",1.31114161687808,0.109097334833191,0,"276","1","276",-0.309699797503281,0.303377809470261,-0.20060246267009,1.11053915420799,1.49534878122122
"277","S_1660_S143",1.31114161687808,0.0897703260071655,0,"277","1","277",-0.145277817917705,0.301930971589339,-0.0555074919105394,1.25563412496754,2.51486685936587
"278","S_1674_S49_L003",1.31114161687808,0.0121223074482317,0,"278","1","278",0.22051760984109,0.270358406802384,0.232639917289322,1.5437815341674,1.25743342968294
"279","S_1675_S175",1.31114161687808,0.0507066046456071,0,"279","1","279",0.208562758374539,0.295492080132829,0.259269363020146,1.57041097989822,1.4142135623731
"280","S_1678_S107",1.31114161687808,0.0278491338847266,0,"280","1","280",0.00519761302261798,0.277077924682735,0.0330467469073446,1.34418836378542,1.31607401295249
"281","S_1687_S90_L003",1.31114161687808,0.0528044991810919,0,"281","1","281",-0.645336090471441,0.333139367951539,-0.592531591290349,0.718610025587728,0
"282","S_1691_S141",1.31114161687808,0.0256543312700369,0,"282","1","282",-0.592648056250693,0.300020598761238,-0.566993724980656,0.744147891897422,1.39157884185687
"283","S_1697_S147",1.31114161687808,-0.315291050179602,0,"283","1","283",0.0512907896312915,0.473238569859774,-0.26400026054831,1.04714135632977,1.49534878122122
"284","S_169_S27",1.31114161687808,0.0863152757166352,0,"284","1","284",0.130485085026247,0.290359469156529,0.216800360742882,1.52794197762096,1.31607401295249
"285","S_16_S56_L003",1.31114161687808,-0.00241484537760182,0,"285","1","285",0.582443456838484,0.295141328998488,0.580028611460882,1.89117022833896,2.23606797749979
"286","S_1725_S144",1.31114161687808,-0.283263295625471,0,"286","1","286",-0.361191930512186,0.465944867957262,-0.644455226137657,0.666686390740421,0.840896415253715
"287","S_1727_S30",1.31114161687808,0.0367193313426168,0,"287","1","287",-0.103847891793061,0.30802917064498,-0.0671285604504438,1.24401305642763,1.25743342968294
"288","S_1735_S172",1.31114161687808,0.0210326618273919,0,"288","1","288",0.558980214105628,0.306921558902458,0.58001287593302,1.8911544928111,1.56508458007329
"289","S_1740_S146",1.31114161687808,-0.0975631650459709,0,"289","1","289",0.559014261740074,0.351731475870199,0.461451096694103,1.77259271357218,1.91682931273882
"290","S_1747_S48_L003",1.31114161687808,0.0727474942115503,0,"290","1","290",0.0192604372005963,0.300832428331063,0.0920079314121466,1.40314954829022,1.49534878122122
"291","S_1753_S75",1.31114161687808,0.188343956217297,0,"291","1","291",0.148226656443555,0.320353444371087,0.336570612660852,1.64771222953893,1.49534878122122
"292","S_1755_S134",1.31114161687808,-0.065859096349109,0,"292","1","292",0.0760824062734524,0.291120141732637,0.0102233099243434,1.32136492680242,1
"293","S_1757_S61_L003",1.31114161687808,-0.107421545688976,0,"293","1","293",0.0287237039686618,0.284638308919356,-0.0786978417203141,1.23244377515776,1.96798967126543
"294","S_177_S62",1.31114161687808,-0.0559417616324517,0,"294","1","294",0.343572691032494,0.300455577579985,0.287630929400043,1.59877254627812,1.49534878122122
"295","S_1780_S45_L003",1.31114161687808,-0.0479855358150876,0,"295","1","295",0.579777556221946,0.302296307897783,0.531792020406858,1.84293363728494,1.8612097182042
"296","S_1781_S84",1.31114161687808,-0.281108040641831,0,"296","1","296",0.231930195853016,0.439466750203433,-0.0491778447888157,1.26196377208926,1.96798967126543
"297","S_1783_S150",1.31114161687808,-0.182676755410328,0,"297","1","297",0.0575768864490959,0.371987052500721,-0.125099868961233,1.18604174791685,0.840896415253715
"298","S_1799_S86",1.31114161687808,-0.0717438758505394,0,"298","1","298",-0.413609301990274,0.310536246075094,-0.485353177840814,0.825788439037265,1.31607401295249
"299","S_1800_S14_L003",1.31114161687808,0.0794348036212856,0,"299","1","299",-0.979334938943422,0.296068036567344,-0.899900135322137,0.411241481555941,0
"300","S_1811_S148",1.31114161687808,0.0502216101027258,0,"300","1","300",0.279644464760691,0.312447244575869,0.329866074863417,1.64100769174149,2.11474252688113
"301","S_181_S65",1.31114161687808,-0.0602121255880094,0,"301","1","301",0.199737272237649,0.320133380570768,0.13952514664964,1.45066676352772,1.62657656169779
"302","S_1822_S37",1.31114161687808,-0.130973629337147,0,"302","1","302",0.197240901689033,0.336688418561393,0.0662672723518863,1.37740888922996,1.77827941003892
"303","S_1823_S3_L003",1.31114161687808,-0.0306011335352289,0,"303","1","303",-0.478235458966793,0.31608572304205,-0.508836592502022,0.802305024376056,1
"304","S_1824_S180",1.31114161687808,0.0345393690062479,0,"304","2","  1",-0.793308728419773,0.318935072549562,-0.758769359413525,0.552372257464553,NA
"305","S_1828_S156",1.31114161687808,-0.0538723596528692,0,"305","1","304",-0.543849237454957,0.306632519415221,-0.597721597107826,0.713420019770252,1.18920711500272
"306","S_1834_S114",1.31114161687808,-0.0347870570703939,0,"306","1","305",-0.0375280311453981,0.29758399696705,-0.072315088215792,1.23882652866229,1.77827941003892
"307","S_1835_S57",1.31114161687808,0.121872564925562,0,"307","1","306",-0.519375547198883,0.292547882843321,-0.397502982273321,0.913638634604757,0
"308","S_1845_S34",1.31114161687808,0.193036759481877,0,"308","1","307",0.409986416067032,0.316421036049145,0.603023175548909,1.91416479242699,2.51486685936587
"309","S_1855_S49",1.31114161687808,-0.00874692392145819,0,"309","1","308",-0.521712181384233,0.297946163248646,-0.530459105305691,0.780682511572387,1
"310","S_1856_S51",1.31114161687808,0.109324794591005,0,"310","1","309",0.259318066535684,0.310877964517012,0.368642861126689,1.67978447800477,0.840896415253715
"311","S_185_S72",1.31114161687808,-0.170543941641601,0,"311","1","310",0.363086312823431,0.355723994491127,0.192542371181829,1.50368398805991,0
"312","S_1861_S1_L003",1.31114161687808,0.0639886776536828,0,"312","1","311",0.747286720223058,0.311350063467316,0.811275397876741,2.12241701475482,2.51486685936587
"313","S_1871_S186",1.31114161687808,0.151336501624648,0,"313","1","312",0.293111186378081,0.331397400578022,0.44444768800273,1.75558930488081,1.73205080756888
"314","S_188_S79",1.31114161687808,0.0314943499302713,0,"314","1","313",-0.0763619491886504,0.339085015973028,-0.0448675992583791,1.2662740176197,1.18920711500272
"315","S_1909_S132",1.31114161687808,-0.0461611276831866,0,"315","1","314",0.138306307009661,0.306157683829413,0.0921451793264744,1.40328679620455,2.05976714390712
"316","S_190_S2",1.31114161687808,0.0401587659402352,0,"316","1","315",0.219666410906213,0.339230375378126,0.259825176846448,1.57096679372453,2.23606797749979
"317","S_1910_S23_L003",1.31114161687808,0.167250443505826,0,"317","1","316",-0.593023876161399,0.304136034393872,-0.425773432655572,0.885368184222506,1.49534878122122
"318","S_1921_S54",1.31114161687808,-0.101358638806156,0,"318","1","317",-0.407331973560852,0.33242279046936,-0.508690612367008,0.802451004511071,0
"319","S_1934_S21_L003",1.31114161687808,0.00170630100699935,0,"319","1","318",0.689997903516027,0.286553711735926,0.691704204523026,2.0028458214011,2.89250760851908
"320","S_1935_S15",1.31114161687808,-0.0286887126033175,0,"320","1","319",0.215468623626218,0.31607945015242,0.186779911022901,1.49792152790098,1.49534878122122
"321","S_1939_S59",1.31114161687808,0.00389210041121012,0,"321","1","320",0.609673124449877,0.31519406363498,0.613565224861087,1.92470684173917,2.11474252688113
"322","S_1945_S21",1.31114161687808,-0.0419520199546244,0,"322","1","321",0.257265270458048,0.329114689740612,0.215313250503424,1.5264548673815,2.21336383940064
"323","S_1946_S184",1.31114161687808,-0.154752678742018,0,"323","1","322",0.207088957100385,0.328018240624968,0.0523362783583667,1.36347789523644,1.31607401295249
"324","S_1950_S66",1.31114161687808,-0.0422737883101879,0,"324","1","323",-0.500743753170924,0.333005457274653,-0.543017541481112,0.768124075396966,0
"325","S_1955_S145",1.31114161687808,-0.334279686812738,0,"325","1","324",0.0166827192262463,0.453403802902,-0.317596967586492,0.993544649291586,1.45647531512197
"326","S_1956_S127",1.31114161687808,-0.10053106954535,0,"326","1","325",-0.261561029925864,0.346581793339459,-0.362092099471214,0.949049517406864,0
"327","S_1971_S104",1.31114161687808,-0.136235244578463,0,"327","1","326",0.969917087089923,0.34186130897912,0.83368184251146,2.14482345938954,2.11474252688113
"328","S_1998_S79_L003",1.31114161687808,-0.0918749753178073,0,"328","1","327",-0.453256916247422,0.30414325474767,-0.54513189156523,0.766009725312848,0
"329","S_199_S59_L003",1.31114161687808,-0.0704610851603957,0,"329","1","328",-0.159469767336731,0.316054293512125,-0.229930852497127,1.08121076438095,1
"330","S_1_S123",1.31114161687808,-0.191581114247226,0,"330","1","329",-0.513299735632634,0.35218134442542,-0.704880849879861,0.606260766998217,0
"331","S_2005_S22",1.31114161687808,-0.112707585425337,0,"331","1","330",0.290111249113474,0.311942826474973,0.177403663688137,1.48854528056622,2.23606797749979
"332","S_2008_S85_L003",1.31114161687808,-0.00136317364117731,0,"332","1","331",0.384802243805482,0.30401175757332,0.383439070164305,1.69458068704238,1.31607401295249
"333","S_2025_S28",1.31114161687808,0.0963425570744469,0,"333","1","332",-0.0917459405336065,0.30859156389096,0.00459661654084047,1.31573823341892,1.25743342968294
"334","S_2029_S18_L003",1.31114161687808,-0.065185085338439,0,"334","1","333",1.26398818719338,0.296673057029402,1.19880310185494,2.50994471873302,2.51486685936587
"335","S_2031_S70",1.31114161687808,-0.0736073359769468,0,"335","1","334",-0.331267384168581,0.295204893493514,-0.404874720145528,0.90626689673255,0
"336","S_2038_S118",1.31114161687808,-0.07492260043277,0,"336","1","335",1.05999563615273,0.300330688028746,0.985073035719961,2.29621465259804,2.44948974278318
"337","S_2075_S187",1.31114161687808,-0.186232652788762,0,"337","1","336",-0.201359475244034,0.408856923652314,-0.387592128032796,0.923549488845282,0
"338","S_2076_S5_L003",1.31114161687808,0.0235958428036149,0,"338","1","337",0.104122534098225,0.306151077345327,0.12771837690184,1.43885999377992,1.77827941003892
"339","S_2077_S82_L003",1.31114161687808,-0.082321463419849,0,"339","1","338",-0.405142390776373,0.321831517616885,-0.487463854196222,0.823677762681856,0.840896415253715
"340","S_2080_S6_L003",1.31114161687808,-0.130743562769107,0,"340","1","339",0.892714921116283,0.315431770425007,0.761971358347175,2.07311297522525,2.51486685936587
"341","S_2083_S65_L003",1.31114161687808,-0.0614324777545317,0,"341","1","340",0.210762053984344,0.327537232927695,0.149329576229812,1.46047119310789,1.31607401295249
"342","S_2089_S17",1.31114161687808,0.0293419359140762,0,"342","1","341",-0.875388342321199,0.33988979219067,-0.846046406407123,0.465095210470955,0
"343","S_2096_S54_L003",1.31114161687808,-0.132725086214136,0,"343","1","342",0.541083022931596,0.321973451338411,0.40835793671746,1.71949955359554,2.51486685936587
"344","S_2098_S191",1.31114161687808,-0.0408566950136516,0,"344","1","343",0.635638823889336,0.281243743795285,0.594782128875685,1.90592374575376,1.31607401295249
"345","S_2108_S154",1.31114161687808,-0.0976674392012326,0,"345","1","344",0.152268008207784,0.343363513116722,0.054600569006551,1.36574218588463,1.77827941003892
"346","S_210_S177",1.31114161687808,0.176767100818157,0,"346","1","345",-1.29384583327205,0.33172512114608,-1.11707873245389,0.194062884424188,0
"347","S_2120_S134",1.31114161687808,-0.19908855504583,0,"347","1","346",-0.342595320786561,0.350182456752259,-0.541683875832391,0.769457741045687,0
"348","S_2124_S101",1.31114161687808,-0.277379776284737,0,"348","1","347",-0.811618527817541,0.347820871629866,-1.08899830410228,0.2221433127758,0
"349","S_2125_S140",1.31114161687808,-0.205449009945185,0,"349","1","348",-0.299612583190832,0.328625388690759,-0.505061593136017,0.806080023742061,0
"350","S_2126_S35",1.31114161687808,-0.134760786339492,0,"350","1","349",-0.135836899552384,0.319106028255662,-0.270597685891876,1.0405439309862,1.31607401295249
"351","S_212_S12",1.31114161687808,0.308784356265553,0,"351","1","350",-1.15534221721096,0.326593133036566,-0.846557860945409,0.464583755932669,0
"352","S_2130_S16_L003",1.31114161687808,-0.0800582392198588,0,"352","1","351",-0.0183781402827655,0.323928167853509,-0.0984363795026243,1.21270523737545,1.96798967126543
"353","S_2138_S112",1.31114161687808,-0.0880644567116219,0,"353","1","352",0.15262408925758,0.304324354576526,0.0645596325459581,1.37570124942404,2.23606797749979
"354","S_2139_S60",1.31114161687808,-0.141112967723575,0,"354","1","353",-0.0879272775705651,0.309539584561439,-0.22904024529414,1.08210137158394,1.18920711500272
"355","S_2149_S9_L003",1.31114161687808,-0.0643927366273644,0,"355","1","354",-0.851499518955859,0.297083616429683,-0.915892255583223,0.395249361294855,0
"356","S_2157_S122",1.31114161687808,-0.129090149773733,0,"356","1","355",0.286350206695349,0.353253674766519,0.157260056921616,1.46840167379969,1.18920711500272
"357","S_2162_S4_L003",1.31114161687808,-0.0487458857585906,0,"357","1","356",0.500399593954648,0.333817337127538,0.451653708196057,1.76279532507414,2.05976714390712
"358","S_2167_S81_L003",1.31114161687808,-0.142052496901857,0,"358","1","357",-0.560466877133409,0.330039986638787,-0.702519374035266,0.608622242842812,0
"359","S_2177_S11_L003",1.31114161687808,-0.0795442575544533,0,"359","1","358",0.162712300463009,0.339123926037548,0.0831680429085558,1.39430965978663,1.25743342968294
"360","S_2194_S133",1.31114161687808,-0.081957761373624,0,"360","1","359",0.646970296084121,0.302358153312876,0.565012534710497,1.87615415158858,1.8612097182042
"361","S_2195_S129",1.31114161687808,-0.00367920416278369,0,"361","1","360",-0.716061812402483,0.289248111885389,-0.719741016565267,0.591400600312811,0
"362","S_2200_S5",1.31114161687808,-0.105151982663422,0,"362","1","361",-0.673386265950718,0.316732509986008,-0.77853824861414,0.532603368263938,0.562341325190349
"363","S_2224_S161",1.31114161687808,-0.0789899402609933,0,"363","1","362",0.704797750062598,0.300182995003115,0.625807809801604,1.93694942667968,2.34034731932072
"364","S_2225_S110",1.31114161687808,-0.20093204935435,0,"364","1","363",0.298273056853664,0.364326192892301,0.0973410074993135,1.40848262437739,1.31607401295249
"365","S_2233_S80_L003",1.31114161687808,-0.0698935797695903,0,"365","1","364",-0.0861556586990354,0.294387298728426,-0.156049238468626,1.15509237840945,1.56508458007329
"366","S_2277_S189",1.31114161687808,-0.218136297794345,0,"366","1","365",0.664544081120002,0.399365379217661,0.446407783325657,1.75754940020374,2.05976714390712
"367","S_228_S138",1.31114161687808,0.237491061623138,0,"367","1","366",-0.737436856445833,0.322883965650764,-0.499945794822695,0.811195822055384,0.840896415253715
"368","S_2296_S115",1.31114161687808,0.153404902517693,0,"368","1","367",-0.772532995174095,0.302881824685151,-0.619128092656402,0.692013524221676,0
"369","S_229_S24_L003",1.31114161687808,0.272669358324037,0,"369","1","368",0.254717422342684,0.328701970519258,0.527386780666722,1.8385283975448,1.96798967126543
"370","S_2316_S149",1.31114161687808,0.0246708895266995,0,"370","1","369",-0.251618450577165,0.3176152057249,-0.226947561050465,1.08419405582761,1
"371","S_2317_S77_L003",1.31114161687808,0.279655514607557,0,"371","1","370",0.255942890363484,0.327494121317829,0.535598404971041,1.84674002184912,1.49534878122122
"372","S_2318_S85",1.31114161687808,0.336409594741635,0,"372","1","371",0.0420773151689368,0.327150692679645,0.378486909910572,1.68962852678865,2.44948974278318
"373","S_2326_S100",1.31114161687808,0.170321430746724,0,"373","1","372",-0.915382854574697,0.30734534717298,-0.745061423827972,0.566080193050106,0
"374","S_2332_S35_L003",1.31114161687808,0.325475907528922,0,"374","1","373",0.467591062562166,0.338503906895357,0.793066970091087,2.10420858696917,1.96798967126543
"375","S_2335_S96",1.31114161687808,-0.267843147621132,0,"375","1","374",-0.0249569075552488,0.468222530217771,-0.292800055176381,1.0183415617017,0
"376","S_2341_S56",1.31114161687808,0.121226050083699,0,"376","1","375",-1.49455769051891,0.301849062482988,-1.37333164043521,0,0
"377","S_2344_S156",1.31114161687808,-0.303233293079081,0,"377","1","376",-0.104348369055733,0.478793060140898,-0.407581662134814,0.903559954743264,0
"378","S_2346_S152",1.31114161687808,0.0124873784833832,0,"378","1","377",-1.17576196111499,0.290637299057078,-1.1632745826316,0.147867034246473,0
"379","S_2387_S147",1.31114161687808,0.0536187465955981,0,"379","1","378",0.0180161995067459,0.290893546635131,0.071634946102344,1.38277656298042,1.18920711500272
"380","S_2397_S166",1.31114161687808,-0.00816618227139924,0,"380","1","379",-0.124717014581473,0.30825495970402,-0.132883196852872,1.17825842002521,1.56508458007329
"381","S_255_S45",1.31114161687808,0.0219897757933723,0,"381","1","380",-0.662067271537811,0.330028319182389,-0.640077495744439,0.671064121133639,0
"382","S_256_S39_L003",1.31114161687808,-0.200007041116042,0,"382","1","381",-0.85165569557121,0.336121237957828,-1.05166273668725,0.259478880190826,0
"383","S_274_S192",1.31114161687808,-0.0404234421654619,0,"383","1","382",-0.627866524568721,0.302333246772375,-0.668289966734183,0.642851650143895,0
"384","S_276_S74",1.31114161687808,-0.00152891711987674,0,"384","1","383",0.188141432480835,0.303931130763484,0.186612515360958,1.49775413223904,1.49534878122122
"385","S_27_S7",1.31114161687808,-0.00285615637689227,0,"385","1","384",-0.590442309061643,0.324251678735844,-0.593298465438535,0.717843151439543,0.840896415253715
"386","S_285_1_S191",1.31114161687808,0.0613325904491258,0,"386","1","385",0.85016722343244,0.282968949000188,0.911499813881566,2.22264143075964,2.05976714390712
"387","S_289_S32_L003",1.31114161687808,-0.159878705372534,0,"387","1","386",0.0232333024300926,0.365530337073116,-0.136645402942441,1.17449621393564,1.31607401295249
"388","S_292_S80",1.31114161687808,0.176924010353999,0,"388","1","387",-0.335403364980074,0.300238289096147,-0.158479354626075,1.152662262252,1.31607401295249
"389","S_295_S46_L003",1.31114161687808,0.347972252613412,0,"389","1","388",-0.415162858802863,0.350769559376771,-0.0671906061894508,1.24395101068863,1.31607401295249
"390","S_297_S95",1.31114161687808,0.267498030181746,0,"390","1","389",0.586698365528487,0.310602723861665,0.854196395710233,2.16533801258831,2.51486685936587
"391","S_302_S182",1.31114161687808,0.118623644439457,0,"391","1","390",0.666495008146853,0.297396505089352,0.785118652586309,2.09626026946439,2.11474252688113
"392","S_328_S179",1.31114161687808,-0.0278591045013545,0,"392","1","391",0.126979475366962,0.338882033337226,0.0991203708656079,1.41026198774369,1.56508458007329
"393","S_32_S152",1.31114161687808,-0.228932046173135,0,"393","1","392",-0.844132079241589,0.320081561797939,-1.07306412541472,0.238077491463354,0
"394","S_331_S25",1.31114161687808,-0.0177596573618181,0,"394","1","393",-0.364632144322013,0.317795364357904,-0.382391801683832,0.928749815194246,0
"395","S_334_S137",1.31114161687808,0.00376701209381006,0,"395","1","394",-1.35429916410158,0.371683401234591,-1.35053215200777,0,0
"396","S_337_S8",1.31114161687808,0.347414949391563,0,"396","1","395",0.902717149583167,0.323798913284183,1.25013209897473,2.56127371585281,2.99069756244244
"397","S_339_S28_L003",1.31114161687808,0.203172106849868,0,"397","1","396",-0.471775131900655,0.31464823228327,-0.268603025050787,1.04253859182729,0
"398","S_341_S162",1.31114161687808,-0.212376437438033,0,"398","1","397",-0.0908350063640479,0.405993833758331,-0.303211443802081,1.007930173076,1.83142075074235
"399","S_344_S160",1.31114161687808,-0.303301961373271,0,"399","1","398",0.0477717271599274,0.46328066513005,-0.255530234213344,1.05561138266473,1.56508458007329
"400","S_357_S87",1.31114161687808,0.306342642461632,0,"400","1","399",-0.401262562958523,0.324226292166021,-0.0949199204968911,1.21622169638119,1.49534878122122
"401","S_371_S41_L003",1.31114161687808,0.200346928318383,0,"401","1","400",-0.262940652819193,0.358446587116072,-0.0625937245008106,1.24854789237727,1
"402","S_373_S73",1.31114161687808,-0.218984592869268,0,"402","1","401",0.328427298985936,0.34834695390021,0.109442706116668,1.42058432299475,0
"403","S_377_S12_L003",1.31114161687808,-0.0957882964728276,0,"403","1","402",0.548205925250803,0.306871044432726,0.452417628777976,1.76355924565605,2.78315768371374
"404","S_385_S62_L003",1.31114161687808,-0.146277193153759,0,"404","1","403",-0.132797140481539,0.297444906857015,-0.279074333635297,1.03206728324278,2.23606797749979
"405","S_393_S135",1.31114161687808,-0.0863782205682671,0,"405","2","  2",-0.232726683344603,0.33710038731909,-0.31910490391287,0.992036712965208,NA
"406","S_397_S176",1.31114161687808,-0.1258476268342,0,"406","1","404",-0.0200988331392741,0.299561503687076,-0.145946459973474,1.1651951569046,1.18920711500272
"407","S_406_S140",1.31114161687808,-0.00338641528177012,0,"407","1","405",0.873908612771503,0.294339079622048,0.870522197489733,2.18166381436781,2.65914794847249
"408","S_407_S131",1.31114161687808,-0.0272988737691391,0,"408","1","406",-1.78738461552202,0.288654387760117,-1.81468348929116,0,0
"409","S_413_S86_L003",1.31114161687808,-0.0275084907591297,0,"409","1","407",-0.276539018371688,0.305057653791811,-0.304047509130818,1.00709410774726,0
"410","S_419_S1",1.31114161687808,-0.0429815921105556,0,"410","1","408",0.00996156152003383,0.316212761415453,-0.0330200305905218,1.27812158628756,1.49534878122122
"411","S_41_S124",1.31114161687808,-0.0370482212958231,0,"411","1","409",-0.339871002866082,0.33069571098169,-0.376919224161905,0.934222392716173,0
"412","S_440_S128",1.31114161687808,-0.318737454437829,0,"412","1","410",-0.272993837196685,0.408272211254223,-0.591731291634514,0.719410325243565,0
"413","S_450_S135",1.31114161687808,-0.0243998985952807,0,"413","1","411",-0.500299694377543,0.299013791900613,-0.524699592972823,0.786442023905255,0.840896415253715
"414","S_453_S63",1.31114161687808,-0.142811898420934,0,"414","1","412",-0.458017087188008,0.330013162140993,-0.600828985608942,0.710312631269136,0
"415","S_454_S71_L003",1.31114161687808,-0.0298591070812206,0,"415","1","413",0.394935537195689,0.303235104463106,0.365076430114469,1.67621804699255,2.54572989502183
"416","S_469_S119",1.31114161687808,-0.0776897193973804,0,"416","1","414",0.388134713128526,0.342464753504573,0.310444993731146,1.62158661060922,2.89250760851908
"417","S_474_S89_L003",1.31114161687808,-0.346933856998509,0,"417","1","415",0.189296133803678,0.468953610969883,-0.157637723194831,1.15350389368325,0
"418","S_481_S27_L003",1.31114161687808,0.0280084045787128,0,"418","1","416",-0.366836640000133,0.297705420979476,-0.33882823542142,0.972313381456658,0.840896415253715
"419","S_487_S31",1.31114161687808,-0.0730906633351028,0,"419","1","417",-0.0123845856741328,0.306975441006117,-0.0854752490092356,1.22566636786884,1.49534878122122
"420","S_501_S43",1.31114161687808,-0.121999247710956,0,"420","1","418",-0.124366438453114,0.315759375361934,-0.24636568616407,1.06477593071401,0
"421","S_509_S109",1.31114161687808,-0.0867341883603838,0,"421","1","419",-0.66680185057153,0.313570750291082,-0.753536038931914,0.557605577946164,0
"422","S_515_S58",1.31114161687808,-0.193702029687084,0,"422","1","420",-1.02297932416348,0.309465085195491,-1.21668135385056,0.0944602630275175,0
"423","S_516_S138",1.31114161687808,-0.311215206190601,0,"423","1","421",-0.472877003150706,0.457751788385457,-0.784092209341307,0.527049407536771,0
"424","S_517_S20_L003",1.31114161687808,-0.0750942311968699,0,"424","1","422",1.30363442154033,0.286728587704194,1.22854019034346,2.53968180722154,2.89250760851908
"425","S_522_S10",1.31114161687808,0.00913051693816233,0,"425","1","423",0.354607015445734,0.286608597897691,0.363737532383896,1.67487914926197,2.34034731932072
"426","S_524_S33_L003",1.31114161687808,-0.109297677784627,0,"426","1","424",0.0160717561552049,0.300306579581092,-0.0932259216294226,1.21791569524866,1.31607401295249
"427","S_528_S103",1.31114161687808,-0.087114344101816,0,"427","1","425",0.31995685358516,0.312621035525184,0.232842509483344,1.54398412636142,2.34034731932072
"428","S_533_S68",1.31114161687808,-0.207115598843864,0,"428","1","426",0.0465895506009537,0.357785995930142,-0.16052604824291,1.15061556863517,1.56508458007329
"429","S_537_S78_L003",1.31114161687808,-0.0987857811905247,0,"429","1","427",0.775597194714245,0.324967789439331,0.676811413523721,1.9879530304018,2.78315768371374
"430","S_545_S69",1.31114161687808,-0.0730179106483878,0,"430","1","428",0.15457745188366,0.294425704117707,0.0815595412352722,1.39270115811335,1.10668191970032
"431","S_565_S149",1.31114161687808,-0.130698606750278,0,"431","1","429",0.31550598709157,0.304654685950937,0.184807380341292,1.49594899721937,2.05976714390712
"432","S_567_S165",1.31114161687808,-0.113248848095529,0,"432","1","430",-0.830240843432599,0.310929664772109,-0.943489691528128,0.36765192534995,0
"433","S_574_S155",1.31114161687808,-0.298596646323771,0,"433","1","431",0.277220160520525,0.461433386808034,-0.0213764858032465,1.28976513107483,0
"434","S_591_S99",1.31114161687808,0.0595562471688876,0,"434","1","432",-0.159090846800111,0.321370824648058,-0.0995345996312233,1.21160701724685,1.49534878122122
"435","S_5_S63_L003",1.31114161687808,-0.259959218343192,0,"435","1","433",0.389922141634246,0.440123401456029,0.129962923291054,1.44110454016913,2.51486685936587
"436","S_629_S113",1.31114161687808,0.34843816230488,0,"436","1","434",0.0285584413476788,0.318859019974263,0.376996603652559,1.68813822053064,1.77827941003892
"437","S_630_S51_L003",1.31114161687808,0.115238404386494,0,"437","1","435",0.158758973964985,0.319403424085403,0.27399737835148,1.58513899522956,2.11474252688113
"438","S_631_S87_L003",1.31114161687808,0.214676578069869,0,"438","1","436",0.188168248630005,0.297824875585704,0.402844826699873,1.71398644357795,1.96798967126543
"439","S_63_S170",1.31114161687808,0.037010868219565,0,"439","1","437",0.0966715442950647,0.291478158197363,0.13368241251463,1.44482402939271,0
"440","S_640_S178",1.31114161687808,0.113324131567005,0,"440","1","438",-0.867013603854878,0.309733832394668,-0.753689472287873,0.557452144590205,0
"441","S_646_S142",1.31114161687808,0.262135860228814,0,"441","1","439",-0.326732970454007,0.321249602003117,-0.0645971102251922,1.24654450665289,1.25743342968294
"442","S_650_S129",1.31114161687808,-0.240849778742551,0,"442","1","440",0.209328221012113,0.450910524929948,-0.0315215577304384,1.27962005914764,2.17793858734643
"443","S_653_S6",1.31114161687808,0.388816067524908,0,"443","1","441",1.00014151912234,0.338828403562976,1.38895758664725,2.70009920352533,2.34034731932072
"444","S_656_S181",1.31114161687808,0.346475331965349,0,"444","1","442",0.369703332126616,0.326914610124119,0.716178664091965,2.02732028097004,2.34034731932072
"445","S_657_S154",1.31114161687808,-0.336981738803532,0,"445","1","443",0.100651512169741,0.475824174984857,-0.236330226633791,1.07481139024429,2.23606797749979
"446","S_658_S33",1.31114161687808,0.417472988744621,0,"446","1","444",0.847277711574863,0.353445435283074,1.26475070031948,2.57589231719756,2.89250760851908
"447","S_65_S29_L003",1.31114161687808,-0.0676645726221377,0,"447","1","445",0.305254762692852,0.292508789644933,0.237590190070714,1.54873180694879,2.11474252688113
"448","S_662_S98",1.31114161687808,0.147371915506845,0,"448","1","446",-0.45416009641071,0.300806846105318,-0.306788180903864,1.00435343597421,0.840896415253715
"449","S_673_S40_L003",1.31114161687808,0.222845701280165,0,"449","1","447",0.146654390570875,0.332016348235823,0.369500091851041,1.68064170872912,1.4142135623731
"450","S_674_S130",1.31114161687808,0.224413000749204,0,"450","1","448",-0.901711450794242,0.322577957447295,-0.677298450045038,0.63384316683304,0
"451","S_679_S9",1.31114161687808,0.164293752803796,0,"451","1","449",-0.409248107746186,0.308616135154597,-0.244954354942391,1.06618726193569,1.25743342968294
"452","S_685_S121",1.31114161687808,0.287270437120183,0,"452","1","450",-0.221245762486252,0.316990232255872,0.0660246746339314,1.37716629151201,1.31607401295249
"453","S_695_S46",1.31114161687808,0.201793548978529,0,"453","1","451",0.489019233468521,0.283742694139836,0.69081278244705,2.00195439932513,2.51486685936587
"454","S_696_S88",1.31114161687808,0.0269566886878325,0,"454","1","452",0.556957038072427,0.305667446953474,0.583913726760259,1.89505534363834,2.34034731932072
"455","S_706_S108",1.31114161687808,0.325327154281734,0,"455","1","453",-0.556338149813246,0.329135651667781,-0.231010995531512,1.08013062134657,1.25743342968294
"456","S_711_S50",1.31114161687808,0.163359597372142,0,"456","1","454",0.127325529593468,0.299417760941121,0.29068512696561,1.60182674384369,1.49534878122122
"457","S_712_S136",1.31114161687808,0.289113155355189,0,"457","1","455",0.148230295954788,0.307804810432113,0.437343451309977,1.74848506818805,1.45647531512197
"458","S_713_S163",1.31114161687808,-0.140310056605844,0,"458","1","456",0.526805163671977,0.390145115987577,0.386495107066133,1.69763672394421,1.77827941003892
"459","S_714_S34_L003",1.31114161687808,0.266320001794143,0,"459","1","457",0.157961469386872,0.336631610679945,0.424281471181015,1.73542308805909,1.56508458007329
"460","S_726_S69_L003",1.31114161687808,0.311202056899742,0,"460","1","458",0.806950003112281,0.318588771932705,1.11815206001202,2.4292936768901,2.78315768371374
"461","S_733_S67_L003",1.31114161687808,0.177606970657922,0,"461","1","459",-0.0597958038023944,0.285273725201346,0.117811166855527,1.42895278373361,1.25743342968294
"462","S_738_S39",1.31114161687808,0.34209593857369,0,"462","1","460",0.133361044417667,0.33941626941811,0.475456982991357,1.78659859986943,1.56508458007329
"463","S_758_S128",1.31114161687808,0.343293968629168,0,"463","1","461",0.580100221110887,0.351041850671067,0.923394189740055,2.23453580661813,2.65914794847249
"464","S_762_S173",1.31114161687808,0.352641935222576,0,"464","1","462",0.798202375815948,0.342038878735093,1.15084431103852,2.4619859279166,2.11474252688113
"465","S_764_S93_L003",1.31114161687808,0.218819813630294,0,"465","1","463",1.25307778981338,0.303722864345374,1.47189760344368,2.78303922032176,2.89250760851908
"466","S_765_S48",1.31114161687808,0.266135613781296,0,"466","1","464",0.659733492987198,0.319819990191784,0.925869106768493,2.23701072364657,1.31607401295249
"467","S_770_S57_L003",1.31114161687808,0.0138420570798145,0,"467","1","465",-0.120692461310001,0.298938483078692,-0.106850404230186,1.20429121264789,1.4142135623731
"468","S_772_S58_L003",1.31114161687808,0.252651298848286,0,"468","1","466",-1.06697006930958,0.301068900077693,-0.814318770461292,0.496822846416787,0
"469","S_779_S94_L003",1.31114161687808,0.0759154325193951,0,"469","1","467",-0.802470096562699,0.301806946786987,-0.726554664043304,0.584586952834774,0
"470","S_7_S141",1.31114161687808,-0.00723847169894383,0,"470","1","468",-0.183992656304729,0.315064548847015,-0.191231128003673,1.1199104888744,1.31607401295249
"471","S_813_S44_L003",1.31114161687808,0.144261759764262,0,"471","1","469",0.445229351504463,0.296130526239888,0.589491111268724,1.9006327281468,2.23606797749979
"472","S_824_S40",1.31114161687808,0.183047124337203,0,"472","1","470",-0.94602271096674,0.286840225218989,-0.762975586629537,0.548166030248541,0
"473","S_825_S71",1.31114161687808,0.250475134945092,0,"473","1","471",-0.741560214718371,0.31957441525173,-0.491085079773279,0.820056537104799,1.25743342968294
"474","S_826_S8_L003",1.31114161687808,0.116053189735773,0,"474","1","472",0.13055725709985,0.278572304417641,0.246610446835623,1.5577520637137,1.56508458007329
"475","S_837_S50_L003",1.31114161687808,0.225805738190284,0,"475","1","473",1.00549595475797,0.304197210819377,1.23130169294826,2.54244330982633,2.65914794847249
"476","S_83_S14",1.31114161687808,0.0105389622596193,0,"476","1","474",-0.353306071099241,0.333415411820161,-0.342767108839621,0.968374508038457,0
"477","S_840_S88_L003",1.31114161687808,0.0613040420458866,0,"477","1","475",0.406435134947681,0.28189055993494,0.467739176993568,1.77888079387165,1.77827941003892
"478","S_844_S151",1.31114161687808,0.217592103456835,0,"478","1","476",-0.728553300115459,0.285448457637522,-0.510961196658624,0.800180420219454,0
"479","S_85_S36_L003",1.31114161687808,0.057437389800624,0,"479","1","477",0.0943108432041224,0.326416995282213,0.151748233004746,1.46288984988282,1.18920711500272
"480","S_861_S22_L003",1.31114161687808,0.0999007766998924,0,"480","1","478",0.0817549164782211,0.274614361296688,0.181655693178114,1.49279731005619,2.51486685936587
"481","S_865_S82",1.31114161687808,0.114399015130172,0,"481","1","479",0.116484493962505,0.287853514020387,0.230883509092678,1.54202512597076,1.77827941003892
"482","S_879_S97",1.31114161687808,0.289137283579698,0,"482","1","480",0.114905399341407,0.304745989970334,0.404042682921105,1.71518429979918,1.31607401295249
"483","S_87_S81",1.31114161687808,-0.0743028220596796,0,"483","1","481",0.493261112995587,0.299585565293516,0.418958290935908,1.73009990781399,2.34034731932072
"484","S_885_S77",1.31114161687808,0.139503940278419,0,"484","1","482",-0.16089709413419,0.276640000923454,-0.0213931538557707,1.28974846302231,0.840896415253715
"485","S_901_S136",1.31114161687808,-0.0555971042788311,0,"485","2","  3",-0.856238428825926,0.33600926037044,-0.911835533104757,0.399306083773321,NA
"486","S_932_S42_L003",1.31114161687808,0.0187505072096214,0,"486","1","483",-0.133529919428632,0.282369892992411,-0.114779412219011,1.19636220465907,1.31607401295249
"487","S_961_S70_L003",1.31114161687808,0.310980529613125,0,"487","1","484",0.882117840670418,0.334424965379684,1.19309837028354,2.50423998716162,2.63214802590498
"488","S_962_S42",1.31114161687808,0.151812719555033,0,"488","1","485",0.31821413399908,0.294913915050987,0.470026853554113,1.78116847043219,1.49534878122122
"489","S_972_S142",1.31114161687808,-0.199314731407428,0,"489","1","486",0.0343910476872107,0.432418451670747,-0.164923683720218,1.14621793315786,0
"490","S_978_S90",1.31114161687808,-0.0521939599786993,0,"490","1","487",-0.785512874213058,0.357222977332273,-0.837706834191757,0.473434782686321,0
"491","S_983_S4",1.31114161687808,0.237429837806981,0,"491","1","488",-1.03211600963022,0.29773940972182,-0.794686171823239,0.516455445054839,0
"492","S_993_S55",1.31114161687808,0.287675372646868,0,"492","1","489",-0.361590897788788,0.337385402875091,-0.07391552514192,1.23722609173616,0.840896415253715
"493","NSW1201426",1.31114161687808,0.109242132331731,0,"493","2","  4",0.220629537534563,0.200484297669036,0.329871669866293,1.64101328674437,NA
"494","NSW1212884",1.31114161687808,-0.174803806861053,0,"494","2","  5",-0.150039523240719,0.251438101786816,-0.324843330101773,0.986298286776305,NA
"495","NSW1200541",1.31114161687808,0.0329680837174684,0,"495","2","  6",0.0434045729014136,0.198297590754704,0.076372656618882,1.38751427349696,NA
"496","NSW1190165",1.31114161687808,0.206104437807291,0,"496","2","  7",-0.135106301016108,0.265442271725052,0.0709981367911836,1.38213975366926,NA
"497","NSW1166659",1.31114161687808,-0.275284443675536,0,"497","2","  8",0.305156465202776,0.228588377001635,0.0298720215272396,1.34101363840532,NA
"498","NSW1213025",1.31114161687808,-0.0749394156683131,0,"498","2","  9",-0.0798783737582366,0.209721984472916,-0.15481778942655,1.15632382745153,NA
"499","NSW1211446",1.31114161687808,0.144782327738833,0,"499","2"," 10",-0.850377689076165,0.189455285767333,-0.705595361337332,0.605546255540746,NA
"500","NSW1200628",1.31114161687808,0.136763052970886,0,"500","2"," 11",0.607864245493473,0.235775446804823,0.744627298464359,2.05576891534244,NA
"501","NSW1166664",1.31114161687808,-0.250831672765364,0,"501","2"," 12",0.16057953980007,0.241317707579156,-0.0902521329652932,1.22088948391278,NA
"502","NSW1213021",1.31114161687808,-0.145938356406085,0,"502","2"," 13",0.014997641918862,0.272171920174109,-0.130940714487223,1.18020090239086,NA
"503","NSW1201391",1.31114161687808,-0.0917559812487296,0,"503","2"," 14",-0.498977605781429,0.237390404392895,-0.590733587030159,0.720408029847919,NA
"504","NSW1201419",1.31114161687808,0.173036896706064,0,"504","2"," 15",0.251021640652767,0.223303682729022,0.424058537358831,1.73520015423691,NA
"505","NSW1201415",1.31114161687808,0.163175869354329,0,"505","2"," 16",-0.637185674045355,0.195945090759169,-0.474009804691027,0.837131812187051,NA
"506","NSW1200364",1.31114161687808,-0.221678079205221,0,"506","2"," 17",-0.15633332462719,0.236280657338513,-0.37801140383241,0.933130213045668,NA
"507","NSW1190167",1.31114161687808,0.0256123383515995,0,"507","2"," 18",0.15970104526125,0.212961991442233,0.18531338361285,1.49645500049093,NA
"508","NSW1190204",1.31114161687808,0.0786239369407653,0,"508","2"," 19",0.194584644106092,0.201154023778884,0.273208581046857,1.58435019792493,NA
"509","NSW1200834",1.31114161687808,0.260158674991449,0,"509","2"," 20",-0.467261164705538,0.206336124237087,-0.207102489714089,1.10403912716399,NA
"510","NSW1200533",1.31114161687808,0.135791468092314,0,"510","2"," 21",0.181637307896342,0.216346116975114,0.317428775988656,1.62857039286673,NA
"511","NSW1200414",1.31114161687808,0.17381094194766,0,"511","2"," 22",0.253941287359675,0.198804431483165,0.427752229307336,1.73889384618541,NA
"512","NSW1200759",1.31114161687808,0.104075193338616,0,"512","2"," 23",-0.290696885041731,0.202740034877041,-0.186621691703114,1.12451992517496,NA
"513","NSW1212889",1.31114161687808,-0.208126889124761,0,"513","2"," 24",0.110425705482049,0.212015843740824,-0.0977011836427114,1.21344043323537,NA
"514","NSW1211427",1.31114161687808,-0.19286683210231,0,"514","2"," 25",-0.0441861603836839,0.264669457377861,-0.237052992485994,1.07408862439208,NA
"515","NSW1200379",1.31114161687808,0.0403741353338157,0,"515","2"," 26",-0.0387583457300234,0.232699921899184,0.00161578960379233,1.31275740648187,NA
"516","NSW1211455",1.31114161687808,0.141623031824913,0,"516","2"," 27",-0.254609153354288,0.196833086353652,-0.112986121529375,1.1981554953487,NA
"517","NSW1213033",1.31114161687808,-0.178722446738314,0,"517","2"," 28",-0.246814053787827,0.216601559833512,-0.425536500526141,0.885605116351937,NA
"518","NSW1212980",1.31114161687808,-0.307131498695522,0,"518","2"," 29",0.317977951140575,0.210348910461939,0.0108464524450533,1.32198806932313,NA
"519","NSW1190213",1.31114161687808,-0.111289660091877,0,"519","2"," 30",0.261073752091601,0.247462026024163,0.149784091999724,1.4609257088778,NA
"520","NSW1201416",1.31114161687808,0.128232282964737,0,"520","2"," 31",-0.0208844036643392,0.151672873864187,0.107347879300398,1.41848949617848,NA
"521","NSW1200418",1.31114161687808,-0.122129519709735,0,"521","2"," 32",-0.0571243458550885,0.237498348167441,-0.179253865564824,1.13188775131325,NA
"522","NSW1211456",1.31114161687808,0.0573138604857564,0,"522","2"," 33",0.564765189417744,0.216058990855366,0.6220790499035,1.93322066678158,NA
"523","NSW1211564",1.31114161687808,0.0750748600593832,0,"523","2"," 34",-0.11569838307298,0.253408676923086,-0.0406235230135964,1.27051809386448,NA
"524","NSW1213016",1.31114161687808,-0.186688198519505,0,"524","2"," 35",-0.523766668305957,0.193889749533072,-0.710454866825461,0.600686750052617,NA
"525","NSW1211583",1.31114161687808,-0.0925370792095685,0,"525","2"," 36",0.296126799894971,0.22658353011324,0.203589720685402,1.51473133756348,NA
"526","NSW1200839",1.31114161687808,0.259883904575655,0,"526","2"," 37",-0.380802641992932,0.215164897905383,-0.120918737417277,1.1902228794608,NA
"527","NSW1211565",1.31114161687808,0.0227601922492271,0,"527","2"," 38",0.165850388566762,0.194119095044559,0.188610580815989,1.49975219769407,NA
"528","NSW1200425",1.31114161687808,-0.191351657674123,0,"528","2"," 39",0.209824486152572,0.210590303396392,0.0184728284784494,1.32961444535653,NA
"529","NSW1200662",1.31114161687808,-0.198295920900135,0,"529","2"," 40",-0.132479861081576,0.245113593438309,-0.33077578198171,0.980365834896368,NA
"530","NSW1166655",1.31114161687808,-0.111543775509438,0,"530","2"," 41",-0.37115829391253,0.191031595410474,-0.482702069421968,0.82843954745611,NA
"531","NSW1212948",1.31114161687808,-0.307244185493388,0,"531","2"," 42",-0.0304970712797847,0.217860683427223,-0.337741256773172,0.973400360104906,NA
"532","NSW1200528",1.31114161687808,0.151125923112249,0,"532","2"," 43",0.275484317090126,0.239486216536965,0.426610240202375,1.73775185708045,NA
"533","NSW1200563",1.31114161687808,0.188008635786484,0,"533","2"," 44",0.200658687298355,0.186929336891021,0.388667323084839,1.69980893996292,NA
"534","NSW1200351",1.31114161687808,-0.113740270944266,0,"534","2"," 45",-0.171708255316123,0.208432884598348,-0.285448526260389,1.02569309061769,NA
"535","NSW1213015",1.31114161687808,-0.208538579886406,0,"535","2"," 46",0.0992865833770434,0.245065312931282,-0.109251996509362,1.20188962036872,NA
"536","NSW1200394",1.31114161687808,0.0142148402245084,0,"536","2"," 47",0.212958512328623,0.213678169079074,0.227173352553132,1.53831496943121,NA
"537","NSW1213011",1.31114161687808,-0.121037683377477,0,"537","2"," 48",0.630328251797444,0.215575107657321,0.509290568419967,1.82043218529805,NA
"538","NSW1200664",1.31114161687808,0.220100106472626,0,"538","2"," 49",-0.46529585236544,0.236448209141162,-0.245195745892814,1.06594587098526,NA
"539","NSW1201655",1.31114161687808,0.0596796550833978,0,"539","2"," 50",0.143776745569004,0.208665493330424,0.203456400652402,1.51459801753048,NA
"540","NSW1200536",1.31114161687808,0.0390127197442106,0,"540","2"," 51",-0.247523219035387,0.201523012297915,-0.208510499291177,1.1026311175869,NA
"541","NSW1212943",1.31114161687808,-0.161728457140575,0,"541","2"," 52",-0.019277611045668,0.248245749266658,-0.181006068186243,1.13013554869183,NA
"542","NSW1200559",1.31114161687808,0.0788070576670961,0,"542","2"," 53",-0.310843916359877,0.186310291426599,-0.232036858692781,1.0791047581853,NA
"543","NSW1200558",1.31114161687808,0.141469791895553,0,"543","2"," 54",-0.11119463848708,0.192959994996949,0.0302751534084734,1.34141677028655,NA
"544","NSW1200524",1.31114161687808,0.0839941478230687,0,"544","2"," 55",0.0614511468202393,0.201897670823758,0.145445294643308,1.45658691152139,NA
"545","NSW1212795",1.31114161687808,-0.305669067831683,0,"545","2"," 56",0.129194726551905,0.238738212218623,-0.176474341279778,1.1346672755983,NA
"546","NSW1200787",1.31114161687808,0.0656495694383224,0,"546","2"," 57",0.442956868376059,0.175440478818392,0.508606437814382,1.81974805469246,NA
"547","NSW1200776",1.31114161687808,0.063207933922727,0,"547","2"," 58",0.0613963024226443,0.178029778649584,0.124604236345371,1.43574585322345,NA
"548","NSW1190216",1.31114161687808,0.161475798163737,0,"548","2"," 59",0.110279089953224,0.259850140639263,0.271754888116961,1.58289650499504,NA
"549","NSW1201495",1.31114161687808,0.179486442837401,0,"549","2"," 60",0.238490812179771,0.204703970431777,0.417977255017172,1.72911887189525,NA
"550","NSW1211582",1.31114161687808,0.163626129864173,0,"550","2"," 61",0.131521594811624,0.19794879165434,0.295147724675798,1.60628934155388,NA
"551","NSW1200362",1.31114161687808,0.160844693718005,0,"551","2"," 62",-0.116800620565889,0.217956668805853,0.0440440731521158,1.35518569003019,NA
"552","NSW1212987",1.31114161687808,-0.355551944065914,0,"552","2"," 63",0.144150234560702,0.445622707687856,-0.211401709505212,1.09973990737287,NA
"553","NSW1190194",1.31114161687808,0.0397631812603077,0,"553","2"," 64",-0.0749947282903661,0.181326617162588,-0.0352315470300584,1.27591006984802,NA
"554","NSW1213030",1.31114161687808,-0.167059114357642,0,"554","2"," 65",-0.191869513163677,0.171094552784807,-0.358928627521319,0.952212989356759,NA
"555","NSW1190199",1.31114161687808,0.0758284089104184,0,"555","2"," 66",0.102940681641975,0.193801212255628,0.178769090552394,1.48991070743047,NA
"556","NSW1200372",1.31114161687808,0.0767997310066386,0,"556","2"," 67",-0.279392197097929,0.205848987265618,-0.20259246609129,1.10854915078679,NA
"557","NSW1211445",1.31114161687808,0.081921472166928,0,"557","2"," 68",0.222790564164203,0.184477019486124,0.304712036331131,1.61585365320921,NA
"558","NSW1211558",1.31114161687808,0.0102662923040319,0,"558","2"," 69",0.592804801070915,0.198048297263293,0.603071093374947,1.91421271025303,NA
"559","NSW1200764",1.31114161687808,-0.328643067905341,0,"559","2"," 70",0.416612494695438,0.217810893957463,0.0879694267900969,1.39911104366818,NA
"560","NSW1200848",1.31114161687808,0.154691888435102,0,"560","2"," 71",0.426781317543189,0.208017894534847,0.581473205978291,1.89261482285637,NA
"561","NSW1200661",1.31114161687808,-0.14761191941619,0,"561","2"," 72",0.321962703433043,0.20653487163483,0.174350784016853,1.48549240089493,NA
"562","NSW1211440",1.31114161687808,0.238839330612516,0,"562","2"," 73",0.0454386783212616,0.224219009459587,0.284278008933777,1.59541962581186,NA
"563","NSW1200356",1.31114161687808,-0.24152132311557,0,"563","2"," 74",-0.433786678700188,0.252629035704637,-0.675308001815758,0.63583361506232,NA
"564","NSW1212992",1.31114161687808,-0.20326374810448,0,"564","2"," 75",-0.138369891443199,0.272986010391957,-0.341633639547679,0.9695079773304,NA
"565","NSW1200905",1.31114161687808,0.0586148246551007,0,"565","2"," 76",0.277026707092549,0.220673727035747,0.33564153174765,1.64678314862573,NA
"566","NSW1200357",1.31114161687808,0.0673366195896846,0,"566","2"," 77",-0.0404342771984824,0.208693108566351,0.0269023423912022,1.33804395926928,NA
"567","NSW1200799",1.31114161687808,0.198238184075978,0,"567","2"," 78",-0.233951973521579,0.211547439446796,-0.0357137894456015,1.27542782743248,NA
"568","NSW1166442",1.31114161687808,-0.469738267769601,0,"568","2"," 79",-0.086842234883677,0.247729915309809,-0.556580502653278,0.7545611142248,NA
"569","NSW1200539",1.31114161687808,0.0631193546927095,0,"569","2"," 80",-0.41188054494986,0.203883510628906,-0.34876119025715,0.962380426620928,NA
"570","NSW1200543",1.31114161687808,-0.141825613701276,0,"570","2"," 81",-0.0275194477758414,0.374363946029917,-0.169345061477117,1.14179655540096,NA
"571","NSW1200529",1.31114161687808,0.159972373489034,0,"571","2"," 82",0.0999295744969871,0.187795419424392,0.259901947986021,1.5710435648641,NA
"572","NSW1212866",1.31114161687808,-0.321971856628518,0,"572","2"," 83",-0.142882499217489,0.234744801429226,-0.464854355846007,0.846287261032071,NA
"573","NSW1200873",1.31114161687808,-0.00526402473081689,0,"573","2"," 84",-0.205511894296748,0.219769186146108,-0.210775919027565,1.10036569785051,NA
"574","NSW1211541",1.31114161687808,-0.0396569357321963,0,"574","2"," 85",-0.362959626334941,0.170731889209582,-0.402616562067137,0.908525054810941,NA
"575","NSW1190198",1.31114161687808,0.0946247085721757,0,"575","2"," 86",-0.084910520484746,0.229575302045411,0.00971418808742969,1.32085580496551,NA
"576","NSW1213013",1.31114161687808,-0.0680321457862018,0,"576","2"," 87",0.411176714134526,0.232615675306387,0.343144568348324,1.6542861852264,NA
"577","NSW1212970",1.31114161687808,-0.265409466462129,0,"577","2"," 88",0.521647994253221,0.244874511904602,0.256238527791091,1.56738014466917,NA
"578","NSW1212997",1.31114161687808,-0.204934421553698,0,"578","2"," 89",-0.570981676349223,0.226812489633146,-0.775916097902921,0.535225518975157,NA
"579","NSW1211508",1.31114161687808,0.0858492890099027,0,"579","2"," 90",-0.144937383534913,0.193581829564836,-0.0590880945250104,1.25205352235307,NA
"580","NSW1211552",1.31114161687808,0.110418541445168,0,"580","2"," 91",-0.199493658458382,0.236908106693636,-0.0890751170132138,1.22206649986486,NA
"581","NSW1211442",1.31114161687808,0.119619797935206,0,"581","2"," 92",0.542330354491741,0.183788125675128,0.661950152426946,1.97309176930502,NA
"582","NSW1211451",1.31114161687808,0.121993871484596,0,"582","2"," 93",0.0260941816818597,0.199633068335552,0.148088053166456,1.45922967004453,NA
"583","NSW1194456",1.31114161687808,-0.0110328709556988,0,"583","2"," 94",-0.256584719862244,0.208787486896148,-0.267617590817943,1.04352402606014,NA
"584","NSW1211546",1.31114161687808,-0.0610739815334567,0,"584","2"," 95",0.479117495134889,0.227593996708631,0.418043513601432,1.72918513047951,NA
"585","NSW1213001",1.31114161687808,-0.167374180922001,0,"585","2"," 96",-0.340342778533672,0.222472141534599,-0.507716959455673,0.803424657422405,NA
"586","NSW1201431",1.31114161687808,0.109200150466999,0,"586","2"," 97",0.24969259627598,0.222289840411792,0.35889274674298,1.67003436362106,NA
"587","NSW1211568",1.31114161687808,-0.0770825006874019,0,"587","2"," 98",-0.141586187392719,0.238109294574707,-0.218668688080121,1.09247292879796,NA
"588","NSW1211441",1.31114161687808,0.167543349694931,0,"588","2"," 99",0.0497404079196113,0.197720132516871,0.217283757614542,1.52842537449262,NA
"589","NSW1190206",1.31114161687808,0.0716370355238461,0,"589","2","100",-0.194087489574121,0.22676758396072,-0.122450454050275,1.1886911628278,NA
"590","NSW1200389",1.31114161687808,0.0575286800253406,0,"590","2","101",-0.114923690031007,0.157551680113336,-0.0573950100056662,1.25374660687241,NA
"591","NSW1211534",1.31114161687808,-0.0637642621655134,0,"591","2","102",0.245471241066229,0.238823172602654,0.181706978900715,1.49284859577879,NA
"592","NSW1200346",1.31114161687808,-0.129506610314648,0,"592","2","103",0.414230718903311,0.197020503140782,0.284724108588662,1.59586572546674,NA
"593","NSW1200505",1.31114161687808,-0.0234913194764779,0,"593","2","104",0.52229938518241,0.246757844671261,0.498808065705933,1.80994968258401,NA
"594","NSW1200511",1.31114161687808,-0.0982616047381637,0,"594","2","105",0.235973038610754,0.184317681632891,0.13771143387259,1.44885305075067,NA
"595","NSW1212790",1.31114161687808,-0.24345285663728,0,"595","2","106",0.38093461891647,0.255371077887378,0.13748176227919,1.44862337915727,NA
"596","NSW1200361",1.31114161687808,0.00916660041149607,0,"596","2","107",-0.378184940555882,0.224940676658664,-0.369018340144386,0.942123276733692,NA
"597","NSW1200514",1.31114161687808,0.122611150152836,0,"597","2","108",0.397041728334035,0.175903411429366,0.519652878486871,1.83079449536495,NA
"598","NSW1200774",1.31114161687808,0.148096477141025,0,"598","2","109",0.0507507202098975,0.245757780958034,0.198847197350922,1.509988814229,NA
"599","NSW1212985",1.31114161687808,-0.271459552830228,0,"599","2","110",0.403917251253147,0.195887105695571,0.132457698422919,1.443599315301,NA
"600","NSW1201411",1.31114161687808,0.147828453553623,0,"600","2","111",0.0108388939087142,0.193156843883389,0.158667347462337,1.46980896434042,NA
"601","NSW1200352",1.31114161687808,-0.278548487539314,0,"601","2","112",-0.236781782401189,0.238011275805051,-0.515330269940503,0.795811346937575,NA
"602","NSW1211570",1.31114161687808,0.0255384813101932,0,"602","2","113",-0.0359674956561206,0.218283525737609,-0.0104290143459274,1.30071260253215,NA
"603","NSW1200549",1.31114161687808,0.21478987194358,0,"603","2","114",-0.303607469358992,0.208388565518455,-0.088817597415412,1.22232401946267,NA
"604","NSW1200384",1.31114161687808,0.0183165641115704,0,"604","2","115",0.0517976654779656,0.177862113932434,0.070114229589536,1.38125584646761,NA
"605","NSW1211577",1.31114161687808,-0.0477810448520466,0,"605","2","116",0.361368227094081,0.247576411356781,0.313587182242035,1.62472879912011,NA
"606","NSW1200347",1.31114161687808,-0.232492957239472,0,"606","2","117",-0.67171766514891,0.245439308226683,-0.904210622388382,0.406930994489696,NA
"607","NSW1200829",1.31114161687808,0.244615394396896,0,"607","2","118",-0.285387605364009,0.211782168538307,-0.0407722109671132,1.27036940591096,NA
"608","NSW1200657",1.31114161687808,-0.232042854466032,0,"608","2","119",0.190375502026943,0.280152582179646,-0.0416673524390888,1.26947426443899,NA
"609","NSW1212977",1.31114161687808,-0.223895396798,0,"609","2","120",-0.0360485934508956,0.234462348936023,-0.259943990248895,1.05119762662918,NA
"610","NSW1201414",1.31114161687808,0.111723433140497,0,"610","2","121",-0.244825993941123,0.224404576443578,-0.133102560800626,1.17803905607745,NA
"611","NSW1200509",1.31114161687808,0.149275230540507,0,"611","2","122",0.289767376031927,0.194271450068918,0.439042606572434,1.75018422345051,NA
"612","NSW1200521",1.31114161687808,0.0720891357412972,0,"612","2","123",-0.526660303511885,0.208373687972308,-0.454571167770587,0.856570449107491,NA
"613","NSW1201631",1.31114161687808,0.19561353895616,0,"613","2","124",-0.18234434208825,0.213335867794548,0.0132691968679099,1.32441081374599,NA
"614","NSW1212856",1.31114161687808,-0.292112040196977,0,"614","2","125",0.658030315590107,0.294286445682089,0.36591827539313,1.67705989227121,NA
"615","NSW1200647",1.31114161687808,0.0733083538370337,0,"615","2","126",0.742946006330608,0.243633967932943,0.816254360167642,2.12739597704572,NA
"616","NSW1201396",1.31114161687808,0.00815949409189826,0,"616","2","127",0.491878508968425,0.208924926433194,0.500038003060324,1.8111796199384,NA
"617","NSW1200554",1.31114161687808,0.216622730848759,0,"617","2","128",0.0855369617190678,0.201365183572236,0.302159692567827,1.61330130944591,NA
"618","NSW1200544",1.31114161687808,0.148182902865541,0,"618","2","129",-0.464912449085874,0.214215870239297,-0.316729546220333,0.994412070657745,NA
"619","NSW1200429",1.31114161687808,-0.347416617584185,0,"619","2","130",0.118158150247715,0.419991350527702,-0.22925846733647,1.08188314954161,NA
"620","NSW1190190",1.31114161687808,-0.0933429063125827,0,"620","2","131",0.463976153113391,0.262136933145693,0.370633246800808,1.68177486367889,NA
"621","NSW1200428",1.31114161687808,-0.201486628263231,0,"621","2","132",0.0723079166469156,0.210285199823168,-0.129178711616315,1.18196290526176,NA
"622","NSW1190183",1.31114161687808,-0.124331061741015,0,"622","2","133",0.826847086668247,0.251650000108009,0.702516024927233,2.01365764180531,NA
"623","NSW1201400",1.31114161687808,0.180832319539233,0,"623","2","134",-0.397434688443709,0.185378949052312,-0.216602368904477,1.0945392479736,NA
"624","NSW1166447",1.31114161687808,-0.186216216804334,0,"624","2","135",0.586736210896526,0.258362160140992,0.400519994092192,1.71166161097027,NA
"625","NSW1190182",1.31114161687808,-0.275887961315348,0,"625","2","136",-0.491881764092845,0.217671367240173,-0.767769725408193,0.543371891469886,NA
"626","NSW1200666",1.31114161687808,-0.160576257643586,0,"626","2","137",0.402741485032787,0.208946979617394,0.242165227389201,1.55330684426728,NA
"627","NSW1190168",1.31114161687808,0.175602249977466,0,"627","2","138",0.469733757766406,0.240310964243852,0.645336007743872,1.95647762462195,NA
"628","NSW1201641",1.31114161687808,0.198238184075978,0,"628","2","139",-0.233951973521579,0.211547439446796,-0.0357137894456015,1.27542782743248,NA
"629","NSW1194450",1.31114161687808,0.0715927169084219,0,"629","2","140",0.170303213356163,0.236944393661061,0.241895930264585,1.55303754714266,NA
"630","NSW1211020",1.31114161687808,-0.221808986406286,0,"630","2","141",-0.384543450704546,0.232809739455307,-0.606352437110832,0.704789179767246,NA
"631","NSW1200545",1.31114161687808,-0.129040559636411,0,"631","2","142",0.131615599814854,0.236960081249895,0.00257504017844348,1.31371665705652,NA
"632","NSW1200373",1.31114161687808,0.100850089156453,0,"632","2","143",-0.355304120386376,0.271590846920687,-0.254454031229923,1.05668758564816,NA
"633","NSW1211526",1.31114161687808,0.195923023408578,0,"633","2","144",-0.28862408013695,0.251725336152123,-0.0927010567283724,1.21844056014971,NA
"634","NSW1212995",1.31114161687808,-0.124926079053771,0,"634","2","145",0.0302233869238351,0.224448447544101,-0.0947026921299361,1.21643892474814,NA
"635","NSW1212990",1.31114161687808,-0.247671646308022,0,"635","2","146",0.572009049622731,0.252190123430802,0.324337403314709,1.63547902019279,NA
"636","NSW1190212",1.31114161687808,0.168717306340828,0,"636","2","147",-0.210723243198968,0.213731201603208,-0.0420059368581401,1.26913568001994,NA
"637","NSW1200895",1.31114161687808,0.175373175131244,0,"637","2","148",0.616143100155853,0.244272604932589,0.791516275287097,2.10265789216518,NA
"638","NSW1211539",1.31114161687808,-0.0869783126721829,0,"638","2","149",-0.0175188755663594,0.243282286086234,-0.104497188238542,1.20664442863954,NA
"639","NSW1200817",1.31114161687808,-0.0156003361689998,0,"639","2","150",0.101238758223787,0.206811235601875,0.0856384220547871,1.39678003893287,NA
"640","NSW1200388",1.31114161687808,0.128241338108142,0,"640","2","151",0.0361515690513172,0.240125208380945,0.164392907159459,1.47553452403754,NA
"641","NSW1200807",1.31114161687808,-0.108583610198948,0,"641","2","152",0.585044843822362,0.249635717114382,0.476461233623414,1.78760285050149,NA
"642","NSW1200420",1.31114161687808,-0.330109771676342,0,"642","2","153",-0.165411063462655,0.226078972376805,-0.495520835138997,0.815620781739081,NA
"643","NSW1213005",1.31114161687808,-0.218080160252419,0,"643","2","154",0.303449404370534,0.195939892844882,0.085369244118115,1.39651086099619,NA
"644","NSW1211533",1.31114161687808,-0.275609215631654,0,"644","2","155",0.124720482887069,0.250499225610565,-0.150888732744585,1.16025288413349,NA
"645","NSW1212991",1.31114161687808,-0.0432364687683499,0,"645","2","156",-0.296907136926591,0.204301244959755,-0.340143605694941,0.970998011183137,NA
"646","NSW1201650",1.31114161687808,0.113319724615504,0,"646","2","157",-0.419686324144535,0.238565372630902,-0.306366599529032,1.00477501734905,NA
"647","NSW1213020",1.31114161687808,-0.239053863965728,0,"647","2","158",0.313192306938023,0.283394405009654,0.0741384429722952,1.38528005985037,NA
"648","NSW1190163",1.31114161687808,0.0810885138242176,0,"648","2","159",-0.797255727790582,0.159999133931594,-0.716167213966364,0.594974402911714,NA
"649","NSW1200466",1.31114161687808,0.0958739416255979,0,"649","2","160",-0.203387913424342,0.203935530133684,-0.107513971798744,1.20362764507933,NA
"650","NSW1200623",1.31114161687808,0.166086880478446,0,"650","2","161",-0.0159734228660105,0.24002211082761,0.150113457612436,1.46125507449051,NA
"651","NSW1211511",1.31114161687808,-0.0702288528774329,0,"651","2","162",0.107150243092876,0.195190367031451,0.0369213902154431,1.34806300709352,NA
"652","NSW1200371",1.31114161687808,0.146476506621455,0,"652","2","163",0.111758126946461,0.189102792035831,0.258234633567916,1.56937625044599,NA
"653","NSW1211592",1.31114161687808,0.0922041695301685,0,"653","2","164",0.362575348170938,0.266987602004058,0.454779517701106,1.76592113457918,NA
"654","NSW1212785",1.31114161687808,-0.182509754853599,0,"654","2","165",-1.12824115637973,0.224240992748607,-1.31075091123333,0.000390705644746747,NA
"655","NSW1201616",1.31114161687808,0.19561353895616,0,"655","2","166",-0.18234434208825,0.213335867794548,0.0132691968679099,1.32441081374599,NA
"656","NSW1212959",1.31114161687808,-0.350906860589995,0,"656","2","167",0.516460478770854,0.263155460329709,0.165553618180859,1.47669523505894,NA
"657","NSW1213034",1.31114161687808,-0.314776721941666,0,"657","2","168",-0.647874721639419,0.257270517440874,-0.962651443581085,0.348490173296993,NA
"658","NSW1211561",1.31114161687808,0.168164263379478,0,"658","2","169",0.371785221461896,0.233843029994538,0.539949484841374,1.85109110171945,NA
"659","NSW1211542",1.31114161687808,-0.11757628979788,0,"659","2","170",0.224961772232165,0.179792884831557,0.107385482434285,1.41852709931236,NA
"660","NSW1200803",1.31114161687808,0.10348177637772,0,"660","2","171",0.0343641749967544,0.207195671880762,0.137845951374474,1.44898756825255,NA
"661","NSW1211578",1.31114161687808,0.139180481211618,0,"661","2","172",-0.674902941509379,0.197997862311554,-0.535722460297761,0.775419156580317,NA
"662","NSW1190217",1.31114161687808,-0.00240535554102305,0,"662","2","173",0.152900854766638,0.208760906837645,0.150495499225615,1.46163711610369,NA
"663","NSW1211562",1.31114161687808,0.105378868638638,0,"663","2","174",-0.260743112675693,0.230137060797456,-0.155364244037055,1.15577737284102,NA
"664","NSW1200672",1.31114161687808,-0.242917044716887,0,"664","2","175",0.591147814549492,0.188918116581639,0.348230769832605,1.65937238671068,NA
"665","NSW1201375",1.31114161687808,0.19561353895616,0,"665","2","176",-0.18234434208825,0.213335867794548,0.0132691968679099,1.32441081374599,NA
"666","NSW1212972",1.31114161687808,-0.359502443495851,0,"666","2","177",0.00349242791786233,0.240509628690626,-0.356010015577988,0.95513160130009,NA
"667","NSW1212982",1.31114161687808,-0.149388691523285,0,"667","2","178",-0.551500834321754,0.220890790132383,-0.700889525845039,0.610252091033039,NA
"668","NSW1166596",1.31114161687808,-0.157576403950224,0,"668","2","179",-1.16603931887112,0.189900121171948,-1.32361572282135,0,NA
"669","NSW1190191",1.31114161687808,0.0100716157168208,0,"669","2","180",0.719602397616536,0.244696454574251,0.729674013333356,2.04081563021143,NA
"670","NSW1200360",1.31114161687808,-0.217093025300153,0,"670","2","181",-0.076482845097496,0.221901938506231,-0.293575870397649,1.01756574648043,NA
"671","NSW1200363",1.31114161687808,0.0767708393614303,0,"671","2","182",0.079828484377519,0.230640228022265,0.156599323738949,1.46774094061703,NA
"672","NSW1212979",1.31114161687808,-0.293758274663455,0,"672","2","183",-0.632604693116695,0.213538531640609,-0.92636296778015,0.384778649097928,NA
"673","NSW1190208",1.31114161687808,-0.104024337404129,0,"673","2","184",0.0653874038588508,0.193004981550934,-0.0386369335452786,1.2725046833328,NA
"674","NSW1200358",1.31114161687808,0.113398734914747,0,"674","2","185",0.240577437609012,0.206506787929263,0.353976172523759,1.66511778940184,NA
"675","NSW1190192",1.31114161687808,-0.305131670274918,0,"675","2","186",0.700209740638346,0.242830905721873,0.395078070363427,1.70621968724151,NA
"676","NSW1211584",1.31114161687808,0.00712512805636513,0,"676","2","187",0.0726891089828985,0.198230438272665,0.0798142370392637,1.39095585391734,NA
"677","NSW1200622",1.31114161687808,-0.112352791982563,0,"677","2","188",-0.264143275932992,0.207516569498,-0.376496067915556,0.934645548962522,NA
"678","NSW1211430",1.31114161687808,0.14824138364368,0,"678","2","189",-0.757115617403094,0.206072147377687,-0.608874233759414,0.702267383118664,NA
"679","NSW1200777",1.31114161687808,0.0184783528254094,0,"679","2","190",0.119255137688054,0.20316650505301,0.137733490513463,1.44887510739154,NA
"680","NSW1211426",1.31114161687808,0.122178878467569,0,"680","2","191",-0.161482457596477,0.207899306472347,-0.0393035791289079,1.27183803774917,NA
"681","NSW1211450",1.31114161687808,0.142552590128058,0,"681","2","192",0.0404139961623109,0.151892684745967,0.182966586290369,1.49410820316845,NA
"682","NSW1201381",1.31114161687808,0.22129801791726,0,"682","2","193",-0.405209039471015,0.1984478382899,-0.183911021553755,1.12723059532432,NA
"683","NSW1211527",1.31114161687808,-0.0135900154267553,0,"683","2","194",-0.220121270943439,0.207627417584009,-0.233711286370194,1.07743033050788,NA
"684","NSW1194457",1.31114161687808,0.124079710270152,0,"684","2","195",1.04674596684638,0.24198748883536,1.17082567711653,2.48196729399461,NA
"685","NSW1213006",1.31114161687808,-0.189357208040194,0,"685","2","196",0.3321477153249,0.219811576861982,0.142790507284706,1.45393212416278,NA
"686","NSW1190187",1.31114161687808,-0.172001472365772,0,"686","2","197",-0.182643444563792,0.222124575490715,-0.354644916929565,0.956496699948513,NA
"687","NSW1213010",1.31114161687808,-0.168909617637895,0,"687","2","198",-0.458014843555195,0.232479209573148,-0.62692446119309,0.684217155684989,NA
"688","NSW1201425",1.31114161687808,0.170446625542329,0,"688","2","199",-0.636098764391356,0.235502213626799,-0.465652138849027,0.845489478029051,NA
"689","NSW1200504",1.31114161687808,0.149535572381492,0,"689","2","200",-0.0263211337945344,0.19052883379392,0.123214438586957,1.43435605546504,NA
"690","NSW1200920",1.31114161687808,-0.0116990950459388,0,"690","2","201",0.523637721258236,0.207805705890473,0.511938626212297,1.82308024309037,NA
"691","NSW1200341",1.31114161687808,-0.243046164156445,0,"691","2","202",0.231155143555355,0.218404032641119,-0.0118910206010894,1.29925059627699,NA
"692","NSW1200337",1.31114161687808,-0.277978434020162,0,"692","2","203",0.466968328094958,0.262829390885268,0.188989894074796,1.50013151095287,NA
"693","NSW1212988",1.31114161687808,-0.165241929406335,0,"693","2","204",-0.439551565394439,0.235924162405152,-0.604793494800774,0.706348122077304,NA
"694","NSW1201430",1.31114161687808,0.115573369575733,0,"694","2","205",-0.0745026996431513,0.188449529263891,0.0410706699325813,1.35221228681066,NA
"695","NSW1200824",1.31114161687808,0.0985124209037148,0,"695","2","206",0.374023117634559,0.187025434750499,0.472535538538274,1.78367715541635,NA
"696","NSW1212969",1.31114161687808,-0.156092278075998,0,"696","2","207",0.18104293423982,0.235875689912939,0.0249506561638221,1.3360922730419,NA
"697","NSW1190200",1.31114161687808,0.195443925235478,0,"697","2","208",0.299604537344377,0.206626741596207,0.495048462579855,1.80619007945793,NA
"698","NSW1210993",1.31114161687808,-0.234387371609984,0,"698","2","209",-0.571026951489874,0.224331474196007,-0.805414323099858,0.50572729377822,NA
"699","NSW1211586",1.31114161687808,0.180506248368557,0,"699","2","210",-0.693008649274719,0.232139253656941,-0.512502400906162,0.798639215971916,NA
"700","NSW1201409",1.31114161687808,0.139235898865192,0,"700","2","211",0.213080301354227,0.202579840775374,0.35231620021942,1.6634578170975,NA
"701","NSW1200853",1.31114161687808,0.100019218040209,0,"701","2","212",-0.163170727227633,0.250987221072367,-0.0631515091874241,1.24799010769065,NA
"702","NSW1212960",1.31114161687808,-0.222245540871089,0,"702","2","213",0.354477787999029,0.21859621731302,0.132232247127939,1.44337386400602,NA
"703","NSW1200607",1.31114161687808,-0.124448045094398,0,"703","2","214",-0.500832182197185,0.233749198422383,-0.625280227291583,0.685861389586495,NA
"704","NSW1212957",1.31114161687808,-0.165684704757878,0,"704","2","215",0.520745054601318,0.195154302281474,0.355060349843441,1.66620196672152,NA
"705","NSW1212983",1.31114161687808,-0.167202470047341,0,"705","2","216",-0.0734773970432811,0.20439576833067,-0.240679867090622,1.07046174978746,NA
"706","NSW1166654",1.31114161687808,-0.259737571239614,0,"706","2","217",0.181503790588179,0.210893738055829,-0.078233780651435,1.23290783622664,NA
"707","NSW1212993",1.31114161687808,-0.103698801126004,0,"707","2","218",-0.216207731479354,0.203092160521035,-0.319906532605358,0.99123508427272,NA
"708","NSW1200374",1.31114161687808,-0.263171343618591,0,"708","2","219",-0.0140798100919861,0.350320662634646,-0.277251153710577,1.0338904631675,NA
"709","NSW1200617",1.31114161687808,-0.0665147101618354,0,"709","2","220",-0.0723319031782959,0.224670156165259,-0.138846613340131,1.17229500353795,NA
"710","NSW1212962",1.31114161687808,-0.124438401459548,0,"710","2","221",-0.644507435382366,0.231130409031721,-0.768945836841914,0.542195780036165,NA
"711","NSW1213029",1.31114161687808,-0.125785530860758,0,"711","2","222",-0.0699410820143487,0.256047853289552,-0.195726612875107,1.11541500400297,NA
"712","NSW1200393",1.31114161687808,0.184973006184079,0,"712","2","223",0.125500162240721,0.239244343414481,0.3104731684248,1.62161478530288,NA
"713","NSW1211566",1.31114161687808,0.228316001108402,0,"713","2","224",0.510389754873003,0.242497228260086,0.738705755981405,2.04984737285948,NA
"714","NSW1200523",1.31114161687808,0.0587579621327968,0,"714","2","225",-0.20895862813481,0.171810516559387,-0.150200666002013,1.16094095087606,NA
"715","NSW1201356",1.31114161687808,0.0732721607234576,0,"715","2","226",0.382714028062067,0.220058403708796,0.455986188785525,1.7671278056636,NA
"716","NSW1200534",1.31114161687808,0.105794236098332,0,"716","2","227",0.0669985989771977,0.230636374069492,0.17279283507553,1.48393445195361,NA
"717","NSW1200772",1.31114161687808,0.0488147080276738,0,"717","2","228",-0.150768085153964,0.182681588622042,-0.10195337712629,1.20918823975179,NA
"718","NSW1200792",1.31114161687808,-0.0256129819736552,0,"718","2","229",0.0305893847759136,0.214202543192073,0.0049764028022584,1.31611801968034,NA
"719","NSW1200516",1.31114161687808,-0.124076119817955,0,"719","2","230",-0.0340202598350964,0.17757205123533,-0.158096379653051,1.15304523722503,NA
"720","NSW1212967",1.31114161687808,-0.215886644589099,0,"720","2","231",-0.291763861759416,0.223791260489192,-0.507650506348515,0.803491110529563,NA
"721","NSW1213036",1.31114161687808,-0.10978087951862,0,"721","2","232",0.199803885869133,0.228820295133479,0.0900230063505126,1.40116462322859,NA
"722","NSW1200610",1.31114161687808,0.178285496685379,0,"722","2","233",-0.0766429388579875,0.194815559851089,0.101642557827392,1.41278417470547,NA
"723","NSW1200812",1.31114161687808,-0.0511787621455479,0,"723","2","234",0.16091035597656,0.23821707291262,0.109731593831012,1.42087321070909,NA
"724","NSW1166601",1.31114161687808,-0.295361836085832,0,"724","2","235",0.734224638558881,0.260781909764984,0.438862802473048,1.75000441935113,NA
"725","NSW1190184",1.31114161687808,-0.213094421708021,0,"725","2","236",0.891015564943067,0.195328870319806,0.677921143235046,1.98906276011312,NA
"726","NSW1200597",1.31114161687808,-0.192761826620639,0,"726","2","237",-0.251246692631882,0.247143497237349,-0.444008519252521,0.867133097625557,NA
"727","NSW1200616",1.31114161687808,-0.102689135114848,0,"727","2","238",0.451206881465317,0.256927636251611,0.348517746350469,1.65965936322855,NA
"728","NSW1201404",1.31114161687808,-0.0498678862717128,0,"728","2","239",-0.0305947373192569,0.249585228107356,-0.0804626235909698,1.23067899328711,NA
"729","NSW1200592",1.31114161687808,-0.11392056325816,0,"729","2","240",0.359168142718398,0.241341988174048,0.245247579460237,1.55638919633832,NA
"730","NSW1190203",1.31114161687808,0.0293557825562509,0,"730","2","241",-0.114323500698397,0.2189459422468,-0.0849677181421464,1.22617389873593,NA
"731","NSW1211536",1.31114161687808,-0.0119469883775845,0,"731","2","242",0.750798386300313,0.182504183035276,0.738851397922728,2.04999301480081,NA
"732","NSW1200424",1.31114161687808,-0.257755538635734,0,"732","2","243",-0.0541704219032087,0.210160867729813,-0.311925960538943,0.999215656339135,NA
"733","NSW1212846",1.31114161687808,-0.154456166104529,0,"733","2","244",-0.190833357202656,0.226238763073676,-0.345289523307185,0.965852093570893,NA
"734","NSW1200804",1.31114161687808,0.165052367007429,0,"734","2","245",0.194037937277304,0.203808657036158,0.359090304284734,1.67023192116281,NA
"735","NSW1210995",1.31114161687808,-0.0838706286076452,0,"735","2","246",-0.118959168462191,0.220581267644418,-0.202829797069836,1.10831181980824,NA
"736","NSW1212968",1.31114161687808,-0.304162579488327,0,"736","2","247",-0.320715061291518,0.24485061183947,-0.624877640779846,0.686263976098232,NA
"737","NSW1200591",1.31114161687808,0.00598937361566119,0,"737","2","248",0.0203162969378003,0.232257624383351,0.0263056705534615,1.33744728743154,NA
"738","NSW1213000",1.31114161687808,-0.271030198276079,0,"738","2","249",0.364876759802018,0.232770233041618,0.0938465615259388,1.40498817840402,NA
"739","NSW1200797",1.31114161687808,-0.0872096765256253,0,"739","2","250",0.166984689786907,0.201540493239067,0.0797750132612821,1.39091663013936,NA
"740","NSW1212964",1.31114161687808,-0.225347999955695,0,"740","2","251",0.257511712976276,0.238523357898736,0.0321637130205814,1.34330532989866,NA
"741","NSW1200338",1.31114161687808,0.149899622824296,0,"741","2","252",0.109521368682217,0.265168533007845,0.259420991506513,1.57056260838459,NA
"742","NSW1213003",1.31114161687808,-0.242291571881011,0,"742","2","253",-0.136224737357435,0.253010689908173,-0.378516309238445,0.932625307639633,NA
"743","NSW1190162",1.31114161687808,0.0834992208679815,0,"743","2","254",0.493068507045577,0.245472433828303,0.576567727913558,1.88770934479164,NA
"744","NSW1200769",1.31114161687808,0.11344378010157,0,"744","2","255",-0.420368981101297,0.206646691481419,-0.306925200999727,1.00421641587835,NA
"745","NSW1200403",1.31114161687808,0.0509977253569403,0,"745","2","256",0.992391886684863,0.211395977609588,1.0433896120418,2.35453122891988,NA
"746","NSW1200355",1.31114161687808,-0.341880508877904,0,"746","2","257",0.0295767092410166,0.44096206443563,-0.312303799636888,0.99883781724119,NA
"747","NSW1212965",1.31114161687808,-0.270965229374462,0,"747","2","258",0.379632164718654,0.245248369351833,0.108666935344191,1.41980855222227,NA
"748","NSW1200369",1.31114161687808,-0.220100017071833,0,"748","2","259",-0.283367511622739,0.224120978499904,-0.503467528694571,0.807674088183507,NA
"749","NSW1211589",1.31114161687808,-0.227909670859525,0,"749","2","260",-0.37052247882999,0.376495861553934,-0.598432149689515,0.712709467188563,NA
"750","NSW1200611",1.31114161687808,-0.0963316503529162,0,"750","2","261",0.158676129354023,0.217585257025268,0.0623444790011065,1.37348609587918,NA
"751","NSW1211538",1.31114161687808,-0.104740545209239,0,"751","2","262",-0.379838755014114,0.248224338929,-0.484579300223353,0.826562316654725,NA
"752","NSW1190172",1.31114161687808,0.223298842328597,0,"752","2","263",0.549056374500627,0.22255675533142,0.772355216829224,2.0834968337073,NA
"753","NSW1211437",1.31114161687808,0.154701068413192,0,"753","2","264",0.27542869394422,0.231947162153276,0.430129762357413,1.74127137923549,NA
"754","NSW1200656",1.31114161687808,-0.149712074985766,0,"754","2","265",0.546302464270936,0.234734895422861,0.396590389285169,1.70773200616325,NA
"755","NSW1200823",1.31114161687808,0.114489961894926,0,"755","2","266",-0.270952001946943,0.209979334026561,-0.156462040052017,1.15467957682606,NA
"756","NSW1200802",1.31114161687808,0.0248467474254776,0,"756","2","267",-0.081829539012205,0.208034685081469,-0.0569827915867273,1.25415882529135,NA
"757","NSW1211575",1.31114161687808,-0.232426481805323,0,"757","2","268",-0.159052911646636,0.210726032197311,-0.391479393451958,0.91966222342612,NA
"758","NSW1200430",1.31114161687808,-0.325429489934667,0,"758","2","269",0.616402313132902,0.217446391238333,0.290972823198235,1.60211444007631,NA
"759","NSW1200378",1.31114161687808,0.121001368780877,0,"759","2","270",0.156547001302145,0.219636232195426,0.277548370083021,1.5886899869611,NA
"760","NSW1200840",1.31114161687808,0.195135326061377,0,"760","2","271",-0.218282286147523,0.214228028963448,-0.0231469600861459,1.28799465679193,NA
"761","NSW1201366",1.31114161687808,0.0896575397006441,0,"761","2","272",-0.15144634488069,0.221168412890617,-0.0617888051800461,1.24935281169803,NA
"762","NSW1211569",1.31114161687808,0.157899189665906,0,"762","2","273",-0.183398725297396,0.177199645488508,-0.0254995356314895,1.28564208124659,NA
"763","NSW1210940",1.31114161687808,-0.2869321181671,0,"763","2","274",0.441090851268304,0.209445956393693,0.154158733101204,1.46530034997928,NA
"764","NSW1200838",1.31114161687808,-0.344298469478615,0,"764","2","275",0.259825671894114,0.260523907555583,-0.0844727975845004,1.22666881929358,NA
"765","NSW1200419",1.31114161687808,-0.220416918263687,0,"765","2","276",0.0575680117394768,0.225540234025605,-0.16284890652421,1.14829271035387,NA
"766","NSW1200909",1.31114161687808,0.115860019429793,0,"766","2","277",-0.444037983677739,0.192496207906309,-0.328177964247947,0.982963652630131,NA
"767","NSW1211572",1.31114161687808,0.123985597075123,0,"767","2","278",0.475432027750963,0.224412756127825,0.599417624826086,1.91055924170416,NA
"768","NSW1201401",1.31114161687808,0.000452309175067147,0,"768","2","279",-0.0906050842489281,0.208456676625503,-0.0901527750738609,1.22098884180422,NA
"769","NSW1200893",1.31114161687808,0.0369232995486194,0,"769","2","280",0.0253314608531922,0.211134870724317,0.0622547604018116,1.37339637727989,NA
"770","NSW1200879",1.31114161687808,-0.023553190679843,0,"770","2","281",0.064131537906048,0.216153377760322,0.040578347226205,1.35171996410428,NA
"771","NSW1200596",1.31114161687808,-0.129272394728632,0,"771","2","282",-0.763191406872611,0.319735258337628,-0.892463801601243,0.418677815276835,NA
"772","NSW1213023",1.31114161687808,-0.1363179274893,0,"772","2","283",-0.617780699598919,0.221261858156582,-0.75409862708822,0.557042989789859,NA
"773","NSW1211510",1.31114161687808,-0.142718038652815,0,"773","2","284",0.128776731868124,0.237103524936257,-0.0139413067846908,1.29720031009339,NA
"774","NSW1200342",1.31114161687808,-0.245076514827143,0,"774","2","285",-0.505205185202056,0.210102036994537,-0.750281700029198,0.56085991684888,NA
"775","NSW1200540",1.31114161687808,-0.056723942151441,0,"775","2","286",-0.478739479470987,0.251810681731676,-0.535463421622428,0.77567819525565,NA
"776","NSW1211585",1.31114161687808,-0.224331486334563,0,"776","2","287",0.00276765816347104,0.18787347898446,-0.221563828171092,1.08957778870699,NA
"777","NSW1212958",1.31114161687808,-0.252624256761393,0,"777","2","288",-0.374462630720194,0.237540614687644,-0.627086887481587,0.684054729396491,NA
"778","NSW1201627",1.31114161687808,0.186582414953547,0,"778","2","289",-0.480799462896439,0.22882806374684,-0.294217047942893,1.01692456893519,NA
"779","NSW1210988",1.31114161687808,-0.274430295028369,0,"779","2","290",0.0533299871336115,0.209215639629968,-0.221100307894758,1.09004130898332,NA
"780","NSW1200915",1.31114161687808,0.192608196194975,0,"780","2","291",0.319162645386321,0.225127928911226,0.511770841581295,1.82291245845937,NA
"781","NSW1200398",1.31114161687808,0.0805773141822794,0,"781","2","292",-0.412356903756469,0.229751361797233,-0.33177958957419,0.979362027303888,NA
"782","NSW1212963",1.31114161687808,-0.286826045680999,0,"782","2","293",0.186675085009788,0.259776117852174,-0.100150960671211,1.21099065620687,NA
"783","NSW1200519",1.31114161687808,0.140278713752647,0,"783","2","294",0.0520701380533138,0.167581183818506,0.192348851805961,1.50349046868404,NA
"784","NSW1211436",1.31114161687808,0.0359548270359739,0,"784","2","295",0.0741417932114996,0.214700492866288,0.110096620247473,1.42123823712555,NA
"785","NSW1212984",1.31114161687808,-0.123320514515172,0,"785","2","296",-0.0700543480803809,0.212790390404313,-0.193374862595553,1.11776675428253,NA
"786","NSW1211431",1.31114161687808,0.156611793584057,0,"786","2","297",0.799296451426676,0.26914496102634,0.955908245010734,2.26704986188881,NA
"787","NSW1211557",1.31114161687808,-0.0189089787714382,0,"787","2","298",0.315229044308164,0.18004882499074,0.296320065536726,1.6074616824148,NA
"788","NSW1190166",1.31114161687808,0.188812012547431,0,"788","2","299",0.217985140989009,0.160452169652916,0.40679715353644,1.71793877041452,NA
"789","NSW1200368",1.31114161687808,0.0483324984856374,0,"789","2","300",0.199365036277102,0.230895060471394,0.24769753476274,1.55883915164082,NA
"790","NSW1200809",1.31114161687808,0.173587244008341,0,"790","2","301",-0.527299010390667,0.228135476490319,-0.353711766382326,0.957429850495752,NA
"791","NSW1213024",1.31114161687808,-0.102181619134564,0,"791","2","302",0.0179282541135363,0.225573377990321,-0.0842533650210273,1.22688825185705,NA
"792","NSW1190169",1.31114161687808,0.176492101025,0,"792","2","303",0.292935541286772,0.192632367673316,0.469427642311772,1.78056925918985,NA
"793","NSW1200348",1.31114161687808,0.133099899463379,0,"793","2","304",-0.135863610683166,0.23263516891973,-0.00276371121978616,1.30837790565829,NA
"794","NSW1200383",1.31114161687808,0.155200011515221,0,"794","2","305",0.379088979109357,0.235761755456674,0.534288990624578,1.84543060750266,NA
"795","NSW1212986",1.31114161687808,-0.100686248585233,0,"795","2","306",-0.257423871046165,0.209511214348583,-0.358110119631399,0.953031497246679,NA
"796","NSW1200602",1.31114161687808,-0.102396381791407,0,"796","2","307",0.322368809634684,0.199542102275174,0.219972427843277,1.53111404472135,NA
"797","NSW1211535",1.31114161687808,0.0101906852095087,0,"797","2","308",-0.214191472601006,0.208760593499872,-0.204000787391497,1.10714082948658,NA
"798","NSW1212953",1.31114161687808,-0.268955042952518,0,"798","2","309",-0.719239464926272,0.231236969587267,-0.98819450787879,0.322947108999288,NA
"799","NSW1200794",1.31114161687808,0.160837701421638,0,"799","2","310",-0.322598603309777,0.235943552707584,-0.161760901888139,1.14938071498994,NA
"800","NSW1201361",1.31114161687808,0.183331735545283,0,"800","2","311",0.200682717510736,0.203679115650533,0.384014453056018,1.6951560699341,NA
"801","NSW1211537",1.31114161687808,-0.193218750525289,0,"801","2","312",0.549975306032516,0.202461637303639,0.356756555507228,1.66789817238531,NA
"802","NSW1200601",1.31114161687808,-0.127899121739146,0,"802","2","313",0.523468383688179,0.220342797215343,0.395569261949033,1.70671087882711,NA
"803","NSW1200538",1.31114161687808,0.207256825248793,0,"803","2","314",0.442868785001574,0.203620484373497,0.650125610250367,1.96126722712845,NA
"804","NSW1212996",1.31114161687808,-0.216206807232196,0,"804","2","315",-0.345636234524171,0.286041256369139,-0.561843041756368,0.74929857512171,NA
"805","NSW1211574",1.31114161687808,0.0139334117622954,0,"805","2","316",0.155079921356887,0.209284549150885,0.169013333119182,1.48015494999726,NA
"806","NSW1200606",1.31114161687808,-0.17328151719,0,"806","2","317",0.276471014213173,0.230372592894022,0.103189497023172,1.41433111390125,NA
"807","NSW1200844",1.31114161687808,-0.0262053982603842,0,"807","2","318",-0.154347651199734,0.255134845573225,-0.180553049460119,1.13058856741796,NA
"808","NSW1211432",1.31114161687808,0.0275069527407081,0,"808","2","319",-0.00726446307533193,0.206068259303008,0.0202424896653762,1.33138410654345,NA
"809","NSW1201386",1.31114161687808,0.165413574352825,0,"809","2","320",-0.193358991519823,0.209818875127425,-0.0279454171669984,1.28319619971108,NA
"810","NSW1212894",1.31114161687808,-0.190050895804842,0,"810","2","321",-0.655145665125012,0.289169738295267,-0.845196560929854,0.465945055948224,NA
"811","NSW1211573",1.31114161687808,-0.0327983006433211,0,"811","2","322",-0.973979043884558,0.230367046938856,-1.00677734452788,0.304364272350199,NA
"812","NSW1211567",1.31114161687808,0.00701522778564706,0,"812","2","323",-0.0318462686574795,0.208539712088771,-0.0248310408718325,1.28631057600625,NA
"813","NSW1201385",1.31114161687808,0.0856821469104412,0,"813","2","324",-0.591313561859216,0.222749359721534,-0.505631414948775,0.805510201929304,NA
"814","NSW1201357",1.31114161687808,0.185891062650898,0,"814","2","325",-0.258709285280019,0.187324112695295,-0.0728182226291205,1.23832339424896,NA
"815","NSW1211435",1.31114161687808,0.134013935562316,0,"815","2","326",0.357721391247476,0.188651502141825,0.491735326809792,1.80287694368787,NA
"816","NSW1200555",1.31114161687808,-0.0145443027434068,0,"816","2","327",0.102725988437137,0.19626908547815,0.0881816856937303,1.39932330257181,NA
"817","NSW1200399",1.31114161687808,-0.060021310574534,0,"817","2","328",-0.548066595959251,0.204358490640983,-0.608087906533785,0.703053710344293,NA
"818","NSW1200894",1.31114161687808,0.179928723002981,0,"818","2","329",-0.185831548131755,0.252174686969227,-0.00590282512877488,1.3052387917493,NA
"819","NSW1211457",1.31114161687808,0.134889895121235,0,"819","2","330",0.0473214504789395,0.200661182800965,0.182211345600175,1.49335296247825,NA
"820","NSW1200854",1.31114161687808,0.100850042945373,0,"820","2","331",-0.609947895452114,0.213053388967007,-0.509097852506741,0.802043764371338,NA
"821","NSW1200888",1.31114161687808,-0.111710489091215,0,"821","2","332",0.418116885162543,0.195011889929561,0.306406396071327,1.61754801294941,NA
"822","NSW1201626",1.31114161687808,0.209404761473366,0,"822","2","333",-0.420940141761733,0.200218889630399,-0.211535380288367,1.09960623658971,NA
"823","NSW1200553",1.31114161687808,0.15992603567989,0,"823","2","334",-0.280047622974752,0.177040995528765,-0.120121587294862,1.19102002958322,NA
"824","NSW1213008",1.31114161687808,-0.237308333798088,0,"824","2","335",-0.15875906072044,0.242538984083466,-0.396067394518527,0.915074222359551,NA
"825","NSW1200671",1.31114161687808,-0.196391226972137,0,"825","2","336",0.634020632120989,0.193032239125644,0.437629405148851,1.74877102202693,NA
"826","NSW1212955",1.31114161687808,-0.242312032280032,0,"826","2","337",0.373685101180909,0.224856166367337,0.131373068900878,1.44251468577896,NA
"827","NSW1212999",1.31114161687808,-0.237977455895171,0,"827","2","338",-0.161514451827017,0.216670374793516,-0.399491907722188,0.911649709155889,NA
"828","NSW1213018",1.31114161687808,-0.205415562392144,0,"828","2","339",0.638630672283451,0.218968875523057,0.433215109891307,1.74435672676939,NA
"829","NSW1212861",1.31114161687808,-0.37765538397662,0,"829","2","340",0.100238952644962,0.218740253047387,-0.277416431331658,1.03372518554642,NA
"830","NSW1200526",1.31114161687808,0.0262001793756249,0,"830","2","341",-0.249277861497314,0.237503062234356,-0.223077682121689,1.08806393475639,NA
"831","NSW1212978",1.31114161687808,-0.364885611662877,0,"831","2","342",0.388355335351909,0.285602096123947,0.0234697236890322,1.33461134056711,NA
"832","NSW1200548",1.31114161687808,0.185727892185027,0,"832","2","343",-0.165978908307729,0.199761323218056,0.0197489838772975,1.33089060075538,NA
"833","NSW1200843",1.31114161687808,0.116060459229628,0,"833","2","344",0.416120368129545,0.256494561358111,0.532180827359173,1.84332244423725,NA
"834","NSW1200898",1.31114161687808,-0.0415344385675146,0,"834","2","345",-0.0363130157096776,0.21354297647313,-0.0778474542771922,1.23329416260089,NA
"835","NSW1213031",1.31114161687808,-0.159884566758872,0,"835","2","346",0.0891805130562118,0.26723352050561,-0.0707040537026603,1.24043756317542,NA
"836","NSW1211425",1.31114161687808,-0.0132431783432616,0,"836","2","347",-0.156462712725931,0.227008841346654,-0.169705891069192,1.14143572580889,NA
"837","NSW1210966",1.31114161687808,-0.161929512308905,0,"837","2","348",-0.597176554295026,0.280695389862873,-0.759106066603932,0.552035550274146,NA
"838","NSW1200899",1.31114161687808,0.139908579329201,0,"838","2","349",-0.553104565777939,0.22061417943275,-0.413195986448738,0.89794563042934,NA
"839","NSW1212973",1.31114161687808,-0.258402429255912,0,"839","2","350",-0.768575257867557,0.25184635277224,-1.02697768712347,0.284163929754609,NA
"840","NSW1211540",1.31114161687808,-0.0311554167190186,0,"840","2","351",-0.542926647013142,0.19322408585376,-0.57408206373216,0.737059553145918,NA
"841","NSW1201406",1.31114161687808,0.152408385225668,0,"841","2","352",-0.265993311675197,0.159987082009529,-0.11358492644953,1.19755669042855,NA
"842","NSW1200889",1.31114161687808,0.0682894863339496,0,"842","2","353",-0.349218870412409,0.191937846571556,-0.28092938407846,1.03021223279962,NA
"843","NSW1200904",1.31114161687808,0.100616398147618,0,"843","2","354",-0.556954414727031,0.205878196453101,-0.456338016579412,0.854803600298666,NA
"844","NSW1213014",1.31114161687808,-0.257722726544518,0,"844","2","355",-0.269448300322014,0.261860104747912,-0.527171026866532,0.783970590011546,NA
"845","NSW1211588",1.31114161687808,-0.00525205545160094,0,"845","2","356",0.136503748799729,0.216649703841121,0.131251693348128,1.44239331022621,NA
"846","NSW1213035",1.31114161687808,-0.327979130635849,0,"846","2","357",0.289176612152518,0.198337620792282,-0.0388025184833312,1.27233909839475,NA
"847","NSW1200510",1.31114161687808,-0.0395835205605602,0,"847","2","358",-0.871930326314234,0.192582451399586,-0.911513846874794,0.399627770003284,NA
"848","NSW1211532",1.31114161687808,-0.206941174201961,0,"848","2","359",-0.148160431579457,0.185754951038694,-0.355101605781418,0.95604001109666,NA
"849","NSW1200924",1.31114161687808,0.144172868286052,0,"849","2","360",0.405683031357217,0.20081844943366,0.549855899643269,1.86099751652135,NA
"850","NSW1200782",1.31114161687808,-0.0606668499463842,0,"850","2","361",0.371775360791946,0.206637247914987,0.311108510845561,1.62225012772364,NA
"851","NSW1212998",1.31114161687808,-0.220219022624154,0,"851","2","362",0.120253236636881,0.225348151656151,-0.0999657859872732,1.2111758308908,NA
"852","NSW1211587",1.31114161687808,-0.161079191955284,0,"852","2","363",0.653308016276773,0.204950743656482,0.492228824321489,1.80337044119957,NA
"853","NSW1200359",1.31114161687808,-0.292633782042023,0,"853","2","364",0.519309087946181,0.254243085007422,0.226675305904158,1.53781692278224,NA
"854","NSW1212989",1.31114161687808,-0.200114177028455,0,"854","2","365",-0.677024468060754,0.22294235799371,-0.877138645089208,0.43400297178887,NA
"855","NSW1201429",1.31114161687808,0.0756285618165023,0,"855","2","366",-1.34543113548736,0.148903193032515,-1.26980257367086,0.0413390432072183,NA
"856","NSW1200918",1.31114161687808,-0.0468949252547271,0,"856","2","367",-1.05151323181941,0.193596148552389,-1.09840815707414,0.212733459803939,NA
"857","NSW1190209",1.31114161687808,0.0560676306655711,0,"857","2","368",0.62599211042922,0.235094104966404,0.682059741094791,1.99320135797287,NA
"858","NSW1200404",1.31114161687808,-0.059124749503686,0,"858","2","369",0.167032541117345,0.205474572234221,0.107907791613659,1.41904940849174,NA
"859","NSW1211509",1.31114161687808,-0.249424236556058,0,"859","2","370",0.123803161692121,0.207531153189845,-0.125621074863937,1.18552054201414,NA
"860","NSW1200421",1.31114161687808,-0.182525164815735,0,"860","2","371",0.109763464869783,0.208215125757773,-0.0727616999459526,1.23837991693213,NA
"861","NSW1200908",1.31114161687808,-0.00194637022759883,0,"861","2","372",0.139753979171477,0.201715222622762,0.137807608943878,1.44894922582196,NA
"862","NSW1213028",1.31114161687808,-0.452383034730917,0,"862","2","373",-0.20305546679296,0.264278771430772,-0.655438501523877,0.655703115354201,NA
"863","NSW1201632",1.31114161687808,0.180114357696071,0,"863","2","374",0.270882926819427,0.214994616404232,0.450997284515498,1.76213890139358,NA
"864","NSW1200461",1.31114161687808,-0.111830520660798,0,"864","2","375",0.511786327469627,0.226763366230047,0.39995580680883,1.71109742368691,NA
"865","NSW1200590",1.31114161687808,-0.188577683799093,0,"865","2","376",0.546702216297577,0.26116915524217,0.358124532498484,1.66926614937656,NA
"866","NSW1212975",1.31114161687808,-0.240720079067672,0,"866","2","377",0.180772941105174,0.273260393112597,-0.0599471379624982,1.25119447891558,NA
"867","NSW1201621",1.31114161687808,0.19561353895616,0,"867","2","378",-0.18234434208825,0.213335867794548,0.0132691968679099,1.32441081374599,NA
"868","NSW1210994",1.31114161687808,-0.302088893110216,0,"868","2","379",-0.237078754690533,0.226056538453544,-0.539167647800749,0.771973969077329,NA
"869","NSW1190186",1.31114161687808,-0.226666774698641,0,"869","2","380",0.150696771130716,0.247917973880985,-0.0759700035679247,1.23517161331015,NA
"870","NSW1213009",1.31114161687808,-0.10852935120811,0,"870","2","381",0.217639161291836,0.229101197202135,0.109109810083726,1.4202514269618,NA
"871","NSW1213004",1.31114161687808,-0.161735445027605,0,"871","2","382",0.100252396022551,0.205085272644694,-0.0614830490050537,1.24965856787302,NA
"872","NSW1200595",1.31114161687808,-0.211730255602326,0,"872","2","383",0.425468566990596,0.212334068589079,0.213738311388269,1.52487992826635,NA
"873","NSW1211590",1.31114161687808,-0.170230422440777,0,"873","2","384",-0.220459347426897,0.21519494133024,-0.390689769867674,0.920451847010405,NA
"874","NSW1213026",1.31114161687808,-0.310734823380193,0,"874","2","385",-0.537262331283788,0.22660967200838,-0.847997154663981,0.463144462214097,NA
"875","NSW1200798",1.31114161687808,-0.17532501797716,0,"875","2","386",0.364542719302032,0.215295448853392,0.189217701324872,1.50035931820295,NA
"876","NSW1190171",1.31114161687808,0.208250886993005,0,"876","2","387",0.377176956930487,0.159623532367056,0.585427843923491,1.89656946080157,NA
"877","NSW1211447",1.31114161687808,0.0600260096665052,0,"877","2","388",0.11642183437693,0.234746315710118,0.176447844043435,1.48758946092151,NA
"878","NSW1200652",1.31114161687808,-0.0868081521735707,0,"878","2","389",-0.481590155943919,0.22096613758865,-0.568398308117489,0.742743308760589,NA
"879","NSW1211571",1.31114161687808,-0.0262795687077403,0,"879","2","390",0.278976699210193,0.229268982148755,0.252697130502452,1.56383874738053,NA
"880","NSW1200612",1.31114161687808,-0.0039422986168504,0,"880","2","391",-0.329638407407612,0.195956816882908,-0.333580706024462,0.977560910853616,NA
"881","NSW1213019",1.31114161687808,-0.158907738644241,0,"881","2","392",-0.326302669926825,0.208025217550028,-0.485210408571066,0.825931208307012,NA
"882","NSW1190193",1.31114161687808,0.114397367086259,0,"882","2","393",0.122573129955565,0.214537450099491,0.236970497041824,1.5481121139199,NA
"883","NSW1200621",1.31114161687808,-0.100574664221732,0,"883","2","394",-0.444720668427469,0.152954910556284,-0.5452953326492,0.765846284228878,NA
"884","NSW1211452",1.31114161687808,-0.230815658594808,0,"884","2","395",-0.386935247594987,0.20219465532369,-0.617750906189795,0.693390710688283,NA
"885","NSW1210997",1.31114161687808,-0.139062910576875,0,"885","2","396",0.212782915211351,0.287810413868259,0.0737200046344763,1.38486162151255,NA
"886","NSW1201424",1.31114161687808,0.139931605131924,0,"886","2","397",-0.765630912254093,0.232710647423485,-0.625699307122169,0.685442309755909,NA
"887","NSW1213002",1.31114161687808,-0.166329885294869,0,"887","2","398",0.00204668136289517,0.211588376231939,-0.164283203931974,1.1468584129461,NA
"888","NSW1201367",1.31114161687808,-0.00775639624777934,0,"888","2","399",-0.23184084751023,0.174202260094778,-0.239597243758009,1.07154437312007,NA
"889","NSW1200903",1.31114161687808,0.0539130985517028,0,"889","2","400",0.350914386008666,0.151378338187974,0.404827484560369,1.71596910143845,NA
"890","NSW1212974",1.31114161687808,-0.214052761462579,0,"890","2","401",-0.577154644546317,0.270941858951902,-0.791207406008896,0.519934210869182,NA
"891","NSW1211531",1.31114161687808,-0.167717649127524,0,"891","2","402",0.270925976463663,0.184987514243539,0.10320832733614,1.41434994421422,NA
"892","NSW1190170",1.31114161687808,0.212478999587403,0,"892","2","403",0.602084101478703,0.224253942536827,0.814563101066106,2.12570471794418,NA
"893","NSW1211579",1.31114161687808,0.0759827662073897,0,"893","2","404",-0.549329544834731,0.20467831553496,-0.473346778627341,0.837794838250737,NA
"894","NSW1200913",1.31114161687808,0.129697657626232,0,"894","2","405",0.0563707661151318,0.233351128221575,0.186068423741364,1.49721004061944,NA
"895","NSW1212899",1.31114161687808,-0.331274449843375,0,"895","2","406",-0.43074512898067,0.249506889681209,-0.762019578824044,0.549122038054034,NA
"896","NSW1212954",1.31114161687808,0.0133021146359969,0,"896","2","407",-0.361114887207266,0.180571090272109,-0.347812772571269,0.963328844306809,NA
"897","NSW1200874",1.31114161687808,0.0772122234441124,0,"897","2","408",-0.287921386167727,0.191081909731201,-0.210709162723615,1.10043245415446,NA
"898","NSW1200367",1.31114161687808,0.190187865349719,0,"898","2","409",0.335045707527456,0.195831462115559,0.525233572877175,1.83637518975525,NA
"899","NSW1211563",1.31114161687808,0.0890862712280248,0,"899","2","410",-0.0529696551053971,0.217865506067109,0.0361166161226277,1.34725823300071,NA
"900","NSW1200667",1.31114161687808,-0.200205128206829,0,"900","2","411",0.698316911522165,0.219953343108347,0.498111783315336,1.80925340019341,NA
"901","NSW1200832",1.31114161687808,-0.0675688963233833,0,"901","2","412",0.444464430420167,0.210885339474377,0.376895534096784,1.68803715097486,NA
"902","NSW1211580",1.31114161687808,-0.191713222991011,0,"902","2","413",-0.322602769611263,0.17925292779748,-0.514315992602274,0.796825624275804,NA
"903","NSW1201435",1.31114161687808,0.113754215786858,0,"903","2","414",-0.551659432413533,0.220863691472929,-0.437905216626675,0.873236400251403,NA
"904","NSW1200600",1.31114161687808,-0.249628679318698,0,"904","2","415",0.0738688218996928,0.261986785942678,-0.175759857419005,1.13538175945907,NA
"905","NSW1212994",1.31114161687808,-0.128146444211614,0,"905","2","416",-0.279888155042318,0.18825345077099,-0.408034599253933,0.903107017624145,NA
"906","NSW1211591",1.31114161687808,0.108597247597159,0,"906","2","417",0.341270311417919,0.2071482023094,0.449867559015078,1.76100917589316,NA
