"","Taxa","BLUE.N","BLUE.I","QTNs","Group","RefInf","ID","BLUP","PEV","gBreedingValue","Prediction","COI"
"1","S_1007_S311",1.384219448425,0.236387157010998,0,"  1","1","  1",0.477307927740721,0.303172716421549,0.71369508475172,2.09791453317672,1.8612097182042
"2","S_102_S245",1.384219448425,-0.103429989344843,0,"  2","1","  2",0.508245261412789,0.288764975438792,0.404815272067946,1.78903472049294,1.65487545982344
"3","S_1031_S380",1.384219448425,-0.108760778017081,0,"  3","1","  3",0.0726292105647569,0.303035311470285,-0.0361315674523243,1.34808788097267,1
"4","S_1045_S231",1.384219448425,0.22804397628854,0,"  4","1","  4",-1.14277576564952,0.30773407349469,-0.914731789360981,0.469487659064015,0
"5","S_1052_S227",1.384219448425,0.229701563313171,0,"  5","1","  5",0.188803956371993,0.291761957564401,0.418505519685164,1.80272496811016,2.11474252688113
"6","S_1054_S345",1.384219448425,0.13864059848628,0,"  6","1","  6",-0.225547197715474,0.292265875100969,-0.0869065992291949,1.2973128491958,0.840896415253715
"7","S_1057_S302",1.384219448425,0.131088712520823,0,"  7","1","  7",-0.623824417813357,0.298951478244982,-0.492735705292534,0.891483743132461,0.840896415253715
"8","S_106_S223",1.384219448425,-0.102687955988262,0,"  8","1","  8",0.579836589697778,0.301121781877473,0.477148633709516,1.86136808213451,1.8612097182042
"9","S_1082_S287",1.384219448425,0.0187503171250913,0,"  9","1","  9",0.156944587618583,0.288075245252436,0.175694904743674,1.55991435316867,1.56508458007329
"10","S_108_S258",1.384219448425,-0.116666301638048,0," 10","1"," 10",0.426267570906727,0.303894467466321,0.309601269268678,1.69382071769367,1.56508458007329
"11","S_109_S351",1.384219448425,-0.174051933433693,0," 11","1"," 11",0.0721263288932822,0.298015071549168,-0.101925604540411,1.28229384388458,1.49534878122122
"12","S_1124_S271",1.384219448425,0.161036411100178,0," 12","1"," 12",-0.870684389422628,0.303583720393118,-0.70964797832245,0.674571470102545,1.18920711500272
"13","S_1127_S332",1.384219448425,0.152987075054161,0," 13","1"," 13",-1.48667181823866,0.267691693089814,-1.3336847431845,0.0505347052404925,0
"14","S_1130_S319",1.384219448425,0.171684282822853,0," 14","1"," 14",0.99297267283337,0.314440785808667,1.16465695565622,2.54887640408122,2.65914794847249
"15","S_1132_S315",1.384219448425,0.145521332513451,0," 15","1"," 15",0.288613293767938,0.303116195045306,0.43413462628139,1.81835407470639,1.65487545982344
"16","S_1159_S297",1.384219448425,0.0258583442499942,0," 16","1"," 16",0.192579681932109,0.289818882471458,0.218438026182103,1.6026574746071,1.56508458007329
"17","S_1161_S254",1.384219448425,0.0176391836518954,0," 17","1"," 17",0.282824304051384,0.296992774804534,0.300463487703279,1.68468293612827,1.31607401295249
"18","S_1162_S384",1.384219448425,-0.0581167178258494,0," 18","1"," 18",0.752731595495866,0.291283986325647,0.694614877670016,2.07883432609501,2.51486685936587
"19","S_1223_S229",1.384219448425,-0.0135316874938884,0," 19","1"," 19",-0.23185600680772,0.296315448467861,-0.245387694301609,1.13883175412339,1.4142135623731
"20","S_1237_S377",1.384219448425,0.0849346705776024,0," 20","1"," 20",-1.45770763656997,0.279538514551439,-1.37277296599237,0.011446482432627,0
"21","S_129_S310",1.384219448425,-0.216008843901606,0," 21","1"," 21",-1.4006727300811,0.303183716269563,-1.61668157398271,0,0
"22","S_1305_S246",1.384219448425,0.204994557176277,0," 22","1"," 22",-0.262981181021169,0.304168939150289,-0.057986623844892,1.3262328245801,1.77827941003892
"23","S_130_S333",1.384219448425,-0.124196978255175,0," 23","1"," 23",-0.931502371814556,0.301341533376533,-1.05569935006973,0.328520098355264,0
"24","S_1315_S322",1.384219448425,-0.0248885775022819,0," 24","1"," 24",0.300810448010989,0.316142118763337,0.275921870508707,1.6601413189337,1.49534878122122
"25","S_1317_S208",1.384219448425,0.0166446867331151,0," 25","1"," 25",-0.15263332509254,0.274774821234416,-0.135988638359425,1.24823081006557,1.49534878122122
"26","S_1324_S206",1.384219448425,-0.0564107731545954,0," 26","1"," 26",0.81841200991434,0.296618060613469,0.762001236759745,2.14622068518474,2.11474252688113
"27","S_1328_S372",1.384219448425,0.102526833778173,0," 27","1"," 27",0.596269590744709,0.313327199361135,0.698796424522882,2.08301587294788,2.34034731932072
"28","S_1343_S366",1.384219448425,0.0599759236119057,0," 28","1"," 28",-0.151930927864779,0.28524225117409,-0.0919550042528737,1.29226444417212,1
"29","S_137_S285",1.384219448425,-0.144846997238116,0," 29","1"," 29",-0.17311571286884,0.305976358019505,-0.317962710106957,1.06625673831804,1
"30","S_1383_S323",1.384219448425,-0.395765536144495,0," 30","1"," 30",0.253461400824188,0.527095969529257,-0.142304135320307,1.24191531310469,1.10668191970032
"31","S_1404_S202",1.384219448425,-0.124634943748712,0," 31","1"," 31",-0.914828255988317,0.283093890599819,-1.03946319973703,0.344756248687967,0
"32","S_1407_S312",1.384219448425,-0.0872955024105281,0," 32","1"," 32",-0.325059116043768,0.301371881842841,-0.412354618454296,0.971864829970699,1.31607401295249
"33","S_140_S320",1.384219448425,-0.169386938650933,0," 33","1"," 33",1.00326731160682,0.311080212118431,0.833880372955886,2.21809982138088,2.51486685936587
"34","S_1423_S318",1.384219448425,0.0983357862395844,0," 34","1"," 34",0.764604372233029,0.289736737548841,0.862940158472613,2.24715960689761,2.51486685936587
"35","S_1430_S329",1.384219448425,-0.0180118468927619,0," 35","1"," 35",-0.151448886056212,0.294606678588654,-0.169460732948974,1.21475871547602,1.4142135623731
"36","S_1431_S278",1.384219448425,-0.0664856204945916,0," 36","1"," 36",-0.866931820874386,0.306214762443625,-0.933417441368977,0.450802007056018,0
"37","S_1437_S292",1.384219448425,-0.0987966541719349,0," 37","1"," 37",-0.305230102047232,0.317249889550334,-0.404026756219167,0.980192692205828,1.18920711500272
"38","S_1441_S235",1.384219448425,-0.109059318355979,0," 38","1"," 38",0.54779269694645,0.313741031054384,0.438733378590471,1.82295282701547,1.96798967126543
"39","S_1442_S328",1.384219448425,-0.0296141115442306,0," 39","1"," 39",-0.732745477645667,0.305365762476765,-0.762359589189898,0.621859859235097,0
"40","S_1452_S275",1.384219448425,-0.0296905383137121,0," 40","1"," 40",0.335774157332341,0.306822144052992,0.306083619018629,1.69030306744362,1.49534878122122
"41","S_1472_S295",1.384219448425,0.12332214022911,0," 41","1"," 41",-1.24857971363945,0.283798815146665,-1.12525757341034,0.258961875014657,0
"42","S_1488_S316",1.384219448425,-0.0401825538766555,0," 42","1"," 42",0.171130341594581,0.30013612478289,0.130947787717926,1.51516723614292,1.62657656169779
"43","S_148_S249",1.384219448425,-0.102754351794295,0," 43","1"," 43",-0.436669685605143,0.325315058330856,-0.539424037399438,0.844795411025558,1
"44","S_1496_S272",1.384219448425,-0.00734570779160435,0," 44","1"," 44",0.94861079627056,0.301715475097197,0.941265088478956,2.32548453690395,2.65914794847249
"45","S_150_S251",1.384219448425,-0.201580623498721,0," 45","1"," 45",0.385097436392306,0.325773802149049,0.183516812893585,1.56773626131858,1.31607401295249
"46","S_1513_S327",1.384219448425,-0.0621527189158339,0," 46","1"," 46",-0.928930064161341,0.318616593436238,-0.991082783077175,0.39313666534782,0
"47","S_1518_S240",1.384219448425,-0.145437613362988,0," 47","1"," 47",-0.287517730316876,0.282095722591998,-0.432955343679864,0.951264104745132,1
"48","S_1549_S342",1.384219448425,0.117697809578041,0," 48","1"," 48",-0.849263671848277,0.298252535323022,-0.731565862270236,0.65265358615476,0
"49","S_1573_S236",1.384219448425,-0.10287189791,0," 49","1"," 49",-0.195660955903054,0.300306763717458,-0.298532853813054,1.08568659461194,1
"50","S_1584_S296",1.384219448425,-0.0347486104075439,0," 50","1"," 50",0.7370268317328,0.294479594893608,0.702278221325257,2.08649766975025,2.21336383940064
"51","S_1599_S343",1.384219448425,0.151336648057939,0," 51","1"," 51",0.670160893967673,0.292158045914723,0.821497542025612,2.20571699045061,2.65914794847249
"52","S_1619_S303",1.384219448425,0.0399901422226301,0," 52","1"," 52",0.543738847154205,0.316118283597044,0.583728989376835,1.96794843780183,1.77827941003892
"53","S_1621_S339",1.384219448425,0.11354235898429,0," 53","1"," 53",1.22617700937981,0.278929220243307,1.3397193683641,2.7239388167891,2.54572989502183
"54","S_1623_S378",1.384219448425,0.0800681666143704,0," 54","1"," 54",-0.0752382808550096,0.281356439198376,0.00482988575936086,1.38904933418436,1.65487545982344
"55","S_1629_S373",1.384219448425,0.0369274000537729,0," 55","1"," 55",0.639583682144315,0.291746252494538,0.676511082198088,2.06073053062308,1.77827941003892
"56","S_1631_S361",1.384219448425,0.041717917139355,0," 56","1"," 56",0.882618214769864,0.281564804611368,0.924336131909219,2.30855558033421,2.65914794847249
"57","S_1637_S325",1.384219448425,-0.121133379855222,0," 57","1"," 57",0.996644787981037,0.293113572290225,0.875511408125815,2.25973085655081,2.44948974278318
"58","S_1639_S204",1.384219448425,-0.134448130927782,0," 58","1"," 58",-0.207652817621999,0.292191866747882,-0.342100948549781,1.04211849987521,1.31607401295249
"59","S_1643_S375",1.384219448425,-0.18744466197276,0," 59","1"," 59",-0.212583816955611,0.30284652342019,-0.400028478928371,0.984190969496624,1
"60","S_1649_S331",1.384219448425,-0.194905380340109,0," 60","1"," 60",-0.013706707365613,0.308922085065545,-0.208612087705722,1.17560736071927,1.49534878122122
"61","S_1653_S294",1.384219448425,-0.0185125582708921,0," 61","1"," 61",-0.0472127694075744,0.31338812697741,-0.0657253276784665,1.31849412074653,1
"62","S_165_S284",1.384219448425,-0.044192436477012,0," 62","1"," 62",0.505099751521414,0.297531813525886,0.460907315044402,1.8451267634694,1.49534878122122
"63","S_1677_S221",1.384219448425,-0.0863881554941725,0," 63","1"," 63",-0.843093472389101,0.283184231075888,-0.929481627883273,0.454737820541722,0
"64","S_1683_S338",1.384219448425,-0.133361801401568,0," 64","1"," 64",-0.285191840430567,0.3008457773621,-0.418553641832136,0.96566580659286,1.18920711500272
"65","S_1689_S192",1.384219448425,-0.129597173975717,0," 65","1"," 65",-0.951297046297598,0.319590640145701,-1.08089422027331,0.303325228151681,0
"66","S_1699_S367",1.384219448425,0.098068538479059,0," 66","1"," 66",-0.196116366099258,0.292916112629413,-0.0980478276201994,1.2861716208048,1.18920711500272
"67","S_171_S219",1.384219448425,-0.0975873172691685,0," 67","1"," 67",0.825595783822377,0.307083212048404,0.728008466553208,2.1122279149782,2.59002006411135
"68","S_1723_S369",1.384219448425,-0.0679757272809758,0," 68","1"," 68",0.236104757139452,0.286789959025561,0.168129029858476,1.55234847828347,1.4142135623731
"69","S_1728_S376",1.384219448425,-0.118622042180941,0," 69","1"," 69",1.518587943208,0.310371758549079,1.39996590102706,2.78418534945206,2.78315768371374
"70","S_1736_S359",1.384219448425,-0.0249488154472126,0," 70","1"," 70",0.60227462218597,0.290054058141122,0.577325806738758,1.96154525516375,1.96798967126543
"71","S_1742_S357",1.384219448425,-0.0727569062002272,0," 71","1"," 71",0.133173069040279,0.31004008752308,0.0604161628400514,1.44463561126505,1.8612097182042
"72","S_1749_S247",1.384219448425,-0.0829173220460838,0," 72","1"," 72",-0.314649159079195,0.307480397876943,-0.397566481125278,0.986652967299717,1
"73","S_1779_S226",1.384219448425,-0.0775481533255608,0," 73","1"," 73",1.19688896041772,0.280067994563125,1.11934080709216,2.50356025551715,2.65914794847249
"74","S_1810_S213",1.384219448425,0.0108044502909801,0," 74","1"," 74",0.543132543961192,0.304123471741047,0.553936994252172,1.93815644267717,1.8612097182042
"75","S_1813_S253",1.384219448425,-0.061077316476531,0," 75","1"," 75",0.0226061959447915,0.287770076463321,-0.0384711205317395,1.34574832789326,1.56508458007329
"76","S_1817_S210",1.384219448425,-0.053237160567993,0," 76","1"," 76",0.524850787785603,0.301448184547124,0.47161362721761,1.85583307564261,2.34034731932072
"77","S_1818_S238",1.384219448425,-0.0884907430452366,0," 77","1"," 77",-0.65869078615806,0.296551013518029,-0.747181529203296,0.637037919221699,0
"78","S_1825_S198",1.384219448425,-0.0592334649615402,0," 78","1"," 78",-0.0371002446485402,0.319684997555631,-0.0963337096100804,1.28788573881491,1.49534878122122
"79","S_1837_S256",1.384219448425,-0.0258069901234083,0," 79","1"," 79",0.991981590738661,0.316514109883123,0.966174600615253,2.35039404904025,2.78315768371374
"80","S_1839_S299",1.384219448425,-0.0591408812210291,0," 80","1"," 80",0.63871626132329,0.312366013743659,0.579575380102261,1.96379482852726,2.21336383940064
"81","S_183_S263",1.384219448425,-0.0982964502729968,0," 81","1"," 81",0.74137400518353,0.319431176955514,0.643077554910533,2.02729700333553,2.65914794847249
"82","S_1841_S250",1.384219448425,-0.0812794582613185,0," 82","1"," 82",-0.673349429926986,0.320094859473165,-0.754628888188304,0.629590560236691,0
"83","S_1865_S374",1.384219448425,-0.113559865953174,0," 83","1"," 83",1.14206826475462,0.293415442456686,1.02850839880144,2.41272784722644,2.21336383940064
"84","S_1874_S244",1.384219448425,-0.0691992756098828,0," 84","1"," 84",1.0089781755598,0.299992511469192,0.939778899949916,2.32399834837491,2.34034731932072
"85","S_1877_S262",1.384219448425,-0.0642725777239205,0," 85","1"," 85",1.00195944373006,0.295904189518077,0.937686866006135,2.32190631443113,2.78315768371374
"86","S_1899_S193",1.384219448425,0.00376356671953487,0," 86","1"," 86",0.0931441837281536,0.282022178272943,0.0969077504476885,1.48112719887268,1.62657656169779
"87","S_1900_S242",1.384219448425,0.0344239709421194,0," 87","1"," 87",0.0871757928616141,0.280445706156081,0.121599763803733,1.50581921222873,1.56508458007329
"88","S_1936_S218",1.384219448425,-0.141450852072833,0," 88","1"," 88",-0.284750868838517,0.315054642547696,-0.426201720911349,0.958017727513646,1.18920711500272
"89","S_1952_S293",1.384219448425,-0.157390643336414,0," 89","1"," 89",-0.0503730879165227,0.329212240649211,-0.207763731252937,1.17645571717206,1.18920711500272
"90","S_1969_S291",1.384219448425,-0.194541772318185,0," 90","1"," 90",0.39990625765333,0.314479005259569,0.205364485335145,1.58958393376014,1.31607401295249
"91","S_1973_S267",1.384219448425,-0.239063684427194,0," 91","1"," 91",1.62734556564008,0.323163395331589,1.38828188121289,2.77250132963789,2.89250760851908
"92","S_197_S207",1.384219448425,-0.141176952172751,0," 92","1"," 92",-0.252249291835049,0.306111385777013,-0.3934262440078,0.990793204417195,1.4142135623731
"93","S_198_S304",1.384219448425,-0.12073067205203,0," 93","1"," 93",-1.08637076367861,0.308168952703413,-1.20710143573064,0.177118012694359,0
"94","S_2010_S200",1.384219448425,-0.208778330265837,0," 94","1"," 94",-0.941788121627455,0.31565133108291,-1.15056645189329,0.233652996531704,0
"95","S_2014_S264",1.384219448425,-0.219753780223137,0," 95","1"," 95",0.0540903966610128,0.321339115512168,-0.165663383562124,1.21855606486287,1.25743342968294
"96","S_2015_S266",1.384219448425,-0.216497727342485,0," 96","1"," 96",-0.732506194744117,0.314983090434879,-0.949003922086602,0.435215526338394,0
"97","S_2037_S371",1.384219448425,-0.162080515179414,0," 97","1"," 97",-0.984959965973104,0.29940765364253,-1.14704048115252,0.237178967272478,0
"98","S_2073_S215",1.384219448425,-0.125441108518248,0," 98","1"," 98",0.118266367205463,0.313237150226712,-0.00717474131278512,1.37704470711221,1.49534878122122
"99","S_2099_S335",1.384219448425,-0.10377659445344,0," 99","1"," 99",-0.358670837995553,0.32145739894234,-0.462447432448994,0.921772015976002,0.840896415253715
"100","S_209_S379",1.384219448425,0.278961495607529,0,"100","1","100",-1.59299109442287,0.301308135549493,-1.31402959881534,0.0701898496096587,0
"101","S_2103_S301",1.384219448425,-0.0932661960120011,0,"101","1","101",0.198371501434089,0.315330724736839,0.105105305422088,1.48932475384708,2.34034731932072
"102","S_2104_S224",1.384219448425,-0.116780644867786,0,"102","1","102",-0.0614302790333554,0.33955852812466,-0.178210923901142,1.20600852452385,1.31607401295249
"103","S_2105_S269",1.384219448425,-0.0493444479034417,0,"103","1","103",-0.730214815098668,0.324565603979119,-0.779559263002109,0.604660185422886,0
"104","S_2107_S349",1.384219448425,-0.193608317004927,0,"104","1","104",-0.195658776966737,0.315782549601861,-0.389267093971664,0.994952354453331,1.18920711500272
"105","S_2115_S280",1.384219448425,-0.311348511104038,0,"105","1","105",0.505969758172007,0.424546358823804,0.194621247067969,1.57884069549296,2.34034731932072
"106","S_2116_S350",1.384219448425,-0.183490389051789,0,"106","1","106",0.152129669008753,0.297675815737999,-0.0313607200430364,1.35285872838196,1.31607401295249
"107","S_2135_S234",1.384219448425,-0.16275819160804,0,"107","1","107",0.249996262706009,0.304478441332285,0.0872380710979697,1.47145751952297,1.31607401295249
"108","S_2140_S363",1.384219448425,-0.191296211865986,0,"108","1","108",-1.26720318210673,0.31720560794127,-1.45849939397272,0,0
"109","S_2145_S212",1.384219448425,-0.183251093135763,0,"109","1","109",-1.07911460030064,0.307613779645334,-1.2623656934364,0.121853754988593,0
"110","S_2155_S383",1.384219448425,-0.124877055249174,0,"110","1","110",0.0703963929106436,0.302778507016614,-0.0544806623385303,1.32973878608647,1.4142135623731
"111","S_2187_S360",1.384219448425,-0.170612160501251,0,"111","1","111",0.401610720550029,0.298627636409811,0.230998560048778,1.61521800847377,1.96798967126543
"112","S_2192_S307",1.384219448425,-0.171753677971221,0,"112","1","112",0.0487981270783378,0.291896949038551,-0.122955550892883,1.26126389753211,1.31607401295249
"113","S_2193_S216",1.384219448425,-0.0837711404743535,0,"113","1","113",0.170934745666008,0.300668438060572,0.0871636051916548,1.47138305361665,1.65487545982344
"114","S_2201_S214",1.384219448425,-0.230178496527038,0,"114","1","114",-1.1230348926374,0.314428744883609,-1.35321338916444,0.0310060592605583,0
"115","S_2203_S277",1.384219448425,-0.191245619238442,0,"115","1","115",-0.88679037068698,0.318231883177718,-1.07803598992542,0.306183458499574,0
"116","S_2212_S230",1.384219448425,-0.116130971877143,0,"116","1","116",-1.27879504116328,0.288408234315063,-1.39492601304043,0,0
"117","S_2214_S290",1.384219448425,-0.111867525107192,0,"117","1","117",-0.208825260818023,0.287341107815794,-0.320692785925215,1.06352666249978,1.4142135623731
"118","S_2226_S298",1.384219448425,-0.211026076339399,0,"118","1","118",0.976465044512846,0.313017998153265,0.765438968173447,2.14965841659844,2.21336383940064
"119","S_2228_S346",1.384219448425,-0.137830390492023,0,"119","1","119",-0.961102805611406,0.295923393728361,-1.09893319610343,0.285286252321567,0
"120","S_2232_S273",1.384219448425,-0.103352003779524,0,"120","1","120",-0.0802693207706079,0.334651198530748,-0.183621324550132,1.20059812387486,1.31607401295249
"121","S_2271_S195",1.384219448425,-0.135339601947115,0,"121","1","121",0.454873785275201,0.313280259381186,0.319534183328086,1.70375363175308,1.49534878122122
"122","S_2299_S281",1.384219448425,0.311899712246765,0,"122","1","122",0.734775263627747,0.334576103779368,1.04667497587451,2.43089442429951,2.65914794847249
"123","S_2302_S259",1.384219448425,0.233388571552898,0,"123","1","123",0.502528214840412,0.30178963632885,0.735916786393311,2.12013623481831,2.23606797749979
"124","S_2307_S288",1.384219448425,0.164500445593712,0,"124","1","124",0.708292175814293,0.296973037587828,0.872792621408004,2.257012069833,2.69178163547765
"125","S_2319_S337",1.384219448425,-0.00826431242434575,0,"125","1","125",-1.12019969720536,0.280918374000441,-1.12846400962971,0.255755438795288,0
"126","S_231_S260",1.384219448425,0.34848894805988,0,"126","1","126",0.214582758345836,0.362320598477974,0.563071706405716,1.94729115483071,2.11474252688113
"127","S_2323_S355",1.384219448425,0.173368518172243,0,"127","1","127",-0.550518715738967,0.306423629917727,-0.377150197566724,1.00706925085827,1.25743342968294
"128","S_2351_S197",1.384219448425,0.131982709480428,0,"128","1","128",-1.51942253081545,0.320434217420415,-1.38743982133503,0,0
"129","S_2358_S289",1.384219448425,0.0158092037565281,0,"129","1","129",0.0127366234089708,0.289242359875235,0.0285458271654989,1.41276527559049,1.49534878122122
"130","S_2370_S336",1.384219448425,0.197340556851159,0,"130","1","130",-0.436544531736914,0.290127154465826,-0.239203974885755,1.14501547353924,1
"131","S_2375_S268",1.384219448425,0.210632862190195,0,"131","1","131",0.69919151600962,0.295731402787785,0.909824378199815,2.29404382662481,2.51486685936587
"132","S_2395_S194",1.384219448425,0.207756558817962,0,"132","1","132",-0.121679910366476,0.318241572578231,0.0860766484514864,1.47029609687648,1.56508458007329
"133","S_242_S324",1.384219448425,0.174896604246041,0,"133","1","133",-1.17884514916297,0.293623605542427,-1.00394854491693,0.380270903508062,0
"134","S_248_S252",1.384219448425,0.204725617335465,0,"134","1","134",-0.226165919948294,0.286213665714136,-0.0214403026128282,1.36277914581217,1.77827941003892
"135","S_261_S368",1.384219448425,-0.143409002851629,0,"135","1","135",0.462522533119404,0.295833786264628,0.319113530267775,1.70333297869277,1.96798967126543
"136","S_269_S228",1.384219448425,0.0141671482637875,0,"136","1","136",-0.466479477338153,0.306482909857697,-0.452312329074365,0.93190711935063,0.840896415253715
"137","S_272_S326",1.384219448425,-0.163033529391327,0,"137","1","137",0.717373028769827,0.331544603197911,0.554339499378499,1.93855894780349,2.11474252688113
"138","S_285_S191",1.384219448425,-0.0521788137713809,0,"138","1","138",0.968210530093042,0.290608210456158,0.916031716321661,2.30025116474666,2.05976714390712
"139","S_28_S364",1.384219448425,-0.220646884687325,0,"139","1","139",-1.11253503510758,0.311207312746145,-1.3331819197949,0.0510375286300915,0
"140","S_294_S317",1.384219448425,0.26875696437009,0,"140","1","140",-1.26727913166893,0.321132733596616,-0.99852216729884,0.385697281126155,0
"141","S_298_S354",1.384219448425,0.250155550779687,0,"141","1","141",0.133533847390857,0.312765985391765,0.383689398170544,1.76790884659554,2.11474252688113
"142","S_304_S341",1.384219448425,0.0228369281152496,0,"142","1","142",-1.03319716571436,0.28642719613498,-1.01036023759911,0.37385921082589,0
"143","S_325_S347",1.384219448425,-0.110597294782515,0,"143","1","143",-1.08572917410897,0.278936087492874,-1.19632646889148,0.187892979533512,0
"144","S_381_S205",1.384219448425,-0.132271256879411,0,"144","1","144",1.23715784347218,0.288202235545713,1.10488658659277,2.48910603501777,2.65914794847249
"145","S_382_S276",1.384219448425,-0.104763793265386,0,"145","1","145",1.14407286579436,0.317018491278127,1.03930907252897,2.42352852095397,2.89250760851908
"146","S_389_S330",1.384219448425,-0.127642470013828,0,"146","1","146",0.713828052455378,0.28365186743064,0.586185582441549,1.97040503086654,2.23606797749979
"147","S_394_S237",1.384219448425,-0.07108686269764,0,"147","1","147",-1.12946191010792,0.298351385054676,-1.20054877280556,0.183670675619437,0
"148","S_398_S239",1.384219448425,-0.0999415977256261,0,"148","1","148",0.276350280610923,0.292346847322676,0.176408682885297,1.56062813131029,1.49534878122122
"149","S_402_S309",1.384219448425,-0.131365431594584,0,"149","1","149",0.181321327521266,0.31205831745202,0.0499558959266821,1.43417534435168,1.31607401295249
"150","S_415_S222",1.384219448425,-0.174167642729773,0,"150","1","150",-1.0932215631663,0.316444432537659,-1.26738920589608,0.11683024252892,0
"151","S_421_S358",1.384219448425,-0.166205727116434,0,"151","1","151",-0.1041434882944,0.276941666950636,-0.270349215410834,1.11387023301416,1.31607401295249
"152","S_437_S233",1.384219448425,-0.2501875684533,0,"152","1","152",-0.123793703808541,0.310422327938239,-0.373981272261842,1.01023817616315,1.18920711500272
"153","S_449_S352",1.384219448425,-0.17637214238392,0,"153","1","153",0.70695460706529,0.306710965821126,0.530582464681369,1.91480191310636,2.05976714390712
"154","S_451_S261",1.384219448425,-0.185131080558641,0,"154","1","154",-1.02706452740053,0.317524084696829,-1.21219560795917,0.17202384046583,0
"155","S_471_S344",1.384219448425,-0.149020575214309,0,"155","1","155",-0.845750870383894,0.28799369678116,-0.994771445598203,0.389448002826793,0
"156","S_473_S362",1.384219448425,-0.109220540535473,0,"156","1","156",0.465514572924353,0.316239012966661,0.35629403238888,1.74051348081388,1.56508458007329
"157","S_477_S225",1.384219448425,-0.36153620597961,0,"157","1","157",-0.597084586702762,0.505068516016426,-0.958620792682372,0.425598655742623,0
"158","S_494_S382",1.384219448425,-0.265029313621502,0,"158","1","158",0.643403919710573,0.31685987729063,0.378374606089071,1.76259405451407,1.49534878122122
"159","S_496_S381",1.384219448425,-0.145469930533465,0,"159","1","159",0.584055792445543,0.291645393608971,0.438585861912078,1.82280531033707,2.17793858734643
"160","S_499_S265",1.384219448425,-0.150506948202259,0,"160","1","160",0.953112690017871,0.293129840219506,0.802605741815613,2.18682519024061,2.05976714390712
"161","S_4_S313",1.384219448425,-0.0995734420406888,0,"161","1","161",0.924593706485652,0.299690465761211,0.825020264444963,2.20923971286996,2.78315768371374
"162","S_525_S305",1.384219448425,-0.158629740927509,0,"162","1","162",-0.748533592429226,0.296087879764556,-0.907163333356735,0.47705611506826,0
"163","S_529_S314",1.384219448425,-0.156904602338114,0,"163","1","163",-0.0467913708889217,0.302921848860089,-0.203695973227036,1.18052347519796,1.18920711500272
"164","S_550_S257",1.384219448425,-0.150236015421978,0,"164","1","164",1.2368709813052,0.306376886677182,1.08663496588322,2.47085441430822,2.94283095638271
"165","S_552_S308",1.384219448425,-0.170103469456932,0,"165","1","165",0.355604878418699,0.312150589918589,0.185501408961767,1.56972085738676,1.31607401295249
"166","S_564_S211",1.384219448425,-0.127070365449379,0,"166","1","166",0.587686425172062,0.312029059830487,0.460616059722683,1.84483550814768,1.73205080756888
"167","S_572_S203",1.384219448425,-0.21639027364646,0,"167","1","167",-1.11705793325762,0.304926033551467,-1.33344820690408,0.0507712415209167,0
"168","S_597_S255",1.384219448425,-0.166844973509498,0,"168","1","168",0.40621362166176,0.316095377604763,0.239368648152262,1.62358809657726,1.8612097182042
"169","S_652_S232",1.384219448425,0.21113515924122,0,"169","1","169",0.988244882066296,0.296612887325485,1.19938004130752,2.58359948973251,2.51486685936587
"170","S_66_S321",1.384219448425,-0.030713408615883,0,"170","1","170",0.563490217450465,0.288312337579886,0.532776808834582,1.91699625725958,2.65914794847249
"171","S_699_S356",1.384219448425,0.284100027292378,0,"171","1","171",-0.169343277523181,0.324596858634683,0.114756749769197,1.49897619819419,1.49534878122122
"172","S_6_S348",1.384219448425,-0.0351081894589483,0,"172","1","172",0.508193552031917,0.296842673798184,0.473085362572969,1.85730481099796,1.49534878122122
"173","S_701_S340",1.384219448425,0.23864059390127,0,"173","1","173",0.342259838323252,0.29912911201717,0.580900432224522,1.96511988064952,2.11474252688113
"174","S_704_S282",1.384219448425,0.132703757201737,0,"174","1","174",0.778821860593841,0.299543498581286,0.911525617795578,2.29574506622057,2.34034731932072
"175","S_716_S283",1.384219448425,0.00243868619851795,0,"175","1","175",0.65730067061221,0.306389252012243,0.659739356810728,2.04395880523572,1.8612097182042
"176","S_732_S243",1.384219448425,0.282139449650663,0,"176","1","176",0.715579137544001,0.347438105632981,0.997718587194664,2.38193803561966,2.54572989502183
"177","S_737_S201",1.384219448425,0.147116424322968,0,"177","1","177",0.744997700058818,0.295638543268215,0.892114124381786,2.27633357280678,2.73861278752583
"178","S_769_S220",1.384219448425,0.194537077220276,0,"178","1","178",-0.633500796399404,0.303990655824095,-0.438963719179128,0.945255729245867,1
"179","S_797_S209",1.384219448425,0.203458396869862,0,"179","1","179",-0.764474877026058,0.278812930992285,-0.561016480156196,0.823202968268799,0
"180","S_809_S270",1.384219448425,0.263753077001451,0,"180","1","180",0.650808611758989,0.296098372673362,0.91456168876044,2.29878113718544,2.65914794847249
"181","S_81_S279",1.384219448425,-0.0640576364606957,0,"181","1","181",0.32704100696971,0.325303032052736,0.262983370509015,1.64720281893401,1.56508458007329
"182","S_829_S286",1.384219448425,0.226527927961139,0,"182","1","182",0.280650976468368,0.300122829175906,0.507178904429507,1.8913983528545,2.11474252688113
"183","S_831_S353",1.384219448425,0.169794220761803,0,"183","1","183",0.880735133332338,0.294379508638369,1.05052935409414,2.43474880251914,2.65914794847249
"184","S_838_S306",1.384219448425,0.199722351149684,0,"184","1","184",0.477661602325127,0.27629491909574,0.677383953474812,2.06160340189981,2.23606797749979
"185","S_868_S274",1.384219448425,0.295443650353621,0,"185","1","185",-0.23406903990358,0.342242228379743,0.0613746104500417,1.44559405887504,1.10668191970032
"186","S_869_S241",1.384219448425,0.296143097439424,0,"186","1","186",0.208354649738371,0.321518514503608,0.504497747177795,1.88871719560279,1.56508458007329
"187","S_874_S217",1.384219448425,0.342797506334853,0,"187","1","187",0.424548081275109,0.337514670370728,0.767345587609962,2.15156503603496,2.34034731932072
"188","S_881_S365",1.384219448425,0.19386221892989,0,"188","1","188",1.05984474574854,0.294853961644409,1.25370696467843,2.63792641310342,2.78315768371374
"189","S_89_S199",1.384219448425,-0.17693280788555,0,"189","1","189",-0.941021619414976,0.291284140345265,-1.11795442730053,0.266265021124469,0
"190","S_905_S248",1.384219448425,0.053377867257504,0,"190","1","190",-0.754778109157933,0.277559836737856,-0.701400241900429,0.682819206524567,0.840896415253715
"191","S_927_S334",1.384219448425,-0.0686916953646497,0,"191","1","191",-0.800554304761028,0.309596207237817,-0.869246000125677,0.514973448299318,0
"192","S_984_S370",1.384219448425,0.134172801534067,0,"192","1","192",-0.215135685109083,0.288595672464385,-0.0809628835750152,1.30325656484998,1.49534878122122
"193","S_989_S196",1.384219448425,0.263006879846372,0,"193","1","193",-0.529394774743742,0.287573568446805,-0.266387894897369,1.11783155352763,1.25743342968294
"194","S_9_S300",1.384219448425,-0.0670103454369413,0,"194","1","194",1.22459499980205,0.322105897650108,1.15758465436511,2.54180410279011,2.78315768371374
"195","S_1001_S52_L003",1.384219448425,0.187779259174767,0,"195","1","195",1.24428768584321,0.330623611472153,1.43206694501797,2.81628639344297,2.65914794847249
"196","S_1004_S75_L003",1.384219448425,0.197170286027356,0,"196","1","196",1.29582727787803,0.34306290200467,1.49299756390539,2.87721701233039,2.89250760851908
"197","S_1010_S144",1.384219448425,0.123039564391653,0,"197","1","197",0.116710274271071,0.283614070301885,0.239749838662724,1.62396928708772,1.49534878122122
"198","S_1012_S150",1.384219448425,-0.0658597843150713,0,"198","1","198",0.275678600548188,0.282432878635461,0.209818816233117,1.59403826465811,2.11474252688113
"199","S_1013_S145",1.384219448425,0.217791997873872,0,"199","1","199",-0.462699049939783,0.294829479968105,-0.244907052065911,1.13931239635908,1.49534878122122
"200","S_101_S15_L003",1.384219448425,-0.0912807967995751,0,"200","1","200",-0.112087637929546,0.308849302087574,-0.203368434729121,1.18085101369587,1
"201","S_1020_S139",1.384219448425,0.187913271356449,0,"201","1","201",-0.110746631685167,0.310362663743015,0.0771666396712813,1.46138608809628,1.22474487139159
"202","S_1022_S29",1.384219448425,-0.00535921288761888,0,"202","1","202",0.607659732150704,0.311523824179645,0.602300519263085,1.98651996768808,2.23606797749979
"203","S_1029_S66_L003",1.384219448425,-0.0278483981766963,0,"203","1","203",-0.704534715148539,0.322886718489932,-0.732383113325235,0.65183633509976,0
"204","S_1030_S13",1.384219448425,-0.0375818867356541,0,"204","1","204",0.88978277909796,0.300239899712081,0.852200892362306,2.2364203407873,2.34034731932072
"205","S_1036_S32",1.384219448425,0.251985273952927,0,"205","1","205",0.468183952997262,0.311691911283709,0.720169226950188,2.10438867537518,1.77827941003892
"206","S_1041_S151",1.384219448425,0.0776602468078101,0,"206","1","206",1.53589496430764,0.272918352972147,1.61355521111545,2.99777465954044,2.89250760851908
"207","S_1053_S23",1.384219448425,0.208882529698806,0,"207","1","207",0.109604191966939,0.284760142441867,0.318486721665744,1.70270617009074,2.21336383940064
"208","S_1075_S38",1.384219448425,-0.136767070058163,0,"208","1","208",0.80137857575004,0.307364319480445,0.664611505691877,2.04883095411687,2.11474252688113
"209","S_1076_S167",1.384219448425,-0.241944707990414,0,"209","1","209",0.876549588148226,0.445667646473567,0.634604880157812,2.01882432858281,2.34034731932072
"210","S_107_S16",1.384219448425,-0.0502499056882634,0,"210","1","210",0.58599329425079,0.308858335412258,0.535743388562526,1.91996283698752,2.34034731932072
"211","S_1093_S116",1.384219448425,0.286461499965637,0,"211","1","211",0.274441006152642,0.318662421642526,0.560902506118279,1.94512195454327,2.34034731932072
"212","S_10_S169",1.384219448425,-0.0131208274305625,0,"212","1","212",0.739296682767711,0.285976443497585,0.726175855337148,2.11039530376214,1.8612097182042
"213","S_1118_S92",1.384219448425,-0.0263344379015097,0,"213","1","213",-0.00693892034782112,0.324547569840811,-0.0332733582493308,1.35094609017566,1.49534878122122
"214","S_1125_S30_L003",1.384219448425,0.101036604725102,0,"214","1","214",-1.28609767041018,0.304197881810925,-1.18506106568508,0.199158382739918,0
"215","S_1134_S91",1.384219448425,0.0399945980580782,0,"215","1","215",0.0667843012861157,0.286696110834847,0.106778899344194,1.49099834776919,1.31607401295249
"216","S_1138_S159",1.384219448425,-0.205033032115045,0,"216","1","216",0.949018673461941,0.410146982900693,0.743985641346896,2.12820508977189,2.34034731932072
"217","S_113_S7_L003",1.384219448425,-0.116258842661625,0,"217","1","217",-0.244891448806996,0.319399941945352,-0.361150291468621,1.02306915695637,1.18920711500272
"218","S_1140_S60_L003",1.384219448425,0.140304817706272,0,"218","1","218",0.625198257955137,0.290767119110535,0.765503075661409,2.14972252408641,2.05976714390712
"219","S_1154_S161",1.384219448425,0.0125820855714072,0,"219","1","219",0.492681421367596,0.283708243867551,0.505263506939003,1.889482955364,1.96798967126543
"220","S_1160_S11",1.384219448425,0.056063072831949,0,"220","1","220",1.63039996421725,0.282088439546695,1.6864630370492,3.07068248547419,2.89250760851908
"221","S_1177_S24",1.384219448425,0.217353101237091,0,"221","1","221",0.103966112563942,0.331046680856204,0.321319213801033,1.70553866222603,1.77827941003892
"222","S_1179_S105",1.384219448425,0.0657939928806537,0,"222","1","222",0.904733467286177,0.303209455468096,0.970527460166831,2.35474690859183,2.51486685936587
"223","S_1200_S164",1.384219448425,-0.188453853480864,0,"223","1","223",0.772679307512719,0.398544026545475,0.584225454031856,1.96844490245685,2.34034731932072
"224","S_1202_S72_L003",1.384219448425,0.238280268030602,0,"224","1","224",0.797803631798942,0.295131352501898,1.03608389982954,2.42030334825454,2.51486685936587
"225","S_1203_S53",1.384219448425,0.199451306390601,0,"225","1","225",-0.937077685209358,0.293195309318162,-0.737626378818757,0.646593069606238,0
"226","S_1210_S120",1.384219448425,0.15174715883737,0,"226","1","226",-0.481700488679605,0.295116778893318,-0.329953329842235,1.05426611858276,1.25743342968294
"227","S_1213_S95_L003",1.384219448425,-0.0110279884376195,0,"227","1","227",0.531925732451864,0.309680828454877,0.520897744014244,1.90511719243924,2.11474252688113
"228","S_122_S43_L003",1.384219448425,-0.316540887114123,0,"228","1","228",0.179620286244901,0.43440891037281,-0.136920600869221,1.24729884755577,1.56508458007329
"229","S_1247_S133",1.384219448425,0.115478794835415,0,"229","1","229",-1.36337888116818,0.303702025066565,-1.24790008633277,0.136319362092229,0
"230","S_1257_S89",1.384219448425,0.0461073747305106,0,"230","1","230",0.228653288727931,0.285861712478937,0.274760663458442,1.65898011188344,1.49534878122122
"231","S_125_S163",1.384219448425,-0.21453680172442,0,"231","1","231",-0.884700697544824,0.310062516456765,-1.09923749926924,0.284981949155752,0
"232","S_1278_S20",1.384219448425,0.00943541209694228,0,"232","1","232",-1.05561862392679,0.285405479683881,-1.04618321182985,0.33803623659515,0
"233","S_1287_S146",1.384219448425,-0.00488008657335216,0,"233","1","233",0.776870336853677,0.303401704259495,0.771990250280325,2.15620969870532,2.34034731932072
"234","S_1289_S164",1.384219448425,0.0690450261191755,0,"234","1","234",0.84571389678502,0.299144231613756,0.914758922904196,2.29897837132919,2.21336383940064
"235","S_1308_S183",1.384219448425,-0.252246659767852,0,"235","1","235",0.313411743365988,0.415057983674725,0.0611650835981357,1.44538453202313,1.49534878122122
"236","S_1323_S36",1.384219448425,0.1232226050253,0,"236","1","236",0.39452743577156,0.301012492356215,0.51775004079686,1.90196948922186,1.96798967126543
"237","S_1326_S53_L003",1.384219448425,0.0871560387500272,0,"237","1","237",0.99267390944054,0.300753033288783,1.07982994819057,2.46404939661556,2.78315768371374
"238","S_132_S41",1.384219448425,-0.218404105688264,0,"238","1","238",-0.812525869683559,0.313889753735563,-1.03092997537182,0.353289473053173,0
"239","S_1370_S76",1.384219448425,0.0342626340556864,0,"239","1","239",-1.18348534353396,0.284603834246433,-1.14922270947827,0.234996738946724,0
"240","S_1374_S132",1.384219448425,0.106965643335382,0,"240","1","240",-1.20757609861108,0.279963580758903,-1.1006104552757,0.283608993149299,0
"241","S_1384_S78",1.384219448425,-0.0684891844908987,0,"241","1","241",-0.616299417767097,0.305402988580842,-0.684788602257995,0.699430846167,0
"242","S_1390_S94",1.384219448425,-0.0955194861243872,0,"242","1","242",0.71276292253697,0.299555975528301,0.617243436412583,2.00146288483758,2.65914794847249
"243","S_1393_S83_L003",1.384219448425,-0.0580110627947263,0,"243","1","243",-1.08512792475303,0.309446087745271,-1.14313898754775,0.241080460877242,0
"244","S_1395_S102",1.384219448425,-0.0879137710969466,0,"244","1","244",-0.261105020184609,0.326271132678277,-0.349018791281555,1.03520065714344,1.49534878122122
"245","S_1403_S130",1.384219448425,-0.176672406179359,0,"245","1","245",-0.137049589060772,0.31094610717872,-0.313721995240131,1.07049745318486,1.31607401295249
"246","S_1405_S126",1.384219448425,-0.079131532407493,0,"246","1","246",-0.934815727309802,0.329872520752954,-1.0139472597173,0.3702721887077,0
"247","S_1408_S17_L003",1.384219448425,-0.0292651114211106,0,"247","1","247",1.04721253434383,0.307468644914068,1.01794742292272,2.40216687134772,2.89250760851908
"248","S_1412_S125",1.384219448425,-0.0467122275614193,0,"248","1","248",-0.945962605189107,0.299274738809564,-0.992674832750526,0.391544615674469,0
"249","S_1413_S10_L003",1.384219448425,-0.194248658599242,0,"249","1","249",0.339119825480507,0.311559175902497,0.144871166881265,1.52909061530626,1.56508458007329
"250","S_141_S188",1.384219448425,-0.20260915286504,0,"250","1","250",-0.00414333329897154,0.308363379447315,-0.206752486164011,1.17746696226098,1
"251","S_1434_S73_L003",1.384219448425,-0.0281849850054372,0,"251","1","251",-1.13687405030053,0.309111545827529,-1.16505903530597,0.219160413119024,0
"252","S_1443_S64_L003",1.384219448425,0.00506767407045931,0,"252","1","252",0.32908924868642,0.311678837847077,0.334156922756879,1.71837637118187,1.56508458007329
"253","S_1462_S171",1.384219448425,-0.199197608596398,0,"253","1","253",0.672110497479007,0.314549909218152,0.47291288888261,1.8571323373076,2.05976714390712
"254","S_1464_S64",1.384219448425,-0.0839146644256689,0,"254","1","254",0.1641986116311,0.284306199686294,0.0802839472054314,1.46450339563043,1.25743342968294
"255","S_1467_S106",1.384219448425,0.173686886416617,0,"255","1","255",-0.0195542291622954,0.289133577899444,0.154132657254321,1.53835210567932,1.56508458007329
"256","S_1468_S139",1.384219448425,-0.0543358374456235,0,"256","1","256",-0.223383018524954,0.291034288106228,-0.277718855970578,1.10650059245442,1.56508458007329
"257","S_1479_S2_L003",1.384219448425,-0.0809316807403696,0,"257","1","257",-0.137593165760543,0.307487303930121,-0.218524846500913,1.16569460192408,1.31607401295249
"258","S_147_S19",1.384219448425,-0.0687531239518833,0,"258","1","258",-0.00362103440330797,0.288965904795671,-0.0723741583551912,1.3118452900698,1.49534878122122
"259","S_14_S3",1.384219448425,-0.119375240475657,0,"259","1","259",-0.908413075160041,0.305132221034317,-1.0277883156357,0.356431132789298,0
"260","S_1506_S61",1.384219448425,0.0595540215362857,0,"260","1","260",-1.19293344434599,0.290062200647009,-1.13337942280971,0.25084002561529,0
"261","S_1516_S148",1.384219448425,-0.269298906465894,0,"261","1","261",0.432189649957353,0.467557358298413,0.162890743491459,1.54711019191645,1.73205080756888
"262","S_151_S93",1.384219448425,-0.15732041162912,0,"262","1","262",-0.663353625238355,0.303616504204595,-0.820674036867475,0.563545411557521,0
"263","S_1521_S18",1.384219448425,-0.0225875806052764,0,"263","1","263",0.292343530944587,0.301150492782119,0.26975595033931,1.65397539876431,2.11474252688113
"264","S_1528_S47",1.384219448425,-0.0577252539148722,0,"264","1","264",0.550667513256454,0.286976063505664,0.492942259341582,1.87716170776658,2.11474252688113
"265","S_1531_S31_L003",1.384219448425,-0.0473699056055691,0,"265","1","265",-0.992038430370903,0.293424826106932,-1.03940833597647,0.344811112448523,0
"266","S_1532_S117",1.384219448425,0.0186801116412507,0,"266","1","266",1.37856007750833,0.304993129854725,1.39724018914958,2.78145963757458,2.65914794847249
"267","S_1542_S44",1.384219448425,-0.0370454942100305,0,"267","1","267",-1.12841563421903,0.297263616169924,-1.16546112842906,0.218758319995932,0
"268","S_154_S162",1.384219448425,-0.138155020678634,0,"268","1","268",0.424872846850494,0.2968856911701,0.286717826171859,1.67093727459685,1.65487545982344
"269","S_1552_S185",1.384219448425,0.0920136717082751,0,"269","1","269",-0.512975392031192,0.285234274859107,-0.420961720322917,0.963257728102079,1.31607401295249
"270","S_1561_S52",1.384219448425,-0.0886543898323707,0,"270","1","270",0.129851958368933,0.292771641057776,0.0411975685365619,1.42541701696156,1.25743342968294
"271","S_1565_S74_L003",1.384219448425,-0.0367669085948594,0,"271","1","271",0.26818440835771,0.302149476779926,0.231417499762851,1.61563694818785,1.4142135623731
"272","S_1567_S13_L003",1.384219448425,-0.132436008955409,0,"272","1","272",0.312486612368174,0.281832846661284,0.180050603412764,1.56427005183776,1.49534878122122
"273","S_159_S190",1.384219448425,-0.175612492740282,0,"273","1","273",0.847764465885947,0.303854098222364,0.672151973145665,2.05637142157066,2.34034731932072
"274","S_1604_S168",1.384219448425,0.143932839477602,0,"274","1","274",0.835211097482542,0.296998524204742,0.979143936960144,2.36336338538514,2.44948974278318
"275","S_1620_S26",1.384219448425,-0.0102712069380891,0,"275","1","275",-0.950269804594298,0.300748286131018,-0.960541011532387,0.423678436892608,0
"276","S_1651_S111",1.384219448425,-0.0273591272116452,0,"276","1","276",0.273826840190556,0.29902893102765,0.246467712978911,1.63068716140391,1.49534878122122
"277","S_1660_S143",1.384219448425,0.188840646033542,0,"277","1","277",0.430906810310055,0.322571178682415,0.619747456343597,2.00396690476859,2.51486685936587
"278","S_1674_S49_L003",1.384219448425,-0.058187019647107,0,"278","1","278",-0.132195362445932,0.268005666235926,-0.190382382093039,1.19383706633196,1.25743342968294
"279","S_1675_S175",1.384219448425,-0.0471857726124398,0,"279","1","279",0.082680036000421,0.288093669667367,0.0354942633879811,1.41971371181298,1.4142135623731
"280","S_1678_S107",1.384219448425,-0.0672361155667526,0,"280","1","280",-0.13364387401267,0.272783624789658,-0.200879989579423,1.18333945884557,1.31607401295249
"281","S_1687_S90_L003",1.384219448425,-0.0496084173849455,0,"281","1","281",-1.0496303897737,0.316727151613721,-1.09923880715864,0.284980641266354,0
"282","S_1691_S141",1.384219448425,-0.112296559978913,0,"282","1","282",-0.039045122658244,0.323008212163469,-0.151341682637157,1.23287776578784,1.39157884185687
"283","S_1697_S147",1.384219448425,-0.356936041944995,0,"283","1","283",0.42996841381476,0.543962899007584,0.0730323718697648,1.45725182029476,1.49534878122122
"284","S_169_S27",1.384219448425,-0.112530419072156,0,"284","1","284",0.260470622763814,0.296167531499473,0.147940203691658,1.53215965211665,1.31607401295249
"285","S_16_S56_L003",1.384219448425,-0.121430698589827,0,"285","1","285",1.00134465871691,0.316251363204256,0.879913960127088,2.26413340855208,2.23606797749979
"286","S_1725_S144",1.384219448425,-0.379707503558448,0,"286","1","286",0.150878856445896,0.547058765116605,-0.228828647112552,1.15539080131244,0.840896415253715
"287","S_1727_S30",1.384219448425,-0.0889870647351616,0,"287","1","287",0.126195642670497,0.328233045395837,0.0372085779353356,1.42142802636033,1.25743342968294
"288","S_1735_S172",1.384219448425,-0.0126691326265677,0,"288","1","288",0.605877052622885,0.291507809309213,0.593207919996317,1.97742736842131,1.56508458007329
"289","S_1740_S146",1.384219448425,-0.167888045438019,0,"289","1","289",0.307434009855928,0.368473946885737,0.139545964417909,1.5237654128429,1.91682931273882
"290","S_1747_S48_L003",1.384219448425,-0.0784706747552271,0,"290","1","290",-0.13576466660634,0.314903427818365,-0.214235341361567,1.16998410706343,1.49534878122122
"291","S_1753_S75",1.384219448425,0.0151700197906507,0,"291","1","291",0.185849528146433,0.295090957470993,0.201019547937084,1.58523899636208,1.49534878122122
"292","S_1755_S134",1.384219448425,-0.183188177420504,0,"292","1","292",0.116725097345505,0.293751533580939,-0.066463080074999,1.31775636835,1
"293","S_1757_S61_L003",1.384219448425,-0.0546779908966498,0,"293","1","293",0.316763554506871,0.2932400496189,0.262085563610221,1.64630501203522,1.96798967126543
"294","S_177_S62",1.384219448425,-0.121853825601084,0,"294","1","294",0.511001134911165,0.280820510911136,0.389147309310081,1.77336675773508,1.49534878122122
"295","S_1780_S45_L003",1.384219448425,-0.124573693899976,0,"295","1","295",0.626342956625275,0.303792589120544,0.501769262725299,1.88598871115029,1.8612097182042
"296","S_1781_S84",1.384219448425,-0.342938129949312,0,"296","1","296",0.412060559425401,0.4569573208475,0.0691224294760894,1.45334187790108,1.96798967126543
"297","S_1783_S150",1.384219448425,-0.240890958752026,0,"297","1","297",-0.17291959399203,0.415846921696872,-0.413810552744057,0.970408895680939,0.840896415253715
"298","S_1799_S86",1.384219448425,-0.076425844469983,0,"298","1","298",-0.198898780829318,0.29587922762504,-0.275324625299301,1.10889482312569,1.31607401295249
"299","S_1800_S14_L003",1.384219448425,-0.0510829150253305,0,"299","1","299",-1.01973685936695,0.324763166317719,-1.07081977439228,0.313399674032716,0
"300","S_1811_S148",1.384219448425,-0.065030890270294,0,"300","1","300",0.715415352737424,0.292944535679826,0.65038446246713,2.03460391089213,2.11474252688113
"301","S_181_S65",1.384219448425,-0.236553881477474,0,"301","1","301",0.41674893577164,0.305308383497212,0.180195054294165,1.56441450271916,1.62657656169779
"302","S_1822_S37",1.384219448425,-0.0761442886163411,0,"302","1","302",0.495888258422601,0.302522642390496,0.41974396980626,1.80396341823126,1.77827941003892
"303","S_1823_S3_L003",1.384219448425,-0.123159644560128,0,"303","1","303",-0.177090942309421,0.295274484127845,-0.300250586869549,1.08396886155545,1
"304","S_1824_S180",1.384219448425,-0.128712077072344,0,"304","2","  1",-0.463300624819727,0.28829271691371,-0.592012701892071,0.792206746532924,NA
"305","S_1828_S156",1.384219448425,-0.0906734684646808,0,"305","1","304",-0.206899853134441,0.287951615809099,-0.297573321599122,1.08664612682587,1.18920711500272
"306","S_1834_S114",1.384219448425,-0.0896305023077086,0,"306","1","305",0.217686270100041,0.3097284049762,0.128055767792332,1.51227521621733,1.77827941003892
"307","S_1835_S57",1.384219448425,-0.0772417225259034,0,"307","1","306",-0.98159645438035,0.303018721474828,-1.05883817690625,0.325381271518742,0
"308","S_1845_S34",1.384219448425,-0.0213582610530505,0,"308","1","307",1.23479527839127,0.317762643269287,1.21343701733822,2.59765646576322,2.51486685936587
"309","S_1855_S49",1.384219448425,-0.0511728900178986,0,"309","1","308",-0.376319156539147,0.291446319519185,-0.427492046557046,0.956727401867949,1
"310","S_1856_S51",1.384219448425,-0.0857300280943421,0,"310","1","309",-0.166930825725554,0.31333480564875,-0.252660853819896,1.1315585946051,0.840896415253715
"311","S_185_S72",1.384219448425,-0.236046798379095,0,"311","1","310",-0.253909504776248,0.351707227285517,-0.489956303155343,0.894263145269653,0
"312","S_1861_S1_L003",1.384219448425,-0.138999165272587,0,"312","1","311",1.20026670228022,0.299246250514129,1.06126753700763,2.44548698543263,2.51486685936587
"313","S_1871_S186",1.384219448425,-0.0600558958052135,0,"313","1","312",0.63596280392046,0.304750640798621,0.575906908115246,1.96012635654024,1.73205080756888
"314","S_188_S79",1.384219448425,-0.0591490355695626,0,"314","1","313",-0.0415846867907578,0.312085696747305,-0.10073372236032,1.28348572606468,1.18920711500272
"315","S_1909_S132",1.384219448425,-0.0677038639649078,0,"315","1","314",0.432491260771741,0.29304525294461,0.364787396806833,1.74900684523183,2.05976714390712
"316","S_190_S2",1.384219448425,-0.105900606325137,0,"316","1","315",0.57599044606157,0.324355167528208,0.470089839736433,1.85430928816143,2.23606797749979
"317","S_1910_S23_L003",1.384219448425,-0.0609928092012996,0,"317","1","316",0.171280652325294,0.29778718340517,0.110287843123994,1.49450729154899,1.49534878122122
"318","S_1921_S54",1.384219448425,-0.0670847769115255,0,"318","1","317",-0.635292152185145,0.301224837179026,-0.70237692909667,0.681842519328325,0
"319","S_1934_S21_L003",1.384219448425,-0.114477657360256,0,"319","1","318",1.29584114079298,0.316776137237044,1.18136348343273,2.56558293185772,2.89250760851908
"320","S_1935_S15",1.384219448425,-0.127115553111781,0,"320","1","319",0.492903065196142,0.319466927318652,0.365787512084361,1.75000696050936,1.49534878122122
"321","S_1939_S59",1.384219448425,-0.0763437581106331,0,"321","1","320",0.602097005169534,0.295287881517035,0.525753247058901,1.9099726954839,2.11474252688113
"322","S_1945_S21",1.384219448425,-0.123503847521047,0,"322","1","321",0.630553589367622,0.320643460761993,0.507049741846575,1.89126919027157,2.21336383940064
"323","S_1946_S184",1.384219448425,-0.19685144748331,0,"323","1","322",0.131412659172021,0.315263911009175,-0.0654387883112885,1.31878066011371,1.31607401295249
"324","S_1950_S66",1.384219448425,-0.119064718896139,0,"324","1","323",-0.808935226762771,0.305686836868625,-0.92799994565891,0.456219502766085,0
"325","S_1955_S145",1.384219448425,-0.384127749933236,0,"325","1","324",0.378608283252715,0.525279168741602,-0.00551946668052083,1.37869998174447,1.45647531512197
"326","S_1956_S127",1.384219448425,-0.202430048579424,0,"326","1","325",-0.58795389455331,0.335661774448406,-0.790383943132733,0.593835505292262,0
"327","S_1971_S104",1.384219448425,-0.259242394708884,0,"327","1","326",1.22982125047597,0.355613828442068,0.970578855767087,2.35479830419208,2.11474252688113
"328","S_1998_S79_L003",1.384219448425,-0.180315904737908,0,"328","1","327",-1.17098886541173,0.315059841411549,-1.35130477014964,0.032914678275354,0
"329","S_199_S59_L003",1.384219448425,-0.192816498238942,0,"329","1","328",-0.0290240687876039,0.302190683608331,-0.221840567026546,1.16237888139845,1
"330","S_1_S123",1.384219448425,-0.243679216050106,0,"330","1","329",-0.772492603333248,0.371376513423847,-1.01617181938335,0.368047629041641,0
"331","S_2005_S22",1.384219448425,-0.188315480864869,0,"331","1","330",0.390434232903592,0.323102611809762,0.202118752038723,1.58633820046372,2.23606797749979
"332","S_2008_S85_L003",1.384219448425,-0.0976495604366921,0,"332","1","331",0.243574763457753,0.305610506337409,0.145925203021061,1.53014465144606,1.31607401295249
"333","S_2025_S28",1.384219448425,-0.110990563177554,0,"333","1","332",-0.201948771972812,0.297140405622726,-0.312939335150367,1.07128011327463,1.25743342968294
"334","S_2029_S18_L003",1.384219448425,-0.101904695231398,0,"334","1","333",0.716029036937852,0.318443540813264,0.614124341706453,1.99834379013145,2.51486685936587
"335","S_2031_S70",1.384219448425,-0.121992431232065,0,"335","1","334",-0.418044212025806,0.299717459767446,-0.540036643257871,0.844182805167124,0
"336","S_2038_S118",1.384219448425,-0.168477458199744,0,"336","1","335",0.806904446378765,0.298326821861552,0.638426988179021,2.02264643660402,2.44948974278318
"337","S_2075_S187",1.384219448425,-0.359084077054397,0,"337","1","336",-0.27076455517152,0.472919709156645,-0.629848632225916,0.754370816199079,0
"338","S_2076_S5_L003",1.384219448425,-0.163071628816359,0,"338","1","337",0.520521319005192,0.316620983000637,0.357449690188833,1.74166913861383,1.77827941003892
"339","S_2077_S82_L003",1.384219448425,-0.0412102760202976,0,"339","1","338",-0.5809153675906,0.322687866456545,-0.622125643610898,0.762093804814098,0.840896415253715
"340","S_2080_S6_L003",1.384219448425,-0.14855468340482,0,"340","1","339",0.862609927920031,0.348167000041321,0.714055244515211,2.09827469294021,2.51486685936587
"341","S_2083_S65_L003",1.384219448425,-0.0791136998656863,0,"341","1","340",0.0576789020390496,0.299469272048843,-0.0214347978266367,1.36278465059836,1.31607401295249
"342","S_2089_S17",1.384219448425,-0.135492893371682,0,"342","1","341",-1.32573330076926,0.33756196813851,-1.46122619414095,0,0
"343","S_2096_S54_L003",1.384219448425,-0.234051048435576,0,"343","1","342",0.829996726629999,0.357580956044295,0.595945678194424,1.98016512661942,2.51486685936587
"344","S_2098_S191",1.384219448425,-0.126402458228915,0,"344","1","343",0.16265931104384,0.277347938091695,0.0362568528149251,1.42047630123992,1.31607401295249
"345","S_2108_S154",1.384219448425,-0.306712961457913,0,"345","1","344",0.325537592815415,0.396481487080653,0.0188246313575026,1.4030440797825,1.77827941003892
"346","S_210_S177",1.384219448425,0.17718475733661,0,"346","1","345",-1.26023865250664,0.295992378808296,-1.08305389517003,0.301165553254967,0
"347","S_2120_S134",1.384219448425,-0.303352689286293,0,"347","1","346",-0.803046517444156,0.396358914797728,-1.10639920673045,0.277820241694547,0
"348","S_2124_S101",1.384219448425,-0.139420434160592,0,"348","1","347",-1.12708592147722,0.312362845861349,-1.26650635563781,0.117713092787184,0
"349","S_2125_S140",1.384219448425,-0.250688419432562,0,"349","1","348",-0.769049078870117,0.315777712377641,-1.01973749830268,0.364481950122317,0
"350","S_2126_S35",1.384219448425,-0.209664985451444,0,"350","1","349",-0.056191929714458,0.285737790135225,-0.265856915165902,1.11836253325909,1.31607401295249
"351","S_212_S12",1.384219448425,0.32877466508884,0,"351","1","350",-1.64272718820859,0.35075231139864,-1.31395252311975,0.0702669253052444,0
"352","S_2130_S16_L003",1.384219448425,-0.225253843482303,0,"352","1","351",0.329803009358284,0.309955309348877,0.104549165875981,1.48876861430098,1.96798967126543
"353","S_2138_S112",1.384219448425,-0.163860134239884,0,"353","1","352",0.664936004397592,0.302688980084126,0.501075870157709,1.8852953185827,2.23606797749979
"354","S_2139_S60",1.384219448425,-0.240595546338573,0,"354","1","353",-0.255094203376093,0.313957497063784,-0.495689749714665,0.88852969871033,1.18920711500272
"355","S_2149_S9_L003",1.384219448425,-0.226588758397059,0,"355","1","354",-1.01015490192416,0.293707942329029,-1.23674366032122,0.147475788103772,0
"356","S_2157_S122",1.384219448425,-0.141502852641903,0,"356","1","355",-0.0889807217233673,0.316474921960781,-0.23048357436527,1.15373587405972,1.18920711500272
"357","S_2162_S4_L003",1.384219448425,-0.122918669302949,0,"357","1","356",0.475280047904648,0.301788677601374,0.352361378601699,1.73658082702669,2.05976714390712
"358","S_2167_S81_L003",1.384219448425,-0.227194230041832,0,"358","1","357",-0.772073915465765,0.332387495019566,-0.999268145507597,0.384951302917398,0
"359","S_2177_S11_L003",1.384219448425,-0.0930547403028178,0,"359","1","358",0.12035254999261,0.291995564885223,0.0272978096897925,1.41151725811479,1.25743342968294
"360","S_2194_S133",1.384219448425,-0.101968621811296,0,"360","1","359",0.279740398978262,0.301624718690748,0.177771777166966,1.56199122559196,1.8612097182042
"361","S_2195_S129",1.384219448425,-0.141760359579801,0,"361","1","360",-0.987792853154094,0.313497171044614,-1.12955321273389,0.2546662356911,0
"362","S_2200_S5",1.384219448425,-0.0865485768738966,0,"362","1","361",-0.830014970606139,0.327768204482707,-0.916563547480036,0.46765590094496,0.562341325190349
"363","S_2224_S161",1.384219448425,-0.122198810785075,0,"363","1","362",0.834794855371565,0.310974568035187,0.71259604458649,2.09681549301149,2.34034731932072
"364","S_2225_S110",1.384219448425,-0.302802567321923,0,"364","1","363",0.136588061398844,0.428012206339945,-0.166214505923079,1.21800494250192,1.31607401295249
"365","S_2233_S80_L003",1.384219448425,-0.103579737595736,0,"365","1","364",0.339571295238982,0.298189283733852,0.235991557643246,1.62021100606824,1.56508458007329
"366","S_2277_S189",1.384219448425,-0.330993538095379,0,"366","1","365",0.509579531993942,0.429313710892729,0.178585993898564,1.56280544232356,2.05976714390712
"367","S_228_S138",1.384219448425,0.188895436734636,0,"367","1","366",-0.524447985683835,0.324230244466396,-0.335552548949199,1.0486668994758,0.840896415253715
"368","S_2296_S115",1.384219448425,-0.00920697884823493,0,"368","1","367",-1.03814098040635,0.301701660787215,-1.04734795925458,0.336871489170415,0
"369","S_229_S24_L003",1.384219448425,0.340055981336494,0,"369","1","368",0.492364266678231,0.349458044794972,0.832420248014725,2.21663969643972,1.96798967126543
"370","S_2316_S149",1.384219448425,-0.0580272162859843,0,"370","1","369",-0.445616871284209,0.31338218204909,-0.503644087570193,0.880575360854803,1
"371","S_2317_S77_L003",1.384219448425,0.314072979729808,0,"371","1","370",-0.258216845464423,0.319355782013881,0.0558561342653847,1.44007558269038,1.49534878122122
"372","S_2318_S85",1.384219448425,0.261437481063684,0,"372","1","371",0.670538346316108,0.297327137321548,0.931975827379792,2.31619527580479,2.44948974278318
"373","S_2326_S100",1.384219448425,0.216414865753322,0,"373","1","372",-1.53594617078911,0.283214652235083,-1.31953130503579,0.0646881433892088,0
"374","S_2332_S35_L003",1.384219448425,0.334020433741327,0,"374","1","373",0.0940743995993638,0.328496596101013,0.428094833340691,1.81231428176569,1.96798967126543
"375","S_2335_S96",1.384219448425,-0.362900972298427,0,"375","1","374",-0.0776967620272906,0.561689800430998,-0.440597734325718,0.943621714099278,0
"376","S_2341_S56",1.384219448425,0.144404923641041,0,"376","1","375",-1.55093589247686,0.286153003327928,-1.40653096883582,0,0
"377","S_2344_S156",1.384219448425,-0.380390303957327,0,"377","1","376",-0.592509353803269,0.553649213591664,-0.972899657760596,0.4113197906644,0
"378","S_2346_S152",1.384219448425,0.0724850382207465,0,"378","1","377",-1.16459401036451,0.300395312597791,-1.09210897214377,0.29211047628123,0
"379","S_2387_S147",1.384219448425,0.0136894558589232,0,"379","1","378",-0.245026090550272,0.31381373577227,-0.231336634691349,1.15288281373365,1.18920711500272
"380","S_2397_S166",1.384219448425,-0.103730267670056,0,"380","1","379",0.326986692727247,0.322023088509363,0.223256425057191,1.60747587348219,1.56508458007329
"381","S_255_S45",1.384219448425,-0.0915185234806115,0,"381","1","380",-0.71020425760484,0.328928189659633,-0.801722781085451,0.582496667339544,0
"382","S_256_S39_L003",1.384219448425,-0.139494670753432,0,"382","1","381",-1.30793870500558,0.304317453355671,-1.44743337575901,0,0
"383","S_274_S192",1.384219448425,-0.172470249749583,0,"383","1","382",-0.837169076092362,0.311129732895349,-1.00963932584195,0.37458012258305,0
"384","S_276_S74",1.384219448425,-0.0358743948765558,0,"384","1","383",-0.0499429738576712,0.289593238473248,-0.0858173687342269,1.29840207969077,1.49534878122122
"385","S_27_S7",1.384219448425,-0.0949090419402729,0,"385","1","384",-0.633174214417254,0.310882537374396,-0.728083256357527,0.656136192067469,0.840896415253715
"386","S_285_1_S191",1.384219448425,-0.0755035233589649,0,"386","1","385",0.898156747235529,0.288443081716426,0.822653223876564,2.20687267230156,2.05976714390712
"387","S_289_S32_L003",1.384219448425,-0.249467923231703,0,"387","1","386",-0.0100994323976472,0.399839988112978,-0.25956735562935,1.12465209279565,1.31607401295249
"388","S_292_S80",1.384219448425,0.169429544310538,0,"388","1","387",-0.28659611743092,0.313903695772089,-0.117166573120381,1.26705287530461,1.31607401295249
"389","S_295_S46_L003",1.384219448425,0.264934188581587,0,"389","1","388",-0.384160469522156,0.325896532898898,-0.119226280940569,1.26499316748443,1.31607401295249
"390","S_297_S95",1.384219448425,0.336240090776422,0,"390","1","389",0.369350051967627,0.334679324179361,0.705590142744049,2.08980959116904,2.51486685936587
"391","S_302_S182",1.384219448425,0.081390158042696,0,"391","1","390",0.315525413447777,0.321216418010754,0.396915571490473,1.78113501991547,2.11474252688113
"392","S_328_S179",1.384219448425,-0.136050618905098,0,"392","1","391",0.0429245614445347,0.31938439999026,-0.0931260574605633,1.29109339096443,1.56508458007329
"393","S_32_S152",1.384219448425,-0.280914598473469,0,"393","1","392",-1.13255933681387,0.316685246503852,-1.41347393528734,0,0
"394","S_331_S25",1.384219448425,-0.113385949862253,0,"394","1","393",-1.03530118021215,0.294611923442497,-1.1486871300744,0.235532318350592,0
"395","S_334_S137",1.384219448425,-0.122926476913038,0,"395","1","394",-1.30865232479583,0.299359587077047,-1.43157880170886,0,0
"396","S_337_S8",1.384219448425,0.278246448005057,0,"396","1","395",1.23857632339403,0.309425219741357,1.51682277139908,2.90104221982408,2.99069756244244
"397","S_339_S28_L003",1.384219448425,0.233118061485208,0,"397","1","396",-1.16037400814807,0.300752488089626,-0.927255946662858,0.456963501762138,0
"398","S_341_S162",1.384219448425,-0.256629077852728,0,"398","1","397",0.341659510638477,0.430764367922981,0.0850304327857489,1.46924988121074,1.83142075074235
"399","S_344_S160",1.384219448425,-0.333639934437035,0,"399","1","398",0.0135653609150386,0.522854902683782,-0.320074573521997,1.064144874903,1.56508458007329
"400","S_357_S87",1.384219448425,0.304055359025906,0,"400","1","399",-0.291584637853282,0.320484997273561,0.012470721172624,1.39669016959762,1.49534878122122
"401","S_371_S41_L003",1.384219448425,0.115983489291913,0,"401","1","400",-0.824454364107634,0.313573626959815,-0.708470874815722,0.675748573609274,1
"402","S_373_S73",1.384219448425,-0.0407903972604795,0,"402","1","401",-0.533198180888902,0.344746503030163,-0.573988578149382,0.810230870275613,0
"403","S_377_S12_L003",1.384219448425,-0.0946541725624436,0,"403","1","402",1.14727559979788,0.320144192026823,1.05262142723543,2.43684087566043,2.78315768371374
"404","S_385_S62_L003",1.384219448425,-0.184587214908622,0,"404","1","403",0.925009119940344,0.301376085252967,0.740421905031723,2.12464135345672,2.23606797749979
"405","S_393_S135",1.384219448425,-0.147688616100871,0,"405","2","  2",0.252110232846449,0.313369530407753,0.104421616745578,1.48864106517057,NA
"406","S_397_S176",1.384219448425,-0.280332718925569,0,"406","1","404",-0.405134776590771,0.31080644481434,-0.68546749551634,0.698751952908655,1.18920711500272
"407","S_406_S140",1.384219448425,-0.0981023016540905,0,"407","1","405",0.851983275159715,0.296735488942469,0.753880973505625,2.13810042193062,2.65914794847249
"408","S_407_S131",1.384219448425,-0.15504826679836,0,"408","1","406",-1.1211171137012,0.299599818340585,-1.27616538049956,0.108054067925433,0
"409","S_413_S86_L003",1.384219448425,-0.119347735743338,0,"409","1","407",-0.820067030537825,0.301532171185376,-0.939414766281163,0.444804682143833,0
"410","S_419_S1",1.384219448425,-0.137479806842292,0,"410","1","408",0.358291994138478,0.311910809267074,0.220812187296186,1.60503163572118,1.49534878122122
"411","S_41_S124",1.384219448425,-0.229664475844071,0,"411","1","409",-1.2491779015738,0.325245797289457,-1.47884237741787,0,0
"412","S_440_S128",1.384219448425,-0.380698051094462,0,"412","1","410",-0.738168583566668,0.437713547590225,-1.11886663466113,0.265352813763866,0
"413","S_450_S135",1.384219448425,-0.122861551490863,0,"413","1","411",-0.282228922697488,0.308745755058798,-0.405090474188351,0.979128974236645,0.840896415253715
"414","S_453_S63",1.384219448425,-0.240431229820617,0,"414","1","412",-0.559448807117441,0.330484068861444,-0.799880036938058,0.584339411486937,0
"415","S_454_S71_L003",1.384219448425,-0.171938343679767,0,"415","1","413",1.05657195013542,0.325787159727439,0.884633606455656,2.26885305488065,2.54572989502183
"416","S_469_S119",1.384219448425,-0.246012294368818,0,"416","1","414",1.16212536538336,0.321674100878057,0.916113071014541,2.30033251943954,2.89250760851908
"417","S_474_S89_L003",1.384219448425,-0.378041467252095,0,"417","1","415",-0.405837838285549,0.518918640881354,-0.783879305537644,0.600340142887352,0
"418","S_481_S27_L003",1.384219448425,-0.201235106634331,0,"418","1","416",-0.399270837567222,0.313800388580906,-0.600505944201553,0.783713504223442,0.840896415253715
"419","S_487_S31",1.384219448425,-0.136119837154805,0,"419","1","417",-0.187247460263813,0.321960633043172,-0.323367297418618,1.06085215100638,1.49534878122122
"420","S_501_S43",1.384219448425,-0.160550251667497,0,"420","1","418",-0.704225166621326,0.306198408974896,-0.864775418288823,0.519444030136172,0
"421","S_509_S109",1.384219448425,-0.113661733776673,0,"421","1","419",-1.49804471810654,0.307451360103609,-1.61170645188322,0,0
"422","S_515_S58",1.384219448425,-0.222914606378694,0,"422","1","420",-0.763026058402075,0.298143154119988,-0.985940664780769,0.398278783644226,0
"423","S_516_S138",1.384219448425,-0.390092681166655,0,"423","1","421",-0.517356488538316,0.509491511532663,-0.907449169704972,0.476770278720024,0
"424","S_517_S20_L003",1.384219448425,-0.180636789848936,0,"424","1","422",1.17449606049253,0.310246757783133,0.993859270643589,2.37807871906858,2.89250760851908
"425","S_522_S10",1.384219448425,-0.123495631370123,0,"425","1","423",0.719469178187795,0.30032175530737,0.595973546817672,1.98019299524267,2.34034731932072
"426","S_524_S33_L003",1.384219448425,-0.174508427478201,0,"426","1","424",-0.0735738434567884,0.324618291034884,-0.248082270934989,1.13613717749001,1.31607401295249
"427","S_528_S103",1.384219448425,-0.186972861890712,0,"427","1","425",0.816251627395482,0.328050406987949,0.62927876550477,2.01349821392977,2.34034731932072
"428","S_533_S68",1.384219448425,-0.250209288746266,0,"428","1","426",0.360898736546632,0.346150008797664,0.110689447800366,1.49490889622536,1.56508458007329
"429","S_537_S78_L003",1.384219448425,-0.113558459642858,0,"429","1","427",1.28506419098974,0.31493494720064,1.17150573134688,2.55572517977188,2.78315768371374
"430","S_545_S69",1.384219448425,-0.142744606153779,0,"430","1","428",0.211669927753131,0.295003972489667,0.0689253215993517,1.45314477002435,1.10668191970032
"431","S_565_S149",1.384219448425,-0.186531985008565,0,"431","1","429",0.333435701507757,0.310193739334743,0.146903716499192,1.53112316492419,2.05976714390712
"432","S_567_S165",1.384219448425,-0.217129337432649,0,"432","1","430",-0.884927929136302,0.309299604523997,-1.10205726656895,0.282162181856044,0
"433","S_574_S155",1.384219448425,-0.371188235619618,0,"433","1","431",-0.0967156986551278,0.531453443099186,-0.467903934274746,0.916315514150249,0
"434","S_591_S99",1.384219448425,-0.176481837095056,0,"434","1","432",0.38084851569371,0.320491524932769,0.204366678598654,1.58858612702365,1.49534878122122
"435","S_5_S63_L003",1.384219448425,-0.311990789473161,0,"435","1","433",0.880003556069372,0.438342381789862,0.56801276659621,1.95223221502121,2.51486685936587
"436","S_629_S113",1.384219448425,0.241911989595637,0,"436","1","434",-0.0998363450608779,0.31653685256214,0.142075644534759,1.52629509295975,1.77827941003892
"437","S_630_S51_L003",1.384219448425,-0.00377812506995151,0,"437","1","435",0.606337644866201,0.304666741999344,0.602559519796249,1.98677896822124,2.11474252688113
"438","S_631_S87_L003",1.384219448425,0.220274216723258,0,"438","1","436",0.380130926203379,0.306251916429411,0.600405142926636,1.98462459135163,1.96798967126543
"439","S_63_S170",1.384219448425,-0.0571626529865057,0,"439","1","437",-0.311528795023226,0.304762147589362,-0.368691448009732,1.01552800041526,0
"440","S_640_S178",1.384219448425,0.0706950862909898,0,"440","1","438",-1.1978619106,0.298278094999674,-1.12716682430901,0.257052624115984,0
"441","S_646_S142",1.384219448425,0.2687140926304,0,"441","1","439",-0.617884326133515,0.322707688522669,-0.349170233503115,1.03504921492188,1.25743342968294
"442","S_650_S129",1.384219448425,-0.284029949295655,0,"442","1","440",0.452923764039892,0.489814078832581,0.168893814744237,1.55311326316923,2.17793858734643
"443","S_653_S6",1.384219448425,0.365846369341781,0,"443","1","441",1.19709029475189,0.32854291756014,1.56293666409367,2.94715611251867,2.34034731932072
"444","S_656_S181",1.384219448425,0.279087650763709,0,"444","1","442",0.577641707660033,0.304705047223924,0.856729358423741,2.24094880684874,2.34034731932072
"445","S_657_S154",1.384219448425,-0.351562268151886,0,"445","1","443",0.693725394390976,0.541117617975025,0.34216312623909,1.72638257466409,2.23606797749979
"446","S_658_S33",1.384219448425,0.375164485528577,0,"446","1","444",1.10846310141102,0.339030497601076,1.4836275869396,2.86784703536459,2.89250760851908
"447","S_65_S29_L003",1.384219448425,-0.205029232414136,0,"447","1","445",0.730255665748998,0.296885179019094,0.525226433334862,1.90944588175986,2.11474252688113
"448","S_662_S98",1.384219448425,0.188554667819323,0,"448","1","446",-0.394310764791896,0.297923189359153,-0.205756096972573,1.17846335145242,0.840896415253715
"449","S_673_S40_L003",1.384219448425,0.240634272819833,0,"449","1","447",-0.0991998959895249,0.307935480600354,0.141434376830308,1.5256538252553,1.4142135623731
"450","S_674_S130",1.384219448425,0.216641225259845,0,"450","1","448",-1.40239687512139,0.316448727293423,-1.18575564986155,0.198463798563448,0
"451","S_679_S9",1.384219448425,0.18913721930014,0,"451","1","449",-0.572021172268959,0.307124183616634,-0.382883952968819,1.00133549545618,1.25743342968294
"452","S_685_S121",1.384219448425,0.318529586203229,0,"452","1","450",-0.140461960352668,0.355802366739522,0.178067625850562,1.56228707427556,1.31607401295249
"453","S_695_S46",1.384219448425,0.320715193148783,0,"453","1","451",0.440705220697692,0.325964636084092,0.761420413846475,2.14563986227147,2.51486685936587
"454","S_696_S88",1.384219448425,0.047683126597359,0,"454","1","452",0.602339213225921,0.308047513665768,0.65002233982328,2.03424178824828,2.34034731932072
"455","S_706_S108",1.384219448425,0.281253466485812,0,"455","1","453",-0.384320161518977,0.312251953988183,-0.103066695033165,1.28115275339183,1.25743342968294
"456","S_711_S50",1.384219448425,0.15414219384706,0,"456","1","454",0.0454969263799804,0.287642793232143,0.19963912022704,1.58385856865204,1.49534878122122
"457","S_712_S136",1.384219448425,0.271872572335631,0,"457","1","455",0.14174021479024,0.30110432401247,0.413612787125871,1.79783223555087,1.45647531512197
"458","S_713_S163",1.384219448425,-0.227112528739934,0,"458","1","456",0.344924461803747,0.441240423667425,0.117811933063813,1.50203138148881,1.77827941003892
"459","S_714_S34_L003",1.384219448425,0.29502938910115,0,"459","1","457",-0.061436865158479,0.329624579671105,0.233592523942671,1.61781197236767,1.56508458007329
"460","S_726_S69_L003",1.384219448425,0.345269445108568,0,"460","1","458",0.997881156494736,0.337757936720576,1.3431506016033,2.7273700500283,2.78315768371374
"461","S_733_S67_L003",1.384219448425,0.225270619401026,0,"461","1","459",-0.376128966824113,0.290851991487762,-0.150858347423087,1.23336110100191,1.25743342968294
"462","S_738_S39",1.384219448425,0.320194504394696,0,"462","1","460",0.270603494465304,0.316211996427215,0.59079799886,1.975017447285,1.56508458007329
"463","S_758_S128",1.384219448425,0.271275538397418,0,"463","1","461",0.916528583859428,0.348856796446193,1.18780412225685,2.57202357068184,2.65914794847249
"464","S_762_S173",1.384219448425,0.345384181897063,0,"464","1","462",0.505330084818969,0.334126587946051,0.850714266716033,2.23493371514103,2.11474252688113
"465","S_764_S93_L003",1.384219448425,0.246868757613366,0,"465","1","463",1.17696186275884,0.34153996833315,1.42383062037221,2.8080500687972,2.89250760851908
"466","S_765_S48",1.384219448425,0.167364740609365,0,"466","1","464",0.108996017184922,0.339430141998902,0.276360757794287,1.66058020621928,1.31607401295249
"467","S_770_S57_L003",1.384219448425,-0.0770298908413077,0,"467","1","465",-0.200100273331396,0.321832582319159,-0.277130164172703,1.10708928425229,1.4142135623731
"468","S_772_S58_L003",1.384219448425,0.219860272103476,0,"468","1","466",-1.59205415046201,0.305264834656507,-1.37219387835853,0.0120255700664631,0
"469","S_779_S94_L003",1.384219448425,0.0917152014040907,0,"469","1","467",-0.973573356405119,0.295526797507356,-0.881858155001028,0.502361293423967,0
"470","S_7_S141",1.384219448425,-0.0991536738783696,0,"470","1","468",-0.0582174503127698,0.302461873452995,-0.157371124191139,1.22684832423386,1.31607401295249
"471","S_813_S44_L003",1.384219448425,0.204098005286825,0,"471","1","469",0.553836703060101,0.287119551959499,0.757934708346926,2.14215415677192,2.23606797749979
"472","S_824_S40",1.384219448425,0.206626903964152,0,"472","1","470",-0.786741421255661,0.310329281923098,-0.580114517291509,0.804104931133487,0
"473","S_825_S71",1.384219448425,0.276034440983404,0,"473","1","471",-0.681103935048893,0.334115032016293,-0.405069494065489,0.979149954359506,1.25743342968294
"474","S_826_S8_L003",1.384219448425,0.115569296267578,0,"474","1","472",-0.387256589209131,0.304506823042075,-0.271687292941554,1.11253215548344,1.56508458007329
"475","S_837_S50_L003",1.384219448425,0.191788209581478,0,"475","1","473",0.866946529817149,0.284233622230394,1.05873473939863,2.44295418782362,2.65914794847249
"476","S_83_S14",1.384219448425,-0.0778686035329624,0,"476","1","474",-1.13643033421672,0.381748893585909,-1.21429893774968,0.169920510675315,0
"477","S_840_S88_L003",1.384219448425,0.108932709253507,0,"477","1","475",0.436092590200252,0.276005481166743,0.54502529945376,1.92924474787876,1.77827941003892
"478","S_844_S151",1.384219448425,0.153467329874967,0,"478","1","476",-1.17848064354927,0.303792414417321,-1.02501331367431,0.359206134750688,0
"479","S_85_S36_L003",1.384219448425,-0.144785940343003,0,"479","1","477",-0.0111744588531069,0.325286223302325,-0.15596039919611,1.22825904922889,1.18920711500272
"480","S_861_S22_L003",1.384219448425,0.11060410305289,0,"480","1","478",0.391733279912604,0.298369131956724,0.502337382965494,1.88655683139049,2.51486685936587
"481","S_865_S82",1.384219448425,0.16290068864918,0,"481","1","479",0.220415966708275,0.285856612568885,0.383316655357455,1.76753610378245,1.77827941003892
"482","S_879_S97",1.384219448425,0.172200115733317,0,"482","1","480",0.0900786064214528,0.295420487841821,0.26227872215477,1.64649817057977,1.31607401295249
"483","S_87_S81",1.384219448425,-0.217744323390606,0,"483","1","481",0.450987277317787,0.303345060555311,0.233242953927181,1.61746240235218,2.34034731932072
"484","S_885_S77",1.384219448425,0.210559371798689,0,"484","1","482",-0.493642597427895,0.290487336995901,-0.283083225629206,1.10113622279579,0.840896415253715
"485","S_901_S136",1.384219448425,-0.174226490917991,0,"485","2","  3",-0.258705799846781,0.44389973871399,-0.432932290764771,0.951287157660224,NA
"486","S_932_S42_L003",1.384219448425,0.0198385423573563,0,"486","1","483",-0.264002631415184,0.310771876898991,-0.244164089057828,1.14005535936717,1.31607401295249
"487","S_961_S70_L003",1.384219448425,0.339027104998635,0,"487","1","484",0.436688058031896,0.347407063590519,0.775715163030531,2.15993461145553,2.63214802590498
"488","S_962_S42",1.384219448425,0.1756196370117,0,"488","1","485",0.110315162309305,0.305123102665514,0.285934799321005,1.670154247746,1.49534878122122
"489","S_972_S142",1.384219448425,-0.292802886962192,0,"489","1","486",-0.295016422110899,0.482965075018932,-0.587819309073091,0.796400139351905,0
"490","S_978_S90",1.384219448425,-0.131172131164075,0,"490","1","487",-0.945575073946348,0.362352125698952,-1.07674720511042,0.307472243314573,0
"491","S_983_S4",1.384219448425,0.280914721586245,0,"491","1","488",-1.47702463134778,0.306740861244224,-1.19610990976154,0.188109538663459,0
"492","S_993_S55",1.384219448425,0.325656414180555,0,"492","1","489",-0.490840424566623,0.320571423477321,-0.165184010386068,1.21903543803893,0.840896415253715
"493","NSW1201426",1.384219448425,0.311068574049728,0,"493","2","  4",0.720883661161092,0.0795921509221314,1.03195223521082,2.41617168363582,NA
"494","NSW1212884",1.384219448425,-0.210437611272128,0,"494","2","  5",-0.487357301256579,0.105630294008014,-0.697794912528708,0.686424535896288,NA
"495","NSW1200541",1.384219448425,0.107584194294809,0,"495","2","  6",-0.254002258210375,0.161615738428474,-0.146418063915566,1.23780138450943,NA
"496","NSW1190165",1.384219448425,0.101546442474942,0,"496","2","  7",-0.34683759369747,0.159428458583526,-0.245291151222528,1.13892829720247,NA
"497","NSW1166659",1.384219448425,-0.214086894536969,0,"497","2","  8",-0.409090690949709,0.146096076488427,-0.623177585486678,0.761041862938318,NA
"498","NSW1213025",1.384219448425,-0.173006214781454,0,"498","2","  9",-0.366221246212821,0.0702407656636705,-0.539227460994275,0.844991987430721,NA
"499","NSW1211446",1.384219448425,0.269451099281746,0,"499","2"," 10",-0.73903171889838,0.220477452394337,-0.469580619616634,0.914638828808361,NA
"500","NSW1200628",1.384219448425,0.24762971816769,0,"500","2"," 11",0.402290770235609,0.157601772535594,0.649920488403298,2.03413993682829,NA
"501","NSW1166664",1.384219448425,-0.171181280993789,0,"501","2"," 12",-0.286361613944487,0.198611812420886,-0.457542894938277,0.926676553486719,NA
"502","NSW1213021",1.384219448425,-0.104187246477795,0,"502","2"," 13",0.0311766004598741,0.185388661124632,-0.0730106460179208,1.31120880240707,NA
"503","NSW1201391",1.384219448425,0.0892365837447253,0,"503","2"," 14",-0.135269546820473,0.104376559759446,-0.0460329630757475,1.33818648534925,NA
"504","NSW1201419",1.384219448425,0.338412163987979,0,"504","2"," 15",0.0981204839173876,0.165240751606913,0.436532647905367,1.82075209633036,NA
"505","NSW1201415",1.384219448425,0.37630528457359,0,"505","2"," 16",0.321606037357666,0.0889309568069143,0.697911321931256,2.08213077035625,NA
"506","NSW1200364",1.384219448425,-0.0904617607185426,0,"506","2"," 17",-0.30039204770083,0.0762185706011002,-0.390853808419373,0.993365640005623,NA
"507","NSW1190167",1.384219448425,0.195611750851129,0,"507","2"," 18",-0.0432115664851974,0.113372449557905,0.152400184365932,1.53661963279093,NA
"508","NSW1190204",1.384219448425,0.26726819606464,0,"508","2"," 19",0.110206066970426,0.188982032997832,0.377474263035066,1.76169371146006,NA
"509","NSW1200834",1.384219448425,0.330146724469585,0,"509","2"," 20",-0.15540131351401,0.102075824296514,0.174745410955574,1.55896485938057,NA
"510","NSW1200533",1.384219448425,0.288265299270308,0,"510","2"," 21",0.585481061036436,0.0623508182119497,0.873746360306743,2.25796580873174,NA
"511","NSW1200414",1.384219448425,0.206795517702387,0,"511","2"," 22",-0.372370773774956,0.151485389894552,-0.165575256072569,1.21864419235243,NA
"512","NSW1200759",1.384219448425,0.246376301315678,0,"512","2"," 23",0.410168369172119,0.143485530203817,0.656544670487797,2.04076411891279,NA
"513","NSW1212889",1.384219448425,-0.181744440431378,0,"513","2"," 24",-0.547836256725777,0.0905046327247975,-0.729580697157155,0.65463875126784,NA
"514","NSW1211427",1.384219448425,-0.266441077173398,0,"514","2"," 25",-1.41833149263115,0.256425478279927,-1.68477256980455,0,NA
"515","NSW1200379",1.384219448425,0.183814893386402,0,"515","2"," 26",-0.475237685666136,0.0490788156909723,-0.291422792279734,1.09279665614526,NA
"516","NSW1211455",1.384219448425,0.226473188817638,0,"516","2"," 27",-0.148043075212401,0.0826342513059307,0.0784301136052373,1.46264956203023,NA
"517","NSW1213033",1.384219448425,-0.216315493806252,0,"517","2"," 28",-0.24287836044825,0.149125531364347,-0.459193854254501,0.925025594170494,NA
"518","NSW1212980",1.384219448425,-0.213009473685044,0,"518","2"," 29",-0.24172079757213,0.135863008626389,-0.454730271257174,0.929489177167821,NA
"519","NSW1190213",1.384219448425,-0.0144754614973857,0,"519","2"," 30",0.241010841840424,0.105392224022075,0.226535380343038,1.61075482876803,NA
"520","NSW1201416",1.384219448425,0.182912910147225,0,"520","2"," 31",-0.175930025959567,0.137106053780235,0.00698288418765824,1.39120233261265,NA
"521","NSW1200418",1.384219448425,-0.107273455712562,0,"521","2"," 32",0.00529544109827106,0.172634855408597,-0.10197801461429,1.28224143381071,NA
"522","NSW1211456",1.384219448425,0.168114258251707,0,"522","2"," 33",-0.436386070254427,0.0291971719987519,-0.26827181200272,1.11594763642228,NA
"523","NSW1211564",1.384219448425,0.160756079271113,0,"523","2"," 34",0.0407080837805908,0.148466780655666,0.201464163051703,1.5856836114767,NA
"524","NSW1213016",1.384219448425,-0.174394974172689,0,"524","2"," 35",-0.211251966083089,0.0877507817637432,-0.385646940255777,0.998572508169218,NA
"525","NSW1211583",1.384219448425,0.123287468750249,0,"525","2"," 36",0.407339228152166,0.0993385474399525,0.530626696902415,1.91484614532741,NA
"526","NSW1200839",1.384219448425,0.326166494292937,0,"526","2"," 37",-0.167202732876209,0.103873226036495,0.158963761416728,1.54318320984172,NA
"527","NSW1211565",1.384219448425,0.180150725995529,0,"527","2"," 38",-0.544684564607495,0.0961586606120293,-0.364533838611965,1.01968560981303,NA
"528","NSW1200425",1.384219448425,0.00463254556671561,0,"528","2"," 39",0.0915503918630069,0.0855227575769148,0.0961829374297225,1.48040238585472,NA
"529","NSW1200662",1.384219448425,-0.100268409531872,0,"529","2"," 40",0.417608960278823,0.0440089029583338,0.31734055074695,1.70155999917195,NA
"530","NSW1166655",1.384219448425,-0.178714995285683,0,"530","2"," 41",-0.124975198465261,0.112061359621918,-0.303690193750944,1.08052925467405,NA
"531","NSW1212948",1.384219448425,-0.215397662597181,0,"531","2"," 42",-0.0702429898270595,0.0809952380970163,-0.285640652424241,1.09857879600075,NA
"532","NSW1200528",1.384219448425,0.349242643697871,0,"532","2"," 43",-0.327582617985023,0.174517981935567,0.0216600257128486,1.40587947413784,NA
"533","NSW1200563",1.384219448425,0.419304310821987,0,"533","2"," 44",0.116467387990075,0.127484826109902,0.535771698812062,1.91999114723706,NA
"534","NSW1200351",1.384219448425,-0.189035302436473,0,"534","2"," 45",0.103246336796635,0.109777377812056,-0.0857889656398384,1.29843048278516,NA
"535","NSW1213015",1.384219448425,-0.0943680282203867,0,"535","2"," 46",-0.030020397450388,0.131118874935649,-0.124388425670775,1.25983102275422,NA
"536","NSW1200394",1.384219448425,0.0149581672828448,0,"536","2"," 47",-0.847853829628684,0.0457379064911949,-0.832895662345839,0.551323786079156,NA
"537","NSW1213011",1.384219448425,-0.251798085081683,0,"537","2"," 48",0.546836475652088,0.217512035260963,0.295038390570405,1.6792578389954,NA
"538","NSW1200664",1.384219448425,0.204765849258537,0,"538","2"," 49",0.0175865640816885,0.143721938974376,0.222352413340226,1.60657186176522,NA
"539","NSW1201655",1.384219448425,0.251589196844004,0,"539","2"," 50",0.367105970790077,0.115963842623759,0.618695167634081,2.00291461605908,NA
"540","NSW1200536",1.384219448425,0.153395909068053,0,"540","2"," 51",-0.107335929607518,0.0893854056009479,0.0460599794605351,1.43027942788553,NA
"541","NSW1212943",1.384219448425,-0.224780117106732,0,"541","2"," 52",-0.280807206834426,0.109824002351171,-0.505587323941158,0.878632124483837,NA
"542","NSW1200559",1.384219448425,0.296202437337152,0,"542","2"," 53",-0.285465370786312,0.169400765218455,0.0107370665508401,1.39495651497584,NA
"543","NSW1200558",1.384219448425,0.389593264135886,0,"543","2"," 54",-0.0658958234194027,0.0697566070112985,0.323697440716483,1.70791688914148,NA
"544","NSW1200524",1.384219448425,0.284800668079228,0,"544","2"," 55",-0.362240141988656,0.0796560303248111,-0.0774394739094277,1.30677997451557,NA
"545","NSW1212795",1.384219448425,-0.27633477316655,0,"545","2"," 56",-0.0940939916931796,0.0943702799851988,-0.370428764859729,1.01379068356527,NA
"546","NSW1200787",1.384219448425,0.0871641942135884,0,"546","2"," 57",-0.186957704539192,0.0799863872643826,-0.0997935103256039,1.28442593809939,NA
"547","NSW1200776",1.384219448425,-0.00246643188447634,0,"547","2"," 58",-0.166479692743731,0.109967822655111,-0.168946124628207,1.21527332379679,NA
"548","NSW1190216",1.384219448425,0.259341484320309,0,"548","2"," 59",0.3564948378977,0.145519654531384,0.615836322218009,2.000055770643,NA
"549","NSW1201495",1.384219448425,0.374205985108832,0,"549","2"," 60",0.694434831915651,0.217762456524226,1.06864081702448,2.45286026544948,NA
"550","NSW1211582",1.384219448425,0.225179428162216,0,"550","2"," 61",-0.356109442249744,0.211574458516434,-0.130930014087528,1.25328943433747,NA
"551","NSW1200362",1.384219448425,0.204177785599743,0,"551","2"," 62",0.0403315157571759,0.187915318495638,0.244509301356919,1.62872874978191,NA
"552","NSW1212987",1.384219448425,-0.418895558845878,0,"552","2"," 63",0.0657274406945297,0.56257474516403,-0.353168118151348,1.03105133027365,NA
"553","NSW1190194",1.384219448425,0.229193447425855,0,"553","2"," 64",-0.480538214183547,0.177834646345184,-0.251344766757691,1.1328746816673,NA
"554","NSW1213030",1.384219448425,-0.130431596664378,0,"554","2"," 65",-0.257075956331944,0.0459091579921375,-0.387507552996322,0.996711895428674,NA
"555","NSW1190199",1.384219448425,0.202863422765975,0,"555","2"," 66",-0.111012953710136,0.137917429676467,0.091850469055839,1.47606991748083,NA
"556","NSW1200372",1.384219448425,0.182270215601762,0,"556","2"," 67",-0.785613435597044,0.195068476010208,-0.603343219995282,0.780876228429714,NA
"557","NSW1211445",1.384219448425,0.191565613283689,0,"557","2"," 68",0.305481407983914,0.0333047033585449,0.497047021267603,1.8812664696926,NA
"558","NSW1211558",1.384219448425,0.244424407677192,0,"558","2"," 69",0.081116041205703,0.186396167594965,0.325540448882895,1.70975989730789,NA
"559","NSW1200764",1.384219448425,-0.15617697176137,0,"559","2"," 70",-0.127679897831392,0.202794636225552,-0.283856869592762,1.10036257883223,NA
"560","NSW1200848",1.384219448425,0.301514010503071,0,"560","2"," 71",0.0428123316918449,0.116301033025455,0.344326342194916,1.72854579061991,NA
"561","NSW1200661",1.384219448425,-0.153616260052954,0,"561","2"," 72",0.260212928250176,0.157604797471938,0.106596668197221,1.49081611662222,NA
"562","NSW1211440",1.384219448425,0.285860516384517,0,"562","2"," 73",-0.300517890489234,0.165257097427353,-0.0146573741047171,1.36956207432028,NA
"563","NSW1200356",1.384219448425,-0.150967526434821,0,"563","2"," 74",0.287413024841781,0.0673281964317246,0.13644549840696,1.52066494683196,NA
"564","NSW1212992",1.384219448425,-0.245139837297871,0,"564","2"," 75",-0.0408571487595168,0.195199135323539,-0.285996986057388,1.09822246236761,NA
"565","NSW1200905",1.384219448425,0.294695678429412,0,"565","2"," 76",0.547154275881239,0.107337747823135,0.84184995431065,2.22606940273565,NA
"566","NSW1200357",1.384219448425,0.0465024460804397,0,"566","2"," 77",-0.255905235832637,0.0675873350333112,-0.209402789752197,1.1748166586728,NA
"567","NSW1200799",1.384219448425,0.383735350527071,0,"567","2"," 78",-0.233521268055138,0.194092454771224,0.150214082471933,1.53443353089693,NA
"568","NSW1166442",1.384219448425,-0.213568310103433,0,"568","2"," 79",-0.425883585124592,0.117069243320829,-0.639451895228025,0.74476755319697,NA
"569","NSW1200539",1.384219448425,0.292458703482661,0,"569","2"," 80",0.27359085516203,0.100888698728169,0.566049558644691,1.95026900706969,NA
"570","NSW1200543",1.384219448425,-0.0923942477561608,0,"570","2"," 81",-0.563491471245106,0.406839133087667,-0.655885719001267,0.728333729423728,NA
"571","NSW1200529",1.384219448425,0.321085460949053,0,"571","2"," 82",-0.484371550839546,0.125586110097034,-0.163286089890493,1.2209333585345,NA
"572","NSW1212866",1.384219448425,-0.19929213800896,0,"572","2"," 83",0.0741769692573642,0.197212012611935,-0.125115168751596,1.2591042796734,NA
"573","NSW1200873",1.384219448425,-0.061382957138093,0,"573","2"," 84",0.124877485845765,0.0347096471543254,0.0634945287076717,1.44771397713267,NA
"574","NSW1211541",1.384219448425,-0.0949726479827864,0,"574","2"," 85",-0.176782215362504,0.0979483345863388,-0.27175486334529,1.11246458507971,NA
"575","NSW1190198",1.384219448425,0.253077680740979,0,"575","2"," 86",-0.0665736882327974,0.0745410572165216,0.186503992508182,1.57072344093318,NA
"576","NSW1213013",1.384219448425,-0.109940303039031,0,"576","2"," 87",0.183753879811323,0.143987807647301,0.0738135767722916,1.45803302519729,NA
"577","NSW1212970",1.384219448425,-0.168708650666535,0,"577","2"," 88",0.550505144777785,0.195224015760665,0.38179649411125,1.76601594253625,NA
"578","NSW1212997",1.384219448425,-0.142531280876112,0,"578","2"," 89",0.525182194228854,0.0998016996811478,0.382650913352742,1.76687036177774,NA
"579","NSW1211508",1.384219448425,0.135638518233061,0,"579","2"," 90",0.377610474933953,0.0232236894697738,0.513248993167014,1.89746844159201,NA
"580","NSW1211552",1.384219448425,0.175961220504066,0,"580","2"," 91",0.00799215253589515,0.117296536420926,0.183953373039961,1.56817282146496,NA
"581","NSW1211442",1.384219448425,0.258477453597049,0,"581","2"," 92",0.718672385044834,0.0755316575007792,0.977149838641883,2.36136928706688,NA
"582","NSW1211451",1.384219448425,0.275479755344371,0,"582","2"," 93",-0.112401754783055,0.0809628938883313,0.163078000561316,1.54729744898631,NA
"583","NSW1194456",1.384219448425,0.0435080752165632,0,"583","2"," 94",-0.0804830545028607,0.146272523221036,-0.0369749792862975,1.3472444691387,NA
"584","NSW1211546",1.384219448425,-0.141023415569922,0,"584","2"," 95",0.561446001431762,0.150750653862309,0.42042258586184,1.80464203428684,NA
"585","NSW1213001",1.384219448425,-0.134252564623375,0,"585","2"," 96",0.551900817458284,0.161273688112934,0.41764825283491,1.8018677012599,NA
"586","NSW1201431",1.384219448425,0.328291142885617,0,"586","2"," 97",1.17483285917823,0.0772005235121259,1.50312400206385,2.88734345048884,NA
"587","NSW1211568",1.384219448425,0.0543848501588951,0,"587","2"," 98",-0.356357838953623,0.103114943327873,-0.301972988794728,1.08224645963027,NA
"588","NSW1211441",1.384219448425,0.30485211484035,0,"588","2"," 99",-0.194263000171248,0.192112615942991,0.110589114669102,1.4948085630941,NA
"589","NSW1190206",1.384219448425,0.188603454977576,0,"589","2","100",0.0691111689544774,0.0909095498986551,0.257714623932053,1.64193407235705,NA
"590","NSW1200389",1.384219448425,0.0494412170508746,0,"590","2","101",-0.507624648106267,0.0572248265978114,-0.458183431055392,0.926036017369603,NA
"591","NSW1211534",1.384219448425,-0.0776853764384155,0,"591","2","102",-0.209439470819326,0.102691737019507,-0.287124847257741,1.09709460116725,NA
"592","NSW1200346",1.384219448425,-0.171977800079,0,"592","2","103",-0.0595522432852082,0.0107461628828618,-0.231530043364208,1.15268940506079,NA
"593","NSW1200505",1.384219448425,0.111063887290878,0,"593","2","104",-0.401051941132363,0.0650741505803263,-0.289988053841485,1.09423139458351,NA
"594","NSW1200511",1.384219448425,0.100759012684544,0,"594","2","105",0.174259698349926,0.0539568863899528,0.27501871103447,1.65923815945947,NA
"595","NSW1212790",1.384219448425,-0.184211549423021,0,"595","2","106",-0.173627823747468,0.180365284105395,-0.357839373170489,1.02638007525451,NA
"596","NSW1200361",1.384219448425,-0.0136770546799476,0,"596","2","107",-0.382888361295678,0.0797636230695406,-0.396565415975626,0.98765403244937,NA
"597","NSW1200514",1.384219448425,0.307776649889127,0,"597","2","108",0.831851822099453,0.125442891494989,1.13962847198858,2.52384792041358,NA
"598","NSW1200774",1.384219448425,0.236947411738386,0,"598","2","109",0.185271216839435,0.114463489287102,0.422218628577822,1.80643807700282,NA
"599","NSW1212985",1.384219448425,-0.217599763761804,0,"599","2","110",-0.487454539100941,0.143169540881888,-0.705054302862744,0.679165145562251,NA
"600","NSW1201411",1.384219448425,0.206156479931164,0,"600","2","111",0.182464071049361,0.0423541114939362,0.388620550980526,1.77283999940552,NA
"601","NSW1200352",1.384219448425,-0.233190026770139,0,"601","2","112",0.221204740532353,0.158164271101116,-0.0119852862377862,1.37223416218721,NA
"602","NSW1211570",1.384219448425,0.163528520669012,0,"602","2","113",-0.409946204548126,0.0943603854392866,-0.246417683879114,1.13780176454588,NA
"603","NSW1200549",1.384219448425,0.3378374628435,0,"603","2","114",0.328181755458286,0.139555723449303,0.666019218301786,2.05023866672678,NA
"604","NSW1200384",1.384219448425,0.139850940508321,0,"604","2","115",0.228638629988518,0.119267997055573,0.368489570496839,1.75270901892183,NA
"605","NSW1211577",1.384219448425,-0.0809354710153928,0,"605","2","116",-0.293658720565636,0.0627743650698231,-0.374594191581028,1.00962525684397,NA
"606","NSW1200347",1.384219448425,-0.164575237521583,0,"606","2","117",-0.62831879756617,0.0726359879482116,-0.792894035087753,0.591325413337242,NA
"607","NSW1200829",1.384219448425,0.337645085990002,0,"607","2","118",-0.150733450457373,0.100633001532608,0.186911635532629,1.57113108395762,NA
"608","NSW1200657",1.384219448425,-0.222910613033507,0,"608","2","119",-0.456677177021773,0.0813453361546477,-0.67958779005528,0.704631658369715,NA
"609","NSW1212977",1.384219448425,-0.226356218183468,0,"609","2","120",-0.294086103925137,0.0915826477993104,-0.520442322108605,0.863777126316391,NA
"610","NSW1201414",1.384219448425,0.331377089491755,0,"610","2","121",0.0735682602965576,0.0826481339017539,0.404945349788313,1.78916479821331,NA
"611","NSW1200509",1.384219448425,0.252755618296391,0,"611","2","122",-0.247059072053281,0.209525918478497,0.00569654624310945,1.38991599466811,NA
"612","NSW1200521",1.384219448425,0.0246466140029195,0,"612","2","123",0.1708977382377,0.0399475652478472,0.19554435224062,1.57976380066562,NA
"613","NSW1201631",1.384219448425,0.381305804162538,0,"613","2","124",-0.233604177754193,0.193886400897283,0.147701626408345,1.53192107483334,NA
"614","NSW1212856",1.384219448425,-0.136243439293664,0,"614","2","125",0.409077120357073,0.19244462711756,0.272833681063409,1.6570531294884,NA
"615","NSW1200647",1.384219448425,0.126949407734728,0,"615","2","126",-0.202335019660414,0.120400969582358,-0.0753856119256858,1.30883383649931,NA
"616","NSW1201396",1.384219448425,0.0583618700644421,0,"616","2","127",0.0444840275282206,0.0132743787092437,0.102845897592663,1.48706534601766,NA
"617","NSW1200554",1.384219448425,0.368492221125517,0,"617","2","128",0.236733312051215,0.123791944688777,0.605225533176732,1.98944498160173,NA
"618","NSW1200544",1.384219448425,0.305534149792697,0,"618","2","129",-0.714331157266692,0.11846499689325,-0.408797007473995,0.975422440951001,NA
"619","NSW1200429",1.384219448425,-0.377081759380011,0,"619","2","130",-0.0737744302703799,0.550382762048168,-0.450856189650391,0.933363258774604,NA
"620","NSW1190190",1.384219448425,-0.084763268592382,0,"620","2","131",-0.285923831289668,0.0980214851816703,-0.37068709988205,1.01353234854295,NA
"621","NSW1200428",1.384219448425,-0.0824212088260901,0,"621","2","132",0.42830734918603,0.0550769353677123,0.345886140359939,1.73010558878494,NA
"622","NSW1190183",1.384219448425,-0.110189966403172,0,"622","2","133",-0.0957837160572992,0.114135779787767,-0.205973682460471,1.17824576596452,NA
"623","NSW1201400",1.384219448425,0.416961846842377,0,"623","2","134",-0.345014887744518,0.184134437890456,0.0719469590978597,1.45616640752286,NA
"624","NSW1166447",1.384219448425,-0.179824231406707,0,"624","2","135",0.426316947659765,0.172420601364226,0.246492716253059,1.63071216467805,NA
"625","NSW1190182",1.384219448425,-0.188247216899364,0,"625","2","136",-0.377436507009076,0.100152522475755,-0.56568372390844,0.818535724516556,NA
"626","NSW1200666",1.384219448425,-0.143942931981162,0,"626","2","137",0.512700170587604,0.137898798333212,0.368757238606441,1.75297668703144,NA
"627","NSW1190168",1.384219448425,0.204940580486295,0,"627","2","138",-0.738456223708839,0.158245773565145,-0.533515643222544,0.850703805202452,NA
"628","NSW1201641",1.384219448425,0.380163165588174,0,"628","2","139",-0.245772029474739,0.193895200196837,0.134391136113435,1.51861058453843,NA
"629","NSW1194450",1.384219448425,0.132955886969091,0,"629","2","140",-0.419608938773327,0.176972427729408,-0.286653051804236,1.09756639662076,NA
"630","NSW1211020",1.384219448425,-0.2012466376775,0,"630","2","141",0.477911796220649,0.1167781587774,0.276665158543149,1.66088460696814,NA
"631","NSW1200545",1.384219448425,0.0549021861386039,0,"631","2","142",-0.142436578153462,0.102947222134591,-0.0875343920148584,1.29668505641014,NA
"632","NSW1200373",1.384219448425,0.209476323774243,0,"632","2","143",-0.221542281706278,0.236631024385287,-0.0120659579320355,1.37215349049296,NA
"633","NSW1211526",1.384219448425,0.260490247927069,0,"633","2","144",-0.397124511920806,0.107839955067918,-0.136634263993737,1.24758518443126,NA
"634","NSW1212995",1.384219448425,-0.142936383455454,0,"634","2","145",0.770632916431761,0.175318519794397,0.627696532976308,2.0119159814013,NA
"635","NSW1212990",1.384219448425,-0.231762461226769,0,"635","2","146",0.0971104900411026,0.170647271843874,-0.134651971185667,1.24956747723933,NA
"636","NSW1190212",1.384219448425,0.243182214802848,0,"636","2","147",0.497525805717999,0.104381293124488,0.740708020520847,2.12492746894584,NA
"637","NSW1200895",1.384219448425,0.206199670948848,0,"637","2","148",0.405283184562835,0.119164443358299,0.611482855511683,1.99570230393668,NA
"638","NSW1211539",1.384219448425,-0.0527433432745631,0,"638","2","149",0.00341759689758558,0.133653730296148,-0.0493257463769776,1.33489370204802,NA
"639","NSW1200817",1.384219448425,-0.0191993087641595,0,"639","2","150",-0.169759408152757,0.0290520693609282,-0.188958716916917,1.19526073150808,NA
"640","NSW1200388",1.384219448425,0.178036207718982,0,"640","2","151",0.548025001647073,0.196055432639561,0.726061209366055,2.11028065779105,NA
"641","NSW1200807",1.384219448425,0.0249120325261218,0,"641","2","152",0.909762435045986,0.0238795427908151,0.934674467572107,2.3188939159971,NA
"642","NSW1200420",1.384219448425,-0.168314678816889,0,"642","2","153",0.0483982736929883,0.0505347330338165,-0.1199164051239,1.2643030433011,NA
"643","NSW1213005",1.384219448425,-0.164037913524653,0,"643","2","154",0.049739785045327,0.17401917650886,-0.114298128479326,1.26992131994567,NA
"644","NSW1211533",1.384219448425,-0.0810786830942774,0,"644","2","155",-0.236791825465055,0.0625537252638815,-0.317870508559332,1.06634893986566,NA
"645","NSW1212991",1.384219448425,-0.185414602211198,0,"645","2","156",-0.0535844767109125,0.102752799420038,-0.238999078922111,1.14522036950288,NA
"646","NSW1201650",1.384219448425,0.372331754568128,0,"646","2","157",-0.13911474572027,0.131173975967398,0.233217008847858,1.61743645727285,NA
"647","NSW1213020",1.384219448425,-0.147295569251589,0,"647","2","158",0.223503462438701,0.172106870513855,0.0762078931871119,1.46042734161211,NA
"648","NSW1190163",1.384219448425,0.197364442238224,0,"648","2","159",-0.856542352426421,0.182976463943798,-0.659177910188198,0.725041538236798,NA
"649","NSW1200466",1.384219448425,0.135123251015649,0,"649","2","160",-0.298800437247645,0.0309985528358638,-0.163677186231996,1.220542262193,NA
"650","NSW1200623",1.384219448425,0.235640106116387,0,"650","2","161",-0.0903603724177937,0.196880552792321,0.145279733698593,1.52949918212359,NA
"651","NSW1211511",1.384219448425,-0.00742575771938489,0,"651","2","162",-0.0985144529103003,0.0292522751620845,-0.105940210629685,1.27827923779531,NA
"652","NSW1200371",1.384219448425,0.18201043555189,0,"652","2","163",-0.612895637186898,0.121287294554821,-0.430885201635008,0.953334246789987,NA
"653","NSW1211592",1.384219448425,0.258143328486828,0,"653","2","164",-0.181246316680283,0.184091012109067,0.0768970118065455,1.46111646023154,NA
"654","NSW1212785",1.384219448425,-0.215838411647401,0,"654","2","165",-0.236353461921978,0.156107541397408,-0.452191873569379,0.932027574855616,NA
"655","NSW1201616",1.384219448425,0.38354210254778,0,"655","2","166",-0.165334306102319,0.186929089709826,0.218207796445461,1.60242724487046,NA
"656","NSW1212959",1.384219448425,-0.127079303992849,0,"656","2","167",0.440862288984432,0.0781011708303416,0.313782984991584,1.69800243341658,NA
"657","NSW1213034",1.384219448425,-0.294718577230694,0,"657","2","168",0.153918130361935,0.109513302112966,-0.140800446868759,1.24341900155624,NA
"658","NSW1211561",1.384219448425,0.257542446564474,0,"658","2","169",-0.117364724738631,0.145242796520368,0.140177721825842,1.52439717025084,NA
"659","NSW1211542",1.384219448425,-0.0366868127675827,0,"659","2","170",-0.224370857267872,0.133366181075366,-0.261057670035454,1.12316177838954,NA
"660","NSW1200803",1.384219448425,0.339002693502796,0,"660","2","171",0.324213718341077,0.089781321921508,0.663216411843873,2.04743586026887,NA
"661","NSW1211578",1.384219448425,0.0820607466422899,0,"661","2","172",-0.659173253235126,0.111491549236121,-0.577112506592836,0.80710694183216,NA
"662","NSW1190217",1.384219448425,0.187803013959336,0,"662","2","173",-0.837064382489649,0.0946338778470347,-0.649261368530313,0.734958079894682,NA
"663","NSW1211562",1.384219448425,0.265029627033659,0,"663","2","174",0.422179704176684,0.126413444651296,0.687209331210342,2.07142877963534,NA
"664","NSW1200672",1.384219448425,-0.149462347097843,0,"664","2","175",0.309648562747506,0.112629239480116,0.160186215649663,1.54440566407466,NA
"665","NSW1201375",1.384219448425,0.38733189067268,0,"665","2","176",-0.142146185885948,0.179329159846096,0.245185704786733,1.62940515321173,NA
"666","NSW1212972",1.384219448425,-0.257786677191773,0,"666","2","177",-0.725681686515826,0.217875449870446,-0.983468363707599,0.400751084717397,NA
"667","NSW1212982",1.384219448425,-0.111378274620464,0,"667","2","178",0.168072422579048,0.235528627275309,0.0566941479585838,1.44091359638358,NA
"668","NSW1166596",1.384219448425,-0.199170601720798,0,"668","2","179",-0.0293330060629496,0.133549072506144,-0.228503607783747,1.15571584064125,NA
"669","NSW1190191",1.384219448425,-0.10433665738597,0,"669","2","180",0.530948630050845,0.129488735858292,0.426611972664875,1.81083142108987,NA
"670","NSW1200360",1.384219448425,-0.173185391737436,0,"670","2","181",0.539939475511767,0.114538226990292,0.36675408377433,1.75097353219933,NA
"671","NSW1200363",1.384219448425,0.296121474650984,0,"671","2","182",-0.163327077093383,0.187695249674257,0.132794397557601,1.5170138459826,NA
"672","NSW1212979",1.384219448425,-0.226920615789786,0,"672","2","183",-0.694285750886164,0.0919556695490838,-0.921206366675949,0.463013081749046,NA
"673","NSW1190208",1.384219448425,-0.0816118271753261,0,"673","2","184",0.0657061597070396,0.0287184745705664,-0.0159056674682865,1.36831378095671,NA
"674","NSW1200358",1.384219448425,0.15463525537901,0,"674","2","185",0.155029186002352,0.0828471014141226,0.309664441381362,1.69388388980636,NA
"675","NSW1190192",1.384219448425,-0.24184674838498,0,"675","2","186",0.518503130666796,0.085994508893377,0.276656382281816,1.66087583070681,NA
"676","NSW1211584",1.384219448425,0.00449526413579332,0,"676","2","187",0.397543571113712,0.0148497319490381,0.402038835249506,1.7862582836745,NA
"677","NSW1200622",1.384219448425,-0.0963731178948442,0,"677","2","188",0.203977933127837,0.125711597307765,0.107604815232992,1.49182426365799,NA
"678","NSW1211430",1.384219448425,0.234101082442381,0,"678","2","189",-0.120147149421471,0.1411583937607,0.11395393302091,1.49817338144591,NA
"679","NSW1200777",1.384219448425,0.00252206844413087,0,"679","2","190",0.426135300508862,0.0183590594718797,0.428657368952993,1.81287681737799,NA
"680","NSW1211426",1.384219448425,0.167042759205689,0,"680","2","191",-0.366651141125678,0.12315549870615,-0.199608381919989,1.18461106650501,NA
"681","NSW1211450",1.384219448425,0.189368810579199,0,"681","2","192",0.336960958460264,0.127622343239617,0.526329769039463,1.91054921746446,NA
"682","NSW1201381",1.384219448425,0.211448372296764,0,"682","2","193",-0.284888242567196,0.072538072275272,-0.0734398702704324,1.31077957815456,NA
"683","NSW1211527",1.384219448425,0.0731247675611146,0,"683","2","194",-0.198848630615209,0.119605194533799,-0.125723863054094,1.2584955853709,NA
"684","NSW1194457",1.384219448425,0.216695994001434,0,"684","2","195",0.31478854848448,0.0686488841028646,0.531484542485914,1.91570399091091,NA
"685","NSW1213006",1.384219448425,-0.228093078776855,0,"685","2","196",0.242623780553743,0.202945009253729,0.0145307017768883,1.39875015020188,NA
"686","NSW1190187",1.384219448425,-0.138491598236478,0,"686","2","197",-0.286115439369743,0.106665527324713,-0.424607037606221,0.959612410818775,NA
"687","NSW1213010",1.384219448425,-0.165790845623085,0,"687","2","198",0.0609904452083656,0.147754422454119,-0.10480040041472,1.27941904801028,NA
"688","NSW1201425",1.384219448425,0.232906339746428,0,"688","2","199",-0.127869010078373,0.120945773544257,0.105037329668055,1.48925677809305,NA
"689","NSW1200504",1.384219448425,0.366470879172233,0,"689","2","200",0.269559967284901,0.144697450488689,0.636030846457134,2.02025029488213,NA
"690","NSW1200920",1.384219448425,0.200500068357318,0,"690","2","201",0.344695542133131,0.109870029108751,0.545195610490449,1.92941505891544,NA
"691","NSW1200341",1.384219448425,-0.086717349385643,0,"691","2","202",0.100259197909044,0.107932689505357,0.0135418485234007,1.3977612969484,NA
"692","NSW1200337",1.384219448425,-0.236234822018677,0,"692","2","203",-0.246751334223183,0.104153861955131,-0.482986156241859,0.901233292183136,NA
"693","NSW1212988",1.384219448425,-0.221100388553575,0,"693","2","204",0.468104732121287,0.0741919992151031,0.247004343567711,1.63122379199271,NA
"694","NSW1201430",1.384219448425,0.379304858006196,0,"694","2","205",0.801498355581705,0.140939576585932,1.1808032135879,2.5650226620129,NA
"695","NSW1200824",1.384219448425,0.300457301514665,0,"695","2","206",0.699920843621283,0.026082792331838,1.00037814513595,2.38459759356094,NA
"696","NSW1212969",1.384219448425,-0.137598534297967,0,"696","2","207",-0.198256146433268,0.0814315660399408,-0.335854680731235,1.04836476769376,NA
"697","NSW1190200",1.384219448425,0.219318767901679,0,"697","2","208",0.041607357638252,0.126407305203875,0.260926125539931,1.64514557396493,NA
"698","NSW1210993",1.384219448425,-0.156652230488007,0,"698","2","209",-0.350032814304342,0.237896561099433,-0.506685044792349,0.877534403632647,NA
"699","NSW1211586",1.384219448425,0.162283127444444,0,"699","2","210",0.14690203220191,0.146462956312459,0.309185159646354,1.69340460807135,NA
"700","NSW1201409",1.384219448425,0.119541987357153,0,"700","2","211",0.209890098160349,0.127737425027477,0.329432085517502,1.7136515339425,NA
"701","NSW1200853",1.384219448425,0.262786377444387,0,"701","2","212",-0.15282459368822,0.0789757810956885,0.109961783756167,1.49418123218116,NA
"702","NSW1212960",1.384219448425,-0.245981425086913,0,"702","2","213",0.0486382740811001,0.182642518534347,-0.197343151005813,1.18687629741918,NA
"703","NSW1200607",1.384219448425,-0.111441349000366,0,"703","2","214",-0.0785264160240842,0.0941194755943606,-0.18996776502445,1.19425168340055,NA
"704","NSW1212957",1.384219448425,-0.206306336505964,0,"704","2","215",-0.215419232821252,0.13428683872174,-0.421725569327217,0.962493879097779,NA
"705","NSW1212983",1.384219448425,-0.0795284583380453,0,"705","2","216",-0.293355959598643,0.154010113061586,-0.372884417936688,1.01133503048831,NA
"706","NSW1166654",1.384219448425,-0.0767051625671355,0,"706","2","217",0.228980730496347,0.0800185133402203,0.152275567929211,1.53649501635421,NA
"707","NSW1212993",1.384219448425,-0.0901905776490164,0,"707","2","218",-0.309537456614922,0.0893481372146308,-0.399728034263939,0.984491414161057,NA
"708","NSW1200374",1.384219448425,-0.117520389383537,0,"708","2","219",0.75345696186208,0.127745620658753,0.635936572478543,2.02015602090354,NA
"709","NSW1200617",1.384219448425,-0.0160871069701851,0,"709","2","220",-0.176416255803858,0.0605245361554878,-0.192503362774043,1.19171608565095,NA
"710","NSW1212962",1.384219448425,-0.119185756029462,0,"710","2","221",0.240168065031882,0.14796193507052,0.12098230900242,1.50520175742742,NA
"711","NSW1213029",1.384219448425,-0.112624152181333,0,"711","2","222",-0.206646630401417,0.160514632657142,-0.319270782582751,1.06494866584224,NA
"712","NSW1200393",1.384219448425,0.159991872614512,0,"712","2","223",0.084186527474987,0.132911408974125,0.244178400089499,1.62839784851449,NA
"713","NSW1211566",1.384219448425,0.201030368263606,0,"713","2","224",0.077863433384807,0.0726510047694376,0.278893801648413,1.66311325007341,NA
"714","NSW1200523",1.384219448425,0.303751592813505,0,"714","2","225",0.230940551349113,0.153269192708979,0.534692144162617,1.91891159258761,NA
"715","NSW1201356",1.384219448425,0.234566922199015,0,"715","2","226",0.0191692940823566,0.193588833311486,0.253736216281371,1.63795566470637,NA
"716","NSW1200534",1.384219448425,0.223328995357294,0,"716","2","227",-0.420455506094334,0.121539549974186,-0.19712651073704,1.18709293768796,NA
"717","NSW1200772",1.384219448425,0.115327320529694,0,"717","2","228",0.527731796865411,0.071972381935907,0.643059117395105,2.0272785658201,NA
"718","NSW1200792",1.384219448425,0.100215140393446,0,"718","2","229",0.078958460937617,0.0967003253647314,0.179173601331063,1.56339304975606,NA
"719","NSW1200516",1.384219448425,0.134103228280939,0,"719","2","230",-0.0115755634028083,0.114172789017816,0.122527664878131,1.50674711330313,NA
"720","NSW1212967",1.384219448425,-0.300060590039001,0,"720","2","231",-0.205927964399845,0.15824153380241,-0.505988554438846,0.878230893986149,NA
"721","NSW1213036",1.384219448425,-0.154693376162848,0,"721","2","232",-0.0712863828104726,0.158362717391099,-0.22597975897332,1.15823968945168,NA
"722","NSW1200610",1.384219448425,0.253010430145331,0,"722","2","233",0.0218359578351484,0.167682369653902,0.27484638798048,1.65906583640547,NA
"723","NSW1200812",1.384219448425,0.0687600211932737,0,"723","2","234",-0.000141473405938988,0.0934658960299544,0.0686185477873347,1.45283799621233,NA
"724","NSW1166601",1.384219448425,-0.211161763692614,0,"724","2","235",0.585109123958727,0.121684221460888,0.373947360266113,1.75816680869111,NA
"725","NSW1190184",1.384219448425,-0.118118527609024,0,"725","2","236",-0.395516724337143,0.0983126986314299,-0.513635251946167,0.870584196478829,NA
"726","NSW1200597",1.384219448425,-0.0389691953582298,0,"726","2","237",0.134646742479918,0.0774042211362555,0.0956775471216887,1.47989699554668,NA
"727","NSW1200616",1.384219448425,0.0795979707610038,0,"727","2","238",-0.289703542856814,0.0714009853653157,-0.21010557209581,1.17411387632919,NA
"728","NSW1201404",1.384219448425,0.202620348631832,0,"728","2","239",0.219988377373826,0.132244751561409,0.422608726005659,1.80682817443065,NA
"729","NSW1200592",1.384219448425,-0.0907552140572348,0,"729","2","240",0.17576676578619,0.0554734034738836,0.0850115517289554,1.46923100015395,NA
"730","NSW1190203",1.384219448425,0.206387657771871,0,"730","2","241",0.280277895646556,0.1050988802726,0.486665553418427,1.87088500184342,NA
"731","NSW1211536",1.384219448425,0.120032149139768,0,"731","2","242",0.613307167263988,0.149293865202799,0.733339316403756,2.11755876482875,NA
"732","NSW1200424",1.384219448425,-0.20059315030221,0,"732","2","243",0.292307569795142,0.170192347394632,0.0917144194929317,1.47593386791793,NA
"733","NSW1212846",1.384219448425,-0.20960246247037,0,"733","2","244",0.244371297451095,0.111152416724229,0.0347688349807241,1.41898828340572,NA
"734","NSW1200804",1.384219448425,0.376931491806423,0,"734","2","245",0.595031283614681,0.220459671484103,0.971962775421104,2.3561822238461,NA
"735","NSW1210995",1.384219448425,-0.180321242297733,0,"735","2","246",0.374095905047507,0.191366670904497,0.193774662749774,1.57799411117477,NA
"736","NSW1212968",1.384219448425,-0.227262648058314,0,"736","2","247",0.206689466642161,0.0955712547208288,-0.020573181416153,1.36364626700884,NA
"737","NSW1200591",1.384219448425,-0.0339843385123995,0,"737","2","248",-0.0274010531498918,0.128336154418676,-0.0613853916622913,1.3228340567627,NA
"738","NSW1213000",1.384219448425,-0.152858949655382,0,"738","2","249",0.0824254820322683,0.126992856324549,-0.070433467623114,1.31378598080188,NA
"739","NSW1200797",1.384219448425,-0.0212929689436394,0,"739","2","250",0.262356767852806,0.0784763400138173,0.241063798909167,1.62528324733416,NA
"740","NSW1212964",1.384219448425,-0.149173120782344,0,"740","2","251",0.0459366404461016,0.0706163251355803,-0.103236480336242,1.28098296808875,NA
"741","NSW1200338",1.384219448425,0.218904623527831,0,"741","2","252",-0.102569139450243,0.0845580731468736,0.116335484077589,1.50055493250258,NA
"742","NSW1213003",1.384219448425,-0.144741595237181,0,"742","2","253",-0.129758779263376,0.124150947051659,-0.274500374500556,1.10971907392444,NA
"743","NSW1190162",1.384219448425,0.157601743538942,0,"743","2","254",-0.0200663717359221,0.0807689683601252,0.13753537180302,1.52175482022801,NA
"744","NSW1200769",1.384219448425,0.243324596308023,0,"744","2","255",-0.320151164113319,0.104654885592102,-0.0768265678052963,1.3073928806197,NA
"745","NSW1200403",1.384219448425,0.197730491507683,0,"745","2","256",0.387374652556609,0.14930690294316,0.585105144064292,1.96932459248929,NA
"746","NSW1200355",1.384219448425,-0.41425016821616,0,"746","2","257",0.179261626716278,0.49318414579591,-0.234988541499882,1.14923090692511,NA
"747","NSW1212965",1.384219448425,-0.185271273457448,0,"747","2","258",0.457996413401526,0.17513364407295,0.272725139944078,1.65694458836907,NA
"748","NSW1200369",1.384219448425,-0.0873575057813338,0,"748","2","259",0.0109752007845229,0.0671622744509605,-0.076382304996811,1.30783714342818,NA
"749","NSW1211589",1.384219448425,-0.203275869938232,0,"749","2","260",0.569488696248678,0.423789230331318,0.366212826310445,1.75043227473544,NA
"750","NSW1200611",1.384219448425,-0.0544389642800347,0,"750","2","261",0.507670142855465,0.133734090350003,0.45323117857543,1.83745062700043,NA
"751","NSW1211538",1.384219448425,-0.0521951755962555,0,"751","2","262",-0.329444409938546,0.108370364039528,-0.381639585534801,1.00257986289019,NA
"752","NSW1190172",1.384219448425,0.22486760444758,0,"752","2","263",0.473131334757831,0.106549767040899,0.697998939205411,2.08221838763041,NA
"753","NSW1211437",1.384219448425,0.212652903622131,0,"753","2","264",-0.0885500499953821,0.0965092096933512,0.124102853626749,1.50832230205174,NA
"754","NSW1200656",1.384219448425,-0.100095916024462,0,"754","2","265",-0.0464737682917988,0.115419261897101,-0.146569684316261,1.23764976410873,NA
"755","NSW1200823",1.384219448425,0.277782482888913,0,"755","2","266",-0.470374278475349,0.146042709011602,-0.192591795586436,1.19162765283856,NA
"756","NSW1200802",1.384219448425,0.0816279967530021,0,"756","2","267",0.253523128295331,0.108894140558741,0.335151125048333,1.71937057347333,NA
"757","NSW1211575",1.384219448425,-0.205925724765204,0,"757","2","268",-0.288882907227225,0.00968849872857856,-0.494808631992429,0.889410816432566,NA
"758","NSW1200430",1.384219448425,-0.180786686207667,0,"758","2","269",-0.322098948217064,0.0561327035349805,-0.502885634424731,0.881333814000265,NA
"759","NSW1200378",1.384219448425,0.219962086040799,0,"759","2","270",-0.149573882240255,0.0348894059798193,0.0703882038005439,1.45460765222554,NA
"760","NSW1200840",1.384219448425,0.378171610293795,0,"760","2","271",-0.202690328320163,0.183007300581959,0.175481281973632,1.55970073039863,NA
"761","NSW1201366",1.384219448425,0.130696477330077,0,"761","2","272",0.0672666246640376,0.0500577307774128,0.197963101994115,1.58218255041911,NA
"762","NSW1211569",1.384219448425,0.230243380552031,0,"762","2","273",-0.868609068580795,0.169948973860098,-0.638365688028764,0.745853760396232,NA
"763","NSW1210940",1.384219448425,-0.15828621462881,0,"763","2","274",-0.220033454071899,0.0253628773830232,-0.378319668700709,1.00589977972429,NA
"764","NSW1200838",1.384219448425,-0.181723433083373,0,"764","2","275",-0.256527338283598,0.117214510792504,-0.438250771366972,0.945968677058024,NA
"765","NSW1200419",1.384219448425,-0.266306088032639,0,"765","2","276",-0.102863151527355,0.0714743503134724,-0.369169239559994,1.015050208865,NA
"766","NSW1200909",1.384219448425,0.259992998577943,0,"766","2","277",-0.232915439511361,0.0488574320296881,0.027077559066582,1.41129700749158,NA
"767","NSW1211572",1.384219448425,0.199367327894469,0,"767","2","278",0.113917621966754,0.188743147063854,0.313284949861222,1.69750439828622,NA
"768","NSW1201401",1.384219448425,0.146017208503003,0,"768","2","279",-0.0945582408340126,0.16698131131173,0.05145896766899,1.43567841609399,NA
"769","NSW1200893",1.384219448425,0.14056035618117,0,"769","2","280",-0.541317473266501,0.140083569261703,-0.400757117085331,0.983462331339665,NA
"770","NSW1200879",1.384219448425,-0.0296514232662306,0,"770","2","281",0.223158857933121,0.171361770285198,0.19350743466689,1.57772688309189,NA
"771","NSW1200596",1.384219448425,-0.211979990450113,0,"771","2","282",0.565191541621277,0.23894883616523,0.353211551171164,1.73743099959616,NA
"772","NSW1213023",1.384219448425,-0.18326929559259,0,"772","2","283",-0.0572755559736444,-0.0174650275720567,-0.240544851566234,1.14367459685876,NA
"773","NSW1211510",1.384219448425,-0.121400388157774,0,"773","2","284",0.173359242487538,0.105099021200523,0.0519588543297639,1.43617830275476,NA
"774","NSW1200342",1.384219448425,-0.0141303589266895,0,"774","2","285",-0.624575694751682,0.114037285013079,-0.638706053678372,0.745513394746624,NA
"775","NSW1200540",1.384219448425,0.0901129646087676,0,"775","2","286",-0.468309637136539,0.0338009903496618,-0.378196672527772,1.00602277589722,NA
"776","NSW1211585",1.384219448425,-0.158200748689987,0,"776","2","287",-0.0223668454654989,0.0527083195045294,-0.180567594155485,1.20365185426951,NA
"777","NSW1212958",1.384219448425,-0.158705380227814,0,"777","2","288",0.506859844473206,0.0016586826337699,0.348154464245392,1.73237391267039,NA
"778","NSW1201627",1.384219448425,0.298650406805708,0,"778","2","289",-0.049653878907824,0.0725330198667629,0.248996527897884,1.63321597632288,NA
"779","NSW1210988",1.384219448425,-0.0890479856035739,0,"779","2","290",0.313173789373028,0.202717350024281,0.224125803769454,1.60834525219445,NA
"780","NSW1200915",1.384219448425,0.267400011436671,0,"780","2","291",0.236026363842435,0.154610427060726,0.503426375279106,1.8876458237041,NA
"781","NSW1200398",1.384219448425,0.172469617191766,0,"781","2","292",-0.434905915910912,0.154820191240225,-0.262436298719146,1.12178314970585,NA
"782","NSW1212963",1.384219448425,-0.224265605330405,0,"782","2","293",-0.0652818505765053,0.0421709954837721,-0.289547455906911,1.09467199251808,NA
"783","NSW1200519",1.384219448425,0.274029075294072,0,"783","2","294",0.32704793609517,0.132943336111,0.601077011389242,1.98529645981424,NA
"784","NSW1211436",1.384219448425,0.255137496988824,0,"784","2","295",-0.410153310356423,0.068937513094196,-0.155015813367599,1.2292036350574,NA
"785","NSW1212984",1.384219448425,-0.125240232688966,0,"785","2","296",-0.318236470039761,0.104133893029648,-0.443476702728727,0.940742745696268,NA
"786","NSW1211431",1.384219448425,0.154849993079456,0,"786","2","297",0.727552213041154,0.148407907736185,0.88240220612061,2.26662165454561,NA
"787","NSW1211557",1.384219448425,0.0748374790299912,0,"787","2","298",0.455851366121268,0.0984614990241983,0.530688845151259,1.91490829357625,NA
"788","NSW1190166",1.384219448425,0.250487449063262,0,"788","2","299",-0.413252051869772,0.131626035042937,-0.16276460280651,1.22145484561849,NA
"789","NSW1200368",1.384219448425,0.235915267740243,0,"789","2","300",-0.353471367760114,0.109111950078507,-0.117556100019871,1.26666334840512,NA
"790","NSW1200809",1.384219448425,0.290664013733494,0,"790","2","301",-0.0286385697387672,0.0625313844917296,0.262025443994726,1.64624489241972,NA
"791","NSW1213024",1.384219448425,-0.219444728663365,0,"791","2","302",0.987987699925166,0.104878282886081,0.768542971261801,2.1527624196868,NA
"792","NSW1190169",1.384219448425,0.232832763261597,0,"792","2","303",0.191080176772165,0.170103799083247,0.423912940033762,1.80813238845876,NA
"793","NSW1200348",1.384219448425,0.235186695002971,0,"793","2","304",0.258736642635202,0.113732060818778,0.493923337638173,1.87814278606317,NA
"794","NSW1200383",1.384219448425,0.255832818644217,0,"794","2","305",-0.108074808953731,0.195014152447461,0.147758009690486,1.53197745811548,NA
"795","NSW1212986",1.384219448425,-0.191023226819363,0,"795","2","306",-0.280479811466897,0.137860922265582,-0.47150303828626,0.912716410138736,NA
"796","NSW1200602",1.384219448425,0.0401921172692259,0,"796","2","307",-0.0207643404893901,0.0107002407053246,0.0194277767798358,1.40364722520483,NA
"797","NSW1211535",1.384219448425,-0.0180876453140033,0,"797","2","308",0.0216562364771922,0.106610128861223,0.00356859116318885,1.38778803958818,NA
"798","NSW1212953",1.384219448425,-0.221546762355761,0,"798","2","309",0.295880680194581,0.16046804571559,0.0743339178388203,1.45855336626382,NA
"799","NSW1200794",1.384219448425,0.327691069604211,0,"799","2","310",-0.417557818131466,0.0953898852117762,-0.0898667485272557,1.29435269989774,NA
"800","NSW1201361",1.384219448425,0.226970922790736,0,"800","2","311",0.0816682706168504,0.164114916928535,0.308639193407586,1.69285864183258,NA
"801","NSW1211537",1.384219448425,-0.166685551266347,0,"801","2","312",-0.165016262807704,0.107747261975734,-0.331701814074052,1.05251763435094,NA
"802","NSW1200601",1.384219448425,-0.0395429523761038,0,"802","2","313",0.506541465771106,0.123583693487388,0.466998513395002,1.85121796182,NA
"803","NSW1200538",1.384219448425,0.290138345294553,0,"803","2","314",0.749117555193788,0.147672611765565,1.03925590048834,2.42347534891334,NA
"804","NSW1212996",1.384219448425,-0.189843298534427,0,"804","2","315",-0.114700769459684,0.0809718789568506,-0.304544067994111,1.07967538043088,NA
"805","NSW1211574",1.384219448425,0.135773782673675,0,"805","2","316",-0.0974282989865268,0.0462989114163594,0.038345483687148,1.42256493211214,NA
"806","NSW1200606",1.384219448425,0.00985007589007075,0,"806","2","317",0.0207685650450519,0.115928346657909,0.0306186409351227,1.41483808936012,NA
"807","NSW1200844",1.384219448425,0.122309688717494,0,"807","2","318",0.169531047264772,0.0517509736991194,0.291840735982266,1.67606018440726,NA
"808","NSW1211432",1.384219448425,0.230259543166306,0,"808","2","319",-0.497638198909243,0.113407178640486,-0.267378655742937,1.11684079268206,NA
"809","NSW1201386",1.384219448425,0.291219975356903,0,"809","2","320",0.478454849767299,0.108423717959315,0.769674825124201,2.1538942735492,NA
"810","NSW1212894",1.384219448425,-0.246627962587465,0,"810","2","321",0.234534646313911,0.095357696592848,-0.0120933162735537,1.37212613215144,NA
"811","NSW1211573",1.384219448425,0.0269953200400907,0,"811","2","322",-0.248602436706462,0.115731913428788,-0.221607116666371,1.16261233175862,NA
"812","NSW1211567",1.384219448425,0.192669329759437,0,"812","2","323",-0.0537399968326566,0.0952903631021696,0.13892933292678,1.52314878135178,NA
"813","NSW1201385",1.384219448425,0.293980606448687,0,"813","2","324",-0.257556120034461,0.288647224115271,0.0364244864142251,1.42064393483922,NA
"814","NSW1201357",1.384219448425,0.265365552891578,0,"814","2","325",0.378215370207021,0.104031020536608,0.643580923098598,2.02780037152359,NA
"815","NSW1211435",1.384219448425,0.181777112320691,0,"815","2","326",-0.30916501265741,0.0949759370995759,-0.127387900336719,1.25683154808828,NA
"816","NSW1200555",1.384219448425,0.0987519780212769,0,"816","2","327",-0.505978402043194,0.0825354499973433,-0.407226424021917,0.976993024403079,NA
"817","NSW1200399",1.384219448425,0.0971658274088789,0,"817","2","328",-0.265529301871954,0.0657423140585134,-0.168363474463075,1.21585597396192,NA
"818","NSW1200894",1.384219448425,0.255335094283809,0,"818","2","329",0.138713188118266,0.134065294337061,0.394048282402075,1.77826773082707,NA
"819","NSW1211457",1.384219448425,0.192418263918314,0,"819","2","330",-0.563902030179148,0.128338087553695,-0.371483766260834,1.01273568216416,NA
"820","NSW1200854",1.384219448425,0.0247025788161083,0,"820","2","331",-0.468681757037665,0.0678813409301197,-0.443979178221557,0.940240270203439,NA
"821","NSW1200888",1.384219448425,-0.00924800362115773,0,"821","2","332",0.300248213211136,0.0466830643569526,0.291000209589978,1.67521965801497,NA
"822","NSW1201626",1.384219448425,0.344310726238559,0,"822","2","333",0.400895279143253,0.148227793569928,0.745206005381811,2.12942545380681,NA
"823","NSW1200553",1.384219448425,0.331076618000475,0,"823","2","334",0.606733743816005,0.0873233152801455,0.93781036181648,2.32202981024148,NA
"824","NSW1213008",1.384219448425,-0.142897234023317,0,"824","2","335",-0.575454292715943,0.18983310786781,-0.71835152673926,0.665867921685736,NA
"825","NSW1200671",1.384219448425,-0.0752213502627192,0,"825","2","336",-0.123863414393271,0.099078645278351,-0.19908476465599,1.18513468376901,NA
"826","NSW1212955",1.384219448425,-0.114211232168037,0,"826","2","337",-0.139180409890542,0.131340488337381,-0.253391642058579,1.13082780636642,NA
"827","NSW1212999",1.384219448425,-0.190304317685468,0,"827","2","338",-0.163394199404675,0.024142710514757,-0.353698517090142,1.03052093133485,NA
"828","NSW1213018",1.384219448425,-0.213677083530096,0,"828","2","339",0.533315958753232,0.12430484456393,0.319638875223136,1.70385832364813,NA
"829","NSW1212861",1.384219448425,-0.205376877838713,0,"829","2","340",-0.417524030325009,0.156651806581433,-0.622900908163722,0.761318540261273,NA
"830","NSW1200526",1.384219448425,0.0368838662482994,0,"830","2","341",0.143805483597129,0.158547977072773,0.180689349845428,1.56490879827042,NA
"831","NSW1212978",1.384219448425,-0.175534605182138,0,"831","2","342",0.465864823506771,0.121496365551983,0.290330218324633,1.67454966674963,NA
"832","NSW1200548",1.384219448425,0.342321123007495,0,"832","2","343",0.379240063538048,0.0431257538772048,0.721561186545542,2.10578063497054,NA
"833","NSW1200843",1.384219448425,0.329046149607516,0,"833","2","344",0.450662945459303,0.17614608070896,0.779709095066819,2.16392854349181,NA
"834","NSW1200898",1.384219448425,0.0184728761943037,0,"834","2","345",0.394146605284762,0.0905024840180646,0.412619481479066,1.79683892990406,NA
"835","NSW1213031",1.384219448425,-0.202619264227108,0,"835","2","346",0.0705377697750632,0.180990521937464,-0.132081494452044,1.25213795397295,NA
"836","NSW1211425",1.384219448425,0.207962937314708,0,"836","2","347",-0.00689470188211938,0.0812555021590167,0.201068235432588,1.58528768385758,NA
"837","NSW1210966",1.384219448425,-0.0493235764379744,0,"837","2","348",-0.190450461385217,0.0578135357789641,-0.239774037823192,1.1444454106018,NA
"838","NSW1200899",1.384219448425,0.188637933461764,0,"838","2","349",-0.35836912077743,0.0803116919492372,-0.169731187315665,1.21448826110933,NA
"839","NSW1212973",1.384219448425,-0.208298268527448,0,"839","2","350",0.272697562334273,0.172464298536449,0.0643992938068249,1.44861874223182,NA
"840","NSW1211540",1.384219448425,0.0134162029563904,0,"840","2","351",-0.268213431639972,0.127808235055472,-0.254797228683582,1.12942221974141,NA
"841","NSW1201406",1.384219448425,0.397942393401926,0,"841","2","352",-0.578652585521018,0.218645910470887,-0.180710192119092,1.2035092563059,NA
"842","NSW1200889",1.384219448425,0.228520872657455,0,"842","2","353",0.0300926175065433,0.0625162856839311,0.258613490163998,1.64283293858899,NA
"843","NSW1200904",1.384219448425,0.2967124591239,0,"843","2","354",-0.512064452017755,0.0705444783812917,-0.215351992893855,1.16886745553114,NA
"844","NSW1213014",1.384219448425,-0.225534446892664,0,"844","2","355",-0.451300066000776,0.118274161908084,-0.67683451289344,0.707384935531555,NA
"845","NSW1211588",1.384219448425,0.0636975470348762,0,"845","2","356",0.147432209487943,0.0329260400569729,0.211129756522819,1.59534920494781,NA
"846","NSW1213035",1.384219448425,-0.142761561214568,0,"846","2","357",0.290459448162291,0.127635903335863,0.147697886947723,1.53191733537272,NA
"847","NSW1200510",1.384219448425,-0.0350379725983974,0,"847","2","358",-0.143080904236661,0.162318651536035,-0.178118876835058,1.20610057158994,NA
"848","NSW1211532",1.384219448425,-0.0801960472888966,0,"848","2","359",1.1836167518451,0.149118379386177,1.1034207045562,2.4876401529812,NA
"849","NSW1200924",1.384219448425,0.274209218131852,0,"849","2","360",0.248699274547089,0.109285968922318,0.522908492678941,1.90712794110394,NA
"850","NSW1200782",1.384219448425,0.00437951029656893,0,"850","2","361",0.659296421732791,0.132234063027795,0.66367593202936,2.04789538045436,NA
"851","NSW1212998",1.384219448425,-0.172274279318961,0,"851","2","362",0.101784098428492,0.149695631854201,-0.070490180890469,1.31372926753453,NA
"852","NSW1211587",1.384219448425,-0.0717824207313763,0,"852","2","363",0.313187242809471,0.131934465763376,0.241404822078095,1.62562427050309,NA
"853","NSW1200359",1.384219448425,-0.132728629909394,0,"853","2","364",0.10104781653238,0.114513725384259,-0.0316808133770144,1.35253863504798,NA
"854","NSW1212989",1.384219448425,-0.132658450021222,0,"854","2","365",-0.622777459500476,0.16522340678578,-0.755435909521698,0.628783538903298,NA
"855","NSW1201429",1.384219448425,0.199530702852695,0,"855","2","366",-0.549536878865497,0.118626925489714,-0.350006176012802,1.03421327241219,NA
"856","NSW1200918",1.384219448425,-0.000909965525460923,0,"856","2","367",0.0220188051115155,0.0274790454660327,0.0211088395860545,1.40532828801105,NA
"857","NSW1190209",1.384219448425,0.21306895921434,0,"857","2","368",-0.00819137756356882,0.109257368427644,0.204877581650771,1.58909703007577,NA
"858","NSW1200404",1.384219448425,0.055837334221105,0,"858","2","369",0.108424921066888,-0.0178669125701103,0.164262255287993,1.54848170371299,NA
"859","NSW1211509",1.384219448425,-0.210687908540474,0,"859","2","370",-0.310394784901921,0.038721499564953,-0.521082693442395,0.8631367549826,NA
"860","NSW1200421",1.384219448425,-0.032312802196663,0,"860","2","371",-0.071824688115486,0.114216772344284,-0.104137490312149,1.28008195811285,NA
"861","NSW1200908",1.384219448425,0.102709358636717,0,"861","2","372",0.253460607065239,0.0564037521946396,0.356169965701956,1.74038941412695,NA
"862","NSW1213028",1.384219448425,-0.21072392450779,0,"862","2","373",-0.213078653266819,0.0401565874746904,-0.42380257777461,0.960416870650386,NA
"863","NSW1201632",1.384219448425,0.373531714036763,0,"863","2","374",0.652259161501387,0.216404271254199,1.02579087553815,2.41001032396314,NA
"864","NSW1200461",1.384219448425,0.0644025929428327,0,"864","2","375",0.108669962257089,0.119081078758261,0.173072555199921,1.55729200362492,NA
"865","NSW1200590",1.384219448425,-0.209906234851784,0,"865","2","376",1.28216106702204,0.0175609890519508,1.07225483217026,2.45647428059526,NA
"866","NSW1212975",1.384219448425,-0.109363159447943,0,"866","2","377",0.384430499448371,0.196093856381454,0.275067340000429,1.65928678842542,NA
"867","NSW1201621",1.384219448425,0.386898640372964,0,"867","2","378",-0.222687325892768,0.189229128117986,0.164211314480196,1.54843076290519,NA
"868","NSW1210994",1.384219448425,-0.210097001892777,0,"868","2","379",-0.797880364764387,0.146099128419709,-1.00797736665716,0.376242081767832,NA
"869","NSW1190186",1.384219448425,-0.0495601814983181,0,"869","2","380",0.000764342312583766,0.202622843722966,-0.0487958391857343,1.33542360923926,NA
"870","NSW1213009",1.384219448425,-0.11148529671808,0,"870","2","381",0.358192150984994,0.134120874236131,0.246706854266915,1.63092630269191,NA
"871","NSW1213004",1.384219448425,-0.15758925778638,0,"871","2","382",-0.152023483978104,0.0880428864788208,-0.309612741764484,1.07460670666051,NA
"872","NSW1200595",1.384219448425,-0.10742933943701,0,"872","2","383",0.787997699123763,0.045351633618217,0.680568359686753,2.06478780811175,NA
"873","NSW1211590",1.384219448425,-0.111654661346829,0,"873","2","384",-0.549730002725329,0.0431004190197459,-0.661384664072158,0.722834784352837,NA
"874","NSW1213026",1.384219448425,-0.176316348036697,0,"874","2","385",-0.468770904273043,0.181253540170917,-0.64508725230974,0.739132196115255,NA
"875","NSW1200798",1.384219448425,-0.0777620597239659,0,"875","2","386",-0.108175486271617,0.180109310664215,-0.185937545995583,1.19828190242941,NA
"876","NSW1190171",1.384219448425,0.232353995977629,0,"876","2","387",0.102345854642617,0.108855682373883,0.334699850620246,1.71891929904524,NA
"877","NSW1211447",1.384219448425,0.28218052443807,0,"877","2","388",0.126859501651182,0.0896833038294997,0.409040026089252,1.79325947451425,NA
"878","NSW1200652",1.384219448425,-0.107922341415927,0,"878","2","389",-0.162882346186446,0.118841630091779,-0.270804687602373,1.11341476082262,NA
"879","NSW1211571",1.384219448425,0.165497275759693,0,"879","2","390",0.0641526113708278,0.167275839259556,0.22964988713052,1.61386933555552,NA
"880","NSW1200612",1.384219448425,-0.106504704471948,0,"880","2","391",0.116233102220189,0.0908731859917512,0.00972839774824115,1.39394784617324,NA
"881","NSW1213019",1.384219448425,-0.181468754558055,0,"881","2","392",0.303923216407113,0.152671354169751,0.122454461849058,1.50667391027405,NA
"882","NSW1190193",1.384219448425,0.17740443441936,0,"882","2","393",0.885568722567116,0.141510769801532,1.06297315698648,2.44719260541147,NA
"883","NSW1200621",1.384219448425,-0.0899016254507685,0,"883","2","394",-0.209459258981716,0.0660523156521855,-0.299360884432485,1.08485856399251,NA
"884","NSW1211452",1.384219448425,-0.169010570135875,0,"884","2","395",0.318656421508836,0.0562098065160708,0.149645851372961,1.53386529979796,NA
"885","NSW1210997",1.384219448425,-0.106188097319405,0,"885","2","396",0.0427406316510543,0.165907495965096,-0.063447465668351,1.32077198275664,NA
"886","NSW1201424",1.384219448425,0.137977906136861,0,"886","2","397",-0.573638214452176,0.156348627567882,-0.435660308315315,0.94855914010968,NA
"887","NSW1213002",1.384219448425,-0.20935379709408,0,"887","2","398",-0.116554379894651,0.139967255546441,-0.325908176988731,1.05831127143626,NA
"888","NSW1201367",1.384219448425,0.198057010305462,0,"888","2","399",-0.288805520105128,0.140013347305196,-0.0907485097996666,1.29347093862533,NA
"889","NSW1200903",1.384219448425,-0.0445730851349101,0,"889","2","400",-0.18589395077565,0.0581384831352714,-0.23046703591056,1.15375241251444,NA
"890","NSW1212974",1.384219448425,-0.23832030666854,0,"890","2","401",-0.436866596220781,0.0666586842810687,-0.675186902889321,0.709032545535675,NA
"891","NSW1211531",1.384219448425,-0.0787463268823816,0,"891","2","402",0.60869485853753,0.1751496494349,0.529948531655148,1.91416798008014,NA
"892","NSW1190170",1.384219448425,0.240265445391037,0,"892","2","403",0.493495362192525,0.121386171868832,0.733760807583562,2.11798025600856,NA
"893","NSW1211579",1.384219448425,0.0625762988817032,0,"893","2","404",-0.508406029127837,0.093396699256588,-0.445829730246134,0.938389718178861,NA
"894","NSW1200913",1.384219448425,0.037539526260067,0,"894","2","405",-0.62487254816177,0.151472389585615,-0.587333021901703,0.796886426523292,NA
"895","NSW1212899",1.384219448425,-0.240061671226536,0,"895","2","406",0.228729246458744,0.121551945288798,-0.0113324247677922,1.3728870236572,NA
"896","NSW1212954",1.384219448425,-0.0673760260921633,0,"896","2","407",-0.0610957709900325,0.0642121725427223,-0.128471797082196,1.2557476513428,NA
"897","NSW1200874",1.384219448425,0.25173454812872,0,"897","2","408",-0.111421464691968,0.118472113755762,0.140313083436752,1.52453253186175,NA
"898","NSW1200367",1.384219448425,0.248701985137636,0,"898","2","409",0.199892790353411,0.0618221880954805,0.448594775491047,1.83281422391604,NA
"899","NSW1211563",1.384219448425,0.221982299030951,0,"899","2","410",-0.385046195285534,0.0321364253815083,-0.163063896254583,1.22115555217041,NA
"900","NSW1200667",1.384219448425,-0.17365470962127,0,"900","2","411",0.128357654949407,0.0871475286540384,-0.0452970546718635,1.33892239375313,NA
"901","NSW1200832",1.384219448425,0.107374610776403,0,"901","2","412",0.0548920768874418,0.00353240791996273,0.162266687663845,1.54648613608884,NA
"902","NSW1211580",1.384219448425,-0.166747026819157,0,"902","2","413",0.0279259186080398,0.244595726378053,-0.138821108211117,1.24539834021388,NA
"903","NSW1201435",1.384219448425,0.286582909157816,0,"903","2","414",-0.0706024051188063,0.161905822067702,0.21598050403901,1.60019995246401,NA
"904","NSW1200600",1.384219448425,-0.13209597509593,0,"904","2","415",0.119041039461032,0.1537413976325,-0.0130549356348986,1.3711645127901,NA
"905","NSW1212994",1.384219448425,-0.195331806232589,0,"905","2","416",0.10748482186535,0.151885707516581,-0.0878469843672391,1.29637246405776,NA
"906","NSW1211591",1.384219448425,0.174032189833355,0,"906","2","417",0.130898396639054,0.238681155028258,0.304930586472409,1.6891500348974,NA
