"","Taxa","BLUE.N","BLUE.I","QTNs","Group","RefInf","ID","BLUP","PEV","gBreedingValue","Prediction","COI"
"1","S_1007_S311",1.26505269556465,0.12303347943263,0,"  1","1","  1",1.09166789985692,0.313234488919485,1.21470137928955,2.4797540748542,1.8612097182042
"2","S_102_S245",1.26505269556465,0.0826064679327752,0,"  2","1","  2",0.319305429022486,0.314374653715513,0.401911896955261,1.66696459251991,1.65487545982344
"3","S_1031_S380",1.26505269556465,0.0970858149381269,0,"  3","1","  3",-0.00939088696374335,0.267360875221333,0.0876949279743836,1.35274762353904,1
"4","S_1045_S231",1.26505269556465,0.133951262665077,0,"  4","1","  4",-0.83893858907392,0.274278323860203,-0.704987326408843,0.560065369155808,0
"5","S_1052_S227",1.26505269556465,0.131078132320835,0,"  5","1","  5",0.0847459333149145,0.292619166845429,0.215824065635749,1.4808767612004,2.11474252688113
"6","S_1054_S345",1.26505269556465,0.1220866844794,0,"  6","1","  6",0.195462425011206,0.297730048791267,0.317549109490606,1.58260180505526,0.840896415253715
"7","S_1057_S302",1.26505269556465,0.219791308901965,0,"  7","1","  7",-0.241789039034583,0.334637813032055,-0.0219977301326182,1.24305496543203,0.840896415253715
"8","S_106_S223",1.26505269556465,0.123678686856279,0,"  8","1","  8",0.0180297436822205,0.302093431423777,0.141708430538499,1.40676112610315,1.8612097182042
"9","S_1082_S287",1.26505269556465,0.105918314171531,0,"  9","1","  9",0.193156082350887,0.288437725754927,0.299074396522418,1.56412709208707,1.56508458007329
"10","S_108_S258",1.26505269556465,0.0593127707073546,0," 10","1"," 10",0.397825789814367,0.289693639835613,0.457138560521721,1.72219125608637,1.56508458007329
"11","S_109_S351",1.26505269556465,0.0430288358362648,0," 11","1"," 11",-0.276713221840646,0.272306912971237,-0.233684386004381,1.03136830956027,1.49534878122122
"12","S_1124_S271",1.26505269556465,0.151234126543974,0," 12","1"," 12",-0.742957088148482,0.310827356277088,-0.591722961604509,0.673329733960143,1.18920711500272
"13","S_1127_S332",1.26505269556465,0.117969264780077,0," 13","1"," 13",-0.821014321125594,0.27654968134856,-0.703045056345518,0.562007639219134,0
"14","S_1130_S319",1.26505269556465,0.147456590963494,0," 14","1"," 14",1.04197911313575,0.332480334153997,1.18943570409924,2.45448839966389,2.65914794847249
"15","S_1132_S315",1.26505269556465,0.114131755719027,0," 15","1"," 15",0.483550994179507,0.286029728093312,0.597682749898534,1.86273544546319,1.65487545982344
"16","S_1159_S297",1.26505269556465,0.185061890814081,0," 16","1"," 16",-0.12465088513393,0.359243984991175,0.0604110056801512,1.3254637012448,1.56508458007329
"17","S_1161_S254",1.26505269556465,0.198881734539977,0," 17","1"," 17",0.410746642784083,0.347397377624729,0.60962837732406,1.87468107288871,1.31607401295249
"18","S_1162_S384",1.26505269556465,0.122240488376529,0," 18","1"," 18",0.387093679635829,0.348259895808079,0.509334168012358,1.77438686357701,2.51486685936587
"19","S_1223_S229",1.26505269556465,0.0729328476942379,0," 19","1"," 19",-0.512236876942309,0.265301766980194,-0.439304029248071,0.825748666316581,1.4142135623731
"20","S_1237_S377",1.26505269556465,0.138279457079093,0," 20","1"," 20",-0.517853165634356,0.286619265682892,-0.379573708555263,0.885478987009389,0
"21","S_129_S310",1.26505269556465,-0.000604652845226636,0," 21","1"," 21",-0.163528562422719,0.286374999285608,-0.164133215267946,1.10091948029671,0
"22","S_1305_S246",1.26505269556465,0.126349332769018,0," 22","1"," 22",0.202742103251991,0.279668073131358,0.329091436021009,1.59414413158566,1.77827941003892
"23","S_130_S333",1.26505269556465,0.127201049131873,0," 23","1"," 23",-0.950947756293086,0.327227860775243,-0.823746707161213,0.441305988403439,0
"24","S_1315_S322",1.26505269556465,0.163423219024062,0," 24","1"," 24",0.372340628794626,0.330836233316393,0.535763847818688,1.80081654338334,1.49534878122122
"25","S_1317_S208",1.26505269556465,0.074352124238176,0," 25","1"," 25",0.120526525015965,0.269603197606917,0.194878649254141,1.45993134481879,1.49534878122122
"26","S_1324_S206",1.26505269556465,0.0564487446394509,0," 26","1"," 26",0.20526107546848,0.314662131117001,0.261709820107931,1.52676251567258,2.11474252688113
"27","S_1328_S372",1.26505269556465,0.175640289919771,0," 27","1"," 27",0.690116636389929,0.326465145975611,0.8657569263097,2.13080962187435,2.34034731932072
"28","S_1343_S366",1.26505269556465,0.123786403714756,0," 28","1"," 28",0.02778268809836,0.281023930543295,0.151569091813116,1.41662178737777,1
"29","S_137_S285",1.26505269556465,0.0597708222940852,0," 29","1"," 29",-0.4968208489939,0.298277860324259,-0.437050026699815,0.828002668864837,1
"30","S_1383_S323",1.26505269556465,-0.0811475138471473,0," 30","1"," 30",0.218407648866097,0.529422774738479,0.13726013501895,1.4023128305836,1.10668191970032
"31","S_1404_S202",1.26505269556465,0.0313849280480867,0," 31","1"," 31",-0.857095278373018,0.305518607227803,-0.825710350324931,0.439342345239721,0
"32","S_1407_S312",1.26505269556465,0.135479905746155,0," 32","1"," 32",-0.233854231416009,0.296198741361703,-0.098374325669854,1.1666783698948,1.31607401295249
"33","S_140_S320",1.26505269556465,0.0669430870878735,0," 33","1"," 33",0.230562244372815,0.279518909087673,0.297505331460688,1.56255802702534,2.51486685936587
"34","S_1423_S318",1.26505269556465,0.180243255796024,0," 34","1"," 34",0.0261272276765808,0.327031064260811,0.206370483472605,1.47142317903726,2.51486685936587
"35","S_1430_S329",1.26505269556465,0.0948067149710163,0," 35","1"," 35",-0.962500274687915,0.289574263902715,-0.867693559716898,0.397359135847754,1.4142135623731
"36","S_1431_S278",1.26505269556465,0.0930237428999638,0," 36","1"," 36",-0.351936614644466,0.283384956437163,-0.258912871744502,1.00613982382015,0
"37","S_1437_S292",1.26505269556465,0.116041653830864,0," 37","1"," 37",-1.09264562747855,0.301812040877638,-0.976603973647688,0.288448721916964,1.18920711500272
"38","S_1441_S235",1.26505269556465,0.115346109764034,0," 38","1"," 38",0.587052794613135,0.293128091351836,0.702398904377169,1.96745159994182,1.96798967126543
"39","S_1442_S328",1.26505269556465,0.106594847849705,0," 39","1"," 39",-0.674471577402886,0.31762849858801,-0.56787672955318,0.697175966011471,0
"40","S_1452_S275",1.26505269556465,0.0926920492762814,0," 40","1"," 40",-0.126735392051189,0.324587570107831,-0.0340433427749073,1.23100935278974,1.49534878122122
"41","S_1472_S295",1.26505269556465,0.129050460524682,0," 41","1"," 41",-0.495607310921922,0.292901005188821,-0.366556850397239,0.898495845167412,0
"42","S_1488_S316",1.26505269556465,0.0810725806003033,0," 42","1"," 42",0.260528732238113,0.305809327721238,0.341601312838417,1.60665400840307,1.62657656169779
"43","S_148_S249",1.26505269556465,0.071502490191609,0," 43","1"," 43",-0.255974699812441,0.304977987325551,-0.184472209620832,1.08058048594382,1
"44","S_1496_S272",1.26505269556465,0.131610990377788,0," 44","1"," 44",0.895465327175719,0.313008336317194,1.02707631755351,2.29212901311816,2.65914794847249
"45","S_150_S251",1.26505269556465,0.0794445554320907,0," 45","1"," 45",-0.296171820577978,0.344963262139806,-0.216727265145887,1.04832543041876,1.31607401295249
"46","S_1513_S327",1.26505269556465,0.186984713958212,0," 46","1"," 46",-0.389593658051853,0.32040961627503,-0.202608944093641,1.06244375147101,0
"47","S_1518_S240",1.26505269556465,0.0824094155154193,0," 47","1"," 47",-0.522136050266266,0.287109746791053,-0.439726634750847,0.825326060813805,1
"48","S_1549_S342",1.26505269556465,0.188117990175333,0," 48","1"," 48",-0.267420676073042,0.347894727595156,-0.0793026858977093,1.18575000966694,0
"49","S_1573_S236",1.26505269556465,0.0992066466756052,0," 49","1"," 49",-0.125288314563562,0.326427049384416,-0.026081667887957,1.23897102767669,1
"50","S_1584_S296",1.26505269556465,0.0578495499312245,0," 50","1"," 50",-0.0486561659255427,0.33721248218777,0.00919338400568177,1.27424607957033,2.21336383940064
"51","S_1599_S343",1.26505269556465,0.0983218540794703,0," 51","1"," 51",1.18438009424247,0.270890297366145,1.28270194832194,2.54775464388659,2.65914794847249
"52","S_1619_S303",1.26505269556465,0.0816960708668252,0," 52","1"," 52",-0.25878700980895,0.31251558201724,-0.177090938942124,1.08796175662253,1.77827941003892
"53","S_1621_S339",1.26505269556465,0.0506642279066509,0," 53","1"," 53",1.29924049290897,0.296227100165282,1.34990472081562,2.61495741638028,2.54572989502183
"54","S_1623_S378",1.26505269556465,0.0848609074227875,0," 54","1"," 54",0.0141951637866428,0.268860459971451,0.0990560712094303,1.36410876677408,1.65487545982344
"55","S_1629_S373",1.26505269556465,-0.0444710358093973,0," 55","1"," 55",1.00458963994502,0.277504029749345,0.960118604135627,2.22517129970028,1.77827941003892
"56","S_1631_S361",1.26505269556465,0.0173808319069314,0," 56","1"," 56",0.310436852495108,0.301110018014065,0.32781768440204,1.59287037996669,2.65914794847249
"57","S_1637_S325",1.26505269556465,0.0981011551482761,0," 57","1"," 57",0.702928397223013,0.295018356416845,0.801029552371289,2.06608224793594,2.44948974278318
"58","S_1639_S204",1.26505269556465,0.0576551793593838,0," 58","1"," 58",-0.179408710306316,0.284830176581567,-0.121753530946932,1.14329916461772,1.31607401295249
"59","S_1643_S375",1.26505269556465,0.123973845955814,0," 59","1"," 59",0.149855117360128,0.310394577846716,0.273828963315942,1.53888165888059,1
"60","S_1649_S331",1.26505269556465,0.02961531896323,0," 60","1"," 60",-0.645957718156527,0.381768900903014,-0.616342399193297,0.648710296371355,1.49534878122122
"61","S_1653_S294",1.26505269556465,0.110201546886898,0," 61","1"," 61",0.122890384369799,0.291821862680084,0.233091931256698,1.49814462682135,1
"62","S_165_S284",1.26505269556465,0.112224223105815,0," 62","1"," 62",0.0421534690753952,0.298036086653929,0.15437769218121,1.41943038774586,1.49534878122122
"63","S_1677_S221",1.26505269556465,0.123592183354538,0," 63","1"," 63",-0.490082063097827,0.292304836544027,-0.366489879743289,0.898562815821363,0
"64","S_1683_S338",1.26505269556465,0.149291322887283,0," 64","1"," 64",0.277032541002558,0.304770841084399,0.426323863889841,1.69137655945449,1.18920711500272
"65","S_1689_S192",1.26505269556465,0.10627547248795,0," 65","1"," 65",0.198993054127027,0.288200993675098,0.305268526614977,1.57032122217963,0
"66","S_1699_S367",1.26505269556465,0.106132178292434,0," 66","1"," 66",0.0166412795937964,0.263114705809487,0.12277345788623,1.38782615345088,1.18920711500272
"67","S_171_S219",1.26505269556465,0.128870075479032,0," 67","1"," 67",0.671824242778978,0.314842813876072,0.80069431825801,2.06574701382266,2.59002006411135
"68","S_1723_S369",1.26505269556465,-0.0289990405801206,0," 68","1"," 68",0.455734451921863,0.306110041974091,0.426735411341743,1.69178810690639,1.4142135623731
"69","S_1728_S376",1.26505269556465,0.0822772042904489,0," 69","1"," 69",0.546486775365498,0.301590563407573,0.628763979655947,1.8938166752206,2.78315768371374
"70","S_1736_S359",1.26505269556465,0.00305515294292222,0," 70","1"," 70",0.527103575134567,0.334265905986931,0.530158728077489,1.79521142364214,1.96798967126543
"71","S_1742_S357",1.26505269556465,0.0578910022951227,0," 71","1"," 71",0.0978586095437028,0.267397730033648,0.155749611838825,1.42080230740348,1.8612097182042
"72","S_1749_S247",1.26505269556465,0.114586908664508,0," 72","1"," 72",-0.591704281692647,0.291706966779101,-0.47711737302814,0.787935322536512,1
"73","S_1779_S226",1.26505269556465,0.0180214090068194,0," 73","1"," 73",1.03313963622623,0.275825583918776,1.05116104523305,2.3162137407977,2.65914794847249
"74","S_1810_S213",1.26505269556465,0.135787166932832,0," 74","1"," 74",0.569376806499971,0.314399089155411,0.705163973432803,1.97021666899745,1.8612097182042
"75","S_1813_S253",1.26505269556465,0.0674593343269942,0," 75","1"," 75",0.175668389116423,0.323432078992182,0.243127723443417,1.50818041900807,1.56508458007329
"76","S_1817_S210",1.26505269556465,0.0657160422273987,0," 76","1"," 76",-0.0879645976717367,0.310203247824153,-0.022248555444338,1.24280414012031,2.34034731932072
"77","S_1818_S238",1.26505269556465,0.0316024330785446,0," 77","1"," 77",0.119059745947941,0.311526938319739,0.150662179026485,1.41571487459114,0
"78","S_1825_S198",1.26505269556465,0.0634954495785497,0," 78","1"," 78",0.299255425118077,0.350343728339576,0.362750874696626,1.62780357026128,1.49534878122122
"79","S_1837_S256",1.26505269556465,0.0846324104119585,0," 79","1"," 79",0.452186085200059,0.274630721501537,0.536818495612017,1.80187119117667,2.78315768371374
"80","S_1839_S299",1.26505269556465,0.0970426375563068,0," 80","1"," 80",0.522947725685645,0.301293486042088,0.619990363241952,1.8850430588066,2.21336383940064
"81","S_183_S263",1.26505269556465,0.0803699009931151,0," 81","1"," 81",0.69435278246791,0.318794573479444,0.774722683461025,2.03977537902568,2.65914794847249
"82","S_1841_S250",1.26505269556465,0.139001338058083,0," 82","1"," 82",-0.740144654743998,0.309223949299189,-0.601143316685916,0.663909378878736,0
"83","S_1865_S374",1.26505269556465,0.0639165094166529,0," 83","1"," 83",0.991598981899639,0.319853686585008,1.05551549131629,2.32056818688094,2.21336383940064
"84","S_1874_S244",1.26505269556465,0.0801416332038515,0," 84","1"," 84",0.877400927121694,0.313287788504694,0.957542560325546,2.2225952558902,2.34034731932072
"85","S_1877_S262",1.26505269556465,0.143200998879903,0," 85","1"," 85",-0.0779230892794051,0.315000085841495,0.0652779096004981,1.33033060516515,2.78315768371374
"86","S_1899_S193",1.26505269556465,0.0906970220877899,0," 86","1"," 86",0.538918133564932,0.310654451343297,0.629615155652721,1.89466785121737,1.62657656169779
"87","S_1900_S242",1.26505269556465,0.0622884495015911,0," 87","1"," 87",0.541528805841952,0.289148269005548,0.603817255343543,1.86886995090819,1.56508458007329
"88","S_1936_S218",1.26505269556465,0.0581298186137597,0," 88","1"," 88",0.00816167332433007,0.278024873654179,0.0662914919380898,1.33134418750274,1.18920711500272
"89","S_1952_S293",1.26505269556465,0.0814839648241028,0," 89","1"," 89",-0.00391384914943804,0.291792796387654,0.0775701156746647,1.34262281123932,1.18920711500272
"90","S_1969_S291",1.26505269556465,0.0585529740775036,0," 90","1"," 90",0.127327276418166,0.277582304706453,0.18588025049567,1.45093294606032,1.31607401295249
"91","S_1973_S267",1.26505269556465,0.0620898902503863,0," 91","1"," 91",1.25670704811262,0.283859759301259,1.31879693836301,2.58384963392766,2.89250760851908
"92","S_197_S207",1.26505269556465,0.102648741561711,0," 92","1"," 92",-0.413140941760559,0.296283906685576,-0.310492200198848,0.954560495365804,1.4142135623731
"93","S_198_S304",1.26505269556465,0.0604051968918057,0," 93","1"," 93",-1.12860877585546,0.303137924384755,-1.06820357896366,0.196849116600996,0
"94","S_2010_S200",1.26505269556465,0.0711723818351383,0," 94","1"," 94",-1.01211625518661,0.338883796103571,-0.940943873351469,0.324108822213182,0
"95","S_2014_S264",1.26505269556465,0.0689674590300238,0," 95","1"," 95",-0.0382192697158582,0.327686556538705,0.0307481893141656,1.29580088487882,1.25743342968294
"96","S_2015_S266",1.26505269556465,0.0119630723155572,0," 96","1"," 96",-0.856524311125717,0.286075929924777,-0.84456123881016,0.420491456754492,0
"97","S_2037_S371",1.26505269556465,0.0954871038942848,0," 97","1"," 97",0.369042078186133,0.304070243454142,0.464529182080418,1.72958187764507,0
"98","S_2073_S215",1.26505269556465,0.11141185661854,0," 98","1"," 98",-0.221838579587145,0.296102951643065,-0.110426722968605,1.15462597259605,1.49534878122122
"99","S_2099_S335",1.26505269556465,0.104492665673156,0," 99","1"," 99",-0.0278151350304034,0.303945003357715,0.0766775306427522,1.3417302262074,0.840896415253715
"100","S_209_S379",1.26505269556465,0.0914182353429454,0,"100","1","100",-0.964498955295867,0.301286001783456,-0.873080719952921,0.39197197561173,0
"101","S_2103_S301",1.26505269556465,0.0849306971152803,0,"101","1","101",0.0242641254514164,0.272437523090003,0.109194822566697,1.37424751813135,2.34034731932072
"102","S_2104_S224",1.26505269556465,0.0961015420267523,0,"102","1","102",-0.140978818367444,0.300101894988526,-0.0448772763406922,1.22017541922396,1.31607401295249
"103","S_2105_S269",1.26505269556465,0.105636625244111,0,"103","1","103",-0.477924472592487,0.278899848562869,-0.372287847348376,0.892764848216276,0
"104","S_2107_S349",1.26505269556465,0.0792727177119357,0,"104","1","104",0.140860215631531,0.272156910834076,0.220132933343467,1.48518562890812,1.18920711500272
"105","S_2115_S280",1.26505269556465,-0.0732025483318686,0,"105","1","105",0.19816563675618,0.45291154090507,0.124963088424311,1.39001578398896,2.34034731932072
"106","S_2116_S350",1.26505269556465,0.0392503104277943,0,"106","1","106",-0.419955190519839,0.326497231530493,-0.380704880092045,0.884347815472607,1.31607401295249
"107","S_2135_S234",1.26505269556465,0.0775045489175577,0,"107","1","107",0.202969124640757,0.295322516962669,0.280473673558314,1.54552636912297,1.31607401295249
"108","S_2140_S363",1.26505269556465,0.0170835249851521,0,"108","1","108",-0.704422017658507,0.285625426801123,-0.687338492673355,0.577714202891297,0
"109","S_2145_S212",1.26505269556465,0.100848464473364,0,"109","1","109",-1.11262974409842,0.31388102091894,-1.01178127962506,0.253271415939593,0
"110","S_2155_S383",1.26505269556465,0.0846846718710477,0,"110","1","110",-0.38501009016341,0.290136820425396,-0.300325418292363,0.964727277272289,1.4142135623731
"111","S_2187_S360",1.26505269556465,0.0277638236739518,0,"111","1","111",-0.407946773978686,0.334561188886475,-0.380182950304734,0.884869745259918,1.96798967126543
"112","S_2192_S307",1.26505269556465,0.0945825371034318,0,"112","1","112",-0.742562712891216,0.341605913052222,-0.647980175787785,0.617072519776867,1.31607401295249
"113","S_2193_S216",1.26505269556465,0.0917977238161442,0,"113","1","113",0.0129031210384451,0.285413607967103,0.104700844854589,1.36975354041924,1.65487545982344
"114","S_2201_S214",1.26505269556465,0.0577431835613643,0,"114","1","114",-0.856928409199459,0.310056947826118,-0.799185225638094,0.465867469926557,0
"115","S_2203_S277",1.26505269556465,0.142228775883043,0,"115","1","115",-0.870694708108043,0.334181831520575,-0.728465932225,0.536586763339652,0
"116","S_2212_S230",1.26505269556465,-0.0028874770548381,0,"116","1","116",-0.701942299649154,0.332927012781958,-0.704829776703992,0.56022291886066,0
"117","S_2214_S290",1.26505269556465,-0.029683667218147,0,"117","1","117",-0.710169607601076,0.315065035977731,-0.739853274819223,0.525199420745428,1.4142135623731
"118","S_2226_S298",1.26505269556465,0.0533982287007622,0,"118","1","118",0.382682154920115,0.342585979648626,0.436080383620877,1.70113307918553,2.21336383940064
"119","S_2228_S346",1.26505269556465,0.138019172458395,0,"119","1","119",-0.779326346789928,0.323005843217971,-0.641307174331533,0.623745521233119,0
"120","S_2232_S273",1.26505269556465,0.0478266972857538,0,"120","1","120",0.398520444500384,0.318903306651495,0.446347141786138,1.71139983735079,1.31607401295249
"121","S_2271_S195",1.26505269556465,0.147928075192988,0,"121","1","121",0.234766935383161,0.324374903780679,0.382695010576149,1.6477477061408,1.49534878122122
"122","S_2299_S281",1.26505269556465,0.158573217778724,0,"122","1","122",-0.113462785243844,0.320332394725651,0.0451104325348802,1.31016312809953,2.65914794847249
"123","S_2302_S259",1.26505269556465,0.160626813875917,0,"123","1","123",-0.359530122146331,0.314494765508728,-0.198903308270414,1.06614938729424,2.23606797749979
"124","S_2307_S288",1.26505269556465,0.156626460279979,0,"124","1","124",0.00354243213901229,0.297469830629641,0.160168892418991,1.42522158798364,2.69178163547765
"125","S_2319_S337",1.26505269556465,0.0586369693759298,0,"125","1","125",-0.818645239873651,0.313646044142813,-0.760008270497721,0.505044425066931,0
"126","S_231_S260",1.26505269556465,0.17688698964038,0,"126","1","126",0.333940766491501,0.330022717678413,0.510827756131881,1.77588045169653,2.11474252688113
"127","S_2323_S355",1.26505269556465,0.106512629162085,0,"127","1","127",-0.16287775582715,0.281896663177402,-0.0563651266650647,1.20868756889959,1.25743342968294
"128","S_2351_S197",1.26505269556465,0.128262747611979,0,"128","1","128",-0.683099807147696,0.311480397967278,-0.554837059535717,0.710215636028935,0
"129","S_2358_S289",1.26505269556465,0.150890835743569,0,"129","1","129",-0.0742925469907904,0.318626831899236,0.0765982887527782,1.34165098431743,1.49534878122122
"130","S_2370_S336",1.26505269556465,0.151076627614748,0,"130","1","130",-0.425454406797998,0.300035473551191,-0.27437777918325,0.990674916381402,1
"131","S_2375_S268",1.26505269556465,0.152972241514318,0,"131","1","131",0.154225494557052,0.283580247854964,0.30719773607137,1.57225043163602,2.51486685936587
"132","S_2395_S194",1.26505269556465,0.115684149512335,0,"132","1","132",-0.274971324025532,0.311312178772302,-0.159287174513197,1.10576552105145,1.56508458007329
"133","S_242_S324",1.26505269556465,0.0789348066001868,0,"133","1","133",-0.276530254314304,0.277678837355797,-0.197595447714118,1.06745724785053,0
"134","S_248_S252",1.26505269556465,0.173405610895612,0,"134","1","134",0.256843134280987,0.286836292143235,0.430248745176599,1.69530144074125,1.77827941003892
"135","S_261_S368",1.26505269556465,0.113654487124075,0,"135","1","135",0.30385074942481,0.292267021644396,0.417505236548885,1.68255793211354,1.96798967126543
"136","S_269_S228",1.26505269556465,0.129866807643029,0,"136","1","136",-0.0427333210662856,0.2938916333166,0.0871334865767435,1.3521861821414,0.840896415253715
"137","S_272_S326",1.26505269556465,0.108445361159408,0,"137","1","137",0.275265148716253,0.297915608919277,0.383710509875661,1.64876320544031,2.11474252688113
"138","S_285_S191",1.26505269556465,0.0379172211447238,0,"138","1","138",0.345982997382065,0.303350933629727,0.383900218526789,1.64895291409144,2.05976714390712
"139","S_28_S364",1.26505269556465,0.0895716568451767,0,"139","1","139",-0.531461891031422,0.302062215506608,-0.441890234186246,0.823162461378406,0
"140","S_294_S317",1.26505269556465,0.241085766623865,0,"140","1","140",-0.826552916645404,0.352268051386312,-0.585467150021538,0.679585545543114,0
"141","S_298_S354",1.26505269556465,0.210900963910078,0,"141","1","141",0.967426707190367,0.341226198676521,1.17832767110045,2.4433803666651,2.11474252688113
"142","S_304_S341",1.26505269556465,0.0626634280504399,0,"142","1","142",-0.640384019081591,0.300041672233012,-0.577720591031151,0.6873321045335,0
"143","S_325_S347",1.26505269556465,0.0724855232012957,0,"143","1","143",-0.927639159390482,0.319825601365148,-0.855153636189187,0.409899059375465,0
"144","S_381_S205",1.26505269556465,0.0208803975054623,0,"144","1","144",0.328998857341762,0.281385061236831,0.349879254847224,1.61493195041188,2.65914794847249
"145","S_382_S276",1.26505269556465,0.118461574844853,0,"145","1","145",0.168622441092851,0.327585107175649,0.287084015937704,1.55213671150236,2.89250760851908
"146","S_389_S330",1.26505269556465,0.0252865943745811,0,"146","1","146",0.491588568950944,0.292593005755209,0.516875163325525,1.78192785889018,2.23606797749979
"147","S_394_S237",1.26505269556465,0.058274089781891,0,"147","1","147",-0.54644149464742,0.301671207831993,-0.488167404865529,0.776885290699122,0
"148","S_398_S239",1.26505269556465,0.0234815979333572,0,"148","1","148",0.204328816696658,0.281410385776546,0.227810414630015,1.49286311019467,1.49534878122122
"149","S_402_S309",1.26505269556465,0.0492912989743666,0,"149","1","149",-0.0482876887873997,0.284012020894088,0.00100361018696692,1.26605630575162,1.31607401295249
"150","S_415_S222",1.26505269556465,0.0518113553225002,0,"150","1","150",-1.17851229750986,0.351810501568734,-1.12670094218736,0.138351753377295,0
"151","S_421_S358",1.26505269556465,-0.000632257411032636,0,"151","1","151",-0.219149447279318,0.287747506694611,-0.21978170469035,1.0452709908743,1.31607401295249
"152","S_437_S233",1.26505269556465,0.0846550898103494,0,"152","1","152",-0.0910362630674211,0.312300545014327,-0.0063811732570717,1.25867152230758,1.18920711500272
"153","S_449_S352",1.26505269556465,0.0178736749056308,0,"153","1","153",-0.205978852373294,0.337173983854687,-0.188105177467663,1.07694751809699,2.05976714390712
"154","S_451_S261",1.26505269556465,0.0615275496607406,0,"154","1","154",-0.594640675199356,0.34180865449541,-0.533113125538615,0.731939570026037,0
"155","S_471_S344",1.26505269556465,0.0964089113205032,0,"155","1","155",0.0307045623940906,0.296449745763538,0.127113473714594,1.39216616927925,0
"156","S_473_S362",1.26505269556465,0.193204566247355,0,"156","1","156",0.461154817402196,0.357034281699286,0.654359383649551,1.9194120792142,1.56508458007329
"157","S_477_S225",1.26505269556465,-0.0801257036779788,0,"157","1","157",0.255038692009906,0.513586412191377,0.174912988331927,1.43996568389658,0
"158","S_494_S382",1.26505269556465,0.0456007116012712,0,"158","1","158",0.0381446219342263,0.286678460739072,0.0837453335354975,1.34879802910015,1.49534878122122
"159","S_496_S381",1.26505269556465,0.0783160377099041,0,"159","1","159",-0.0900316612612222,0.314212640050177,-0.0117156235513181,1.25333707201333,2.17793858734643
"160","S_499_S265",1.26505269556465,0.0690399628919861,0,"160","1","160",0.401142716677825,0.295215398041836,0.470182679569812,1.73523537513446,2.05976714390712
"161","S_4_S313",1.26505269556465,0.0732610706677359,0,"161","1","161",0.973613371350827,0.273352330675443,1.04687444201856,2.31192713758321,2.78315768371374
"162","S_525_S305",1.26505269556465,0.0427594733104352,0,"162","1","162",-0.258480647086343,0.283192618895738,-0.215721173775908,1.04933152178874,0
"163","S_529_S314",1.26505269556465,0.0343642519427267,0,"163","1","163",-0.0321775128021922,0.302006540205597,0.00218673914053449,1.26723943470519,1.18920711500272
"164","S_550_S257",1.26505269556465,0.0450701912821827,0,"164","1","164",1.17678828915377,0.3239387455358,1.22185848043595,2.4869111760006,2.94283095638271
"165","S_552_S308",1.26505269556465,0.0602320631346124,0,"165","1","165",-0.303171380832489,0.305858877164108,-0.242939317697876,1.02211337786678,1.31607401295249
"166","S_564_S211",1.26505269556465,0.0538804327763824,0,"166","1","166",0.194028321934542,0.306652912492433,0.247908754710924,1.51296145027558,1.73205080756888
"167","S_572_S203",1.26505269556465,0.0565328024528782,0,"167","1","167",-0.911978360207889,0.306670733526269,-0.855445557755011,0.409607137809641,0
"168","S_597_S255",1.26505269556465,0.0647777629763979,0,"168","1","168",0.132632397326487,0.326996603551102,0.197410160302884,1.46246285586754,1.8612097182042
"169","S_652_S232",1.26505269556465,0.158042745038617,0,"169","1","169",0.593350271441448,0.301520650849597,0.751393016480065,2.01644571204472,2.51486685936587
"170","S_66_S321",1.26505269556465,0.0401077744277689,0,"170","1","170",0.242605351274098,0.274686063778076,0.282713125701866,1.54776582126652,2.65914794847249
"171","S_699_S356",1.26505269556465,0.19096481387063,0,"171","1","171",-0.303204032877645,0.306930024774205,-0.112239219007015,1.15281347655764,1.49534878122122
"172","S_6_S348",1.26505269556465,0.145303239427521,0,"172","1","172",-0.248196625097165,0.339264584342877,-0.102893385669643,1.16215930989501,1.49534878122122
"173","S_701_S340",1.26505269556465,0.136376253011682,0,"173","1","173",-0.263077603224642,0.318213781589266,-0.126701350212961,1.13835134535169,2.11474252688113
"174","S_704_S282",1.26505269556465,0.154320696964957,0,"174","1","174",0.580399275589959,0.306518864408292,0.734719972554916,1.99977266811957,2.34034731932072
"175","S_716_S283",1.26505269556465,0.0402345473058731,0,"175","1","175",0.402872485172262,0.320734507126461,0.443107032478135,1.70815972804279,1.8612097182042
"176","S_732_S243",1.26505269556465,0.0826078404085587,0,"176","1","176",0.679960870981878,0.32190663319936,0.762568711390437,2.02762140695509,2.54572989502183
"177","S_737_S201",1.26505269556465,0.182414827203918,0,"177","1","177",0.790072431305377,0.313907169979053,0.972487258509295,2.23753995407395,2.73861278752583
"178","S_769_S220",1.26505269556465,0.111996981258107,0,"178","1","178",-0.364594490004089,0.275829050207597,-0.252597508745982,1.01245518681867,1
"179","S_797_S209",1.26505269556465,0.0619864673928403,0,"179","1","179",-0.531845662415844,0.269674813576845,-0.469859195023004,0.795193500541648,0
"180","S_809_S270",1.26505269556465,0.0581249439660702,0,"180","1","180",0.380220993644478,0.271349037746721,0.438345937610548,1.7033986331752,2.65914794847249
"181","S_81_S279",1.26505269556465,0.108802432081044,0,"181","1","181",-0.274596639999715,0.315526166560038,-0.165794207918672,1.09925848764598,1.56508458007329
"182","S_829_S286",1.26505269556465,0.208397208983026,0,"182","1","182",0.768429035272192,0.350097908321969,0.976826244255218,2.24187893981987,2.11474252688113
"183","S_831_S353",1.26505269556465,0.12732948612713,0,"183","1","183",0.665754467318783,0.273785418034337,0.793083953445912,2.05813664901056,2.65914794847249
"184","S_838_S306",1.26505269556465,0.166360394395476,0,"184","1","184",0.232708828507088,0.309563416757068,0.399069222902565,1.66412191846722,2.23606797749979
"185","S_868_S274",1.26505269556465,0.0917333577092229,0,"185","1","185",0.502402482443314,0.295264568807887,0.594135840152537,1.85918853571719,1.10668191970032
"186","S_869_S241",1.26505269556465,0.0855054314048678,0,"186","1","186",1.04784579930975,0.297142444623764,1.13335123071462,2.39840392627927,1.56508458007329
"187","S_874_S217",1.26505269556465,0.137685022752019,0,"187","1","187",0.108007070327264,0.301440866647372,0.245692093079283,1.51074478864393,2.34034731932072
"188","S_881_S365",1.26505269556465,0.161497754673085,0,"188","1","188",0.545454309792557,0.302220716563738,0.706952064465642,1.97200476003029,2.78315768371374
"189","S_89_S199",1.26505269556465,0.0656742435439887,0,"189","1","189",-0.526741677836459,0.30245517584934,-0.461067434292471,0.803985261272181,0
"190","S_905_S248",1.26505269556465,0.0447902831201751,0,"190","1","190",-0.397326489772775,0.257835066350466,-0.3525362066526,0.912516488912052,0.840896415253715
"191","S_927_S334",1.26505269556465,0.07489006736502,0,"191","1","191",-0.611419314009163,0.294931627163558,-0.536529246644143,0.728523448920508,0
"192","S_984_S370",1.26505269556465,0.123192732561769,0,"192","1","192",0.428058134737446,0.31569745681841,0.551250867299214,1.81630356286387,1.49534878122122
"193","S_989_S196",1.26505269556465,0.152988063776188,0,"193","1","193",-0.0702225441791483,0.277346936796265,0.0827655195970398,1.34781821516169,1.25743342968294
"194","S_9_S300",1.26505269556465,0.0792468377565569,0,"194","1","194",0.843690074022653,0.351264090916837,0.92293691177921,2.18798960734386,2.78315768371374
"195","S_1001_S52_L003",1.26505269556465,0.147466859779157,0,"195","1","195",0.80453585267966,0.353935733890471,0.952002712458817,2.21705540802347,2.65914794847249
"196","S_1004_S75_L003",1.26505269556465,0.160507667239021,0,"196","1","196",1.13066669393184,0.332517541072062,1.29117436117086,2.55622705673551,2.89250760851908
"197","S_1010_S144",1.26505269556465,0.136436614359201,0,"197","1","197",0.536997693391074,0.317835057050214,0.673434307750275,1.93848700331493,1.49534878122122
"198","S_1012_S150",1.26505269556465,0.0950600715319994,0,"198","1","198",0.398392067310746,0.293310352081109,0.493452138842745,1.7585048344074,2.11474252688113
"199","S_1013_S145",1.26505269556465,0.175798926680985,0,"199","1","199",-0.777456262157338,0.322766121438979,-0.601657335476353,0.663395360088299,1.49534878122122
"200","S_101_S15_L003",1.26505269556465,0.109043288198741,0,"200","1","200",-0.180928822592959,0.318162368185814,-0.071885534394218,1.19316716117043,1
"201","S_1020_S139",1.26505269556465,0.203194855919695,0,"201","1","201",-0.0203221299137467,0.324977093972762,0.182872726005949,1.4479254215706,1.22474487139159
"202","S_1022_S29",1.26505269556465,0.165173564709065,0,"202","1","202",0.966616641145691,0.330157134824802,1.13179020585476,2.39684290141941,2.23606797749979
"203","S_1029_S66_L003",1.26505269556465,0.116904538577531,0,"203","1","203",-1.05569581982175,0.315560083257946,-0.938791281244223,0.326261414320429,0
"204","S_1030_S13",1.26505269556465,0.138868535207911,0,"204","1","204",0.30838995200419,0.299663636325608,0.447258487212101,1.71231118277675,2.34034731932072
"205","S_1036_S32",1.26505269556465,0.105791904713696,0,"205","1","205",0.432426997302108,0.269233846522671,0.538218902015804,1.80327159758046,1.77827941003892
"206","S_1041_S151",1.26505269556465,0.0247057830372818,0,"206","1","206",0.358317794232569,0.267933249131101,0.383023577269851,1.6480762728345,2.89250760851908
"207","S_1053_S23",1.26505269556465,0.128819457844684,0,"207","1","207",0.316739711829989,0.295735489237381,0.445559169674673,1.71061186523932,2.21336383940064
"208","S_1075_S38",1.26505269556465,0.0501537988400202,0,"208","1","208",-0.180372868063022,0.35013464002311,-0.130219069223002,1.13483362634165,2.11474252688113
"209","S_1076_S167",1.26505269556465,-0.0245301248937895,0,"209","1","209",0.518045190096171,0.415716195657572,0.493515065202382,1.75856776076703,2.34034731932072
"210","S_107_S16",1.26505269556465,0.0556565978365034,0,"210","1","210",0.539410272404766,0.290924543129868,0.59506687024127,1.86011956580592,2.34034731932072
"211","S_1093_S116",1.26505269556465,0.109288225182926,0,"211","1","211",0.0297813819787509,0.288185594538762,0.139069607161677,1.40412230272633,2.34034731932072
"212","S_10_S169",1.26505269556465,0.0674197639353971,0,"212","1","212",0.144659462722615,0.30815235433262,0.212079226658012,1.47713192222266,1.8612097182042
"213","S_1118_S92",1.26505269556465,0.0709571007353504,0,"213","1","213",-0.914969431949386,0.306470951438929,-0.844012331214035,0.421040364350616,1.49534878122122
"214","S_1125_S30_L003",1.26505269556465,0.170320011854606,0,"214","1","214",-0.694298468573573,0.29988898210089,-0.523978456718967,0.741074238845684,0
"215","S_1134_S91",1.26505269556465,0.104881836893135,0,"215","1","215",0.170783359129126,0.323132641546468,0.275665196022261,1.54071789158691,1.31607401295249
"216","S_1138_S159",1.26505269556465,-0.0652723793278512,0,"216","1","216",0.680040800111136,0.424145900965207,0.614768420783285,1.87982111634794,2.34034731932072
"217","S_113_S7_L003",1.26505269556465,0.0659518305765896,0,"217","1","217",-0.357996403363319,0.284901061180865,-0.292044572786729,0.973008122777923,1.18920711500272
"218","S_1140_S60_L003",1.26505269556465,0.14506910357487,0,"218","1","218",0.627087453749981,0.286881057817483,0.772156557324851,2.0372092528895,2.05976714390712
"219","S_1154_S161",1.26505269556465,0.196131003659665,0,"219","1","219",0.115038771543717,0.357647686713604,0.311169775203382,1.57622247076803,1.96798967126543
"220","S_1160_S11",1.26505269556465,0.18903443804879,0,"220","1","220",1.01710674675943,0.336755604808669,1.20614118480822,2.47119388037288,2.89250760851908
"221","S_1177_S24",1.26505269556465,0.113418972178937,0,"221","1","221",0.116345889851445,0.2873499081534,0.229764862030382,1.49481755759503,1.77827941003892
"222","S_1179_S105",1.26505269556465,0.149867093134339,0,"222","1","222",0.702799913178029,0.3316694703071,0.852667006312368,2.11771970187702,2.51486685936587
"223","S_1200_S164",1.26505269556465,-0.000911790687407387,0,"223","1","223",0.487747416902941,0.43202133791862,0.486835626215534,1.75188832178019,2.34034731932072
"224","S_1202_S72_L003",1.26505269556465,0.0560603777809652,0,"224","1","224",0.425600492057162,0.274441479200821,0.481660869838128,1.74671356540278,2.51486685936587
"225","S_1203_S53",1.26505269556465,0.163832528921962,0,"225","1","225",-0.397170094596935,0.289182271271105,-0.233337565674973,1.03171512988968,0
"226","S_1210_S120",1.26505269556465,0.124896389240606,0,"226","1","226",0.0218821956315966,0.283810099682267,0.146778584872203,1.41183128043685,1.25743342968294
"227","S_1213_S95_L003",1.26505269556465,0.103219029943804,0,"227","1","227",0.254803771883556,0.286395813814719,0.35802280182736,1.62307549739201,2.11474252688113
"228","S_122_S43_L003",1.26505269556465,-0.0377900447714143,0,"228","1","228",-0.0755268431937296,0.428676095260948,-0.113316887965144,1.15173580759951,1.56508458007329
"229","S_1247_S133",1.26505269556465,0.100806505466613,0,"229","1","229",-0.545079737766225,0.285376680153626,-0.444273232299612,0.82077946326504,0
"230","S_1257_S89",1.26505269556465,0.0959552202955862,0,"230","1","230",0.335759763313118,0.278090128877469,0.431714983608704,1.69676767917336,1.49534878122122
"231","S_125_S163",1.26505269556465,0.0254903026737996,0,"231","1","231",-0.760762849763047,0.307214623888358,-0.735272547089247,0.529780148475405,0
"232","S_1278_S20",1.26505269556465,0.093074569517295,0,"232","1","232",-0.856827965370411,0.292860883544787,-0.763753395853116,0.501299299711535,0
"233","S_1287_S146",1.26505269556465,0.0912539001647467,0,"233","1","233",0.40111857094968,0.306823391525742,0.492372471114427,1.75742516667908,2.34034731932072
"234","S_1289_S164",1.26505269556465,0.118322753760281,0,"234","1","234",0.684769719756947,0.302459408637019,0.803092473517229,2.06814516908188,2.21336383940064
"235","S_1308_S183",1.26505269556465,-0.0631701417187111,0,"235","1","235",0.396223445641218,0.417262585046415,0.333053303922507,1.59810599948716,1.49534878122122
"236","S_1323_S36",1.26505269556465,0.123628495178863,0,"236","1","236",0.146687696515816,0.295014238881722,0.27031619169468,1.53536888725933,1.96798967126543
"237","S_1326_S53_L003",1.26505269556465,0.151368257377593,0,"237","1","237",0.715883284220198,0.319132482756157,0.867251541597791,2.13230423716244,2.78315768371374
"238","S_132_S41",1.26505269556465,0.043335749764311,0,"238","1","238",-0.523375361074195,0.28752769793465,-0.480039611309884,0.785013084254768,0
"239","S_1370_S76",1.26505269556465,0.0772475213106141,0,"239","1","239",-0.507249807463242,0.319920083670734,-0.430002286152628,0.835050409412024,0
"240","S_1374_S132",1.26505269556465,0.126711394292708,0,"240","1","240",-0.344740633833087,0.285803841580649,-0.218029239540379,1.04702345602427,0
"241","S_1384_S78",1.26505269556465,0.1272235059953,0,"241","1","241",-0.270676321591733,0.32444126403433,-0.143452815596433,1.12159987996822,0
"242","S_1390_S94",1.26505269556465,0.00468874831993904,0,"242","1","242",0.222264311730731,0.287311202076632,0.22695306005067,1.49200575561532,2.65914794847249
"243","S_1393_S83_L003",1.26505269556465,0.0473156962393941,0,"243","1","243",-1.29537136421053,0.27539027661205,-1.24805566797113,0.0169970275935201,0
"244","S_1395_S102",1.26505269556465,0.0763680094373054,0,"244","1","244",-0.847807434516648,0.312950555876709,-0.771439425079342,0.493613270485309,1.49534878122122
"245","S_1403_S130",1.26505269556465,0.0419664470240444,0,"245","1","245",-0.306591959088548,0.324629746060335,-0.264625512064503,1.00042718350015,1.31607401295249
"246","S_1405_S126",1.26505269556465,0.0709580146949041,0,"246","1","246",-0.772779253157131,0.277526047983223,-0.701821238462227,0.563231457102424,0
"247","S_1408_S17_L003",1.26505269556465,0.145940316551324,0,"247","1","247",0.620695924491682,0.3212689160744,0.766636241043006,2.03168893660766,2.89250760851908
"248","S_1412_S125",1.26505269556465,0.117517003193336,0,"248","1","248",-0.681585886215542,0.273272739304948,-0.564068883022206,0.700983812542446,0
"249","S_1413_S10_L003",1.26505269556465,-0.0553860377771335,0,"249","1","249",-0.376833008037292,0.329405093045186,-0.432219045814425,0.832833649750226,1.56508458007329
"250","S_141_S188",1.26505269556465,0.120425921946848,0,"250","1","250",-0.63994636047113,0.344661042624767,-0.519520438524282,0.74553225704037,1
"251","S_1434_S73_L003",1.26505269556465,0.161266599966389,0,"251","1","251",-1.12529562148106,0.320823388318169,-0.964029021514675,0.301023674049977,0
"252","S_1443_S64_L003",1.26505269556465,0.0684262692894857,0,"252","1","252",0.677772361747834,0.30437220777842,0.74619863103732,2.01125132660197,1.56508458007329
"253","S_1462_S171",1.26505269556465,-0.0227850914338811,0,"253","1","253",0.698791828540485,0.290990969858571,0.676006737106604,1.94105943267126,2.05976714390712
"254","S_1464_S64",1.26505269556465,0.0704948969950576,0,"254","1","254",0.546262460104667,0.286703678752136,0.616757357099724,1.88181005266438,1.25743342968294
"255","S_1467_S106",1.26505269556465,0.13944846886053,0,"255","1","255",0.498757810286792,0.282683100768017,0.638206279147322,1.90325897471197,1.56508458007329
"256","S_1468_S139",1.26505269556465,0.0332068732467704,0,"256","1","256",0.731057212112414,0.298822135192641,0.764264085359185,2.02931678092384,1.56508458007329
"257","S_1479_S2_L003",1.26505269556465,0.105409224092381,0,"257","1","257",-0.0820695938676353,0.284844494153383,0.0233396302247457,1.2883923257894,1.31607401295249
"258","S_147_S19",1.26505269556465,0.0962964206355876,0,"258","1","258",0.149971637164071,0.30083743057258,0.246268057799658,1.51132075336431,1.49534878122122
"259","S_14_S3",1.26505269556465,0.111023326233032,0,"259","1","259",-0.7863814647397,0.29726603324702,-0.675358138506668,0.589694557057984,0
"260","S_1506_S61",1.26505269556465,0.0449941343737228,0,"260","1","260",-0.547049036414583,0.270235914075684,-0.502054902040861,0.762997793523791,0
"261","S_1516_S148",1.26505269556465,-0.0799745442102474,0,"261","1","261",-0.237611508335845,0.47441340933111,-0.317586052546093,0.947466643018559,1.73205080756888
"262","S_151_S93",1.26505269556465,0.128619865888886,0,"262","1","262",-0.659965289981186,0.321114768733069,-0.5313454240923,0.733707271472351,0
"263","S_1521_S18",1.26505269556465,0.0582395142100433,0,"263","1","263",0.280897300046909,0.273936884662364,0.339136814256952,1.6041895098216,2.11474252688113
"264","S_1528_S47",1.26505269556465,0.0810914087967468,0,"264","1","264",0.107065279301954,0.290194291311526,0.188156688098701,1.45320938366335,2.11474252688113
"265","S_1531_S31_L003",1.26505269556465,0.0658223893954522,0,"265","1","265",-0.355362895688807,0.273801628518906,-0.289540506293355,0.975512189271297,0
"266","S_1532_S117",1.26505269556465,0.103511776442774,0,"266","1","266",0.376789948701864,0.304365291346542,0.480301725144638,1.74535442070929,2.65914794847249
"267","S_1542_S44",1.26505269556465,0.0958927366474426,0,"267","1","267",-0.42603409919366,0.290027490674986,-0.330141362546217,0.934911333018434,0
"268","S_154_S162",1.26505269556465,0.0907247603073068,0,"268","1","268",0.433525059962372,0.306977368384746,0.524249820269678,1.78930251583433,1.65487545982344
"269","S_1552_S185",1.26505269556465,0.0732580705558515,0,"269","1","269",0.209181298119577,0.277406649698366,0.282439368675428,1.54749206424008,1.31607401295249
"270","S_1561_S52",1.26505269556465,0.0597415554921501,0,"270","1","270",0.341977687832589,0.287587367756204,0.401719243324739,1.66677193888939,1.25743342968294
"271","S_1565_S74_L003",1.26505269556465,0.116943162582857,0,"271","1","271",-0.155586936596818,0.342897790962054,-0.0386437740139607,1.22640892155069,1.4142135623731
"272","S_1567_S13_L003",1.26505269556465,0.143175887695912,0,"272","1","272",-0.145864818542669,0.351484573677494,-0.00268893084675725,1.26236376471789,1.49534878122122
"273","S_159_S190",1.26505269556465,0.0377090440624033,0,"273","1","273",0.477926324588044,0.380996392609245,0.515635368650447,1.7806880642151,2.34034731932072
"274","S_1604_S168",1.26505269556465,0.0208981075077522,0,"274","1","274",0.748797002062503,0.317650699007168,0.769695109570255,2.03474780513491,2.44948974278318
"275","S_1620_S26",1.26505269556465,0.0837411850248513,0,"275","1","275",-0.771060139460186,0.305793817522302,-0.687318954435335,0.577733741129317,0
"276","S_1651_S111",1.26505269556465,0.0811385899082696,0,"276","1","276",0.0712416722678754,0.27652972156,0.152380262176145,1.4174329577408,1.49534878122122
"277","S_1660_S143",1.26505269556465,0.181757296718657,0,"277","1","277",0.10224482649343,0.333919883355857,0.284002123212087,1.54905481877674,2.51486685936587
"278","S_1674_S49_L003",1.26505269556465,0.100410420902352,0,"278","1","278",0.192442018349967,0.279456790513756,0.292852439252319,1.55790513481697,1.25743342968294
"279","S_1675_S175",1.26505269556465,0.0148150905141108,0,"279","1","279",-0.196117888772444,0.283518396568023,-0.181302798258333,1.08374989730632,1.4142135623731
"280","S_1678_S107",1.26505269556465,0.0409596495627934,0,"280","1","280",-0.201688090936498,0.282488469500257,-0.160728441373705,1.10432425419095,1.31607401295249
"281","S_1687_S90_L003",1.26505269556465,0.0837239813343853,0,"281","1","281",-0.0968739145122867,0.283860712500136,-0.0131499331779013,1.25190276238675,0
"282","S_1691_S141",1.26505269556465,0.0880264710558901,0,"282","1","282",-0.466863525469088,0.276968539036844,-0.378837054413198,0.886215641151453,1.39157884185687
"283","S_1697_S147",1.26505269556465,-0.0471033227518226,0,"283","1","283",0.291492567074886,0.496045757602606,0.244389244323064,1.50944193988772,1.49534878122122
"284","S_169_S27",1.26505269556465,0.0888477551456827,0,"284","1","284",0.526520509067022,0.294610864438473,0.615368264212704,1.88042095977736,1.31607401295249
"285","S_16_S56_L003",1.26505269556465,0.100987769806946,0,"285","1","285",0.28784032086333,0.30498612597938,0.388828090670276,1.65388078623493,2.23606797749979
"286","S_1725_S144",1.26505269556465,-0.10865545999364,0,"286","1","286",0.230597738787242,0.569038113013775,0.121942278793601,1.38699497435825,0.840896415253715
"287","S_1727_S30",1.26505269556465,0.0930518244203033,0,"287","1","287",0.657462653646485,0.297499961026622,0.750514478066789,2.01556717363144,1.25743342968294
"288","S_1735_S172",1.26505269556465,0.0683335194712693,0,"288","1","288",0.546426928545194,0.350293648240367,0.614760448016464,1.87981314358112,1.56508458007329
"289","S_1740_S146",1.26505269556465,0.0119930663341924,0,"289","1","289",-0.0175280121322262,0.401585450993389,-0.00553494579803381,1.25951774976662,1.91682931273882
"290","S_1747_S48_L003",1.26505269556465,0.135420276994429,0,"290","1","290",-0.309658991823452,0.317891609735933,-0.174238714829023,1.09081398073563,1.49534878122122
"291","S_1753_S75",1.26505269556465,0.0754908736578745,0,"291","1","291",0.143753078471614,0.290265380723377,0.219243952129488,1.48429664769414,1.49534878122122
"292","S_1755_S134",1.26505269556465,0.0439979189910885,0,"292","1","292",0.0555617118911481,0.312296748499593,0.0995596308822367,1.36461232644689,1
"293","S_1757_S61_L003",1.26505269556465,0.0644592692168462,0,"293","1","293",0.435565780038543,0.304225239368866,0.500025049255389,1.76507774482004,1.96798967126543
"294","S_177_S62",1.26505269556465,0.0719059316180013,0,"294","1","294",0.153488767734124,0.302834650920126,0.225394699352126,1.49044739491678,1.49534878122122
"295","S_1780_S45_L003",1.26505269556465,0.0475227182056141,0,"295","1","295",0.850581156392584,0.287894373466045,0.898103874598198,2.16315657016285,1.8612097182042
"296","S_1781_S84",1.26505269556465,-0.0746058036322433,0,"296","1","296",0.0945965205864951,0.489609233126821,0.0199907169542518,1.2850434125189,1.96798967126543
"297","S_1783_S150",1.26505269556465,-0.00119506831335861,0,"297","1","297",0.0171328986575456,0.426859355198686,0.015937830344187,1.28099052590884,0.840896415253715
"298","S_1799_S86",1.26505269556465,0.121747741406766,0,"298","1","298",-0.0548128114724728,0.289406349086464,0.0669349299342928,1.33198762549894,1.31607401295249
"299","S_1800_S14_L003",1.26505269556465,0.09109651948299,0,"299","1","299",-0.376749761464816,0.314358295180443,-0.285653241981826,0.979399453582826,0
"300","S_1811_S148",1.26505269556465,0.093243963264823,0,"300","1","300",-0.490296880790763,0.28298073772867,-0.39705291752594,0.867999778038712,2.11474252688113
"301","S_181_S65",1.26505269556465,0.0235011626085849,0,"301","1","301",-0.223903250355631,0.295542792840098,-0.200402087747046,1.06465060781761,1.62657656169779
"302","S_1822_S37",1.26505269556465,0.108398707204235,0,"302","1","302",-0.156649741353507,0.327627173808978,-0.0482510341492722,1.21680166141538,1.77827941003892
"303","S_1823_S3_L003",1.26505269556465,0.0304845528285655,0,"303","1","303",-0.173457787254783,0.311133553238174,-0.142973234426218,1.12207946113843,1
"304","S_1824_S180",1.26505269556465,0.0558362601315362,0,"304","2","  1",0.056325409488141,0.344914199487924,0.112161669619677,1.37721436518433,NA
"305","S_1828_S156",1.26505269556465,0.083199546917545,0,"305","1","304",-0.124524571539762,0.291378345986654,-0.0413250246222174,1.22372767094243,1.18920711500272
"306","S_1834_S114",1.26505269556465,0.0915436620682452,0,"306","1","305",-0.058951709412372,0.319931193436033,0.0325919526558732,1.29764464822053,1.77827941003892
"307","S_1835_S57",1.26505269556465,0.166300812009841,0,"307","1","306",-0.576843774204968,0.330511366536497,-0.410542962195128,0.854509733369524,0
"308","S_1845_S34",1.26505269556465,0.054778046778591,0,"308","1","307",0.513592014846551,0.30217361373663,0.568370061625142,1.83342275718979,2.51486685936587
"309","S_1855_S49",1.26505269556465,0.138296558566684,0,"309","1","308",-0.293727069542192,0.306488390251051,-0.155430510975507,1.10962218458914,1
"310","S_1856_S51",1.26505269556465,0.1367781442712,0,"310","1","309",-0.630745169463189,0.356621298810462,-0.493967025191989,0.771085670372663,0.840896415253715
"311","S_185_S72",1.26505269556465,-0.0175334458381305,0,"311","1","310",-0.113689514793869,0.312269766234898,-0.131222960632,1.13382973493265,0
"312","S_1861_S1_L003",1.26505269556465,0.0266397364016959,0,"312","1","311",0.79369462465772,0.30890167629477,0.820334361059416,2.08538705662407,2.51486685936587
"313","S_1871_S186",1.26505269556465,0.0658121733485666,0,"313","1","312",0.547838008875183,0.31538782737137,0.61365018222375,1.8787028777884,1.73205080756888
"314","S_188_S79",1.26505269556465,0.0739686719877043,0,"314","1","313",-0.00943929114732472,0.333686845885099,0.0645293808403795,1.32958207640503,1.18920711500272
"315","S_1909_S132",1.26505269556465,0.0733466590305815,0,"315","1","314",0.512557048892846,0.296993615538592,0.585903707923428,1.85095640348808,2.05976714390712
"316","S_190_S2",1.26505269556465,0.0747760645344887,0,"316","1","315",0.543667561958308,0.347074796634927,0.618443626492797,1.88349632205745,2.23606797749979
"317","S_1910_S23_L003",1.26505269556465,0.116746718102114,0,"317","1","316",0.100191949486817,0.304435459367402,0.21693866758893,1.48199136315358,1.49534878122122
"318","S_1921_S54",1.26505269556465,0.0377384559695535,0,"318","1","317",-0.597350939108048,0.306639224379191,-0.559612483138494,0.705440212426157,0
"319","S_1934_S21_L003",1.26505269556465,0.129103691014605,0,"319","1","318",1.05545496418589,0.286996096098853,1.1845586552005,2.44961135076515,2.89250760851908
"320","S_1935_S15",1.26505269556465,0.102132100640282,0,"320","1","319",0.153176267740793,0.292967762148319,0.255308368381075,1.52036106394573,1.49534878122122
"321","S_1939_S59",1.26505269556465,0.0686009146435763,0,"321","1","320",0.969726851262689,0.285349244435403,1.03832776590627,2.30338046147092,2.11474252688113
"322","S_1945_S21",1.26505269556465,0.10202537228463,0,"322","1","321",0.271390771327913,0.257743166659024,0.373416143612543,1.63846883917719,2.21336383940064
"323","S_1946_S184",1.26505269556465,-0.00753356256139396,0,"323","1","322",-0.96339252167048,0.298371451864975,-0.970926084231874,0.294126611332778,1.31607401295249
"324","S_1950_S66",1.26505269556465,0.0799208628162171,0,"324","1","323",-0.473654375037091,0.27656900738866,-0.393733512220873,0.871319183343778,0
"325","S_1955_S145",1.26505269556465,-0.0696715646167634,0,"325","1","324",0.294543210695972,0.538675298810234,0.224871646079209,1.48992434164386,1.45647531512197
"326","S_1956_S127",1.26505269556465,0.0838664011988115,0,"326","1","325",-0.418816058864711,0.298195480491153,-0.3349496576659,0.930103037898752,0
"327","S_1971_S104",1.26505269556465,0.0507985796204968,0,"327","1","326",0.423219050044434,0.299307523418859,0.474017629664931,1.73907032522958,2.11474252688113
"328","S_1998_S79_L003",1.26505269556465,-0.0113122459405789,0,"328","1","327",-1.12832524180678,0.279870527778309,-1.13963748774736,0.125415207817292,0
"329","S_199_S59_L003",1.26505269556465,0.0422716265515435,0,"329","1","328",-0.413562380395937,0.305231694694491,-0.371290753844394,0.893761941720258,1
"330","S_1_S123",1.26505269556465,-0.0207511447895717,0,"330","1","329",-0.139365387230049,0.371726623270552,-0.160116532019621,1.10493616354503,0
"331","S_2005_S22",1.26505269556465,0.0651047164231754,0,"331","1","330",0.46363887063991,0.284607761619035,0.528743587063086,1.79379628262774,2.23606797749979
"332","S_2008_S85_L003",1.26505269556465,0.165495332080771,0,"332","1","331",-0.180769919440727,0.355994069336082,-0.0152745873599561,1.2497781082047,1.31607401295249
"333","S_2025_S28",1.26505269556465,0.0971103679790636,0,"333","1","332",0.119562395899706,0.294803829023676,0.21667276387877,1.48172545944342,1.25743342968294
"334","S_2029_S18_L003",1.26505269556465,0.0956816354888594,0,"334","1","333",1.17547965783561,0.316377385328548,1.27116129332447,2.53621398888913,2.51486685936587
"335","S_2031_S70",1.26505269556465,0.0545041400897531,0,"335","1","334",-0.262920457023335,0.306438784510258,-0.208416316933582,1.05663637863107,0
"336","S_2038_S118",1.26505269556465,0.0608641002927779,0,"336","1","335",0.710627694979712,0.306182611367558,0.77149179527249,2.03654449083714,2.44948974278318
"337","S_2075_S187",1.26505269556465,-0.0344588082001904,0,"337","1","336",-0.127895035783906,0.413459760439972,-0.162353843984097,1.10269885158055,0
"338","S_2076_S5_L003",1.26505269556465,0.0446878437697605,0,"338","1","337",-0.0528277090278115,0.307501261140698,-0.00813986525805097,1.2569128303066,1.77827941003892
"339","S_2077_S82_L003",1.26505269556465,0.0371280122096826,0,"339","1","338",-0.944957713015175,0.294180562620858,-0.907829700805493,0.357222994759159,0.840896415253715
"340","S_2080_S6_L003",1.26505269556465,0.030708384067145,0,"340","1","339",0.198139053175463,0.298849860010899,0.228847437242608,1.49390013280726,2.51486685936587
"341","S_2083_S65_L003",1.26505269556465,0.110356477706408,0,"341","1","340",0.0331291208936361,0.339390634674187,0.143485598600044,1.4085382941647,1.31607401295249
"342","S_2089_S17",1.26505269556465,0.146382251066301,0,"342","1","341",-0.890774379717438,0.316036074394183,-0.744392128651137,0.520660566913515,0
"343","S_2096_S54_L003",1.26505269556465,0.0409920696930781,0,"343","1","342",-0.0865383217418595,0.349798742885698,-0.0455462520487814,1.21950644351587,2.51486685936587
"344","S_2098_S191",1.26505269556465,0.0365021946739522,0,"344","1","343",0.383726656864409,0.318401101883383,0.420228851538361,1.68528154710301,1.31607401295249
"345","S_2108_S154",1.26505269556465,-0.0200072661238642,0,"345","1","344",-0.547311833087228,0.349091010254409,-0.567319099211092,0.69773359635356,1.77827941003892
"346","S_210_S177",1.26505269556465,0.0955909046929852,0,"346","1","345",-0.243738683776702,0.260278599500244,-0.148147779083717,1.11690491648093,0
"347","S_2120_S134",1.26505269556465,-0.0296248599884766,0,"347","1","346",-0.0398411379762158,0.388917330486444,-0.0694659979646924,1.19558669759996,0
"348","S_2124_S101",1.26505269556465,0.133952732605798,0,"348","1","347",-0.470877611144845,0.317986668181845,-0.336924878539047,0.928127817025605,0
"349","S_2125_S140",1.26505269556465,0.065598304387938,0,"349","1","348",-0.320546081030978,0.300999880232316,-0.25494777664304,1.01010491892161,0
"350","S_2126_S35",1.26505269556465,0.0744378760233972,0,"350","1","349",0.0433627669848928,0.352591441397029,0.11780064300829,1.38285333857294,1.31607401295249
"351","S_212_S12",1.26505269556465,0.142976529156315,0,"351","1","350",-0.92865241566971,0.310045303503724,-0.785675886513395,0.479376809051257,0
"352","S_2130_S16_L003",1.26505269556465,0.0550076414069238,0,"352","1","351",0.0709829162846378,0.301293374041224,0.125990557691562,1.39104325325621,1.96798967126543
"353","S_2138_S112",1.26505269556465,0.069983099503414,0,"353","1","352",0.133742314945036,0.273965590510074,0.20372541444845,1.4687781100131,2.23606797749979
"354","S_2139_S60",1.26505269556465,0.0412398454177839,0,"354","1","353",-0.35651075092123,0.309939447663614,-0.315270905503446,0.949781790061206,1.18920711500272
"355","S_2149_S9_L003",1.26505269556465,0.140047079750832,0,"355","1","354",-0.515746047829964,0.326840232293251,-0.375698968079132,0.88935372748552,0
"356","S_2157_S122",1.26505269556465,0.172224477151816,0,"356","1","355",0.17752557638771,0.334292199480883,0.349750053539525,1.61480274910418,1.18920711500272
"357","S_2162_S4_L003",1.26505269556465,0.0662166561809513,0,"357","1","356",0.683086558005075,0.318275824050994,0.749303214186027,2.01435590975068,2.05976714390712
"358","S_2167_S81_L003",1.26505269556465,0.0759355612978551,0,"358","1","357",-0.23781544416836,0.305242948317196,-0.161879882870505,1.10317281269415,0
"359","S_2177_S11_L003",1.26505269556465,0.138709654299528,0,"359","1","358",-0.466459172351871,0.300144242639994,-0.327749518052342,0.937303177512309,1.25743342968294
"360","S_2194_S133",1.26505269556465,0.0465222031128189,0,"360","1","359",0.0429292727729554,0.301634712910983,0.0894514758857743,1.35450417145043,1.8612097182042
"361","S_2195_S129",1.26505269556465,0.114402150420727,0,"361","1","360",-0.875318347095117,0.342707565606162,-0.76091619667439,0.504136498890262,0
"362","S_2200_S5",1.26505269556465,0.131472522739678,0,"362","1","361",-0.453981033150378,0.312693134633133,-0.322508510410699,0.942544185153952,0.562341325190349
"363","S_2224_S161",1.26505269556465,0.10433645135881,0,"363","1","362",0.318470679582091,0.305768812492945,0.422807130940901,1.68785982650555,2.34034731932072
"364","S_2225_S110",1.26505269556465,-0.0943753309539752,0,"364","1","363",-0.152805139311705,0.453878903278145,-0.247180470265681,1.01787222529897,1.31607401295249
"365","S_2233_S80_L003",1.26505269556465,0.00855249173301093,0,"365","1","364",-0.155369580922993,0.294079142495995,-0.146817089189982,1.11823560637467,1.56508458007329
"366","S_2277_S189",1.26505269556465,-0.0827586867615469,0,"366","1","365",-0.241665653755956,0.38494023226121,-0.324424340517503,0.940628355047149,2.05976714390712
"367","S_228_S138",1.26505269556465,0.0696951444733824,0,"367","1","366",-0.121050675623691,0.270138492311364,-0.0513555311503081,1.21369716441434,0.840896415253715
"368","S_2296_S115",1.26505269556465,0.0282386655537138,0,"368","1","367",-0.753355374297427,0.383927193998079,-0.725116708743713,0.539935986820938,0
"369","S_229_S24_L003",1.26505269556465,0.179495485579437,0,"369","1","368",0.320815805006241,0.325433794892237,0.500311290585677,1.76536398615033,1.96798967126543
"370","S_2316_S149",1.26505269556465,0.0235415856826447,0,"370","1","369",-0.274505717858735,0.334202964465547,-0.25096413217609,1.01408856338856,1
"371","S_2317_S77_L003",1.26505269556465,0.15736841386984,0,"371","1","370",-0.0490677392551348,0.290734878434337,0.108300674614705,1.37335337017936,1.49534878122122
"372","S_2318_S85",1.26505269556465,0.127004981233503,0,"372","1","371",0.282487941140946,0.290712524023197,0.40949292237445,1.6745456179391,2.44948974278318
"373","S_2326_S100",1.26505269556465,0.0445815292964935,0,"373","1","372",-0.600637138644853,0.26036387498172,-0.55605560934836,0.708997086216292,0
"374","S_2332_S35_L003",1.26505269556465,0.171454662362866,0,"374","1","373",0.343812707202123,0.322153965563327,0.51526736956499,1.78032006512964,1.96798967126543
"375","S_2335_S96",1.26505269556465,-0.0939069407931918,0,"375","1","374",-0.187235454037867,0.559098997495348,-0.281142394831058,0.983910300733593,0
"376","S_2341_S56",1.26505269556465,0.0383724803645006,0,"376","1","375",-1.12907835036257,0.278840091771597,-1.09070586999807,0.174346825566578,0
"377","S_2344_S156",1.26505269556465,-0.0816250149641406,0,"377","1","376",-0.378255748936063,0.539411608502489,-0.459880763900203,0.805171931664449,0
"378","S_2346_S152",1.26505269556465,0.111315790553985,0,"378","1","377",-0.317193352665871,0.31913045196849,-0.205877562111886,1.05917513345277,0
"379","S_2387_S147",1.26505269556465,0.0539085369580809,0,"379","1","378",-0.364818234110487,0.29839111896498,-0.310909697152406,0.954142998412246,1.18920711500272
"380","S_2397_S166",1.26505269556465,0.0202967287955227,0,"380","1","379",0.175225390592199,0.341790712872819,0.195522119387721,1.46057481495237,1.56508458007329
"381","S_255_S45",1.26505269556465,0.107243894771512,0,"381","1","380",-1.06564651443591,0.298443777489655,-0.958402619664399,0.306650075900253,0
"382","S_256_S39_L003",1.26505269556465,0.0950531966683569,0,"382","1","381",-0.396816473372776,0.280492545803274,-0.301763276704419,0.963289418860232,0
"383","S_274_S192",1.26505269556465,0.0397686198418074,0,"383","1","382",-0.477963328218367,0.287656290483427,-0.43819470837656,0.826857987188092,0
"384","S_276_S74",1.26505269556465,0.064125390663008,0,"384","1","383",-0.0934845925993658,0.256782843182251,-0.0293592019363577,1.23569349362829,1.49534878122122
"385","S_27_S7",1.26505269556465,0.0471668506039911,0,"385","1","384",-0.380097691914321,0.302436756325733,-0.33293084131033,0.932121854254321,0.840896415253715
"386","S_285_1_S191",1.26505269556465,0.0348540027696559,0,"386","1","385",0.433182728928227,0.325670112588334,0.468036731697883,1.73308942726253,2.05976714390712
"387","S_289_S32_L003",1.26505269556465,-0.0285331212617784,0,"387","1","386",0.196110039396287,0.403286821567988,0.167576918134509,1.43262961369916,1.31607401295249
"388","S_292_S80",1.26505269556465,0.136136619878816,0,"388","1","387",0.71340805773608,0.30763228132175,0.849544677614896,2.11459737317955,1.31607401295249
"389","S_295_S46_L003",1.26505269556465,0.22165306923395,0,"389","1","388",-0.0137628682492215,0.331802771716038,0.207890200984728,1.47294289654938,1.31607401295249
"390","S_297_S95",1.26505269556465,0.22449872266,0,"390","1","389",0.676179716957348,0.335016534185064,0.900678439617347,2.165731135182,2.51486685936587
"391","S_302_S182",1.26505269556465,0.144857373260122,0,"391","1","390",-0.126083592440491,0.321578141557273,0.018773780819631,1.28382647638428,2.11474252688113
"392","S_328_S179",1.26505269556465,0.0215339397247977,0,"392","1","391",-0.275462498857522,0.312602558462358,-0.253928559132725,1.01112413643193,1.56508458007329
"393","S_32_S152",1.26505269556465,0.10215072917922,0,"393","1","392",-0.612914636609664,0.323495064993067,-0.510763907430445,0.754288788134207,0
"394","S_331_S25",1.26505269556465,0.12774694775407,0,"394","1","393",-0.229959215317121,0.313452564767194,-0.102212267563051,1.1628404280016,0
"395","S_334_S137",1.26505269556465,0.115874827889066,0,"395","1","394",-0.832507479912485,0.297747642050765,-0.716632652023419,0.548420043541233,0
"396","S_337_S8",1.26505269556465,0.112521194367771,0,"396","1","395",0.681603249637898,0.269147485618283,0.794124444005669,2.05917713957032,2.99069756244244
"397","S_339_S28_L003",1.26505269556465,0.0746845016561439,0,"397","1","396",-0.132307206607331,0.278005400706245,-0.0576227049511873,1.20742999061346,0
"398","S_341_S162",1.26505269556465,-0.0489227248804242,0,"398","1","397",-0.0228311467976442,0.489223028247974,-0.0717538716780685,1.19329882388658,1.83142075074235
"399","S_344_S160",1.26505269556465,-0.0859054608337608,0,"399","1","398",0.0442283174086853,0.563561176266823,-0.0416771434250755,1.22337555213958,1.56508458007329
"400","S_357_S87",1.26505269556465,0.179768596760654,0,"400","1","399",0.0755280392977532,0.329099581482718,0.255296636058407,1.52034933162306,1.49534878122122
"401","S_371_S41_L003",1.26505269556465,0.134507249857257,0,"401","1","400",-0.203889310538308,0.327813363630177,-0.0693820606810507,1.1956706348836,1
"402","S_373_S73",1.26505269556465,0.107415916138425,0,"402","1","401",-0.325206113030342,0.315239673788747,-0.217790196891917,1.04726249867274,0
"403","S_377_S12_L003",1.26505269556465,0.0521373429986376,0,"403","1","402",-0.427617659832016,0.320567965529008,-0.375480316833378,0.889572378731274,2.78315768371374
"404","S_385_S62_L003",1.26505269556465,0.0861469606128889,0,"404","1","403",0.437791267161932,0.329132020777962,0.523938227774821,1.78899092333947,2.23606797749979
"405","S_393_S135",1.26505269556465,-0.0258007431980735,0,"405","2","  2",-0.776737253017017,0.300840120759077,-0.80253799621509,0.462514699349561,NA
"406","S_397_S176",1.26505269556465,0.0538827625672315,0,"406","1","404",-0.0861426662548159,0.312866954953591,-0.0322599036875844,1.23279279187707,1.18920711500272
"407","S_406_S140",1.26505269556465,0.0161769703296887,0,"407","1","405",0.797872523202718,0.337797794379585,0.814049493532407,2.07910218909706,2.65914794847249
"408","S_407_S131",1.26505269556465,0.0388715129314832,0,"408","1","406",-0.445711575940766,0.32460491617723,-0.406840063009283,0.858212632555369,0
"409","S_413_S86_L003",1.26505269556465,0.0273096660744159,0,"409","1","407",-0.272718883827164,0.292389767853686,-0.245409217752748,1.0196434778119,0
"410","S_419_S1",1.26505269556465,0.0505018582264213,0,"410","1","408",0.173066249570661,0.291884462249575,0.223568107797082,1.48862080336173,1.49534878122122
"411","S_41_S124",1.26505269556465,0.0257774573560321,0,"411","1","409",-1.22531498998843,0.321254169891721,-1.1995375326324,0.0655151629322512,0
"412","S_440_S128",1.26505269556465,-0.046291352163363,0,"412","1","410",-0.241840684271828,0.449945113917272,-0.288132036435191,0.97692065912946,0
"413","S_450_S135",1.26505269556465,0.127083003077747,0,"413","1","411",0.123048856456982,0.326788174900709,0.250131859534728,1.51518455509938,0.840896415253715
"414","S_453_S63",1.26505269556465,-0.0187092074847472,0,"414","1","412",-0.769033486520525,0.360423856544452,-0.787742694005273,0.477310001559379,0
"415","S_454_S71_L003",1.26505269556465,0.0826851261041612,0,"415","1","413",0.674366886194555,0.326888168853242,0.757052012298716,2.02210470786337,2.54572989502183
"416","S_469_S119",1.26505269556465,0.142602075855542,0,"416","1","414",0.209062760740142,0.347217263996774,0.351664836595684,1.61671753216034,2.89250760851908
"417","S_474_S89_L003",1.26505269556465,-0.103475838150225,0,"417","1","415",0.186606709413097,0.536740274674406,0.0831308712628714,1.34818356682752,0
"418","S_481_S27_L003",1.26505269556465,0.151023121119472,0,"418","1","416",-0.0887012773994252,0.353035872704749,0.0623218437200468,1.3273745392847,0.840896415253715
"419","S_487_S31",1.26505269556465,0.0384644624119895,0,"419","1","417",0.0731751833564981,0.293329942359273,0.111639645768488,1.37669234133314,1.49534878122122
"420","S_501_S43",1.26505269556465,0.0989741928180843,0,"420","1","418",-0.30471265925557,0.304989714710366,-0.205738466437486,1.05931422912717,0
"421","S_509_S109",1.26505269556465,-0.0191797488529294,0,"421","1","419",-0.70680961160873,0.306726038509601,-0.72598936046166,0.539063335102992,0
"422","S_515_S58",1.26505269556465,0.023198532789903,0,"422","1","420",-1.53283339211757,0.30978326626036,-1.50963485932767,0,0
"423","S_516_S138",1.26505269556465,-0.0669330518251641,0,"423","1","421",-0.232366693788236,0.500590149711345,-0.2992997456134,0.965752949951251,0
"424","S_517_S20_L003",1.26505269556465,0.0620209152597859,0,"424","1","422",1.05407895277544,0.306094371659066,1.11609986803522,2.38115256359988,2.89250760851908
"425","S_522_S10",1.26505269556465,0.0457758954552634,0,"425","1","423",1.00412108247443,0.288423528210697,1.04989697792969,2.31494967349434,2.34034731932072
"426","S_524_S33_L003",1.26505269556465,0.0628921268881495,0,"426","1","424",0.473650459774762,0.311601842959009,0.536542586662912,1.80159528222756,1.31607401295249
"427","S_528_S103",1.26505269556465,0.103220302383067,0,"427","1","425",0.197047015073769,0.318626253313346,0.300267317456836,1.56532001302149,2.34034731932072
"428","S_533_S68",1.26505269556465,0.0185645775480098,0,"428","1","426",0.570665079352312,0.333120010962154,0.589229656900321,1.85428235246497,1.56508458007329
"429","S_537_S78_L003",1.26505269556465,0.0829983866707545,0,"429","1","427",0.870333580932905,0.340596293555391,0.95333196760366,2.21838466316831,2.78315768371374
"430","S_545_S69",1.26505269556465,0.122370804998513,0,"430","1","428",0.116788944479273,0.351190299447737,0.239159749477786,1.50421244504244,1.10668191970032
"431","S_565_S149",1.26505269556465,0.0391083558454994,0,"431","1","429",0.22866693891284,0.313816438666276,0.267775294758339,1.53282799032299,2.05976714390712
"432","S_567_S165",1.26505269556465,0.0213663493869474,0,"432","1","430",-0.547771156563374,0.310883756950102,-0.526404807176427,0.738647888388225,0
"433","S_574_S155",1.26505269556465,-0.0452559662072416,0,"433","1","431",0.223340747184205,0.473710577250731,0.178084780976963,1.44313747654162,0
"434","S_591_S99",1.26505269556465,0.1105263972398,0,"434","1","432",0.470036177699561,0.346406745278979,0.580562574939361,1.84561527050401,1.49534878122122
"435","S_5_S63_L003",1.26505269556465,-0.0336542166584649,0,"435","1","433",0.561483591603671,0.459881988890638,0.527829374945206,1.79288207050986,2.51486685936587
"436","S_629_S113",1.26505269556465,0.146778098057732,0,"436","1","434",-0.0288337814151894,0.308815041811793,0.117944316642543,1.38299701220719,1.77827941003892
"437","S_630_S51_L003",1.26505269556465,0.137915733546877,0,"437","1","435",0.433191996559474,0.346299088042804,0.571107730106351,1.836160425671,2.11474252688113
"438","S_631_S87_L003",1.26505269556465,0.145992252444212,0,"438","1","436",0.151257800035367,0.303100871845733,0.29725005247958,1.56230274804423,1.96798967126543
"439","S_63_S170",1.26505269556465,0.0842067628769447,0,"439","1","437",0.104207797552951,0.274735100900022,0.188414560429895,1.45346725599455,0
"440","S_640_S178",1.26505269556465,0.0224329139004632,0,"440","1","438",-0.521128173389476,0.26816809433374,-0.498695259489012,0.766357436075639,0
"441","S_646_S142",1.26505269556465,0.166010714015357,0,"441","1","439",0.199286065413024,0.317965339771624,0.365296779428381,1.63034947499303,1.25743342968294
"442","S_650_S129",1.26505269556465,-0.0629241299215815,0,"442","1","440",0.0760366154734852,0.485491128327414,0.0131124855519036,1.27816518111656,2.17793858734643
"443","S_653_S6",1.26505269556465,0.121812715334058,0,"443","1","441",1.1463450465903,0.298006553587298,1.26815776192436,2.53321045748901,2.34034731932072
"444","S_656_S181",1.26505269556465,0.0779461948241795,0,"444","1","442",0.515966600069744,0.280664737877794,0.593912794893924,1.85896549045858,2.34034731932072
"445","S_657_S154",1.26505269556465,-0.0833428454060162,0,"445","1","443",0.154072383797824,0.523196647503933,0.0707295383918077,1.33578223395646,2.23606797749979
"446","S_658_S33",1.26505269556465,0.121118559900581,0,"446","1","444",0.744751863821358,0.307380227112148,0.865870423721939,2.13092311928659,2.89250760851908
"447","S_65_S29_L003",1.26505269556465,0.0371580626801942,0,"447","1","445",0.570135845781223,0.283304085972348,0.607293908461417,1.87234660402607,2.11474252688113
"448","S_662_S98",1.26505269556465,0.120186404656309,0,"448","1","446",-0.297684035315486,0.291462950259301,-0.177497630659176,1.08755506490548,0.840896415253715
"449","S_673_S40_L003",1.26505269556465,0.179646109839508,0,"449","1","447",0.417749704194562,0.320713515314189,0.59739581403407,1.86244850959872,1.4142135623731
"450","S_674_S130",1.26505269556465,0.172181759434539,0,"450","1","448",-0.751027555945855,0.296713986827528,-0.578845796511316,0.686206899053336,0
"451","S_679_S9",1.26505269556465,0.16235901051144,0,"451","1","449",-0.514866276269704,0.330835507842205,-0.352507265758265,0.912545429806387,1.25743342968294
"452","S_685_S121",1.26505269556465,0.209023695226105,0,"452","1","450",0.110103627276269,0.327367378355685,0.319127322502374,1.58418001806703,1.31607401295249
"453","S_695_S46",1.26505269556465,0.136321729204225,0,"453","1","451",0.437654258207716,0.306277008156968,0.573975987411941,1.83902868297659,2.51486685936587
"454","S_696_S88",1.26505269556465,0.110567902669148,0,"454","1","452",0.810562028292137,0.332179767433119,0.921129930961285,2.18618262652594,2.34034731932072
"455","S_706_S108",1.26505269556465,0.128676282713257,0,"455","1","453",-0.440974070148871,0.274712382746627,-0.312297787435615,0.952754908129037,1.25743342968294
"456","S_711_S50",1.26505269556465,0.148803601160366,0,"456","1","454",-0.0514413728109828,0.313581915655975,0.0973622283493834,1.36241492391404,1.49534878122122
"457","S_712_S136",1.26505269556465,0.100565814221119,0,"457","1","455",0.161859559841895,0.280604206447703,0.262425374063015,1.52747806962767,1.45647531512197
"458","S_713_S163",1.26505269556465,-0.0118110433104468,0,"458","1","456",0.432229012987712,0.445151731140752,0.420417969677265,1.68547066524192,1.77827941003892
"459","S_714_S34_L003",1.26505269556465,0.192501899206113,0,"459","1","457",-0.303015206378053,0.312568670924856,-0.11051330717194,1.15453938839271,1.56508458007329
"460","S_726_S69_L003",1.26505269556465,0.0611835815766612,0,"460","1","458",1.33807577861617,0.328845706777881,1.39925936019283,2.66431205575748,2.78315768371374
"461","S_733_S67_L003",1.26505269556465,0.214449368262458,0,"461","1","459",0.0306828945284141,0.33165069800349,0.245132262790872,1.51018495835552,1.25743342968294
"462","S_738_S39",1.26505269556465,0.120115057633333,0,"462","1","460",0.0609666597374812,0.301545300028131,0.181081717370814,1.44613441293547,1.56508458007329
"463","S_758_S128",1.26505269556465,0.166497331568529,0,"463","1","461",0.568026829609369,0.30121040062816,0.734524161177898,1.99957685674255,2.65914794847249
"464","S_762_S173",1.26505269556465,0.127872758302788,0,"464","1","462",0.521656678902387,0.286622539209995,0.649529437205175,1.91458213276983,2.11474252688113
"465","S_764_S93_L003",1.26505269556465,0.100220243045424,0,"465","1","463",0.818436429645091,0.301807955694066,0.918656672690515,2.18370936825517,2.89250760851908
"466","S_765_S48",1.26505269556465,0.129610850402016,0,"466","1","464",0.0502979069733056,0.275830016223599,0.179908757375321,1.44496145293997,1.31607401295249
"467","S_770_S57_L003",1.26505269556465,0.0338099919533339,0,"467","1","465",-0.210057810543946,0.303835869057453,-0.176247818590612,1.08880487697404,1.4142135623731
"468","S_772_S58_L003",1.26505269556465,0.104781257398715,0,"468","1","466",-0.697405731709813,0.274669026626173,-0.592624474311098,0.672428221253553,0
"469","S_779_S94_L003",1.26505269556465,0.0359301951182027,0,"469","1","467",-0.187050090142607,0.278167431338437,-0.151119895024404,1.11393280054025,0
"470","S_7_S141",1.26505269556465,0.119721542396025,0,"470","1","468",0.438539129533946,0.317390143289547,0.558260671929971,1.82331336749462,1.31607401295249
"471","S_813_S44_L003",1.26505269556465,0.0966844858974936,0,"471","1","469",-0.215768730843325,0.276035974996913,-0.119084244945831,1.14596845061882,2.23606797749979
"472","S_824_S40",1.26505269556465,0.154734809142322,0,"472","1","470",-0.577839120376295,0.313001000536666,-0.423104311233973,0.841948384330679,0
"473","S_825_S71",1.26505269556465,0.185522128155415,0,"473","1","471",-0.612244094130523,0.344225791459726,-0.426721965975109,0.838330729589543,1.25743342968294
"474","S_826_S8_L003",1.26505269556465,0.190707299447068,0,"474","1","472",0.199001028988976,0.327082383358983,0.389708328436045,1.6547610240007,1.56508458007329
"475","S_837_S50_L003",1.26505269556465,0.152932616309892,0,"475","1","473",0.777315975873747,0.293844634177304,0.930248592183639,2.19530128774829,2.65914794847249
"476","S_83_S14",1.26505269556465,0.0982627382682684,0,"476","1","474",-0.982557756386167,0.32881219700029,-0.884295018117898,0.380757677446753,0
"477","S_840_S88_L003",1.26505269556465,0.128190607759128,0,"477","1","475",-0.0548960863638745,0.29512425122314,0.0732945213952536,1.33834721695991,1.77827941003892
"478","S_844_S151",1.26505269556465,0.136297064751933,0,"478","1","476",-0.920360104331138,0.291774974609882,-0.784063039579205,0.480989655985447,0
"479","S_85_S36_L003",1.26505269556465,0.0774170196838163,0,"479","1","477",0.0519438879801497,0.303315516674191,0.129360907663966,1.39441360322862,1.18920711500272
"480","S_861_S22_L003",1.26505269556465,0.0807242233961835,0,"480","1","478",-0.0559890891642466,0.287126439409763,0.024735134231937,1.28978782979659,2.51486685936587
"481","S_865_S82",1.26505269556465,0.0813322134472201,0,"481","1","479",-0.431069496754596,0.290178907478856,-0.349737283307376,0.915315412257275,1.77827941003892
"482","S_879_S97",1.26505269556465,0.157089840880617,0,"482","1","480",-0.0765223360357733,0.291829362111395,0.0805675048448433,1.3456202004095,1.31607401295249
"483","S_87_S81",1.26505269556465,0.0260313090470327,0,"483","1","481",0.372098917925133,0.307564180667859,0.398130226972166,1.66318292253682,2.34034731932072
"484","S_885_S77",1.26505269556465,0.148966292086979,0,"484","1","482",-0.34922201214093,0.314576973619674,-0.200255720053951,1.0647969755107,0.840896415253715
"485","S_901_S136",1.26505269556465,-0.0284045905268487,0,"485","2","  3",-0.0331245966235388,0.398185044690552,-0.0615291871503875,1.20352350841426,NA
"486","S_932_S42_L003",1.26505269556465,0.103491082156886,0,"486","1","483",0.20472540529425,0.305445982354388,0.308216487451136,1.57326918301579,1.31607401295249
"487","S_961_S70_L003",1.26505269556465,0.12971715273008,0,"487","1","484",1.15612345604991,0.322470570339825,1.28584060877999,2.55089330434464,2.63214802590498
"488","S_962_S42",1.26505269556465,0.0866754612410748,0,"488","1","485",0.156177544896758,0.290087501582321,0.242853006137833,1.50790570170248,1.49534878122122
"489","S_972_S142",1.26505269556465,-0.0516087050423029,0,"489","1","486",0.105922121427497,0.540287470231415,0.0543134163851945,1.31936611194985,0
"490","S_978_S90",1.26505269556465,0.00994742088619275,0,"490","1","487",-0.46110599066632,0.368922778318552,-0.451158569780127,0.813894125784524,0
"491","S_983_S4",1.26505269556465,0.233711695537664,0,"491","1","488",-0.836490798461914,0.382672099630854,-0.60277910292425,0.662273592640402,0
"492","S_993_S55",1.26505269556465,0.153448013807546,0,"492","1","489",-0.0140170418263966,0.294017124754015,0.139430971981149,1.4044836675458,0.840896415253715
"493","NSW1201426",1.26505269556465,-0.0477839065533453,0,"493","2","  4",0.428285650569535,0.182484163918315,0.38050174401619,1.64555443958084,NA
"494","NSW1212884",1.26505269556465,-0.185629221743578,0,"494","2","  5",0.0748023726735919,0.2277063161263,-0.110826849069986,1.15422584649467,NA
"495","NSW1200541",1.26505269556465,-0.117056494622705,0,"495","2","  6",0.305908995550872,0.161247513096163,0.188852500928168,1.45390519649282,NA
"496","NSW1190165",1.26505269556465,-0.0924053398488172,0,"496","2","  7",-0.299883088035524,0.175098715445131,-0.392288427884341,0.872764267680311,NA
"497","NSW1166659",1.26505269556465,-0.16327055140615,0,"497","2","  8",-0.776656867084025,0.200039992468378,-0.939927418490175,0.325125277074477,NA
"498","NSW1213025",1.26505269556465,-0.0628153883162106,0,"498","2","  9",0.555940153659041,0.215314113332554,0.49312476534283,1.75817746090748,NA
"499","NSW1211446",1.26505269556465,-0.105389371560848,0,"499","2"," 10",0.547415589826604,0.177275600481982,0.442026218265756,1.70707891383041,NA
"500","NSW1200628",1.26505269556465,-0.013607655498758,0,"500","2"," 11",-0.0505517550288523,0.229995879159575,-0.0641594105276103,1.20089328503704,NA
"501","NSW1166664",1.26505269556465,-0.152648429662901,0,"501","2"," 12",0.139009745530411,0.163156630179126,-0.0136386841324898,1.25141401143216,NA
"502","NSW1213021",1.26505269556465,-0.19436143242907,0,"502","2"," 13",0.225941041677967,0.215770738653048,0.0315796092488975,1.29663230481355,NA
"503","NSW1201391",1.26505269556465,-0.0509792303294899,0,"503","2"," 14",0.329256906360872,0.200887155079635,0.278277676031382,1.54333037159603,NA
"504","NSW1201419",1.26505269556465,-0.0339892513776378,0,"504","2"," 15",0.362998593474176,0.176163422244705,0.329009342096538,1.59406203766119,NA
"505","NSW1201415",1.26505269556465,0.00327658552900208,0,"505","2"," 16",0.169320788666089,0.163196286644334,0.172597374195091,1.43765006975974,NA
"506","NSW1200364",1.26505269556465,-0.174079265017743,0,"506","2"," 17",-0.495007766530744,0.239603451082314,-0.669087031548487,0.595965664016164,NA
"507","NSW1190167",1.26505269556465,-0.0560124407703242,0,"507","2"," 18",-0.252067285674923,0.176857751717504,-0.308079726445247,0.956972969119405,NA
"508","NSW1190204",1.26505269556465,-0.0164533376165941,0,"508","2"," 19",-0.358031299733343,0.172601596534112,-0.374484637349937,0.890568058214714,NA
"509","NSW1200834",1.26505269556465,-0.0731490710115178,0,"509","2"," 20",-0.201024732038386,0.198689225466069,-0.274173803049904,0.990878892514748,NA
"510","NSW1200533",1.26505269556465,0.0218540797062445,0,"510","2"," 21",0.545542703900734,0.216208751314136,0.567396783606978,1.83244947917163,NA
"511","NSW1200414",1.26505269556465,-0.0869971331198068,0,"511","2"," 22",-0.211590180338305,0.19477564628256,-0.298587313458111,0.96646538210654,NA
"512","NSW1200759",1.26505269556465,0.00677643301540085,0,"512","2"," 23",0.130986660727317,0.187496137447515,0.137763093742718,1.40281578930737,NA
"513","NSW1212889",1.26505269556465,-0.222027406497048,0,"513","2"," 24",-0.0362021559400792,0.20668433154311,-0.258229562437128,1.00682313312752,NA
"514","NSW1211427",1.26505269556465,-0.107923431559563,0,"514","2"," 25",-0.729989870669891,0.238284702477035,-0.837913302229454,0.427139393335198,NA
"515","NSW1200379",1.26505269556465,-0.124024878629698,0,"515","2"," 26",0.219920420471311,0.178972791760705,0.0958955418416125,1.36094823740626,NA
"516","NSW1211455",1.26505269556465,-0.0519702837080795,0,"516","2"," 27",0.602042890794175,0.20620065897844,0.550072607086096,1.81512530265075,NA
"517","NSW1213033",1.26505269556465,-0.0724749955142422,0,"517","2"," 28",0.0662230865607645,0.199557918158327,-0.0062519089534777,1.25880078661117,NA
"518","NSW1212980",1.26505269556465,-0.0946676436287604,0,"518","2"," 29",0.00924663887899508,0.170091185074376,-0.0854210047497653,1.17963169081489,NA
"519","NSW1190213",1.26505269556465,-0.16798894883458,0,"519","2"," 30",0.00395059847423338,0.199769352902178,-0.164038350360347,1.1010143452043,NA
"520","NSW1201416",1.26505269556465,-0.0397259203518141,0,"520","2"," 31",0.795403727383357,0.145778822958664,0.755677807031543,2.02073050259619,NA
"521","NSW1200418",1.26505269556465,-0.14824234271694,0,"521","2"," 32",0.394727238174177,0.192672924500236,0.246484895457237,1.51153759102189,NA
"522","NSW1211456",1.26505269556465,-0.0884449569088823,0,"522","2"," 33",0.349658109696143,0.169353428622817,0.261213152787261,1.52626584835191,NA
"523","NSW1211564",1.26505269556465,-0.0325735917670308,0,"523","2"," 34",-0.0546897007397585,0.209103242190651,-0.0872632925067893,1.17778940305786,NA
"524","NSW1213016",1.26505269556465,-0.204037350562016,0,"524","2"," 35",-0.0112044777986172,0.204779747674141,-0.215241828360633,1.04981086720402,NA
"525","NSW1211583",1.26505269556465,-0.142787645658535,0,"525","2"," 36",-0.0411574736984014,0.174714794840865,-0.183945119356936,1.08110757620772,NA
"526","NSW1200839",1.26505269556465,-0.0840179887747965,0,"526","2"," 37",-0.309759166126953,0.199761464892493,-0.39377715490175,0.871275540662902,NA
"527","NSW1211565",1.26505269556465,-0.129884063171367,0,"527","2"," 38",-0.138697238495751,0.174706994207315,-0.268581301667118,0.996471393897534,NA
"528","NSW1200425",1.26505269556465,-0.190466885239052,0,"528","2"," 39",-0.199526489253581,0.181529385790889,-0.389993374492633,0.875059321072019,NA
"529","NSW1200662",1.26505269556465,-0.176213158656212,0,"529","2"," 40",0.162124140222272,0.206777735596148,-0.0140890184339399,1.25096367713071,NA
"530","NSW1166655",1.26505269556465,-0.118851417397075,0,"530","2"," 41",0.741207407180338,0.195226216967339,0.622355989783263,1.88740868534791,NA
"531","NSW1212948",1.26505269556465,-0.120400205865153,0,"531","2"," 42",-0.104389846101672,0.223793469185659,-0.224790051966824,1.04026264359783,NA
"532","NSW1200528",1.26505269556465,-0.0629858434362323,0,"532","2"," 43",-0.120215537448731,0.178375910293602,-0.183201380884963,1.08185131467969,NA
"533","NSW1200563",1.26505269556465,-0.0178200750650353,0,"533","2"," 44",0.663319376965627,0.211000566867405,0.645499301900592,1.91055199746524,NA
"534","NSW1200351",1.26505269556465,-0.120972491151664,0,"534","2"," 45",0.111936799805306,0.206354422033169,-0.00903569134635804,1.25601700421829,NA
"535","NSW1213015",1.26505269556465,-0.182334950485447,0,"535","2"," 46",0.58041539106107,0.164062693808627,0.398080440575623,1.66313313614027,NA
"536","NSW1200394",1.26505269556465,-0.0525146195276741,0,"536","2"," 47",-0.240450057363784,0.176591920937423,-0.292964676891458,0.972088018673194,NA
"537","NSW1213011",1.26505269556465,-0.117605945719199,0,"537","2"," 48",0.0962234717101242,0.189620049305932,-0.0213824740090749,1.24367022155558,NA
"538","NSW1200664",1.26505269556465,-0.0472742580087147,0,"538","2"," 49",-0.308903663057381,0.197056184347729,-0.356177921066095,0.908874774498557,NA
"539","NSW1201655",1.26505269556465,-0.041971035766938,0,"539","2"," 50",1.01308381788454,0.19274981428547,0.971112782117606,2.23616547768226,NA
"540","NSW1200536",1.26505269556465,-0.0466142824234593,0,"540","2"," 51",-1.2165302878166,0.154671518363849,-1.26314457024006,0.00190812532458851,NA
"541","NSW1212943",1.26505269556465,-0.177655230401145,0,"541","2"," 52",0.415776789342455,0.166894773652223,0.23812155894131,1.50317425450596,NA
"542","NSW1200559",1.26505269556465,-0.0932990083598788,0,"542","2"," 53",-0.92565504676757,0.183888107136186,-1.01895405512745,0.246098640437203,NA
"543","NSW1200558",1.26505269556465,-0.0221072525997471,0,"543","2"," 54",-0.24196264943754,0.178875970664094,-0.264069902037287,1.00098279352736,NA
"544","NSW1200524",1.26505269556465,-0.051750880724082,0,"544","2"," 55",-1.0285967593654,0.167870083429582,-1.08034764008948,0.184705055475167,NA
"545","NSW1212795",1.26505269556465,-0.170422530286585,0,"545","2"," 56",-0.171232173697631,0.196286044432338,-0.341654703984216,0.923397991580436,NA
"546","NSW1200787",1.26505269556465,-0.0727191720956803,0,"546","2"," 57",0.242463678749103,0.187302068452247,0.169744506653422,1.43479720221807,NA
"547","NSW1200776",1.26505269556465,-0.171864936698776,0,"547","2"," 58",-0.260581671449918,0.170535441908525,-0.432446608148694,0.832606087415957,NA
"548","NSW1190216",1.26505269556465,-0.0734877937398228,0,"548","2"," 59",0.454003435696682,0.223315332238635,0.380515641956859,1.64556833752151,NA
"549","NSW1201495",1.26505269556465,-0.0418020106976896,0,"549","2"," 60",-0.365549373966624,0.163930115815072,-0.407351384664314,0.857701310900338,NA
"550","NSW1211582",1.26505269556465,-0.083554549217435,0,"550","2"," 61",0.392934726982727,0.19326539291907,0.309380177765292,1.57443287332994,NA
"551","NSW1200362",1.26505269556465,-0.0074509657324246,0,"551","2"," 62",-0.553824156080143,0.182309855665849,-0.561275121812568,0.703777573752084,NA
"552","NSW1212987",1.26505269556465,-0.121686230277066,0,"552","2"," 63",-0.077596315282698,0.479494947914542,-0.199282545559764,1.06577015000489,NA
"553","NSW1190194",1.26505269556465,-0.10914563508883,0,"553","2"," 64",-0.419629167414789,0.16028912317581,-0.528774802503619,0.736277893061033,NA
"554","NSW1213030",1.26505269556465,-0.0976127435985764,0,"554","2"," 65",-0.318576441832235,0.214489808519083,-0.416189185430812,0.84886351013384,NA
"555","NSW1190199",1.26505269556465,-0.0411496269004566,0,"555","2"," 66",-0.715825480059246,0.164436507547695,-0.756975106959703,0.508077588604949,NA
"556","NSW1200372",1.26505269556465,-0.0327283186931817,0,"556","2"," 67",-1.24603032370538,0.161139530765917,-1.27875864239856,0,NA
"557","NSW1211445",1.26505269556465,-0.0381329747230504,0,"557","2"," 68",0.155715250496784,0.186089756419463,0.117582275773734,1.38263497133839,NA
"558","NSW1211558",1.26505269556465,-0.0857813292809544,0,"558","2"," 69",-0.222849988797846,0.145012582775167,-0.3086313180788,0.956421377485851,NA
"559","NSW1200764",1.26505269556465,-0.178358608815676,0,"559","2"," 70",-0.609317153073493,0.209229262520065,-0.787675761889168,0.477376933675483,NA
"560","NSW1200848",1.26505269556465,-0.130569878650098,0,"560","2"," 71",-0.0403468235327282,0.17780944138693,-0.170916702182826,1.09413599338183,NA
"561","NSW1200661",1.26505269556465,-0.164056125682456,0,"561","2"," 72",0.152805355732239,0.210156081285602,-0.0112507699502177,1.25380192561443,NA
"562","NSW1211440",1.26505269556465,-0.0246187432071813,0,"562","2"," 73",0.125226773083113,0.201492971117082,0.100608029875931,1.36566072544058,NA
"563","NSW1200356",1.26505269556465,-0.177912656727853,0,"563","2"," 74",0.519149509451959,0.201690321480241,0.341236852724106,1.60628954828876,NA
"564","NSW1212992",1.26505269556465,-0.0743033249997248,0,"564","2"," 75",0.226192522941975,0.215016270779068,0.15188919794225,1.4169418935069,NA
"565","NSW1200905",1.26505269556465,-0.0182477284301722,0,"565","2"," 76",0.576798421466031,0.219589566597403,0.558550693035859,1.82360338860051,NA
"566","NSW1200357",1.26505269556465,-0.171134339498555,0,"566","2"," 77",-0.300207176429937,0.161682291683624,-0.471341515928493,0.793711179636159,NA
"567","NSW1200799",1.26505269556465,0.051169128129327,0,"567","2"," 78",-0.0571349795456126,0.176665270640813,-0.0059658514162856,1.25908684414837,NA
"568","NSW1166442",1.26505269556465,-0.120210828019005,0,"568","2"," 79",0.18345382135325,0.200992451840182,0.0632429933342453,1.3282956888989,NA
"569","NSW1200539",1.26505269556465,-0.0370895160257945,0,"569","2"," 80",0.0259579820956607,0.178356964595341,-0.0111315339301337,1.25392116163452,NA
"570","NSW1200543",1.26505269556465,-0.111235601519111,0,"570","2"," 81",0.577161904437961,0.319311937674275,0.465926302918849,1.7309789984835,NA
"571","NSW1200529",1.26505269556465,-0.145798324728446,0,"571","2"," 82",-0.504051611348894,0.165262476029941,-0.64984993607734,0.615202759487312,NA
"572","NSW1212866",1.26505269556465,-0.155330703607039,0,"572","2"," 83",0.440783439502611,0.19024681215005,0.285452735895572,1.55050543146022,NA
"573","NSW1200873",1.26505269556465,-0.0885839855846167,0,"573","2"," 84",-0.216628362447544,0.174472056144036,-0.30521234803216,0.959840347532491,NA
"574","NSW1211541",1.26505269556465,-0.106792124679459,0,"574","2"," 85",-0.678943846080119,0.221516903672662,-0.785735970759578,0.479316724805074,NA
"575","NSW1190198",1.26505269556465,-0.0197731930904412,0,"575","2"," 86",-0.617634010045289,0.202141188565567,-0.63740720313573,0.627645492428922,NA
"576","NSW1213013",1.26505269556465,-0.187056854225315,0,"576","2"," 87",0.449838320214127,0.219904140328074,0.262781465988813,1.52783416155346,NA
"577","NSW1212970",1.26505269556465,-0.117751028304108,0,"577","2"," 88",0.00996097303579066,0.219954948228297,-0.107790055268317,1.15726264029633,NA
"578","NSW1212997",1.26505269556465,-0.167064643479494,0,"578","2"," 89",0.245995615859425,0.187550159889814,0.0789309723799309,1.34398366794458,NA
"579","NSW1211508",1.26505269556465,-0.0199252809721463,0,"579","2"," 90",0.101807816939204,0.216605646181933,0.0818825359670577,1.34693523153171,NA
"580","NSW1211552",1.26505269556465,-0.0274800521783413,0,"580","2"," 91",0.340376310620467,0.182470087358971,0.312896258442125,1.57794895400678,NA
"581","NSW1211442",1.26505269556465,-0.0253704805126043,0,"581","2"," 92",0.325574766819838,0.203251769720446,0.300204286307234,1.56525698187189,NA
"582","NSW1211451",1.26505269556465,-0.0892675661647027,0,"582","2"," 93",-0.173380555889029,0.156556819807696,-0.262648122053732,1.00240457351092,NA
"583","NSW1194456",1.26505269556465,-0.0869912312449106,0,"583","2"," 94",-0.00362346895399541,0.175869763235839,-0.090614700198906,1.17443799536575,NA
"584","NSW1211546",1.26505269556465,-0.0750286748183257,0,"584","2"," 95",0.381024654967047,0.167886626952477,0.305995980148722,1.57104867571337,NA
"585","NSW1213001",1.26505269556465,-0.218729074833097,0,"585","2"," 96",-0.143163499290165,0.196637095289746,-0.361892574123262,0.90316012144139,NA
"586","NSW1201431",1.26505269556465,-0.0944021853578805,0,"586","2"," 97",0.550366701283656,0.155215151406586,0.455964515925775,1.72101721149043,NA
"587","NSW1211568",1.26505269556465,-0.036999195360407,0,"587","2"," 98",0.509946285814561,0.235780063141097,0.472947090454154,1.73799978601881,NA
"588","NSW1211441",1.26505269556465,-0.0168600119603629,0,"588","2"," 99",-0.917013206116858,0.189435935598452,-0.933873218077221,0.331179477487431,NA
"589","NSW1190206",1.26505269556465,-0.095157001894,0,"589","2","100",0.0576067356834783,0.149970091412178,-0.0375502662105217,1.22750242935413,NA
"590","NSW1200389",1.26505269556465,-0.122518474363842,0,"590","2","101",0.190845267276723,0.148609582928168,0.0683267929128814,1.33337948847753,NA
"591","NSW1211534",1.26505269556465,-0.047588453634141,0,"591","2","102",-0.244809701632983,0.208021154881361,-0.292398155267125,0.972654540297527,NA
"592","NSW1200346",1.26505269556465,-0.171402606013936,0,"592","2","103",0.667391057394737,0.195529141644508,0.4959884513808,1.76104114694545,NA
"593","NSW1200505",1.26505269556465,-0.155261357302191,0,"593","2","104",-0.304946045831326,0.161881423570037,-0.460207403133517,0.804845292431134,NA
"594","NSW1200511",1.26505269556465,-0.121864677312725,0,"594","2","105",0.55123540281653,0.16694792423535,0.429370725503805,1.69442342106846,NA
"595","NSW1212790",1.26505269556465,-0.168608703042961,0,"595","2","106",-0.285923319317842,0.219070825786099,-0.454532022360803,0.810520673203849,NA
"596","NSW1200361",1.26505269556465,-0.0991673774597043,0,"596","2","107",0.383896593929333,0.172639454856752,0.284729216469629,1.54978191203428,NA
"597","NSW1200514",1.26505269556465,-0.0983844449192066,0,"597","2","108",0.290490671711892,0.167381455780801,0.192106226792685,1.45715892235734,NA
"598","NSW1200774",1.26505269556465,-0.0869105790437394,0,"598","2","109",0.424612299770011,0.192664502208141,0.337701720726271,1.60275441629092,NA
"599","NSW1212985",1.26505269556465,-0.163852777410188,0,"599","2","110",-1.24249138881679,0.17868466534369,-1.40634416622698,0,NA
"600","NSW1201411",1.26505269556465,-0.0537317744050961,0,"600","2","111",0.228734674723401,0.185563994927214,0.175002900318305,1.44005559588296,NA
"601","NSW1200352",1.26505269556465,-0.163447032872533,0,"601","2","112",0.426295308460872,0.191123030991231,0.262848275588339,1.52790097115299,NA
"602","NSW1211570",1.26505269556465,-0.0960899190860141,0,"602","2","113",0.0266774770372414,0.171664827196197,-0.0694124420487728,1.19564025351588,NA
"603","NSW1200549",1.26505269556465,-0.0676764838131991,0,"603","2","114",-0.160181156409351,0.13517068126575,-0.22785764022255,1.0371950553421,NA
"604","NSW1200384",1.26505269556465,-0.0941613561720014,0,"604","2","115",-0.609300597573641,0.176190580537876,-0.703461953745642,0.56159074181901,NA
"605","NSW1211577",1.26505269556465,-0.05386421231049,0,"605","2","116",-0.257739491712335,0.199101960568185,-0.311603704022825,0.953448991541827,NA
"606","NSW1200347",1.26505269556465,-0.204080053113971,0,"606","2","117",-0.675056730660581,0.169961907526232,-0.879136783774552,0.3859159117901,NA
"607","NSW1200829",1.26505269556465,-0.0731490710115178,0,"607","2","118",-0.201024732038386,0.198689225466069,-0.274173803049904,0.990878892514748,NA
"608","NSW1200657",1.26505269556465,-0.144306680152778,0,"608","2","119",0.279041309740804,0.210107201260396,0.134734629588025,1.39978732515268,NA
"609","NSW1212977",1.26505269556465,-0.144311329812624,0,"609","2","120",-0.316524489199835,0.2316080605511,-0.460835819012459,0.804216876552193,NA
"610","NSW1201414",1.26505269556465,-0.00340007829709627,0,"610","2","121",0.018406554742195,0.14682367804612,0.0150064764450987,1.28005917200975,NA
"611","NSW1200509",1.26505269556465,-0.0840588304772996,0,"611","2","122",-0.38471839023113,0.173604647049481,-0.468777220708429,0.796275474856222,NA
"612","NSW1200521",1.26505269556465,-0.0107917235560561,0,"612","2","123",0.05243982576582,0.193205465790889,0.041648102209764,1.30670079777442,NA
"613","NSW1201631",1.26505269556465,0.0523599350681413,0,"613","2","124",-0.0697733936683087,0.177509816927477,-0.0174134586001675,1.24763923696448,NA
"614","NSW1212856",1.26505269556465,-0.185020830603736,0,"614","2","125",0.565980896736443,0.210455110508885,0.380960066132707,1.64601276169736,NA
"615","NSW1200647",1.26505269556465,-0.0248530747021209,0,"615","2","126",-0.327490081897613,0.216576049042898,-0.352343156599734,0.912709538964918,NA
"616","NSW1201396",1.26505269556465,-0.159523111186458,0,"616","2","127",0.544538063858541,0.168285164869729,0.385014952672083,1.65006764823673,NA
"617","NSW1200554",1.26505269556465,-0.0718168851012319,0,"617","2","128",0.0605375692913125,0.145542080971897,-0.0112793158099193,1.25377337975473,NA
"618","NSW1200544",1.26505269556465,-0.124849372156812,0,"618","2","129",-0.500311353048111,0.162931210336696,-0.625160725204924,0.639891970359728,NA
"619","NSW1200429",1.26505269556465,-0.106127859206219,0,"619","2","130",-0.151023222156857,0.465589211654794,-0.257151081363077,1.00790161420157,NA
"620","NSW1190190",1.26505269556465,-0.159525018896013,0,"620","2","131",-0.142860055726799,0.184048195320381,-0.302385074622812,0.96266762094184,NA
"621","NSW1200428",1.26505269556465,-0.106705816363259,0,"621","2","132",-0.598152533204481,0.170520390018423,-0.70485834956774,0.560194345996912,NA
"622","NSW1190183",1.26505269556465,-0.111961341327261,0,"622","2","133",0.404202677772335,0.215901668021266,0.292241336445074,1.55729403200973,NA
"623","NSW1201400",1.26505269556465,0.0483578595913696,0,"623","2","134",0.152574393448765,0.204829835841411,0.200932253040134,1.46598494860479,NA
"624","NSW1166447",1.26505269556465,-0.18223143177877,0,"624","2","135",0.162684656898417,0.230998711399669,-0.0195467748803531,1.2455059206843,NA
"625","NSW1190182",1.26505269556465,-0.123867673495175,0,"625","2","136",0.610917750522587,0.196233676864187,0.487050077027412,1.75210277259206,NA
"626","NSW1200666",1.26505269556465,-0.162773194524824,0,"626","2","137",0.222652708697345,0.211872292430048,0.0598795141725206,1.32493220973717,NA
"627","NSW1190168",1.26505269556465,-0.0626868798059962,0,"627","2","138",-0.641811490347783,0.176232717749336,-0.704498370153779,0.560554325410873,NA
"628","NSW1201641",1.26505269556465,0.0479421247484607,0,"628","2","139",-0.17188489867436,0.175755542290049,-0.123942773925899,1.14110992163875,NA
"629","NSW1194450",1.26505269556465,-0.0954112153251699,0,"629","2","140",0.156114465261114,0.175529761170333,0.0607032499359444,1.3257559455006,NA
"630","NSW1211020",1.26505269556465,-0.115723368590343,0,"630","2","141",-0.476287967780941,0.231692846670423,-0.592011336371283,0.673041359193368,NA
"631","NSW1200545",1.26505269556465,-0.168087898398032,0,"631","2","142",0.0956980790261424,0.155912554133085,-0.0723898193718893,1.19266287619276,NA
"632","NSW1200373",1.26505269556465,-0.123222298567803,0,"632","2","143",0.0381724138519238,0.137866938097413,-0.0850498847158794,1.18000281084877,NA
"633","NSW1211526",1.26505269556465,-0.10416616363993,0,"633","2","144",0.0767677163564868,0.209000352171329,-0.0273984472834428,1.23765424828121,NA
"634","NSW1212995",1.26505269556465,-0.172943445353748,0,"634","2","145",0.262513641856035,0.215267167686467,0.0895701965022869,1.35462289206694,NA
"635","NSW1212990",1.26505269556465,-0.141994000351041,0,"635","2","146",-0.321304133787685,0.160174014475336,-0.463298134138726,0.801754561425926,NA
"636","NSW1190212",1.26505269556465,0.0430806194725804,0,"636","2","147",-0.234473789770378,0.199914466744076,-0.191393170297798,1.07365952526685,NA
"637","NSW1200895",1.26505269556465,-0.0081749581665946,0,"637","2","148",0.986735256243402,0.194943205555944,0.978560298076808,2.24361299364146,NA
"638","NSW1211539",1.26505269556465,-0.0958657737085141,0,"638","2","149",0.520503261849688,0.210346923317592,0.424637488141173,1.68969018370583,NA
"639","NSW1200817",1.26505269556465,-0.11628487112101,0,"639","2","150",-0.735452792123739,0.163481406105103,-0.85173766324475,0.413315032319902,NA
"640","NSW1200388",1.26505269556465,-0.0338617209143817,0,"640","2","151",-0.500450676535004,0.199542225159886,-0.534312397449385,0.730740298115266,NA
"641","NSW1200807",1.26505269556465,-0.0723699053185631,0,"641","2","152",0.292065955532268,0.206700915022302,0.219696050213705,1.48474874577836,NA
"642","NSW1200420",1.26505269556465,-0.150093366191557,0,"642","2","153",0.281100218970228,0.195167872137535,0.131006852778671,1.39605954834332,NA
"643","NSW1213005",1.26505269556465,-0.168381285017962,0,"643","2","154",0.00250301995235222,0.192048406599946,-0.16587826506561,1.09917443049904,NA
"644","NSW1211533",1.26505269556465,-0.166422125519362,0,"644","2","155",0.992040766642828,0.14592822402893,0.825618641123466,2.09067133668812,NA
"645","NSW1212991",1.26505269556465,-0.139586907023884,0,"645","2","156",0.348206292574864,0.194262244745208,0.20861938555098,1.47367208111563,NA
"646","NSW1201650",1.26505269556465,0.00798190089229422,0,"646","2","157",0.610181318005986,0.194753899547057,0.61816321889828,1.88321591446293,NA
"647","NSW1213020",1.26505269556465,-0.19337698488179,0,"647","2","158",0.301627467458688,0.254453035641725,0.108250482576898,1.37330317814155,NA
"648","NSW1190163",1.26505269556465,-0.144329316717617,0,"648","2","159",0.0275716121008929,0.13453056390447,-0.116757704616724,1.14829499094793,NA
"649","NSW1200466",1.26505269556465,-0.170543026221011,0,"649","2","160",0.270124895568246,0.17539455117943,0.0995818693472355,1.36463456491189,NA
"650","NSW1200623",1.26505269556465,-0.0848664550876104,0,"650","2","161",-0.180907449667354,0.168880192575978,-0.265773904754964,0.999278790809687,NA
"651","NSW1211511",1.26505269556465,-0.135048802277686,0,"651","2","162",0.210000624720791,0.186642766785686,0.0749518224431049,1.34000451800776,NA
"652","NSW1200371",1.26505269556465,-0.0943608820079475,0,"652","2","163",0.00758198449194722,0.171416394576504,-0.0867788975160003,1.17827379804865,NA
"653","NSW1211592",1.26505269556465,-0.0279094747037746,0,"653","2","164",-0.97651988888455,0.180381465800868,-1.00442936358832,0.260623331976328,NA
"654","NSW1212785",1.26505269556465,-0.157716540712795,0,"654","2","165",-0.154476274171239,0.186678095863762,-0.312192814884034,0.952859880680618,NA
"655","NSW1201616",1.26505269556465,0.0523599350681413,0,"655","2","166",-0.0697733936683087,0.177509816927477,-0.0174134586001675,1.24763923696448,NA
"656","NSW1212959",1.26505269556465,-0.148077646744712,0,"656","2","167",0.155410997773518,0.222081747336779,0.00733335102880633,1.27238604659346,NA
"657","NSW1213034",1.26505269556465,-0.19764541183613,0,"657","2","168",-0.560954266701557,0.17459687165529,-0.758599678537687,0.506453017026965,NA
"658","NSW1211561",1.26505269556465,-0.0178948890853681,0,"658","2","169",-0.0142210209213157,0.175384899089688,-0.0321159100066839,1.23293678555797,NA
"659","NSW1211542",1.26505269556465,-0.110903342882885,0,"659","2","170",-0.102917545349034,0.167904716562669,-0.21382088823192,1.05123180733273,NA
"660","NSW1200803",1.26505269556465,-0.0572647105092949,0,"660","2","171",-0.467741622301571,0.169857400191643,-0.525006332810866,0.740046362753785,NA
"661","NSW1211578",1.26505269556465,-0.0753307545394616,0,"661","2","172",0.0922657475931948,0.167190720478428,0.0169349930537332,1.28198768861838,NA
"662","NSW1190217",1.26505269556465,-0.0376042378090485,0,"662","2","173",-0.400949180033042,0.198474032896755,-0.43855341784209,0.826499277722562,NA
"663","NSW1211562",1.26505269556465,-0.0890050154486942,0,"663","2","174",-0.699652646636521,0.1592648488561,-0.788657662085215,0.476395033479437,NA
"664","NSW1200672",1.26505269556465,-0.0970273836414676,0,"664","2","175",0.318683188945495,0.240315155516334,0.221655805304027,1.48670850086868,NA
"665","NSW1201375",1.26505269556465,0.0523599350681413,0,"665","2","176",-0.0697733936683087,0.177509816927477,-0.0174134586001675,1.24763923696448,NA
"666","NSW1212972",1.26505269556465,-0.101809063957378,0,"666","2","177",0.620108951827073,0.2674758594532,0.518299887869695,1.78335258343435,NA
"667","NSW1212982",1.26505269556465,-0.154826248597568,0,"667","2","178",0.0355843322107734,0.165349328194733,-0.119241916386795,1.14581077917786,NA
"668","NSW1166596",1.26505269556465,-0.182680428230777,0,"668","2","179",0.233373751983952,0.226048514485223,0.0506933237531754,1.31574601931783,NA
"669","NSW1190191",1.26505269556465,-0.142360836365869,0,"669","2","180",0.258169463138972,0.182614928367422,0.115808626773103,1.38086132233775,NA
"670","NSW1200360",1.26505269556465,-0.142423158186228,0,"670","2","181",0.233875102977346,0.185690729724015,0.0914519447911182,1.35650464035577,NA
"671","NSW1200363",1.26505269556465,-0.114670439939776,0,"671","2","182",0.275818947453507,0.171021745119494,0.161148507513731,1.42620120307838,NA
"672","NSW1212979",1.26505269556465,-0.169860702385862,0,"672","2","183",-0.191871227758388,0.177671648285561,-0.361731930144249,0.903320765420402,NA
"673","NSW1190208",1.26505269556465,-0.0212926239148036,0,"673","2","184",-0.431910351957499,0.181067170325889,-0.453202975872302,0.811849719692349,NA
"674","NSW1200358",1.26505269556465,-0.0865150083358318,0,"674","2","185",-0.467645945225503,0.187889555720794,-0.554160953561335,0.710891742003317,NA
"675","NSW1190192",1.26505269556465,-0.14297531634448,0,"675","2","186",0.0712176039276783,0.20272957164421,-0.0717577124168012,1.19329498314785,NA
"676","NSW1211584",1.26505269556465,-0.0426711543941386,0,"676","2","187",0.152785202604066,0.180416462851968,0.110114048209928,1.37516674377458,NA
"677","NSW1200622",1.26505269556465,-0.078531622584841,0,"677","2","188",-0.187512477889411,0.19683542565888,-0.266044100474252,0.9990085950904,NA
"678","NSW1211430",1.26505269556465,-0.0951812061688668,0,"678","2","189",-0.0515102096139903,0.179458164967728,-0.146691415782857,1.11836127978179,NA
"679","NSW1200777",1.26505269556465,-0.0506359105990817,0,"679","2","190",0.22106987267699,0.177105227913996,0.170433962077908,1.43548665764256,NA
"680","NSW1211426",1.26505269556465,-0.129254944227618,0,"680","2","191",-0.445159590633348,0.17234217955431,-0.574414534860966,0.690638160703686,NA
"681","NSW1211450",1.26505269556465,-0.0982864022071516,0,"681","2","192",-0.299118507916502,0.15210480734031,-0.397404910123653,0.867647785440998,NA
"682","NSW1201381",1.26505269556465,-0.0887549997281116,0,"682","2","193",0.343707331701714,0.184271159597949,0.254952331973602,1.52000502753825,NA
"683","NSW1211527",1.26505269556465,-0.0959240943861152,0,"683","2","194",0.145557793741745,0.192557399384643,0.0496336993556303,1.31468639492028,NA
"684","NSW1194457",1.26505269556465,-0.128315193337219,0,"684","2","195",-0.122895770779175,0.146094177836064,-0.251210964116394,1.01384173144826,NA
"685","NSW1213006",1.26505269556465,-0.16511650702833,0,"685","2","196",1.3889471669154,0.190912266434949,1.22383065988707,2.48888335545172,NA
"686","NSW1190187",1.26505269556465,-0.112475799064961,0,"686","2","197",0.0869618379673052,0.171744730386894,-0.0255139610976562,1.239538734467,NA
"687","NSW1213010",1.26505269556465,-0.174811561404943,0,"687","2","198",0.131435837033686,0.199669360457764,-0.0433757243712577,1.22167697119339,NA
"688","NSW1201425",1.26505269556465,-0.109725912464237,0,"688","2","199",-0.0496730709197644,0.18022758784433,-0.159398983384001,1.10565371218065,NA
"689","NSW1200504",1.26505269556465,-0.0675393875752147,0,"689","2","200",-0.275549095802215,0.18822400421535,-0.34308848337743,0.921964212187222,NA
"690","NSW1200920",1.26505269556465,-0.0762399816182483,0,"690","2","201",0.627812041159564,0.218898638479552,0.551572059541316,1.81662475510597,NA
"691","NSW1200341",1.26505269556465,-0.148908909210246,0,"691","2","202",-0.0167849991007452,0.188029124809531,-0.165693908310991,1.09935878725366,NA
"692","NSW1200337",1.26505269556465,-0.188352612558019,0,"692","2","203",0.470668402571468,0.192634759691396,0.282315790013449,1.5473684855781,NA
"693","NSW1212988",1.26505269556465,-0.0614839053478083,0,"693","2","204",0.21178735740134,0.201417755219055,0.150303452053532,1.41535614761818,NA
"694","NSW1201430",1.26505269556465,-0.036514896611305,0,"694","2","205",-0.477155030834626,0.155539781835805,-0.513669927445931,0.751382768118721,NA
"695","NSW1200824",1.26505269556465,-0.0528830662479538,0,"695","2","206",0.166873626710746,0.191779982337964,0.113990560462793,1.37904325602744,NA
"696","NSW1212969",1.26505269556465,-0.135550434679744,0,"696","2","207",0.71686031449345,0.168928136882184,0.581309879813706,1.84636257537836,NA
"697","NSW1190200",1.26505269556465,0.0107780964898366,0,"697","2","208",-0.288232633671786,0.191303309981726,-0.277454537181949,0.987598158382702,NA
"698","NSW1210993",1.26505269556465,-0.193852196470942,0,"698","2","209",-0.125982095186638,0.165461666698304,-0.31983429165758,0.945218403907072,NA
"699","NSW1211586",1.26505269556465,-0.0609271870660591,0,"699","2","210",0.251254173450706,0.209843072080886,0.190326986384647,1.4553796819493,NA
"700","NSW1201409",1.26505269556465,-0.0476856669741988,0,"700","2","211",0.74486663317526,0.228962620518078,0.697180966201061,1.96223366176571,NA
"701","NSW1200853",1.26505269556465,-0.013881424410579,0,"701","2","212",0.0717437954995756,0.174921626082168,0.0578623710889966,1.32291506665365,NA
"702","NSW1212960",1.26505269556465,-0.18128821408432,0,"702","2","213",-0.151722012694143,0.215071392786271,-0.333010226778463,0.932042468786189,NA
"703","NSW1200607",1.26505269556465,-0.065354918918054,0,"703","2","214",-0.43002780214885,0.246095598578002,-0.495382721066904,0.769669974497748,NA
"704","NSW1212957",1.26505269556465,-0.148088141365332,0,"704","2","215",0.287002581770802,0.217211728090569,0.13891444040547,1.40396713597012,NA
"705","NSW1212983",1.26505269556465,-0.0986004618236397,0,"705","2","216",0.429126890991507,0.200581804847468,0.330526429167867,1.59557912473252,NA
"706","NSW1166654",1.26505269556465,-0.16097237298832,0,"706","2","217",0.640885085973079,0.250096000084219,0.479912712984759,1.74496540854941,NA
"707","NSW1212993",1.26505269556465,-0.130161022393073,0,"707","2","218",-0.215424936264126,0.167346210104357,-0.345585958657199,0.919466736907453,NA
"708","NSW1200374",1.26505269556465,-0.177670066047,0,"708","2","219",0.24546259856083,0.199005244513024,0.0677925325138303,1.33284522807848,NA
"709","NSW1200617",1.26505269556465,-0.151859350591217,0,"709","2","220",-0.347539876044693,0.216434221635926,-0.49939922663591,0.765653468928741,NA
"710","NSW1212962",1.26505269556465,-0.187913135552925,0,"710","2","221",0.246443219680139,0.197987685451008,0.0585300841272135,1.32358277969187,NA
"711","NSW1213029",1.26505269556465,-0.14559527231603,0,"711","2","222",-0.137129052020577,0.188748103106761,-0.282724324336607,0.982328371228044,NA
"712","NSW1200393",1.26505269556465,-0.0428076477681921,0,"712","2","223",-0.0537377324286549,0.18853488054789,-0.0965453801968471,1.1685073153678,NA
"713","NSW1211566",1.26505269556465,-0.048677262615122,0,"713","2","224",0.501042386160009,0.184563061033449,0.452365123544887,1.71741781910954,NA
"714","NSW1200523",1.26505269556465,-0.0118942699175464,0,"714","2","225",0.076769146463373,0.177457043446312,0.0648748765458266,1.32992757211048,NA
"715","NSW1201356",1.26505269556465,-0.000350356878344449,0,"715","2","226",0.115263422006108,0.19013379606412,0.114913065127764,1.37996576069242,NA
"716","NSW1200534",1.26505269556465,-0.013339011871496,0,"716","2","227",-0.317598091370949,0.226251926931783,-0.330937103242445,0.934115592322207,NA
"717","NSW1200772",1.26505269556465,-0.009189736101356,0,"717","2","228",-0.195068576628166,0.189821231917932,-0.204258312729522,1.06079438283513,NA
"718","NSW1200792",1.26505269556465,-0.131268416390361,0,"718","2","229",0.199912203688066,0.175789858356042,0.0686437872977047,1.33369648286236,NA
"719","NSW1200516",1.26505269556465,-0.125249587556032,0,"719","2","230",0.119138178488341,0.181905668348224,-0.00611140906769109,1.25894128649696,NA
"720","NSW1212967",1.26505269556465,-0.183606529337259,0,"720","2","231",-0.986947120491035,0.187072719229984,-1.17055364982829,0.0944990457363575,NA
"721","NSW1213036",1.26505269556465,-0.131988605839238,0,"721","2","232",-0.197503692570459,0.19082905269037,-0.329492298409697,0.935560397154955,NA
"722","NSW1200610",1.26505269556465,-0.027654543044071,0,"722","2","233",-0.286078255906991,0.209754596934348,-0.313732798951062,0.95131989661359,NA
"723","NSW1200812",1.26505269556465,-0.0746581653345822,0,"723","2","234",-0.923202256931064,0.151114130136254,-0.997860422265646,0.267192273299006,NA
"724","NSW1166601",1.26505269556465,-0.196504724090108,0,"724","2","235",0.264162241422297,0.202641890947524,0.0676575173321891,1.33271021289684,NA
"725","NSW1190184",1.26505269556465,-0.139861749444831,0,"725","2","236",0.0107463487799953,0.196376468211455,-0.129115400664835,1.13593729489982,NA
"726","NSW1200597",1.26505269556465,-0.132977799162508,0,"726","2","237",-0.558779812738399,0.20527812828882,-0.691757611900906,0.573295083663745,NA
"727","NSW1200616",1.26505269556465,-0.108843331454362,0,"727","2","238",-0.397274321999822,0.16843564213507,-0.506117653454183,0.758935042110468,NA
"728","NSW1201404",1.26505269556465,-0.0561877352033376,0,"728","2","239",0.275333376850779,0.16155676843568,0.219145641647442,1.48419833721209,NA
"729","NSW1200592",1.26505269556465,-0.121998956564854,0,"729","2","240",0.481328529615972,0.148087357664545,0.359329573051119,1.62438226861577,NA
"730","NSW1190203",1.26505269556465,-0.133195351347455,0,"730","2","241",0.0840433998119102,0.177525429368667,-0.0491519515355445,1.21590074402911,NA
"731","NSW1211536",1.26505269556465,-0.133252386050299,0,"731","2","242",-0.0621463199248668,0.190112906504303,-0.195398705975166,1.06965398958949,NA
"732","NSW1200424",1.26505269556465,-0.158839044557836,0,"732","2","243",0.498910313056116,0.200413122218741,0.34007126849828,1.60512396406293,NA
"733","NSW1212846",1.26505269556465,-0.168949047809324,0,"733","2","244",-0.0290217315056246,0.170374900735694,-0.197970779314948,1.0670819162497,NA
"734","NSW1200804",1.26505269556465,-0.051480121522154,0,"734","2","245",-0.486922222177892,0.16584690152816,-0.538402343700046,0.726650351864606,NA
"735","NSW1210995",1.26505269556465,-0.165439263695043,0,"735","2","246",0.423511278524156,0.194401989218438,0.258072014829113,1.52312471039377,NA
"736","NSW1212968",1.26505269556465,-0.0766209947604412,0,"736","2","247",-0.0852596362773698,0.255403655584678,-0.161880631037811,1.10317206452684,NA
"737","NSW1200591",1.26505269556465,-0.0622910462093572,0,"737","2","248",-0.404434908393004,0.17448298438672,-0.466725954602361,0.798326740962291,NA
"738","NSW1213000",1.26505269556465,-0.193231125407824,0,"738","2","249",-0.448666884439943,0.173908492678658,-0.641898009847767,0.623154685716885,NA
"739","NSW1200797",1.26505269556465,-0.112425250541219,0,"739","2","250",0.223838119561739,0.178108789732839,0.111412869020521,1.37646556458517,NA
"740","NSW1212964",1.26505269556465,-0.217700984818848,0,"740","2","251",0.50747310715999,0.174412973887574,0.289772122341142,1.55482481790579,NA
"741","NSW1200338",1.26505269556465,-0.114223234067978,0,"741","2","252",-0.524610734206695,0.186673565509867,-0.638833968274673,0.626218727289979,NA
"742","NSW1213003",1.26505269556465,-0.135935024664301,0,"742","2","253",-0.127460621283773,0.195505831490362,-0.263395645948074,1.00165704961658,NA
"743","NSW1190162",1.26505269556465,-0.0948122861204026,0,"743","2","254",-0.69398832306018,0.218521670437192,-0.788800609180582,0.476252086384069,NA
"744","NSW1200769",1.26505269556465,-0.0567148758743438,0,"744","2","255",-0.406526802486844,0.158524701362438,-0.463241678361188,0.801811017203464,NA
"745","NSW1200403",1.26505269556465,-0.0378954420068998,0,"745","2","256",0.0647474272582813,0.180233912320889,0.0268519852513815,1.29190468081603,NA
"746","NSW1200355",1.26505269556465,-0.116708623769271,0,"746","2","257",-0.187127833504643,0.479024065502766,-0.303836457273914,0.961216238290738,NA
"747","NSW1212965",1.26505269556465,-0.111297021542375,0,"747","2","258",0.239460811293286,0.221774404929825,0.128163789750911,1.39321648531556,NA
"748","NSW1200369",1.26505269556465,-0.183706960429414,0,"748","2","259",0.851956510725268,0.230154269955065,0.668249550295853,1.93330224586051,NA
"749","NSW1211589",1.26505269556465,-0.0696554824306887,0,"749","2","260",-0.127225729428571,0.37028636945119,-0.19688121185926,1.06817148370539,NA
"750","NSW1200611",1.26505269556465,-0.17920833887521,0,"750","2","261",-0.247856601842175,0.173949586078092,-0.427064940717385,0.837987754847267,NA
"751","NSW1211538",1.26505269556465,-0.154003918568887,0,"751","2","262",0.122271401503188,0.179316809231516,-0.0317325170656984,1.23332017849895,NA
"752","NSW1190172",1.26505269556465,-0.0496461048731624,0,"752","2","263",-0.248438198813984,0.145449522342942,-0.298084303687146,0.966968391877506,NA
"753","NSW1211437",1.26505269556465,-0.0220453850914048,0,"753","2","264",0.335434652792,0.215683861349907,0.313389267700595,1.57844196326525,NA
"754","NSW1200656",1.26505269556465,-0.178396578359266,0,"754","2","265",-0.0230034949290367,0.218136372308107,-0.201400073288302,1.06365262227635,NA
"755","NSW1200823",1.26505269556465,-0.0928822993955384,0,"755","2","266",0.254579964976124,0.173782841953889,0.161697665580585,1.42675036114524,NA
"756","NSW1200802",1.26505269556465,-0.117608551491553,0,"756","2","267",1.07691178153116,0.194256282610817,0.959303230039608,2.22435592560426,NA
"757","NSW1211575",1.26505269556465,-0.0681960631964002,0,"757","2","268",0.582309536659795,0.220408363636577,0.514113473463395,1.77916616902805,NA
"758","NSW1200430",1.26505269556465,-0.131682285065634,0,"758","2","269",0.52847828741371,0.196952343215031,0.396796002348076,1.66184869791273,NA
"759","NSW1200378",1.26505269556465,-0.0693509570537952,0,"759","2","270",-0.967327509141194,0.19747047500555,-1.03667846619499,0.228374229369663,NA
"760","NSW1200840",1.26505269556465,0.0455859858020125,0,"760","2","271",-0.0141271377180856,0.175043128276169,0.0314588480839269,1.29651154364858,NA
"761","NSW1201366",1.26505269556465,-0.138784770222072,0,"761","2","272",-0.167272225403695,0.165919686382465,-0.306056995625767,0.958995699938885,NA
"762","NSW1211569",1.26505269556465,-0.0713704608595449,0,"762","2","273",0.249869861994398,0.162122176075672,0.178499401134853,1.44355209669951,NA
"763","NSW1210940",1.26505269556465,-0.0945398185546127,0,"763","2","274",-0.0430178976486305,0.244270727112911,-0.137557716203243,1.12749497936141,NA
"764","NSW1200838",1.26505269556465,-0.141783653290567,0,"764","2","275",-1.2220119306074,0.203183213916309,-1.36379558389797,0,NA
"765","NSW1200419",1.26505269556465,-0.162199447781478,0,"765","2","276",1.01717860115824,0.229172363319858,0.85497915337676,2.12003184894141,NA
"766","NSW1200909",1.26505269556465,-0.109294388444539,0,"766","2","277",0.950135545363915,0.171301021193942,0.840841156919377,2.10589385248403,NA
"767","NSW1211572",1.26505269556465,-0.0658867209078604,0,"767","2","278",0.198582702154821,0.160825302488091,0.132695981246961,1.39774867681161,NA
"768","NSW1201401",1.26505269556465,-0.0325998406347654,0,"768","2","279",-0.179941241333867,0.173185390263189,-0.212541081968633,1.05251161359602,NA
"769","NSW1200893",1.26505269556465,-0.0957289523046357,0,"769","2","280",-0.297288518524382,0.205081495980247,-0.393017470829018,0.872035224735634,NA
"770","NSW1200879",1.26505269556465,0.00326426164505392,0,"770","2","281",-0.123494491034473,0.214980683113791,-0.120230229389419,1.14482246617523,NA
"771","NSW1200596",1.26505269556465,-0.0779546066114722,0,"771","2","282",-0.171599250323316,0.323120736981937,-0.249553856934788,1.01549883862986,NA
"772","NSW1213023",1.26505269556465,-0.147742093193737,0,"772","2","283",-0.66239777823223,0.177946917020028,-0.810139871425968,0.454912824138684,NA
"773","NSW1211510",1.26505269556465,-0.174121200066283,0,"773","2","284",0.129425651852228,0.19523915085598,-0.0446955482140553,1.2203571473506,NA
"774","NSW1200342",1.26505269556465,-0.187177787586567,0,"774","2","285",-0.892905870092041,0.198139026971215,-1.08008365767861,0.184969037886044,NA
"775","NSW1200540",1.26505269556465,-0.127081031514737,0,"775","2","286",-0.432210887118818,0.160448147167871,-0.559291918633555,0.705760776931097,NA
"776","NSW1211585",1.26505269556465,-0.1157664730199,0,"776","2","287",0.519848658185164,0.219580006672148,0.404082185165265,1.66913488072992,NA
"777","NSW1212958",1.26505269556465,-0.133036540588404,0,"777","2","288",-0.285400734939863,0.203449151772282,-0.418437275528266,0.846615420036385,NA
"778","NSW1201627",1.26505269556465,0.0418096630087097,0,"778","2","289",-0.478149683224552,0.184028955017999,-0.436340020215842,0.82871267534881,NA
"779","NSW1210988",1.26505269556465,-0.0643037076902156,0,"779","2","290",0.604545676994745,0.19008453889316,0.54024196930453,1.80529466486918,NA
"780","NSW1200915",1.26505269556465,-0.0593384063226177,0,"780","2","291",0.0778029014741232,0.187679113768594,0.0184644951515055,1.28351719071616,NA
"781","NSW1200398",1.26505269556465,-0.0685084592032782,0,"781","2","292",-0.164783724718533,0.174665147616896,-0.233292183921811,1.03176051164284,NA
"782","NSW1212963",1.26505269556465,-0.183548225232628,0,"782","2","293",-0.283920441041068,0.198990630704304,-0.467468666273695,0.797584029290957,NA
"783","NSW1200519",1.26505269556465,-0.138666742404112,0,"783","2","294",-0.09259192442992,0.186353335383549,-0.231258666834032,1.03379402873062,NA
"784","NSW1211436",1.26505269556465,-0.0881959927832496,0,"784","2","295",-0.209888005804162,0.143502933711521,-0.298083998587412,0.96696869697724,NA
"785","NSW1212984",1.26505269556465,-0.115654017896082,0,"785","2","296",-0.278708318795492,0.237825299192138,-0.394362336691574,0.870690358873078,NA
"786","NSW1211431",1.26505269556465,-0.10825270988553,0,"786","2","297",0.217858148091288,0.248702273699523,0.109605438205758,1.37465813377041,NA
"787","NSW1211557",1.26505269556465,-0.0210316273458013,0,"787","2","298",0.402408344193991,0.186769088019182,0.38137671684819,1.64642941241284,NA
"788","NSW1190166",1.26505269556465,-0.103685334768391,0,"788","2","299",-0.57111572165194,0.175345925042111,-0.674801056420332,0.59025163914432,NA
"789","NSW1200368",1.26505269556465,-0.117708289887533,0,"789","2","300",-0.613208512484679,0.162845922081483,-0.730916802372212,0.53413589319244,NA
"790","NSW1200809",1.26505269556465,0.0406188560698953,0,"790","2","301",-0.465511269101851,0.183184408731334,-0.424892413031956,0.840160282532696,NA
"791","NSW1213024",1.26505269556465,-0.0885541128465673,0,"791","2","302",0.868838007820899,0.245128267004358,0.780283894974332,2.04533659053898,NA
"792","NSW1190169",1.26505269556465,-0.0128597768109246,0,"792","2","303",-0.425942806020991,0.200806323464472,-0.438802582831916,0.826250112732736,NA
"793","NSW1200348",1.26505269556465,-0.0806259738043928,0,"793","2","304",-0.4797424278661,0.18267076328172,-0.560368401670493,0.704684293894158,NA
"794","NSW1200383",1.26505269556465,-0.0748904588777151,0,"794","2","305",-0.164969182568525,0.140584952986473,-0.23985964144624,1.02519305411841,NA
"795","NSW1212986",1.26505269556465,-0.131581157058099,0,"795","2","306",-0.0788149600827701,0.175809714342815,-0.210396117140869,1.05465657842378,NA
"796","NSW1200602",1.26505269556465,-0.141623800809843,0,"796","2","307",0.358659975544159,0.163140388189268,0.217036174734316,1.48208887029897,NA
"797","NSW1211535",1.26505269556465,-0.107260256298168,0,"797","2","308",0.661047814587051,0.179604497391239,0.553787558288882,1.81884025385353,NA
"798","NSW1212953",1.26505269556465,-0.147429064376281,0,"798","2","309",-0.236678983530092,0.198767925596864,-0.384108047906373,0.880944647658279,NA
"799","NSW1200794",1.26505269556465,-0.0274500691129426,0,"799","2","310",-0.547179802682173,0.15679714049692,-0.574629871795116,0.690422823769536,NA
"800","NSW1201361",1.26505269556465,-0.0654386003011604,0,"800","2","311",0.677882440151513,0.180200400261212,0.612443839850352,1.877496535415,NA
"801","NSW1211537",1.26505269556465,-0.0485916661001464,0,"801","2","312",-0.0686976421374426,0.227352459201503,-0.117289308237589,1.14776338732706,NA
"802","NSW1200601",1.26505269556465,-0.118572539961147,0,"802","2","313",0.166287630133991,0.215787048597003,0.0477150901728446,1.3127677857375,NA
"803","NSW1200538",1.26505269556465,-0.0977761363030355,0,"803","2","314",0.0830570722955627,0.141636596320307,-0.0147190640074727,1.25033363155718,NA
"804","NSW1212996",1.26505269556465,-0.1508648878682,0,"804","2","315",0.0340754414579485,0.181901591765993,-0.116789446410252,1.1482632491544,NA
"805","NSW1211574",1.26505269556465,-0.103878939713098,0,"805","2","316",-0.338595895204727,0.140064645801828,-0.442474834917825,0.822577860646827,NA
"806","NSW1200606",1.26505269556465,-0.0851561604049156,0,"806","2","317",-0.749289793806323,0.200591047973505,-0.834445954211239,0.430606741353413,NA
"807","NSW1200844",1.26505269556465,-0.0808457528591803,0,"807","2","318",0.269799808886914,0.214026801756906,0.188954056027734,1.45400675159239,NA
"808","NSW1211432",1.26505269556465,-0.0463951175273856,0,"808","2","319",0.284535781115334,0.160243889421809,0.238140663587949,1.5031933591526,NA
"809","NSW1201386",1.26505269556465,-0.0469646528034297,0,"809","2","320",0.328654790723423,0.204857909205107,0.281690137919993,1.54674283348464,NA
"810","NSW1212894",1.26505269556465,-0.104271185483989,0,"810","2","321",0.0501783381895914,0.228863262492367,-0.0540928472943976,1.21095984827025,NA
"811","NSW1211573",1.26505269556465,-0.0492790760107487,0,"811","2","322",0.154990626347024,0.211168342944766,0.105711550336275,1.37076424590093,NA
"812","NSW1211567",1.26505269556465,-0.11242999603385,0,"812","2","323",-0.25575342402435,0.180159441815688,-0.3681834200582,0.896869275506452,NA
"813","NSW1201385",1.26505269556465,0.073490909678478,0,"813","2","324",-0.0308924418437871,0.231752767526337,0.0425984678346909,1.30765116339934,NA
"814","NSW1201357",1.26505269556465,-0.00258019652481405,0,"814","2","325",0.180488127959182,0.17861389132907,0.177907931434368,1.44296062699902,NA
"815","NSW1211435",1.26505269556465,-0.109045939804797,0,"815","2","326",-0.0394914170903057,0.159946673213168,-0.148537356895103,1.11651533866955,NA
"816","NSW1200555",1.26505269556465,-0.125301650206431,0,"816","2","327",-0.0337243081293939,0.153551396039798,-0.159025958335825,1.10602673722883,NA
"817","NSW1200399",1.26505269556465,-0.0420672544805315,0,"817","2","328",-0.865279471370791,0.18159079812837,-0.907346725851323,0.357705969713329,NA
"818","NSW1200894",1.26505269556465,-0.0252308207345087,0,"818","2","329",0.252310030853572,0.168749136618444,0.227079210119063,1.49213190568371,NA
"819","NSW1211457",1.26505269556465,-0.103793712579284,0,"819","2","330",-0.0704086941760706,0.169549732892524,-0.174202406755354,1.0908502888093,NA
"820","NSW1200854",1.26505269556465,-0.129106666787042,0,"820","2","331",0.340781691706287,0.211683809558312,0.211675024919245,1.4767277204839,NA
"821","NSW1200888",1.26505269556465,-0.143849715288176,0,"821","2","332",0.104467065414756,0.159611158401715,-0.0393826498734192,1.22567004569123,NA
"822","NSW1201626",1.26505269556465,-0.0776592197611102,0,"822","2","333",-0.400251429611749,0.15608825956643,-0.47791064937286,0.787142046191792,NA
"823","NSW1200553",1.26505269556465,0.0191042142858127,0,"823","2","334",0.654261257630468,0.210354359395874,0.673365471916281,1.93841816748093,NA
"824","NSW1213008",1.26505269556465,-0.0768778364940535,0,"824","2","335",-0.0263509169527529,0.222603480339028,-0.103228753446806,1.16182394211785,NA
"825","NSW1200671",1.26505269556465,-0.110000554845758,0,"825","2","336",-0.13378138838937,0.209893836107673,-0.243781943235128,1.02127075232952,NA
"826","NSW1212955",1.26505269556465,-0.172551525832491,0,"826","2","337",-0.842826572736819,0.218764887350953,-1.01537809856931,0.249674596995341,NA
"827","NSW1212999",1.26505269556465,-0.189524646405828,0,"827","2","338",-0.0585606665695437,0.19391592036273,-0.248085312975372,1.01696738258928,NA
"828","NSW1213018",1.26505269556465,-0.18112358037993,0,"828","2","339",-0.0390555228355859,0.210276432818868,-0.220179103215516,1.04487359234914,NA
"829","NSW1212861",1.26505269556465,-0.119715270348007,0,"829","2","340",0.56041611031222,0.211524160453193,0.440700839964213,1.70575353552886,NA
"830","NSW1200526",1.26505269556465,-0.108483212624481,0,"830","2","341",-0.430598295823734,0.168690053014066,-0.539081508448215,0.725971187116437,NA
"831","NSW1212978",1.26505269556465,-0.163141785115298,0,"831","2","342",0.140990668551484,0.241198851974454,-0.0221511165638138,1.24290157900084,NA
"832","NSW1200548",1.26505269556465,-0.0334402330333043,0,"832","2","343",-0.130847653517077,0.180887390827373,-0.164287886550381,1.10076480901427,NA
"833","NSW1200843",1.26505269556465,-0.0555465791969702,0,"833","2","344",1.28281762978997,0.199357322329474,1.227271050593,2.49232374615765,NA
"834","NSW1200898",1.26505269556465,-0.165809964929443,0,"834","2","345",-0.462944326509885,0.153947043587717,-0.628754291439327,0.636298404125324,NA
"835","NSW1213031",1.26505269556465,-0.140909945910635,0,"835","2","346",-0.440907286829999,0.208763483770693,-0.581817232740634,0.683235462824018,NA
"836","NSW1211425",1.26505269556465,-0.124047426917211,0,"836","2","347",0.0957979772739765,0.178457249598957,-0.0282494496432344,1.23680324592142,NA
"837","NSW1210966",1.26505269556465,-0.112298920108969,0,"837","2","348",-0.255105864209077,0.179992249659617,-0.367404784318047,0.897647911246605,NA
"838","NSW1200899",1.26505269556465,-0.0212106133663991,0,"838","2","349",-0.784416875952553,0.196433769927928,-0.805627489318952,0.4594252062457,NA
"839","NSW1212973",1.26505269556465,-0.195630372866061,0,"839","2","350",-0.340884303745357,0.231526211675683,-0.536514676611418,0.728538018953233,NA
"840","NSW1211540",1.26505269556465,-0.149587151891437,0,"840","2","351",-0.240014390700403,0.162144920014341,-0.389601542591841,0.875451152972811,NA
"841","NSW1201406",1.26505269556465,-0.0272780648937836,0,"841","2","352",0.765235476983822,0.213399535983487,0.737957412090038,2.00301010765469,NA
"842","NSW1200889",1.26505269556465,-0.0748955537070996,0,"842","2","353",0.500838798247697,0.218546688951862,0.425943244540597,1.69099594010525,NA
"843","NSW1200904",1.26505269556465,-0.00351484500569282,0,"843","2","354",0.335350466016406,0.180440263194742,0.331835621010713,1.59688831657536,NA
"844","NSW1213014",1.26505269556465,-0.202891438495841,0,"844","2","355",-0.191923376811622,0.181714781141242,-0.394814815307463,0.870237880257188,NA
"845","NSW1211588",1.26505269556465,-0.159034224367063,0,"845","2","356",-0.209708663983032,0.184630318979171,-0.368742888350095,0.896309807214556,NA
"846","NSW1213035",1.26505269556465,-0.119816230350107,0,"846","2","357",0.127095250865285,0.16390819752539,0.00727902051517854,1.27233171607983,NA
"847","NSW1200510",1.26505269556465,-0.202188049871547,0,"847","2","358",0.0976118144990221,0.181823190596935,-0.104576235372525,1.16047646019213,NA
"848","NSW1211532",1.26505269556465,-0.0924608886744866,0,"848","2","359",-0.386600268078179,0.249023033092249,-0.479061156752666,0.785991538811986,NA
"849","NSW1200924",1.26505269556465,-0.0500844203936797,0,"849","2","360",0.0105807379288956,0.121700343418564,-0.0395036824647841,1.22554901309987,NA
"850","NSW1200782",1.26505269556465,-0.059594003110325,0,"850","2","361",-0.417922673007661,0.183542445229654,-0.477516676117986,0.787536019446666,NA
"851","NSW1212998",1.26505269556465,-0.201638511837715,0,"851","2","362",-0.867304726130572,0.215487501435525,-1.06894323796829,0.196109457596365,NA
"852","NSW1211587",1.26505269556465,-0.202482954481779,0,"852","2","363",0.463729117640316,0.172114064739014,0.261246163158538,1.52629885872319,NA
"853","NSW1200359",1.26505269556465,-0.145217078007485,0,"853","2","364",0.341879168368084,0.210492606807867,0.196662090360599,1.46171478592525,NA
"854","NSW1212989",1.26505269556465,-0.124369376689365,0,"854","2","365",0.135268421856054,0.156645514988731,0.0108990451666883,1.27595174073134,NA
"855","NSW1201429",1.26505269556465,-0.110910523840416,0,"855","2","366",0.18094387102686,0.1880116833767,0.0700333471864447,1.3350860427511,NA
"856","NSW1200918",1.26505269556465,-0.0881642902889035,0,"856","2","367",0.475506347489128,0.193002973938125,0.387342057200225,1.65239475276488,NA
"857","NSW1190209",1.26505269556465,-0.0136586794710836,0,"857","2","368",-0.517075247049879,0.176105968577636,-0.530733926520963,0.734318769043689,NA
"858","NSW1200404",1.26505269556465,-0.105902149585842,0,"858","2","369",0.812469579465191,0.185261402078253,0.706567429879348,1.971620125444,NA
"859","NSW1211509",1.26505269556465,-0.0748895908082219,0,"859","2","370",0.613629010272441,0.22296775980614,0.53873941946422,1.80379211502887,NA
"860","NSW1200421",1.26505269556465,-0.173615656626089,0,"860","2","371",0.466105394666632,0.215121191595611,0.292489738040543,1.5575424336052,NA
"861","NSW1200908",1.26505269556465,-0.110114465615132,0,"861","2","372",0.257762383294956,0.18649422686922,0.147647917679824,1.41270061324448,NA
"862","NSW1213028",1.26505269556465,-0.163487226061919,0,"862","2","373",-0.689336227788379,0.206336379157417,-0.852823453850298,0.412229241714354,NA
"863","NSW1201632",1.26505269556465,-0.0429928176365039,0,"863","2","374",-0.352910959843927,0.163085569528407,-0.395903777480431,0.869148918084221,NA
"864","NSW1200461",1.26505269556465,-0.0961995845649378,0,"864","2","375",1.83610109441789,0.20669544954768,1.73990150985296,3.00495420541761,NA
"865","NSW1200590",1.26505269556465,-0.126414025871403,0,"865","2","376",0.229798424946093,0.213361371099567,0.10338439907469,1.36843709463934,NA
"866","NSW1212975",1.26505269556465,-0.224745086526379,0,"866","2","377",-0.324184502153804,0.201393116314028,-0.548929588680183,0.716123106884469,NA
"867","NSW1201621",1.26505269556465,0.051169128129327,0,"867","2","378",-0.0571349795456126,0.176665270640813,-0.0059658514162856,1.25908684414837,NA
"868","NSW1210994",1.26505269556465,-0.174924671052894,0,"868","2","379",0.0866291223581145,0.195990479012685,-0.08829554869478,1.17675714686987,NA
"869","NSW1190186",1.26505269556465,-0.0634410175983419,0,"869","2","380",-0.370609816474593,0.178071260974299,-0.434050834072935,0.831001861491716,NA
"870","NSW1213009",1.26505269556465,-0.127273799944543,0,"870","2","381",0.849857162263423,0.218131568359395,0.72258336231888,1.98763605788353,NA
"871","NSW1213004",1.26505269556465,-0.114948935457073,0,"871","2","382",0.857710890707764,0.183386881653278,0.74276195525069,2.00781465081534,NA
"872","NSW1200595",1.26505269556465,-0.0960311386363407,0,"872","2","383",-0.408016764802632,0.203027519968515,-0.504047903438973,0.761004792125679,NA
"873","NSW1211590",1.26505269556465,-0.101195734823131,0,"873","2","384",-0.366819221446189,0.163099253045766,-0.468014956269321,0.797037739295331,NA
"874","NSW1213026",1.26505269556465,-0.132010508911446,0,"874","2","385",-0.103377331516037,0.23192460603792,-0.235387840427483,1.02966485513717,NA
"875","NSW1200798",1.26505269556465,-0.0957148863971186,0,"875","2","386",-0.294925837961368,0.241750252389677,-0.390640724358486,0.874411971206165,NA
"876","NSW1190171",1.26505269556465,-0.0544959079103825,0,"876","2","387",-0.1557713203347,0.179072233622934,-0.210267228245082,1.05478546731957,NA
"877","NSW1211447",1.26505269556465,-0.047652240198497,0,"877","2","388",-0.585509569840533,0.176931613843207,-0.63316181003903,0.631890885525622,NA
"878","NSW1200652",1.26505269556465,-0.174844756856109,0,"878","2","389",0.0263253747588258,0.203529606897149,-0.148519382097283,1.11653331346737,NA
"879","NSW1211571",1.26505269556465,-0.166564460684198,0,"879","2","390",0.506165801004743,0.165292574196923,0.339601340320545,1.6046540358852,NA
"880","NSW1200612",1.26505269556465,-0.0877998604517829,0,"880","2","391",-0.210474394910416,0.170934087567034,-0.298274255362199,0.966778440202453,NA
"881","NSW1213019",1.26505269556465,-0.101766231210284,0,"881","2","392",-0.220755569258126,0.206613679632619,-0.32252180046841,0.942530895096242,NA
"882","NSW1190193",1.26505269556465,-0.0689704080804137,0,"882","2","393",-0.0744433883360413,0.18625976139632,-0.143413796416455,1.1216388991482,NA
"883","NSW1200621",1.26505269556465,-0.154805805888873,0,"883","2","394",-0.107768818291897,0.180679391238979,-0.26257462418077,1.00247807138388,NA
"884","NSW1211452",1.26505269556465,-0.14780284499609,0,"884","2","395",-0.0612020812596741,0.182824766861611,-0.209004926255764,1.05604776930889,NA
"885","NSW1210997",1.26505269556465,-0.0759161124527597,0,"885","2","396",-0.225451451594089,0.210514358921944,-0.301367564046849,0.963685131517803,NA
"886","NSW1201424",1.26505269556465,-0.0699348067416298,0,"886","2","397",0.265394237338837,0.201788833192468,0.195459430597207,1.46051212616186,NA
"887","NSW1213002",1.26505269556465,-0.106804916240318,0,"887","2","398",0.197565842220539,0.201402221495127,0.0907609259802204,1.35581362154487,NA
"888","NSW1201367",1.26505269556465,-0.0115375642350181,0,"888","2","399",-0.17360449327935,0.190904715039301,-0.185142057514368,1.07991063805028,NA
"889","NSW1200903",1.26505269556465,-0.0609540870577722,0,"889","2","400",-0.119276223357781,0.193219166295894,-0.180230310415553,1.0848223851491,NA
"890","NSW1212974",1.26505269556465,-0.12853263035818,0,"890","2","401",-0.0102682807712464,0.211749387699866,-0.138800911129427,1.12625178443522,NA
"891","NSW1211531",1.26505269556465,-0.136684848135906,0,"891","2","402",-0.433373984228717,0.177895272502633,-0.570058832364622,0.694993863200029,NA
"892","NSW1190170",1.26505269556465,-0.0452282945534818,0,"892","2","403",-0.146326693807935,0.14720379698037,-0.191554988361417,1.07349770720323,NA
"893","NSW1211579",1.26505269556465,-0.0012616041925595,0,"893","2","404",0.0187815447288947,0.193899225712663,0.0175199405363352,1.28257263610099,NA
"894","NSW1200913",1.26505269556465,-0.027118774323592,0,"894","2","405",0.933381213622278,0.203775049092773,0.906262439298686,2.17131513486334,NA
"895","NSW1212899",1.26505269556465,-0.139452345927762,0,"895","2","406",-0.530980171208526,0.21900242770991,-0.670432517136288,0.594620178428364,NA
"896","NSW1212954",1.26505269556465,-0.0874487612315219,0,"896","2","407",0.733634660891317,0.215061916304826,0.646185899659795,1.91123859522445,NA
"897","NSW1200874",1.26505269556465,-0.0437118748450695,0,"897","2","408",-0.210789107059842,0.201160230403441,-0.254500981904912,1.01055171365974,NA
"898","NSW1200367",1.26505269556465,-0.0887274690521432,0,"898","2","409",-0.597952285006125,0.154813650039399,-0.686679754058268,0.578372941506384,NA
"899","NSW1211563",1.26505269556465,-0.170471252856881,0,"899","2","410",-0.263167098375322,0.162784213015311,-0.433638351232204,0.831414344332448,NA
"900","NSW1200667",1.26505269556465,-0.126134872161908,0,"900","2","411",0.577645899050943,0.175767599026735,0.451511026889035,1.71656372245369,NA
"901","NSW1200832",1.26505269556465,-0.068559199485882,0,"901","2","412",-0.363865738090788,0.166921374658506,-0.43242493757667,0.832627757987982,NA
"902","NSW1211580",1.26505269556465,-0.128182805314126,0,"902","2","413",0.00232288620439929,0.205502048589969,-0.125859919109726,1.13919277645493,NA
"903","NSW1201435",1.26505269556465,-0.0530706889710898,0,"903","2","414",0.325745513771581,0.196498360706084,0.272674824800491,1.53772752036514,NA
"904","NSW1200600",1.26505269556465,-0.190670235201284,0,"904","2","415",-0.491585512238819,0.189006913696526,-0.682255747440104,0.582796948124548,NA
"905","NSW1212994",1.26505269556465,-0.132020541927271,0,"905","2","416",-0.506954057414527,0.183727748952376,-0.638974599341798,0.626078096222853,NA
"906","NSW1211591",1.26505269556465,-0.0700286117602996,0,"906","2","417",0.732094480227936,0.165378615529997,0.662065868467636,1.92711856403229,NA
