"","Taxa","BLUE.N","BLUE.I","QTNs","Group","RefInf","ID","BLUP","PEV","gBreedingValue","Prediction","COI"
"1","S_1007_S311",1.5809947623925,-0.0678405043084638,0,"  1","1","  1",0.58161996079304,0.293773503125915,0.513779456484576,2.09477421887708,1.8612097182042
"2","S_102_S245",1.5809947623925,-0.378269429316543,0,"  2","1","  2",0.493159136991918,0.305438600488467,0.114889707675375,1.69588447006788,1.65487545982344
"3","S_1031_S380",1.5809947623925,-0.202238168008743,0,"  3","1","  3",-0.0675884968916231,0.278358972369284,-0.269826664900366,1.31116809749214,1
"4","S_1045_S231",1.5809947623925,-0.076974634030004,0,"  4","1","  4",-0.75850011405917,0.282127225203157,-0.835474748089174,0.745520014303329,0
"5","S_1052_S227",1.5809947623925,-0.0495536997674982,0,"  5","1","  5",0.37246748145566,0.283437256687854,0.322913781688162,1.90390854408067,2.11474252688113
"6","S_1054_S345",1.5809947623925,-0.0579177959668628,0,"  6","1","  6",-0.427304111170936,0.2758804921276,-0.485221907137798,1.0957728552547,0.840896415253715
"7","S_1057_S302",1.5809947623925,-0.08291776218509,0,"  7","1","  7",-0.415670564934312,0.29319793204022,-0.498588327119402,1.0824064352731,0.840896415253715
"8","S_106_S223",1.5809947623925,-0.282865918183795,0,"  8","1","  8",0.45769140227537,0.294339577415509,0.174825484091575,1.75582024648408,1.8612097182042
"9","S_1082_S287",1.5809947623925,-0.206071951781421,0,"  9","1","  9",0.00291292949889665,0.295046004490872,-0.203159022282525,1.37783574010998,1.56508458007329
"10","S_108_S258",1.5809947623925,-0.331477962492015,0," 10","1"," 10",0.672062799090597,0.305418075498343,0.340584836598582,1.92157959899109,1.56508458007329
"11","S_109_S351",1.5809947623925,-0.262184655639023,0," 11","1"," 11",0.138115833181872,0.280371073163209,-0.124068822457151,1.45692593993535,1.49534878122122
"12","S_1124_S271",1.5809947623925,-0.120692578855379,0," 12","1"," 12",-0.702381193822484,0.301084415497225,-0.823073772677863,0.75792098971464,1.18920711500272
"13","S_1127_S332",1.5809947623925,-0.112847074644884,0," 13","1"," 13",-1.22779065165251,0.280405503576817,-1.34063772629739,0.240357036095112,0
"14","S_1130_S319",1.5809947623925,-0.100105188228018,0," 14","1"," 14",1.09830349268001,0.349734278330854,0.998198304451996,2.5791930668445,2.65914794847249
"15","S_1132_S315",1.5809947623925,-0.113806248257396,0," 15","1"," 15",0.204794567375912,0.309644946956564,0.0909883191185163,1.67198308151102,1.65487545982344
"16","S_1159_S297",1.5809947623925,-0.158620715329469,0," 16","1"," 16",0.285449108665745,0.29175210500559,0.126828393336277,1.70782315572878,1.56508458007329
"17","S_1161_S254",1.5809947623925,-0.156404491760194,0," 17","1"," 17",0.232125030506929,0.280542432895764,0.0757205387467351,1.65671530113924,1.31607401295249
"18","S_1162_S384",1.5809947623925,-0.224247890123869,0," 18","1"," 18",0.468127085301221,0.270485896300373,0.243879195177352,1.82487395756986,2.51486685936587
"19","S_1223_S229",1.5809947623925,-0.261140232974016,0," 19","1"," 19",0.0622977476783657,0.293740823088237,-0.19884248529565,1.38215227709685,1.4142135623731
"20","S_1237_S377",1.5809947623925,-0.148933309951737,0," 20","1"," 20",-1.35380237334947,0.270936055708613,-1.50273568330121,0.0782590790912931,0
"21","S_129_S310",1.5809947623925,-0.40879137228627,0," 21","1"," 21",-1.37410162404483,0.307186350225447,-1.7828929963311,0,0
"22","S_1305_S246",1.5809947623925,-0.0267816034430948,0," 22","1"," 22",-0.216534619809525,0.297369455973166,-0.24331622325262,1.33767853913988,1.77827941003892
"23","S_130_S333",1.5809947623925,-0.349639791329056,0," 23","1"," 23",-1.14542157732757,0.293914095282876,-1.49506136865662,0.0859333937358817,0
"24","S_1315_S322",1.5809947623925,-0.205321347514961,0," 24","1"," 24",0.025415051576485,0.288028151989923,-0.179906295938476,1.40108846645403,1.49534878122122
"25","S_1317_S208",1.5809947623925,-0.215428372275979,0," 25","1"," 25",0.0190019985167088,0.271205812188238,-0.19642637375927,1.38456838863323,1.49534878122122
"26","S_1324_S206",1.5809947623925,-0.20870943470737,0," 26","1"," 26",0.784212257683231,0.278813103204782,0.575502822975861,2.15649758536836,2.11474252688113
"27","S_1328_S372",1.5809947623925,-0.220738876450916,0," 27","1"," 27",0.829921674075473,0.280221584967162,0.609182797624557,2.19017756001706,2.34034731932072
"28","S_1343_S366",1.5809947623925,-0.095085884641047,0," 28","1"," 28",-0.26495440339607,0.275792380044601,-0.360040288037117,1.22095447435539,1
"29","S_137_S285",1.5809947623925,-0.316696836968264,0," 29","1"," 29",-0.368215778592337,0.303110020419477,-0.6849126155606,0.896082146831903,1
"30","S_1383_S323",1.5809947623925,-0.40051601722745,0," 30","1"," 30",-0.186808974630759,0.481183935310835,-0.587324991858209,0.993669770534294,1.10668191970032
"31","S_1404_S202",1.5809947623925,-0.297018958372839,0," 31","1"," 31",-0.942250666420441,0.284246583774093,-1.23926962479328,0.341725137599223,0
"32","S_1407_S312",1.5809947623925,-0.358150069605419,0," 32","1"," 32",-0.359048344970846,0.31020323167004,-0.717198414576266,0.863796347816238,1.31607401295249
"33","S_140_S320",1.5809947623925,-0.323513860778649,0," 33","1"," 33",0.906729757893755,0.303136237085474,0.583215897115106,2.16421065950761,2.51486685936587
"34","S_1423_S318",1.5809947623925,-0.162514051576022,0," 34","1"," 34",0.612954004649426,0.28504288047032,0.450439953073404,2.03143471546591,2.51486685936587
"35","S_1430_S329",1.5809947623925,-0.202380401204563,0," 35","1"," 35",-0.0422526651493365,0.277436830137717,-0.2446330663539,1.3363616960386,1.4142135623731
"36","S_1431_S278",1.5809947623925,-0.210454838245974,0," 36","1"," 36",-1.13459018833652,0.294975065940571,-1.34504502658249,0.235949735810011,0
"37","S_1437_S292",1.5809947623925,-0.243451469817108,0," 37","1"," 37",-0.419109343655063,0.292354219549804,-0.66256081347217,0.918433948920333,1.18920711500272
"38","S_1441_S235",1.5809947623925,-0.363886219118839,0," 38","1"," 38",0.426155870372776,0.31899927419764,0.0622696512539369,1.64326441364644,1.96798967126543
"39","S_1442_S328",1.5809947623925,-0.282637397797638,0," 39","1"," 39",-0.796004061644906,0.287032842819492,-1.07864145944254,0.502353302949959,0
"40","S_1452_S275",1.5809947623925,-0.307256558391163,0," 40","1"," 40",0.512474398548558,0.308668523166665,0.205217840157396,1.7862126025499,1.49534878122122
"41","S_1472_S295",1.5809947623925,-0.130961142391109,0," 41","1"," 41",-1.22893589453824,0.291768753727687,-1.35989703692935,0.221097725463154,0
"42","S_1488_S316",1.5809947623925,-0.239980412082728,0," 42","1"," 42",0.319195863325902,0.279507289187659,0.0792154512431736,1.66021021363568,1.62657656169779
"43","S_148_S249",1.5809947623925,-0.374015238804594,0," 43","1"," 43",-0.501500124139159,0.318889576215558,-0.875515362943752,0.705479399448751,1
"44","S_1496_S272",1.5809947623925,-0.239966282351282,0," 44","1"," 44",1.12581856675134,0.290082683111237,0.885852284400055,2.46684704679256,2.65914794847249
"45","S_150_S251",1.5809947623925,-0.367202405731465,0," 45","1"," 45",0.00837927612539402,0.302692203256968,-0.358823129606071,1.22217163278643,1.31607401295249
"46","S_1513_S327",1.5809947623925,-0.235215988805939,0," 46","1"," 46",-1.01381409514867,0.306299863618023,-1.2490300839546,0.331964678437899,0
"47","S_1518_S240",1.5809947623925,-0.293585341461877,0," 47","1"," 47",-0.232204927530926,0.27773236706325,-0.525790268992803,1.0552044933997,1
"48","S_1549_S342",1.5809947623925,-0.227039821155962,0," 48","1"," 48",-0.742806525395075,0.30533135781894,-0.969846346551037,0.611148415841466,0
"49","S_1573_S236",1.5809947623925,-0.280628433755982,0," 49","1"," 49",-0.0528401957964456,0.298275585472732,-0.333468629552428,1.24752613284008,1
"50","S_1584_S296",1.5809947623925,-0.195788575297284,0," 50","1"," 50",0.801089299563088,0.287386099323238,0.605300724265804,2.18629548665831,2.21336383940064
"51","S_1599_S343",1.5809947623925,-0.0481314000703886,0," 51","1"," 51",0.862776334546089,0.285475225736582,0.8146449344757,2.3956396968682,2.65914794847249
"52","S_1619_S303",1.5809947623925,-0.201453401123555,0," 52","1"," 52",0.343842928504056,0.294908405899422,0.142389527380501,1.723384289773,1.77827941003892
"53","S_1621_S339",1.5809947623925,-0.0879021813173792,0," 53","1"," 53",0.788375324634501,0.269324186282947,0.700473143317122,2.28146790570963,2.54572989502183
"54","S_1623_S378",1.5809947623925,-0.118021330178547,0," 54","1"," 54",0.0413013602391412,0.267031341036918,-0.0767199699394057,1.5042747924531,1.65487545982344
"55","S_1629_S373",1.5809947623925,-0.134259707937675,0," 55","1"," 55",0.648205989390428,0.27335684558989,0.513946281452753,2.09494104384526,1.77827941003892
"56","S_1631_S361",1.5809947623925,-0.195850111323013,0," 56","1"," 56",0.807877472697515,0.276292804640267,0.612027361374502,2.19302212376701,2.65914794847249
"57","S_1637_S325",1.5809947623925,-0.248687987118949,0," 57","1"," 57",1.09229061835955,0.281549310937453,0.843602631240606,2.42459739363311,2.44948974278318
"58","S_1639_S204",1.5809947623925,-0.29447409454982,0," 58","1"," 58",-0.134820911661657,0.292293025214391,-0.429295006211477,1.15169975618103,1.31607401295249
"59","S_1643_S375",1.5809947623925,-0.306329238520572,0," 59","1"," 59",0.1174722395799,0.286073844826519,-0.188856998940672,1.39213776345183,1
"60","S_1649_S331",1.5809947623925,-0.327961104007937,0," 60","1"," 60",-0.076089602240152,0.307474461385539,-0.404050706248089,1.17694405614441,1.49534878122122
"61","S_1653_S294",1.5809947623925,-0.218514754134026,0," 61","1"," 61",-0.464005787452854,0.291372409369862,-0.68252054158688,0.898474220805623,1
"62","S_165_S284",1.5809947623925,-0.26744482719,0," 62","1"," 62",0.433723356094899,0.287126836788597,0.166278528904899,1.7472732912974,1.49534878122122
"63","S_1677_S221",1.5809947623925,-0.190278701176377,0," 63","1"," 63",-0.937639286325615,0.268062042124998,-1.12791798750199,0.453076774890512,0
"64","S_1683_S338",1.5809947623925,-0.315895224620605,0," 64","1"," 64",0.0228008888677984,0.298751756706743,-0.293094335752807,1.2879004266397,1.18920711500272
"65","S_1689_S192",1.5809947623925,-0.279837080714759,0," 65","1"," 65",-1.08898917748908,0.304257390467811,-1.36882625820384,0.212168504188667,0
"66","S_1699_S367",1.5809947623925,-0.134246401732068,0," 66","1"," 66",0.0732828113989878,0.272680415045148,-0.0609635903330803,1.52003117205942,1.18920711500272
"67","S_171_S219",1.5809947623925,-0.275163180819609,0," 67","1"," 67",0.971920904978349,0.294379196341293,0.69675772415874,2.27775248655124,2.59002006411135
"68","S_1723_S369",1.5809947623925,-0.273341776675644,0," 68","1"," 68",0.210053332807539,0.27846121301081,-0.0632884438681049,1.5177063185244,1.4142135623731
"69","S_1728_S376",1.5809947623925,-0.330399721830217,0," 69","1"," 69",1.11855349452768,0.305897243649403,0.788153772697468,2.36914853508997,2.78315768371374
"70","S_1736_S359",1.5809947623925,-0.248249251750075,0," 70","1"," 70",0.605743173872604,0.281542655545145,0.35749392212253,1.93848868451503,1.96798967126543
"71","S_1742_S357",1.5809947623925,-0.290305428686574,0," 71","1"," 71",0.183903781850747,0.297629473144485,-0.106401646835827,1.47459311555668,1.8612097182042
"72","S_1749_S247",1.5809947623925,-0.318999689344028,0," 72","1"," 72",-0.235552540958509,0.29301869453589,-0.554552230302537,1.02644253208997,1
"73","S_1779_S226",1.5809947623925,-0.18205322610652,0," 73","1"," 73",1.02120723451768,0.266585420056937,0.839154008411159,2.42014877080366,2.65914794847249
"74","S_1810_S213",1.5809947623925,-0.2506808722933,0," 74","1"," 74",0.701902160034034,0.317017003742276,0.451221287740734,2.03221605013324,1.8612097182042
"75","S_1813_S253",1.5809947623925,-0.289493504372087,0," 75","1"," 75",-0.204675009891124,0.28344184936936,-0.494168514263212,1.08682624812929,1.56508458007329
"76","S_1817_S210",1.5809947623925,-0.364768993431579,0," 76","1"," 76",0.295488101028035,0.301621607936432,-0.0692808924035438,1.51171386998896,2.34034731932072
"77","S_1818_S238",1.5809947623925,-0.310051470245849,0," 77","1"," 77",-0.526640673820351,0.284722877776702,-0.836692144066201,0.744302618326302,0
"78","S_1825_S198",1.5809947623925,-0.246226528180866,0," 78","1"," 78",0.215451025077801,0.30208369597104,-0.030775503103065,1.55021925928944,1.49534878122122
"79","S_1837_S256",1.5809947623925,-0.249635068771335,0," 79","1"," 79",0.987225976663143,0.293017277238885,0.737590907891808,2.31858567028431,2.78315768371374
"80","S_1839_S299",1.5809947623925,-0.280446139785898,0," 80","1"," 80",0.739187530210744,0.301568450338062,0.458741390424846,2.03973615281735,2.21336383940064
"81","S_183_S263",1.5809947623925,-0.356840448784753,0," 81","1"," 81",0.874222911204342,0.318634854743447,0.517382462419589,2.09837722481209,2.65914794847249
"82","S_1841_S250",1.5809947623925,-0.223643433176534,0," 82","1"," 82",-0.583279262459888,0.284019641743576,-0.806922695636422,0.774072066756081,0
"83","S_1865_S374",1.5809947623925,-0.209203892193899,0," 83","1"," 83",0.765513067321445,0.274941269965414,0.556309175127546,2.13730393752005,2.21336383940064
"84","S_1874_S244",1.5809947623925,-0.237991249284437,0," 84","1"," 84",1.10317392542377,0.273726677847947,0.865182676139331,2.44617743853183,2.34034731932072
"85","S_1877_S262",1.5809947623925,-0.237926900806894,0," 85","1"," 85",0.987889145089178,0.281665012044602,0.749962244282285,2.33095700667479,2.78315768371374
"86","S_1899_S193",1.5809947623925,-0.175563857308303,0," 86","1"," 86",0.30826347673083,0.273562368204643,0.132699619422527,1.71369438181503,1.62657656169779
"87","S_1900_S242",1.5809947623925,-0.205688512019381,0," 87","1"," 87",-0.0331598319734529,0.27787052812791,-0.238848343992833,1.34214641839967,1.56508458007329
"88","S_1936_S218",1.5809947623925,-0.383663400955177,0," 88","1"," 88",0.203662012334465,0.312581895593919,-0.180001388620712,1.40099337377179,1.18920711500272
"89","S_1952_S293",1.5809947623925,-0.3643632103823,0," 89","1"," 89",-0.00641117825856258,0.305983184017131,-0.370774388640862,1.21022037375164,1.18920711500272
"90","S_1969_S291",1.5809947623925,-0.336984397321347,0," 90","1"," 90",0.457224321619164,0.293141124866439,0.120239924297817,1.70123468669032,1.31607401295249
"91","S_1973_S267",1.5809947623925,-0.33441216804341,0," 91","1"," 91",1.84088706297924,0.286486747292082,1.50647489493583,3.08746965732833,2.89250760851908
"92","S_197_S207",1.5809947623925,-0.297041836273225,0," 92","1"," 92",-0.408811022139357,0.299455152821443,-0.705852858412581,0.875141903979922,1.4142135623731
"93","S_198_S304",1.5809947623925,-0.352528475508026,0," 93","1"," 93",-1.10406437576786,0.30706448328594,-1.45659285127588,0.124401911116618,0
"94","S_2010_S200",1.5809947623925,-0.399319086184944,0," 94","1"," 94",-0.767576450270147,0.308436744430847,-1.16689553645509,0.414099225937413,0
"95","S_2014_S264",1.5809947623925,-0.367254142178984,0," 95","1"," 95",-0.119312999838433,0.297592826192385,-0.486567142017417,1.09442762037509,1.25743342968294
"96","S_2015_S266",1.5809947623925,-0.391547808653081,0," 96","1"," 96",-0.746832849005252,0.306445139614021,-1.13838065765833,0.44261410473417,0
"97","S_2037_S371",1.5809947623925,-0.392607824712441,0," 97","1"," 97",-0.548083839145528,0.316356466180573,-0.940691663857969,0.640303098534534,0
"98","S_2073_S215",1.5809947623925,-0.406725534450061,0," 98","1"," 98",0.365381913736637,0.335000940205891,-0.0413436207134242,1.53965114167908,1.49534878122122
"99","S_2099_S335",1.5809947623925,-0.345961545367729,0," 99","1"," 99",-0.42930496612857,0.323249915251288,-0.775266511496299,0.805728250896204,0.840896415253715
"100","S_209_S379",1.5809947623925,0.00597255946188294,0,"100","1","100",-1.40769524437322,0.307361188926791,-1.40172268491134,0.179272077481166,0
"101","S_2103_S301",1.5809947623925,-0.290199849041775,0,"101","1","101",0.124692794228455,0.297180917538502,-0.16550705481332,1.41548770757918,2.34034731932072
"102","S_2104_S224",1.5809947623925,-0.32822221897334,0,"102","1","102",-0.0181851018298479,0.300843000581582,-0.346407320803188,1.23458744158932,1.31607401295249
"103","S_2105_S269",1.5809947623925,-0.321206898579387,0,"103","1","103",-0.304432954802222,0.298440919474971,-0.625639853381609,0.955354909010894,0
"104","S_2107_S349",1.5809947623925,-0.375268121139002,0,"104","1","104",-0.261261464141401,0.311274779727064,-0.636529585280403,0.9444651771121,1.18920711500272
"105","S_2115_S280",1.5809947623925,-0.335506546958364,0,"105","1","105",0.241469187863794,0.384230722057841,-0.0940373590945692,1.48695740329793,2.34034731932072
"106","S_2116_S350",1.5809947623925,-0.275195132956081,0,"106","1","106",-0.16466256324303,0.273195545076765,-0.439857696199111,1.14113706619339,1.31607401295249
"107","S_2135_S234",1.5809947623925,-0.410719409138676,0,"107","1","107",0.166124414887632,0.308836745028195,-0.244594994251044,1.33639976814146,1.31607401295249
"108","S_2140_S363",1.5809947623925,-0.428634514154227,0,"108","1","108",-1.23061193928538,0.311979057636382,-1.65924645343961,0,0
"109","S_2145_S212",1.5809947623925,-0.394138573632989,0,"109","1","109",-1.15181836362333,0.307925355251319,-1.54595693725632,0.035037825136186,0
"110","S_2155_S383",1.5809947623925,-0.313975795206202,0,"110","1","110",0.290256997782105,0.278778501745417,-0.0237187974240978,1.55727596496841,1.4142135623731
"111","S_2187_S360",1.5809947623925,-0.315573022639454,0,"111","1","111",0.101002232676026,0.283910842965614,-0.214570789963427,1.36642397242908,1.96798967126543
"112","S_2192_S307",1.5809947623925,-0.342281614253813,0,"112","1","112",-0.25893276228628,0.30623686951231,-0.601214376540094,0.979780385852409,1.31607401295249
"113","S_2193_S216",1.5809947623925,-0.310155750607298,0,"113","1","113",0.254040218285174,0.297092349045337,-0.056115532322124,1.52487923007038,1.65487545982344
"114","S_2201_S214",1.5809947623925,-0.413484091311684,0,"114","1","114",-1.30100727977922,0.308730368717246,-1.7144913710909,0,0
"115","S_2203_S277",1.5809947623925,-0.400982092330122,0,"115","1","115",-0.845693261071917,0.310975371262759,-1.24667535340204,0.334319408990464,0
"116","S_2212_S230",1.5809947623925,-0.29752801731278,0,"116","1","116",-0.971568090556832,0.274625443770926,-1.26909610786961,0.311898654522891,0
"117","S_2214_S290",1.5809947623925,-0.270908102394225,0,"117","1","117",-0.0212576137311205,0.27173302453263,-0.292165716125346,1.28882904626716,1.4142135623731
"118","S_2226_S298",1.5809947623925,-0.327589462173591,0,"118","1","118",0.799134196119065,0.284132513326802,0.471544733945474,2.05253949633798,2.21336383940064
"119","S_2228_S346",1.5809947623925,-0.315790403199112,0,"119","1","119",-1.05393041081446,0.284050865416948,-1.36972081401357,0.211273948378929,0
"120","S_2232_S273",1.5809947623925,-0.322536699610196,0,"120","1","120",0.211354764809746,0.307504294659741,-0.11118193480045,1.46981282759205,1.31607401295249
"121","S_2271_S195",1.5809947623925,-0.362680471840085,0,"121","1","121",0.269323027009818,0.310160932884288,-0.0933574448302673,1.48763731756224,1.49534878122122
"122","S_2299_S281",1.5809947623925,-0.0690156106358631,0,"122","1","122",0.887745048679397,0.329472914228473,0.818729438043534,2.39972420043604,2.65914794847249
"123","S_2302_S259",1.5809947623925,-0.0926434973891117,0,"123","1","123",0.59360136278348,0.310763517817704,0.500957865394368,2.08195262778687,2.23606797749979
"124","S_2307_S288",1.5809947623925,-0.0992472552101178,0,"124","1","124",0.448642660975511,0.276176902637431,0.349395405765393,1.9303901681579,2.69178163547765
"125","S_2319_S337",1.5809947623925,-0.12515520896696,0,"125","1","125",-1.08180697676674,0.275176969194938,-1.2069621857337,0.374032576658804,0
"126","S_231_S260",1.5809947623925,-0.0179830829299645,0,"126","1","126",0.684671577524683,0.324529861125442,0.666688494594719,2.24768325698722,2.11474252688113
"127","S_2323_S355",1.5809947623925,-0.146000249097944,0,"127","1","127",-0.484774093118843,0.302723234561209,-0.630774342216787,0.950220420175716,1.25743342968294
"128","S_2351_S197",1.5809947623925,-0.157790220299519,0,"128","1","128",-1.36565483571666,0.302530912168295,-1.52344505601618,0.0575497063763231,0
"129","S_2358_S289",1.5809947623925,-0.208849616872599,0,"129","1","129",-0.208666172675966,0.281962437474595,-0.417515789548565,1.16347897284394,1.49534878122122
"130","S_2370_S336",1.5809947623925,0.0368694500183739,0,"130","1","130",-0.31825634772727,0.322106026416883,-0.281386897708896,1.29960786468361,1
"131","S_2375_S268",1.5809947623925,0.040202202829718,0,"131","1","131",0.771916961383261,0.304081286700954,0.812119164212979,2.39311392660548,2.51486685936587
"132","S_2395_S194",1.5809947623925,0.0118020429097587,0,"132","1","132",-0.0338791034701612,0.310158162430759,-0.0220770605604025,1.5589177018321,1.56508458007329
"133","S_242_S324",1.5809947623925,-0.00993159996632299,0,"133","1","133",-1.02927848224888,0.290747710251584,-1.03921008221521,0.541784680177297,0
"134","S_248_S252",1.5809947623925,-0.0307126126892005,0,"134","1","134",0.153898429377945,0.286303698746975,0.123185816688744,1.70418057908125,1.77827941003892
"135","S_261_S368",1.5809947623925,-0.286832392957228,0,"135","1","135",0.341365057442659,0.29199936967549,0.0545326644854311,1.63552742687793,1.96798967126543
"136","S_269_S228",1.5809947623925,-0.269234952977858,0,"136","1","136",-0.442964354546696,0.296969225279535,-0.712199307524553,0.86879545486795,0.840896415253715
"137","S_272_S326",1.5809947623925,-0.283754942775149,0,"137","1","137",0.578587010723291,0.301279456388863,0.294832067948142,1.87582683034064,2.11474252688113
"138","S_285_S191",1.5809947623925,-0.275377199949543,0,"138","1","138",0.904486840915269,0.266443854226607,0.629109640965726,2.21010440335823,2.05976714390712
"139","S_28_S364",1.5809947623925,-0.257465977105209,0,"139","1","139",-1.11496169644971,0.284983164792797,-1.37242767355491,0.208567088837589,0
"140","S_294_S317",1.5809947623925,0.0356676757793098,0,"140","1","140",-1.24090873752534,0.300899734330939,-1.20524106174603,0.375753700646468,0
"141","S_298_S354",1.5809947623925,-0.0560166568445471,0,"141","1","141",0.458666098440686,0.321889402920228,0.402649441596139,1.98364420398864,2.11474252688113
"142","S_304_S341",1.5809947623925,-0.115350463548473,0,"142","1","142",-0.963605024787506,0.286501862150199,-1.07895548833598,0.502039274056524,0
"143","S_325_S347",1.5809947623925,-0.258731537889083,0,"143","1","143",-0.812591441947443,0.286392065871892,-1.07132297983653,0.509671782555977,0
"144","S_381_S205",1.5809947623925,-0.344150776067,0,"144","1","144",1.01440857107907,0.290726876780626,0.670257795012074,2.25125255740458,2.65914794847249
"145","S_382_S276",1.5809947623925,-0.378449083658243,0,"145","1","145",1.04648287330501,0.30659486775112,0.668033789646767,2.24902855203927,2.89250760851908
"146","S_389_S330",1.5809947623925,-0.321883286601065,0,"146","1","146",0.728715001063573,0.287695699294066,0.406831714462507,1.98782647685501,2.23606797749979
"147","S_394_S237",1.5809947623925,-0.297765477491903,0,"147","1","147",-1.03614118788109,0.295134598195649,-1.333906665373,0.247088097019506,0
"148","S_398_S239",1.5809947623925,-0.240706911927189,0,"148","1","148",0.500165523152139,0.263473037777408,0.25945861122495,1.84045337361745,1.49534878122122
"149","S_402_S309",1.5809947623925,-0.348875448777819,0,"149","1","149",0.316383812869187,0.303479968548043,-0.0324916359086319,1.54850312648387,1.31607401295249
"150","S_415_S222",1.5809947623925,-0.36536970854626,0,"150","1","150",-1.17941139728711,0.302867638759257,-1.54478110583337,0.0362136565591298,0
"151","S_421_S358",1.5809947623925,-0.255108327068482,0,"151","1","151",-0.313456014591915,0.264511092342612,-0.568564341660397,1.01243042073211,1.31607401295249
"152","S_437_S233",1.5809947623925,-0.276924477105556,0,"152","1","152",0.234259460642977,0.275625852705701,-0.0426650164625789,1.53832974592992,1.18920711500272
"153","S_449_S352",1.5809947623925,-0.32283075518199,0,"153","1","153",0.540645561757065,0.294780109765798,0.217814806575075,1.79880956896758,2.05976714390712
"154","S_451_S261",1.5809947623925,-0.416331478895348,0,"154","1","154",-1.08596400931378,0.328655718908721,-1.50229548820913,0.0786992741833752,0
"155","S_471_S344",1.5809947623925,-0.389205699593629,0,"155","1","155",-0.730275065353168,0.299253675820982,-1.1194807649468,0.461513997445706,0
"156","S_473_S362",1.5809947623925,-0.369550006830089,0,"156","1","156",0.0855170389717405,0.298843758538822,-0.284032967858348,1.29696179453415,1.56508458007329
"157","S_477_S225",1.5809947623925,-0.414110269414098,0,"157","1","157",-0.272196474274976,0.475396309620527,-0.686306743689074,0.89468801870343,0
"158","S_494_S382",1.5809947623925,-0.420170647774765,0,"158","1","158",0.72565742222369,0.306565025398642,0.305486774448925,1.88648153684143,1.49534878122122
"159","S_496_S381",1.5809947623925,-0.409629006780691,0,"159","1","159",0.488831442016032,0.321734393075173,0.0792024352353404,1.66019719762784,2.17793858734643
"160","S_499_S265",1.5809947623925,-0.364207900119755,0,"160","1","160",1.33919445690051,0.301886995812397,0.97498655678076,2.55598131917326,2.05976714390712
"161","S_4_S313",1.5809947623925,-0.312789841484688,0,"161","1","161",1.14823452581309,0.292779465232162,0.835444684328402,2.41643944672091,2.78315768371374
"162","S_525_S305",1.5809947623925,-0.335437892478597,0,"162","1","162",-0.547136402571819,0.287630654417961,-0.882574295050416,0.698420467342088,0
"163","S_529_S314",1.5809947623925,-0.291231052296022,0,"163","1","163",-0.146099882138488,0.283132656579267,-0.43733093443451,1.14366382795799,1.18920711500272
"164","S_550_S257",1.5809947623925,-0.393562225456785,0,"164","1","164",1.23673522102339,0.308452774182073,0.843172995566601,2.4241677579591,2.94283095638271
"165","S_552_S308",1.5809947623925,-0.423848804609114,0,"165","1","165",0.0704946492754828,0.317516892514232,-0.353354155333631,1.22764060705887,1.31607401295249
"166","S_564_S211",1.5809947623925,-0.3430795000084,0,"166","1","166",0.249168806536834,0.312401642207289,-0.0939106934715657,1.48708406892094,1.73205080756888
"167","S_572_S203",1.5809947623925,-0.399016173204096,0,"167","1","167",-1.2213146791855,0.307119372606805,-1.6203308523896,0,0
"168","S_597_S255",1.5809947623925,-0.354113009011275,0,"168","1","168",0.363551956200296,0.295679441108059,0.00943894718902033,1.59043370958152,1.8612097182042
"169","S_652_S232",1.5809947623925,-0.0828431025540785,0,"169","1","169",0.847084068456881,0.288536463796866,0.764240965902802,2.34523572829531,2.51486685936587
"170","S_66_S321",1.5809947623925,-0.256974391021448,0,"170","1","170",0.739244539441953,0.295246981170398,0.482270148420505,2.06326491081301,2.65914794847249
"171","S_699_S356",1.5809947623925,-0.0543044087595609,0,"171","1","171",0.0837428126926196,0.297089442401294,0.0294384039330587,1.61043316632556,1.49534878122122
"172","S_6_S348",1.5809947623925,-0.28787682777939,0,"172","1","172",0.152059647170292,0.2996086880955,-0.135817180609098,1.44517758178341,1.49534878122122
"173","S_701_S340",1.5809947623925,-0.0197098312611633,0,"173","1","173",0.413896529905019,0.300275200574288,0.394186698643856,1.97518146103636,2.11474252688113
"174","S_704_S282",1.5809947623925,-0.16168747210205,0,"174","1","174",0.619003389066818,0.294179601953828,0.457315916964768,2.03831067935727,2.34034731932072
"175","S_716_S283",1.5809947623925,-0.142417127168056,0,"175","1","175",0.318292178286869,0.306757298567354,0.175875051118813,1.75686981351132,1.8612097182042
"176","S_732_S243",1.5809947623925,-0.0534003458438316,0,"176","1","176",0.72851535354191,0.335342037827727,0.675115007698079,2.25610977009058,2.54572989502183
"177","S_737_S201",1.5809947623925,-0.0541812914296171,0,"177","1","177",1.26099927924214,0.28005246130006,1.20681798781252,2.78781275020502,2.73861278752583
"178","S_769_S220",1.5809947623925,-0.0110950136982085,0,"178","1","178",-0.693994361299469,0.296449728833588,-0.705089374997678,0.875905387394825,1
"179","S_797_S209",1.5809947623925,-0.00425964166020479,0,"179","1","179",-1.11998125187497,0.258722615555829,-1.12424089353518,0.456753868857324,0
"180","S_809_S270",1.5809947623925,0.0167569401852968,0,"180","1","180",0.571859000112751,0.291563346314576,0.588615940298048,2.16961070269055,2.65914794847249
"181","S_81_S279",1.5809947623925,-0.282839941486225,0,"181","1","181",0.198617420638653,0.294163804224725,-0.0842225208475714,1.49677224154493,1.56508458007329
"182","S_829_S286",1.5809947623925,0.0281838659464952,0,"182","1","182",0.192399194124186,0.303756534870587,0.220583060070681,1.80157782246318,2.11474252688113
"183","S_831_S353",1.5809947623925,-0.0751648983282533,0,"183","1","183",0.812323565773918,0.272645466712776,0.737158667445665,2.31815342983817,2.65914794847249
"184","S_838_S306",1.5809947623925,-0.00144086509666443,0,"184","1","184",0.812505078375851,0.265760309249152,0.811064213279186,2.39205897567169,2.23606797749979
"185","S_868_S274",1.5809947623925,0.0050866537841944,0,"185","1","185",-0.216972963680213,0.321266212455934,-0.211886309896019,1.36910845249648,1.10668191970032
"186","S_869_S241",1.5809947623925,-0.0431550318688935,0,"186","1","186",0.0375970563535073,0.325918590758282,-0.0055579755153862,1.57543678687712,1.56508458007329
"187","S_874_S217",1.5809947623925,0.0426215882375454,0,"187","1","187",0.554669530370148,0.321721964761877,0.597291118607693,2.1782858810002,2.34034731932072
"188","S_881_S365",1.5809947623925,-0.0661472229981315,0,"188","1","188",1.07236540126012,0.300973056171925,1.00621817826199,2.58721294065449,2.78315768371374
"189","S_89_S199",1.5809947623925,-0.315336587154917,0,"189","1","189",-0.756519826052685,0.281276050241191,-1.0718564132076,0.509138349184902,0
"190","S_905_S248",1.5809947623925,-0.153145032877256,0,"190","1","190",-0.666253389583381,0.274838632408445,-0.819398422460637,0.761596339931866,0.840896415253715
"191","S_927_S334",1.5809947623925,-0.211131395406064,0,"191","1","191",-0.661705413344112,0.292304590094596,-0.872836808750176,0.708157953642327,0
"192","S_984_S370",1.5809947623925,-0.106633360125774,0,"192","1","192",-0.0742552120489046,0.284027582571243,-0.180888572174679,1.40010619021782,1.49534878122122
"193","S_989_S196",1.5809947623925,-0.0989223737204269,0,"193","1","193",-0.57991391451219,0.274227666517088,-0.678836288232617,0.902158474159886,1.25743342968294
"194","S_9_S300",1.5809947623925,-0.318084432999103,0,"194","1","194",1.47675756973722,0.293336559132396,1.15867313673812,2.73966789913062,2.78315768371374
"195","S_1001_S52_L003",1.5809947623925,-0.0718535895875678,0,"195","1","195",1.01717417254128,0.305058516771898,0.945320582953709,2.52631534534621,2.65914794847249
"196","S_1004_S75_L003",1.5809947623925,-0.105440934163524,0,"196","1","196",1.01918720789438,0.313684292532565,0.91374627373086,2.49474103612336,2.89250760851908
"197","S_1010_S144",1.5809947623925,-0.130496680571195,0,"197","1","197",-0.0701519894896779,0.27495902415522,-0.200648670060873,1.38034609233163,1.49534878122122
"198","S_1012_S150",1.5809947623925,-0.174233633586952,0,"198","1","198",0.292794972875915,0.27669842775077,0.118561339288963,1.69955610168147,2.11474252688113
"199","S_1013_S145",1.5809947623925,-0.0779115815062346,0,"199","1","199",-0.223156769920233,0.280218116861411,-0.301068351426468,1.27992641096604,1.49534878122122
"200","S_101_S15_L003",1.5809947623925,-0.330742989429353,0,"200","1","200",-0.145058433294973,0.305419038189757,-0.475801422724326,1.10519333966818,1
"201","S_1020_S139",1.5809947623925,-0.0740846942933935,0,"201","1","201",-0.37618937664139,0.296608116421699,-0.450274070934784,1.13072069145772,1.22474487139159
"202","S_1022_S29",1.5809947623925,-0.251158691733351,0,"202","1","202",0.524141155863055,0.278268822424855,0.272982464129704,1.85397722652221,2.23606797749979
"203","S_1029_S66_L003",1.5809947623925,-0.19854138350283,0,"203","1","203",-0.837307257562798,0.292644750840652,-1.03584864106563,0.545146121326874,0
"204","S_1030_S13",1.5809947623925,-0.202086900075835,0,"204","1","204",0.573092718872081,0.279963042033802,0.371005818796246,1.95200058118875,2.34034731932072
"205","S_1036_S32",1.5809947623925,0.016664455862961,0,"205","1","205",0.509216432022037,0.296921998978294,0.525880887884998,2.1068756502775,1.77827941003892
"206","S_1041_S151",1.5809947623925,-0.0632485508385096,0,"206","1","206",1.1365464749531,0.25544556716821,1.07329792411459,2.65429268650709,2.89250760851908
"207","S_1053_S23",1.5809947623925,0.00621671485363142,0,"207","1","207",0.183917526969539,0.272972498435733,0.190134241823171,1.77112900421567,2.21336383940064
"208","S_1075_S38",1.5809947623925,-0.291448074857698,0,"208","1","208",0.351874706293171,0.283640888404174,0.0604266314354732,1.64142139382798,2.11474252688113
"209","S_1076_S167",1.5809947623925,-0.349106581765415,0,"209","1","209",0.798070163059008,0.40141670455807,0.448963581293592,2.0299583436861,2.34034731932072
"210","S_107_S16",1.5809947623925,-0.344607811543377,0,"210","1","210",0.62097734583233,0.308418965941068,0.276369534288953,1.85736429668146,2.34034731932072
"211","S_1093_S116",1.5809947623925,-0.0314554763225218,0,"211","1","211",0.391401905766635,0.300150649961948,0.359946429444113,1.94094119183662,2.34034731932072
"212","S_10_S169",1.5809947623925,-0.249160028479441,0,"212","1","212",0.214258233516356,0.282325312670461,-0.0349017949630848,1.54609296742942,1.8612097182042
"213","S_1118_S92",1.5809947623925,-0.188839645456085,0,"213","1","213",-0.0648447265755751,0.284914591685451,-0.25368437203166,1.32731039036084,1.49534878122122
"214","S_1125_S30_L003",1.5809947623925,-0.11854939900691,0,"214","1","214",-1.35984798063214,0.292082716999642,-1.47839737963905,0.102597382753454,0
"215","S_1134_S91",1.5809947623925,-0.173541440513142,0,"215","1","215",0.0117519321995099,0.285251597635732,-0.161789508313632,1.41920525407887,1.31607401295249
"216","S_1138_S159",1.5809947623925,-0.309324882895437,0,"216","1","216",0.309010937339923,0.400569857012938,-0.000313945555513562,1.58068081683699,2.34034731932072
"217","S_113_S7_L003",1.5809947623925,-0.358969233466353,0,"217","1","217",-0.0318203177717462,0.3006261319978,-0.390789551238099,1.1902052111544,1.18920711500272
"218","S_1140_S60_L003",1.5809947623925,-0.0853441477670563,0,"218","1","218",0.659574756478334,0.288219876989617,0.574230608711278,2.15522537110378,2.05976714390712
"219","S_1154_S161",1.5809947623925,-0.179602270519002,0,"219","1","219",0.383955086599083,0.268325849478658,0.204352816080082,1.78534757847258,1.96798967126543
"220","S_1160_S11",1.5809947623925,-0.130200899244613,0,"220","1","220",1.34435013297168,0.290078449147216,1.21414923372707,2.79514399611957,2.89250760851908
"221","S_1177_S24",1.5809947623925,-0.148282772296899,0,"221","1","221",0.3419978960027,0.314256494030629,0.193715123705801,1.7747098860983,1.77827941003892
"222","S_1179_S105",1.5809947623925,-0.0850032693131364,0,"222","1","222",1.18479804677169,0.332336077869099,1.09979477745856,2.68078953985106,2.51486685936587
"223","S_1200_S164",1.5809947623925,-0.271839313799021,0,"223","1","223",0.400664424816102,0.348368950920951,0.128825111017081,1.70981987340958,2.34034731932072
"224","S_1202_S72_L003",1.5809947623925,-0.105026119587725,0,"224","1","224",0.57113694576423,0.327586442084842,0.466110826176505,2.04710558856901,2.51486685936587
"225","S_1203_S53",1.5809947623925,-0.11394282225828,0,"225","1","225",-1.06311614423037,0.302637132009024,-1.17705896648865,0.403935795903855,0
"226","S_1210_S120",1.5809947623925,-0.0395990672722906,0,"226","1","226",-0.243450401043395,0.298709064179362,-0.283049468315686,1.29794529407682,1.25743342968294
"227","S_1213_S95_L003",1.5809947623925,-0.170784993203532,0,"227","1","227",0.292490890968528,0.284202253825418,0.121705897764996,1.7027006601575,2.11474252688113
"228","S_122_S43_L003",1.5809947623925,-0.436955589995547,0,"228","1","228",0.0509423714481032,0.395975894339517,-0.386013218547444,1.19498154384506,1.56508458007329
"229","S_1247_S133",1.5809947623925,-0.243460698538679,0,"229","1","229",-0.972537673522517,0.302344049543155,-1.2159983720612,0.364996390331308,0
"230","S_1257_S89",1.5809947623925,-0.166667647268298,0,"230","1","230",-0.109999596620908,0.279322832454455,-0.276667243889205,1.3043275185033,1.49534878122122
"231","S_125_S163",1.5809947623925,-0.346778538673388,0,"231","1","231",-0.614762999470363,0.291630659311433,-0.96154153814375,0.619453224248753,0
"232","S_1278_S20",1.5809947623925,-0.219824279679406,0,"232","1","232",-0.75537868260858,0.281960297757628,-0.975202962287986,0.605791800104517,0
"233","S_1287_S146",1.5809947623925,-0.273080385919042,0,"233","1","233",0.689579139249531,0.298228884667071,0.41649875333049,1.99749351572299,2.34034731932072
"234","S_1289_S164",1.5809947623925,-0.210185046601291,0,"234","1","234",1.10215212000394,0.294117235892966,0.891967073402647,2.47296183579515,2.21336383940064
"235","S_1308_S183",1.5809947623925,-0.290196015249542,0,"235","1","235",0.025335361216242,0.401722514362819,-0.2648606540333,1.3161341083592,1.49534878122122
"236","S_1323_S36",1.5809947623925,-0.162368362294283,0,"236","1","236",0.567263197397117,0.28114234773516,0.404894835102834,1.98588959749534,1.96798967126543
"237","S_1326_S53_L003",1.5809947623925,-0.170290872420455,0,"237","1","237",1.0922205093285,0.27989521197054,0.921929636908041,2.50292439930054,2.78315768371374
"238","S_132_S41",1.5809947623925,-0.400484294037534,0,"238","1","238",-0.987468371150425,0.303904984643444,-1.38795266518796,0.193042097204545,0
"239","S_1370_S76",1.5809947623925,-0.189151051782796,0,"239","1","239",-1.1473565710276,0.287686046464133,-1.33650762281039,0.244487139582108,0
"240","S_1374_S132",1.5809947623925,-0.140375230298811,0,"240","1","240",-1.72158130512065,0.280859345267048,-1.86195653541946,0,0
"241","S_1384_S78",1.5809947623925,-0.272763172325628,0,"241","1","241",-0.596299731962241,0.304231680841668,-0.869062904287869,0.711931858104635,0
"242","S_1390_S94",1.5809947623925,-0.210588707010122,0,"242","1","242",0.720677195220693,0.280326242283405,0.510088488210571,2.09108325060307,2.65914794847249
"243","S_1393_S83_L003",1.5809947623925,-0.361503782849799,0,"243","1","243",-1.26647353556802,0.305413767121155,-1.62797731841782,0,0
"244","S_1395_S102",1.5809947623925,-0.322778125943639,0,"244","1","244",-0.293783169528132,0.323594967612024,-0.616561295471772,0.964433466920731,1.49534878122122
"245","S_1403_S130",1.5809947623925,-0.332352192024698,0,"245","1","245",-0.0360028745313596,0.296357395385405,-0.368355066556058,1.21263969583645,1.31607401295249
"246","S_1405_S126",1.5809947623925,-0.322455311588421,0,"246","1","246",-0.711205124328596,0.321070192642746,-1.03366043591702,0.547334326475486,0
"247","S_1408_S17_L003",1.5809947623925,-0.323605719842332,0,"247","1","247",0.828169138816394,0.335079808424708,0.504563418974061,2.08555818136656,2.89250760851908
"248","S_1412_S125",1.5809947623925,-0.273853277993453,0,"248","1","248",-1.08084438578173,0.293338163674832,-1.35469766377519,0.226297098617316,0
"249","S_1413_S10_L003",1.5809947623925,-0.33291782198488,0,"249","1","249",0.370030709030328,0.300957467634857,0.0371128870454485,1.61810764943795,1.56508458007329
"250","S_141_S188",1.5809947623925,-0.383352589849652,0,"250","1","250",-0.418097674091991,0.305334934637439,-0.801450263941643,0.77954449845086,1
"251","S_1434_S73_L003",1.5809947623925,-0.200640004461359,0,"251","1","251",-1.11324472856387,0.285155762356222,-1.31388473302523,0.26711002936727,0
"252","S_1443_S64_L003",1.5809947623925,-0.239099504540049,0,"252","1","252",0.179797764798428,0.299937580333044,-0.0593017397416214,1.52169302265088,1.56508458007329
"253","S_1462_S171",1.5809947623925,-0.339694201454748,0,"253","1","253",0.581570631207975,0.301996759050019,0.241876429753226,1.82287119214573,2.05976714390712
"254","S_1464_S64",1.5809947623925,-0.318998965808066,0,"254","1","254",0.544075705362305,0.293796418529174,0.225076739554239,1.80607150194674,1.25743342968294
"255","S_1467_S106",1.5809947623925,-0.0783423124167056,0,"255","1","255",0.0323917426009382,0.301084664072796,-0.0459505698157673,1.53504419257674,1.56508458007329
"256","S_1468_S139",1.5809947623925,-0.162722910592541,0,"256","1","256",0.219075762603186,0.280813305424216,0.0563528520106448,1.63734761440315,1.56508458007329
"257","S_1479_S2_L003",1.5809947623925,-0.28653153906957,0,"257","1","257",-0.312404926353709,0.283281516581149,-0.598936465423279,0.982058296969224,1.31607401295249
"258","S_147_S19",1.5809947623925,-0.292363779382998,0,"258","1","258",0.106492957471013,0.28902441518612,-0.185870821911984,1.39512394048052,1.49534878122122
"259","S_14_S3",1.5809947623925,-0.266002427776795,0,"259","1","259",-0.638564807711381,0.289201043265321,-0.904567235488176,0.676427526904327,0
"260","S_1506_S61",1.5809947623925,-0.100430222528251,0,"260","1","260",-0.910401077469414,0.283254152509187,-1.01083129999767,0.570163462394838,0
"261","S_1516_S148",1.5809947623925,-0.350157115714884,0,"261","1","261",0.308378439099955,0.417231881534207,-0.0417786766149285,1.53921608577757,1.73205080756888
"262","S_151_S93",1.5809947623925,-0.321010406293585,0,"262","1","262",-0.721829422317229,0.295805859933337,-1.04283982861081,0.538154933781689,0
"263","S_1521_S18",1.5809947623925,-0.269584768800271,0,"263","1","263",0.462817328315826,0.304350260472317,0.193232559515554,1.77422732190806,2.11474252688113
"264","S_1528_S47",1.5809947623925,-0.22111046584907,0,"264","1","264",0.720969881368116,0.281966050700974,0.499859415519046,2.08085417791155,2.11474252688113
"265","S_1531_S31_L003",1.5809947623925,-0.312719897927051,0,"265","1","265",-0.795884296984445,0.306551059269128,-1.1086041949115,0.472390567481007,0
"266","S_1532_S117",1.5809947623925,-0.253635819866357,0,"266","1","266",1.43513134537344,0.287293331298858,1.18149552550709,2.76249028789959,2.65914794847249
"267","S_1542_S44",1.5809947623925,-0.258380459140479,0,"267","1","267",-1.1230798916515,0.293441293717984,-1.38146035079198,0.199534411600526,0
"268","S_154_S162",1.5809947623925,-0.362018526857007,0,"268","1","268",0.337907991005981,0.302976213877352,-0.0241105358510266,1.55688422654148,1.65487545982344
"269","S_1552_S185",1.5809947623925,-0.163289540247759,0,"269","1","269",-0.256970634041848,0.272421067278546,-0.420260174289607,1.1607345881029,1.31607401295249
"270","S_1561_S52",1.5809947623925,-0.221083134775696,0,"270","1","270",-0.147665325127185,0.282098275514707,-0.368748459902881,1.21224630248962,1.25743342968294
"271","S_1565_S74_L003",1.5809947623925,-0.243035786037972,0,"271","1","271",0.220514839374389,0.292236248532731,-0.0225209466635834,1.55847381572892,1.4142135623731
"272","S_1567_S13_L003",1.5809947623925,-0.292342552775037,0,"272","1","272",0.12982367186706,0.286152832369035,-0.162518880907977,1.41847588148453,1.49534878122122
"273","S_159_S190",1.5809947623925,-0.313209709750741,0,"273","1","273",0.470902519010041,0.305117853430843,0.1576928092593,1.7386875716518,2.34034731932072
"274","S_1604_S168",1.5809947623925,-0.146114410085236,0,"274","1","274",0.860182502403485,0.280804597958784,0.714068092318248,2.29506285471075,2.44948974278318
"275","S_1620_S26",1.5809947623925,-0.182634481239904,0,"275","1","275",-0.883684526693215,0.294061339850007,-1.06631900793312,0.514675754459384,0
"276","S_1651_S111",1.5809947623925,-0.292310478181145,0,"276","1","276",0.360274928058043,0.295906143181103,0.0679644498768979,1.6489592122694,1.49534878122122
"277","S_1660_S143",1.5809947623925,0.0294276744540154,0,"277","1","277",0.443557346800837,0.309907472090001,0.472985021254852,2.05397978364736,2.51486685936587
"278","S_1674_S49_L003",1.5809947623925,-0.20893355685309,0,"278","1","278",-0.0268811518421735,0.260374937253242,-0.235814708695263,1.34518005369724,1.25743342968294
"279","S_1675_S175",1.5809947623925,-0.230906391713553,0,"279","1","279",0.0402968784806984,0.265673073467412,-0.190609513232855,1.39038524915965,1.4142135623731
"280","S_1678_S107",1.5809947623925,-0.261341242633458,0,"280","1","280",-0.0923003560185341,0.271961583738037,-0.353641598651992,1.22735316374051,1.31607401295249
"281","S_1687_S90_L003",1.5809947623925,-0.269639439149772,0,"281","1","281",-1.19551462906938,0.296429815560648,-1.46515406821915,0.115840694173356,0
"282","S_1691_S141",1.5809947623925,-0.269329802876446,0,"282","1","282",-0.403021423704726,0.291194728313231,-0.672351226581172,0.908643535811331,1.39157884185687
"283","S_1697_S147",1.5809947623925,-0.423110006055177,0,"283","1","283",0.21396736303987,0.459901665292136,-0.209142643015307,1.3718521193772,1.49534878122122
"284","S_169_S27",1.5809947623925,-0.277159543938232,0,"284","1","284",0.335607786607593,0.293664151503174,0.0584482426693611,1.63944300506186,1.31607401295249
"285","S_16_S56_L003",1.5809947623925,-0.258079964874914,0,"285","1","285",0.861801679327413,0.30252672263087,0.603721714452499,2.184716476845,2.23606797749979
"286","S_1725_S144",1.5809947623925,-0.428763907941675,0,"286","1","286",-0.272593781047353,0.47728872426001,-0.701357688989029,0.879637073403474,0.840896415253715
"287","S_1727_S30",1.5809947623925,-0.292789033721741,0,"287","1","287",-0.0947128559966379,0.287193444921116,-0.387501889718379,1.19349287267412,1.25743342968294
"288","S_1735_S172",1.5809947623925,-0.296853389606875,0,"288","1","288",0.556160302113724,0.311331595356114,0.259306912506848,1.84030167489935,1.56508458007329
"289","S_1740_S146",1.5809947623925,-0.272939204720061,0,"289","1","289",0.213984469162866,0.324361855484522,-0.0589547355571943,1.52204002683531,1.91682931273882
"290","S_1747_S48_L003",1.5809947623925,-0.268240112597318,0,"290","1","290",0.0389523881349521,0.295276630863102,-0.229287724462366,1.35170703793014,1.49534878122122
"291","S_1753_S75",1.5809947623925,-0.236992933129615,0,"291","1","291",0.188225252313542,0.295292105526653,-0.0487676808160726,1.53222708157643,1.49534878122122
"292","S_1755_S134",1.5809947623925,-0.227343620852452,0,"292","1","292",0.112980896986759,0.28254718852506,-0.114362723865693,1.46663203852681,1
"293","S_1757_S61_L003",1.5809947623925,-0.244107383146045,0,"293","1","293",0.37387917672096,0.275645508206224,0.129771793574915,1.71076655596742,1.96798967126543
"294","S_177_S62",1.5809947623925,-0.309576675514311,0,"294","1","294",0.226548205479995,0.281295014669644,-0.083028470034316,1.49796629235819,1.49534878122122
"295","S_1780_S45_L003",1.5809947623925,-0.252137001175442,0,"295","1","295",0.377078877925818,0.285104394045069,0.124941876750376,1.70593663914288,1.8612097182042
"296","S_1781_S84",1.5809947623925,-0.402712624480743,0,"296","1","296",0.206797558137123,0.409400743828981,-0.19591506634362,1.38507969604888,1.96798967126543
"297","S_1783_S150",1.5809947623925,-0.344015425369734,0,"297","1","297",-0.082198940619698,0.369861254227328,-0.426214365989432,1.15478039640307,0.840896415253715
"298","S_1799_S86",1.5809947623925,-0.276718607290458,0,"298","1","298",-0.169281646883813,0.295876505905334,-0.446000254174271,1.13499450821823,1.31607401295249
"299","S_1800_S14_L003",1.5809947623925,-0.246409686401111,0,"299","1","299",-1.05691566336769,0.300210530507905,-1.3033253497688,0.277669412623702,0
"300","S_1811_S148",1.5809947623925,-0.266713203767457,0,"300","1","300",0.546569235388902,0.308178227328307,0.279856031621445,1.86085079401395,2.11474252688113
"301","S_181_S65",1.5809947623925,-0.320886351136095,0,"301","1","301",0.379395498579176,0.281465343204117,0.0585091474430813,1.63950390983558,1.62657656169779
"302","S_1822_S37",1.5809947623925,-0.252327893601142,0,"302","1","302",0.521231366440196,0.282553579285719,0.268903472839055,1.84989823523156,1.77827941003892
"303","S_1823_S3_L003",1.5809947623925,-0.300454183126607,0,"303","1","303",-0.430083460245046,0.287434099710424,-0.730537643371653,0.85045711902085,1
"304","S_1824_S180",1.5809947623925,-0.226623434009223,0,"304","2","  1",-0.431057377605365,0.285938980764959,-0.657680811614588,0.923313950777915,NA
"305","S_1828_S156",1.5809947623925,-0.260354048737711,0,"305","1","304",0.0139289162300186,0.27549647080946,-0.246425132507692,1.33456962988481,1.18920711500272
"306","S_1834_S114",1.5809947623925,-0.287351769270033,0,"306","1","305",0.206374409820891,0.283940457900315,-0.0809773594491424,1.50001740294336,1.77827941003892
"307","S_1835_S57",1.5809947623925,-0.256388354995667,0,"307","1","306",-0.887184849240081,0.282195152452908,-1.14357320423575,0.437421558156755,0
"308","S_1845_S34",1.5809947623925,-0.202503712780134,0,"308","1","307",0.853245657270081,0.286266915891336,0.650741944489947,2.23173670688245,2.51486685936587
"309","S_1855_S49",1.5809947623925,-0.273478046697859,0,"309","1","308",-0.0176018494974502,0.287631930330693,-0.291079896195309,1.28991486619719,1
"310","S_1856_S51",1.5809947623925,-0.247826272652746,0,"310","1","309",-0.198016557515745,0.323514396877975,-0.44584283016849,1.13515193222401,0.840896415253715
"311","S_185_S72",1.5809947623925,-0.365023528371506,0,"311","1","310",-0.135971662270776,0.315555162274688,-0.500995190642282,1.07999957175022,0
"312","S_1861_S1_L003",1.5809947623925,-0.216570774569674,0,"312","1","311",1.15313691639131,0.274677555178414,0.936566141821631,2.51756090421413,2.51486685936587
"313","S_1871_S186",1.5809947623925,-0.164071066962276,0,"313","1","312",0.56321258781876,0.28336808512994,0.399141520856484,1.98013628324899,1.73205080756888
"314","S_188_S79",1.5809947623925,-0.32782933851276,0,"314","1","313",0.143710058219811,0.319537043896837,-0.184119280292949,1.39687548209955,1.18920711500272
"315","S_1909_S132",1.5809947623925,-0.200113482229289,0,"315","1","314",0.165565434566932,0.26532511320784,-0.0345480476623574,1.54644671473015,2.05976714390712
"316","S_190_S2",1.5809947623925,-0.333668302786085,0,"316","1","315",0.732245615799015,0.317360601212082,0.398577313012929,1.97957207540543,2.23606797749979
"317","S_1910_S23_L003",1.5809947623925,-0.262645695685036,0,"317","1","316",0.303416237436099,0.298687196435224,0.0407705417510628,1.62176530414357,1.49534878122122
"318","S_1921_S54",1.5809947623925,-0.300600777758354,0,"318","1","317",-0.818270079966329,0.296046583324853,-1.11887085772468,0.462123904667819,0
"319","S_1934_S21_L003",1.5809947623925,-0.339047062717909,0,"319","1","318",0.846737972010433,0.29160557533398,0.507690909292524,2.08868567168503,2.89250760851908
"320","S_1935_S15",1.5809947623925,-0.292663408299684,0,"320","1","319",0.67732109522943,0.297401122996416,0.384657686929747,1.96565244932225,1.49534878122122
"321","S_1939_S59",1.5809947623925,-0.290625131000277,0,"321","1","320",0.633601950445665,0.301489785004743,0.342976819445388,1.92397158183789,2.11474252688113
"322","S_1945_S21",1.5809947623925,-0.354352433948897,0,"322","1","321",0.660881148944733,0.317845664308563,0.306528714995836,1.88752347738834,2.21336383940064
"323","S_1946_S184",1.5809947623925,-0.33866707740512,0,"323","1","322",0.270872610737138,0.318668633727994,-0.0677944666679817,1.51320029572452,1.31607401295249
"324","S_1950_S66",1.5809947623925,-0.345701513003282,0,"324","1","323",-0.859554410989209,0.304640954362198,-1.20525592399249,0.375738838400013,0
"325","S_1955_S145",1.5809947623925,-0.418167196394341,0,"325","1","324",0.115026933010032,0.47576459577185,-0.303140263384309,1.27785449900819,1.45647531512197
"326","S_1956_S127",1.5809947623925,-0.351725209436445,0,"326","1","325",-0.626738855644261,0.321539202619888,-0.978464065080706,0.602530697311797,0
"327","S_1971_S104",1.5809947623925,-0.365079238478448,0,"327","1","326",0.864608889839142,0.308147448453213,0.499529651360693,2.0805244137532,2.11474252688113
"328","S_1998_S79_L003",1.5809947623925,-0.427830726265282,0,"328","1","327",-1.26173559249917,0.327421216720191,-1.68956631876445,0,0
"329","S_199_S59_L003",1.5809947623925,-0.383954606431179,0,"329","1","328",-0.409197307861792,0.298188199152165,-0.793151914292971,0.787842848099532,1
"330","S_1_S123",1.5809947623925,-0.391499163454686,0,"330","1","329",-0.714762410281804,0.348097049418642,-1.10626157373649,0.474733188656013,0
"331","S_2005_S22",1.5809947623925,-0.347184914647364,0,"331","1","330",0.563374668063839,0.305788930323984,0.216189753416475,1.79718451580898,2.23606797749979
"332","S_2008_S85_L003",1.5809947623925,-0.273957944987181,0,"332","1","331",0.153933751545193,0.28773088861677,-0.120024193441988,1.46097056895051,1.31607401295249
"333","S_2025_S28",1.5809947623925,-0.390468754326683,0,"333","1","332",-0.158382920809815,0.310218887744468,-0.548851675136498,1.032143087256,1.25743342968294
"334","S_2029_S18_L003",1.5809947623925,-0.304530759537642,0,"334","1","333",1.1378576183802,0.303403665372492,0.833326858842563,2.41432162123507,2.51486685936587
"335","S_2031_S70",1.5809947623925,-0.298150860111156,0,"335","1","334",-0.480641084930664,0.294202653634532,-0.778791945041821,0.802202817350683,0
"336","S_2038_S118",1.5809947623925,-0.359039278063614,0,"336","1","335",1.24144685387757,0.313991971642503,0.88240757581396,2.46340233820646,2.44948974278318
"337","S_2075_S187",1.5809947623925,-0.384927259695211,0,"337","1","336",-0.372444265190275,0.384188762786817,-0.757371524885486,0.823623237507017,0
"338","S_2076_S5_L003",1.5809947623925,-0.337270257828521,0,"338","1","337",0.378060153592307,0.294801097109344,0.0407898957637863,1.62178465815629,1.77827941003892
"339","S_2077_S82_L003",1.5809947623925,-0.374479030408382,0,"339","1","338",-0.505019886815068,0.322457375621942,-0.87949891722345,0.701495845169053,0.840896415253715
"340","S_2080_S6_L003",1.5809947623925,-0.34143455087025,0,"340","1","339",0.928194439351743,0.293392715174093,0.586759888481493,2.167754650874,2.51486685936587
"341","S_2083_S65_L003",1.5809947623925,-0.214584980745166,0,"341","1","340",0.328610344929113,0.28278671988381,0.114025364183947,1.69502012657645,1.31607401295249
"342","S_2089_S17",1.5809947623925,-0.287769012187864,0,"342","1","341",-0.969045665814655,0.3038785440612,-1.25681467800252,0.324180084389984,0
"343","S_2096_S54_L003",1.5809947623925,-0.373877432532745,0,"343","1","342",0.475148603363392,0.315764084476856,0.101271170830647,1.68226593322315,2.51486685936587
"344","S_2098_S191",1.5809947623925,-0.301230222593611,0,"344","1","343",0.581431648011834,0.293457299173015,0.280201425418223,1.86119618781073,1.31607401295249
"345","S_2108_S154",1.5809947623925,-0.395053290879107,0,"345","1","344",0.334943680656228,0.344261115038112,-0.0601096102228796,1.52088515216962,1.77827941003892
"346","S_210_S177",1.5809947623925,-0.146468379232419,0,"346","1","345",-0.912607561506884,0.299339438953931,-1.0590759407393,0.5219188216532,0
"347","S_2120_S134",1.5809947623925,-0.379703245522745,0,"347","1","346",-0.653086091431169,0.349277907886235,-1.03278933695391,0.548205425438589,0
"348","S_2124_S101",1.5809947623925,-0.409951791026546,0,"348","1","347",-0.82129553025153,0.319080119990827,-1.23124732127808,0.349747441114427,0
"349","S_2125_S140",1.5809947623925,-0.417219210008746,0,"349","1","348",-0.95784152464622,0.308831428447471,-1.37506073465497,0.205934027737538,0
"350","S_2126_S35",1.5809947623925,-0.398492943514482,0,"350","1","349",-0.00722892119482316,0.300963053673908,-0.405721864709305,1.1752728976832,1.31607401295249
"351","S_212_S12",1.5809947623925,-0.055308975513044,0,"351","1","350",-1.38905963564916,0.338479287620943,-1.44436861116221,0.136626151230298,0
"352","S_2130_S16_L003",1.5809947623925,-0.42388809012022,0,"352","1","351",0.279377306019249,0.310973758360576,-0.144510784100971,1.43648397829153,1.96798967126543
"353","S_2138_S112",1.5809947623925,-0.316732697997579,0,"353","1","352",1.00965087904996,0.284003600884182,0.69291818105238,2.27391294344488,2.23606797749979
"354","S_2139_S60",1.5809947623925,-0.345222568512015,0,"354","1","353",-0.279781967741959,0.300413832694391,-0.625004536253974,0.955990226138529,1.18920711500272
"355","S_2149_S9_L003",1.5809947623925,-0.40161150227107,0,"355","1","354",-0.933694997948494,0.302603749197727,-1.33530650021956,0.24568826217294,0
"356","S_2157_S122",1.5809947623925,-0.324136728041827,0,"356","1","355",-0.0980640390167058,0.304536013460424,-0.422200767058532,1.15879399533397,1.18920711500272
"357","S_2162_S4_L003",1.5809947623925,-0.318411187921644,0,"357","1","356",0.854095409250463,0.28139049247624,0.535684221328819,2.11667898372132,2.05976714390712
"358","S_2167_S81_L003",1.5809947623925,-0.31117856443156,0,"358","1","357",-0.878925454050605,0.297598025041496,-1.19010401848216,0.390890743910339,0
"359","S_2177_S11_L003",1.5809947623925,-0.316031622370124,0,"359","1","358",0.0689655432664453,0.289521977418136,-0.247066079103679,1.33392868328882,1.25743342968294
"360","S_2194_S133",1.5809947623925,-0.321557321763908,0,"360","1","359",0.571558946393951,0.299233898386429,0.250001624630042,1.83099638702255,1.8612097182042
"361","S_2195_S129",1.5809947623925,-0.356846555288278,0,"361","1","360",-0.92270689461252,0.309015293768486,-1.2795534499008,0.301441312491705,0
"362","S_2200_S5",1.5809947623925,-0.381851323778585,0,"362","1","361",-0.806011555525691,0.31894999788308,-1.18786287930428,0.393131883088227,0.562341325190349
"363","S_2224_S161",1.5809947623925,-0.269637653357115,0,"363","1","362",0.574416975173981,0.274565025532286,0.304779321816866,1.88577408420937,2.34034731932072
"364","S_2225_S110",1.5809947623925,-0.399817500512729,0,"364","1","363",-0.0791642232730019,0.37419257116741,-0.478981723785731,1.10201303860677,1.31607401295249
"365","S_2233_S80_L003",1.5809947623925,-0.286058203811918,0,"365","1","364",0.12801844279674,0.297796269237918,-0.158039761015178,1.42295500137732,1.56508458007329
"366","S_2277_S189",1.5809947623925,-0.401778130537859,0,"366","1","365",0.293426773675722,0.400203175849387,-0.108351356862137,1.47264340553037,2.05976714390712
"367","S_228_S138",1.5809947623925,-0.124885893449223,0,"367","1","366",-0.860151291707216,0.296198865502643,-0.985037185156439,0.595957577236064,0.840896415253715
"368","S_2296_S115",1.5809947623925,-0.23699075423823,0,"368","1","367",-0.671755813560468,0.299087929845135,-0.908746567798698,0.672248194593805,0
"369","S_229_S24_L003",1.5809947623925,0.0429753173906874,0,"369","1","368",0.383468764675212,0.335717336682517,0.426444082065899,2.0074388444584,1.96798967126543
"370","S_2316_S149",1.5809947623925,-0.264177461767287,0,"370","1","369",-0.213569301188805,0.302892409179838,-0.477746762956091,1.10324799943641,1
"371","S_2317_S77_L003",1.5809947623925,-0.0209437775484852,0,"371","1","370",0.116245343822889,0.334889902251069,0.0953015662744036,1.67629632866691,1.49534878122122
"372","S_2318_S85",1.5809947623925,-0.0151598876342522,0,"372","1","371",0.600103769848797,0.318876708183268,0.584943882214545,2.16593864460705,2.44948974278318
"373","S_2326_S100",1.5809947623925,-0.0668055810503714,0,"373","1","372",-1.57336108728538,0.277194775407273,-1.64016666833575,0,0
"374","S_2332_S35_L003",1.5809947623925,0.00873535203166378,0,"374","1","373",0.0257528860459451,0.309508190353647,0.0344882380776088,1.61548300047011,1.96798967126543
"375","S_2335_S96",1.5809947623925,-0.397253494299536,0,"375","1","374",-0.306298991733551,0.483448879946959,-0.703552486033087,0.877442276359416,0
"376","S_2341_S56",1.5809947623925,-0.0764897797717184,0,"376","1","375",-1.42360697368436,0.26528280865698,-1.50009675345608,0.0808980089364226,0
"377","S_2344_S156",1.5809947623925,-0.416955859156039,0,"377","1","376",-0.339514551188749,0.482456684634196,-0.756470410344788,0.824524352047715,0
"378","S_2346_S152",1.5809947623925,-0.195722675296164,0,"378","1","377",-1.23702311546557,0.286044207063367,-1.43274579076173,0.148248971630771,0
"379","S_2387_S147",1.5809947623925,-0.163279635740654,0,"379","1","378",0.0754132876814055,0.296903155568428,-0.0878663480592482,1.49312841433326,1.18920711500272
"380","S_2397_S166",1.5809947623925,-0.210185489134165,0,"380","1","379",0.362703755979845,0.309668303609366,0.152518266845681,1.73351302923818,1.56508458007329
"381","S_255_S45",1.5809947623925,-0.390105158899849,0,"381","1","380",-0.733640503468758,0.360735605397537,-1.12374566236861,0.457249100023896,0
"382","S_256_S39_L003",1.5809947623925,-0.321264512687181,0,"382","1","381",-0.974808379749934,0.303050691942388,-1.29607289243711,0.284921869955388,0
"383","S_274_S192",1.5809947623925,-0.346846817438818,0,"383","1","382",-0.873569160368199,0.304745147613785,-1.22041597780702,0.360578784585486,0
"384","S_276_S74",1.5809947623925,-0.272687294708014,0,"384","1","383",0.0162633642456842,0.285970268451624,-0.25642393046233,1.32457083193017,1.49534878122122
"385","S_27_S7",1.5809947623925,-0.263833036928508,0,"385","1","384",-1.07508920284259,0.292391241079982,-1.33892223977109,0.242072522621409,0.840896415253715
"386","S_285_1_S191",1.5809947623925,-0.269713969019175,0,"386","1","385",0.8241146301963,0.262352359410083,0.554400661177125,2.13539542356963,2.05976714390712
"387","S_289_S32_L003",1.5809947623925,-0.296027154087493,0,"387","1","386",-0.189602564226451,0.375862409536105,-0.485629718313944,1.09536504407856,1.31607401295249
"388","S_292_S80",1.5809947623925,-0.117778229539961,0,"388","1","387",-0.0918895964540788,0.29075632632235,-0.20966782599404,1.37132693639846,1.31607401295249
"389","S_295_S46_L003",1.5809947623925,-0.0331275766144223,0,"389","1","388",-0.298923030915826,0.335247307670919,-0.332050607530248,1.24894415486225,1.31607401295249
"390","S_297_S95",1.5809947623925,0.0299209928935235,0,"390","1","389",0.541639907038699,0.330557010001496,0.571560899932222,2.15255566232473,2.51486685936587
"391","S_302_S182",1.5809947623925,-0.189250709290445,0,"391","1","390",0.476713682660136,0.296333880403199,0.28746297336969,1.86845773576219,2.11474252688113
"392","S_328_S179",1.5809947623925,-0.388913303335079,0,"392","1","391",0.193042063034878,0.319174738436871,-0.195871240300201,1.3851235220923,1.56508458007329
"393","S_32_S152",1.5809947623925,-0.339036789169431,0,"393","1","392",-1.18768604947067,0.289928336212873,-1.5267228386401,0.0542719237524047,0
"394","S_331_S25",1.5809947623925,-0.308478131206347,0,"394","1","393",-0.624349819788603,0.30750272883106,-0.93282795099495,0.648166811397554,0
"395","S_334_S137",1.5809947623925,-0.342324572683674,0,"395","1","394",-1.56661825131091,0.340257160133488,-1.90894282399458,0,0
"396","S_337_S8",1.5809947623925,0.023236865775673,0,"396","1","395",1.03042745378866,0.311890663043382,1.05366431956433,2.63465908195683,2.99069756244244
"397","S_339_S28_L003",1.5809947623925,0.0276980036682952,0,"397","1","396",-1.34834328559896,0.310328528398275,-1.32064528193067,0.260349480461835,0
"398","S_341_S162",1.5809947623925,-0.281427127706558,0,"398","1","397",0.139248600278723,0.391815608274356,-0.142178527427835,1.43881623496467,1.83142075074235
"399","S_344_S160",1.5809947623925,-0.389386033006072,0,"399","1","398",0.131155653430743,0.465119040604175,-0.258230379575329,1.32276438281717,1.56508458007329
"400","S_357_S87",1.5809947623925,0.0541709312054946,0,"400","1","399",-0.364358918991211,0.348184086988839,-0.310187987785716,1.27080677460679,1.49534878122122
"401","S_371_S41_L003",1.5809947623925,-0.0970090987558442,0,"401","1","400",-0.51558310405343,0.309066449627799,-0.612592202809274,0.968402559583229,1
"402","S_373_S73",1.5809947623925,-0.460644579655098,0,"402","1","401",-0.340640821919133,0.361395454498556,-0.80128540157423,0.779709360818273,0
"403","S_377_S12_L003",1.5809947623925,-0.32840004739252,0,"403","1","402",0.814319159973088,0.304267483292409,0.485919112580569,2.06691387497307,2.78315768371374
"404","S_385_S62_L003",1.5809947623925,-0.340708326498441,0,"404","1","403",0.634092155641596,0.287389752362272,0.293383829143155,1.87437859153566,2.23606797749979
"405","S_393_S135",1.5809947623925,-0.316837387493572,0,"405","2","  2",0.351672393424393,0.297463712401392,0.0348350059308215,1.61582976832332,NA
"406","S_397_S176",1.5809947623925,-0.392552755094025,0,"406","1","404",-0.127863929466358,0.301250835431464,-0.520416684560383,1.06057807783212,1.18920711500272
"407","S_406_S140",1.5809947623925,-0.337416197655335,0,"407","1","405",0.928584240399727,0.301997184635265,0.591168042744391,2.17216280513689,2.65914794847249
"408","S_407_S131",1.5809947623925,-0.356093995727231,0,"408","1","406",-0.895891315063573,0.306138900650035,-1.2519853107908,0.329009451601699,0
"409","S_413_S86_L003",1.5809947623925,-0.29645983491231,0,"409","1","407",-0.833633182069439,0.285841676369372,-1.13009301698175,0.450901745410754,0
"410","S_419_S1",1.5809947623925,-0.300700514463028,0,"410","1","408",0.348034787700996,0.294862176302665,0.0473342732379685,1.62832903563047,1.49534878122122
"411","S_41_S124",1.5809947623925,-0.362432163115481,0,"411","1","409",-0.899084951618328,0.317438462260461,-1.26151711473381,0.319477647658694,0
"412","S_440_S128",1.5809947623925,-0.428918136484378,0,"412","1","410",-0.508310467363709,0.381018040099473,-0.937228603848087,0.643766158544416,0
"413","S_450_S135",1.5809947623925,-0.364257076851746,0,"413","1","411",0.0611573684660304,0.311481486803362,-0.303099708385715,1.27789505400679,0.840896415253715
"414","S_453_S63",1.5809947623925,-0.316576345466291,0,"414","1","412",-0.669976241582555,0.311025945954099,-0.986552587048846,0.594442175343657,0
"415","S_454_S71_L003",1.5809947623925,-0.40725300126329,0,"415","1","413",0.821033075950048,0.318209341140505,0.413780074686758,1.99477483707926,2.54572989502183
"416","S_469_S119",1.5809947623925,-0.412132679515864,0,"416","1","414",0.778059806434087,0.321049442455926,0.365927126918223,1.94692188931073,2.89250760851908
"417","S_474_S89_L003",1.5809947623925,-0.44417062643423,0,"417","1","415",-0.343696128317598,0.494400140412272,-0.787866754751827,0.793128007640676,0
"418","S_481_S27_L003",1.5809947623925,-0.365539201670847,0,"418","1","416",-0.232051718353506,0.307567848919636,-0.597590920024354,0.983403842368149,0.840896415253715
"419","S_487_S31",1.5809947623925,-0.412228025030891,0,"419","1","417",-0.0978821714327182,0.322224133463661,-0.510110196463609,1.07088456592889,1.49534878122122
"420","S_501_S43",1.5809947623925,-0.352776140023628,0,"420","1","418",-0.846111535131763,0.29911696371753,-1.19888767515539,0.382107087237112,0
"421","S_509_S109",1.5809947623925,-0.442510009726737,0,"421","1","419",-0.973702743130398,0.329534294497615,-1.41621275285714,0.164782009535368,0
"422","S_515_S58",1.5809947623925,-0.324171425822313,0,"422","1","420",-1.03888572950134,0.288707662609408,-1.36305715532365,0.217937607068849,0
"423","S_516_S138",1.5809947623925,-0.419307032445101,0,"423","1","421",-0.669613460619721,0.450663680141956,-1.08892049306482,0.492074269327682,0
"424","S_517_S20_L003",1.5809947623925,-0.387643457972164,0,"424","1","422",1.33454433121477,0.307549746463053,0.946900873242605,2.52789563563511,2.89250760851908
"425","S_522_S10",1.5809947623925,-0.328721286434575,0,"425","1","423",0.891394150332191,0.296870232663959,0.562672863897616,2.14366762629012,2.34034731932072
"426","S_524_S33_L003",1.5809947623925,-0.40763862667935,0,"426","1","424",0.254264975934643,0.312722256044396,-0.153373650744707,1.4276211116478,1.31607401295249
"427","S_528_S103",1.5809947623925,-0.414660225487081,0,"427","1","425",0.919188199114037,0.316703400463154,0.504527973626956,2.08552273601946,2.34034731932072
"428","S_533_S68",1.5809947623925,-0.446458207629662,0,"428","1","426",0.429660282650603,0.35762984613649,-0.0167979249790589,1.56419683741344,1.56508458007329
"429","S_537_S78_L003",1.5809947623925,-0.42351243996855,0,"429","1","427",1.06696634721127,0.338049449717212,0.643453907242722,2.22444866963523,2.78315768371374
"430","S_545_S69",1.5809947623925,-0.372047178127756,0,"430","1","428",0.0407996775699786,0.309374684094246,-0.331247500557777,1.24974726183473,1.10668191970032
"431","S_565_S149",1.5809947623925,-0.401406523056663,0,"431","1","429",0.65198833448678,0.307237846591094,0.250581811430117,1.83157657382262,2.05976714390712
"432","S_567_S165",1.5809947623925,-0.374383469160053,0,"432","1","430",-0.862065424403981,0.320103805723541,-1.23644889356403,0.344545868828469,0
"433","S_574_S155",1.5809947623925,-0.454388729029149,0,"433","1","431",-0.575384186538331,0.479093116840565,-1.02977291556748,0.551221846825023,0
"434","S_591_S99",1.5809947623925,-0.387800624524278,0,"434","1","432",0.223937597291929,0.321214642997698,-0.163863027232349,1.41713173516015,1.49534878122122
"435","S_5_S63_L003",1.5809947623925,-0.431053608179896,0,"435","1","433",0.593292926820401,0.414816453545623,0.162239318640505,1.74323408103301,2.51486685936587
"436","S_629_S113",1.5809947623925,0.0423203178737988,0,"436","1","434",-0.0841692637995517,0.303334426481686,-0.0418489459257529,1.53914581646675,1.77827941003892
"437","S_630_S51_L003",1.5809947623925,-0.1467500725655,0,"437","1","435",0.404635353493366,0.30336264010715,0.257885280927867,1.83888004332037,2.11474252688113
"438","S_631_S87_L003",1.5809947623925,-0.0019216635769749,0,"438","1","436",0.0357471584294007,0.297475166415498,0.0338254948524258,1.61482025724493,1.96798967126543
"439","S_63_S170",1.5809947623925,-0.223246121640825,0,"439","1","437",-0.376913689042462,0.28480844944832,-0.600159810683287,0.980834951709216,0
"440","S_640_S178",1.5809947623925,-0.0850677636289136,0,"440","1","438",-1.05135856233162,0.279544706531762,-1.13642632596054,0.444568436431965,0
"441","S_646_S142",1.5809947623925,-0.049376010580882,0,"441","1","439",-0.480196376245873,0.285454423669792,-0.529572386826754,1.05142237556575,1.25743342968294
"442","S_650_S129",1.5809947623925,-0.308763347010816,0,"442","1","440",0.538167539365725,0.443304378933215,0.229404192354909,1.81039895474741,2.17793858734643
"443","S_653_S6",1.5809947623925,0.10043472593461,0,"443","1","441",1.21057806252493,0.331472711228505,1.31101278845954,2.89200755085204,2.34034731932072
"444","S_656_S181",1.5809947623925,0.0554589717978405,0,"444","1","442",0.771457324136642,0.297395176592194,0.826916295934483,2.40791105832699,2.34034731932072
"445","S_657_S154",1.5809947623925,-0.374182816365302,0,"445","1","443",0.457247456071204,0.487525998623808,0.0830646397059011,1.6640594020984,2.23606797749979
"446","S_658_S33",1.5809947623925,0.0926084972922271,0,"446","1","444",1.16111998599311,0.320893655024318,1.25372848328534,2.83472324567784,2.89250760851908
"447","S_65_S29_L003",1.5809947623925,-0.306720004443203,0,"447","1","445",0.590808010462106,0.278626618101573,0.284088006018903,1.86508276841141,2.11474252688113
"448","S_662_S98",1.5809947623925,-0.167250701638677,0,"448","1","446",-0.258479532231815,0.293085394692553,-0.425730233870493,1.15526452852201,0.840896415253715
"449","S_673_S40_L003",1.5809947623925,-0.0318720998426104,0,"449","1","447",-0.371594067355158,0.311857912994898,-0.403466167197768,1.17752859519473,1.4142135623731
"450","S_674_S130",1.5809947623925,-0.0549214500297386,0,"450","1","448",-1.15548788920564,0.286911025414566,-1.21040933923538,0.370585423157125,0
"451","S_679_S9",1.5809947623925,0.0085423446701455,0,"451","1","449",-0.283776303258739,0.289619295111667,-0.275233958588594,1.30576080380391,1.25743342968294
"452","S_685_S121",1.5809947623925,-0.0458624783289461,0,"452","1","450",0.0654523853364663,0.336054233386039,0.0195899070075202,1.60058466940002,1.31607401295249
"453","S_695_S46",1.5809947623925,-0.0510883940388815,0,"453","1","451",0.387638898037766,0.300407311272694,0.336550503998885,1.91754526639139,2.51486685936587
"454","S_696_S88",1.5809947623925,-0.21722944670294,0,"454","1","452",0.615740783582818,0.315759719912077,0.398511336879878,1.97950609927238,2.34034731932072
"455","S_706_S108",1.5809947623925,0.0303444436755736,0,"455","1","453",-0.196579971546909,0.310068207024064,-0.166235527871335,1.41475923452117,1.25743342968294
"456","S_711_S50",1.5809947623925,-0.11688560394999,0,"456","1","454",0.240654774499944,0.307910221333879,0.123769170549954,1.70476393294246,1.49534878122122
"457","S_712_S136",1.5809947623925,0.0206254147318488,0,"457","1","455",0.269938322218493,0.296797482200797,0.290563736950342,1.87155849934285,1.45647531512197
"458","S_713_S163",1.5809947623925,-0.328665382738657,0,"458","1","456",0.114460385006429,0.401488264802095,-0.214204997732228,1.36678976466027,1.77827941003892
"459","S_714_S34_L003",1.5809947623925,0.0796527836605174,0,"459","1","457",-0.147269667572753,0.332204777392918,-0.0676168839122357,1.51337787848027,1.56508458007329
"460","S_726_S69_L003",1.5809947623925,0.0110924713950755,0,"460","1","458",1.27412368982995,0.312485812676276,1.28521616122502,2.86621092361753,2.78315768371374
"461","S_733_S67_L003",1.5809947623925,-0.0165601878792451,0,"461","1","459",-0.136334768840527,0.286979865024644,-0.152894956719772,1.42809980567273,1.25743342968294
"462","S_738_S39",1.5809947623925,0.0288088276518603,0,"462","1","460",-0.0654878472670887,0.327620525586459,-0.0366790196152283,1.54431574277727,1.56508458007329
"463","S_758_S128",1.5809947623925,-0.0176586629373214,0,"463","1","461",0.926082443753546,0.302960463952229,0.908423780816224,2.48941854320873,2.65914794847249
"464","S_762_S173",1.5809947623925,0.00521245807771333,0,"464","1","462",0.636476981475268,0.323381389079708,0.641689439552981,2.22268420194548,2.11474252688113
"465","S_764_S93_L003",1.5809947623925,-0.00661255836230684,0,"465","1","463",1.37980616406833,0.308243635132849,1.37319360570602,2.95418836809853,2.89250760851908
"466","S_765_S48",1.5809947623925,-0.117018540065457,0,"466","1","464",0.102589177375949,0.306869202330289,-0.0144293626895085,1.56656539970299,1.31607401295249
"467","S_770_S57_L003",1.5809947623925,-0.297767934241147,0,"467","1","465",-0.225029487474215,0.309539901816811,-0.522797421715363,1.05819734067714,1.4142135623731
"468","S_772_S58_L003",1.5809947623925,-0.0325961615771998,0,"468","1","466",-1.33057639931067,0.292484375061968,-1.36317256088787,0.217822201504637,0
"469","S_779_S94_L003",1.5809947623925,-0.136707599225512,0,"469","1","467",-0.905541973894186,0.269059847288679,-1.0422495731197,0.538745189272805,0
"470","S_7_S141",1.5809947623925,-0.302314056118068,0,"470","1","468",-0.085509219118395,0.295779999531049,-0.387823275236463,1.19317148715604,1.31607401295249
"471","S_813_S44_L003",1.5809947623925,-0.0843207383176221,0,"471","1","469",0.598255387600806,0.276064632498146,0.513934649283184,2.09492941167569,2.23606797749979
"472","S_824_S40",1.5809947623925,-0.034557237616859,0,"472","1","470",-1.01715027617917,0.288125415758037,-1.05170751379603,0.529287248596477,0
"473","S_825_S71",1.5809947623925,0.0162449648066885,0,"473","1","471",-0.424654110011443,0.335856835318332,-0.408409145204755,1.17258561718775,1.25743342968294
"474","S_826_S8_L003",1.5809947623925,-0.0782400622580082,0,"474","1","472",-0.337379423380696,0.296065564201376,-0.415619485638704,1.1653752767538,1.56508458007329
"475","S_837_S50_L003",1.5809947623925,-0.0112195709703499,0,"475","1","473",1.0673905851436,0.278666297278445,1.05617101417325,2.63716577656575,2.65914794847249
"476","S_83_S14",1.5809947623925,-0.25084667250705,0,"476","1","474",-1.06142056684502,0.31618530653816,-1.31226723935207,0.268727523040436,0
"477","S_840_S88_L003",1.5809947623925,-0.113491788385288,0,"477","1","475",0.530674400708733,0.266895875090423,0.417182612323445,1.99817737471595,1.77827941003892
"478","S_844_S151",1.5809947623925,-0.0744759280756662,0,"478","1","476",-0.969672799636932,0.319229931525913,-1.0441487277126,0.536846034679905,0
"479","S_85_S36_L003",1.5809947623925,-0.363168595137275,0,"479","1","477",-0.0128924632999889,0.342135132689955,-0.376061058437263,1.20493370395524,1.18920711500272
"480","S_861_S22_L003",1.5809947623925,-0.0271039343773731,0,"480","1","478",0.532837223123059,0.298480391761205,0.505733288745686,2.08672805113819,2.51486685936587
"481","S_865_S82",1.5809947623925,-0.107054524619059,0,"481","1","479",0.105523760384848,0.271431526630008,-0.00153076423421092,1.57946399815829,1.77827941003892
"482","S_879_S97",1.5809947623925,-0.11185161799594,0,"482","1","480",0.0675937810387271,0.300613526485635,-0.0442578369572126,1.53673692543529,1.31607401295249
"483","S_87_S81",1.5809947623925,-0.381727054540679,0,"483","1","481",0.431414988505705,0.297848561245486,0.0496879339650266,1.63068269635753,2.34034731932072
"484","S_885_S77",1.5809947623925,-0.0541106734040066,0,"484","1","482",-0.459682329930063,0.276384962930779,-0.51379300333407,1.06720175905843,0.840896415253715
"485","S_901_S136",1.5809947623925,-0.337660762726934,0,"485","2","  3",-0.488640347109809,0.331985950225661,-0.826301109836744,0.754693652555759,NA
"486","S_932_S42_L003",1.5809947623925,-0.198518237685585,0,"486","1","483",0.0961683561348007,0.28050813629076,-0.102349881550785,1.47864488084172,1.31607401295249
"487","S_961_S70_L003",1.5809947623925,0.017500508468037,0,"487","1","484",0.954958305251513,0.331778047686393,0.97245881371955,2.55345357611205,2.63214802590498
"488","S_962_S42",1.5809947623925,-0.076935706456129,0,"488","1","485",0.280755248410145,0.302728979780981,0.203819541954016,1.78481430434652,1.49534878122122
"489","S_972_S142",1.5809947623925,-0.397036535103898,0,"489","1","486",-0.17407448889875,0.451216917264272,-0.571111024002648,1.00988373838986,0
"490","S_978_S90",1.5809947623925,-0.250189305075025,0,"490","1","487",-1.29635309207187,0.336902711414578,-1.54654239714689,0.0344523652456101,0
"491","S_983_S4",1.5809947623925,0.0368375454854753,0,"491","1","488",-1.50652341677354,0.30870836638804,-1.46968587128806,0.111308891104443,0
"492","S_993_S55",1.5809947623925,-0.112501693782725,0,"492","1","489",-0.222684074341754,0.296313077742021,-0.335185768124479,1.24580899426802,0.840896415253715
"493","NSW1201426",1.5809947623925,0.43895930325615,0,"493","2","  4",0.344268343226218,0.162874543273186,0.783227646482368,2.36422240887487,NA
"494","NSW1212884",1.5809947623925,0.131133886089084,0,"494","2","  5",0.0778203967199278,0.167976094118949,0.208954282809012,1.78994904520152,NA
"495","NSW1200541",1.5809947623925,0.332876696184004,0,"495","2","  6",-0.00392262231848304,0.15797555327873,0.328954073865521,1.90994883625802,NA
"496","NSW1190165",1.5809947623925,0.383736541646393,0,"496","2","  7",-0.50909379861578,0.230186048620492,-0.125357256969386,1.45563750542312,NA
"497","NSW1166659",1.5809947623925,0.118129441596574,0,"497","2","  8",-0.479097370708097,0.146190156278464,-0.360967929111522,1.22002683328098,NA
"498","NSW1213025",1.5809947623925,0.174926010017095,0,"498","2","  9",0.154324180181142,0.254128479759366,0.329250190198238,1.91024495259074,NA
"499","NSW1211446",1.5809947623925,0.459944111908575,0,"499","2"," 10",0.0932224564629072,0.186593135632764,0.553166568371483,2.13416133076399,NA
"500","NSW1200628",1.5809947623925,0.477346170639613,0,"500","2"," 11",-0.350812339201876,0.214293981490107,0.126533831437737,1.70752859383024,NA
"501","NSW1166664",1.5809947623925,0.142807570453465,0,"501","2"," 12",-0.216704745820232,0.0905891551544921,-0.0738971753667672,1.50709758702574,NA
"502","NSW1213021",1.5809947623925,0.182900745923584,0,"502","2"," 13",0.0562821571586373,0.189611193249509,0.239182903082221,1.82017766547472,NA
"503","NSW1201391",1.5809947623925,0.338097104055059,0,"503","2"," 14",-0.123031599513738,0.188245849141504,0.215065504541321,1.79606026693382,NA
"504","NSW1201419",1.5809947623925,0.492300160043005,0,"504","2"," 15",-0.00324263663988081,0.240300090564481,0.489057523403125,2.07005228579563,NA
"505","NSW1201415",1.5809947623925,0.49604871473527,0,"505","2"," 16",-0.111357588669678,0.19030929694565,0.384691126065593,1.9656858884581,NA
"506","NSW1200364",1.5809947623925,0.0859651390545684,0,"506","2"," 17",-0.389405416703933,0.176932259952982,-0.303440277649365,1.27755448474314,NA
"507","NSW1190167",1.5809947623925,0.514502638860835,0,"507","2"," 18",0.43264770869368,0.192146567346083,0.947150347554515,2.52814510994702,NA
"508","NSW1190204",1.5809947623925,0.445854384201947,0,"508","2"," 19",-0.175666640483255,0.135263960902538,0.270187743718692,1.8511825061112,NA
"509","NSW1200834",1.5809947623925,0.482254468859991,0,"509","2"," 20",-0.438539324783203,0.177208726748541,0.0437151440767878,1.62470990646929,NA
"510","NSW1200533",1.5809947623925,0.454495138482886,0,"510","2"," 21",0.177110726517576,0.145558261057909,0.631605865000462,2.21260062739297,NA
"511","NSW1200414",1.5809947623925,0.473026947589352,0,"511","2"," 22",-0.0496984525631606,0.0911278261207094,0.423328495026191,2.00432325741869,NA
"512","NSW1200759",1.5809947623925,0.439553169379585,0,"512","2"," 23",-0.0753703030400883,0.198415889893062,0.364182866339496,1.945177628732,NA
"513","NSW1212889",1.5809947623925,0.19959903102035,0,"513","2"," 24",-0.164607167644883,0.148144815685246,0.0349918633754673,1.61598662576797,NA
"514","NSW1211427",1.5809947623925,0.0493245641691877,0,"514","2"," 25",-0.680799853124134,0.20764122255537,-0.631475288954946,0.949519473437557,NA
"515","NSW1200379",1.5809947623925,0.350808862424559,0,"515","2"," 26",0.298410263029974,0.144421581666251,0.649219125454534,2.23021388784704,NA
"516","NSW1211455",1.5809947623925,0.399058402552366,0,"516","2"," 27",-0.614895615192667,0.1970542662785,-0.2158372126403,1.3651575497522,NA
"517","NSW1213033",1.5809947623925,0.068093625082667,0,"517","2"," 28",-0.299352028730161,0.141477615313678,-0.231258403647494,1.34973635874501,NA
"518","NSW1212980",1.5809947623925,0.150481784207758,0,"518","2"," 29",0.076951697079891,0.193080088594819,0.227433481287649,1.80842824368015,NA
"519","NSW1190213",1.5809947623925,0.154835318331799,0,"519","2"," 30",-0.188055154380312,0.180114239605575,-0.0332198360485127,1.54777492634399,NA
"520","NSW1201416",1.5809947623925,0.452019850124053,0,"520","2"," 31",-0.238784158680806,0.184323519285241,0.213235691443246,1.79423045383575,NA
"521","NSW1200418",1.5809947623925,0.152401767532482,0,"521","2"," 32",0.280591047539097,0.16169279750091,0.432992815071579,2.01398757746408,NA
"522","NSW1211456",1.5809947623925,0.49353475672307,0,"522","2"," 33",-0.34673024242836,0.163005222436632,0.14680451429471,1.72779927668721,NA
"523","NSW1211564",1.5809947623925,0.378742661250422,0,"523","2"," 34",-0.0484367310182436,0.0658840751048418,0.330305930232179,1.91130069262468,NA
"524","NSW1213016",1.5809947623925,0.169198777017688,0,"524","2"," 35",0.537365495016636,0.210698662315257,0.706564272034323,2.28755903442683,NA
"525","NSW1211583",1.5809947623925,0.210175701259373,0,"525","2"," 36",0.995290697505172,0.142510872807196,1.20546639876454,2.78646116115705,NA
"526","NSW1200839",1.5809947623925,0.494845067304606,0,"526","2"," 37",-0.642798756272606,0.171493657822843,-0.147953688967999,1.4330410734245,NA
"527","NSW1211565",1.5809947623925,0.397438185729296,0,"527","2"," 38",-0.598270967749431,0.146814083780254,-0.200832782020135,1.38016198037237,NA
"528","NSW1200425",1.5809947623925,0.178131989464733,0,"528","2"," 39",0.0425502279205321,0.148461327562135,0.220682217385265,1.80167697977777,NA
"529","NSW1200662",1.5809947623925,0.171854358998695,0,"529","2"," 40",0.417989613185199,0.146454607714409,0.589843972183894,2.1708387345764,NA
"530","NSW1166655",1.5809947623925,0.179692942707881,0,"530","2"," 41",0.0874446576704672,0.209221847559204,0.267137600378349,1.84813236277085,NA
"531","NSW1212948",1.5809947623925,0.132314416046549,0,"531","2"," 42",0.0744285208335521,0.241387699552104,0.206742936880101,1.7877376992726,NA
"532","NSW1200528",1.5809947623925,0.461662100008829,0,"532","2"," 43",0.0780989489171497,0.19230863758823,0.539761048925979,2.12075581131848,NA
"533","NSW1200563",1.5809947623925,0.510344883153479,0,"533","2"," 44",0.0167094133555559,0.159042551915889,0.527054296509035,2.10804905890154,NA
"534","NSW1200351",1.5809947623925,0.048771319179392,0,"534","2"," 45",0.209675726783182,0.15826862412154,0.258447045962574,1.83944180835508,NA
"535","NSW1213015",1.5809947623925,0.195350235739372,0,"535","2"," 46",-0.147261971935085,0.161007895993985,0.0480882638042877,1.62908302619679,NA
"536","NSW1200394",1.5809947623925,0.278846795358355,0,"536","2"," 47",-0.275429139477291,0.214408862278974,0.00341765588106363,1.58441241827357,NA
"537","NSW1213011",1.5809947623925,0.166754301578092,0,"537","2"," 48",0.565520008354901,0.160451549336376,0.732274309932993,2.3132690723255,NA
"538","NSW1200664",1.5809947623925,0.508278160030347,0,"538","2"," 49",-0.160051623706519,0.126473703667185,0.348226536323828,1.92922129871633,NA
"539","NSW1201655",1.5809947623925,0.451189347005186,0,"539","2"," 50",0.702419615329586,0.131827240844659,1.15360896233477,2.73460372472728,NA
"540","NSW1200536",1.5809947623925,0.369362911975257,0,"540","2"," 51",0.380477415594468,0.158640516524914,0.749840327569725,2.33083508996223,NA
"541","NSW1212943",1.5809947623925,0.126738614109379,0,"541","2"," 52",-0.315794728320382,0.196573083620875,-0.189056114211003,1.3919386481815,NA
"542","NSW1200559",1.5809947623925,0.489294714102686,0,"542","2"," 53",-0.0143448969522643,0.136486288755635,0.474949817150422,2.05594457954292,NA
"543","NSW1200558",1.5809947623925,0.546676650279655,0,"543","2"," 54",0.032006642788202,0.190664443249589,0.578683293067857,2.15967805546036,NA
"544","NSW1200524",1.5809947623925,0.516377555708757,0,"544","2"," 55",-0.562875650893898,0.135509070322782,-0.0464980951851416,1.53449666720736,NA
"545","NSW1212795",1.5809947623925,0.117824326908692,0,"545","2"," 56",-0.514893814844877,0.138385902797327,-0.397069487936185,1.18392527445632,NA
"546","NSW1200787",1.5809947623925,0.405618464800578,0,"546","2"," 57",-0.0857264188697119,0.0345114425264297,0.319892045930866,1.90088680832337,NA
"547","NSW1200776",1.5809947623925,0.292663757439062,0,"547","2"," 58",0.609907697089457,0.136012758597198,0.902571454528519,2.48356621692102,NA
"548","NSW1190216",1.5809947623925,0.403431254324638,0,"548","2"," 59",0.231490769328536,0.281060001300206,0.634922023653173,2.21591678604568,NA
"549","NSW1201495",1.5809947623925,0.477803431514038,0,"549","2"," 60",0.364056803910665,0.209371905168365,0.841860235424703,2.42285499781721,NA
"550","NSW1211582",1.5809947623925,0.42790287650648,0,"550","2"," 61",-0.542058093009498,0.205153343903103,-0.114155216503019,1.46683954588948,NA
"551","NSW1200362",1.5809947623925,0.416019593300474,0,"551","2"," 62",-0.0228228870686932,0.200976772694228,0.393196706231781,1.97419146862428,NA
"552","NSW1212987",1.5809947623925,-0.420094734153155,0,"552","2"," 63",-0.0528787370785789,0.49758313355415,-0.472973471231734,1.10802129116077,NA
"553","NSW1190194",1.5809947623925,0.449462332001789,0,"553","2"," 64",-0.549807485098906,0.143306489923862,-0.100345153097117,1.48064960929539,NA
"554","NSW1213030",1.5809947623925,0.189584569001675,0,"554","2"," 65",-0.406088401393215,0.140290194657832,-0.21650383239154,1.36449093000096,NA
"555","NSW1190199",1.5809947623925,0.421828402853533,0,"555","2"," 66",-0.369956574304398,0.153479315424553,0.0518718285491347,1.63286659094164,NA
"556","NSW1200372",1.5809947623925,0.494083464011222,0,"556","2"," 67",-0.461690911412185,0.12501104608373,0.0323925525990371,1.61338731499154,NA
"557","NSW1211445",1.5809947623925,0.384749968775034,0,"557","2"," 68",0.586143111341858,0.164169680407972,0.970893080116892,2.55188784250939,NA
"558","NSW1211558",1.5809947623925,0.430906368482774,0,"558","2"," 69",-0.0904131803246566,0.148360219981537,0.340493188158117,1.92148795055062,NA
"559","NSW1200764",1.5809947623925,0.0894450285825614,0,"559","2"," 70",-0.109226199838264,0.271205306953661,-0.0197811712557025,1.5612135911368,NA
"560","NSW1200848",1.5809947623925,0.425913871249094,0,"560","2"," 71",-0.321680474281984,0.123789430788661,0.10423339696711,1.68522815935961,NA
"561","NSW1200661",1.5809947623925,0.180282066579348,0,"561","2"," 72",0.0464772527259569,0.137993695054176,0.226759319305304,1.80775408169781,NA
"562","NSW1211440",1.5809947623925,0.448567924204114,0,"562","2"," 73",0.275805871513906,0.177062034542523,0.72437379571802,2.30536855811052,NA
"563","NSW1200356",1.5809947623925,0.172988709865403,0,"563","2"," 74",-0.264763055231256,0.144803999574572,-0.0917743453658533,1.48922041702665,NA
"564","NSW1212992",1.5809947623925,0.122359306186918,0,"564","2"," 75",0.0281584288754646,0.218971775787743,0.150517735062383,1.73151249745489,NA
"565","NSW1200905",1.5809947623925,0.437015708210964,0,"565","2"," 76",0.343298130346356,0.166257193413515,0.780313838557319,2.36130860094982,NA
"566","NSW1200357",1.5809947623925,0.314172194448452,0,"566","2"," 77",0.13078075688492,0.203319644995002,0.444952951333372,2.02594771372588,NA
"567","NSW1200799",1.5809947623925,0.464000448476856,0,"567","2"," 78",0.0856708289216482,0.181156661691088,0.549671277398504,2.13066603979101,NA
"568","NSW1166442",1.5809947623925,0.142534975032082,0,"568","2"," 79",0.291473170380129,0.251262036560759,0.434008145412212,2.01500290780471,NA
"569","NSW1200539",1.5809947623925,0.42925699060487,0,"569","2"," 80",-0.167149934901456,0.157855734978233,0.262107055703414,1.84310181809592,NA
"570","NSW1200543",1.5809947623925,-0.126838393427981,0,"570","2"," 81",-0.34081377880412,0.367620429386526,-0.467652172232101,1.1133425901604,NA
"571","NSW1200529",1.5809947623925,0.516011521816404,0,"571","2"," 82",-0.414209591650656,0.172419961918182,0.101801930165748,1.68279669255825,NA
"572","NSW1212866",1.5809947623925,0.0839995492619646,0,"572","2"," 83",-0.493466043210034,0.185901259236976,-0.409466493948069,1.17152826844443,NA
"573","NSW1200873",1.5809947623925,0.225160045427343,0,"573","2"," 84",0.165947659314154,0.15581684265295,0.391107704741497,1.972102467134,NA
"574","NSW1211541",1.5809947623925,0.288358592269502,0,"574","2"," 85",0.0406527027069226,0.124333806493021,0.329011294976424,1.91000605736893,NA
"575","NSW1190198",1.5809947623925,0.408704616723245,0,"575","2"," 86",-0.202923015186083,0.179497518873577,0.205781601537162,1.78677636392966,NA
"576","NSW1213013",1.5809947623925,0.148565800196903,0,"576","2"," 87",0.481805459193083,0.169604048162357,0.630371259389986,2.21136602178249,NA
"577","NSW1212970",1.5809947623925,0.0873979815150317,0,"577","2"," 88",0.00769045166362297,0.178135772826142,0.0950884331786546,1.67608319557116,NA
"578","NSW1212997",1.5809947623925,0.15173837763542,0,"578","2"," 89",0.183299141104211,0.179526858775236,0.335037518739631,1.91603228113213,NA
"579","NSW1211508",1.5809947623925,0.388993929983839,0,"579","2"," 90",0.130795804578489,0.156716238039655,0.519789734562328,2.10078449695483,NA
"580","NSW1211552",1.5809947623925,0.415348690057333,0,"580","2"," 91",-0.217254652481319,0.159118204129331,0.198094037576014,1.77908879996852,NA
"581","NSW1211442",1.5809947623925,0.430080714558918,0,"581","2"," 92",0.602388256917305,0.159547640030147,1.03246897147622,2.61346373386873,NA
"582","NSW1211451",1.5809947623925,0.404286784522344,0,"582","2"," 93",0.275228863864486,0.146486936425226,0.67951564838683,2.26051041077933,NA
"583","NSW1194456",1.5809947623925,0.334833203990814,0,"583","2"," 94",0.471124024664395,0.242780629434368,0.805957228655209,2.38695199104771,NA
"584","NSW1211546",1.5809947623925,0.202477205309212,0,"584","2"," 95",0.935739881326107,0.153306532626357,1.13821708663532,2.71921184902782,NA
"585","NSW1213001",1.5809947623925,0.141077092966782,0,"585","2"," 96",0.370790317344228,0.152016481298075,0.51186741031101,2.09286217270351,NA
"586","NSW1201431",1.5809947623925,0.443443849942448,0,"586","2"," 97",0.300288390318025,0.141262688051322,0.743732240260473,2.32472700265298,NA
"587","NSW1211568",1.5809947623925,0.281868100561378,0,"587","2"," 98",0.451572358679401,0.0793712725200053,0.733440459240779,2.31443522163328,NA
"588","NSW1211441",1.5809947623925,0.475758866173217,0,"588","2"," 99",0.0871711685598006,0.201608476887023,0.562930034733018,2.14392479712552,NA
"589","NSW1190206",1.5809947623925,0.355905598910136,0,"589","2","100",-0.229782649939996,0.151746856461601,0.126122948970141,1.70711771136264,NA
"590","NSW1200389",1.5809947623925,0.302834829876928,0,"590","2","101",-0.453724689006961,0.205369039715185,-0.150889859130033,1.43010490326247,NA
"591","NSW1211534",1.5809947623925,0.24179877880749,0,"591","2","102",-0.0682432121631623,0.269296898962119,0.173555566644328,1.75455032903683,NA
"592","NSW1200346",1.5809947623925,0.194539739706734,0,"592","2","103",-0.0623817080910524,0.167012173266269,0.132158031615681,1.71315279400818,NA
"593","NSW1200505",1.5809947623925,0.324576081365526,0,"593","2","104",0.0814923400747979,0.181351074933444,0.406068421440324,1.98706318383283,NA
"594","NSW1200511",1.5809947623925,0.380594565527189,0,"594","2","105",0.359672290194088,0.1849894134215,0.740266855721277,2.32126161811378,NA
"595","NSW1212790",1.5809947623925,0.0541276754802782,0,"595","2","106",0.167008329880797,0.139985880787702,0.221136005361075,1.80213076775358,NA
"596","NSW1200361",1.5809947623925,0.19209972630478,0,"596","2","107",0.0277461128342023,0.193455937260839,0.219845839138983,1.80084060153149,NA
"597","NSW1200514",1.5809947623925,0.452465522656372,0,"597","2","108",1.07196235324367,0.100345598810349,1.52442787590004,3.10542263829254,NA
"598","NSW1200774",1.5809947623925,0.443539639766311,0,"598","2","109",0.165205005321726,0.161338062778252,0.608744645088037,2.18973940748054,NA
"599","NSW1212985",1.5809947623925,0.13857737881033,0,"599","2","110",-0.263566136781891,0.229234347697597,-0.12498875797156,1.45600600442094,NA
"600","NSW1201411",1.5809947623925,0.387322762309759,0,"600","2","111",-0.286976007393087,0.219827772563286,0.100346754916672,1.68134151730918,NA
"601","NSW1200352",1.5809947623925,0.120898826806559,0,"601","2","112",0.0494112654467985,0.171653189908083,0.170310092253358,1.75130485464586,NA
"602","NSW1211570",1.5809947623925,0.342170499238564,0,"602","2","113",-0.346282543023131,0.187752274417854,-0.00411204378456659,1.57688271860794,NA
"603","NSW1200549",1.5809947623925,0.496004821961683,0,"603","2","114",0.182722196331612,0.0893955338009647,0.678727018293295,2.2597217806858,NA
"604","NSW1200384",1.5809947623925,0.317963245229185,0,"604","2","115",-0.225075459010083,0.153671696048295,0.0928877862191021,1.67388254861161,NA
"605","NSW1211577",1.5809947623925,0.245320338087587,0,"605","2","116",-0.206750954207519,0.261159571853466,0.0385693838800673,1.61956414627257,NA
"606","NSW1200347",1.5809947623925,0.162644276664766,0,"606","2","117",-0.37705290654411,0.22917985934177,-0.214408629879343,1.36658613251316,NA
"607","NSW1200829",1.5809947623925,0.491734116887652,0,"607","2","118",-0.644737027036476,0.16894705358334,-0.153002910148824,1.42799185224368,NA
"608","NSW1200657",1.5809947623925,0.04210515834282,0,"608","2","119",-0.464497908399461,0.159222359457045,-0.422392750056641,1.15860201233586,NA
"609","NSW1212977",1.5809947623925,0.156094630689045,0,"609","2","120",-1.167442323244,0.103206918924255,-1.01134769255496,0.569647069837546,NA
"610","NSW1201414",1.5809947623925,0.494443877773622,0,"610","2","121",-0.639569117230215,0.184489544293849,-0.145125239456593,1.43586952293591,NA
"611","NSW1200509",1.5809947623925,0.459496381131292,0,"611","2","122",-0.146778059438938,0.174734775101895,0.312718321692354,1.89371308408486,NA
"612","NSW1200521",1.5809947623925,0.355601972926592,0,"612","2","123",0.166321434015996,0.17886553857573,0.521923406942589,2.10291816933509,NA
"613","NSW1201631",1.5809947623925,0.459073038388357,0,"613","2","124",-0.0740856716389407,0.176322126830138,0.384987366749417,1.96598212914192,NA
"614","NSW1212856",1.5809947623925,0.0698551106456051,0,"614","2","125",0.116277055111244,0.087983273904999,0.186132165756849,1.76712692814935,NA
"615","NSW1200647",1.5809947623925,0.359667468807562,0,"615","2","126",0.326578492258087,0.211913733284975,0.686245961065649,2.26724072345815,NA
"616","NSW1201396",1.5809947623925,0.313445869237886,0,"616","2","127",0.138593391361705,0.125039160811204,0.452039260599591,2.03303402299209,NA
"617","NSW1200554",1.5809947623925,0.468857250668289,0,"617","2","128",0.409175985811691,0.0940997094064413,0.87803323647998,2.45902799887248,NA
"618","NSW1200544",1.5809947623925,0.483274532838755,0,"618","2","129",-0.365831085833293,0.157040471161191,0.117443447005462,1.69843820939797,NA
"619","NSW1200429",1.5809947623925,-0.394199612775012,0,"619","2","130",0.287992682269996,0.435342973955134,-0.106206930505015,1.47478783188749,NA
"620","NSW1190190",1.5809947623925,0.153252461010743,0,"620","2","131",-0.249222834147595,0.138105101431397,-0.0959703731368517,1.48502438925565,NA
"621","NSW1200428",1.5809947623925,0.173120013222123,0,"621","2","132",-0.29582786149577,0.143134200010036,-0.122707848273647,1.45828691411886,NA
"622","NSW1190183",1.5809947623925,0.133072715307275,0,"622","2","133",0.112229083487799,0.202361309727393,0.245301798795074,1.82629656118758,NA
"623","NSW1201400",1.5809947623925,0.490696941047698,0,"623","2","134",-0.782196197568426,0.153259584605643,-0.291499256520728,1.28949550587178,NA
"624","NSW1166447",1.5809947623925,0.0978486845134931,0,"624","2","135",0.0494651490640766,0.126516124149169,0.14731383357757,1.72830859597007,NA
"625","NSW1190182",1.5809947623925,0.0833387872904632,0,"625","2","136",-0.180413850643761,0.180684637267438,-0.0970750633532977,1.48391969903921,NA
"626","NSW1200666",1.5809947623925,0.182756249978538,0,"626","2","137",0.0196010617107263,0.139923356612135,0.202357311689264,1.78335207408177,NA
"627","NSW1190168",1.5809947623925,0.383088589895861,0,"627","2","138",-0.313523472498217,0.154330242651232,0.069565117397644,1.65055987979015,NA
"628","NSW1201641",1.5809947623925,0.458591134002134,0,"628","2","139",0.148211386712533,0.184434660202328,0.606802520714668,2.18779728310717,NA
"629","NSW1194450",1.5809947623925,0.363039874996787,0,"629","2","140",-0.163111694408254,0.142377781143969,0.199928180588533,1.78092294298104,NA
"630","NSW1211020",1.5809947623925,0.136432510271228,0,"630","2","141",-0.339635194988449,0.135780156171016,-0.203202684717221,1.37779207767528,NA
"631","NSW1200545",1.5809947623925,0.395092072831795,0,"631","2","142",0.851809121622846,0.0868973656409125,1.24690119445464,2.82789595684714,NA
"632","NSW1200373",1.5809947623925,0.423913345834038,0,"632","2","143",-0.727144770538677,0.231515835655465,-0.303231424704639,1.27776333768786,NA
"633","NSW1211526",1.5809947623925,0.402799101118413,0,"633","2","144",0.163562715770855,0.176667552381313,0.566361816889268,2.14735657928177,NA
"634","NSW1212995",1.5809947623925,0.178600844450648,0,"634","2","145",0.889545995922937,0.159169219197777,1.06814684037358,2.64914160276609,NA
"635","NSW1212990",1.5809947623925,0.130030635367155,0,"635","2","146",-0.307087624257165,0.158532370226785,-0.17705698889001,1.40393777350249,NA
"636","NSW1190212",1.5809947623925,0.442904898340156,0,"636","2","147",-0.179603783693961,0.201892394161139,0.263301114646195,1.8442958770387,NA
"637","NSW1200895",1.5809947623925,0.479761161746256,0,"637","2","148",0.503611454631382,0.167749115413216,0.983372616377638,2.56436737877014,NA
"638","NSW1211539",1.5809947623925,0.19506461867067,0,"638","2","149",-0.0684954283297184,0.167835753615837,0.126569190340952,1.70756395273345,NA
"639","NSW1200817",1.5809947623925,0.330453404369344,0,"639","2","150",0.402513234403991,0.153017444669328,0.732966638773335,2.31396140116584,NA
"640","NSW1200388",1.5809947623925,0.414897406321858,0,"640","2","151",-0.51618695262364,0.192750495701203,-0.101289546301782,1.47970521609072,NA
"641","NSW1200807",1.5809947623925,0.283011791771636,0,"641","2","152",0.556332415393265,0.208448131061975,0.8393442071649,2.4203389695574,NA
"642","NSW1200420",1.5809947623925,0.177327396874501,0,"642","2","153",-0.803954195611772,0.178144630231833,-0.62662679873727,0.954367963655233,NA
"643","NSW1213005",1.5809947623925,0.203208581166399,0,"643","2","154",0.195111772140826,0.171577977703623,0.398320353307225,1.97931511569973,NA
"644","NSW1211533",1.5809947623925,0.200098600120889,0,"644","2","155",0.0653737506505542,0.214746406653898,0.265472350771443,1.84646711316395,NA
"645","NSW1212991",1.5809947623925,0.0853378328462933,0,"645","2","156",0.546933645515282,0.109541424249155,0.632271478361576,2.21326624075408,NA
"646","NSW1201650",1.5809947623925,0.436618138295651,0,"646","2","157",-0.556027884407263,0.18714091109976,-0.119409746111613,1.46158501628089,NA
"647","NSW1213020",1.5809947623925,0.11293274879696,0,"647","2","158",0.155583686498154,0.222748153480765,0.268516435295114,1.84951119768762,NA
"648","NSW1190163",1.5809947623925,0.394712676760573,0,"648","2","159",-0.59055050808433,0.172207551287462,-0.195837831323757,1.38515693106875,NA
"649","NSW1200466",1.5809947623925,0.374717909414936,0,"649","2","160",-0.128391780260831,0.171226733474165,0.246326129154105,1.82732089154661,NA
"650","NSW1200623",1.5809947623925,0.336038441318472,0,"650","2","161",-0.156043128857569,0.183083838533831,0.179995312460902,1.76099007485341,NA
"651","NSW1211511",1.5809947623925,0.358960873545295,0,"651","2","162",0.148263161987958,0.0889096980873788,0.507224035533253,2.08821879792576,NA
"652","NSW1200371",1.5809947623925,0.374535526823649,0,"652","2","163",-0.642595584619005,0.214322523497107,-0.268060057795356,1.31293470459715,NA
"653","NSW1211592",1.5809947623925,0.384476496413234,0,"653","2","164",0.140304476813099,0.234072509691327,0.524780973226333,2.10577573561884,NA
"654","NSW1212785",1.5809947623925,0.160311600571239,0,"654","2","165",0.230610935367493,0.134110281444424,0.390922535938732,1.97191729833123,NA
"655","NSW1201616",1.5809947623925,0.462966870001232,0,"655","2","166",0.0408781241716985,0.183664575289779,0.503844994172931,2.08483975656543,NA
"656","NSW1212959",1.5809947623925,0.106797542215166,0,"656","2","167",0.724463861920412,0.151630294410543,0.831261404135578,2.41225616652808,NA
"657","NSW1213034",1.5809947623925,0.0303703266740579,0,"657","2","168",-0.230652236386483,0.228571624742132,-0.200281909712425,1.38071285268008,NA
"658","NSW1211561",1.5809947623925,0.389241041431128,0,"658","2","169",-0.0256655468098768,0.165684476102868,0.363575494621251,1.94457025701375,NA
"659","NSW1211542",1.5809947623925,0.177320636566513,0,"659","2","170",0.274930572674192,0.245189861377411,0.452251209240705,2.03324597163321,NA
"660","NSW1200803",1.5809947623925,0.438312002866131,0,"660","2","171",-0.00806134918704973,0.133068676011936,0.430250653679081,2.01124541607158,NA
"661","NSW1211578",1.5809947623925,0.376201345036577,0,"661","2","172",-0.0629870029985421,0.15590715474405,0.313214342038035,1.89420910443054,NA
"662","NSW1190217",1.5809947623925,0.299741024931565,0,"662","2","173",-0.604769528425208,0.227969891963412,-0.305028503493643,1.27596625889886,NA
"663","NSW1211562",1.5809947623925,0.446788640254886,0,"663","2","174",0.346708296856829,0.196267047667267,0.793496937111715,2.37449169950422,NA
"664","NSW1200672",1.5809947623925,0.141714802083373,0,"664","2","175",-0.0212919402541353,0.142675038757301,0.120422861829237,1.70141762422174,NA
"665","NSW1201375",1.5809947623925,0.467744975540597,0,"665","2","176",-0.0198916554952445,0.186673457190896,0.447853320045352,2.02884808243786,NA
"666","NSW1212972",1.5809947623925,0.0284841463032369,0,"666","2","177",0.345769363966599,0.198600708204846,0.374253510269835,1.95524827266234,NA
"667","NSW1212982",1.5809947623925,0.15259861740556,0,"667","2","178",0.18504327826887,0.121549251362298,0.33764189567443,1.91863665806693,NA
"668","NSW1166596",1.5809947623925,0.0960212829496828,0,"668","2","179",-0.436597375237168,0.140928834583865,-0.340576092287486,1.24041867010502,NA
"669","NSW1190191",1.5809947623925,0.159393581540966,0,"669","2","180",0.547046535418525,0.172420528964995,0.70644011695949,2.28743487935199,NA
"670","NSW1200360",1.5809947623925,0.122933824867791,0,"670","2","181",0.265514836110457,0.170930222767282,0.388448660978248,1.96944342337075,NA
"671","NSW1200363",1.5809947623925,0.433445065413624,0,"671","2","182",-0.493907368978405,0.170458621788361,-0.0604623035647802,1.52053245882772,NA
"672","NSW1212979",1.5809947623925,0.11929829593921,0,"672","2","183",0.103675101284463,0.173794512789475,0.222973397223673,1.80396815961618,NA
"673","NSW1190208",1.5809947623925,0.225693569998222,0,"673","2","184",0.000222172581874042,0.109833744430866,0.225915742580096,1.8069105049726,NA
"674","NSW1200358",1.5809947623925,0.383725671134105,0,"674","2","185",0.154822478436591,0.212731648831368,0.538548149570697,2.1195429119632,NA
"675","NSW1190192",1.5809947623925,0.170273070756075,0,"675","2","186",0.205297904540392,0.130009954158528,0.375570975296467,1.95656573768897,NA
"676","NSW1211584",1.5809947623925,0.280317316939257,0,"676","2","187",0.375024149018375,0.174998078501618,0.655341465957632,2.23633622835014,NA
"677","NSW1200622",1.5809947623925,0.199086319669766,0,"677","2","188",-0.194079396887329,0.209064440718603,0.00500692278243736,1.58600168517494,NA
"678","NSW1211430",1.5809947623925,0.418378002171828,0,"678","2","189",0.327506358669944,0.163028933826632,0.745884360841772,2.32687912323428,NA
"679","NSW1200777",1.5809947623925,0.302200661825167,0,"679","2","190",0.541695481272832,0.168700891023821,0.843896143097999,2.4248909054905,NA
"680","NSW1211426",1.5809947623925,0.440885763441931,0,"680","2","191",-0.209795227709293,0.157564827166693,0.231090535732637,1.81208529812514,NA
"681","NSW1211450",1.5809947623925,0.424838363563931,0,"681","2","192",-0.566411592050845,0.152318590848015,-0.141573228486915,1.43942153390559,NA
"682","NSW1201381",1.5809947623925,0.425828027147785,0,"682","2","193",0.0237055831618098,0.1250870875498,0.449533610309594,2.0305283727021,NA
"683","NSW1211527",1.5809947623925,0.308713434407885,0,"683","2","194",0.0594887192937388,0.212001726080274,0.368202153701624,1.94919691609413,NA
"684","NSW1194457",1.5809947623925,0.426934490631166,0,"684","2","195",0.295356695749814,0.223537605310189,0.722291186380981,2.30328594877348,NA
"685","NSW1213006",1.5809947623925,0.137637548707213,0,"685","2","196",0.196327054083488,0.206078464828568,0.333964602790702,1.9149593651832,NA
"686","NSW1190187",1.5809947623925,0.149357545835902,0,"686","2","197",-0.255772065055582,0.124145175204471,-0.106414519219681,1.47458024317282,NA
"687","NSW1213010",1.5809947623925,0.157986852996188,0,"687","2","198",0.0687619335029825,0.16367819426099,0.22674878649917,1.80774354889167,NA
"688","NSW1201425",1.5809947623925,0.430717826356064,0,"688","2","199",0.18508043129983,0.19715300631944,0.615798257655894,2.1967930200484,NA
"689","NSW1200504",1.5809947623925,0.556396685397294,0,"689","2","200",-0.199565494517787,0.176485149704767,0.356831190879507,1.93782595327201,NA
"690","NSW1200920",1.5809947623925,0.37551075605271,0,"690","2","201",-0.012086432145299,0.207131275267499,0.363424323907411,1.94441908629991,NA
"691","NSW1200341",1.5809947623925,0.15595593847485,0,"691","2","202",0.0636115278285035,0.124908572324578,0.219567466303353,1.80056222869586,NA
"692","NSW1200337",1.5809947623925,0.109544961431184,0,"692","2","203",0.0109008564945292,0.213318068253211,0.120445817925714,1.70144058031822,NA
"693","NSW1212988",1.5809947623925,0.163296382085862,0,"693","2","204",0.0278946221775645,0.165685065532736,0.191191004263427,1.77218576665593,NA
"694","NSW1201430",1.5809947623925,0.46903200078223,0,"694","2","205",0.312462176157223,0.229273029445902,0.781494176939453,2.36248893933196,NA
"695","NSW1200824",1.5809947623925,0.448260373771532,0,"695","2","206",0.159517849046114,0.158537112150342,0.607778222817646,2.18877298521015,NA
"696","NSW1212969",1.5809947623925,0.144404003453224,0,"696","2","207",0.848448386267275,0.203447531209187,0.992852389720499,2.573847152113,NA
"697","NSW1190200",1.5809947623925,0.457003830354486,0,"697","2","208",-0.126287038879326,0.200088142429485,0.330716791475161,1.91171155386766,NA
"698","NSW1210993",1.5809947623925,0.172984950799453,0,"698","2","209",0.130315433870849,0.22652238530474,0.303300384670302,1.88429514706281,NA
"699","NSW1211586",1.5809947623925,0.436465810237756,0,"699","2","210",-0.066001131487905,0.174717199566902,0.370464678749851,1.95145944114235,NA
"700","NSW1201409",1.5809947623925,0.410864991017712,0,"700","2","211",0.210885410578786,0.272501447325421,0.621750401596498,2.202745163989,NA
"701","NSW1200853",1.5809947623925,0.411797545304229,0,"701","2","212",0.0937099897986008,0.108838568525663,0.50550753510283,2.08650229749533,NA
"702","NSW1212960",1.5809947623925,0.0983875543678012,0,"702","2","213",0.116809388835923,0.206550751925566,0.215196943203724,1.79619170559623,NA
"703","NSW1200607",1.5809947623925,0.160254165864047,0,"703","2","214",0.142554704407672,0.221064725065324,0.302808870271719,1.88380363266422,NA
"704","NSW1212957",1.5809947623925,0.142335389874982,0,"704","2","215",0.198159087568228,0.168428242814723,0.340494477443211,1.92148923983571,NA
"705","NSW1212983",1.5809947623925,0.225981778405988,0,"705","2","216",-0.402928289294121,0.144390659902644,-0.176946510888133,1.40404825150437,NA
"706","NSW1166654",1.5809947623925,0.130027301210436,0,"706","2","217",0.453176376164105,0.0626566747167247,0.583203677374541,2.16419843976704,NA
"707","NSW1212993",1.5809947623925,0.149533639593779,0,"707","2","218",-0.0640481012577804,0.12778295877687,0.0854855383359986,1.6664803007285,NA
"708","NSW1200374",1.5809947623925,0.105205642359668,0,"708","2","219",0.863807984673211,0.195845114556603,0.969013627032879,2.55000838942538,NA
"709","NSW1200617",1.5809947623925,0.206849967912024,0,"709","2","220",-0.152007220349837,0.207208754681655,0.0548427475621875,1.63583750995469,NA
"710","NSW1212962",1.5809947623925,0.0974931631767226,0,"710","2","221",0.187099711641242,0.0942856997281784,0.284592874817964,1.86558763721047,NA
"711","NSW1213029",1.5809947623925,0.0885780413490591,0,"711","2","222",0.303113097611727,0.129605302181705,0.391691138960786,1.97268590135329,NA
"712","NSW1200393",1.5809947623925,0.40938745433503,0,"712","2","223",-0.041075862925693,0.106447080687543,0.368311591409337,1.94930635380184,NA
"713","NSW1211566",1.5809947623925,0.437736672005636,0,"713","2","224",0.0561665583877467,0.121114934391247,0.493903230393382,2.07489799278589,NA
"714","NSW1200523",1.5809947623925,0.474495938474679,0,"714","2","225",-0.381528579705246,0.165602349499335,0.0929673587694334,1.67396212116194,NA
"715","NSW1201356",1.5809947623925,0.44033770216973,0,"715","2","226",0.644312173930264,0.179853050936405,1.08464987609999,2.6656446384925,NA
"716","NSW1200534",1.5809947623925,0.422493932359235,0,"716","2","227",-0.447608742206844,0.241532952749272,-0.0251148098476089,1.55587995254489,NA
"717","NSW1200772",1.5809947623925,0.281530152077681,0,"717","2","228",0.386700686101922,0.122979638855475,0.668230838179604,2.24922560057211,NA
"718","NSW1200792",1.5809947623925,0.320623972905776,0,"718","2","229",-0.0834338198808322,0.147926841648061,0.237190153024944,1.81818491541745,NA
"719","NSW1200516",1.5809947623925,0.37680808182923,0,"719","2","230",0.432126659920977,0.0961047560409744,0.808934741750207,2.38992950414271,NA
"720","NSW1212967",1.5809947623925,0.18030827455183,0,"720","2","231",-0.205961310609865,0.150190430981967,-0.0256530360580349,1.55534172633447,NA
"721","NSW1213036",1.5809947623925,0.181680221235403,0,"721","2","232",0.0584908751511175,0.226664037068712,0.24017109638652,1.82116585877902,NA
"722","NSW1200610",1.5809947623925,0.48488670290992,0,"722","2","233",-0.174398126710669,0.0971740718887818,0.310488576199251,1.89148333859175,NA
"723","NSW1200812",1.5809947623925,0.343874043317259,0,"723","2","234",0.209300073672971,0.207162861278027,0.55317411699023,2.13416887938273,NA
"724","NSW1166601",1.5809947623925,0.0586793893664527,0,"724","2","235",-0.215058246913463,0.150536148730881,-0.156378857547011,1.42461590484549,NA
"725","NSW1190184",1.5809947623925,0.130020141052054,0,"725","2","236",0.0689615167816719,0.205690284417153,0.198981657833726,1.77997642022623,NA
"726","NSW1200597",1.5809947623925,0.159339945700768,0,"726","2","237",-0.0768970258612119,0.170585672578857,0.0824429198395556,1.66343768223206,NA
"727","NSW1200616",1.5809947623925,0.279318671679121,0,"727","2","238",0.0337447655159328,0.144587560797529,0.313063437195054,1.89405819958756,NA
"728","NSW1201404",1.5809947623925,0.385989510766934,0,"728","2","239",0.127624422848914,0.137894749474275,0.513613933615848,2.09460869600835,NA
"729","NSW1200592",1.5809947623925,0.254920850004019,0,"729","2","240",-0.145282846157776,0.214959764618312,0.109638003846243,1.69063276623875,NA
"730","NSW1190203",1.5809947623925,0.443207991827294,0,"730","2","241",-0.0100905191962605,0.124590401417445,0.433117472631034,2.01411223502354,NA
"731","NSW1211536",1.5809947623925,0.372326173455956,0,"731","2","242",0.585674149017433,0.209790833570646,0.958000322473388,2.53899508486589,NA
"732","NSW1200424",1.5809947623925,0.119083012768843,0,"732","2","243",-0.146289495864302,0.147162654511903,-0.0272064830954583,1.55378827929704,NA
"733","NSW1212846",1.5809947623925,0.221207111942618,0,"733","2","244",0.411854893513336,0.118462139665105,0.633062005455954,2.21405676784846,NA
"734","NSW1200804",1.5809947623925,0.485327626665742,0,"734","2","245",0.324968672734367,0.224496755780049,0.810296299400109,2.39129106179261,NA
"735","NSW1210995",1.5809947623925,0.21457342416402,0,"735","2","246",0.455323026969691,0.205073131494121,0.669896451133711,2.25089121352621,NA
"736","NSW1212968",1.5809947623925,0.0518848893516232,0,"736","2","247",-0.427942006377359,0.196365397814204,-0.376057117025735,1.20493764536677,NA
"737","NSW1200591",1.5809947623925,0.248375644767107,0,"737","2","248",0.382364605132319,0.177332067239129,0.630740249899427,2.21173501229193,NA
"738","NSW1213000",1.5809947623925,0.112229635109083,0,"738","2","249",0.271272673005318,0.0779398581081268,0.3835023081144,1.9644970705069,NA
"739","NSW1200797",1.5809947623925,0.252045582732539,0,"739","2","250",0.349165219586283,0.206114849274159,0.601210802318822,2.18220556471133,NA
"740","NSW1212964",1.5809947623925,0.187679768116818,0,"740","2","251",0.101988121495951,0.187322150040164,0.289667889612769,1.87066265200527,NA
"741","NSW1200338",1.5809947623925,0.416006263913414,0,"741","2","252",-0.42861335381566,0.119444717933886,-0.0126070899022463,1.56838767249026,NA
"742","NSW1213003",1.5809947623925,0.148465560886902,0,"742","2","253",-0.121716410172195,0.153611405303874,0.0267491507147065,1.60774391310721,NA
"743","NSW1190162",1.5809947623925,0.364797349533351,0,"743","2","254",-0.239106244996125,0.1418484097484,0.125691104537226,1.70668586692973,NA
"744","NSW1200769",1.5809947623925,0.434152827796591,0,"744","2","255",-0.117791940638156,0.124682218007546,0.316360887158435,1.89735564955094,NA
"745","NSW1200403",1.5809947623925,0.418301570105932,0,"745","2","256",-0.163868573256582,0.138094343178087,0.25443299684935,1.83542775924185,NA
"746","NSW1200355",1.5809947623925,-0.40913117309385,0,"746","2","257",0.0718865366316102,0.510254266693423,-0.33724463646224,1.24375012593026,NA
"747","NSW1212965",1.5809947623925,0.0804055424171732,0,"747","2","258",0.168166740533479,0.180230946440643,0.248572282950652,1.82956704534316,NA
"748","NSW1200369",1.5809947623925,0.129126502099002,0,"748","2","259",-0.00380152459105103,0.167216043282505,0.125324977507951,1.70631973990045,NA
"749","NSW1211589",1.5809947623925,-0.141725973782247,0,"749","2","260",-0.281591100008031,0.374692060279458,-0.423317073790279,1.15767768860222,NA
"750","NSW1200611",1.5809947623925,0.253157796717859,0,"750","2","261",-0.185032935865766,0.166070660251914,0.0681248608520922,1.6491196232446,NA
"751","NSW1211538",1.5809947623925,0.221006153683434,0,"751","2","262",-0.661885366327709,0.102793537919162,-0.440879212644276,1.14011554974823,NA
"752","NSW1190172",1.5809947623925,0.474206317439875,0,"752","2","263",0.518596691480477,0.0994560823788217,0.992803008920352,2.57379777131285,NA
"753","NSW1211437",1.5809947623925,0.50196953649324,0,"753","2","264",-0.0529707280618958,0.150184009608166,0.448998808431344,2.02999357082385,NA
"754","NSW1200656",1.5809947623925,0.106448167151693,0,"754","2","265",-0.141551085672474,0.162228008368355,-0.035102918520781,1.54589184387172,NA
"755","NSW1200823",1.5809947623925,0.347841803469861,0,"755","2","266",-0.271494249972353,0.212405356970786,0.0763475534975077,1.65734231589001,NA
"756","NSW1200802",1.5809947623925,0.291759720958197,0,"756","2","267",0.175965233472224,0.219698656250797,0.467724954430422,2.04871971682292,NA
"757","NSW1211575",1.5809947623925,0.127695289588653,0,"757","2","268",0.297791328613995,0.0916606912793201,0.425486618202647,2.00648138059515,NA
"758","NSW1200430",1.5809947623925,0.158458439964472,0,"758","2","269",0.492766007007323,0.186049979425744,0.651224446971795,2.2322192093643,NA
"759","NSW1200378",1.5809947623925,0.491856274255226,0,"759","2","270",0.313963692056501,0.150003457742318,0.805819966311728,2.38681472870423,NA
"760","NSW1200840",1.5809947623925,0.455940240979738,0,"760","2","271",0.0719796126922981,0.175512064686379,0.527919853672036,2.10891461606454,NA
"761","NSW1201366",1.5809947623925,0.298580876096933,0,"761","2","272",0.303259354594354,0.194221236051557,0.601840230691287,2.18283499308379,NA
"762","NSW1211569",1.5809947623925,0.368523514078224,0,"762","2","273",0.00738165948603015,0.153421286193877,0.375905173564254,1.95689993595676,NA
"763","NSW1210940",1.5809947623925,0.177324661266223,0,"763","2","274",0.396086640086212,0.222112954127002,0.573411301352435,2.15440606374494,NA
"764","NSW1200838",1.5809947623925,0.101184148419928,0,"764","2","275",-0.567750550212242,0.23242324688034,-0.466566401792314,1.11442836060019,NA
"765","NSW1200419",1.5809947623925,0.105266258748902,0,"765","2","276",-0.0676320343914562,0.156648861813309,0.0376342243574454,1.61862898674995,NA
"766","NSW1200909",1.5809947623925,0.353864588931824,0,"766","2","277",0.303068535189511,0.189659347042376,0.656933124121335,2.23792788651384,NA
"767","NSW1211572",1.5809947623925,0.424431152170817,0,"767","2","278",0.0535866368997368,0.17255918503087,0.478017789070554,2.05901255146306,NA
"768","NSW1201401",1.5809947623925,0.414457388333166,0,"768","2","279",-0.482416965975148,0.298678301119141,-0.0679595776419816,1.51303518475052,NA
"769","NSW1200893",1.5809947623925,0.293143230319159,0,"769","2","280",-0.281602082095957,0.23375385757835,0.0115411482232017,1.5925359106157,NA
"770","NSW1200879",1.5809947623925,0.278366175574613,0,"770","2","281",-0.216006840166625,0.18876051736593,0.0623593354079876,1.64335409780049,NA
"771","NSW1200596",1.5809947623925,0.0349795453813953,0,"771","2","282",-0.00782149793772744,0.223183168866364,0.0271580474436678,1.60815280983617,NA
"772","NSW1213023",1.5809947623925,0.104787403665902,0,"772","2","283",0.0847785050386264,0.0920431006065285,0.189565908704529,1.77056067109703,NA
"773","NSW1211510",1.5809947623925,0.0994526425281296,0,"773","2","284",-0.0431919550495763,0.182164862411046,0.0562606874785532,1.63725544987106,NA
"774","NSW1200342",1.5809947623925,0.135708988023524,0,"774","2","285",-0.390823309243649,0.142542098308924,-0.255114321220125,1.32588044117238,NA
"775","NSW1200540",1.5809947623925,0.396762661810952,0,"775","2","286",-0.169361664352074,0.212382526307806,0.227400997458877,1.80839575985138,NA
"776","NSW1211585",1.5809947623925,0.133249532922214,0,"776","2","287",-0.0281596069433829,0.102675816025543,0.105089925978831,1.68608468837133,NA
"777","NSW1212958",1.5809947623925,0.136590358619582,0,"777","2","288",0.0268725522124837,0.173106141386707,0.163462910832066,1.74445767322457,NA
"778","NSW1201627",1.5809947623925,0.495288388334988,0,"778","2","289",-0.714797661933787,0.207625040465536,-0.219509273598799,1.3614854887937,NA
"779","NSW1210988",1.5809947623925,0.132515051527842,0,"779","2","290",-0.0724048465158439,0.186004933740363,0.0601102050119977,1.6411049674045,NA
"780","NSW1200915",1.5809947623925,0.433631065613309,0,"780","2","291",0.205140582318949,0.122508884395185,0.638771647932258,2.21976641032476,NA
"781","NSW1200398",1.5809947623925,0.368837965561881,0,"781","2","292",-0.0702086018505192,0.186862767899945,0.298629363711362,1.87962412610386,NA
"782","NSW1212963",1.5809947623925,0.0947292345596113,0,"782","2","293",0.156156221971171,0.192704525929651,0.250885456530782,1.83188021892329,NA
"783","NSW1200519",1.5809947623925,0.485419122002608,0,"783","2","294",0.136091131259031,0.163199687964027,0.621510253261639,2.20250501565414,NA
"784","NSW1211436",1.5809947623925,0.442602855501471,0,"784","2","295",-0.404901478118323,0.190176808188311,0.0377013773831473,1.61869613977565,NA
"785","NSW1212984",1.5809947623925,0.169869161598285,0,"785","2","296",0.371015428599026,0.0736062989253686,0.540884590197311,2.12187935258981,NA
"786","NSW1211431",1.5809947623925,0.378846069566885,0,"786","2","297",0.0808943002450491,0.200730763819272,0.459740369811934,2.04073513220444,NA
"787","NSW1211557",1.5809947623925,0.386498488100022,0,"787","2","298",0.0867349080369071,0.124357717146567,0.473233396136929,2.05422815852943,NA
"788","NSW1190166",1.5809947623925,0.480258456012861,0,"788","2","299",0.264571772383793,0.224670057292174,0.744830228396654,2.32582499078916,NA
"789","NSW1200368",1.5809947623925,0.415284524907453,0,"789","2","300",-0.209826382223324,0.188630751940704,0.205458142684129,1.78645290507663,NA
"790","NSW1200809",1.5809947623925,0.485651338288748,0,"790","2","301",-0.599368699380783,0.19965221703494,-0.113717361092035,1.46727740130047,NA
"791","NSW1213024",1.5809947623925,0.0651872022810877,0,"791","2","302",0.549228757258374,0.160157628422835,0.614415959539461,2.19541072193196,NA
"792","NSW1190169",1.5809947623925,0.42925122252399,0,"792","2","303",0.354846340367011,0.187101923416134,0.784097562891001,2.3650923252835,NA
"793","NSW1200348",1.5809947623925,0.42704442318108,0,"793","2","304",-0.640197834207229,0.146316194853224,-0.213153411026148,1.36784135136635,NA
"794","NSW1200383",1.5809947623925,0.514553624850379,0,"794","2","305",-0.785595556928941,0.193531150408187,-0.271041932078561,1.30995283031394,NA
"795","NSW1212986",1.5809947623925,0.164749750220578,0,"795","2","306",-0.157114308206181,0.16719345839643,0.00763544201439736,1.5886302044069,NA
"796","NSW1200602",1.5809947623925,0.290844130101558,0,"796","2","307",-0.0156813464433317,0.167536003402533,0.275162783658226,1.85615754605073,NA
"797","NSW1211535",1.5809947623925,0.270197793064851,0,"797","2","308",-0.0557155978965212,0.133751057174792,0.21448219516833,1.79547695756083,NA
"798","NSW1212953",1.5809947623925,0.158148485395384,0,"798","2","309",-0.238762803933972,0.174983653016518,-0.0806143185385877,1.50038044385392,NA
"799","NSW1200794",1.5809947623925,0.494679447691563,0,"799","2","310",-0.348442843665102,0.202608843414555,0.146236604026461,1.72723136641896,NA
"800","NSW1201361",1.5809947623925,0.390208171571822,0,"800","2","311",-0.76963567543396,0.188022675490697,-0.379427503862138,1.20156725853037,NA
"801","NSW1211537",1.5809947623925,0.149614805598883,0,"801","2","312",-0.364068979935938,0.209655523420476,-0.214454174337056,1.36654058805545,NA
"802","NSW1200601",1.5809947623925,0.218959775638801,0,"802","2","313",0.269723758007308,0.22831047287908,0.488683533646109,2.06967829603861,NA
"803","NSW1200538",1.5809947623925,0.422242378543689,0,"803","2","314",0.428945685390346,0.250563818582125,0.851188063934035,2.43218282632654,NA
"804","NSW1212996",1.5809947623925,0.0998943471394007,0,"804","2","315",-0.116685868369224,0.110830916079934,-0.016791521229823,1.56420324116268,NA
"805","NSW1211574",1.5809947623925,0.338770014193136,0,"805","2","316",-0.473767009463391,0.185926244102165,-0.134996995270255,1.44599776712225,NA
"806","NSW1200606",1.5809947623925,0.2630880810489,0,"806","2","317",-0.444258024216983,0.256856853010183,-0.181169943168083,1.39982481922442,NA
"807","NSW1200844",1.5809947623925,0.301057563341372,0,"807","2","318",0.270203796847103,0.138397926985371,0.571261360188475,2.15225612258098,NA
"808","NSW1211432",1.5809947623925,0.493009495357393,0,"808","2","319",0.0203183886054256,0.137694497357042,0.513327883962818,2.09432264635532,NA
"809","NSW1201386",1.5809947623925,0.507658192300682,0,"809","2","320",0.0712979340990033,0.154770699176332,0.578956126399685,2.15995088879219,NA
"810","NSW1212894",1.5809947623925,0.117023704993104,0,"810","2","321",-0.179752314376908,0.174311465943747,-0.0627286093838041,1.5182661530087,NA
"811","NSW1211573",1.5809947623925,0.221724736203325,0,"811","2","322",0.0225797425360817,0.230070385749995,0.244304478739407,1.82529924113191,NA
"812","NSW1211567",1.5809947623925,0.432804049727778,0,"812","2","323",0.647092798277888,0.126817265487817,1.07989684800567,2.66089161039817,NA
"813","NSW1201385",1.5809947623925,0.335068514958973,0,"813","2","324",-0.0363238730399402,0.252656908951051,0.298744641919033,1.87973940431154,NA
"814","NSW1201357",1.5809947623925,0.445821917628661,0,"814","2","325",-0.304804458881296,0.179402288470991,0.141017458747364,1.72201222113987,NA
"815","NSW1211435",1.5809947623925,0.414548414300711,0,"815","2","326",0.244612151404228,0.161323956492497,0.659160565704939,2.24015532809744,NA
"816","NSW1200555",1.5809947623925,0.355399415437699,0,"816","2","327",-0.0529455071715906,0.0923562802131636,0.302453908266108,1.88344867065861,NA
"817","NSW1200399",1.5809947623925,0.268924999958096,0,"817","2","328",-0.596783088181217,0.139587974283326,-0.327858088223121,1.25313667416938,NA
"818","NSW1200894",1.5809947623925,0.464344170993682,0,"818","2","329",-0.242584976756363,0.190492886575052,0.221759194237319,1.80275395662982,NA
"819","NSW1211457",1.5809947623925,0.423855564759533,0,"819","2","330",-0.408548923703028,0.191637813171794,0.0153066410565058,1.59630140344901,NA
"820","NSW1200854",1.5809947623925,0.317004895297929,0,"820","2","331",-0.252760339731951,0.179273896651635,0.0642445555659783,1.64523931795848,NA
"821","NSW1200888",1.5809947623925,0.311564628495514,0,"821","2","332",0.499372440899634,0.163647323625605,0.810937069395148,2.39193183178765,NA
"822","NSW1201626",1.5809947623925,0.482845058494219,0,"822","2","333",-0.512905653480834,0.251803894587567,-0.0300605949866142,1.55093416740589,NA
"823","NSW1200553",1.5809947623925,0.482387540558646,0,"823","2","334",0.14175492035048,0.189132196030338,0.624142460909126,2.20513722330163,NA
"824","NSW1213008",1.5809947623925,0.105747137635696,0,"824","2","335",0.292091304546953,0.254041129679753,0.397838442182649,1.97883320457515,NA
"825","NSW1200671",1.5809947623925,0.148427327827643,0,"825","2","336",-0.0455784214961866,0.200869819290261,0.102848906331456,1.68384366872396,NA
"826","NSW1212955",1.5809947623925,0.00476994037180971,0,"826","2","337",0.194448039481857,0.153400873776226,0.199217979853666,1.78021274224617,NA
"827","NSW1212999",1.5809947623925,0.13407308468576,0,"827","2","338",-0.133717907061151,0.166407662189426,0.00035517762460896,1.58134994001711,NA
"828","NSW1213018",1.5809947623925,0.0735229431608454,0,"828","2","339",-0.0961349571686432,0.245424581465045,-0.0226120140077978,1.55838274838471,NA
"829","NSW1212861",1.5809947623925,0.122245384890078,0,"829","2","340",-0.344070393915053,0.231375730841466,-0.221825009024975,1.35916975336753,NA
"830","NSW1200526",1.5809947623925,0.30772674471057,0,"830","2","341",0.113865081703511,0.197873957131478,0.421591826414082,2.00258658880658,NA
"831","NSW1212978",1.5809947623925,0.116450422540653,0,"831","2","342",0.896715215706803,0.1212620686496,1.01316563824746,2.59416040063996,NA
"832","NSW1200548",1.5809947623925,0.411040738406721,0,"832","2","343",-0.13555506898932,0.17162964206754,0.275485669417401,1.8564804318099,NA
"833","NSW1200843",1.5809947623925,0.406205855539217,0,"833","2","344",1.08641160881312,0.138993675906275,1.49261746435234,3.07361222674484,NA
"834","NSW1200898",1.5809947623925,0.287856113990366,0,"834","2","345",-0.347638438103739,0.0933393441058387,-0.0597823241133726,1.52121243827913,NA
"835","NSW1213031",1.5809947623925,0.177702202819514,0,"835","2","346",-0.488980586395251,0.124715003519453,-0.311278383575737,1.26971637881677,NA
"836","NSW1211425",1.5809947623925,0.376803370956646,0,"836","2","347",0.341193258899077,0.180474081015572,0.717996629855723,2.29899139224823,NA
"837","NSW1210966",1.5809947623925,0.185124784961015,0,"837","2","348",0.0411352638166863,0.158360849355097,0.226260048777701,1.8072548111702,NA
"838","NSW1200899",1.5809947623925,0.473638119775829,0,"838","2","349",-0.0410356442807775,0.19017689292837,0.432602475495052,2.01359723788755,NA
"839","NSW1212973",1.5809947623925,0.096272929027513,0,"839","2","350",0.29807289563906,0.150587701448819,0.394345824666573,1.97534058705908,NA
"840","NSW1211540",1.5809947623925,0.261419474267865,0,"840","2","351",-0.428194438491717,0.0769346791381215,-0.166774964223852,1.41421979816865,NA
"841","NSW1201406",1.5809947623925,0.406200092609292,0,"841","2","352",-0.360956849705109,0.182358614197249,0.0452432429041833,1.62623800529669,NA
"842","NSW1200889",1.5809947623925,0.420171452712095,0,"842","2","353",-0.0578319044530722,0.207991390809172,0.362339548259023,1.94333431065153,NA
"843","NSW1200904",1.5809947623925,0.415186462848943,0,"843","2","354",-0.361132503449221,0.154690850288891,0.054053959399722,1.63504872179223,NA
"844","NSW1213014",1.5809947623925,0.1292871191224,0,"844","2","355",-0.147841143380416,0.140319766576117,-0.0185540242580159,1.56244073813449,NA
"845","NSW1211588",1.5809947623925,0.28005492021701,0,"845","2","356",-0.504020929216906,0.103924906336131,-0.223966008999897,1.35702875339261,NA
"846","NSW1213035",1.5809947623925,0.266202903994068,0,"846","2","357",-0.280924666708567,0.13835447655508,-0.0147217627144983,1.566272999678,NA
"847","NSW1200510",1.5809947623925,0.278010258957024,0,"847","2","358",-0.00232915807851716,0.206985944663897,0.275681100878507,1.85667586327101,NA
"848","NSW1211532",1.5809947623925,0.127693881827414,0,"848","2","359",0.285302301392847,0.147159063151464,0.412996183220261,1.99399094561276,NA
"849","NSW1200924",1.5809947623925,0.481245710625548,0,"849","2","360",0.0954504697332448,0.198184577571884,0.576696180358793,2.1576909427513,NA
"850","NSW1200782",1.5809947623925,0.190341155788532,0,"850","2","361",-0.768206918561989,0.152277823976006,-0.577865762773458,1.00312899961905,NA
"851","NSW1212998",1.5809947623925,0.0912081291889148,0,"851","2","362",0.131435180702062,0.192011582348237,0.222643309890977,1.80363807228348,NA
"852","NSW1211587",1.5809947623925,0.110957467333076,0,"852","2","363",0.529915874788643,0.247889618562158,0.640873342121719,2.22186810451422,NA
"853","NSW1200359",1.5809947623925,0.149454157537697,0,"853","2","364",-0.0633340701701411,0.22464595866684,0.0861200873675561,1.66711484976006,NA
"854","NSW1212989",1.5809947623925,0.150877774421189,0,"854","2","365",-0.119640850889655,0.110716123406871,0.0312369235315332,1.61223168592404,NA
"855","NSW1201429",1.5809947623925,0.413682230160532,0,"855","2","366",-0.585683106685411,0.108701491341054,-0.172000876524879,1.40899388586762,NA
"856","NSW1200918",1.5809947623925,0.313490533736364,0,"856","2","367",0.0294334232245227,0.100447260244319,0.342923956960886,1.92391871935339,NA
"857","NSW1190209",1.5809947623925,0.441347118304877,0,"857","2","368",0.161562091491011,0.245698745128294,0.602909209795888,2.18390397218839,NA
"858","NSW1200404",1.5809947623925,0.29814758835082,0,"858","2","369",0.170420901047821,0.089528646194913,0.468568489398642,2.04956325179114,NA
"859","NSW1211509",1.5809947623925,0.130039591083825,0,"859","2","370",0.346770154593451,0.103086155242575,0.476809745677276,2.05780450806978,NA
"860","NSW1200421",1.5809947623925,0.156643204201212,0,"860","2","371",-0.162251363565457,0.223044710803466,-0.00560815936424491,1.57538660302826,NA
"861","NSW1200908",1.5809947623925,0.3731839751141,0,"861","2","372",0.341150195979049,0.19805662712308,0.714334171093149,2.29532893348565,NA
"862","NSW1213028",1.5809947623925,0.0752129961035579,0,"862","2","373",-0.792200094776838,0.178308744143815,-0.71698709867328,0.864007663719223,NA
"863","NSW1201632",1.5809947623925,0.475557137271969,0,"863","2","374",0.237716041663468,0.204105143568006,0.713273178935437,2.29426794132794,NA
"864","NSW1200461",1.5809947623925,0.236795397021656,0,"864","2","375",0.799463155086535,0.0777975954833701,1.03625855210819,2.61725331450069,NA
"865","NSW1200590",1.5809947623925,0.120477958308831,0,"865","2","376",1.05922907346523,0.111790031603861,1.17970703177406,2.76070179416656,NA
"866","NSW1212975",1.5809947623925,0.0227300773344474,0,"866","2","377",0.157536115627877,0.157010727990412,0.180266192962324,1.76126095535483,NA
"867","NSW1201621",1.5809947623925,0.470498687324895,0,"867","2","378",0.0486822197857632,0.192926990574692,0.519180907110659,2.10017566950316,NA
"868","NSW1210994",1.5809947623925,0.0843764846066024,0,"868","2","379",-0.341042596535245,0.195406170475624,-0.256666111928643,1.32432865046386,NA
"869","NSW1190186",1.5809947623925,0.199019976557723,0,"869","2","380",0.027290505985223,0.0596044613917566,0.226310482542946,1.80730524493545,NA
"870","NSW1213009",1.5809947623925,0.16674713272244,0,"870","2","381",0.374141656324147,0.148129843634287,0.540888789046587,2.12188355143909,NA
"871","NSW1213004",1.5809947623925,0.145471298866191,0,"871","2","382",0.0650578432231823,0.189808273604859,0.210529142089373,1.79152390448188,NA
"872","NSW1200595",1.5809947623925,0.19849079243548,0,"872","2","383",0.025771352446261,0.106829624378788,0.224262144881741,1.80525690727424,NA
"873","NSW1211590",1.5809947623925,0.123054957409267,0,"873","2","384",-0.447945999794735,0.155088087353574,-0.324891042385469,1.25610372000703,NA
"874","NSW1213026",1.5809947623925,0.105477454149666,0,"874","2","385",0.016230245240177,0.131650490945657,0.121707699389843,1.70270246178235,NA
"875","NSW1200798",1.5809947623925,0.156131762653968,0,"875","2","386",0.176580930891959,0.130299105965411,0.332712693545927,1.91370745593843,NA
"876","NSW1190171",1.5809947623925,0.464660719954419,0,"876","2","387",-0.242728141412038,0.193691154558055,0.221932578542381,1.80292734093488,NA
"877","NSW1211447",1.5809947623925,0.426727875223243,0,"877","2","388",0.658495624424752,0.201751047092107,1.085223499648,2.6662182620405,NA
"878","NSW1200652",1.5809947623925,0.16208509626646,0,"878","2","389",0.194739699389097,0.118777178452756,0.356824795655557,1.93781955804806,NA
"879","NSW1211571",1.5809947623925,0.420645579605011,0,"879","2","390",0.645862040778106,0.124637413507049,1.06650762038312,2.64750238277562,NA
"880","NSW1200612",1.5809947623925,0.259221825692868,0,"880","2","391",-0.0467416245064686,0.0768633187739025,0.212480201186399,1.7934749635789,NA
"881","NSW1213019",1.5809947623925,0.200787296077427,0,"881","2","392",-0.114215842655847,0.164007346826249,0.0865714534215806,1.66756621581408,NA
"882","NSW1190193",1.5809947623925,0.418123994221301,0,"882","2","393",0.595767116047171,0.137300417295327,1.01389111026847,2.59488587266098,NA
"883","NSW1200621",1.5809947623925,0.239723373569565,0,"883","2","394",0.0412559194141252,0.146751252825095,0.28097929298369,1.86197405537619,NA
"884","NSW1211452",1.5809947623925,0.0634637565037136,0,"884","2","395",-0.185352880127042,0.171855112218062,-0.121889123623328,1.45910563876918,NA
"885","NSW1210997",1.5809947623925,0.239265968789456,0,"885","2","396",0.0189076199827914,0.105344616364171,0.258173588772248,1.83916835116475,NA
"886","NSW1201424",1.5809947623925,0.40223555618132,0,"886","2","397",-0.629378910094898,0.132958614229743,-0.227143353913578,1.35385140847892,NA
"887","NSW1213002",1.5809947623925,0.121587830768953,0,"887","2","398",-0.508138797588927,0.20149087587335,-0.386550966819974,1.19444379557253,NA
"888","NSW1201367",1.5809947623925,0.442860522173472,0,"888","2","399",-0.135127461934617,0.20107078131936,0.307733060238855,1.88872782263136,NA
"889","NSW1200903",1.5809947623925,0.2417667693018,0,"889","2","400",-0.614214595145403,0.204575776113592,-0.372447825843603,1.2085469365489,NA
"890","NSW1212974",1.5809947623925,0.174488955276009,0,"890","2","401",-0.0769043542432016,0.18968659368538,0.0975846010328074,1.67857936342531,NA
"891","NSW1211531",1.5809947623925,0.257764339462778,0,"891","2","402",0.604948299965284,0.153606350089736,0.862712639428062,2.44370740182056,NA
"892","NSW1190170",1.5809947623925,0.477449612905958,0,"892","2","403",0.556282555873688,0.106488146520439,1.03373216877965,2.61472693117215,NA
"893","NSW1211579",1.5809947623925,0.288866954394822,0,"893","2","404",-0.144023742496618,0.126742858642192,0.144843211898204,1.72583797429071,NA
"894","NSW1200913",1.5809947623925,0.329192333659559,0,"894","2","405",0.0282302592299479,0.222613887291488,0.357422592889507,1.93841735528201,NA
"895","NSW1212899",1.5809947623925,0.0706500507608105,0,"895","2","406",-0.744102955096065,0.140200261537478,-0.673452904335254,0.907541858057249,NA
"896","NSW1212954",1.5809947623925,0.181403412692304,0,"896","2","407",0.353933835731085,0.163137287542805,0.535337248423389,2.11633201081589,NA
"897","NSW1200874",1.5809947623925,0.478615450129479,0,"897","2","408",-0.226080490176183,0.230865557272439,0.252534959953296,1.8335297223458,NA
"898","NSW1200367",1.5809947623925,0.427084226938058,0,"898","2","409",-0.12003855200054,0.13763928085322,0.307045674937517,1.88804043733002,NA
"899","NSW1211563",1.5809947623925,0.435707853224056,0,"899","2","410",-0.176306627561732,0.161480210154164,0.259401225662324,1.84039598805483,NA
"900","NSW1200667",1.5809947623925,0.161308466211165,0,"900","2","411",-0.186257881418582,0.124390920134226,-0.0249494152074165,1.55604534718509,NA
"901","NSW1200832",1.5809947623925,0.37060750674166,0,"901","2","412",-0.143415675537149,0.0872498030484052,0.227191831204511,1.80818659359701,NA
"902","NSW1211580",1.5809947623925,0.149052020571634,0,"902","2","413",0.207255447652848,0.162118641272495,0.356307468224482,1.93730223061699,NA
"903","NSW1201435",1.5809947623925,0.477950435592517,0,"903","2","414",-0.370146713643024,0.131826174446239,0.107803721949493,1.688798484342,NA
"904","NSW1200600",1.5809947623925,0.125187011394637,0,"904","2","415",-0.270635823507797,0.190167670784473,-0.14544881211316,1.43554595027934,NA
"905","NSW1212994",1.5809947623925,0.151876023087153,0,"905","2","416",0.00343505451807195,0.211082628178784,0.155311077605225,1.73630583999773,NA
"906","NSW1211591",1.5809947623925,0.366022015749316,0,"906","2","417",-0.0028187254419457,0.120153198864869,0.36320329030737,1.94419805269987,NA
