"","Taxa","BLUE.N","BLUE.I","QTNs","Group","RefInf","ID","BLUP","PEV","gBreedingValue","Prediction","COI"
"1","S_1007_S311",1.54720469624562,-0.0289477532667415,0,"  1","1","  1",0.819189085328321,0.299584410565293,0.79024133206158,2.3374460283072,1.8612097182042
"2","S_102_S245",1.54720469624562,-0.29510838902236,0,"  2","1","  2",0.324980593288119,0.287615171792686,0.0298722042657596,1.57707690051138,1.65487545982344
"3","S_1031_S380",1.54720469624562,-0.0753116043314071,0,"  3","1","  3",-0.173740416270117,0.271689790880826,-0.249052020601525,1.29815267564409,1
"4","S_1045_S231",1.54720469624562,-0.105071621585603,0,"  4","1","  4",-0.253923729906259,0.291143894473442,-0.358995351491862,1.18820934475376,0
"5","S_1052_S227",1.54720469624562,-0.0750278573071313,0,"  5","1","  5",0.220618237446247,0.283098704359711,0.145590380139116,1.69279507638473,2.11474252688113
"6","S_1054_S345",1.54720469624562,-0.0464198309981098,0,"  6","1","  6",0.548482017514864,0.285890352997155,0.502062186516755,2.04926688276237,0.840896415253715
"7","S_1057_S302",1.54720469624562,-0.17879126722893,0,"  7","1","  7",-0.190890900729141,0.289703701193148,-0.369682167958071,1.17752252828755,0.840896415253715
"8","S_106_S223",1.54720469624562,-0.327254786584684,0,"  8","1","  8",-0.0887811745771018,0.301940382317857,-0.416035961161786,1.13116873508383,1.8612097182042
"9","S_1082_S287",1.54720469624562,-0.186104755767118,0,"  9","1","  9",-0.249131848080163,0.290402346862671,-0.435236603847281,1.11196809239834,1.56508458007329
"10","S_108_S258",1.54720469624562,-0.215414016589494,0," 10","1"," 10",0.406933839184857,0.282966972706449,0.191519822595363,1.73872451884098,1.56508458007329
"11","S_109_S351",1.54720469624562,-0.209187693987464,0," 11","1"," 11",0.432529312622783,0.279625983459288,0.223341618635319,1.77054631488094,1.49534878122122
"12","S_1124_S271",1.54720469624562,0.0101451844559411,0," 12","1"," 12",-0.736387796562752,0.285444524715892,-0.726242612106811,0.820962084138807,1.18920711500272
"13","S_1127_S332",1.54720469624562,0.147506628828615,0," 13","1"," 13",-0.723693193842929,0.256166656299609,-0.576186565014314,0.971018131231304,0
"14","S_1130_S319",1.54720469624562,-0.120789953311155,0," 14","1"," 14",0.728250667076131,0.351193274293909,0.607460713764976,2.15466541001059,2.65914794847249
"15","S_1132_S315",1.54720469624562,0.0885109446898907,0," 15","1"," 15",0.528221526900467,0.350594496469145,0.616732471590358,2.16393716783598,1.65487545982344
"16","S_1159_S297",1.54720469624562,0.0264427903650372,0," 16","1"," 16",0.0924531266714727,0.269105882549869,0.11889591703651,1.66610061328213,1.56508458007329
"17","S_1161_S254",1.54720469624562,0.07301220936603,0," 17","1"," 17",0.781829777259272,0.296325073485795,0.854841986625302,2.40204668287092,1.31607401295249
"18","S_1162_S384",1.54720469624562,-0.108357354689635,0," 18","1"," 18",0.127330744267135,0.279463544951268,0.0189733895774995,1.56617808582312,2.51486685936587
"19","S_1223_S229",1.54720469624562,-0.386475120782485,0," 19","1"," 19",0.416850302052586,0.299669538599605,0.030375181270101,1.57757987751572,1.4142135623731
"20","S_1237_S377",1.54720469624562,0.0776966328114305,0," 20","1"," 20",-0.692386379432291,0.291330863979095,-0.61468974662086,0.932514949624758,0
"21","S_129_S310",1.54720469624562,-0.324227568791988,0," 21","1"," 21",-0.870703569177187,0.284943957873939,-1.19493113796917,0.352273558276444,0
"22","S_1305_S246",1.54720469624562,0.0411329978697163,0," 22","1"," 22",-0.187591470560123,0.277079207367111,-0.146458472690407,1.40074622355521,1.77827941003892
"23","S_130_S333",1.54720469624562,-0.29895558979477,0," 23","1"," 23",-0.656898764945537,0.277989764903661,-0.955854354740307,0.591350341505311,0
"24","S_1315_S322",1.54720469624562,-0.0869787931312992,0," 24","1"," 24",-0.385362087302813,0.287988307517909,-0.472340880434113,1.07486381581151,1.49534878122122
"25","S_1317_S208",1.54720469624562,-0.0529115381419468,0," 25","1"," 25",-0.36403243697589,0.255959849508268,-0.416943975117837,1.13026072112778,1.49534878122122
"26","S_1324_S206",1.54720469624562,-0.272926531417542,0," 26","1"," 26",0.306231421057891,0.29725338054274,0.0333048896403496,1.58050958588597,2.11474252688113
"27","S_1328_S372",1.54720469624562,0.0342594924195682,0," 27","1"," 27",-0.155091025504475,0.274753753724024,-0.120831533084907,1.42637316316071,2.34034731932072
"28","S_1343_S366",1.54720469624562,-0.17168235326875,0," 28","1"," 28",0.419823853329404,0.268191074518891,0.248141500060654,1.79534619630627,1
"29","S_137_S285",1.54720469624562,-0.344604885594678,0," 29","1"," 29",0.273668492710582,0.311040198859472,-0.0709363928840959,1.47626830336152,1
"30","S_1383_S323",1.54720469624562,-0.548915994295892,0," 30","1"," 30",0.0800256988060345,0.422205589337675,-0.468890295489858,1.07831440075576,1.10668191970032
"31","S_1404_S202",1.54720469624562,-0.312336470045567,0," 31","1"," 31",-0.0646057448288843,0.31188305824205,-0.376942214874452,1.17026248137117,0
"32","S_1407_S312",1.54720469624562,-0.386668546905778,0," 32","1"," 32",-0.278966659786541,0.323627176009601,-0.665635206692318,0.8815694895533,1.31607401295249
"33","S_140_S320",1.54720469624562,-0.245259320964645,0," 33","1"," 33",0.556365718374937,0.279803350979886,0.311106397410293,1.85831109365591,2.51486685936587
"34","S_1423_S318",1.54720469624562,0.0123652655565289,0," 34","1"," 34",0.0342840589834826,0.282743934208061,0.0466493245400115,1.59385402078563,2.51486685936587
"35","S_1430_S329",1.54720469624562,-0.0382610516876271,0," 35","1"," 35",-0.535202007681441,0.288742475604556,-0.573463059369068,0.97374163687655,1.4142135623731
"36","S_1431_S278",1.54720469624562,-0.0511554364830841,0," 36","1"," 36",-0.524390604858679,0.260490699321868,-0.575546041341763,0.971658654903855,0
"37","S_1437_S292",1.54720469624562,-0.14190889434475,0," 37","1"," 37",-0.429532391687787,0.294647374446627,-0.571441286032536,0.975763410213082,1.18920711500272
"38","S_1441_S235",1.54720469624562,-0.146110464910898,0," 38","1"," 38",0.455533302698144,0.319665272105444,0.309422837787246,1.85662753403286,1.96798967126543
"39","S_1442_S328",1.54720469624562,-0.0643300464990374,0," 39","1"," 39",-0.0295539939817885,0.2969530460947,-0.093884040480826,1.45332065576479,0
"40","S_1452_S275",1.54720469624562,-0.0638167606753448,0," 40","1"," 40",0.276692968931127,0.298602829690675,0.212876208255782,1.7600809045014,1.49534878122122
"41","S_1472_S295",1.54720469624562,-0.112119283184065,0," 41","1"," 41",-0.530347519487013,0.276871436228718,-0.642466802671078,0.90473789357454,0
"42","S_1488_S316",1.54720469624562,-0.0890146290071184,0," 42","1"," 42",0.009237843243252,0.268310755199598,-0.0797767857638664,1.46742791048175,1.62657656169779
"43","S_148_S249",1.54720469624562,-0.127923320907006,0," 43","1"," 43",-0.662745615802487,0.305163902900872,-0.790668936709493,0.756535759536125,1
"44","S_1496_S272",1.54720469624562,-0.141888043793585,0," 44","1"," 44",0.966886026199518,0.276145709926215,0.824997982405933,2.37220267865155,2.65914794847249
"45","S_150_S251",1.54720469624562,-0.14481863551165,0," 45","1"," 45",-0.0690808864160611,0.26614097984716,-0.213899521927711,1.33330517431791,1.31607401295249
"46","S_1513_S327",1.54720469624562,-0.199665404448271,0," 46","1"," 46",-0.184329588528238,0.331406426778937,-0.383994992976509,1.16320970326911,0
"47","S_1518_S240",1.54720469624562,-0.306387160995532,0," 47","1"," 47",-0.00139590054167593,0.291993585483729,-0.307783061537208,1.23942163470841,1
"48","S_1549_S342",1.54720469624562,0.00484817210353289,0," 48","1"," 48",-0.377044913824894,0.297748436708425,-0.372196741721361,1.17500795452426,0
"49","S_1573_S236",1.54720469624562,-0.199297035629539,0," 49","1"," 49",-0.619051355157497,0.292078459400761,-0.818348390787035,0.728856305458582,1
"50","S_1584_S296",1.54720469624562,-0.296327224056263,0," 50","1"," 50",-0.466020385670054,0.307922687487619,-0.762347609726317,0.784857086519302,2.21336383940064
"51","S_1599_S343",1.54720469624562,-0.0298181149509571,0," 51","1"," 51",-0.133107526444801,0.263606498463946,-0.162925641395758,1.38427905484986,2.65914794847249
"52","S_1619_S303",1.54720469624562,-0.0657695947282446,0," 52","1"," 52",0.00887673406729814,0.302553884101647,-0.0568928606609465,1.49031183558467,1.77827941003892
"53","S_1621_S339",1.54720469624562,-0.0530709658740499,0," 53","1"," 53",0.717039613789948,0.291932433569949,0.663968647915898,2.21117334416152,2.54572989502183
"54","S_1623_S378",1.54720469624562,-0.125572200039195,0," 54","1"," 54",-0.38022842166946,0.303587695096004,-0.505800621708655,1.04140407453696,1.65487545982344
"55","S_1629_S373",1.54720469624562,-0.123853693019606,0," 55","1"," 55",0.527010991717998,0.27527737339227,0.403157298698391,1.95036199494401,1.77827941003892
"56","S_1631_S361",1.54720469624562,0.01049946212446,0," 56","1"," 56",0.460999734671726,0.302057399745465,0.471499196796186,2.0187038930418,2.65914794847249
"57","S_1637_S325",1.54720469624562,-0.157021711627145,0," 57","1"," 57",0.753810426526681,0.275975509450709,0.596788714899536,2.14399341114515,2.44948974278318
"58","S_1639_S204",1.54720469624562,-0.266608245164697,0," 58","1"," 58",0.245038266492507,0.30112582394468,-0.0215699786721898,1.52563471757343,1.31607401295249
"59","S_1643_S375",1.54720469624562,-0.216085526861302,0," 59","1"," 59",-0.023369208136032,0.280586761077053,-0.239454734997334,1.30774996124828,1
"60","S_1649_S331",1.54720469624562,-0.326216269743071,0," 60","1"," 60",0.171026985179259,0.298919885320081,-0.155189284563812,1.39201541168181,1.49534878122122
"61","S_1653_S294",1.54720469624562,-0.0678207854031857,0," 61","1"," 61",0.268132098519502,0.28498090023503,0.200311313116317,1.74751600936193,1
"62","S_165_S284",1.54720469624562,-0.0684727987959707,0," 62","1"," 62",0.56803501421802,0.266522909546025,0.49956221542205,2.04676691166767,1.49534878122122
"63","S_1677_S221",1.54720469624562,-0.116755822027747,0," 63","1"," 63",-0.0897026500516823,0.27137956959654,-0.206458472079429,1.34074622416619,0
"64","S_1683_S338",1.54720469624562,-0.153012767768018,0," 64","1"," 64",-0.440072949226137,0.258239326285556,-0.593085716994155,0.954118979251463,1.18920711500272
"65","S_1689_S192",1.54720469624562,-0.233643091778603,0," 65","1"," 65",-0.361835343928317,0.304789872083405,-0.595478435706921,0.951726260538697,0
"66","S_1699_S367",1.54720469624562,-0.134352078037541,0," 66","1"," 66",-0.112746765385224,0.314320632103831,-0.247098843422765,1.30010585282285,1.18920711500272
"67","S_171_S219",1.54720469624562,-0.224109252749141,0," 67","1"," 67",0.854673573661848,0.283120163496423,0.630564320912706,2.17776901715832,2.59002006411135
"68","S_1723_S369",1.54720469624562,-0.134664142140758,0," 68","1"," 68",-0.107442525316062,0.271218331879064,-0.242106667456821,1.3050980287888,1.4142135623731
"69","S_1728_S376",1.54720469624562,-0.369246960377166,0," 69","1"," 69",0.840762114661583,0.300342296005793,0.471515154284417,2.01871985053003,2.78315768371374
"70","S_1736_S359",1.54720469624562,-0.00565145359727018,0," 70","1"," 70",0.617422181119549,0.271375743872852,0.611770727522279,2.1589754237679,1.96798967126543
"71","S_1742_S357",1.54720469624562,-0.262164665715251,0," 71","1"," 71",0.550824511191774,0.283482099154062,0.288659845476522,1.83586454172214,1.8612097182042
"72","S_1749_S247",1.54720469624562,-0.246808389946171,0," 72","1"," 72",-0.0572156806796797,0.281826819902865,-0.30402407062585,1.24318062561977,1
"73","S_1779_S226",1.54720469624562,0.133753265635888,0," 73","1"," 73",0.243938547053317,0.274580870743267,0.377691812689205,1.92489650893482,2.65914794847249
"74","S_1810_S213",1.54720469624562,-0.0626988473880676,0," 74","1"," 74",-0.397322212793698,0.346509714100014,-0.460021060181765,1.08718363606385,1.8612097182042
"75","S_1813_S253",1.54720469624562,-0.236926251132153,0," 75","1"," 75",0.172208664113699,0.286564709267955,-0.0647175870184541,1.48248710922716,1.56508458007329
"76","S_1817_S210",1.54720469624562,-0.330827908851047,0," 76","1"," 76",0.244029878033283,0.310760248317089,-0.0867980308177642,1.46040666542785,2.34034731932072
"77","S_1818_S238",1.54720469624562,-0.2857272837213,0," 77","1"," 77",0.0377205374924543,0.294627473288057,-0.248006746228846,1.29919795001677,0
"78","S_1825_S198",1.54720469624562,-0.164632809017103,0," 78","1"," 78",-0.179765458237874,0.296171158601828,-0.344398267254977,1.20280642899064,1.49534878122122
"79","S_1837_S256",1.54720469624562,-0.329757164023259,0," 79","1"," 79",0.545210886041947,0.328290936075144,0.215453722018688,1.76265841826431,2.78315768371374
"80","S_1839_S299",1.54720469624562,-0.359797322745555,0," 80","1"," 80",0.278803927204225,0.29390062243867,-0.0809933955413295,1.46621130070429,2.21336383940064
"81","S_183_S263",1.54720469624562,-0.241778280624848,0," 81","1"," 81",-0.0556463568441311,0.301938783912143,-0.297424637468979,1.24978005877664,2.65914794847249
"82","S_1841_S250",1.54720469624562,-0.367847094408959,0," 82","1"," 82",-0.258186198145005,0.333114982841818,-0.626033292553964,0.921171403691654,0
"83","S_1865_S374",1.54720469624562,-0.122041548854968,0," 83","1"," 83",0.75302435558934,0.27082068707445,0.630982806734372,2.17818750297999,2.21336383940064
"84","S_1874_S244",1.54720469624562,-0.373917551670979,0," 84","1"," 84",0.328950425338434,0.319551064411903,-0.0449671263325447,1.50223756991307,2.34034731932072
"85","S_1877_S262",1.54720469624562,-0.296623288365542,0," 85","1"," 85",0.366545753291683,0.302047013917121,0.069922464926141,1.61712716117176,2.78315768371374
"86","S_1899_S193",1.54720469624562,-0.0595595924248465,0," 86","1"," 86",-0.10004113028413,0.274610251842507,-0.159600722708977,1.38760397353664,1.62657656169779
"87","S_1900_S242",1.54720469624562,-0.0584646342642911,0," 87","1"," 87",-0.137837921941911,0.264318469202807,-0.196302556206202,1.35090214003942,1.56508458007329
"88","S_1936_S218",1.54720469624562,-0.0485159525544562,0," 88","1"," 88",-0.380352797693691,0.268858295358499,-0.428868750248147,1.11833594599747,1.18920711500272
"89","S_1952_S293",1.54720469624562,-0.169719952128527,0," 89","1"," 89",-0.243133945128951,0.288020506875443,-0.412853897257478,1.13435079898814,1.18920711500272
"90","S_1969_S291",1.54720469624562,-0.0252715364093706,0," 90","1"," 90",0.8139522767332,0.291176026624883,0.78868074032383,2.33588543656945,1.31607401295249
"91","S_1973_S267",1.54720469624562,-0.247815101005265,0," 91","1"," 91",1.38961452211169,0.285424183274411,1.14179942110643,2.68900411735205,2.89250760851908
"92","S_197_S207",1.54720469624562,-0.179545058565024,0," 92","1"," 92",-0.297093972067603,0.270338068892535,-0.476639030632628,1.07056566561299,1.4142135623731
"93","S_198_S304",1.54720469624562,-0.247024057875957,0," 93","1"," 93",-0.875772635551919,0.288254919670909,-1.12279669342788,0.424408002817741,0
"94","S_2010_S200",1.54720469624562,-0.399944320237813,0," 94","1"," 94",-0.609106491228657,0.309016903966242,-1.00905081146647,0.538153884779148,0
"95","S_2014_S264",1.54720469624562,-0.247210560834371,0," 95","1"," 95",-0.139245623304178,0.275714682962056,-0.386456184138549,1.16074851210707,1.25743342968294
"96","S_2015_S266",1.54720469624562,-0.0451868133473234,0," 96","1"," 96",-0.591309874936898,0.254953452932734,-0.636496688284222,0.910708007961396,0
"97","S_2037_S371",1.54720469624562,-0.331090014334776,0," 97","1"," 97",-0.600309872198665,0.285865425232652,-0.931399886533441,0.615804809712177,0
"98","S_2073_S215",1.54720469624562,-0.0116346920570888,0," 98","1"," 98",-0.312073871953461,0.285224360060319,-0.32370856401055,1.22349613223507,1.49534878122122
"99","S_2099_S335",1.54720469624562,-0.354780460671225,0," 99","1"," 99",-0.271453534893912,0.311392989897345,-0.626233995565137,0.920970700680481,0.840896415253715
"100","S_209_S379",1.54720469624562,0.0963533638623608,0,"100","1","100",-0.773224798097788,0.299024646876264,-0.676871434235427,0.870333262010191,0
"101","S_2103_S301",1.54720469624562,-0.232919173155736,0,"101","1","101",-0.322547197573268,0.316867283970142,-0.555466370729003,0.991738325516615,2.34034731932072
"102","S_2104_S224",1.54720469624562,-0.224066993946356,0,"102","1","102",-0.0715679738982224,0.295726537585392,-0.295634967844579,1.25156972840104,1.31607401295249
"103","S_2105_S269",1.54720469624562,-0.351085492148731,0,"103","1","103",-0.547826597785853,0.325543332919041,-0.898912089934584,0.648292606311034,0
"104","S_2107_S349",1.54720469624562,-0.289315458173608,0,"104","1","104",0.171607925839311,0.277368422607476,-0.117707532334297,1.42949716391132,1.18920711500272
"105","S_2115_S280",1.54720469624562,-0.460605323239376,0,"105","1","105",-0.173036015478094,0.367336654682117,-0.633641338717469,0.913563357528149,2.34034731932072
"106","S_2116_S350",1.54720469624562,-0.240802976675736,0,"106","1","106",0.166068172593049,0.264209557079872,-0.0747348040826867,1.47246989216293,1.31607401295249
"107","S_2135_S234",1.54720469624562,-0.185801192250477,0,"107","1","107",-0.632084429199813,0.285556319942874,-0.81788562145029,0.729319074795329,1.31607401295249
"108","S_2140_S363",1.54720469624562,-0.407431832105804,0,"108","1","108",-0.849807599567019,0.297187531833343,-1.25723943167282,0.289965264572795,0
"109","S_2145_S212",1.54720469624562,-0.422292820047401,0,"109","1","109",-0.741403849201687,0.295269507061454,-1.16369666924909,0.38350802699653,0
"110","S_2155_S383",1.54720469624562,-0.162961164947678,0,"110","1","110",-0.0692013268561679,0.27948901461213,-0.232162491803846,1.31504220444177,1.4142135623731
"111","S_2187_S360",1.54720469624562,-0.339111575658371,0,"111","1","111",-0.085555466305216,0.291699962081033,-0.424667041963587,1.12253765428203,1.96798967126543
"112","S_2192_S307",1.54720469624562,-0.370724334980137,0,"112","1","112",0.0878811219856412,0.31213479724855,-0.282843212994496,1.26436148325112,1.31607401295249
"113","S_2193_S216",1.54720469624562,-0.365372242642998,0,"113","1","113",-0.0365178511941325,0.315152385311389,-0.40189009383713,1.14531460240849,1.65487545982344
"114","S_2201_S214",1.54720469624562,-0.290595152212177,0,"114","1","114",-0.323866568621298,0.290020477180831,-0.614461720833475,0.932742975412143,0
"115","S_2203_S277",1.54720469624562,-0.474061049940584,0,"115","1","115",-0.430939879057055,0.319595707646072,-0.905000928997639,0.642203767247979,0
"116","S_2212_S230",1.54720469624562,-0.21385860299357,0,"116","1","116",-0.882532797874789,0.277782262950201,-1.09639140086836,0.450813295377259,0
"117","S_2214_S290",1.54720469624562,-0.216260482007552,0,"117","1","117",-0.0898615851047942,0.286597614159418,-0.306122067112346,1.24108262913327,1.4142135623731
"118","S_2226_S298",1.54720469624562,-0.557541402715125,0,"118","1","118",0.516865864795048,0.316550727944793,-0.0406755379200769,1.50652915832554,2.21336383940064
"119","S_2228_S346",1.54720469624562,-0.141601013351643,0,"119","1","119",-0.410371005915168,0.293493522233617,-0.551972019266811,0.995232676978807,0
"120","S_2232_S273",1.54720469624562,-0.451157544875898,0,"120","1","120",0.464709812290463,0.37732929441681,0.0135522674145658,1.56075696366018,1.31607401295249
"121","S_2271_S195",1.54720469624562,-0.312972249793324,0,"121","1","121",0.366328075129526,0.292903120605333,0.0533558253362024,1.60056052158182,1.49534878122122
"122","S_2299_S281",1.54720469624562,-0.0447573927234993,0,"122","1","122",-0.536879126391122,0.319265437669386,-0.581636519114621,0.965568177130997,2.65914794847249
"123","S_2302_S259",1.54720469624562,0.144604131569805,0,"123","1","123",0.230989025250132,0.318910171603914,0.375593156819937,1.92279785306555,2.23606797749979
"124","S_2307_S288",1.54720469624562,-0.000270382573141548,0,"124","1","124",0.208811001698543,0.291060028182466,0.208540619125401,1.75574531537102,2.69178163547765
"125","S_2319_S337",1.54720469624562,-0.109207410248628,0,"125","1","125",-0.681669992651717,0.293654272287103,-0.790877402900345,0.756327293345273,0
"126","S_231_S260",1.54720469624562,-0.0384825013076,0,"126","1","126",0.483194573013207,0.314280984660262,0.444712071705607,1.99191676795123,2.11474252688113
"127","S_2323_S355",1.54720469624562,-0.061117656190539,0,"127","1","127",-0.640745460215191,0.28637021473122,-0.70186311640573,0.845341579839888,1.25743342968294
"128","S_2351_S197",1.54720469624562,-0.150087836266417,0,"128","1","128",-0.447481117279509,0.295036789191034,-0.597568953545926,0.949635742699692,0
"129","S_2358_S289",1.54720469624562,-0.0589187825976444,0,"129","1","129",0.33041842085741,0.262945814864716,0.271499638259766,1.81870433450538,1.49534878122122
"130","S_2370_S336",1.54720469624562,0.0830616108708601,0,"130","1","130",-0.0300789568437133,0.307523798773556,0.0529826540271467,1.60018735027276,1
"131","S_2375_S268",1.54720469624562,-0.00890001731965784,0,"131","1","131",0.608493425411733,0.285379731088494,0.599593408092075,2.14679810433769,2.51486685936587
"132","S_2395_S194",1.54720469624562,-0.12367792571208,0,"132","1","132",0.150113925849653,0.299257415941683,0.0264360001375729,1.57364069638319,1.56508458007329
"133","S_242_S324",1.54720469624562,0.0117921428992744,0,"133","1","133",-0.919788130333458,0.282656229526483,-0.907995987434183,0.639208708811435,0
"134","S_248_S252",1.54720469624562,0.160259054833547,0,"134","1","134",-0.328609958856579,0.280418539369241,-0.168350904023032,1.37885379222259,1.77827941003892
"135","S_261_S368",1.54720469624562,-0.306688917833768,0,"135","1","135",-0.00968308192068779,0.27268396887509,-0.316371999754456,1.23083269649116,1.96798967126543
"136","S_269_S228",1.54720469624562,-0.337055303769888,0,"136","1","136",-0.160580934193049,0.31285949810095,-0.497636237962937,1.04956845828268,0.840896415253715
"137","S_272_S326",1.54720469624562,-0.459698965790612,0,"137","1","137",0.36542821683127,0.349087799576251,-0.0942707489593411,1.45293394728628,2.11474252688113
"138","S_285_S191",1.54720469624562,-0.208623026343192,0,"138","1","138",0.480581979925011,0.285794596010894,0.271958953581819,1.81916364982744,2.05976714390712
"139","S_28_S364",1.54720469624562,-0.320715392055282,0,"139","1","139",-0.676695858854132,0.283416596771062,-0.997411250909415,0.549793445336203,0
"140","S_294_S317",1.54720469624562,-0.0809179995591021,0,"140","1","140",-0.705271562827164,0.307373958523166,-0.786189562386266,0.761015133859352,0
"141","S_298_S354",1.54720469624562,-0.21695263690516,0,"141","1","141",0.430178078797998,0.360934159826853,0.213225441892838,1.76043013813846,2.11474252688113
"142","S_304_S341",1.54720469624562,0.0111604239913775,0,"142","1","142",-0.846167877988808,0.265522537609399,-0.835007453997431,0.712197242248187,0
"143","S_325_S347",1.54720469624562,-0.169543743873731,0,"143","1","143",-1.37821369229693,0.276549112741672,-1.54775743617066,0,0
"144","S_381_S205",1.54720469624562,-0.163688744060497,0,"144","1","144",0.324964510819721,0.268758694161458,0.161275766759224,1.70848046300484,2.65914794847249
"145","S_382_S276",1.54720469624562,-0.178787820184675,0,"145","1","145",1.1250949787286,0.290873903149213,0.946307158543922,2.49351185478954,2.89250760851908
"146","S_389_S330",1.54720469624562,-0.149845501134498,0,"146","1","146",0.122244590830642,0.260768557127396,-0.0276009103038558,1.51960378594176,2.23606797749979
"147","S_394_S237",1.54720469624562,-0.335833285210121,0,"147","1","147",-0.745101927348907,0.308981888516294,-1.08093521255903,0.466269483686591,0
"148","S_398_S239",1.54720469624562,-0.212454203289637,0,"148","1","148",0.379092801374739,0.264394285170179,0.166638598085101,1.71384329433072,1.49534878122122
"149","S_402_S309",1.54720469624562,-0.191597800122047,0,"149","1","149",0.37867618385461,0.276535977419935,0.187078383732563,1.73428307997818,1.31607401295249
"150","S_415_S222",1.54720469624562,-0.318613088163908,0,"150","1","150",-0.722288763773743,0.304912824128064,-1.04090185193765,0.506302844307967,0
"151","S_421_S358",1.54720469624562,-0.241677205795313,0,"151","1","151",-0.0664090345469426,0.277719011301324,-0.308086240342255,1.23911845590336,1.31607401295249
"152","S_437_S233",1.54720469624562,-0.402475039945811,0,"152","1","152",0.29276498031515,0.30252235280104,-0.109710059630661,1.43749463661496,1.18920711500272
"153","S_449_S352",1.54720469624562,-0.297215150823428,0,"153","1","153",0.163509229851476,0.26721879295464,-0.133705920971952,1.41349877527367,2.05976714390712
"154","S_451_S261",1.54720469624562,-0.33291312409058,0,"154","1","154",-0.570386065033958,0.294807995059596,-0.903299189124538,0.64390550712108,0
"155","S_471_S344",1.54720469624562,-0.232688444695451,0,"155","1","155",0.0820415658629922,0.275515231151596,-0.150646878832459,1.39655781741316,0
"156","S_473_S362",1.54720469624562,-0.259699817918429,0,"156","1","156",0.399202769010856,0.314334763731216,0.139502951092427,1.68670764733804,1.56508458007329
"157","S_477_S225",1.54720469624562,-0.525940293644336,0,"157","1","157",0.317529790451037,0.405414443882717,-0.208410503193299,1.33879419305232,0
"158","S_494_S382",1.54720469624562,-0.286287400055192,0,"158","1","158",0.477481443749691,0.275603205543783,0.191194043694499,1.73839873994012,1.49534878122122
"159","S_496_S381",1.54720469624562,-0.437327114384849,0,"159","1","159",-0.220160354808272,0.327692284538475,-0.657487469193121,0.889717227052497,2.17793858734643
"160","S_499_S265",1.54720469624562,-0.248100685482685,0,"160","1","160",0.264936882668152,0.274757992563266,0.0168361971854671,1.56404089343108,2.05976714390712
"161","S_4_S313",1.54720469624562,-0.225636096276089,0,"161","1","161",0.754242932937475,0.291933704164122,0.528606836661387,2.075811532907,2.78315768371374
"162","S_525_S305",1.54720469624562,-0.207975940544189,0,"162","1","162",-0.373041901613148,0.276536138978819,-0.581017842157337,0.966186854088281,0
"163","S_529_S314",1.54720469624562,-0.384179980284489,0,"163","1","163",0.250059850690747,0.297372581002571,-0.134120129593742,1.41308456665188,1.18920711500272
"164","S_550_S257",1.54720469624562,-0.298075579964088,0,"164","1","164",0.362791857066824,0.312584426670889,0.0647162771027361,1.61192097334835,2.94283095638271
"165","S_552_S308",1.54720469624562,-0.315774454500431,0,"165","1","165",0.0287000250483784,0.282034939283814,-0.287074429452052,1.26013026679357,1.31607401295249
"166","S_564_S211",1.54720469624562,-0.392105123501451,0,"166","1","166",-0.0231771005055121,0.327507872154324,-0.415282224006964,1.13192247223865,1.73205080756888
"167","S_572_S203",1.54720469624562,-0.226769978094437,0,"167","1","167",-0.604283479828897,0.27658374565927,-0.831053457923334,0.716151238322284,0
"168","S_597_S255",1.54720469624562,-0.240478530707127,0,"168","1","168",0.0139020704787572,0.293802908728684,-0.226576460228369,1.32062823601725,1.8612097182042
"169","S_652_S232",1.54720469624562,-0.0198841013863648,0,"169","1","169",0.766033076167314,0.294930592831404,0.74614897478095,2.29335367102657,2.51486685936587
"170","S_66_S321",1.54720469624562,-0.119043857239124,0,"170","1","170",-0.143768365734412,0.304113554028578,-0.262812222973536,1.28439247327208,2.65914794847249
"171","S_699_S356",1.54720469624562,0.0769562633784226,0,"171","1","171",-0.117154725558776,0.301309042945015,-0.040198462180353,1.50700623406527,1.49534878122122
"172","S_6_S348",1.54720469624562,-0.162994076513293,0,"172","1","172",0.218954147983603,0.309574504845341,0.0559600714703103,1.60316476771593,1.49534878122122
"173","S_701_S340",1.54720469624562,0.136268957934182,0,"173","1","173",0.0487318489348376,0.282136621436614,0.18500080686902,1.73220550311464,2.11474252688113
"174","S_704_S282",1.54720469624562,-0.112698289243504,0,"174","1","174",0.711992508007208,0.280749059943365,0.599294218763704,2.14649891500932,2.34034731932072
"175","S_716_S283",1.54720469624562,-0.0900536069526484,0,"175","1","175",0.402213358414232,0.314535860822064,0.312159751461584,1.8593644477072,1.8612097182042
"176","S_732_S243",1.54720469624562,0.0739631161971681,0,"176","1","176",0.343544151629845,0.325547652473828,0.417507267827013,1.96471196407263,2.54572989502183
"177","S_737_S201",1.54720469624562,0.101987190510806,0,"177","1","177",0.0589848167824714,0.261367211274781,0.160972007293278,1.7081767035389,2.73861278752583
"178","S_769_S220",1.54720469624562,-0.127501872216693,0,"178","1","178",0.0325730134601451,0.315710031638349,-0.0949288587565475,1.45227583748907,1
"179","S_797_S209",1.54720469624562,-0.087395488948887,0,"179","1","179",-0.506115259869875,0.263243534594793,-0.593510748818763,0.953693947426856,0
"180","S_809_S270",1.54720469624562,0.0621992042778562,0,"180","1","180",0.484988634367761,0.29104615386028,0.547187838645617,2.09439253489124,2.65914794847249
"181","S_81_S279",1.54720469624562,-0.108269411936852,0,"181","1","181",-0.0854794964931919,0.286380422573634,-0.193748908430044,1.35345578781557,1.56508458007329
"182","S_829_S286",1.54720469624562,0.0128763771732576,0,"182","1","182",0.902335928303835,0.300605338091769,0.915212305477092,2.46241700172271,2.11474252688113
"183","S_831_S353",1.54720469624562,0.0571732880297583,0,"183","1","183",0.830888885845569,0.281610405743574,0.888062173875327,2.43526687012095,2.65914794847249
"184","S_838_S306",1.54720469624562,-0.0454615684805674,0,"184","1","184",0.793696949362713,0.267654057219687,0.748235380882145,2.29544007712776,2.23606797749979
"185","S_868_S274",1.54720469624562,0.279508433461693,0,"185","1","185",0.0603226647718076,0.340544841895286,0.339831098233501,1.88703579447912,1.10668191970032
"186","S_869_S241",1.54720469624562,0.197578543192646,0,"186","1","186",0.049879073961288,0.325966458980383,0.247457617153934,1.79466231339955,1.56508458007329
"187","S_874_S217",1.54720469624562,0.241283868474056,0,"187","1","187",0.420807608385659,0.32567662618866,0.662091476859715,2.20929617310533,2.34034731932072
"188","S_881_S365",1.54720469624562,0.381183940212805,0,"188","1","188",0.2293597403214,0.284042212347251,0.610543680534206,2.15774837677982,2.78315768371374
"189","S_89_S199",1.54720469624562,-0.21089765521223,0,"189","1","189",-0.190659798756284,0.288690720734649,-0.401557453968514,1.1456472422771,0
"190","S_905_S248",1.54720469624562,-0.28984424569956,0,"190","1","190",-0.66051874105328,0.277571000201407,-0.95036298675284,0.596841709492778,0.840896415253715
"191","S_927_S334",1.54720469624562,-0.128501095528893,0,"191","1","191",-0.193968908004223,0.258118195350135,-0.322470003533116,1.2247346927125,0
"192","S_984_S370",1.54720469624562,0.0302810229224544,0,"192","1","192",-0.434488617975059,0.284725534795014,-0.404207595052605,1.14299710119301,1.49534878122122
"193","S_989_S196",1.54720469624562,0.154179341775107,0,"193","1","193",-0.437345687345019,0.30940030113816,-0.283166345569912,1.26403835067571,1.25743342968294
"194","S_9_S300",1.54720469624562,-0.187004335836151,0,"194","1","194",0.553347979134096,0.281768437329957,0.366343643297945,1.91354833954356,2.78315768371374
"195","S_1001_S52_L003",1.54720469624562,-0.100514061062588,0,"195","1","195",0.249923889804351,0.277912722733679,0.149409828741763,1.69661452498738,2.65914794847249
"196","S_1004_S75_L003",1.54720469624562,-0.218568829038709,0,"196","1","196",0.135237697952769,0.33927819398582,-0.0833311310859394,1.46387356515968,2.89250760851908
"197","S_1010_S144",1.54720469624562,-0.0631207792521361,0,"197","1","197",0.036748001576251,0.278841602593555,-0.0263727776758851,1.52083191856973,1.49534878122122
"198","S_1012_S150",1.54720469624562,-0.486971996003585,0,"198","1","198",0.959432091164965,0.338229599687218,0.47246009516138,2.019664791407,2.11474252688113
"199","S_1013_S145",1.54720469624562,-0.200694858868079,0,"199","1","199",-0.508942671528784,0.312615339260258,-0.709637530396863,0.837567165848755,1.49534878122122
"200","S_101_S15_L003",1.54720469624562,-0.205327849164787,0,"200","1","200",-0.00253641823548234,0.288973016422363,-0.207864267400269,1.33934042884535,1
"201","S_1020_S139",1.54720469624562,-0.0257259260210693,0,"201","1","201",0.227833527094634,0.317320507694968,0.202107601073565,1.74931229731918,1.22474487139159
"202","S_1022_S29",1.54720469624562,-0.126537806255073,0,"202","1","202",0.0816931463061176,0.283987416902501,-0.0448446599489551,1.50236003629666,2.23606797749979
"203","S_1029_S66_L003",1.54720469624562,-0.239865241928802,0,"203","1","203",-0.420704973640092,0.298839463463289,-0.660570215568894,0.886634480676724,0
"204","S_1030_S13",1.54720469624562,-0.259283714931508,0,"204","1","204",0.328360152246791,0.287108752897424,0.0690764373152832,1.6162811335609,2.34034731932072
"205","S_1036_S32",1.54720469624562,-0.0158965804652081,0,"205","1","205",0.487042872582624,0.297171085221903,0.471146292117416,2.01835098836303,1.77827941003892
"206","S_1041_S151",1.54720469624562,-0.0516173750235657,0,"206","1","206",0.508831718779024,0.272260437149446,0.457214343755459,2.00441904000108,2.89250760851908
"207","S_1053_S23",1.54720469624562,0.0288788853643404,0,"207","1","207",0.19923738036711,0.287453800854748,0.228116265731451,1.77532096197707,2.21336383940064
"208","S_1075_S38",1.54720469624562,-0.246202936742853,0,"208","1","208",0.287236457658383,0.281373671588891,0.0410335209155306,1.58823821716115,2.11474252688113
"209","S_1076_S167",1.54720469624562,-0.523070009358224,0,"209","1","209",-0.194937679169176,0.360810543965892,-0.7180076885274,0.829197007718218,2.34034731932072
"210","S_107_S16",1.54720469624562,-0.267012875368088,0,"210","1","210",0.358367547072812,0.323275552769864,0.0913546717047238,1.63855936795034,2.34034731932072
"211","S_1093_S116",1.54720469624562,0.0458400889207237,0,"211","1","211",0.409302703205917,0.293886141351536,0.455142792126641,2.00234748837226,2.34034731932072
"212","S_10_S169",1.54720469624562,-0.206446379516407,0,"212","1","212",-0.0380703758660913,0.278580133038809,-0.244516755382499,1.30268794086312,1.8612097182042
"213","S_1118_S92",1.54720469624562,-0.234902646077485,0,"213","1","213",-0.511758045253789,0.283072690105022,-0.746660691331275,0.800544004914344,1.49534878122122
"214","S_1125_S30_L003",1.54720469624562,-0.0713562355095476,0,"214","1","214",-1.07113145027945,0.282930025750321,-1.142487685789,0.404717010456619,0
"215","S_1134_S91",1.54720469624562,-0.165935129337542,0,"215","1","215",0.176514767366934,0.273838487442449,0.0105796380293922,1.55778433427501,1.31607401295249
"216","S_1138_S159",1.54720469624562,-0.478556682976526,0,"216","1","216",0.511644120633496,0.364237887293387,0.0330874376569702,1.58029213390259,2.34034731932072
"217","S_113_S7_L003",1.54720469624562,-0.346814457061629,0,"217","1","217",0.310856143336587,0.290163785034824,-0.0359583137250424,1.51124638252058,1.18920711500272
"218","S_1140_S60_L003",1.54720469624562,-0.160383701316954,0,"218","1","218",0.224085554228976,0.310507789846371,0.0637018529120219,1.61090654915764,2.05976714390712
"219","S_1154_S161",1.54720469624562,0.00764736289433228,0,"219","1","219",0.400809679843719,0.271389121834652,0.408457042738051,1.95566173898367,1.96798967126543
"220","S_1160_S11",1.54720469624562,-0.0701919960787208,0,"220","1","220",0.498968399205718,0.265885813018946,0.428776403126997,1.97598109937262,2.89250760851908
"221","S_1177_S24",1.54720469624562,0.00287034926011445,0,"221","1","221",0.199419295456223,0.317018880223051,0.202289644716337,1.74949434096196,1.77827941003892
"222","S_1179_S105",1.54720469624562,-0.151408589589491,0,"222","1","222",0.478128680794911,0.327588828420078,0.32672009120542,1.87392478745104,2.51486685936587
"223","S_1200_S164",1.54720469624562,-0.379482121129223,0,"223","1","223",0.245237296327768,0.339832403569491,-0.134244824801455,1.41295987144416,2.34034731932072
"224","S_1202_S72_L003",1.54720469624562,-0.0813224844599355,0,"224","1","224",0.118212898419424,0.321711024096578,0.0368904139594886,1.58409511020511,2.51486685936587
"225","S_1203_S53",1.54720469624562,-0.0533858751677796,0,"225","1","225",-0.362119667595107,0.290616984039801,-0.415505542762887,1.13169915348273,0
"226","S_1210_S120",1.54720469624562,-0.0613701013139969,0,"226","1","226",-0.433175264340922,0.2963227408848,-0.494545365654919,1.0526593305907,1.25743342968294
"227","S_1213_S95_L003",1.54720469624562,-0.314248473448304,0,"227","1","227",0.587924315092613,0.309574137248571,0.273675841644309,1.82088053788993,2.11474252688113
"228","S_122_S43_L003",1.54720469624562,-0.600192734617778,0,"228","1","228",0.572235399524806,0.407007330521189,-0.0279573350929725,1.51924736115265,1.56508458007329
"229","S_1247_S133",1.54720469624562,-0.246278320691279,0,"229","1","229",-0.0594318000630616,0.310317346182425,-0.30571012075434,1.24149457549128,0
"230","S_1257_S89",1.54720469624562,-0.224858732140433,0,"230","1","230",-0.384400165280306,0.297724810382184,-0.609258897420739,0.93794579882488,1.49534878122122
"231","S_125_S163",1.54720469624562,-0.307999755788801,0,"231","1","231",-1.35708226471294,0.283937955478618,-1.66508202050174,0,0
"232","S_1278_S20",1.54720469624562,-0.113425704696253,0,"232","1","232",-0.832944127719089,0.279490827938854,-0.946369832415342,0.600834863830276,0
"233","S_1287_S146",1.54720469624562,-0.130242096366928,0,"233","1","233",0.775226763011203,0.27918255551743,0.644984666644275,2.19218936288989,2.34034731932072
"234","S_1289_S164",1.54720469624562,0.0035822706674527,0,"234","1","234",0.301436668131725,0.321111131895031,0.305018938799177,1.8522236350448,2.21336383940064
"235","S_1308_S183",1.54720469624562,-0.332007980466946,0,"235","1","235",0.0899534572211184,0.353682882984796,-0.242054523245828,1.30515017299979,1.49534878122122
"236","S_1323_S36",1.54720469624562,-0.182118794786509,0,"236","1","236",-0.0209224597073648,0.29655468933723,-0.203041254493874,1.34416344175174,1.96798967126543
"237","S_1326_S53_L003",1.54720469624562,-0.150702628739677,0,"237","1","237",0.675776851801286,0.295940049005375,0.525074223061609,2.07227891930723,2.78315768371374
"238","S_132_S41",1.54720469624562,-0.360099851697207,0,"238","1","238",-0.758422824062592,0.278289611873463,-1.1185226757598,0.428682020485819,0
"239","S_1370_S76",1.54720469624562,-0.130697879444944,0,"239","1","239",-1.11808358283749,0.301959332142351,-1.24878146228243,0.298423233963186,0
"240","S_1374_S132",1.54720469624562,0.0663769718754485,0,"240","1","240",-0.90089319451944,0.302801069952718,-0.834516222643992,0.712688473601627,0
"241","S_1384_S78",1.54720469624562,-0.0269394484498389,0,"241","1","241",-0.645955635445705,0.263173302232624,-0.672895083895544,0.874309612350074,0
"242","S_1390_S94",1.54720469624562,-0.337429266955482,0,"242","1","242",-0.350945062605117,0.277939476001051,-0.688374329560599,0.858830366685019,2.65914794847249
"243","S_1393_S83_L003",1.54720469624562,-0.400991604695249,0,"243","1","243",-0.340116773082225,0.338214383370647,-0.741108377777475,0.806096318468144,0
"244","S_1395_S102",1.54720469624562,-0.394484499468641,0,"244","1","244",-0.235339471449202,0.359622464783755,-0.629823970917843,0.917380725327775,1.49534878122122
"245","S_1403_S130",1.54720469624562,-0.166720603843759,0,"245","1","245",-0.7620550454624,0.294243435497103,-0.928775649306159,0.618429046939459,1.31607401295249
"246","S_1405_S126",1.54720469624562,-0.253008113648384,0,"246","1","246",-1.1719116347123,0.281073553903927,-1.42491974836068,0.122284947884937,0
"247","S_1408_S17_L003",1.54720469624562,-0.184202860503097,0,"247","1","247",-0.117700363361395,0.278446369905152,-0.301903223864492,1.24530147238113,2.89250760851908
"248","S_1412_S125",1.54720469624562,-0.320812306879242,0,"248","1","248",-0.348974056471347,0.270573714407137,-0.669786363350589,0.877418332895029,0
"249","S_1413_S10_L003",1.54720469624562,-0.246097210997973,0,"249","1","249",-0.0966753982388119,0.2642068579419,-0.342772609236785,1.20443208700883,1.56508458007329
"250","S_141_S188",1.54720469624562,-0.20351093736424,0,"250","1","250",0.00656532624716097,0.275999102587697,-0.196945611117079,1.35025908512854,1
"251","S_1434_S73_L003",1.54720469624562,-0.199357473717591,0,"251","1","251",-0.481420918642421,0.28364018663285,-0.680778392360013,0.866426303885606,0
"252","S_1443_S64_L003",1.54720469624562,-0.14291879435435,0,"252","1","252",0.242999280649754,0.302888751344526,0.100080486295404,1.64728518254102,1.56508458007329
"253","S_1462_S171",1.54720469624562,-0.246852769536952,0,"253","1","253",0.12614405346207,0.290317853236636,-0.120708716074882,1.42649598017074,2.05976714390712
"254","S_1464_S64",1.54720469624562,-0.171648658746524,0,"254","1","254",0.110447696003153,0.266400109829734,-0.0612009627433712,1.48600373350225,1.25743342968294
"255","S_1467_S106",1.54720469624562,-0.0936678118595287,0,"255","1","255",-0.15238460563218,0.257313853358536,-0.246052417491709,1.30115227875391,1.56508458007329
"256","S_1468_S139",1.54720469624562,-0.230566999033255,0,"256","1","256",0.266649672358445,0.295625653488833,0.0360826733251905,1.58328736957081,1.56508458007329
"257","S_1479_S2_L003",1.54720469624562,-0.0198007978669688,0,"257","1","257",-0.328961276556096,0.274069279927116,-0.348762074423065,1.19844262182255,1.31607401295249
"258","S_147_S19",1.54720469624562,-0.126474702018247,0,"258","1","258",0.180028339017065,0.287047992657174,0.0535536369988178,1.60075833324444,1.49534878122122
"259","S_14_S3",1.54720469624562,-0.37539859490094,0,"259","1","259",-0.949478138637381,0.320291728910808,-1.32487673353832,0.222327962707297,0
"260","S_1506_S61",1.54720469624562,-0.191569352524008,0,"260","1","260",-0.554756370676566,0.283985495302854,-0.746325723200574,0.800878973045044,0
"261","S_1516_S148",1.54720469624562,-0.506510450115798,0,"261","1","261",0.181717537767499,0.405637394780982,-0.324792912348299,1.22241178389732,1.73205080756888
"262","S_151_S93",1.54720469624562,-0.178544563598777,0,"262","1","262",-0.560609008552943,0.276873391629448,-0.73915357215172,0.808051124093898,0
"263","S_1521_S18",1.54720469624562,-0.192497683926012,0,"263","1","263",0.237564329362546,0.321029491844295,0.0450666454365337,1.59227134168215,2.11474252688113
"264","S_1528_S47",1.54720469624562,0.0227785952330123,0,"264","1","264",0.296052900555418,0.30976803188125,0.318831495788431,1.86603619203405,2.11474252688113
"265","S_1531_S31_L003",1.54720469624562,-0.152258422843545,0,"265","1","265",-0.648781536763723,0.313424483963116,-0.801039959607268,0.74616473663835,0
"266","S_1532_S117",1.54720469624562,-0.407540941809109,0,"266","1","266",1.13201509439751,0.322940111566508,0.724474152588399,2.27167884883402,2.65914794847249
"267","S_1542_S44",1.54720469624562,-0.184522072598777,0,"267","1","267",-0.624267595182653,0.288018564108706,-0.80878966778143,0.738415028464188,0
"268","S_154_S162",1.54720469624562,-0.269627901588011,0,"268","1","268",0.188158742899579,0.298712555567589,-0.0814691586884315,1.46573553755719,1.65487545982344
"269","S_1552_S185",1.54720469624562,-0.0678228235571685,0,"269","1","269",0.139060962752937,0.269169666806115,0.0712381391957684,1.61844283544139,1.31607401295249
"270","S_1561_S52",1.54720469624562,-0.160579902155398,0,"270","1","270",0.170128812799411,0.255239340499635,0.00954891064401339,1.55675360688963,1.25743342968294
"271","S_1565_S74_L003",1.54720469624562,-0.1662769145505,0,"271","1","271",0.145171235747296,0.286432142969211,-0.0211056788032043,1.52609901744241,1.4142135623731
"272","S_1567_S13_L003",1.54720469624562,-0.181631787566319,0,"272","1","272",0.273940731295918,0.26908523847314,0.0923089437295991,1.63951363997522,1.49534878122122
"273","S_159_S190",1.54720469624562,-0.378471939090522,0,"273","1","273",0.47795312847407,0.306116288968276,0.0994811893835487,1.64668588562917,2.34034731932072
"274","S_1604_S168",1.54720469624562,-0.141644073111001,0,"274","1","274",0.228580445522994,0.282640761022107,0.0869363724119931,1.63414106865761,2.44948974278318
"275","S_1620_S26",1.54720469624562,-0.092518200603485,0,"275","1","275",-0.512450181937868,0.283281089335129,-0.604968382541353,0.942236313704266,0
"276","S_1651_S111",1.54720469624562,-0.169325771602864,0,"276","1","276",0.133194806161682,0.313765829478939,-0.0361309654411816,1.51107373080444,1.49534878122122
"277","S_1660_S143",1.54720469624562,-0.00835343208384475,0,"277","1","277",0.272857857707148,0.293904325197208,0.264504425623304,1.81170912186892,2.51486685936587
"278","S_1674_S49_L003",1.54720469624562,-0.19666476838823,0,"278","1","278",0.656639481343144,0.258380619728062,0.459974712954914,2.00717940920053,1.25743342968294
"279","S_1675_S175",1.54720469624562,-0.0671636297808619,0,"279","1","279",0.350285759977838,0.271621826281125,0.283122130196976,1.83032682644259,1.4142135623731
"280","S_1678_S107",1.54720469624562,-0.0697027165165026,0,"280","1","280",-0.248806249377775,0.281714838046163,-0.318508965894278,1.22869573035134,1.31607401295249
"281","S_1687_S90_L003",1.54720469624562,-0.269224132040342,0,"281","1","281",-0.354996536603315,0.318393834035504,-0.624220668643657,0.922984027601961,0
"282","S_1691_S141",1.54720469624562,-0.164114348922446,0,"282","1","282",-0.120871820769173,0.276749394451785,-0.284986169691619,1.262218526554,1.39157884185687
"283","S_1697_S147",1.54720469624562,-0.612084164424686,0,"283","1","283",0.107854633800359,0.435345770816949,-0.504229530624327,1.04297516562129,1.49534878122122
"284","S_169_S27",1.54720469624562,-0.214499585229718,0,"284","1","284",0.307272666682534,0.28637981200983,0.0927730814528159,1.63997777769843,1.31607401295249
"285","S_16_S56_L003",1.54720469624562,-0.195634007834515,0,"285","1","285",0.226063590358674,0.291498210175488,0.0304295825241596,1.57763427876978,2.23606797749979
"286","S_1725_S144",1.54720469624562,-0.492485780810342,0,"286","1","286",-0.0485225609156713,0.40175894359437,-0.541008341726013,1.0061963545196,0.840896415253715
"287","S_1727_S30",1.54720469624562,-0.16925928521551,0,"287","1","287",0.360347393753611,0.282665499923886,0.191088108538102,1.73829280478372,1.25743342968294
"288","S_1735_S172",1.54720469624562,0.21221320020293,0,"288","1","288",0.368539664018485,0.285531812562675,0.580752864221415,2.12795756046703,1.56508458007329
"289","S_1740_S146",1.54720469624562,-0.28841349691281,0,"289","1","289",0.641606026081634,0.308241512114143,0.353192529168825,1.90039722541444,1.91682931273882
"290","S_1747_S48_L003",1.54720469624562,-0.401000077679266,0,"290","1","290",0.26767003660067,0.319039783027492,-0.133330041078596,1.41387465516702,1.49534878122122
"291","S_1753_S75",1.54720469624562,-0.148368235130158,0,"291","1","291",0.229744456365644,0.27050256863842,0.081376221235486,1.6285809174811,1.49534878122122
"292","S_1755_S134",1.54720469624562,-0.453914341511549,0,"292","1","292",0.53884074874612,0.313665314503851,0.0849264072345705,1.63213110348019,1
"293","S_1757_S61_L003",1.54720469624562,-0.292548527436701,0,"293","1","293",0.295187263744679,0.314673120219272,0.00263873630797778,1.5498434325536,1.96798967126543
"294","S_177_S62",1.54720469624562,-0.256373262596918,0,"294","1","294",0.428701618035668,0.290282878495482,0.17232835543875,1.71953305168437,1.49534878122122
"295","S_1780_S45_L003",1.54720469624562,-0.336132471198275,0,"295","1","295",0.281508974470224,0.299157004676351,-0.0546234967280514,1.49258119951757,1.8612097182042
"296","S_1781_S84",1.54720469624562,-0.486532439382454,0,"296","1","296",0.0175211909315472,0.378879723939949,-0.469011248450907,1.07819344779471,1.96798967126543
"297","S_1783_S150",1.54720469624562,-0.397324583187048,0,"297","1","297",0.124282657486212,0.361796541441363,-0.273041925700836,1.27416277054478,0.840896415253715
"298","S_1799_S86",1.54720469624562,-0.297609449684518,0,"298","1","298",0.0913007364914415,0.278748361874095,-0.206308713193077,1.34089598305254,1.31607401295249
"299","S_1800_S14_L003",1.54720469624562,-0.127976037703692,0,"299","1","299",-0.432618331222962,0.285924667226817,-0.560594368926653,0.986610327318965,0
"300","S_1811_S148",1.54720469624562,-0.0863563872654265,0,"300","1","300",0.362977493381077,0.289556149112344,0.27662110611565,1.82382580236127,2.11474252688113
"301","S_181_S65",1.54720469624562,-0.352196227607275,0,"301","1","301",0.930818033952213,0.296286920730698,0.578621806344938,2.12582650259056,1.62657656169779
"302","S_1822_S37",1.54720469624562,-0.321177794796294,0,"302","1","302",0.197038256889828,0.298625011925986,-0.124139537906466,1.42306515833915,1.77827941003892
"303","S_1823_S3_L003",1.54720469624562,-0.142713196630552,0,"303","1","303",0.130222939471699,0.291954042727379,-0.0124902571588538,1.53471443908676,1
"304","S_1824_S180",1.54720469624562,-0.276256512043795,0,"304","2","  1",-0.191391037670613,0.282992478147937,-0.467647549714408,1.07955714653121,NA
"305","S_1828_S156",1.54720469624562,-0.20335113900547,0,"305","1","304",-0.0921933446022313,0.29173310782984,-0.295544483607701,1.25166021263792,1.18920711500272
"306","S_1834_S114",1.54720469624562,-0.174626437171565,0,"306","1","305",0.0790743086530725,0.277591148776058,-0.0955521285184924,1.45165256772713,1.77827941003892
"307","S_1835_S57",1.54720469624562,-0.359054882300525,0,"307","1","306",-0.115286589035621,0.324712919539272,-0.474341471336146,1.07286322490947,0
"308","S_1845_S34",1.54720469624562,-0.331381492684307,0,"308","1","307",0.609663643810817,0.32371898701701,0.27828215112651,1.82548684737213,2.51486685936587
"309","S_1855_S49",1.54720469624562,-0.334280095776953,0,"309","1","308",-0.360528105667611,0.29261232727931,-0.694808201444564,0.852396494801054,1
"310","S_1856_S51",1.54720469624562,-0.190762950045222,0,"310","1","309",0.00837586911099159,0.312300510002818,-0.182387080934231,1.36481761531139,0.840896415253715
"311","S_185_S72",1.54720469624562,-0.340995477311029,0,"311","1","310",-0.190853557834643,0.3146682372795,-0.531849035145672,1.01535566109995,0
"312","S_1861_S1_L003",1.54720469624562,-0.0778070361013849,0,"312","1","311",0.717361334269925,0.271979357419962,0.63955429816854,2.18675899441416,2.51486685936587
"313","S_1871_S186",1.54720469624562,-0.108690992544078,0,"313","1","312",0.357832656966552,0.296951888186011,0.249141664422474,1.79634636066809,1.73205080756888
"314","S_188_S79",1.54720469624562,-0.329892000786715,0,"314","1","313",-0.435678334919471,0.333061721893705,-0.765570335706186,0.781634360539432,1.18920711500272
"315","S_1909_S132",1.54720469624562,-0.215189267588734,0,"315","1","314",0.141568295327572,0.283352112488675,-0.0736209722611615,1.47358372398446,2.05976714390712
"316","S_190_S2",1.54720469624562,-0.309159575475576,0,"316","1","315",0.336913647521567,0.333339343617248,0.027754072045991,1.57495876829161,2.23606797749979
"317","S_1910_S23_L003",1.54720469624562,-0.0389076075134578,0,"317","1","316",-0.325971327459928,0.287567385967406,-0.364878934973385,1.18232576127223,1.49534878122122
"318","S_1921_S54",1.54720469624562,-0.2517450858054,0,"318","1","317",-0.140879697888189,0.280577651807339,-0.392624783693589,1.15457991255203,0
"319","S_1934_S21_L003",1.54720469624562,-0.171356676316418,0,"319","1","318",0.597098205133732,0.290187515935119,0.425741528817314,1.97294622506293,2.89250760851908
"320","S_1935_S15",1.54720469624562,-0.394863386555144,0,"320","1","319",0.414495877384748,0.331671645400868,0.0196324908296034,1.56683718707522,1.49534878122122
"321","S_1939_S59",1.54720469624562,-0.288873536995179,0,"321","1","320",0.331869896810847,0.352480390730171,0.0429963598156685,1.59020105606129,2.11474252688113
"322","S_1945_S21",1.54720469624562,-0.208669742021069,0,"322","1","321",0.263480887118403,0.290701021374556,0.0548111450973345,1.60201584134295,2.21336383940064
"323","S_1946_S184",1.54720469624562,-0.454185052596634,0,"323","1","322",0.17261058008992,0.32163561360983,-0.281574472506714,1.2656302237389,1.31607401295249
"324","S_1950_S66",1.54720469624562,-0.267750403925903,0,"324","1","323",-0.50346900854078,0.296952591520081,-0.771219412466682,0.775985283778936,0
"325","S_1955_S145",1.54720469624562,-0.573105902855947,0,"325","1","324",0.235717439897922,0.415363838226231,-0.337388462958025,1.20981623328759,1.45647531512197
"326","S_1956_S127",1.54720469624562,-0.382151307211652,0,"326","1","325",-0.0512989606098731,0.308420386204592,-0.433450267821525,1.11375442842409,0
"327","S_1971_S104",1.54720469624562,-0.524947920636847,0,"327","1","326",0.346241945424289,0.349008389724682,-0.178705975212559,1.36849872103306,2.11474252688113
"328","S_1998_S79_L003",1.54720469624562,-0.297500681269582,0,"328","1","327",-0.726104441893317,0.309293563896776,-1.0236051231629,0.523599573082719,0
"329","S_199_S59_L003",1.54720469624562,-0.403615007817544,0,"329","1","328",0.540419547748568,0.285610660476261,0.136804539931024,1.68400923617664,1
"330","S_1_S123",1.54720469624562,-0.33885314238089,0,"330","1","329",-0.370790646790924,0.273338785360083,-0.709643789171814,0.837560907073804,0
"331","S_2005_S22",1.54720469624562,-0.27747603792875,0,"331","1","330",-0.0443196407296179,0.270223489490145,-0.321795678658368,1.22540901758725,2.23606797749979
"332","S_2008_S85_L003",1.54720469624562,-0.0552932171772962,0,"332","1","331",0.24698839606295,0.311849687285889,0.191695178885654,1.73889987513127,1.31607401295249
"333","S_2025_S28",1.54720469624562,-0.443227946502648,0,"333","1","332",-0.545570077975475,0.320652376336352,-0.988798024478123,0.558406671767495,1.25743342968294
"334","S_2029_S18_L003",1.54720469624562,-0.0207895571264593,0,"334","1","333",-0.0879997530115351,0.268929183065044,-0.108789310137994,1.43841538610762,2.51486685936587
"335","S_2031_S70",1.54720469624562,-0.106439087729434,0,"335","1","334",-0.277846242426742,0.26497493910775,-0.384285330156176,1.16291936608944,0
"336","S_2038_S118",1.54720469624562,-0.286289424691542,0,"336","1","335",0.304927927794746,0.304361830969668,0.018638503103204,1.56584319934882,2.44948974278318
"337","S_2075_S187",1.54720469624562,-0.554052253078273,0,"337","1","336",-0.298253745095814,0.35137655454601,-0.852305998174086,0.694898698071532,0
"338","S_2076_S5_L003",1.54720469624562,-0.363130419088943,0,"338","1","337",-0.0516985865823361,0.288668387647376,-0.414829005671279,1.13237569057434,1.77827941003892
"339","S_2077_S82_L003",1.54720469624562,-0.214832946192854,0,"339","1","338",-0.423178685456098,0.276195498834918,-0.638011631648951,0.909193064596667,0.840896415253715
"340","S_2080_S6_L003",1.54720469624562,-0.277424682755848,0,"340","1","339",0.591489426333667,0.286545069673252,0.314064743577818,1.86126943982344,2.51486685936587
"341","S_2083_S65_L003",1.54720469624562,-0.0163707067950887,0,"341","1","340",0.159294215810269,0.287807514367057,0.142923509015181,1.6901282052608,1.31607401295249
"342","S_2089_S17",1.54720469624562,-0.487531118858136,0,"342","1","341",-0.163231472855189,0.345451373809533,-0.650762591713325,0.896442104532293,0
"343","S_2096_S54_L003",1.54720469624562,-0.438766187527333,0,"343","1","342",0.423717590014925,0.297504213906171,-0.0150485975124086,1.53215609873321,2.51486685936587
"344","S_2098_S191",1.54720469624562,-0.167238265073498,0,"344","1","343",0.336210556610721,0.258850792446914,0.168972291537223,1.71617698778284,1.31607401295249
"345","S_2108_S154",1.54720469624562,-0.560533241866264,0,"345","1","344",0.537921630960054,0.358063320725922,-0.0226116109062094,1.52459308533941,1.77827941003892
"346","S_210_S177",1.54720469624562,-0.146717646870437,0,"346","1","345",-0.375886812521823,0.279499703185943,-0.522604459392259,1.02460023685336,0
"347","S_2120_S134",1.54720469624562,-0.469910326931847,0,"347","1","346",0.0905132003509908,0.31769548448272,-0.379397126580856,1.16780756966476,0
"348","S_2124_S101",1.54720469624562,-0.163777037566251,0,"348","1","347",-0.756566769415772,0.267146842018072,-0.920343806982023,0.626860889263595,0
"349","S_2125_S140",1.54720469624562,-0.362049352319178,0,"349","1","348",-0.302300253452503,0.307152032196984,-0.664349605771682,0.882855090473936,0
"350","S_2126_S35",1.54720469624562,-0.226080554540565,0,"350","1","349",0.0152847486810805,0.270237364218674,-0.210795805859485,1.33640889038613,1.31607401295249
"351","S_212_S12",1.54720469624562,-0.00360667303229983,0,"351","1","350",-1.28587246379566,0.336526979670738,-1.28947913682796,0.257725559417657,0
"352","S_2130_S16_L003",1.54720469624562,-0.263935981099775,0,"352","1","351",0.0235699796151739,0.285624646574841,-0.240366001484602,1.30683869476102,1.96798967126543
"353","S_2138_S112",1.54720469624562,-0.325451705500201,0,"353","1","352",0.130277381452414,0.281509424852446,-0.195174324047788,1.35203037219783,2.23606797749979
"354","S_2139_S60",1.54720469624562,-0.334887301505719,0,"354","1","353",-0.208659500349011,0.282763362871554,-0.54354680185473,1.00365789439089,1.18920711500272
"355","S_2149_S9_L003",1.54720469624562,-0.279986444049244,0,"355","1","354",-0.4261715191982,0.276693953977803,-0.706157963247444,0.841046732998174,0
"356","S_2157_S122",1.54720469624562,-0.297496347017425,0,"356","1","355",-0.0229198563930399,0.311324695211817,-0.320416203410464,1.22678849283515,1.18920711500272
"357","S_2162_S4_L003",1.54720469624562,-0.381400577634716,0,"357","1","356",0.522821668536576,0.308559559549602,0.14142109090186,1.68862578714748,2.05976714390712
"358","S_2167_S81_L003",1.54720469624562,-0.412455857344397,0,"358","1","357",-0.0698134904336995,0.297905184827111,-0.482269347778097,1.06493534846752,0
"359","S_2177_S11_L003",1.54720469624562,-0.0620411266547784,0,"359","1","358",-0.0487884191164133,0.299631735032845,-0.110829545771192,1.43637515047443,1.25743342968294
"360","S_2194_S133",1.54720469624562,-0.168271206280383,0,"360","1","359",-0.0713657573099695,0.327306844135458,-0.239636963590352,1.30756773265527,1.8612097182042
"361","S_2195_S129",1.54720469624562,-0.23366166604239,0,"361","1","360",-0.314293004270063,0.29199129118524,-0.547954670312452,0.999250025933166,0
"362","S_2200_S5",1.54720469624562,-0.290173090469538,0,"362","1","361",-0.244451029036053,0.293667379489407,-0.534624119505591,1.01258057674003,0.562341325190349
"363","S_2224_S161",1.54720469624562,-0.327767017105054,0,"363","1","362",0.486920017175373,0.299346212367281,0.159153000070319,1.70635769631594,2.34034731932072
"364","S_2225_S110",1.54720469624562,-0.521504250445079,0,"364","1","363",-0.0499105536441095,0.410173889299079,-0.571414804089188,0.97578989215643,1.31607401295249
"365","S_2233_S80_L003",1.54720469624562,-0.183110114086789,0,"365","1","364",-0.0295072208716648,0.269873175257978,-0.212617334958454,1.33458736128716,1.56508458007329
"366","S_2277_S189",1.54720469624562,-0.531219078406457,0,"366","1","365",0.0844929292803832,0.347619463515307,-0.446726149126073,1.10047854711954,2.05976714390712
"367","S_228_S138",1.54720469624562,-0.16397611019186,0,"367","1","366",-0.206519844830285,0.334074725062677,-0.370495955022145,1.17670874122347,0.840896415253715
"368","S_2296_S115",1.54720469624562,-0.0526180158789945,0,"368","1","367",-0.382295566077357,0.306407288175944,-0.434913581956351,1.11229111428927,0
"369","S_229_S24_L003",1.54720469624562,-0.114770710185975,0,"369","1","368",0.706374623154746,0.312444246999022,0.59160391296877,2.13880860921439,1.96798967126543
"370","S_2316_S149",1.54720469624562,-0.295448157017942,0,"370","1","369",1.05847148550051,0.340444318167846,0.763023328482566,2.31022802472818,1
"371","S_2317_S77_L003",1.54720469624562,-0.202207593442928,0,"371","1","370",0.191974835394473,0.290568307586519,-0.0102327580484554,1.53697193819716,1.49534878122122
"372","S_2318_S85",1.54720469624562,0.166924983499694,0,"372","1","371",0.117064575228596,0.296695185839888,0.283989558728291,1.83119425497391,2.44948974278318
"373","S_2326_S100",1.54720469624562,-0.0917532323803883,0,"373","1","372",-0.557796763017446,0.279746189911173,-0.649549995397835,0.897654700847784,0
"374","S_2332_S35_L003",1.54720469624562,0.0894329904791519,0,"374","1","373",0.014410991393394,0.300995648343114,0.103843981872546,1.65104867811816,1.96798967126543
"375","S_2335_S96",1.54720469624562,-0.578014917797827,0,"375","1","374",-0.0576255818109913,0.418948651827239,-0.635640499608818,0.9115641966368,0
"376","S_2341_S56",1.54720469624562,0.06210723027153,0,"376","1","375",-0.757610420454881,0.286379359093349,-0.695503190183351,0.851701506062267,0
"377","S_2344_S156",1.54720469624562,-0.529904549868057,0,"377","1","376",-0.126233581368052,0.400338800673568,-0.656138131236109,0.891066565009509,0
"378","S_2346_S152",1.54720469624562,-0.207299386667703,0,"378","1","377",-0.516324063060667,0.29553801979855,-0.72362344972837,0.823581246517248,0
"379","S_2387_S147",1.54720469624562,-0.106121467929393,0,"379","1","378",0.323403026577963,0.330220007774477,0.217281558648571,1.76448625489419,1.18920711500272
"380","S_2397_S166",1.54720469624562,-0.332665451952148,0,"380","1","379",-0.346440390259184,0.279541071743623,-0.679105842211332,0.868098854034286,1.56508458007329
"381","S_255_S45",1.54720469624562,-0.498123939593527,0,"381","1","380",-0.192704711167453,0.360760543824158,-0.69082865076098,0.856376045484638,0
"382","S_256_S39_L003",1.54720469624562,-0.539239352970634,0,"382","1","381",0.0623115817260713,0.339859049427625,-0.476927771244563,1.07027692500106,0
"383","S_274_S192",1.54720469624562,-0.425624543975643,0,"383","1","382",-0.103602736491808,0.320407776551002,-0.529227280467451,1.01797741577817,0
"384","S_276_S74",1.54720469624562,-0.399960203780149,0,"384","1","383",-0.130417115072387,0.311523662704044,-0.530377318852536,1.01682737739308,1.49534878122122
"385","S_27_S7",1.54720469624562,-0.279003390353492,0,"385","1","384",-0.819139778278503,0.306202418500279,-1.098143168632,0.449061527613623,0.840896415253715
"386","S_285_1_S191",1.54720469624562,-0.226126979698004,0,"386","1","385",0.586861309609701,0.305866601924281,0.360734329911697,1.90793902615732,2.05976714390712
"387","S_289_S32_L003",1.54720469624562,-0.51573797695648,0,"387","1","386",-0.0935394555697882,0.36060774554085,-0.609277432526269,0.937927263719349,1.31607401295249
"388","S_292_S80",1.54720469624562,-0.240514255368404,0,"388","1","387",0.0236615701581302,0.30325518290244,-0.216852685210274,1.33035201103534,1.31607401295249
"389","S_295_S46_L003",1.54720469624562,-0.085221047660059,0,"389","1","388",0.129347518015812,0.362865053751548,0.0441264703557533,1.59133116660137,1.31607401295249
"390","S_297_S95",1.54720469624562,-0.135718396794853,0,"390","1","389",0.738264607537244,0.304664959513976,0.602546210742391,2.14975090698801,2.51486685936587
"391","S_302_S182",1.54720469624562,-0.0558951751430956,0,"391","1","390",0.0819439118911985,0.290571493897216,0.0260487367481029,1.57325343299372,2.11474252688113
"392","S_328_S179",1.54720469624562,-0.279002492552533,0,"392","1","391",-0.531295000094048,0.305629772090326,-0.810297492646582,0.736907203599036,1.56508458007329
"393","S_32_S152",1.54720469624562,-0.477535017483674,0,"393","1","392",-0.850661075422356,0.30687135483807,-1.32819609290603,0.219008603339587,0
"394","S_331_S25",1.54720469624562,-0.260958629277355,0,"394","1","393",-0.643943871374047,0.28585409730092,-0.904902500651401,0.642302195594217,0
"395","S_334_S137",1.54720469624562,-0.134508724389066,0,"395","1","394",-1.22187968826997,0.282500206809466,-1.35638841265903,0.190816283586583,0
"396","S_337_S8",1.54720469624562,0.024648982867924,0,"396","1","395",0.74304375618271,0.323830604396297,0.767692739050634,2.31489743529625,2.99069756244244
"397","S_339_S28_L003",1.54720469624562,-0.0740064717386132,0,"397","1","396",-0.276695437697035,0.274330582857742,-0.350701909435648,1.19650278680997,0
"398","S_341_S162",1.54720469624562,-0.337065586638996,0,"398","1","397",-0.126098079208397,0.34494864026343,-0.463163665847393,1.08404103039822,1.83142075074235
"399","S_344_S160",1.54720469624562,-0.445443883785079,0,"399","1","398",0.251979055782888,0.390621109848688,-0.193464828002191,1.35373986824343,1.56508458007329
"400","S_357_S87",1.54720469624562,-0.0125417065618804,0,"400","1","399",-0.669556640295153,0.277461378157851,-0.682098346857034,0.865106349388584,1.49534878122122
"401","S_371_S41_L003",1.54720469624562,-0.0120445202216003,0,"401","1","400",-0.0184652930139061,0.308383092114201,-0.0305098132355064,1.51669488301011,1
"402","S_373_S73",1.54720469624562,-0.288556750167467,0,"402","1","401",-0.533258296026274,0.317558744901941,-0.821815046193741,0.725389650051877,0
"403","S_377_S12_L003",1.54720469624562,-0.13482525856523,0,"403","1","402",0.199128547843145,0.271306638509274,0.0643032892779146,1.61150798552353,2.78315768371374
"404","S_385_S62_L003",1.54720469624562,-0.148949239478007,0,"404","1","403",-0.486078966300809,0.262576147726375,-0.635028205778816,0.912176490466802,2.23606797749979
"405","S_393_S135",1.54720469624562,-0.289610722567682,0,"405","2","  2",-0.343272621692499,0.298573776331951,-0.632883344260181,0.914321351985437,NA
"406","S_397_S176",1.54720469624562,-0.183826557511649,0,"406","1","404",-0.674984133250374,0.281682797636364,-0.858810690762022,0.688394005483596,1.18920711500272
"407","S_406_S140",1.54720469624562,-0.153365937835641,0,"407","1","405",0.164684111809897,0.284134279532882,0.0113181739742564,1.55852287021987,2.65914794847249
"408","S_407_S131",1.54720469624562,-0.315575894450513,0,"408","1","406",-1.03975297630441,0.287947797216811,-1.35532887075493,0.191875825490691,0
"409","S_413_S86_L003",1.54720469624562,-0.170794170970767,0,"409","1","407",-0.641574053508774,0.2714534692568,-0.81236822447954,0.734836471766078,0
"410","S_419_S1",1.54720469624562,-0.207694141625015,0,"410","1","408",0.00980865876228124,0.282368493214222,-0.197885482862734,1.34931921338288,1.49534878122122
"411","S_41_S124",1.54720469624562,-0.182375066293155,0,"411","1","409",-0.726087881768437,0.287011291738149,-0.908462948061593,0.638741748184026,0
"412","S_440_S128",1.54720469624562,-0.483771157440402,0,"412","1","410",-0.0764236869937401,0.334787467638914,-0.560194844434142,0.987009851811476,0
"413","S_450_S135",1.54720469624562,-0.191053764051904,0,"413","1","411",-0.24279776304062,0.292610807219901,-0.433851527092524,1.11335316915309,0.840896415253715
"414","S_453_S63",1.54720469624562,-0.351283927911578,0,"414","1","412",-0.0758273403594615,0.29313800672802,-0.42711126827104,1.12009342797458,0
"415","S_454_S71_L003",1.54720469624562,-0.182094661234115,0,"415","1","413",-0.111579222702351,0.271391030645344,-0.293673883936466,1.25353081230915,2.54572989502183
"416","S_469_S119",1.54720469624562,-0.17852121568839,0,"416","1","414",0.221030282266184,0.288096501105282,0.0425090665777947,1.58971376282341,2.89250760851908
"417","S_474_S89_L003",1.54720469624562,-0.551522688829592,0,"417","1","415",0.0405359733187517,0.41320313521606,-0.510986715510841,1.03621798073478,0
"418","S_481_S27_L003",1.54720469624562,-0.412972871863372,0,"418","1","416",-0.467806106511682,0.313629064066935,-0.880778978375054,0.666425717870564,0.840896415253715
"419","S_487_S31",1.54720469624562,-0.402536465899269,0,"419","1","417",0.0288510189754105,0.308330154368003,-0.373685446923858,1.17351924932176,1.49534878122122
"420","S_501_S43",1.54720469624562,-0.421107452704319,0,"420","1","418",-0.548070649653659,0.306180874238427,-0.969178102357979,0.57802659388764,0
"421","S_509_S109",1.54720469624562,-0.447996076540747,0,"421","1","419",-0.500233549770467,0.310223963070696,-0.948229626311214,0.598975069934404,0
"422","S_515_S58",1.54720469624562,-0.391210204982589,0,"422","1","420",-0.776229596060241,0.308724883740096,-1.16743980104283,0.379764895202788,0
"423","S_516_S138",1.54720469624562,-0.525093191537141,0,"423","1","421",-0.0643834715221334,0.382909641627404,-0.589476663059275,0.957728033186343,0
"424","S_517_S20_L003",1.54720469624562,-0.0527208406449006,0,"424","1","422",0.241141096216268,0.277196610274297,0.188420255571367,1.73562495181699,2.89250760851908
"425","S_522_S10",1.54720469624562,-0.18523249243396,0,"425","1","423",0.916543806763014,0.287760367883828,0.731311314329054,2.27851601057467,2.34034731932072
"426","S_524_S33_L003",1.54720469624562,-0.266816709124025,0,"426","1","424",-0.0646890439560323,0.282411657888795,-0.331505753080058,1.21569894316556,1.31607401295249
"427","S_528_S103",1.54720469624562,-0.30498386681667,0,"427","1","425",0.823972280183881,0.279845227847452,0.518988413367211,2.06619310961283,2.34034731932072
"428","S_533_S68",1.54720469624562,-0.405777038077907,0,"428","1","426",0.398912727066521,0.325952096218928,-0.00686431101138585,1.54034038523423,1.56508458007329
"429","S_537_S78_L003",1.54720469624562,-0.31369199342437,0,"429","1","427",0.752517044483603,0.300191973278546,0.438825051059233,1.98602974730485,2.78315768371374
"430","S_545_S69",1.54720469624562,-0.243786964811427,0,"430","1","428",-0.0353443239489575,0.286430641974653,-0.279131288760384,1.26807340748523,1.10668191970032
"431","S_565_S149",1.54720469624562,-0.319111398400142,0,"431","1","429",0.336946626641843,0.283245319270797,0.0178352282417006,1.56503992448732,2.05976714390712
"432","S_567_S165",1.54720469624562,-0.281898536139243,0,"432","1","430",-0.423146117400145,0.324332187909641,-0.705044653539388,0.84216004270623,0
"433","S_574_S155",1.54720469624562,-0.610216183829332,0,"433","1","431",-0.0355506103867631,0.432348932829973,-0.645766794216095,0.901437902029523,0
"434","S_591_S99",1.54720469624562,-0.308168409338133,0,"434","1","432",-0.115214997790588,0.308487782410107,-0.423383407128721,1.1238212891169,1.49534878122122
"435","S_5_S63_L003",1.54720469624562,-0.526598247239164,0,"435","1","433",0.189425064330303,0.387603950048876,-0.337173182908861,1.21003151333676,2.51486685936587
"436","S_629_S113",1.54720469624562,-0.0268175218658744,0,"436","1","434",-0.508037641478915,0.300650099127521,-0.534855163344789,1.01234953290083,1.77827941003892
"437","S_630_S51_L003",1.54720469624562,-0.172537496743782,0,"437","1","435",0.108992024576407,0.300996726164404,-0.0635454721673752,1.48365922407824,2.11474252688113
"438","S_631_S87_L003",1.54720469624562,0.0215562909847345,0,"438","1","436",-0.266814677127722,0.300985897781101,-0.245258386142987,1.30194631010263,1.96798967126543
"439","S_63_S170",1.54720469624562,-0.3042768842279,0,"439","1","437",0.399960057783969,0.301453318911434,0.0956831735560686,1.64288786980169,0
"440","S_640_S178",1.54720469624562,-0.1735680768335,0,"440","1","438",-0.664647791125637,0.300317058904341,-0.838215867959137,0.708988828286481,0
"441","S_646_S142",1.54720469624562,0.17836843261763,0,"441","1","439",-0.321119674519747,0.272720141632012,-0.142751241902118,1.4044534543435,1.25743342968294
"442","S_650_S129",1.54720469624562,-0.530309121457686,0,"442","1","440",0.0578469245029592,0.376588312552211,-0.472462196954726,1.07474249929089,2.17793858734643
"443","S_653_S6",1.54720469624562,0.0922797118264788,0,"443","1","441",0.947138864859542,0.300607387928506,1.03941857668602,2.58662327293164,2.34034731932072
"444","S_656_S181",1.54720469624562,0.0962752067472555,0,"444","1","442",0.376038229204599,0.284314019773109,0.472313435951854,2.01951813219747,2.34034731932072
"445","S_657_S154",1.54720469624562,-0.562752832503477,0,"445","1","443",0.417461197526952,0.430366620849965,-0.145291634976525,1.40191306126909,2.23606797749979
"446","S_658_S33",1.54720469624562,0.00714752879418942,0,"446","1","444",0.805344479561637,0.32895005541903,0.812492008355827,2.35969670460144,2.89250760851908
"447","S_65_S29_L003",1.54720469624562,-0.358543018317028,0,"447","1","445",0.776079084828079,0.305283740662986,0.417536066511051,1.96474076275667,2.11474252688113
"448","S_662_S98",1.54720469624562,-0.0484844005309449,0,"448","1","446",-0.188654525894742,0.291781927278178,-0.237138926425687,1.31006576981993,0.840896415253715
"449","S_673_S40_L003",1.54720469624562,-0.219379005805262,0,"449","1","447",0.246031671725922,0.306185715449447,0.0266526659206595,1.57385736216628,1.4142135623731
"450","S_674_S130",1.54720469624562,-0.0359883916107346,0,"450","1","448",-0.750498269948643,0.301706793818977,-0.786486661559378,0.760718034686241,0
"451","S_679_S9",1.54720469624562,-0.0309165466401904,0,"451","1","449",-0.553916136534889,0.273759883102312,-0.584832683175079,0.962372013070539,1.25743342968294
"452","S_685_S121",1.54720469624562,0.14326047196928,0,"452","1","450",0.00832702954810066,0.326188784555605,0.151587501517381,1.698792197763,1.31607401295249
"453","S_695_S46",1.54720469624562,0.133380400302276,0,"453","1","451",-0.359760819298932,0.300022433666924,-0.226380418996657,1.32082427724896,2.51486685936587
"454","S_696_S88",1.54720469624562,-0.0410166933542652,0,"454","1","452",0.152278107423701,0.268008452816461,0.111261414069436,1.65846611031505,2.34034731932072
"455","S_706_S108",1.54720469624562,0.0953146730202139,0,"455","1","453",-0.0618857802261442,0.313820942701792,0.0334288927940697,1.58063358903969,1.25743342968294
"456","S_711_S50",1.54720469624562,-0.0493538400575328,0,"456","1","454",0.164749374297063,0.320204532047199,0.115395534239531,1.66260023048515,1.49534878122122
"457","S_712_S136",1.54720469624562,0.148695554807678,0,"457","1","455",0.360935728502301,0.274530120869823,0.509631283309979,2.0568359795556,1.45647531512197
"458","S_713_S163",1.54720469624562,-0.370359667464781,0,"458","1","456",0.352245426113949,0.337401655643563,-0.018114241350832,1.52909045489479,1.77827941003892
"459","S_714_S34_L003",1.54720469624562,0.162678212337448,0,"459","1","457",0.172542068752599,0.334788113815125,0.335220281090047,1.88242497733567,1.56508458007329
"460","S_726_S69_L003",1.54720469624562,-0.0515220597489186,0,"460","1","458",0.661330726174978,0.285186790390302,0.609808666426059,2.15701336267168,2.78315768371374
"461","S_733_S67_L003",1.54720469624562,0.125692836234508,0,"461","1","459",-0.252795210845241,0.277563526318508,-0.127102374610733,1.42010232163489,1.25743342968294
"462","S_738_S39",1.54720469624562,0.141475775841874,0,"462","1","460",-4.50412395681388e-05,0.306279038005633,0.141430734602306,1.68863543084792,1.56508458007329
"463","S_758_S128",1.54720469624562,0.12546075391872,0,"463","1","461",0.335101453013758,0.314682383693102,0.460562206932478,2.0077669031781,2.65914794847249
"464","S_762_S173",1.54720469624562,0.185444931821268,0,"464","1","462",0.25916737180152,0.306990926825976,0.444612303622788,1.99181699986841,2.11474252688113
"465","S_764_S93_L003",1.54720469624562,0.31958821548119,0,"465","1","463",0.308919163012879,0.321478676546457,0.628507378494068,2.17571207473969,2.89250760851908
"466","S_765_S48",1.54720469624562,-0.0500206563740334,0,"466","1","464",-0.168135345686689,0.31931616446816,-0.218156002060722,1.3290486941849,1.31607401295249
"467","S_770_S57_L003",1.54720469624562,-0.290148487424648,0,"467","1","465",-0.0804492229486158,0.284024402317254,-0.370597710373264,1.17660698587235,1.4142135623731
"468","S_772_S58_L003",1.54720469624562,-0.0901787879366738,0,"468","1","466",-0.615105010277659,0.303328526703454,-0.705283798214333,0.841920898031286,0
"469","S_779_S94_L003",1.54720469624562,-0.422654838216173,0,"469","1","467",-0.412521770707639,0.318683175818932,-0.835176608923813,0.712028087321805,0
"470","S_7_S141",1.54720469624562,-0.335779388003228,0,"470","1","468",0.144613214379747,0.278325422681622,-0.191166173623481,1.35603852262214,1.31607401295249
"471","S_813_S44_L003",1.54720469624562,-0.0409125436936921,0,"471","1","469",0.592727189410906,0.274391604035314,0.551814645717214,2.09901934196283,2.23606797749979
"472","S_824_S40",1.54720469624562,0.12975321901982,0,"472","1","470",-0.613502417908081,0.310091295613389,-0.483749198888262,1.06345549735736,0
"473","S_825_S71",1.54720469624562,0.0177341914825768,0,"473","1","471",-1.08100582922105,0.314656262649634,-1.06327163773847,0.483933058507148,1.25743342968294
"474","S_826_S8_L003",1.54720469624562,-0.0607371553466105,0,"474","1","472",-0.251933697721084,0.278102356073435,-0.312670853067695,1.23453384317792,1.56508458007329
"475","S_837_S50_L003",1.54720469624562,0.183044986273616,0,"475","1","473",0.921666976084344,0.289640639849948,1.10471196235796,2.65191665860358,2.65914794847249
"476","S_83_S14",1.54720469624562,-0.101003492843117,0,"476","1","474",-0.0255062698876952,0.306519526788193,-0.126509762730813,1.42069493351481,0
"477","S_840_S88_L003",1.54720469624562,-0.00734588698393476,0,"477","1","475",0.327534074503374,0.272789129664674,0.320188187519439,1.86739288376506,1.77827941003892
"478","S_844_S151",1.54720469624562,-0.135683571155533,0,"478","1","476",-0.625809485007653,0.312062550664119,-0.761493056163187,0.785711640082432,0
"479","S_85_S36_L003",1.54720469624562,-0.484334864417046,0,"479","1","477",0.186974677959739,0.370696946130439,-0.297360186457306,1.24984450978831,1.18920711500272
"480","S_861_S22_L003",1.54720469624562,0.0881538946139433,0,"480","1","478",0.387545929423204,0.307999343965364,0.475699824037148,2.02290452028277,2.51486685936587
"481","S_865_S82",1.54720469624562,0.0561127877462257,0,"481","1","479",0.000353747044254255,0.295809351891282,0.05646653479048,1.6036712310361,1.77827941003892
"482","S_879_S97",1.54720469624562,0.0451989972891792,0,"482","1","480",-0.236154734730642,0.31003927007704,-0.190955737441463,1.35624895880416,1.31607401295249
"483","S_87_S81",1.54720469624562,-0.330689535772464,0,"483","1","481",0.159413349784576,0.290161026488042,-0.171276185987888,1.37592851025773,2.34034731932072
"484","S_885_S77",1.54720469624562,-0.0591148156305279,0,"484","1","482",0.0457523273096625,0.292450576239055,-0.0133624883208654,1.53384220792475,0.840896415253715
"485","S_901_S136",1.54720469624562,-0.413541395902624,0,"485","2","  3",0.0739330936015971,0.355898061032315,-0.339608302301027,1.20759639394459,NA
"486","S_932_S42_L003",1.54720469624562,-0.110798408482726,0,"486","1","483",-0.160058786030826,0.268489709697594,-0.270857194513552,1.27634750173207,1.31607401295249
"487","S_961_S70_L003",1.54720469624562,0.0162644876799644,0,"487","1","484",0.34812261101544,0.345828880208226,0.364387098695404,1.91159179494102,2.63214802590498
"488","S_962_S42",1.54720469624562,-0.136219550372855,0,"488","1","485",0.039235287423247,0.306605053826627,-0.0969842629496075,1.45022043329601,1.49534878122122
"489","S_972_S142",1.54720469624562,-0.471499138385703,0,"489","1","486",-0.159111800377154,0.376894172522323,-0.630610938762856,0.916593757482762,0
"490","S_978_S90",1.54720469624562,-0.155823479774447,0,"490","1","487",-0.435408976279073,0.360215716679051,-0.59123245605352,0.955972240192098,0
"491","S_983_S4",1.54720469624562,0.0680370820286078,0,"491","1","488",-0.720364049958979,0.318480769615422,-0.652326967930371,0.894877728315247,0
"492","S_993_S55",1.54720469624562,0.0956281646334262,0,"492","1","489",-0.380704785544622,0.313657795110973,-0.285076620911196,1.26212807533442,0.840896415253715
"493","NSW1201426",1.54720469624562,0.356109880646626,0,"493","2","  4",-0.252232084589638,0.176941515206235,0.103877796056988,1.65108249230261,NA
"494","NSW1212884",1.54720469624562,-0.00411642538044635,0,"494","2","  5",-0.370869364728163,0.198368660528044,-0.374985790108609,1.17221890613701,NA
"495","NSW1200541",1.54720469624562,0.280395489861359,0,"495","2","  6",0.108305384934352,0.194050267836048,0.388700874795712,1.93590557104133,NA
"496","NSW1190165",1.54720469624562,0.455949093386514,0,"496","2","  7",-0.343535517425107,0.203791639883167,0.112413575961407,1.65961827220703,NA
"497","NSW1166659",1.54720469624562,0.00720564158562867,0,"497","2","  8",-0.0699476693277092,0.20960099329783,-0.0627420277420805,1.48446266850354,NA
"498","NSW1213025",1.54720469624562,-0.0932725281461201,0,"498","2","  9",-0.232872370752563,0.195869707223415,-0.326144898898683,1.22105979734693,NA
"499","NSW1211446",1.54720469624562,0.428734157801983,0,"499","2"," 10",-0.369670543971468,0.188472784833311,0.0590636138305148,1.60626831007613,NA
"500","NSW1200628",1.54720469624562,0.423250250580761,0,"500","2"," 11",0.40319357996121,0.243488960957383,0.826443830541971,2.37364852678759,NA
"501","NSW1166664",1.54720469624562,0.129473613475268,0,"501","2"," 12",-0.107822250953098,0.227656946856575,0.0216513625221704,1.56885605876779,NA
"502","NSW1213021",1.54720469624562,0.143995472315883,0,"502","2"," 13",-0.280461365134892,0.213104050034297,-0.136465892819009,1.41073880342661,NA
"503","NSW1201391",1.54720469624562,0.428943083379208,0,"503","2"," 14",0.104619822291954,0.195003472619969,0.533562905671162,2.08076760191678,NA
"504","NSW1201419",1.54720469624562,0.409388216998852,0,"504","2"," 15",0.282231961622561,0.221135451728496,0.691620178621412,2.23882487486703,NA
"505","NSW1201415",1.54720469624562,0.409531687308172,0,"505","2"," 16",-0.0111106834287332,0.194146921509696,0.398421003879439,1.94562570012506,NA
"506","NSW1200364",1.54720469624562,0.066615762844679,0,"506","2"," 17",0.172560002905019,0.214605494957629,0.239175765749698,1.78638046199532,NA
"507","NSW1190167",1.54720469624562,0.383828553764151,0,"507","2"," 18",-0.350342699822751,0.222431833080262,0.0334858539413995,1.58069055018702,NA
"508","NSW1190204",1.54720469624562,0.353617414689669,0,"508","2"," 19",0.532604531843245,0.215633666484229,0.886221946532914,2.43342664277853,NA
"509","NSW1200834",1.54720469624562,0.62937396770445,0,"509","2"," 20",-0.61473716724437,0.193524479728601,0.0146368004600795,1.5618414967057,NA
"510","NSW1200533",1.54720469624562,0.491053582978789,0,"510","2"," 21",0.431077166052358,0.223225923106851,0.922130749031147,2.46933544527677,NA
"511","NSW1200414",1.54720469624562,0.413749365270824,0,"511","2"," 22",0.209741419392132,0.175536530953095,0.623490784662956,2.17069548090857,NA
"512","NSW1200759",1.54720469624562,0.33418742114762,0,"512","2"," 23",0.106300446482634,0.194950602117076,0.440487867630254,1.98769256387587,NA
"513","NSW1212889",1.54720469624562,-0.0670703692240717,0,"513","2"," 24",0.493373733236693,0.202813901960837,0.426303364012622,1.97350806025824,NA
"514","NSW1211427",1.54720469624562,-0.0510896066082143,0,"514","2"," 25",-0.315226509743532,0.249479032408193,-0.366316116351747,1.18088857989387,NA
"515","NSW1200379",1.54720469624562,0.450278235257881,0,"515","2"," 26",0.424088276164873,0.217779501000487,0.874366511422754,2.42157120766837,NA
"516","NSW1211455",1.54720469624562,0.335336231807513,0,"516","2"," 27",-0.364130757629155,0.195859191526668,-0.0287945258216423,1.51841017042398,NA
"517","NSW1213033",1.54720469624562,-0.0668291831465195,0,"517","2"," 28",-0.221746214262399,0.206072199381254,-0.288575397408919,1.2586292988367,NA
"518","NSW1212980",1.54720469624562,-0.0477067963972077,0,"518","2"," 29",0.0435046827280408,0.178227167424962,-0.00420211366916698,1.54300258257645,NA
"519","NSW1190213",1.54720469624562,0.0593879282512325,0,"519","2"," 30",0.485125426417411,0.199423355616271,0.544513354668643,2.09171805091426,NA
"520","NSW1201416",1.54720469624562,0.502073241554021,0,"520","2"," 31",-0.145068912760296,0.195947474591375,0.357004328793726,1.90420902503934,NA
"521","NSW1200418",1.54720469624562,0.0265030089402083,0,"521","2"," 32",0.497982738620445,0.226293361315319,0.524485747560653,2.07169044380627,NA
"522","NSW1211456",1.54720469624562,0.521054194044558,0,"522","2"," 33",-0.31523534725663,0.226250334963298,0.205818846787928,1.75302354303355,NA
"523","NSW1211564",1.54720469624562,0.443992788326469,0,"523","2"," 34",0.336045069910067,0.238306620611528,0.780037858236536,2.32724255448215,NA
"524","NSW1213016",1.54720469624562,0.0664275232084988,0,"524","2"," 35",-0.44284691107541,0.2158069152578,-0.376419387866911,1.17078530837871,NA
"525","NSW1211583",1.54720469624562,0.241211180789076,0,"525","2"," 36",0.132603136614321,0.178630874979812,0.373814317403397,1.92101901364902,NA
"526","NSW1200839",1.54720469624562,0.605107959442056,0,"526","2"," 37",-0.517295475809083,0.208064691375541,0.0878124836329727,1.63501717987859,NA
"527","NSW1211565",1.54720469624562,0.307824496317619,0,"527","2"," 38",-0.441800076844044,0.187843800777963,-0.133975580526424,1.41322911571919,NA
"528","NSW1200425",1.54720469624562,0.0445086724401372,0,"528","2"," 39",0.155029994274208,0.191647746051134,0.199538666714345,1.74674336295996,NA
"529","NSW1200662",1.54720469624562,0.31564909605594,0,"529","2"," 40",0.0396687008167455,0.202599433137533,0.355317796872685,1.9025224931183,NA
"530","NSW1166655",1.54720469624562,0.236137918685223,0,"530","2"," 41",0.259694533927456,0.188934063810489,0.495832452612678,2.0430371488583,NA
"531","NSW1212948",1.54720469624562,-0.15301641404942,0,"531","2"," 42",0.0945740299415884,0.205960083185518,-0.0584423841078319,1.48876231213779,NA
"532","NSW1200528",1.54720469624562,0.552294459321923,0,"532","2"," 43",-0.0112084540405817,0.208765656669495,0.541086005281342,2.08829070152696,NA
"533","NSW1200563",1.54720469624562,0.535913066262576,0,"533","2"," 44",0.026787055053406,0.204278904483397,0.562700121315982,2.1099048175616,NA
"534","NSW1200351",1.54720469624562,0.068273147546548,0,"534","2"," 45",0.0679007869569316,0.194352555854727,0.13617393450348,1.6833786307491,NA
"535","NSW1213015",1.54720469624562,0.00360878595212963,0,"535","2"," 46",0.10263018255492,0.223624751685991,0.10623896850705,1.65344366475267,NA
"536","NSW1200394",1.54720469624562,0.189300688079113,0,"536","2"," 47",0.298644688173436,0.204561823624882,0.48794537625255,2.03515007249817,NA
"537","NSW1213011",1.54720469624562,0.101530157026595,0,"537","2"," 48",0.744109612450465,0.192871531025109,0.84563976947706,2.39284446572268,NA
"538","NSW1200664",1.54720469624562,0.280653246909392,0,"538","2"," 49",-0.102726377758212,0.182554006561052,0.17792686915118,1.7251315653968,NA
"539","NSW1201655",1.54720469624562,0.516336709767458,0,"539","2"," 50",-0.347317454986604,0.183613539509386,0.169019254780855,1.71622395102647,NA
"540","NSW1200536",1.54720469624562,0.252095569995275,0,"540","2"," 51",-0.035514207017537,0.217297535984569,0.216581362977738,1.76378605922336,NA
"541","NSW1212943",1.54720469624562,0.0227334873512723,0,"541","2"," 52",0.410956897442947,0.199145258858329,0.433690384794219,1.98089508103984,NA
"542","NSW1200559",1.54720469624562,0.232449597558137,0,"542","2"," 53",-0.381391932831107,0.219503959730496,-0.148942335272971,1.39826236097265,NA
"543","NSW1200558",1.54720469624562,0.592953309403882,0,"543","2"," 54",-0.0712207991819748,0.237387370645168,0.521732510221907,2.06893720646753,NA
"544","NSW1200524",1.54720469624562,0.385767980421426,0,"544","2"," 55",0.0813220054811039,0.222072790532316,0.46708998590253,2.01429468214815,NA
"545","NSW1212795",1.54720469624562,-0.028118760491751,0,"545","2"," 56",0.0680469442157814,0.189953684742959,0.0399281837240304,1.58713287996965,NA
"546","NSW1200787",1.54720469624562,0.385463088464034,0,"546","2"," 57",0.24834488864229,0.192160696081195,0.633807977106325,2.18101267335194,NA
"547","NSW1200776",1.54720469624562,0.322186127806903,0,"547","2"," 58",0.611469197861136,0.162642731835746,0.933655325668039,2.48086002191366,NA
"548","NSW1190216",1.54720469624562,0.342821387767706,0,"548","2"," 59",0.315953107897096,0.249390492006502,0.658774495664802,2.20597919191042,NA
"549","NSW1201495",1.54720469624562,0.489062126851991,0,"549","2"," 60",0.431332753716326,0.200366242903275,0.920394880568317,2.46759957681394,NA
"550","NSW1211582",1.54720469624562,0.433622428880466,0,"550","2"," 61",-0.0785373863571123,0.200073634079462,0.355085042523354,1.90228973876897,NA
"551","NSW1200362",1.54720469624562,0.399303902635017,0,"551","2"," 62",0.399042787695969,0.233740232398943,0.798346690330985,2.3455513865766,NA
"552","NSW1212987",1.54720469624562,-0.610166642443346,0,"552","2"," 63",0.251375342677188,0.392837462732732,-0.358791299766159,1.18841339647946,NA
"553","NSW1190194",1.54720469624562,0.242416522582488,0,"553","2"," 64",-0.0333433456014246,0.240644823310244,0.209073176981063,1.75627787322668,NA
"554","NSW1213030",1.54720469624562,0.300087447119955,0,"554","2"," 65",-0.440527602383313,0.187923002896568,-0.140440155263358,1.40676454098226,NA
"555","NSW1190199",1.54720469624562,0.484940616188894,0,"555","2"," 66",0.357837661622146,0.206282334349233,0.84277827781104,2.38998297405666,NA
"556","NSW1200372",1.54720469624562,0.343269668533019,0,"556","2"," 67",0.680045528500007,0.24699418864069,1.02331519703303,2.57051989327864,NA
"557","NSW1211445",1.54720469624562,0.494465101814695,0,"557","2"," 68",0.127517861506035,0.209525311081977,0.62198296332073,2.16918765956635,NA
"558","NSW1211558",1.54720469624562,0.284409947078408,0,"558","2"," 69",0.371102851965511,0.236773995888438,0.655512799043919,2.20271749528954,NA
"559","NSW1200764",1.54720469624562,-0.105118837999796,0,"559","2"," 70",-0.617045557523992,0.222210873845356,-0.722164395523789,0.825040300721829,NA
"560","NSW1200848",1.54720469624562,0.306718322980761,0,"560","2"," 71",0.378300919620845,0.207829322122047,0.685019242601606,2.23222393884722,NA
"561","NSW1200661",1.54720469624562,0.157679365949433,0,"561","2"," 72",-0.153028358726698,0.19375024714809,0.00465100722273507,1.55185570346835,NA
"562","NSW1211440",1.54720469624562,0.538741742727832,0,"562","2"," 73",0.0386230624767122,0.231201533059705,0.577364805204544,2.12456950145016,NA
"563","NSW1200356",1.54720469624562,0.231893983804054,0,"563","2"," 74",0.478235436423031,0.214585950528134,0.710129420227085,2.2573341164727,NA
"564","NSW1212992",1.54720469624562,-0.11191697030113,0,"564","2"," 75",0.345362505534896,0.252932802497589,0.233445535233765,1.78065023147938,NA
"565","NSW1200905",1.54720469624562,0.514401224337947,0,"565","2"," 76",0.333999711080534,0.186891504091421,0.848400935418481,2.3956056316641,NA
"566","NSW1200357",1.54720469624562,0.277317927838839,0,"566","2"," 77",0.479623929530055,0.191278197005046,0.756941857368894,2.30414655361451,NA
"567","NSW1200799",1.54720469624562,0.421801854617166,0,"567","2"," 78",-0.515236656878842,0.190580246573896,-0.0934348022616762,1.45376989398394,NA
"568","NSW1166442",1.54720469624562,0.0188875080093538,0,"568","2"," 79",0.000175434850384595,0.200073505935087,0.0190629428597384,1.56626763910536,NA
"569","NSW1200539",1.54720469624562,0.423542766162052,0,"569","2"," 80",-0.467823772538328,0.186016497340048,-0.0442810063762764,1.50292368986934,NA
"570","NSW1200543",1.54720469624562,-0.172311590379634,0,"570","2"," 81",0.0282422987639971,0.326018582192468,-0.144069291615637,1.40313540462998,NA
"571","NSW1200529",1.54720469624562,0.496377848644411,0,"571","2"," 82",-0.102201283666542,0.1934847305358,0.394176564977869,1.94138126122349,NA
"572","NSW1212866",1.54720469624562,-0.0333162521156393,0,"572","2"," 83",-0.318817005581481,0.199960665452125,-0.35213325769712,1.1950714385485,NA
"573","NSW1200873",1.54720469624562,0.269308294049139,0,"573","2"," 84",0.529038256478347,0.183062992115228,0.798346550527486,2.3455512467731,NA
"574","NSW1211541",1.54720469624562,0.145203880341454,0,"574","2"," 85",0.268630906968805,0.219683751540511,0.413834787310259,1.96103948355588,NA
"575","NSW1190198",1.54720469624562,0.387557423068133,0,"575","2"," 86",0.208874988565838,0.235147856525369,0.59643241163397,2.14363710787959,NA
"576","NSW1213013",1.54720469624562,-0.100348366695377,0,"576","2"," 87",0.10840349669915,0.190683084463665,0.00805513000377292,1.55525982624939,NA
"577","NSW1212970",1.54720469624562,-0.210085331004131,0,"577","2"," 88",0.493127577193089,0.237597519082839,0.283042246188958,1.83024694243458,NA
"578","NSW1212997",1.54720469624562,0.174236307098707,0,"578","2"," 89",-0.432424624152618,0.182471172910978,-0.258188317053911,1.28901637919171,NA
"579","NSW1211508",1.54720469624562,0.314920900369379,0,"579","2"," 90",0.582517691234226,0.226876530380589,0.897438591603605,2.44464328784922,NA
"580","NSW1211552",1.54720469624562,0.393141878360588,0,"580","2"," 91",0.576004133336336,0.175053029569098,0.969146011696924,2.51635070794254,NA
"581","NSW1211442",1.54720469624562,0.458750358023091,0,"581","2"," 92",0.0600959220190304,0.206300062330991,0.518846280042122,2.06605097628774,NA
"582","NSW1211451",1.54720469624562,0.480571032591517,0,"582","2"," 93",0.0492249729887255,0.212154812340282,0.529796005580243,2.07700070182586,NA
"583","NSW1194456",1.54720469624562,0.246616912669706,0,"583","2"," 94",0.0462491284831461,0.192408962383347,0.292866041152852,1.84007073739847,NA
"584","NSW1211546",1.54720469624562,0.215480290071768,0,"584","2"," 95",0.514927089780152,0.187590503772414,0.730407379851921,2.27761207609754,NA
"585","NSW1213001",1.54720469624562,-0.0125321803097431,0,"585","2"," 96",-0.0800392067051984,0.209710888618402,-0.0925713870149416,1.45463330923068,NA
"586","NSW1201431",1.54720469624562,0.340207015999435,0,"586","2"," 97",-0.0973783895695686,0.203226646731944,0.242828626429867,1.79003332267548,NA
"587","NSW1211568",1.54720469624562,0.340079244972175,0,"587","2"," 98",0.083199179671117,0.219589883300723,0.423278424643292,1.97048312088891,NA
"588","NSW1211441",1.54720469624562,0.455311974188161,0,"588","2"," 99",-0.0461829271279285,0.1987023728535,0.409129047060232,1.95633374330585,NA
"589","NSW1190206",1.54720469624562,0.489983144098506,0,"589","2","100",0.320905417303717,0.220046192937095,0.810888561402223,2.35809325764784,NA
"590","NSW1200389",1.54720469624562,0.174941173501192,0,"590","2","101",0.593284037107412,0.171003305230229,0.768225210608604,2.31542990685422,NA
"591","NSW1211534",1.54720469624562,0.0366915976680373,0,"591","2","102",0.430023173103219,0.209143102086112,0.466714770771256,2.01391946701687,NA
"592","NSW1200346",1.54720469624562,0.142235744153242,0,"592","2","103",0.353169546943305,0.208510731525869,0.495405291096547,2.04260998734217,NA
"593","NSW1200505",1.54720469624562,0.335830673882266,0,"593","2","104",0.102483159947852,0.199155568108552,0.438313833830117,1.98551853007574,NA
"594","NSW1200511",1.54720469624562,0.313202811956992,0,"594","2","105",0.167312505578324,0.185779905444808,0.480515317535316,2.02772001378093,NA
"595","NSW1212790",1.54720469624562,0.0618110999830992,0,"595","2","106",-0.862833086516405,0.191136985053019,-0.801021986533306,0.746182709712312,NA
"596","NSW1200361",1.54720469624562,0.0795420711503647,0,"596","2","107",-0.0457795843672736,0.229130251968303,0.0337624867830912,1.58096718302871,NA
"597","NSW1200514",1.54720469624562,0.423500488512639,0,"597","2","108",-0.159750017002424,0.187797221456233,0.263750471510215,1.81095516775583,NA
"598","NSW1200774",1.54720469624562,0.27196815056611,0,"598","2","109",-0.0646341891813125,0.212730853932738,0.207333961384798,1.75453865763042,NA
"599","NSW1212985",1.54720469624562,0.000192422364967304,0,"599","2","110",-0.163406865774376,0.189393056419032,-0.163214443409409,1.38399025283621,NA
"600","NSW1201411",1.54720469624562,0.612519343589199,0,"600","2","111",-0.374570493707299,0.216045384121817,0.237948849881901,1.78515354612752,NA
"601","NSW1200352",1.54720469624562,0.0451338071514849,0,"601","2","112",-0.161505102327168,0.190599794779065,-0.116371295175683,1.43083340106994,NA
"602","NSW1211570",1.54720469624562,0.185157775459268,0,"602","2","113",0.0561421561199083,0.247264359691358,0.241299931579176,1.78850462782479,NA
"603","NSW1200549",1.54720469624562,0.374109979908988,0,"603","2","114",-0.451698260064353,0.21119227269923,-0.0775882801553645,1.46961641609025,NA
"604","NSW1200384",1.54720469624562,0.173736161844167,0,"604","2","115",0.368671399967207,0.195325220735298,0.542407561811374,2.08961225805699,NA
"605","NSW1211577",1.54720469624562,0.0230129568232331,0,"605","2","116",0.29312750725509,0.219289571167161,0.316140464078324,1.86334516032394,NA
"606","NSW1200347",1.54720469624562,0.229353796699615,0,"606","2","117",-0.120535141676007,0.219995108630861,0.108818655023608,1.65602335126923,NA
"607","NSW1200829",1.54720469624562,0.629286460058237,0,"607","2","118",-0.611942134039084,0.192177317767363,0.0173443260191531,1.56454902226477,NA
"608","NSW1200657",1.54720469624562,0.053774174741254,0,"608","2","119",0.26347866805104,0.222107389502786,0.317252842792294,1.86445753903791,NA
"609","NSW1212977",1.54720469624562,0.0133867121372635,0,"609","2","120",-0.464017640785681,0.210529256881554,-0.450630928648417,1.0965737675972,NA
"610","NSW1201414",1.54720469624562,0.57045984141806,0,"610","2","121",-0.0585703362364694,0.190125833606236,0.51188950518159,2.05909420142721,NA
"611","NSW1200509",1.54720469624562,0.391877140665323,0,"611","2","122",-0.0500330099680475,0.247772445744343,0.341844130697276,1.88904882694289,NA
"612","NSW1200521",1.54720469624562,0.259458398940815,0,"612","2","123",-0.0423629379537461,0.181122010172019,0.217095460987069,1.76430015723269,NA
"613","NSW1201631",1.54720469624562,0.429714511725179,0,"613","2","124",-0.543549607750458,0.191374697370279,-0.113835096025279,1.43336960022034,NA
"614","NSW1212856",1.54720469624562,0.189252562481794,0,"614","2","125",-0.248119275272247,0.181701333837075,-0.0588667127904526,1.48833798345517,NA
"615","NSW1200647",1.54720469624562,0.409152318804918,0,"615","2","126",0.427022637214509,0.193006003497796,0.836174956019427,2.38337965226505,NA
"616","NSW1201396",1.54720469624562,0.270216774406146,0,"616","2","127",0.26236821589229,0.197246199893791,0.532584990298436,2.07978968654405,NA
"617","NSW1200554",1.54720469624562,0.388462254209212,0,"617","2","128",-0.316640043417528,0.180065428994872,0.0718222107916837,1.6190269070373,NA
"618","NSW1200544",1.54720469624562,0.349947086611168,0,"618","2","129",-1.14984044575339,0.22872004852356,-0.799893359142221,0.747311337103397,NA
"619","NSW1200429",1.54720469624562,-0.586963782156443,0,"619","2","130",0.181395126257655,0.380076187795323,-0.405568655898788,1.14163604034683,NA
"620","NSW1190190",1.54720469624562,0.285810021165457,0,"620","2","131",0.101577783342055,0.192374698785615,0.387387804507512,1.93459250075313,NA
"621","NSW1200428",1.54720469624562,0.0114454113981038,0,"621","2","132",-0.175338554405669,0.198210622364416,-0.163893143007565,1.38331155323805,NA
"622","NSW1190183",1.54720469624562,0.0888816134078873,0,"622","2","133",0.138814600439219,0.215069261933649,0.227696213847107,1.77490091009272,NA
"623","NSW1201400",1.54720469624562,0.402381485544166,0,"623","2","134",0.139788372714927,0.221031171741935,0.542169858259092,2.08937455450471,NA
"624","NSW1166447",1.54720469624562,0.0670866499993083,0,"624","2","135",-0.407093548532095,0.182252310399336,-0.340006898532787,1.20719779771283,NA
"625","NSW1190182",1.54720469624562,0.135685151141257,0,"625","2","136",0.0315958058600255,0.215531421765481,0.167280957001282,1.7144856532469,NA
"626","NSW1200666",1.54720469624562,0.172379856960353,0,"626","2","137",-0.126933836548205,0.193625940613359,0.0454460204121472,1.59265071665777,NA
"627","NSW1190168",1.54720469624562,0.412527883665636,0,"627","2","138",-0.240230942254236,0.189452778321663,0.1722969414114,1.71950163765702,NA
"628","NSW1201641",1.54720469624562,0.429587913353941,0,"628","2","139",-0.530722322881846,0.191412499862744,-0.101134409527906,1.44607028671771,NA
"629","NSW1194450",1.54720469624562,0.290443506064999,0,"629","2","140",-0.359710919926111,0.217405630492256,-0.0692674138611125,1.47793728238451,NA
"630","NSW1211020",1.54720469624562,0.117099716528699,0,"630","2","141",-0.14396049291459,0.192141829766132,-0.026860776385891,1.52034391985973,NA
"631","NSW1200545",1.54720469624562,0.229700755412986,0,"631","2","142",0.0120213917021057,0.194330254845009,0.241722147115092,1.78892684336071,NA
"632","NSW1200373",1.54720469624562,0.175338311690596,0,"632","2","143",-0.537125872288821,0.214407324914828,-0.361787560598225,1.18541713564739,NA
"633","NSW1211526",1.54720469624562,0.362472622764961,0,"633","2","144",-0.0481832706674493,0.208907859003548,0.314289352097512,1.86149404834313,NA
"634","NSW1212995",1.54720469624562,0.200155416571328,0,"634","2","145",0.679662888681383,0.209308413054374,0.879818305252711,2.42702300149833,NA
"635","NSW1212990",1.54720469624562,0.0162089876294939,0,"635","2","146",-0.0863682188818322,0.173945084999496,-0.0701592312523384,1.47704546499328,NA
"636","NSW1190212",1.54720469624562,0.384445999457786,0,"636","2","147",0.464597189723756,0.212203122693501,0.849043189181541,2.39624788542716,NA
"637","NSW1200895",1.54720469624562,0.364263676694156,0,"637","2","148",0.64017180229822,0.220943630259877,1.00443547899238,2.55164017523799,NA
"638","NSW1211539",1.54720469624562,0.243564633831136,0,"638","2","149",-0.21195979259703,0.19447197409694,0.0316048412341058,1.57880953747972,NA
"639","NSW1200817",1.54720469624562,0.349925179262335,0,"639","2","150",-0.202435749549342,0.202782769007981,0.147489429712992,1.69469412595861,NA
"640","NSW1200388",1.54720469624562,0.216081074914357,0,"640","2","151",-0.0997567514469195,0.235297213808635,0.116324323467438,1.66352901971306,NA
"641","NSW1200807",1.54720469624562,0.334705182354273,0,"641","2","152",0.0185263249327149,0.181615469644057,0.353231507286988,1.90043620353261,NA
"642","NSW1200420",1.54720469624562,0.0738097392328041,0,"642","2","153",-0.0377226670887486,0.219231966880981,0.0360870721440556,1.58329176838967,NA
"643","NSW1213005",1.54720469624562,-0.0586880976329657,0,"643","2","154",-0.245273289671824,0.1936584738174,-0.303961387304789,1.24324330894083,NA
"644","NSW1211533",1.54720469624562,0.139650558160777,0,"644","2","155",0.164639483450968,0.21306485553477,0.304290041611745,1.85149473785736,NA
"645","NSW1212991",1.54720469624562,0.0274959206365269,0,"645","2","156",0.456693398747878,0.242761721328581,0.484189319384405,2.03139401563002,NA
"646","NSW1201650",1.54720469624562,0.415264450485991,0,"646","2","157",0.00619722672428652,0.242069919395712,0.421461677210278,1.9686663734559,NA
"647","NSW1213020",1.54720469624562,-0.0581654347714586,0,"647","2","158",0.183371545005932,0.21686041847653,0.125206110234474,1.67241080648009,NA
"648","NSW1190163",1.54720469624562,0.305682417706867,0,"648","2","159",0.257693348235602,0.218775677887357,0.563375765942469,2.11058046218809,NA
"649","NSW1200466",1.54720469624562,0.332264750897296,0,"649","2","160",0.179316300098017,0.200288059090752,0.511581050995313,2.05878574724093,NA
"650","NSW1200623",1.54720469624562,0.375472613861899,0,"650","2","161",-0.145391853819335,0.227884354446803,0.230080760042564,1.77728545628818,NA
"651","NSW1211511",1.54720469624562,0.109762045003043,0,"651","2","162",-0.193136804932829,0.19990186608813,-0.0833747599297862,1.46382993631583,NA
"652","NSW1200371",1.54720469624562,0.270225519061623,0,"652","2","163",0.0243971038361909,0.236839578431054,0.294622622897814,1.84182731914343,NA
"653","NSW1211592",1.54720469624562,0.318434092738345,0,"653","2","164",-0.491426617010741,0.237378200234975,-0.172992524272395,1.37421217197322,NA
"654","NSW1212785",1.54720469624562,-0.0664013478660813,0,"654","2","165",0.121395772683929,0.199801665984054,0.0549944248178478,1.60219912106347,NA
"655","NSW1201616",1.54720469624562,0.429714511725179,0,"655","2","166",-0.543549607750458,0.191374697370279,-0.113835096025279,1.43336960022034,NA
"656","NSW1212959",1.54720469624562,0.0716275710728633,0,"656","2","167",0.281125286320008,0.207956925090088,0.352752857392871,1.89995755363849,NA
"657","NSW1213034",1.54720469624562,-0.0542414758598442,0,"657","2","168",0.32085560159972,0.243945889196559,0.266614125739876,1.81381882198549,NA
"658","NSW1211561",1.54720469624562,0.347974889281012,0,"658","2","169",-0.677797213309154,0.193005649743521,-0.329822324028142,1.21738237221748,NA
"659","NSW1211542",1.54720469624562,0.29337923838709,0,"659","2","170",-0.049867222648207,0.180541709098403,0.243512015738883,1.7907167119845,NA
"660","NSW1200803",1.54720469624562,0.514104893379798,0,"660","2","171",0.216633518410508,0.19869137324676,0.730738411790307,2.27794310803592,NA
"661","NSW1211578",1.54720469624562,0.359359397768702,0,"661","2","172",0.415740894278865,0.191418323111004,0.775100292047567,2.32230498829318,NA
"662","NSW1190217",1.54720469624562,0.284512586635482,0,"662","2","173",0.128832376899981,0.232716679335683,0.413344963535463,1.96054965978108,NA
"663","NSW1211562",1.54720469624562,0.512659599158252,0,"663","2","174",0.409307376957507,0.221184112674048,0.921966976115759,2.46917167236138,NA
"664","NSW1200672",1.54720469624562,0.201673229663494,0,"664","2","175",-0.391137751049227,0.179988133714028,-0.189464521385733,1.35774017485988,NA
"665","NSW1201375",1.54720469624562,0.429841110096417,0,"665","2","176",-0.556376892619071,0.191336894877815,-0.126535782522655,1.42066891372296,NA
"666","NSW1212972",1.54720469624562,-0.0137672265902344,0,"666","2","177",0.359827395120216,0.207937815795248,0.346060168529981,1.8932648647756,NA
"667","NSW1212982",1.54720469624562,0.181070742845012,0,"667","2","178",-0.490161687229205,0.209763575428585,-0.309090944384194,1.23811375186142,NA
"668","NSW1166596",1.54720469624562,0.0700522522195847,0,"668","2","179",0.297593668763144,0.181333770313681,0.367645920982729,1.91485061722835,NA
"669","NSW1190191",1.54720469624562,0.217372633642771,0,"669","2","180",0.0976685487320305,0.215830896338636,0.315041182374802,1.86224587862042,NA
"670","NSW1200360",1.54720469624562,-0.0248720169984264,0,"670","2","181",0.372459052785734,0.18771679955013,0.347587035787308,1.89479173203293,NA
"671","NSW1200363",1.54720469624562,0.342390997985605,0,"671","2","182",-0.0892686627677932,0.228706854316483,0.253122335217812,1.80032703146343,NA
"672","NSW1212979",1.54720469624562,-0.109858645484103,0,"672","2","183",-1.0622130612031,0.212204382597618,-1.17207170668721,0.375132989558413,NA
"673","NSW1190208",1.54720469624562,0.079292942547057,0,"673","2","184",-0.328522765084773,0.201027008841221,-0.249229822537716,1.2979748737079,NA
"674","NSW1200358",1.54720469624562,0.343609275084055,0,"674","2","185",0.293410112847179,0.219882846639334,0.637019387931234,2.18422408417685,NA
"675","NSW1190192",1.54720469624562,0.0218068123740199,0,"675","2","186",0.0829102638170544,0.199705381182346,0.104717076191074,1.65192177243669,NA
"676","NSW1211584",1.54720469624562,0.228337083482109,0,"676","2","187",0.844736684553047,0.215299445107638,1.07307376803516,2.62027846428077,NA
"677","NSW1200622",1.54720469624562,0.301205631154268,0,"677","2","188",0.196330626999327,0.20238301825949,0.497536258153595,2.04474095439921,NA
"678","NSW1211430",1.54720469624562,0.377435024420278,0,"678","2","189",-0.300029585417657,0.206092495637144,0.0774054390026211,1.62461013524824,NA
"679","NSW1200777",1.54720469624562,0.211924453825843,0,"679","2","190",0.766472296038941,0.220123866360482,0.978396749864784,2.5256014461104,NA
"680","NSW1211426",1.54720469624562,0.262414744190753,0,"680","2","191",-0.356265023283053,0.21074460563516,-0.0938502790923006,1.45335441715332,NA
"681","NSW1211450",1.54720469624562,0.399294441914726,0,"681","2","192",-0.390319436516106,0.188244146595708,0.00897500539862001,1.55617970164424,NA
"682","NSW1201381",1.54720469624562,0.258457690502715,0,"682","2","193",-0.413666589950251,0.214859226241034,-0.155208899447536,1.39199579679808,NA
"683","NSW1211527",1.54720469624562,0.36648728090116,0,"683","2","194",0.846294330209836,0.207203014066655,1.212781611111,2.75998630735661,NA
"684","NSW1194457",1.54720469624562,0.450687748145775,0,"684","2","195",-0.0811109895944154,0.211698179239692,0.36957675855136,1.91678145479698,NA
"685","NSW1213006",1.54720469624562,0.135751285852697,0,"685","2","196",0.254833886566701,0.206304981421134,0.390585172419398,1.93778986866502,NA
"686","NSW1190187",1.54720469624562,0.227802335980023,0,"686","2","197",-0.182467727607406,0.203631176668644,0.0453346083726174,1.59253930461824,NA
"687","NSW1213010",1.54720469624562,0.0961485917281452,0,"687","2","198",-0.254143476762552,0.186066620965239,-0.157994885034406,1.38920981121121,NA
"688","NSW1201425",1.54720469624562,0.382148146359349,0,"688","2","199",0.217169896772753,0.192404799772856,0.599318043132102,2.14652273937772,NA
"689","NSW1200504",1.54720469624562,0.377084817933553,0,"689","2","200",0.0980430390195402,0.227249962029683,0.475127856953093,2.02233255319871,NA
"690","NSW1200920",1.54720469624562,0.253101404290452,0,"690","2","201",0.363973263658057,0.231032199842128,0.617074667948509,2.16427936419413,NA
"691","NSW1200341",1.54720469624562,-0.12200409575245,0,"691","2","202",0.47087152812491,0.226716873910417,0.34886743237246,1.89607212861808,NA
"692","NSW1200337",1.54720469624562,-0.0306718705092975,0,"692","2","203",0.15601644736239,0.206322142939101,0.125344576853092,1.67254927309871,NA
"693","NSW1212988",1.54720469624562,0.0412598476635291,0,"693","2","204",-0.763064697359982,0.202511435219611,-0.721804849696453,0.825399846549165,NA
"694","NSW1201430",1.54720469624562,0.50483319220562,0,"694","2","205",-0.535083806713686,0.182966319361883,-0.0302506145080659,1.51695408173755,NA
"695","NSW1200824",1.54720469624562,0.461131101258489,0,"695","2","206",-0.0034683729459653,0.189600364995994,0.457662728312524,2.00486742455814,NA
"696","NSW1212969",1.54720469624562,-0.135167258138001,0,"696","2","207",-0.266240958464262,0.213731357302491,-0.401408216602263,1.14579647964336,NA
"697","NSW1190200",1.54720469624562,0.255571545148049,0,"697","2","208",-0.446280729468291,0.222320138525102,-0.190709184320242,1.35649551192538,NA
"698","NSW1210993",1.54720469624562,0.0149471392553529,0,"698","2","209",-0.561303516901051,0.205177395101768,-0.546356377645698,1.00084831859992,NA
"699","NSW1211586",1.54720469624562,0.386342393636977,0,"699","2","210",-0.070321120128824,0.212311675115748,0.316021273508153,1.86322596975377,NA
"700","NSW1201409",1.54720469624562,0.579247499133956,0,"700","2","211",0.0801232362992033,0.206014004613819,0.659370735433159,2.20657543167878,NA
"701","NSW1200853",1.54720469624562,0.356923885886923,0,"701","2","212",0.0952098301746084,0.213720622098658,0.452133716061532,1.99933841230715,NA
"702","NSW1212960",1.54720469624562,0.32576482845021,0,"702","2","213",-0.237858651309333,0.193073640906066,0.0879061771408772,1.6351108733865,NA
"703","NSW1200607",1.54720469624562,0.326664585457636,0,"703","2","214",0.241428588057926,0.228359494259459,0.568093173515562,2.11529786976118,NA
"704","NSW1212957",1.54720469624562,0.110850298059376,0,"704","2","215",0.058713563701986,0.212674596312811,0.169563861761362,1.71676855800698,NA
"705","NSW1212983",1.54720469624562,0.210810165620317,0,"705","2","216",0.147815872918179,0.218155273376493,0.358626038538496,1.90583073478411,NA
"706","NSW1166654",1.54720469624562,0.0647843430496164,0,"706","2","217",0.360592713951612,0.186572897800641,0.425377057001228,1.97258175324685,NA
"707","NSW1212993",1.54720469624562,0.222051187454712,0,"707","2","218",0.303374979729201,0.171999057637467,0.525426167183913,2.07263086342953,NA
"708","NSW1200374",1.54720469624562,0.170302905516265,0,"708","2","219",-0.274043872740895,0.166403084689493,-0.103740967224629,1.44346372902099,NA
"709","NSW1200617",1.54720469624562,0.268439193253074,0,"709","2","220",0.227179416805861,0.191436785070941,0.495618610058935,2.04282330630455,NA
"710","NSW1212962",1.54720469624562,0.129294621528322,0,"710","2","221",-0.205674032157073,0.205742189750238,-0.0763794106287506,1.47082528561687,NA
"711","NSW1213029",1.54720469624562,0.176348239890882,0,"711","2","222",-0.0771160855154529,0.186488388108812,0.0992321543754296,1.64643685062105,NA
"712","NSW1200393",1.54720469624562,0.503182746670857,0,"712","2","223",0.314352752638114,0.243340663360395,0.817535499308971,2.36474019555459,NA
"713","NSW1211566",1.54720469624562,0.420737214551155,0,"713","2","224",-0.508117946475219,0.207381582317205,-0.0873807319240633,1.45982396432155,NA
"714","NSW1200523",1.54720469624562,0.455742003309371,0,"714","2","225",0.170834485323324,0.189286006079077,0.626576488632695,2.17378118487831,NA
"715","NSW1201356",1.54720469624562,0.551959414685338,0,"715","2","226",-0.111775169016416,0.215714618458601,0.440184245668922,1.98738894191454,NA
"716","NSW1200534",1.54720469624562,0.547401640461225,0,"716","2","227",-0.154889880613794,0.206868457510149,0.39251175984743,1.93971645609305,NA
"717","NSW1200772",1.54720469624562,0.427091712707813,0,"717","2","228",0.458183486406546,0.175876792465841,0.885275199114359,2.43247989535998,NA
"718","NSW1200792",1.54720469624562,0.324271274601544,0,"718","2","229",0.0275390600411171,0.182372071575884,0.351810334642661,1.89901503088828,NA
"719","NSW1200516",1.54720469624562,0.531461149443472,0,"719","2","230",-0.493424327937472,0.168517579540495,0.0380368215059992,1.58524151775162,NA
"720","NSW1212967",1.54720469624562,-0.0774914831727597,0,"720","2","231",-0.308666605645178,0.201668153867153,-0.386158088817938,1.16104660742768,NA
"721","NSW1213036",1.54720469624562,0.19377877083863,0,"721","2","232",0.345736365915708,0.215624872927617,0.539515136754338,2.08671983299996,NA
"722","NSW1200610",1.54720469624562,0.260487696543151,0,"722","2","233",-0.060465919246124,0.200674114685062,0.200021777297027,1.74722647354265,NA
"723","NSW1200812",1.54720469624562,0.330966335280753,0,"723","2","234",0.114153618268756,0.186165966251221,0.445119953549509,1.99232464979513,NA
"724","NSW1166601",1.54720469624562,-0.0372423407635245,0,"724","2","235",0.552239312518326,0.182139395227413,0.514996971754801,2.06220166800042,NA
"725","NSW1190184",1.54720469624562,0.115851353133265,0,"725","2","236",0.258657643917347,0.209813783503913,0.374508997050612,1.92171369329623,NA
"726","NSW1200597",1.54720469624562,0.284919410287683,0,"726","2","237",0.202585790496431,0.179361800891744,0.487505200784114,2.03470989702973,NA
"727","NSW1200616",1.54720469624562,0.246362656446395,0,"727","2","238",0.048148807771253,0.214847080766923,0.294511464217648,1.84171616046327,NA
"728","NSW1201404",1.54720469624562,0.387433372707267,0,"728","2","239",0.318695601254437,0.182589136329313,0.706128973961705,2.25333367020732,NA
"729","NSW1200592",1.54720469624562,0.182485073169225,0,"729","2","240",-0.190355649181597,0.198363301041509,-0.00787057601237148,1.53933412023325,NA
"730","NSW1190203",1.54720469624562,0.451316645878051,0,"730","2","241",-0.152682599964073,0.191780096409022,0.298634045913977,1.8458387421596,NA
"731","NSW1211536",1.54720469624562,0.435084719437897,0,"731","2","242",0.676992277023614,0.188192597358799,1.11207699646151,2.65928169270713,NA
"732","NSW1200424",1.54720469624562,0.0915021894248469,0,"732","2","243",0.540989906979499,0.204496058667966,0.632492096404346,2.17969679264996,NA
"733","NSW1212846",1.54720469624562,0.0687222343792996,0,"733","2","244",-0.10234213539082,0.237029004808981,-0.0336199010115206,1.5135847952341,NA
"734","NSW1200804",1.54720469624562,0.500936421304489,0,"734","2","245",0.49531101864011,0.198421531088842,0.996247439944599,2.54345213619022,NA
"735","NSW1210995",1.54720469624562,0.223430037559311,0,"735","2","246",-0.105283476897627,0.197719954803627,0.118146560661684,1.6653512569073,NA
"736","NSW1212968",1.54720469624562,-0.130785712239422,0,"736","2","247",-0.17057613267104,0.230630124715485,-0.301361844910462,1.24584285133516,NA
"737","NSW1200591",1.54720469624562,0.113927537591876,0,"737","2","248",-0.224515940409639,0.21448496723375,-0.110588402817763,1.43661629342786,NA
"738","NSW1213000",1.54720469624562,0.232863520301468,0,"738","2","249",-0.174170454217168,0.202482986442432,0.0586930660843007,1.60589776232992,NA
"739","NSW1200797",1.54720469624562,0.223420840728921,0,"739","2","250",0.266166168918362,0.196860811302641,0.489587009647284,2.0367917058929,NA
"740","NSW1212964",1.54720469624562,0.102076781355512,0,"740","2","251",0.0197229790201527,0.189244230860788,0.121799760375664,1.66900445662128,NA
"741","NSW1200338",1.54720469624562,0.311105131006006,0,"741","2","252",-0.430677655760941,0.228854297948572,-0.119572524754935,1.42763217149068,NA
"742","NSW1213003",1.54720469624562,0.0302173192320147,0,"742","2","253",0.327065833887934,0.191215194820825,0.357283153119948,1.90448784936557,NA
"743","NSW1190162",1.54720469624562,0.376296188276381,0,"743","2","254",-0.582042706077474,0.219852053804998,-0.205746517801094,1.34145817844452,NA
"744","NSW1200769",1.54720469624562,0.455128924679667,0,"744","2","255",-0.299466686745127,0.20931703439018,0.15566223793454,1.70286693418016,NA
"745","NSW1200403",1.54720469624562,0.24882744385684,0,"745","2","256",0.49716643240767,0.208026105324743,0.74599387626451,2.29319857251013,NA
"746","NSW1200355",1.54720469624562,-0.601991812674093,0,"746","2","257",0.0763899275157372,0.380704519644832,-0.525601885158356,1.02160281108726,NA
"747","NSW1212965",1.54720469624562,-0.187401829725768,0,"747","2","258",0.415316321618365,0.24398724740959,0.227914491892597,1.77511918813821,NA
"748","NSW1200369",1.54720469624562,-0.126823134504247,0,"748","2","259",0.306021084103592,0.248471444503513,0.179197949599345,1.72640264584496,NA
"749","NSW1211589",1.54720469624562,-0.2143211725783,0,"749","2","260",-0.0636292255905246,0.331516591507132,-0.277950398168824,1.26925429807679,NA
"750","NSW1200611",1.54720469624562,0.0294288125636471,0,"750","2","261",0.0616695387518177,0.214723676927031,0.0910983513154648,1.63830304756108,NA
"751","NSW1211538",1.54720469624562,0.209149701000454,0,"751","2","262",-0.0473477859766828,0.188513396855389,0.161801915023771,1.70900661126939,NA
"752","NSW1190172",1.54720469624562,0.462347411744748,0,"752","2","263",0.465060417563567,0.208724402558057,0.927407829308314,2.47461252555393,NA
"753","NSW1211437",1.54720469624562,0.419944799368972,0,"753","2","264",0.348539001329081,0.243197418984778,0.768483800698053,2.31568849694367,NA
"754","NSW1200656",1.54720469624562,0.0871473111798314,0,"754","2","265",0.262555489287482,0.194018166171143,0.349702800467313,1.89690749671293,NA
"755","NSW1200823",1.54720469624562,0.473328563656865,0,"755","2","266",0.116061710981099,0.179756104650866,0.589390274637964,2.13659497088358,NA
"756","NSW1200802",1.54720469624562,0.147616497047039,0,"756","2","267",-0.251121888659559,0.184024460782561,-0.10350539161252,1.4436993046331,NA
"757","NSW1211575",1.54720469624562,0.0483567279254478,0,"757","2","268",-0.177165365539897,0.183694024357306,-0.128808637614449,1.41839605863117,NA
"758","NSW1200430",1.54720469624562,0.0164511398373048,0,"758","2","269",-0.0464638347168944,0.216704956557082,-0.0300126948795895,1.51719200136603,NA
"759","NSW1200378",1.54720469624562,0.513175601760402,0,"759","2","270",0.16801255896638,0.191661172674283,0.681188160726782,2.2283928569724,NA
"760","NSW1200840",1.54720469624562,0.429714511725179,0,"760","2","271",-0.543549607750458,0.191374697370279,-0.113835096025279,1.43336960022034,NA
"761","NSW1201366",1.54720469624562,0.259601690652804,0,"761","2","272",0.179510585824202,0.205705775408082,0.439112276477006,1.98631697272262,NA
"762","NSW1211569",1.54720469624562,0.320510232618222,0,"762","2","273",0.269834585362409,0.201528412222008,0.590344817980631,2.13754951422625,NA
"763","NSW1210940",1.54720469624562,0.214058461885417,0,"763","2","274",0.534823445140866,0.191744472301523,0.748881907026282,2.2960866032719,NA
"764","NSW1200838",1.54720469624562,-0.0552678475483663,0,"764","2","275",-0.840764804199697,0.221495693073273,-0.896032651748063,0.651172044497555,NA
"765","NSW1200419",1.54720469624562,0.0669896666360784,0,"765","2","276",-0.325139175962219,0.178026695956525,-0.25814950932614,1.28905518691948,NA
"766","NSW1200909",1.54720469624562,0.479701363684597,0,"766","2","277",-0.408316763680894,0.2279372500575,0.0713846000037029,1.61858929624932,NA
"767","NSW1211572",1.54720469624562,0.473759286035972,0,"767","2","278",0.184624976304916,0.196386460184237,0.658384262340887,2.20558895858651,NA
"768","NSW1201401",1.54720469624562,0.343406294610582,0,"768","2","279",0.114833603795023,0.200040547244,0.458239898405605,2.00544459465122,NA
"769","NSW1200893",1.54720469624562,0.331690147291308,0,"769","2","280",-0.657452935929144,0.221718601188733,-0.325762788637836,1.22144190760778,NA
"770","NSW1200879",1.54720469624562,0.306373389208654,0,"770","2","281",0.322539155100257,0.158019390896008,0.628912544308911,2.17611724055453,NA
"771","NSW1200596",1.54720469624562,-0.0016656928035892,0,"771","2","282",-0.533726607236424,0.291910924974458,-0.535392300040013,1.0118123962056,NA
"772","NSW1213023",1.54720469624562,0.0804665023571785,0,"772","2","283",-0.60801303349041,0.209214351563417,-0.527546531133232,1.01965816511239,NA
"773","NSW1211510",1.54720469624562,-0.0504483860371408,0,"773","2","284",-0.0280851300285192,0.218536650176239,-0.07853351606566,1.46867118017996,NA
"774","NSW1200342",1.54720469624562,0.333197696431243,0,"774","2","285",-0.661540416221801,0.185880517632166,-0.328342719790558,1.21886197645506,NA
"775","NSW1200540",1.54720469624562,0.386276587029412,0,"775","2","286",-0.48210683846243,0.185901169131634,-0.0958302514330178,1.4513744448126,NA
"776","NSW1211585",1.54720469624562,0.0314855131316249,0,"776","2","287",-0.440919493449291,0.183962280397895,-0.409433980317666,1.13777071592795,NA
"777","NSW1212958",1.54720469624562,0.0677267354449326,0,"777","2","288",-0.194311232442132,0.188844231398563,-0.1265844969972,1.42062019924842,NA
"778","NSW1201627",1.54720469624562,0.493614969934787,0,"778","2","289",-0.0483373124036912,0.219753824076087,0.445277657531096,1.99248235377671,NA
"779","NSW1210988",1.54720469624562,-0.0539531322867715,0,"779","2","290",-0.0928588769668999,0.231769589887052,-0.146812009253671,1.40039268699195,NA
"780","NSW1200915",1.54720469624562,0.376868440727125,0,"780","2","291",0.757298758630859,0.206845500258986,1.13416719935798,2.6813718956036,NA
"781","NSW1200398",1.54720469624562,0.522010221169854,0,"781","2","292",-0.554494877971532,0.190996101033162,-0.0324846568016782,1.51472003944394,NA
"782","NSW1212963",1.54720469624562,-0.0432371496200336,0,"782","2","293",-0.301986878561876,0.215337127259878,-0.345224028181909,1.20198066806371,NA
"783","NSW1200519",1.54720469624562,0.27548739141567,0,"783","2","294",0.217090430560325,0.204589830840069,0.492577821975994,2.03978251822161,NA
"784","NSW1211436",1.54720469624562,0.443551979689801,0,"784","2","295",0.58378797232101,0.217651573401983,1.02733995201081,2.57454464825643,NA
"785","NSW1212984",1.54720469624562,0.0833082968391297,0,"785","2","296",0.0702510350447958,0.183122777814872,0.153559331883926,1.70076402812954,NA
"786","NSW1211431",1.54720469624562,0.413418782351046,0,"786","2","297",0.0999848118183712,0.209313564118626,0.513403594169417,2.06060829041503,NA
"787","NSW1211557",1.54720469624562,0.353200730524423,0,"787","2","298",0.140881991858357,0.181285246751753,0.494082722382781,2.0412874186284,NA
"788","NSW1190166",1.54720469624562,0.364718139871921,0,"788","2","299",-0.589503331059562,0.214321680436903,-0.224785191187641,1.32241950505798,NA
"789","NSW1200368",1.54720469624562,0.363020509599496,0,"789","2","300",-0.00183498285452933,0.20011160298157,0.361185526744966,1.90839022299058,NA
"790","NSW1200809",1.54720469624562,0.458359485583678,0,"790","2","301",-0.091772059527918,0.223434380656176,0.36658742605576,1.91379212230138,NA
"791","NSW1213024",1.54720469624562,0.0220101789552324,0,"791","2","302",0.12578857014604,0.203917774812237,0.147798749101273,1.69500344534689,NA
"792","NSW1190169",1.54720469624562,0.395903843915193,0,"792","2","303",0.206230612997834,0.207976354207835,0.602134456913027,2.14933915315865,NA
"793","NSW1200348",1.54720469624562,0.322995479647457,0,"793","2","304",0.411656927547958,0.214254301040403,0.734652407195415,2.28185710344103,NA
"794","NSW1200383",1.54720469624562,0.424817613931574,0,"794","2","305",0.00423736567591923,0.215889285653403,0.429054979607493,1.97625967585311,NA
"795","NSW1212986",1.54720469624562,0.0155931319103511,0,"795","2","306",-0.37234642679089,0.218460666468303,-0.356753294880539,1.19045140136508,NA
"796","NSW1200602",1.54720469624562,0.345218191978131,0,"796","2","307",0.778172446468175,0.228555785666612,1.12339063844631,2.67059533469192,NA
"797","NSW1211535",1.54720469624562,0.196962158455853,0,"797","2","308",0.229652419763062,0.196886136690462,0.426614578218916,1.97381927446453,NA
"798","NSW1212953",1.54720469624562,-0.0582763421809753,0,"798","2","309",-0.0947336071343197,0.206237700486076,-0.153009949315295,1.39419474693032,NA
"799","NSW1200794",1.54720469624562,0.533746204461886,0,"799","2","310",-0.0705883920922349,0.195425576908745,0.463157812369651,2.01036250861527,NA
"800","NSW1201361",1.54720469624562,0.299737209788815,0,"800","2","311",-0.307741260201498,0.227967212102824,-0.00800405041268309,1.53920064583294,NA
"801","NSW1211537",1.54720469624562,0.290772262826488,0,"801","2","312",0.101709770528846,0.200535994218988,0.392482033355334,1.93968672960095,NA
"802","NSW1200601",1.54720469624562,0.19183307912136,0,"802","2","313",-0.0170664751760232,0.213228502612025,0.174766603945337,1.72197130019095,NA
"803","NSW1200538",1.54720469624562,0.525290864788016,0,"803","2","314",-0.252365335363337,0.160774312065596,0.272925529424679,1.8201302256703,NA
"804","NSW1212996",1.54720469624562,0.0660463598132221,0,"804","2","315",0.112195148466019,0.192277396813774,0.178241508279241,1.72544620452486,NA
"805","NSW1211574",1.54720469624562,0.399027596248301,0,"805","2","316",0.0730744845577417,0.206450563537877,0.472102080806043,2.01930677705166,NA
"806","NSW1200606",1.54720469624562,0.110383481753111,0,"806","2","317",0.206066150829803,0.235734153566143,0.316449632582914,1.86365432882853,NA
"807","NSW1200844",1.54720469624562,0.412236252228026,0,"807","2","318",0.651691077582536,0.19370618604067,1.06392732981056,2.61113202605618,NA
"808","NSW1211432",1.54720469624562,0.366441360242216,0,"808","2","319",-0.293432485056856,0.205673751187203,0.0730088751853603,1.62021357143098,NA
"809","NSW1201386",1.54720469624562,0.311088961306845,0,"809","2","320",-0.175851090900292,0.241961348356947,0.135237870406553,1.68244256665217,NA
"810","NSW1212894",1.54720469624562,0.0842495683864719,0,"810","2","321",-0.155469602723354,0.269029193659652,-0.0712200343368818,1.47598466190874,NA
"811","NSW1211573",1.54720469624562,0.2933758010828,0,"811","2","322",0.102263322180891,0.251334260946291,0.395639123263691,1.94284381950931,NA
"812","NSW1211567",1.54720469624562,0.311212077755675,0,"812","2","323",-0.361206668748803,0.215168245356408,-0.0499945909931278,1.49721010525249,NA
"813","NSW1201385",1.54720469624562,0.0954136464265756,0,"813","2","324",-1.19372219212072,0.252210657051579,-1.09830854569414,0.448896150551477,NA
"814","NSW1201357",1.54720469624562,0.401096235994951,0,"814","2","325",-0.472118774512763,0.188434710784521,-0.0710225385178117,1.47618215772781,NA
"815","NSW1211435",1.54720469624562,0.27954316893938,0,"815","2","326",0.201488928090165,0.203904468137998,0.481032097029546,2.02823679327516,NA
"816","NSW1200555",1.54720469624562,0.296092819643742,0,"816","2","327",-0.0743779693271268,0.239573327800366,0.221714850316615,1.76891954656223,NA
"817","NSW1200399",1.54720469624562,0.265270849699725,0,"817","2","328",-0.0865376031645271,0.198726176419404,0.178733246535198,1.72593794278082,NA
"818","NSW1200894",1.54720469624562,0.356539786058557,0,"818","2","329",0.0949375304804564,0.194884973548704,0.451477316539014,1.99868201278463,NA
"819","NSW1211457",1.54720469624562,0.303317951120087,0,"819","2","330",0.155732104323197,0.229443847090486,0.459050055443284,2.0062547516889,NA
"820","NSW1200854",1.54720469624562,0.284013681901417,0,"820","2","331",0.278213395717507,0.172580684320878,0.562227077618923,2.10943177386454,NA
"821","NSW1200888",1.54720469624562,0.228327576552822,0,"821","2","332",0.116744724092521,0.213444966808688,0.345072300645342,1.89227699689096,NA
"822","NSW1201626",1.54720469624562,0.573393386156325,0,"822","2","333",0.200421810913915,0.190558307254803,0.77381519707024,2.32101989331586,NA
"823","NSW1200553",1.54720469624562,0.363413031994404,0,"823","2","334",-0.132551743374325,0.226256060793421,0.230861288620078,1.7780659848657,NA
"824","NSW1213008",1.54720469624562,0.0486201222692253,0,"824","2","335",-0.586845356005179,0.208709656760928,-0.538225233735954,1.00897946250966,NA
"825","NSW1200671",1.54720469624562,0.111109017123754,0,"825","2","336",-0.0400487882411153,0.179448139415234,0.0710602288826384,1.61826492512826,NA
"826","NSW1212955",1.54720469624562,0.0629925906838673,0,"826","2","337",0.0836177042191351,0.229685293197993,0.146610294903002,1.69381499114862,NA
"827","NSW1212999",1.54720469624562,-0.162139524796571,0,"827","2","338",-0.00379549280441884,0.219020167050919,-0.16593501760099,1.38126967864463,NA
"828","NSW1213018",1.54720469624562,-0.0751313596333426,0,"828","2","339",0.258827679955564,0.240478309836446,0.183696320322222,1.73090101656784,NA
"829","NSW1212861",1.54720469624562,0.0204920515537682,0,"829","2","340",-0.216246132887276,0.199581530535644,-0.195754081333507,1.35145061491211,NA
"830","NSW1200526",1.54720469624562,0.251516187558983,0,"830","2","341",0.767750266670259,0.188589407877684,1.01926645422924,2.56647115047486,NA
"831","NSW1212978",1.54720469624562,0.124626197055296,0,"831","2","342",0.504138731689575,0.222233094518084,0.628764928744871,2.17596962499049,NA
"832","NSW1200548",1.54720469624562,0.363250847774299,0,"832","2","343",-0.37137130169798,0.242674884284823,-0.0081204539236816,1.53908424232194,NA
"833","NSW1200843",1.54720469624562,0.388257327521693,0,"833","2","344",0.0296837239722843,0.173980473710477,0.417941051493977,1.96514574773959,NA
"834","NSW1200898",1.54720469624562,0.199191011102632,0,"834","2","345",-0.0423203832984847,0.203412184515389,0.156870627804147,1.70407532404977,NA
"835","NSW1213031",1.54720469624562,0.0815931975266063,0,"835","2","346",-0.0205456699338216,0.196587960317196,0.0610475275927848,1.6082522238384,NA
"836","NSW1211425",1.54720469624562,0.277910751495205,0,"836","2","347",-0.330820232580118,0.212550247101133,-0.052909481084913,1.4942952151607,NA
"837","NSW1210966",1.54720469624562,0.136604061972755,0,"837","2","348",0.0628250221447734,0.19747649934379,0.199429084117529,1.74663378036315,NA
"838","NSW1200899",1.54720469624562,0.297703836162903,0,"838","2","349",0.556940096147673,0.238926691692319,0.854643932310576,2.40184862855619,NA
"839","NSW1212973",1.54720469624562,0.0558891120124231,0,"839","2","350",0.320890685809443,0.228424178993877,0.376779797821866,1.92398449406748,NA
"840","NSW1211540",1.54720469624562,0.243263207903778,0,"840","2","351",-0.451543802310922,0.203773535379159,-0.208280594407144,1.33892410183847,NA
"841","NSW1201406",1.54720469624562,0.558103348121868,0,"841","2","352",-0.249759779144821,0.204358407340114,0.308343568977047,1.85554826522267,NA
"842","NSW1200889",1.54720469624562,0.406543728481804,0,"842","2","353",-0.00120966278140668,0.191107000845577,0.405334065700397,1.95253876194602,NA
"843","NSW1200904",1.54720469624562,0.372090583224917,0,"843","2","354",-0.498829948262158,0.232736440227962,-0.126739365037241,1.42046533120838,NA
"844","NSW1213014",1.54720469624562,-0.0241191159686849,0,"844","2","355",0.184123066670135,0.213432078250057,0.16000395070145,1.70720864694707,NA
"845","NSW1211588",1.54720469624562,0.493828117739097,0,"845","2","356",0.274025243655352,0.201469302108227,0.76785336139445,2.31505805764007,NA
"846","NSW1213035",1.54720469624562,0.250925571345271,0,"846","2","357",0.169730057681422,0.190110281139464,0.420655629026693,1.96786032527231,NA
"847","NSW1200510",1.54720469624562,0.156191413875943,0,"847","2","358",0.161112360956538,0.203870551890251,0.317303774832481,1.8645084710781,NA
"848","NSW1211532",1.54720469624562,-0.104279160904281,0,"848","2","359",0.106805100980967,0.178774811917404,0.00252594007668677,1.5497306363223,NA
"849","NSW1200924",1.54720469624562,0.276467675704221,0,"849","2","360",0.531824071364661,0.218469486520659,0.808291747068883,2.3554964433145,NA
"850","NSW1200782",1.54720469624562,0.1367177772281,0,"850","2","361",0.440856815580294,0.186286940203804,0.577574592808394,2.12477928905401,NA
"851","NSW1212998",1.54720469624562,-0.0947671283744639,0,"851","2","362",0.24186639005274,0.207145657748524,0.147099261678276,1.69430395792389,NA
"852","NSW1211587",1.54720469624562,0.136194653385506,0,"852","2","363",0.708492247206197,0.211766436143605,0.844686900591703,2.39189159683732,NA
"853","NSW1200359",1.54720469624562,0.0283806927002933,0,"853","2","364",0.176656256815152,0.22548393687392,0.205036949515446,1.75224164576106,NA
"854","NSW1212989",1.54720469624562,0.202979630530092,0,"854","2","365",0.216286005145974,0.212141897459177,0.419265635676066,1.96647033192168,NA
"855","NSW1201429",1.54720469624562,0.312070027341381,0,"855","2","366",-0.347130448843599,0.19617354966134,-0.0350604215022186,1.5121442747434,NA
"856","NSW1200918",1.54720469624562,0.378370092109957,0,"856","2","367",-0.182161137195599,0.188776145736964,0.196208954914358,1.74341365115998,NA
"857","NSW1190209",1.54720469624562,0.282100485879116,0,"857","2","368",-0.802612708687093,0.219423279999389,-0.520512222807977,1.02669247343764,NA
"858","NSW1200404",1.54720469624562,0.133228561175871,0,"858","2","369",0.460728974693282,0.220251932016302,0.593957535869152,2.14116223211477,NA
"859","NSW1211509",1.54720469624562,0.0562693850334609,0,"859","2","370",-0.205478316411512,0.184488475153689,-0.149208931378051,1.39799576486757,NA
"860","NSW1200421",1.54720469624562,0.00172792476117954,0,"860","2","371",0.081722234138916,0.215741396198319,0.0834501589000955,1.63065485514571,NA
"861","NSW1200908",1.54720469624562,0.213997781818445,0,"861","2","372",0.172036054367788,0.183340497988517,0.386033836186234,1.93323853243185,NA
"862","NSW1213028",1.54720469624562,0.0231652189014163,0,"862","2","373",0.187495208541324,0.210236338177586,0.21066042744274,1.75786512368836,NA
"863","NSW1201632",1.54720469624562,0.454063224569377,0,"863","2","374",0.534523625908983,0.201011623434083,0.98858685047836,2.53579154672398,NA
"864","NSW1200461",1.54720469624562,0.295073478296179,0,"864","2","375",0.375961904360303,0.201945716373893,0.671035382656483,2.2182400789021,NA
"865","NSW1200590",1.54720469624562,-0.0683378714688987,0,"865","2","376",0.427964632101583,0.218862000240296,0.359626760632685,1.9068314568783,NA
"866","NSW1212975",1.54720469624562,0.0703756040902404,0,"866","2","377",0.0901903239343337,0.205495337766097,0.160565928024574,1.70777062427019,NA
"867","NSW1201621",1.54720469624562,0.429714511725179,0,"867","2","378",-0.543549607750458,0.191374697370279,-0.113835096025279,1.43336960022034,NA
"868","NSW1210994",1.54720469624562,-0.0718063565598188,0,"868","2","379",0.0357810690575481,0.242355508882209,-0.0360252875022707,1.51117940874335,NA
"869","NSW1190186",1.54720469624562,0.0232050272565857,0,"869","2","380",-0.283945428461356,0.203884316010187,-0.260740401204771,1.28646429504085,NA
"870","NSW1213009",1.54720469624562,-0.0452776422718049,0,"870","2","381",0.419570921934518,0.21250177768573,0.374293279662713,1.92149797590833,NA
"871","NSW1213004",1.54720469624562,-0.137423359887398,0,"871","2","382",-0.0193131989200275,0.204062949904862,-0.156736558807426,1.39046813743819,NA
"872","NSW1200595",1.54720469624562,0.0463219853604041,0,"872","2","383",0.36272969928769,0.19256504498437,0.409051684648094,1.95625638089371,NA
"873","NSW1211590",1.54720469624562,0.0273071914898124,0,"873","2","384",0.370245105177886,0.227718378882376,0.397552296667698,1.94475699291332,NA
"874","NSW1213026",1.54720469624562,-0.0185603400633489,0,"874","2","385",-0.681755909029765,0.197101016012385,-0.700316249093114,0.846888447152504,NA
"875","NSW1200798",1.54720469624562,-0.195123629214869,0,"875","2","386",0.219827052407117,0.234240723009021,0.0247034231922478,1.57190811943787,NA
"876","NSW1190171",1.54720469624562,0.462622751355992,0,"876","2","387",0.336299370765559,0.229909576263453,0.798922122121551,2.34612681836717,NA
"877","NSW1211447",1.54720469624562,0.468490654872996,0,"877","2","388",-0.731260159594199,0.230331802790224,-0.262769504721203,1.28443519152442,NA
"878","NSW1200652",1.54720469624562,0.0822531905304014,0,"878","2","389",-0.536650369644947,0.220339557792448,-0.454397179114545,1.09280751713107,NA
"879","NSW1211571",1.54720469624562,0.273272897393084,0,"879","2","390",0.364229649208244,0.190201859773193,0.637502546601328,2.18470724284695,NA
"880","NSW1200612",1.54720469624562,0.267255616656706,0,"880","2","391",0.137176923587638,0.210742550098318,0.404432540244344,1.95163723648996,NA
"881","NSW1213019",1.54720469624562,-0.0437516303568449,0,"881","2","392",-0.348474694196497,0.216599331412397,-0.392226324553342,1.15497837169228,NA
"882","NSW1190193",1.54720469624562,0.246999970072404,0,"882","2","393",0.0508685093755427,0.201245382943245,0.297868479447947,1.84507317569356,NA
"883","NSW1200621",1.54720469624562,0.14835651429528,0,"883","2","394",-0.276031151182894,0.185931480502072,-0.127674636887615,1.419530059358,NA
"884","NSW1211452",1.54720469624562,-0.233183902740134,0,"884","2","395",0.131946297512925,0.220054418350188,-0.101237605227208,1.44596709101841,NA
"885","NSW1210997",1.54720469624562,0.0980326554876088,0,"885","2","396",-0.187122393552845,0.193129073916438,-0.0890897380652358,1.45811495818038,NA
"886","NSW1201424",1.54720469624562,0.395728776923417,0,"886","2","397",-0.375149915157232,0.218194064895944,0.0205788617661848,1.5677835580118,NA
"887","NSW1213002",1.54720469624562,0.135370129252837,0,"887","2","398",0.0481074235520954,0.180501979841791,0.183477552804932,1.73068224905055,NA
"888","NSW1201367",1.54720469624562,0.568506505585427,0,"888","2","399",-0.575070974632454,0.1807827658289,-0.00656446904702701,1.54064022719859,NA
"889","NSW1200903",1.54720469624562,0.2764985127116,0,"889","2","400",0.112890683942887,0.21795851727658,0.389389196654487,1.93659389290011,NA
"890","NSW1212974",1.54720469624562,-0.0272221565245815,0,"890","2","401",0.31432214925435,0.223145329506893,0.287099992729768,1.83430468897539,NA
"891","NSW1211531",1.54720469624562,0.323639708963173,0,"891","2","402",0.473358904359685,0.179291922067641,0.796998613322858,2.34420330956848,NA
"892","NSW1190170",1.54720469624562,0.470260068852761,0,"892","2","403",0.43674746669195,0.209518853354441,0.907007535544711,2.45421223179033,NA
"893","NSW1211579",1.54720469624562,0.382091587633033,0,"893","2","404",-0.324997188542024,0.207000207763718,0.0570943990910087,1.60429909533663,NA
"894","NSW1200913",1.54720469624562,0.192822127932357,0,"894","2","405",-0.0494147130777517,0.232196710401561,0.143407414854605,1.69061211110022,NA
"895","NSW1212899",1.54720469624562,-0.108266814884535,0,"895","2","406",-0.524760866565263,0.199620369338141,-0.633027681449797,0.91417701479582,NA
"896","NSW1212954",1.54720469624562,-0.0853678864560591,0,"896","2","407",0.344022639060443,0.218098921158224,0.258654752604384,1.80585944885,NA
"897","NSW1200874",1.54720469624562,0.374378565407166,0,"897","2","408",0.234717642958323,0.220649807906719,0.60909620836549,2.15630090461111,NA
"898","NSW1200367",1.54720469624562,0.36709957494973,0,"898","2","409",-0.447609405346394,0.187802495724041,-0.0805098303966639,1.46669486584895,NA
"899","NSW1211563",1.54720469624562,0.245443447638576,0,"899","2","410",-0.285960762576451,0.227974636911692,-0.0405173149378753,1.50668738130774,NA
"900","NSW1200667",1.54720469624562,0.0671362078073503,0,"900","2","411",0.0432680721640381,0.196430645933651,0.110404279971388,1.65760897621701,NA
"901","NSW1200832",1.54720469624562,0.230588109732942,0,"901","2","412",-7.3581304666186e-05,0.233078313745963,0.230514528428276,1.77771922467389,NA
"902","NSW1211580",1.54720469624562,0.111158771275797,0,"902","2","413",-0.234944982834318,0.214716572015953,-0.123786211558522,1.4234184846871,NA
"903","NSW1201435",1.54720469624562,0.392257081807491,0,"903","2","414",-0.169185516331668,0.223820582042557,0.223071565475823,1.77027626172144,NA
"904","NSW1200600",1.54720469624562,0.0883312759470969,0,"904","2","415",-0.187051378609789,0.207468688224575,-0.0987201026626918,1.44848459358293,NA
"905","NSW1212994",1.54720469624562,0.295019626857949,0,"905","2","416",-0.240374223052513,0.215183820861218,0.0546454038054363,1.60185010005105,NA
"906","NSW1211591",1.54720469624562,0.467387708779031,0,"906","2","417",0.169201453059847,0.210828247214563,0.636589161838879,2.1837938580845,NA
