"","Taxa","BLUE.N","BLUE.I","QTNs","Group","RefInf","ID","BLUP","PEV","gBreedingValue","Prediction","COI"
"1","S_1007_S311",1.2227374805555,0.294818509328931,0,"  1","1","  1",0.793867965893055,0.341605969783947,1.08868647522199,2.31142395577749,1.8612097182042
"2","S_102_S245",1.2227374805555,-0.0253940833400491,0,"  2","1","  2",-0.197315190321405,0.287332556212062,-0.222709273661454,1.00002820689405,1.65487545982344
"3","S_1031_S380",1.2227374805555,-0.0819496810665231,0,"  3","1","  3",0.141290568095658,0.265471979900153,0.0593408870291347,1.28207836758464,1
"4","S_1045_S231",1.2227374805555,0.0862653150805789,0,"  4","1","  4",0.409080111309018,0.259532904504418,0.495345426389597,1.7180829069451,0
"5","S_1052_S227",1.2227374805555,0.275483671437456,0,"  5","1","  5",-0.235114571799489,0.30282457096342,0.0403690996379666,1.26310658019347,2.11474252688113
"6","S_1054_S345",1.2227374805555,0.40933200883648,0,"  6","1","  6",-0.068251490713749,0.358509627276009,0.341080518122731,1.56381799867823,0.840896415253715
"7","S_1057_S302",1.2227374805555,0.0919984668574095,0,"  7","1","  7",0.178707118486869,0.240537302764541,0.270705585344279,1.49344306589978,0.840896415253715
"8","S_106_S223",1.2227374805555,-0.00475849135442488,0,"  8","1","  8",-0.300816678930569,0.315643153671111,-0.305575170284994,0.917162310270509,1.8612097182042
"9","S_1082_S287",1.2227374805555,0.0243393088052862,0,"  9","1","  9",-0.183885369482427,0.236585222613072,-0.159546060677141,1.06319141987836,1.56508458007329
"10","S_108_S258",1.2227374805555,0.241346689171084,0," 10","1"," 10",0.131431195276825,0.281572822611191,0.372777884447909,1.59551536500341,1.56508458007329
"11","S_109_S351",1.2227374805555,0.0951842298601611,0," 11","1"," 11",-0.111453794773515,0.331485066512373,-0.0162695649133536,1.20646791564215,1.49534878122122
"12","S_1124_S271",1.2227374805555,-0.0631180675738807,0," 12","1"," 12",-0.160745836379606,0.326550158095173,-0.223863903953487,0.998873576602016,1.18920711500272
"13","S_1127_S332",1.2227374805555,-0.0117081145244877,0," 13","1"," 13",-0.305369454835273,0.248044272913657,-0.31707756935976,0.905659911195743,0
"14","S_1130_S319",1.2227374805555,0.12137028489197,0," 14","1"," 14",0.578320964002366,0.309869304296453,0.699691248894335,1.92242872944984,2.65914794847249
"15","S_1132_S315",1.2227374805555,0.0119810130890431,0," 15","1"," 15",0.279629669303877,0.273392986985475,0.291610682392921,1.51434816294842,1.65487545982344
"16","S_1159_S297",1.2227374805555,0.101348280291138,0," 16","1"," 16",0.281480414707615,0.25806666784984,0.382828694998753,1.60556617555426,1.56508458007329
"17","S_1161_S254",1.2227374805555,-0.00952840275388821,0," 17","1"," 17",0.0590115847605548,0.259232885018209,0.0494831820066666,1.27222066256217,1.31607401295249
"18","S_1162_S384",1.2227374805555,0.00232929363097559,0," 18","1"," 18",0.159205285820516,0.277892328600857,0.161534579451492,1.38427206000699,2.51486685936587
"19","S_1223_S229",1.2227374805555,0.110071298764267,0," 19","1"," 19",0.448409776756643,0.278770826579654,0.55848107552091,1.78121855607641,1.4142135623731
"20","S_1237_S377",1.2227374805555,0.135643230916728,0," 20","1"," 20",-0.363136644605529,0.249068022054829,-0.227493413688801,0.995244066866702,0
"21","S_129_S310",1.2227374805555,0.172076065407737,0," 21","1"," 21",-0.0508379445888803,0.245976842816924,0.121238120818856,1.34397560137436,0
"22","S_1305_S246",1.2227374805555,0.241434052554244,0," 22","1"," 22",-0.0801515004535783,0.282498135905409,0.161282552100665,1.38402003265617,1.77827941003892
"23","S_130_S333",1.2227374805555,0.162514706628716,0," 23","1"," 23",-0.216441770560695,0.243728005156823,-0.0539270639319794,1.16881041662352,0
"24","S_1315_S322",1.2227374805555,0.206828487503975,0," 24","1"," 24",0.049732236276663,0.310301748073268,0.256560723780638,1.47929820433614,1.49534878122122
"25","S_1317_S208",1.2227374805555,0.295443955657474,0," 25","1"," 25",-0.247393352584543,0.290518342129969,0.048050603072931,1.27078808362843,1.49534878122122
"26","S_1324_S206",1.2227374805555,0.167396487874786,0," 26","1"," 26",0.506106599130635,0.26455980997005,0.673503087005421,1.89624056756092,2.11474252688113
"27","S_1328_S372",1.2227374805555,0.269948146567108,0," 27","1"," 27",-0.0510350720496169,0.285995208196866,0.218913074517491,1.44165055507299,2.34034731932072
"28","S_1343_S366",1.2227374805555,0.271023643654808,0," 28","1"," 28",-0.0794898290914884,0.254838548293927,0.19153381456332,1.41427129511882,1
"29","S_137_S285",1.2227374805555,-0.0466643022497915,0," 29","1"," 29",-0.0049130333406075,0.260232331612126,-0.051577335590399,1.1711601449651,1
"30","S_1383_S323",1.2227374805555,0.276402705263816,0," 30","1"," 30",0.146825919145269,0.270637371531834,0.423228624409085,1.64596610496459,1.10668191970032
"31","S_1404_S202",1.2227374805555,0.140953212479704,0," 31","1"," 31",-0.612514983125142,0.241627664574425,-0.471561770645438,0.751175709910066,0
"32","S_1407_S312",1.2227374805555,0.248582826914613,0," 32","1"," 32",0.809713478864742,0.272724374886329,1.05829630577935,2.28103378633486,1.31607401295249
"33","S_140_S320",1.2227374805555,-0.113204578530441,0," 33","1"," 33",-0.178413305670628,0.243739789744034,-0.291617884201069,0.931119596354434,2.51486685936587
"34","S_1423_S318",1.2227374805555,0.113380716567612,0," 34","1"," 34",-0.493034635225976,0.269656819634275,-0.379653918658364,0.843083561897139,2.51486685936587
"35","S_1430_S329",1.2227374805555,-0.135596196512226,0," 35","1"," 35",0.0912519529387014,0.251198890882508,-0.0443442435735244,1.17839323698198,1.4142135623731
"36","S_1431_S278",1.2227374805555,0.0660029307750803,0," 36","1"," 36",-0.737470637906566,0.238709170486971,-0.671467707131485,0.551269773424018,0
"37","S_1437_S292",1.2227374805555,-0.0611546716943116,0," 37","1"," 37",0.0697427741527279,0.245858009705727,0.00858810245841626,1.23132558301392,1.18920711500272
"38","S_1441_S235",1.2227374805555,0.224651389472331,0," 38","1"," 38",0.174307411098407,0.289866469539842,0.398958800570738,1.62169628112624,1.96798967126543
"39","S_1442_S328",1.2227374805555,0.0678684424533152,0," 39","1"," 39",0.260317362218828,0.253320356167556,0.328185804672143,1.55092328522765,0
"40","S_1452_S275",1.2227374805555,0.208635747221172,0," 40","1"," 40",0.449092069698448,0.259384445357221,0.65772781691962,1.88046529747512,1.49534878122122
"41","S_1472_S295",1.2227374805555,-0.0240617321135627,0," 41","1"," 41",-0.381653885825433,0.224074191286949,-0.405715617938995,0.817021862616508,0
"42","S_1488_S316",1.2227374805555,0.245510324297828,0," 42","1"," 42",-0.424885230503671,0.255331347906971,-0.179374906205843,1.04336257434966,1.62657656169779
"43","S_148_S249",1.2227374805555,0.0996250661574401,0," 43","1"," 43",0.0676438448746865,0.225845001113377,0.167268911032127,1.39000639158763,1
"44","S_1496_S272",1.2227374805555,0.226113079254637,0," 44","1"," 44",0.0631779832769316,0.248242532768885,0.289291062531569,1.51202854308707,2.65914794847249
"45","S_150_S251",1.2227374805555,-0.0206745002455441,0," 45","1"," 45",-0.0137714087128605,0.238769300104709,-0.0344459089584046,1.1882915715971,1.31607401295249
"46","S_1513_S327",1.2227374805555,0.0490578275509078,0," 46","1"," 46",-0.127062590575772,0.300582342076943,-0.0780047630248647,1.14473271753064,0
"47","S_1518_S240",1.2227374805555,0.0948158632396919,0," 47","1"," 47",-0.559814201056658,0.260500111990549,-0.464998337816966,0.757739142738537,1
"48","S_1549_S342",1.2227374805555,0.0836503564133158,0," 48","1"," 48",0.175953677992019,0.235745994693361,0.259604034405334,1.48234151496084,0
"49","S_1573_S236",1.2227374805555,0.11932452333219,0," 49","1"," 49",-0.0475519330373857,0.257293019134765,0.0717725902948042,1.29451007085031,1
"50","S_1584_S296",1.2227374805555,0.214962705580366,0," 50","1"," 50",0.293113474999512,0.277236608698011,0.508076180579878,1.73081366113538,2.21336383940064
"51","S_1599_S343",1.2227374805555,0.176176921784648,0," 51","1"," 51",-0.118349505241452,0.246051170024714,0.0578274165431956,1.2805648970987,2.65914794847249
"52","S_1619_S303",1.2227374805555,0.0677998390013614,0," 52","1"," 52",0.499097790776824,0.237171372515198,0.566897629778186,1.78963511033369,1.77827941003892
"53","S_1621_S339",1.2227374805555,0.23172495728907,0," 53","1"," 53",-0.0483601497974741,0.264276686696337,0.183364807491596,1.4061022880471,2.54572989502183
"54","S_1623_S378",1.2227374805555,-0.0410093737251864,0," 54","1"," 54",-0.191910393678399,0.260671134286277,-0.232919767403586,0.989817713151917,1.65487545982344
"55","S_1629_S373",1.2227374805555,0.200707502827042,0," 55","1"," 55",-0.189792730723667,0.245652160991337,0.0109147721033755,1.23365225265888,1.77827941003892
"56","S_1631_S361",1.2227374805555,-0.0016460102749777,0," 56","1"," 56",0.538105319079834,0.227435526438486,0.536459308804856,1.75919678936036,2.65914794847249
"57","S_1637_S325",1.2227374805555,-0.0228715034228404,0," 57","1"," 57",0.0196791118057105,0.240421136026853,-0.00319239161712991,1.21954508893837,2.44948974278318
"58","S_1639_S204",1.2227374805555,-0.0574306588622474,0," 58","1"," 58",0.588215497733173,0.227635099573897,0.530784838870925,1.75352231942643,1.31607401295249
"59","S_1643_S375",1.2227374805555,0.00965431356649428,0," 59","1"," 59",0.289440189580678,0.263574759089266,0.299094503147172,1.52183198370268,1
"60","S_1649_S331",1.2227374805555,0.0482277051178457,0," 60","1"," 60",0.0751077057628544,0.228891286988361,0.1233354108807,1.3460728914362,1.49534878122122
"61","S_1653_S294",1.2227374805555,0.0374894087481477,0," 61","1"," 61",-0.134634068409186,0.235003340771887,-0.0971446596610379,1.12559282089447,1
"62","S_165_S284",1.2227374805555,0.0848298502795779,0," 62","1"," 62",0.161399163484704,0.259995265248321,0.246229013764282,1.46896649431979,1.49534878122122
"63","S_1677_S221",1.2227374805555,0.0845863058586221,0," 63","1"," 63",0.164332831103816,0.24491753313803,0.248919136962438,1.47165661751794,0
"64","S_1683_S338",1.2227374805555,0.0230934843052431,0," 64","1"," 64",0.0631575005196903,0.27222898051788,0.0862509848249334,1.30898846538044,1.18920711500272
"65","S_1689_S192",1.2227374805555,-0.0145309472147544,0," 65","1"," 65",-0.109354769200458,0.238705251568143,-0.123885716415212,1.09885176414029,0
"66","S_1699_S367",1.2227374805555,0.0747881851061088,0," 66","1"," 66",-0.416749940363543,0.249778360102805,-0.341961755257435,0.880775725298068,1.18920711500272
"67","S_171_S219",1.2227374805555,0.123169651897544,0," 67","1"," 67",0.316964343006658,0.26722388119208,0.440133994904203,1.66287147545971,2.59002006411135
"68","S_1723_S369",1.2227374805555,0.0611140309069593,0," 68","1"," 68",0.47245450332729,0.254444460480318,0.533568534234249,1.75630601478975,1.4142135623731
"69","S_1728_S376",1.2227374805555,0.314700387936033,0," 69","1"," 69",-0.132492062608391,0.270497898160546,0.182208325327642,1.40494580588314,2.78315768371374
"70","S_1736_S359",1.2227374805555,0.112607381062364,0," 70","1"," 70",0.137330473708547,0.234360243872192,0.249937854770911,1.47267533532641,1.96798967126543
"71","S_1742_S357",1.2227374805555,0.40992198323757,0," 71","1"," 71",0.0119271866233197,0.312295066314707,0.42184916986089,1.64458665041639,1.8612097182042
"72","S_1749_S247",1.2227374805555,0.113392025626358,0," 72","1"," 72",-0.0445317595301729,0.269103120481281,0.0688602660961849,1.29159774665169,1
"73","S_1779_S226",1.2227374805555,-0.0732862732378197,0," 73","1"," 73",0.224863896771935,0.251707161339527,0.151577623534115,1.37431510408962,2.65914794847249
"74","S_1810_S213",1.2227374805555,0.0770125105535249,0," 74","1"," 74",0.380812913298272,0.285027023069917,0.457825423851797,1.6805629044073,1.8612097182042
"75","S_1813_S253",1.2227374805555,0.079445245226278,0," 75","1"," 75",0.187108449728817,0.241004793298656,0.266553694955095,1.4892911755106,1.56508458007329
"76","S_1817_S210",1.2227374805555,0.152119028388338,0," 76","1"," 76",0.0210811202912329,0.257146498116996,0.173200148679571,1.39593762923507,2.34034731932072
"77","S_1818_S238",1.2227374805555,0.120468902836727,0," 77","1"," 77",-0.444463683152371,0.254793554148618,-0.323994780315644,0.898742700239859,0
"78","S_1825_S198",1.2227374805555,0.192432071061616,0," 78","1"," 78",-0.00120697342956035,0.310119979238956,0.191225097632055,1.41396257818756,1.49534878122122
"79","S_1837_S256",1.2227374805555,0.0445161524560765,0," 79","1"," 79",-0.127085723624314,0.235731174079828,-0.0825695711682378,1.14016790938727,2.78315768371374
"80","S_1839_S299",1.2227374805555,0.216767202032532,0," 80","1"," 80",0.63487630759036,0.279548061618913,0.851643509622892,2.07438099017839,2.21336383940064
"81","S_183_S263",1.2227374805555,0.210626369301975,0," 81","1"," 81",0.335552459353438,0.24676401382836,0.546178828655413,1.76891630921092,2.65914794847249
"82","S_1841_S250",1.2227374805555,0.0510188572257074,0," 82","1"," 82",-0.186458317021464,0.251240510091722,-0.135439459795757,1.08729802075975,0
"83","S_1865_S374",1.2227374805555,0.074477391635202,0," 83","1"," 83",0.33001726898852,0.232841275198148,0.404494660623722,1.62723214117923,2.21336383940064
"84","S_1874_S244",1.2227374805555,-0.0208368599210753,0," 84","1"," 84",0.277009973318935,0.27627302072814,0.25617311339786,1.47891059395336,2.34034731932072
"85","S_1877_S262",1.2227374805555,-0.0419695993290364,0," 85","1"," 85",-0.0678752815256646,0.244026426749677,-0.109844880854701,1.1128925997008,2.78315768371374
"86","S_1899_S193",1.2227374805555,0.225067766783533,0," 86","1"," 86",-0.107880556729201,0.249472273881981,0.117187210054332,1.33992469060983,1.62657656169779
"87","S_1900_S242",1.2227374805555,0.202667239516002,0," 87","1"," 87",-0.230193276718414,0.246207703509581,-0.0275260372024127,1.19521144335309,1.56508458007329
"88","S_1936_S218",1.2227374805555,0.228106342316043,0," 88","1"," 88",0.0353657709230595,0.271111234082622,0.263472113239103,1.48620959379461,1.18920711500272
"89","S_1952_S293",1.2227374805555,0.212722546661761,0," 89","1"," 89",0.424498328817029,0.283872334871337,0.637220875478791,1.85995835603429,1.18920711500272
"90","S_1969_S291",1.2227374805555,0.0565219262898124,0," 90","1"," 90",0.457403186002248,0.247893988741416,0.513925112292061,1.73666259284756,1.31607401295249
"91","S_1973_S267",1.2227374805555,0.0310663531079397,0," 91","1"," 91",0.514810541757402,0.257776506469142,0.545876894865342,1.76861437542085,2.89250760851908
"92","S_197_S207",1.2227374805555,0.0374928058746592,0," 92","1"," 92",-0.625825719996041,0.251287445517286,-0.588332914121382,0.634404566434121,1.4142135623731
"93","S_198_S304",1.2227374805555,-0.0297818478554658,0," 93","1"," 93",-0.130624342726529,0.254938474039856,-0.160406190581994,1.06233128997351,0
"94","S_2010_S200",1.2227374805555,-0.0102535725792985,0," 94","1"," 94",-0.468033736648123,0.268802543911021,-0.478287309227421,0.744450171328082,0
"95","S_2014_S264",1.2227374805555,-0.0641891449454993,0," 95","1"," 95",-0.21127098426035,0.232217538549051,-0.27546012920585,0.947277351349654,1.25743342968294
"96","S_2015_S266",1.2227374805555,0.0323180358587417,0," 96","1"," 96",0.277679328810434,0.271421162213035,0.309997364669176,1.53273484522468,0
"97","S_2037_S371",1.2227374805555,0.117384082970306,0," 97","1"," 97",-0.0651788206596927,0.247799298931122,0.0522052623106137,1.27494274286612,0
"98","S_2073_S215",1.2227374805555,0.0190839164549501,0," 98","1"," 98",0.454848283744662,0.251499414410969,0.473932200199612,1.69666968075511,1.49534878122122
"99","S_2099_S335",1.2227374805555,0.228937823023756,0," 99","1"," 99",-0.00518337476778061,0.280383915504767,0.223754448255975,1.44649192881148,0.840896415253715
"100","S_209_S379",1.2227374805555,0.0110190596673254,0,"100","1","100",-0.454986365738566,0.230408671703144,-0.44396730607124,0.778770174484263,0
"101","S_2103_S301",1.2227374805555,0.0508516285599434,0,"101","1","101",0.0576001634547956,0.232643288176633,0.108451792014739,1.33118927257024,2.34034731932072
"102","S_2104_S224",1.2227374805555,0.0852921725632589,0,"102","1","102",-0.373313231923869,0.265667524979754,-0.28802105936061,0.934716421194893,1.31607401295249
"103","S_2105_S269",1.2227374805555,0.290453981229927,0,"103","1","103",-0.358339045357403,0.265509506576514,-0.0678850641274766,1.15485241642803,0
"104","S_2107_S349",1.2227374805555,-0.143294341859245,0,"104","1","104",-0.352948553598097,0.252664009924654,-0.496242895457342,0.726494585098161,1.18920711500272
"105","S_2115_S280",1.2227374805555,0.256207688537544,0,"105","1","105",-0.307936471615507,0.253006264856109,-0.051728783077963,1.17100869747754,2.34034731932072
"106","S_2116_S350",1.2227374805555,0.118300577325294,0,"106","1","106",-0.0713680811835721,0.249807413232617,0.046932496141722,1.26966997669723,1.31607401295249
"107","S_2135_S234",1.2227374805555,0.0506569665216972,0,"107","1","107",0.148459889348371,0.248407700820303,0.199116855870068,1.42185433642557,1.31607401295249
"108","S_2140_S363",1.2227374805555,0.158352539172169,0,"108","1","108",-0.141778362125959,0.242831908931552,0.0165741770462104,1.23931165760171,0
"109","S_2145_S212",1.2227374805555,-0.0105276227420531,0,"109","1","109",-0.333035819408881,0.236543382170219,-0.343563442150934,0.879174038404569,0
"110","S_2155_S383",1.2227374805555,0.096949520782285,0,"110","1","110",0.0030515110468069,0.24183107013227,0.100001031829092,1.32273851238459,1.4142135623731
"111","S_2187_S360",1.2227374805555,0.107802495424228,0,"111","1","111",0.257952691684924,0.255048853794013,0.365755187109152,1.58849266766466,1.96798967126543
"112","S_2192_S307",1.2227374805555,0.0578373443849192,0,"112","1","112",-0.241247793362445,0.2469820311728,-0.183410448977526,1.03932703157798,1.31607401295249
"113","S_2193_S216",1.2227374805555,0.1886215174356,0,"113","1","113",-0.313030443873608,0.260709778889525,-0.124408926438009,1.09832855411749,1.65487545982344
"114","S_2201_S214",1.2227374805555,0.0165621725070234,0,"114","1","114",-0.292185654650927,0.256761395596648,-0.275623482143904,0.947113998411599,0
"115","S_2203_S277",1.2227374805555,0.0760392256546586,0,"115","1","115",-0.502770331554391,0.313465666171467,-0.426731105899732,0.796006374655771,0
"116","S_2212_S230",1.2227374805555,0.0501299508311183,0,"116","1","116",-0.21488224557773,0.248346561561316,-0.164752294746611,1.05798518580889,0
"117","S_2214_S290",1.2227374805555,-0.16649750489893,0,"117","1","117",0.206926331964562,0.253662533907537,0.0404288270656318,1.26316630762113,1.4142135623731
"118","S_2226_S298",1.2227374805555,-0.0794487519545651,0,"118","1","118",-0.129091667417282,0.237989190282448,-0.208540419371847,1.01419706118366,2.21336383940064
"119","S_2228_S346",1.2227374805555,-0.0718024070726667,0,"119","1","119",-0.261637640221742,0.237062398381241,-0.333440047294409,0.889297433261094,0
"120","S_2232_S273",1.2227374805555,-0.101699568603163,0,"120","1","120",0.128246706169905,0.301091047782295,0.0265471375667415,1.24928461812224,1.31607401295249
"121","S_2271_S195",1.2227374805555,0.104779831835966,0,"121","1","121",0.0472031083359835,0.230840576349842,0.15198294017195,1.37472042072745,1.49534878122122
"122","S_2299_S281",1.2227374805555,0.284371605719887,0,"122","1","122",0.648049241335572,0.295641635505302,0.932420847055459,2.15515832761096,2.65914794847249
"123","S_2302_S259",1.2227374805555,0.109581160379363,0,"123","1","123",0.948535762777192,0.290984515377133,1.05811692315655,2.28085440371206,2.23606797749979
"124","S_2307_S288",1.2227374805555,-0.00396644187993953,0,"124","1","124",-0.11441203488241,0.239111085394077,-0.118378476762349,1.10435900379315,2.69178163547765
"125","S_2319_S337",1.2227374805555,0.289165728704236,0,"125","1","125",-0.262700041944353,0.291419589586479,0.0264656867598825,1.24920316731539,0
"126","S_231_S260",1.2227374805555,0.142272487099585,0,"126","1","126",0.241920780555529,0.343676531014388,0.384193267655114,1.60693074821062,2.11474252688113
"127","S_2323_S355",1.2227374805555,0.240919092122266,0,"127","1","127",-0.160950658310724,0.269605735849434,0.0799684338115418,1.30270591436704,1.25743342968294
"128","S_2351_S197",1.2227374805555,0.124388624780172,0,"128","1","128",-0.0961775117602175,0.280508349651565,0.0282111130199542,1.25094859357546,0
"129","S_2358_S289",1.2227374805555,0.237684933105062,0,"129","1","129",0.291075831081167,0.253738118616199,0.528760764186229,1.75149824474173,1.49534878122122
"130","S_2370_S336",1.2227374805555,-0.102489929911273,0,"130","1","130",0.238825770365465,0.249598284344131,0.136335840454192,1.35907332100969,1
"131","S_2375_S268",1.2227374805555,-0.0165895882419774,0,"131","1","131",0.0443115686659749,0.233292428264566,0.0277219804239974,1.2504594609795,2.51486685936587
"132","S_2395_S194",1.2227374805555,0.209198345191676,0,"132","1","132",-0.542789505868212,0.258667707962347,-0.333591160676535,0.889146319878968,1.56508458007329
"133","S_242_S324",1.2227374805555,0.039022035146618,0,"133","1","133",-0.741648858773753,0.234116357896359,-0.702626823627135,0.520110656928368,0
"134","S_248_S252",1.2227374805555,-0.0612492902213973,0,"134","1","134",-0.325407138718116,0.271135378610358,-0.386656428939514,0.836081051615989,1.77827941003892
"135","S_261_S368",1.2227374805555,0.156993069494089,0,"135","1","135",0.126620072006694,0.27178263331541,0.283613141500783,1.50635062205629,1.96798967126543
"136","S_269_S228",1.2227374805555,0.266674893298327,0,"136","1","136",-0.40117266258086,0.253160738051611,-0.134497769282533,1.08823971127297,0.840896415253715
"137","S_272_S326",1.2227374805555,0.1165746796356,0,"137","1","137",0.126033387985732,0.305382410625692,0.242608067621332,1.46534554817684,2.11474252688113
"138","S_285_S191",1.2227374805555,0.0875697739682951,0,"138","1","138",0.143879356336058,0.251010241090894,0.231449130304353,1.45418661085986,2.05976714390712
"139","S_28_S364",1.2227374805555,0.0482639978140194,0,"139","1","139",-0.332766480829091,0.307654400658943,-0.284502483015071,0.938234997540432,0
"140","S_294_S317",1.2227374805555,0.323932870429283,0,"140","1","140",-0.208598437146946,0.310565661887992,0.115334433282337,1.33807191383784,0
"141","S_298_S354",1.2227374805555,0.412460555745013,0,"141","1","141",0.0197649785576711,0.341500005530064,0.432225534302684,1.65496301485819,2.11474252688113
"142","S_304_S341",1.2227374805555,0.133425041201056,0,"142","1","142",-0.488039376333256,0.289264513897924,-0.3546143351322,0.868123145423303,0
"143","S_325_S347",1.2227374805555,0.0718646565906413,0,"143","1","143",-0.171441561717493,0.252080053616145,-0.0995769051268519,1.12316057542865,0
"144","S_381_S205",1.2227374805555,0.125594464644765,0,"144","1","144",-0.476734765893365,0.234354973783748,-0.3511403012486,0.871597179306903,2.65914794847249
"145","S_382_S276",1.2227374805555,0.0250832767120694,0,"145","1","145",0.15308299258035,0.292505214057956,0.17816626929242,1.40090374984792,2.89250760851908
"146","S_389_S330",1.2227374805555,0.389674147441148,0,"146","1","146",0.736102109849909,0.295875016636666,1.12577625729106,2.34851373784656,2.23606797749979
"147","S_394_S237",1.2227374805555,0.106934693257697,0,"147","1","147",-0.46160692273178,0.312205202938255,-0.354672229474083,0.868065251081421,0
"148","S_398_S239",1.2227374805555,0.205849394464875,0,"148","1","148",0.152049585645359,0.315251125032172,0.357898980110234,1.58063646066574,1.49534878122122
"149","S_402_S309",1.2227374805555,0.196334182517559,0,"149","1","149",0.222125358148321,0.283150761483159,0.41845954066588,1.64119702122138,1.31607401295249
"150","S_415_S222",1.2227374805555,0.0435005137335892,0,"150","1","150",-0.143449355806796,0.253483594864175,-0.0999488420732068,1.1227886384823,0
"151","S_421_S358",1.2227374805555,-0.0207444350012813,0,"151","1","151",-0.108522635462053,0.260282715108088,-0.129267070463334,1.09347041009217,1.31607401295249
"152","S_437_S233",1.2227374805555,0.186894949388771,0,"152","1","152",0.248912179456379,0.26180380831961,0.43580712884515,1.65854460940065,1.18920711500272
"153","S_449_S352",1.2227374805555,0.193632245235305,0,"153","1","153",0.350623660417097,0.24415011322012,0.544255905652402,1.76699338620791,2.05976714390712
"154","S_451_S261",1.2227374805555,0.00188822627043017,0,"154","1","154",-0.234992340699329,0.269900047010854,-0.233104114428899,0.989633366126604,0
"155","S_471_S344",1.2227374805555,0.0439453382381369,0,"155","1","155",0.152761700986423,0.225228508811639,0.19670703922456,1.41944451978006,0
"156","S_473_S362",1.2227374805555,0.208345722462894,0,"156","1","156",0.565395603840253,0.266117071102718,0.773741326303147,1.99647880685865,1.56508458007329
"157","S_477_S225",1.2227374805555,0.270357102756479,0,"157","1","157",0.176053297550239,0.256912331837733,0.446410400306719,1.66914788086222,0
"158","S_494_S382",1.2227374805555,0.200318446844626,0,"158","1","158",0.231327916044653,0.253300117346964,0.431646362889279,1.65438384344478,1.49534878122122
"159","S_496_S381",1.2227374805555,0.341655997114135,0,"159","1","159",0.59619490107713,0.279578133271349,0.937850898191265,2.16058837874677,2.17793858734643
"160","S_499_S265",1.2227374805555,0.360427885328269,0,"160","1","160",-0.0357279270489069,0.297495571896678,0.324699958279362,1.54743743883487,2.05976714390712
"161","S_4_S313",1.2227374805555,0.169013767786099,0,"161","1","161",0.32629954621439,0.249352707591863,0.495313314000488,1.71805079455599,2.78315768371374
"162","S_525_S305",1.2227374805555,0.152464444966249,0,"162","1","162",-0.223571805725551,0.248162236273592,-0.0711073607593014,1.1516301197962,0
"163","S_529_S314",1.2227374805555,0.00611047968473896,0,"163","1","163",-0.233676687693745,0.271401410446216,-0.227566208009006,0.995171272546497,1.18920711500272
"164","S_550_S257",1.2227374805555,0.147745303926981,0,"164","1","164",-0.192740396241655,0.259333606127576,-0.0449950923146741,1.17774238824083,2.94283095638271
"165","S_552_S308",1.2227374805555,0.0353989156158775,0,"165","1","165",0.426103350588748,0.233124422877619,0.461502266204625,1.68423974676013,1.31607401295249
"166","S_564_S211",1.2227374805555,0.271866086919426,0,"166","1","166",-0.188523169354092,0.337582092885589,0.0833429175653347,1.30608039812084,1.73205080756888
"167","S_572_S203",1.2227374805555,0.0485262427326861,0,"167","1","167",0.348363373875763,0.260810051169657,0.396889616608449,1.61962709716395,0
"168","S_597_S255",1.2227374805555,-0.00572939266716838,0,"168","1","168",0.0770906707745272,0.238326062369956,0.0713612781073588,1.29409875866286,1.8612097182042
"169","S_652_S232",1.2227374805555,0.0697857470718091,0,"169","1","169",0.0500576042448991,0.25743219991378,0.119843351316708,1.34258083187221,2.51486685936587
"170","S_66_S321",1.2227374805555,0.137601096360545,0,"170","1","170",-0.141978190982327,0.247836247061414,-0.00437709462178215,1.21836038593372,2.65914794847249
"171","S_699_S356",1.2227374805555,0.0665695908989882,0,"171","1","171",-0.211104562448765,0.284150427557183,-0.144534971549777,1.07820250900573,1.49534878122122
"172","S_6_S348",1.2227374805555,-0.0741502894167593,0,"172","1","172",0.265755222337728,0.233111483918678,0.191604932920968,1.41434241347647,1.49534878122122
"173","S_701_S340",1.2227374805555,0.170622808047818,0,"173","1","173",-0.455437073672972,0.299493613876898,-0.284814265625154,0.937923214930349,2.11474252688113
"174","S_704_S282",1.2227374805555,0.153701634931411,0,"174","1","174",-0.678331597917239,0.292215242416106,-0.524629962985828,0.698107517569675,2.34034731932072
"175","S_716_S283",1.2227374805555,0.210874425443344,0,"175","1","175",0.197293722427071,0.255292899711037,0.408168147870415,1.63090562842592,1.8612097182042
"176","S_732_S243",1.2227374805555,-0.128674731689125,0,"176","1","176",0.866212788727225,0.262144160077353,0.7375380570381,1.9602755375936,2.54572989502183
"177","S_737_S201",1.2227374805555,0.134233094270059,0,"177","1","177",0.385872370766182,0.23612028111475,0.520105465036241,1.74284294559174,2.73861278752583
"178","S_769_S220",1.2227374805555,0.167354456899905,0,"178","1","178",-0.141157113884912,0.277976030478523,0.0261973430149929,1.2489348235705,1
"179","S_797_S209",1.2227374805555,-0.0329567272004018,0,"179","1","179",0.130839334746921,0.233614607776955,0.0978826075465189,1.32062008810202,0
"180","S_809_S270",1.2227374805555,0.0455677290556227,0,"180","1","180",0.633069896378951,0.262271044875194,0.678637625434574,1.90137510599008,2.65914794847249
"181","S_81_S279",1.2227374805555,0.196751005671103,0,"181","1","181",-0.142555139179955,0.242590855564368,0.0541958664911476,1.27693334704665,1.56508458007329
"182","S_829_S286",1.2227374805555,0.126359743201222,0,"182","1","182",-0.107845018082204,0.258218866353607,0.0185147251190181,1.24125220567452,2.11474252688113
"183","S_831_S353",1.2227374805555,0.28084262716417,0,"183","1","183",0.0863299738112988,0.256824709235929,0.367172600975469,1.58991008153097,2.65914794847249
"184","S_838_S306",1.2227374805555,0.336519458165273,0,"184","1","184",-0.525112733164398,0.319018996090247,-0.188593274999125,1.03414420555638,2.23606797749979
"185","S_868_S274",1.2227374805555,0.122202789802765,0,"185","1","185",0.311053746441711,0.272882197547133,0.433256536244476,1.65599401679998,1.10668191970032
"186","S_869_S241",1.2227374805555,-0.0272061570811682,0,"186","1","186",0.0320090386609794,0.270947585754124,0.00480288157981123,1.22754036213531,1.56508458007329
"187","S_874_S217",1.2227374805555,0.22892848658381,0,"187","1","187",0.174861264825822,0.277066219169356,0.403789751409632,1.62652723196514,2.34034731932072
"188","S_881_S365",1.2227374805555,0.0871050599895061,0,"188","1","188",0.14258020595229,0.285924946321049,0.229685265941796,1.4524227464973,2.78315768371374
"189","S_89_S199",1.2227374805555,0.0767720969856197,0,"189","1","189",0.140619835529081,0.229195300247385,0.217391932514701,1.4401294130702,0
"190","S_905_S248",1.2227374805555,0.035447226798763,0,"190","1","190",-0.561117596538567,0.235001469106189,-0.525670369739804,0.697067110815699,0.840896415253715
"191","S_927_S334",1.2227374805555,0.0971511511793474,0,"191","1","191",0.447073911541208,0.235866479615995,0.544225062720555,1.76696254327606,0
"192","S_984_S370",1.2227374805555,0.159563894615891,0,"192","1","192",-0.534954150461646,0.237277792729928,-0.375390255845755,0.847347224709748,1.49534878122122
"193","S_989_S196",1.2227374805555,0.195777564072228,0,"193","1","193",-0.531257199880842,0.253148626132587,-0.335479635808614,0.887257844746889,1.25743342968294
"194","S_9_S300",1.2227374805555,0.258835865176283,0,"194","1","194",0.600401836502954,0.259458111222221,0.859237701679238,2.08197518223474,2.78315768371374
"195","S_1001_S52_L003",1.2227374805555,0.226753410186095,0,"195","1","195",0.263007035686543,0.282393619191266,0.489760445872638,1.71249792642814,2.65914794847249
"196","S_1004_S75_L003",1.2227374805555,0.25927586629081,0,"196","1","196",0.294759944694919,0.288490097807208,0.554035810985729,1.77677329154123,2.89250760851908
"197","S_1010_S144",1.2227374805555,0.126640577195796,0,"197","1","197",-0.227404619206894,0.233218761983217,-0.100764042011098,1.12197343854441,1.49534878122122
"198","S_1012_S150",1.2227374805555,0.138131253068328,0,"198","1","198",0.309366959134933,0.270150135171928,0.447498212203261,1.67023569275876,2.11474252688113
"199","S_1013_S145",1.2227374805555,0.0346820220974424,0,"199","1","199",-0.462258498852514,0.267875938336512,-0.427576476755072,0.795161003800431,1.49534878122122
"200","S_101_S15_L003",1.2227374805555,0.0216775387537951,0,"200","1","200",0.196345327941253,0.290962156982858,0.218022866695048,1.44076034725055,1
"201","S_1020_S139",1.2227374805555,-0.00943715529212658,0,"201","1","201",0.289705056214582,0.291271322087669,0.280267900922455,1.50300538147796,1.22474487139159
"202","S_1022_S29",1.2227374805555,0.309287491073929,0,"202","1","202",-0.0478299759844393,0.342733923049687,0.261457515089489,1.48419499564499,2.23606797749979
"203","S_1029_S66_L003",1.2227374805555,0.305616555220969,0,"203","1","203",-0.395620650964721,0.311593282935652,-0.0900040957437522,1.13273338481175,0
"204","S_1030_S13",1.2227374805555,0.252178967641472,0,"204","1","204",-0.365528139368446,0.279510903404836,-0.113349171726974,1.10938830882853,2.34034731932072
"205","S_1036_S32",1.2227374805555,0.0731966894738484,0,"205","1","205",0.220010552511718,0.257899339147029,0.293207241985566,1.51594472254107,1.77827941003892
"206","S_1041_S151",1.2227374805555,-0.0987668757006474,0,"206","1","206",-0.157291344725644,0.237083094074301,-0.256058220426291,0.966679260129212,2.89250760851908
"207","S_1053_S23",1.2227374805555,0.240313954710671,0,"207","1","207",0.335636238216274,0.30484937564201,0.575950192926945,1.79868767348245,2.21336383940064
"208","S_1075_S38",1.2227374805555,0.148414426218219,0,"208","1","208",-0.0729030620058275,0.281130188399938,0.0755113642123919,1.2982488447679,2.11474252688113
"209","S_1076_S167",1.2227374805555,0.166975151362525,0,"209","1","209",-0.24421576968325,0.240352491431609,-0.0772406183207252,1.14549686223478,2.34034731932072
"210","S_107_S16",1.2227374805555,-0.132012437744136,0,"210","1","210",-0.318932462751644,0.282783373154519,-0.45094490049578,0.771792580059723,2.34034731932072
"211","S_1093_S116",1.2227374805555,-0.193325133091189,0,"211","1","211",0.622897260604705,0.26070687221147,0.429572127513516,1.65230960806902,2.34034731932072
"212","S_10_S169",1.2227374805555,-0.113519876483876,0,"212","1","212",0.171471419764945,0.237339121677662,0.0579515432810693,1.28068902383657,1.8612097182042
"213","S_1118_S92",1.2227374805555,0.298191148420141,0,"213","1","213",-0.106419632932167,0.27472935938474,0.191771515487975,1.41450899604348,1.49534878122122
"214","S_1125_S30_L003",1.2227374805555,0.0297396134319129,0,"214","1","214",-0.223004743435862,0.289422837709851,-0.193265130003949,1.02947235055155,0
"215","S_1134_S91",1.2227374805555,0.0181056774887028,0,"215","1","215",0.383648161541426,0.248927840858797,0.401753839030128,1.62449131958563,1.31607401295249
"216","S_1138_S159",1.2227374805555,0.171160666815726,0,"216","1","216",-0.0652590784957178,0.249904774036496,0.105901588320008,1.32863906887551,2.34034731932072
"217","S_113_S7_L003",1.2227374805555,-0.0160872860791429,0,"217","1","217",0.245575382833586,0.293382854489994,0.229488096754444,1.45222557730995,1.18920711500272
"218","S_1140_S60_L003",1.2227374805555,0.200494162646782,0,"218","1","218",0.260926927013419,0.244910397728023,0.461421089660201,1.6841585702157,2.05976714390712
"219","S_1154_S161",1.2227374805555,0.00747538766404326,0,"219","1","219",-0.105653476725557,0.289297206382818,-0.0981780890615135,1.12455939149399,1.96798967126543
"220","S_1160_S11",1.2227374805555,0.233038675088319,0,"220","1","220",0.0936860475631175,0.28605955931081,0.326724722651436,1.54946220320694,2.89250760851908
"221","S_1177_S24",1.2227374805555,0.190499000148825,0,"221","1","221",0.436313701939139,0.25411285605615,0.626812702087964,1.84955018264347,1.77827941003892
"222","S_1179_S105",1.2227374805555,0.298874249183841,0,"222","1","222",0.956466776597328,0.337756018773841,1.25534102578117,2.47807850633667,2.51486685936587
"223","S_1200_S164",1.2227374805555,0.214831520788429,0,"223","1","223",-0.345166930824558,0.245832333615422,-0.130335410036129,1.09240207051937,2.34034731932072
"224","S_1202_S72_L003",1.2227374805555,-0.0283917073675679,0,"224","1","224",0.743469765489155,0.233404799692128,0.715078058121587,1.93781553867709,2.51486685936587
"225","S_1203_S53",1.2227374805555,-0.0933443616286135,0,"225","1","225",0.707133338227874,0.255199247519867,0.61378897659926,1.83652645715476,0
"226","S_1210_S120",1.2227374805555,0.114217997175771,0,"226","1","226",0.377293706415653,0.251352736416956,0.491511703591424,1.71424918414693,1.25743342968294
"227","S_1213_S95_L003",1.2227374805555,0.185433477611192,0,"227","1","227",0.503430534583883,0.279206412173387,0.688864012195075,1.91160149275058,2.11474252688113
"228","S_122_S43_L003",1.2227374805555,0.314838276374021,0,"228","1","228",0.0881693376991394,0.279434533294813,0.403007614073161,1.62574509462866,1.56508458007329
"229","S_1247_S133",1.2227374805555,0.243138853868158,0,"229","1","229",-0.0526725720833696,0.248510185244812,0.190466281784788,1.41320376234029,0
"230","S_1257_S89",1.2227374805555,0.160088140987533,0,"230","1","230",0.369428934867894,0.242824609522585,0.529517075855426,1.75225455641093,1.49534878122122
"231","S_125_S163",1.2227374805555,0.0251244765821475,0,"231","1","231",-0.433683004003806,0.2290853274632,-0.408558527421659,0.814178953133845,0
"232","S_1278_S20",1.2227374805555,0.0899838033922901,0,"232","1","232",-0.111548793400389,0.238888191505011,-0.0215649900080989,1.2011724905474,0
"233","S_1287_S146",1.2227374805555,-0.0448806841107427,0,"233","1","233",0.383782709455114,0.268674699676244,0.338902025344372,1.56163950589987,2.34034731932072
"234","S_1289_S164",1.2227374805555,0.186012504819948,0,"234","1","234",0.377967935711172,0.248532000046206,0.56398044053112,1.78671792108662,2.21336383940064
"235","S_1308_S183",1.2227374805555,0.259407434252492,0,"235","1","235",-0.354794968002161,0.251873720041007,-0.0953875337496688,1.12734994680583,1.49534878122122
"236","S_1323_S36",1.2227374805555,0.167654312485991,0,"236","1","236",-0.335985721105137,0.267770292213554,-0.168331408619146,1.05440607193636,1.96798967126543
"237","S_1326_S53_L003",1.2227374805555,0.165142286573886,0,"237","1","237",0.276672239424363,0.245924462797058,0.441814525998249,1.66455200655375,2.78315768371374
"238","S_132_S41",1.2227374805555,0.343353512708649,0,"238","1","238",-0.145850553226964,0.302159060654494,0.197502959481685,1.42024044003719,0
"239","S_1370_S76",1.2227374805555,-0.0253710022228218,0,"239","1","239",-0.724013265775036,0.225726570493282,-0.749384267997858,0.473353212557645,0
"240","S_1374_S132",1.2227374805555,0.169119247337209,0,"240","1","240",0.0281431091599112,0.264239009933021,0.19726235649712,1.41999983705262,0
"241","S_1384_S78",1.2227374805555,0.371074937953606,0,"241","1","241",0.265551295927472,0.296667430436574,0.636626233881078,1.85936371443658,0
"242","S_1390_S94",1.2227374805555,0.204883410996537,0,"242","1","242",-0.245472843246712,0.254425896771531,-0.0405894322501747,1.18214804830533,2.65914794847249
"243","S_1393_S83_L003",1.2227374805555,0.16455906420776,0,"243","1","243",-0.395583856097716,0.263762026063068,-0.231024791889956,0.991712688665547,0
"244","S_1395_S102",1.2227374805555,0.144697806021692,0,"244","1","244",-0.658763538186552,0.244426186840464,-0.514065732164861,0.708671748390643,1.49534878122122
"245","S_1403_S130",1.2227374805555,0.217393082825451,0,"245","1","245",-0.0385954217529402,0.25624666067859,0.17879766107251,1.40153514162801,1.31607401295249
"246","S_1405_S126",1.2227374805555,0.0199113543263642,0,"246","1","246",-0.119211930601681,0.242580486870109,-0.0993005762753172,1.12343690428019,0
"247","S_1408_S17_L003",1.2227374805555,0.101132000365427,0,"247","1","247",0.191646975870939,0.278225018610013,0.292778976236367,1.51551645679187,2.89250760851908
"248","S_1412_S125",1.2227374805555,0.0149248278003112,0,"248","1","248",-0.170685582061579,0.232462123097527,-0.155760754261268,1.06697672629424,0
"249","S_1413_S10_L003",1.2227374805555,0.200553880476135,0,"249","1","249",-0.126717858750311,0.282392887082651,0.0738360217258238,1.29657350228133,1.56508458007329
"250","S_141_S188",1.2227374805555,0.0481030247582812,0,"250","1","250",-0.400779093101354,0.241983478640747,-0.352676068343073,0.87006141221243,1
"251","S_1434_S73_L003",1.2227374805555,-0.111732848152454,0,"251","1","251",-0.0844647813761299,0.272668437303837,-0.196197629528584,1.02653985102692,0
"252","S_1443_S64_L003",1.2227374805555,-0.117617474275074,0,"252","1","252",0.0158523194100235,0.254734127404977,-0.101765154865051,1.12097232569045,1.56508458007329
"253","S_1462_S171",1.2227374805555,0.178469849166482,0,"253","1","253",-0.375691215748908,0.248454530995479,-0.197221366582426,1.02551611397308,2.05976714390712
"254","S_1464_S64",1.2227374805555,0.213173211379733,0,"254","1","254",0.136667974419395,0.32816247360805,0.349841185799128,1.57257866635463,1.25743342968294
"255","S_1467_S106",1.2227374805555,-0.102475499588984,0,"255","1","255",0.0082224946775456,0.251016017300381,-0.094253004911438,1.12848447564407,1.56508458007329
"256","S_1468_S139",1.2227374805555,0.114529813629809,0,"256","1","256",0.380699532846811,0.236336152726626,0.49522934647662,1.71796682703212,1.56508458007329
"257","S_1479_S2_L003",1.2227374805555,0.0919624605465298,0,"257","1","257",0.291155999546299,0.23827003726888,0.383118460092829,1.60585594064833,1.31607401295249
"258","S_147_S19",1.2227374805555,0.0154320606628268,0,"258","1","258",-0.445759492273654,0.236190629076967,-0.430327431610827,0.792410048944676,1.49534878122122
"259","S_14_S3",1.2227374805555,0.0960676566510504,0,"259","1","259",-0.545436890254301,0.264987659617565,-0.449369233603251,0.773368246952252,0
"260","S_1506_S61",1.2227374805555,0.105019966502442,0,"260","1","260",-0.590549148538856,0.310638122525329,-0.485529182036414,0.737208298519089,0
"261","S_1516_S148",1.2227374805555,0.143257102414338,0,"261","1","261",0.0807989342518171,0.253134369792109,0.224056036666155,1.44679351722166,1.73205080756888
"262","S_151_S93",1.2227374805555,-0.102392574223362,0,"262","1","262",0.0845870075245166,0.251979526593425,-0.0178055666988449,1.20493191385666,0
"263","S_1521_S18",1.2227374805555,-0.133070270852817,0,"263","1","263",-0.185569038235991,0.279477499489573,-0.318639309088808,0.904098171466695,2.11474252688113
"264","S_1528_S47",1.2227374805555,0.268773663478009,0,"264","1","264",0.148485470867557,0.277431147892894,0.417259134345567,1.63999661490107,2.11474252688113
"265","S_1531_S31_L003",1.2227374805555,0.0422724386890033,0,"265","1","265",-0.183114457258811,0.236442740189602,-0.140842018569808,1.0818954619857,0
"266","S_1532_S117",1.2227374805555,0.0983207984760861,0,"266","1","266",0.483422969962095,0.270936791646851,0.581743768438181,1.80448124899368,2.65914794847249
"267","S_1542_S44",1.2227374805555,0.0423140509400889,0,"267","1","267",-0.150900247473571,0.228764858007269,-0.108586196533482,1.11415128402202,0
"268","S_154_S162",1.2227374805555,0.0458649751492391,0,"268","1","268",0.291376575941635,0.227922792229906,0.337241551090874,1.55997903164638,1.65487545982344
"269","S_1552_S185",1.2227374805555,0.189168911169732,0,"269","1","269",-0.0618938740453283,0.261411771809053,0.127275037124403,1.35001251767991,1.31607401295249
"270","S_1561_S52",1.2227374805555,0.101404193458491,0,"270","1","270",-0.560553354413013,0.228027712171301,-0.459149160954522,0.763588319600981,1.25743342968294
"271","S_1565_S74_L003",1.2227374805555,0.106085447150173,0,"271","1","271",0.259582318773914,0.262791849490221,0.365667765924087,1.58840524647959,1.4142135623731
"272","S_1567_S13_L003",1.2227374805555,0.0826801668632268,0,"272","1","272",0.467529186561903,0.271217825243998,0.550209353425129,1.77294683398063,1.49534878122122
"273","S_159_S190",1.2227374805555,0.215836093220883,0,"273","1","273",0.330860010325697,0.249700085494241,0.54669610354658,1.76943358410208,2.34034731932072
"274","S_1604_S168",1.2227374805555,0.202505777628638,0,"274","1","274",0.0564056186731093,0.275132407466212,0.258911396301748,1.48164887685725,2.44948974278318
"275","S_1620_S26",1.2227374805555,-0.0787630109280186,0,"275","1","275",-0.137054780394252,0.223246602840754,-0.215817791322271,1.00691968923323,0
"276","S_1651_S111",1.2227374805555,0.15585311022849,0,"276","1","276",0.281057829170275,0.23902991098707,0.436910939398766,1.65964841995427,1.49534878122122
"277","S_1660_S143",1.2227374805555,0.244726861478866,0,"277","1","277",0.0135388620529901,0.278821303994273,0.258265723531856,1.48100320408736,2.51486685936587
"278","S_1674_S49_L003",1.2227374805555,0.10288343264184,0,"278","1","278",-0.203730093982152,0.228133193750671,-0.100846661340312,1.12189081921519,1.25743342968294
"279","S_1675_S175",1.2227374805555,0.0306302942383892,0,"279","1","279",-0.126622209914994,0.245626359647775,-0.0959919156766052,1.1267455648789,1.4142135623731
"280","S_1678_S107",1.2227374805555,-0.163415066649057,0,"280","1","280",0.223673415087661,0.243847915481528,0.0602583484386038,1.28299582899411,1.31607401295249
"281","S_1687_S90_L003",1.2227374805555,-0.0537631400964953,0,"281","1","281",0.0120174297475621,0.23211522049828,-0.0417457103489332,1.18099177020657,0
"282","S_1691_S141",1.2227374805555,-0.192142973999313,0,"282","1","282",-0.0535618781538845,0.291486512601205,-0.245704852153198,0.977032628402305,1.39157884185687
"283","S_1697_S147",1.2227374805555,0.406514289186704,0,"283","1","283",-0.0169589353550982,0.318267079066591,0.389555353831606,1.61229283438711,1.49534878122122
"284","S_169_S27",1.2227374805555,-0.108206139384212,0,"284","1","284",0.675277718145934,0.279416966537049,0.567071578761721,1.78980905931722,1.31607401295249
"285","S_16_S56_L003",1.2227374805555,0.0925491062160853,0,"285","1","285",0.00717623464328604,0.258954786671762,0.0997253408593713,1.32246282141487,2.23606797749979
"286","S_1725_S144",1.2227374805555,0.295427758457499,0,"286","1","286",-0.0327637269556998,0.278345933558286,0.262664031501799,1.4854015120573,0.840896415253715
"287","S_1727_S30",1.2227374805555,0.0529725255680522,0,"287","1","287",0.355968293080946,0.315454534397219,0.408940818648998,1.6316782992045,1.25743342968294
"288","S_1735_S172",1.2227374805555,0.135537861858963,0,"288","1","288",0.378282512891098,0.233353872501699,0.51382037475006,1.73655785530556,1.56508458007329
"289","S_1740_S146",1.2227374805555,0.242080953392363,0,"289","1","289",-0.124377508194417,0.255439399265187,0.117703445197946,1.34044092575345,1.91682931273882
"290","S_1747_S48_L003",1.2227374805555,0.388622995245218,0,"290","1","290",0.0389692744805302,0.327061308803138,0.427592269725748,1.65032975028125,1.49534878122122
"291","S_1753_S75",1.2227374805555,0.091660488872275,0,"291","1","291",0.333464088910598,0.236216787959083,0.425124577782873,1.64786205833838,1.49534878122122
"292","S_1755_S134",1.2227374805555,0.216147136162088,0,"292","1","292",0.0255148751788193,0.254181687499921,0.241662011340907,1.46439949189641,1
"293","S_1757_S61_L003",1.2227374805555,0.234881093550029,0,"293","1","293",-0.327978548379339,0.27555087564676,-0.09309745482931,1.12964002572619,1.96798967126543
"294","S_177_S62",1.2227374805555,0.156003884776728,0,"294","1","294",0.698086606565912,0.260412156255467,0.85409049134264,2.07682797189814,1.49534878122122
"295","S_1780_S45_L003",1.2227374805555,0.283479631972607,0,"295","1","295",0.105628500901301,0.307773370427084,0.389108132873907,1.61184561342941,1.8612097182042
"296","S_1781_S84",1.2227374805555,0.231745561941269,0,"296","1","296",-0.156381360280758,0.257863344961802,0.0753642016605118,1.29810168221601,1.96798967126543
"297","S_1783_S150",1.2227374805555,0.271922730285488,0,"297","1","297",0.359636463078549,0.277798453715869,0.631559193364036,1.85429667391954,0.840896415253715
"298","S_1799_S86",1.2227374805555,0.107898262189581,0,"298","1","298",0.0240633311861362,0.239547057540161,0.131961593375717,1.35469907393122,1.31607401295249
"299","S_1800_S14_L003",1.2227374805555,0.347601752923244,0,"299","1","299",0.0788600860982468,0.28255905190705,0.426461839021491,1.64919931957699,0
"300","S_1811_S148",1.2227374805555,0.0487279740797157,0,"300","1","300",0.640549635586585,0.223407411393008,0.689277609666301,1.9120150902218,2.11474252688113
"301","S_181_S65",1.2227374805555,0.230601929285795,0,"301","1","301",0.320083005901,0.264815804095799,0.550684935186795,1.7734224157423,1.62657656169779
"302","S_1822_S37",1.2227374805555,-0.0316345901191339,0,"302","1","302",-0.539238098240547,0.28427707269251,-0.570872688359681,0.651864792195822,1.77827941003892
"303","S_1823_S3_L003",1.2227374805555,0.0510305123014365,0,"303","1","303",0.214273358096509,0.310329784579642,0.265303870397946,1.48804135095345,1
"304","S_1824_S180",1.2227374805555,0.00455972605248475,0,"304","2","  1",-0.232519394043666,0.230036074631533,-0.227959667991181,0.994777812564322,NA
"305","S_1828_S156",1.2227374805555,0.326992290003422,0,"305","1","304",-0.173413549782933,0.309797923867736,0.153578740220489,1.37631622077599,1.18920711500272
"306","S_1834_S114",1.2227374805555,0.057742179723016,0,"306","1","305",-0.0825489770249146,0.24706546638024,-0.0248067973018986,1.1979306832536,1.77827941003892
"307","S_1835_S57",1.2227374805555,0.151267127191597,0,"307","1","306",-0.0762004712710618,0.242178505612311,0.0750666559205354,1.29780413647604,0
"308","S_1845_S34",1.2227374805555,0.106293998342762,0,"308","1","307",0.810907665106862,0.263977000252396,0.917201663449625,2.13993914400513,2.51486685936587
"309","S_1855_S49",1.2227374805555,-0.00199121626399396,0,"309","1","308",-0.00275729066090794,0.226165635152633,-0.0047485069249019,1.2179889736306,1
"310","S_1856_S51",1.2227374805555,0.117190730894166,0,"310","1","309",0.199496670998744,0.254356269463128,0.31668740189291,1.53942488244841,0.840896415253715
"311","S_185_S72",1.2227374805555,0.103945359384168,0,"311","1","310",-0.614843362648474,0.239933046926475,-0.510898003264306,0.711839477291197,0
"312","S_1861_S1_L003",1.2227374805555,0.16704385555167,0,"312","1","311",0.578639428406703,0.244317313468339,0.745683283958372,1.96842076451388,2.51486685936587
"313","S_1871_S186",1.2227374805555,0.125276830006483,0,"313","1","312",0.3373990852575,0.249410770412234,0.462675915263983,1.68541339581949,1.73205080756888
"314","S_188_S79",1.2227374805555,0.215372081068588,0,"314","1","313",0.165256532537571,0.244814867169393,0.380628613606158,1.60336609416166,1.18920711500272
"315","S_1909_S132",1.2227374805555,0.225916114127521,0,"315","1","314",-0.00013396856446557,0.273116783656684,0.225782145563055,1.44851962611856,2.05976714390712
"316","S_190_S2",1.2227374805555,0.202291665393132,0,"316","1","315",-0.399468089254538,0.254449518810088,-0.197176423861407,1.0255610566941,2.23606797749979
"317","S_1910_S23_L003",1.2227374805555,0.0909293823753602,0,"317","1","316",-0.663395848114151,0.262146043992349,-0.572466465738791,0.650271014816712,1.49534878122122
"318","S_1921_S54",1.2227374805555,0.00257840050664264,0,"318","1","317",-0.423594111973384,0.25958488633327,-0.421015711466741,0.801721769088762,0
"319","S_1934_S21_L003",1.2227374805555,0.124225848785665,0,"319","1","318",0.303006374687322,0.271015939993937,0.427232223472987,1.64996970402849,2.89250760851908
"320","S_1935_S15",1.2227374805555,0.192755831893643,0,"320","1","319",0.277951389730039,0.309009020762886,0.470707221623682,1.69344470217919,1.49534878122122
"321","S_1939_S59",1.2227374805555,0.117736303950833,0,"321","1","320",-0.0494264211685256,0.25155722201295,0.0683098827823069,1.29104736333781,2.11474252688113
"322","S_1945_S21",1.2227374805555,0.0734391706691772,0,"322","1","321",-0.315297466005353,0.243310266356632,-0.241858295336176,0.980879185219328,2.21336383940064
"323","S_1946_S184",1.2227374805555,0.139767817639942,0,"323","1","322",0.362383288145758,0.237044229235461,0.502151105785701,1.7248885863412,1.31607401295249
"324","S_1950_S66",1.2227374805555,0.262074198400623,0,"324","1","323",-0.0761635820594442,0.291027107614795,0.185910616341179,1.40864809689668,0
"325","S_1955_S145",1.2227374805555,0.236911356134724,0,"325","1","324",-0.0985650138816168,0.251751812150598,0.138346342253107,1.36108382280861,1.45647531512197
"326","S_1956_S127",1.2227374805555,0.0128695082552002,0,"326","1","325",-0.0913419668843987,0.276248663043843,-0.0784724586291984,1.1442650219263,0
"327","S_1971_S104",1.2227374805555,-0.0113493545545756,0,"327","1","326",-0.0585992120550989,0.277620704436842,-0.0699485666096745,1.15278891394583,2.11474252688113
"328","S_1998_S79_L003",1.2227374805555,-0.0989185970317636,0,"328","1","327",0.0847009920395494,0.267589503190395,-0.0142176049922142,1.20851987556329,0
"329","S_199_S59_L003",1.2227374805555,0.0747233891416048,0,"329","1","328",0.0831601653303695,0.245406391309731,0.157883554471974,1.38062103502748,1
"330","S_1_S123",1.2227374805555,0.20562622647955,0,"330","1","329",0.102450476618241,0.283114290018972,0.308076703097791,1.53081418365329,0
"331","S_2005_S22",1.2227374805555,0.0983250559331452,0,"331","1","330",0.0476839420628117,0.248498971203998,0.146008997995957,1.36874647855146,2.23606797749979
"332","S_2008_S85_L003",1.2227374805555,0.0777129601900779,0,"332","1","331",0.00382007772828924,0.258858836073192,0.0815330379183672,1.30427051847387,1.31607401295249
"333","S_2025_S28",1.2227374805555,-0.0675210315698052,0,"333","1","332",0.193607579601812,0.2833508827006,0.126086548032007,1.34882402858751,1.25743342968294
"334","S_2029_S18_L003",1.2227374805555,0.0377532570822139,0,"334","1","333",0.548297993146818,0.237362423275458,0.586051250229032,1.80878873078454,2.51486685936587
"335","S_2031_S70",1.2227374805555,-0.0510543379441275,0,"335","1","334",0.122986720514775,0.245924486525027,0.0719323825706479,1.29466986312615,0
"336","S_2038_S118",1.2227374805555,0.00692418266897209,0,"336","1","335",0.169297267412741,0.249928561059794,0.176221450081713,1.39895893063722,2.44948974278318
"337","S_2075_S187",1.2227374805555,0.208717122192691,0,"337","1","336",-0.23316834436657,0.245593234856489,-0.0244512221738789,1.19828625838162,0
"338","S_2076_S5_L003",1.2227374805555,0.150780920954941,0,"338","1","337",-0.43085731475061,0.23794966859214,-0.280076393795669,0.942661086759834,1.77827941003892
"339","S_2077_S82_L003",1.2227374805555,0.116665724127897,0,"339","1","338",-0.310010058744479,0.239762383015616,-0.193344334616582,1.02939314593892,0.840896415253715
"340","S_2080_S6_L003",1.2227374805555,0.0511672207371348,0,"340","1","339",-0.266106280955031,0.242076664981006,-0.214939060217896,1.00779842033761,2.51486685936587
"341","S_2083_S65_L003",1.2227374805555,0.247053657754572,0,"341","1","340",0.142974701311429,0.271749181651563,0.390028359066002,1.6127658396215,1.31607401295249
"342","S_2089_S17",1.2227374805555,0.107694089348493,0,"342","1","341",-0.666276432895928,0.273338292615354,-0.558582343547434,0.664155137008069,0
"343","S_2096_S54_L003",1.2227374805555,0.309583924132339,0,"343","1","342",-0.386077106353635,0.268491289830122,-0.0764931822212959,1.14624429833421,2.51486685936587
"344","S_2098_S191",1.2227374805555,0.155773737093088,0,"344","1","343",-0.102030318305534,0.251026249234387,0.0537434187875537,1.27648089934306,1.31607401295249
"345","S_2108_S154",1.2227374805555,0.150590178034604,0,"345","1","344",-0.230640884730703,0.235101386007127,-0.0800507066960988,1.1426867738594,1.77827941003892
"346","S_210_S177",1.2227374805555,-0.0252756939237674,0,"346","1","345",-0.135069865722872,0.267228480167035,-0.160345559646639,1.06239192090886,0
"347","S_2120_S134",1.2227374805555,0.209428752304563,0,"347","1","346",-0.286035111432546,0.242963089200781,-0.0766063591279836,1.14613112142752,0
"348","S_2124_S101",1.2227374805555,0.147621933421102,0,"348","1","347",-0.0341989050912153,0.273438589276942,0.113423028329886,1.33616050888539,0
"349","S_2125_S140",1.2227374805555,0.0476928114859758,0,"349","1","348",-0.943250738649784,0.231267511849503,-0.895557927163808,0.327179553391695,0
"350","S_2126_S35",1.2227374805555,0.101528713592685,0,"350","1","349",0.150551215222535,0.237856214298067,0.25207992881522,1.47481740937072,1.31607401295249
"351","S_212_S12",1.2227374805555,0.034761511865461,0,"351","1","350",-0.398408601294661,0.273883432230185,-0.3636470894292,0.859090391126303,0
"352","S_2130_S16_L003",1.2227374805555,-0.0460686323170904,0,"352","1","351",0.231042055428606,0.267395921438987,0.184973423111516,1.40771090366702,1.96798967126543
"353","S_2138_S112",1.2227374805555,0.188313003725706,0,"353","1","352",-0.160742327919793,0.246020852924094,0.0275706758059129,1.25030815636142,2.23606797749979
"354","S_2139_S60",1.2227374805555,0.0495566046275553,0,"354","1","353",-0.115725917404061,0.231743203298967,-0.0661693127765059,1.156568167779,1.18920711500272
"355","S_2149_S9_L003",1.2227374805555,0.0333814072262997,0,"355","1","354",-0.0259192909970942,0.233622795106431,0.00746211622920551,1.23019959678471,0
"356","S_2157_S122",1.2227374805555,0.0534393026014287,0,"356","1","355",-0.083867492210163,0.238210531046776,-0.0304281896087344,1.19230929094677,1.18920711500272
"357","S_2162_S4_L003",1.2227374805555,0.0637084877642665,0,"357","1","356",0.241889577275653,0.246634294566002,0.305598065039919,1.52833554559542,2.05976714390712
"358","S_2167_S81_L003",1.2227374805555,0.00469609345571963,0,"358","1","357",0.702317190326885,0.246228806187954,0.707013283782605,1.92975076433811,0
"359","S_2177_S11_L003",1.2227374805555,-0.00661640073414671,0,"359","1","358",0.164108746683529,0.221779018095625,0.157492345949382,1.38022982650489,1.25743342968294
"360","S_2194_S133",1.2227374805555,0.299800060645457,0,"360","1","359",0.167834485620373,0.29468177188179,0.467634546265829,1.69037202682133,1.8612097182042
"361","S_2195_S129",1.2227374805555,0.0262146572927575,0,"361","1","360",-0.436472700530368,0.251660686519945,-0.410258043237611,0.812479437317892,0
"362","S_2200_S5",1.2227374805555,0.160236075961675,0,"362","1","361",-0.564596705885422,0.269126747485938,-0.404360629923746,0.818376850631757,0.562341325190349
"363","S_2224_S161",1.2227374805555,0.0446724549865212,0,"363","1","362",-0.010895483982694,0.252365320698453,0.0337769710038271,1.25651445155933,2.34034731932072
"364","S_2225_S110",1.2227374805555,0.147564633446002,0,"364","1","363",-0.35673038315005,0.240251066075036,-0.209165749704047,1.01357173085146,1.31607401295249
"365","S_2233_S80_L003",1.2227374805555,0.168483285144426,0,"365","1","364",-0.166773669259376,0.261367018378884,0.00170961588504961,1.22444709644055,1.56508458007329
"366","S_2277_S189",1.2227374805555,0.259499401780272,0,"366","1","365",0.0603987464261797,0.253353344537854,0.319898148206452,1.54263562876195,2.05976714390712
"367","S_228_S138",1.2227374805555,0.0712588442739652,0,"367","1","366",-0.338283874241724,0.233290401810432,-0.267025029967759,0.955712450587745,0.840896415253715
"368","S_2296_S115",1.2227374805555,0.0902886874526748,0,"368","1","367",-0.23136629279621,0.232007571401947,-0.141077605343535,1.08165987521197,0
"369","S_229_S24_L003",1.2227374805555,0.200439328243385,0,"369","1","368",0.0593973481449364,0.375701094646509,0.259836676388321,1.48257415694382,1.96798967126543
"370","S_2316_S149",1.2227374805555,0.245696003348442,0,"370","1","369",-0.0757388484887061,0.256179847224236,0.169957154859736,1.39269463541524,1
"371","S_2317_S77_L003",1.2227374805555,0.138298474162059,0,"371","1","370",0.293449099538403,0.290986827427475,0.431747573700462,1.65448505425597,1.49534878122122
"372","S_2318_S85",1.2227374805555,-0.0925968543461864,0,"372","1","371",0.389646301350751,0.239263577844528,0.297049447004564,1.51978692756007,2.44948974278318
"373","S_2326_S100",1.2227374805555,0.016888772313403,0,"373","1","372",-0.196062249815507,0.27597614966179,-0.179173477502104,1.0435640030534,0
"374","S_2332_S35_L003",1.2227374805555,0.0777434178165358,0,"374","1","373",0.174375618214737,0.284859716902276,0.252119036031272,1.47485651658678,1.96798967126543
"375","S_2335_S96",1.2227374805555,0.247819061759505,0,"375","1","374",-0.229582039806413,0.250487489582119,0.0182370219530917,1.24097450250859,0
"376","S_2341_S56",1.2227374805555,0.0129258950327939,0,"376","1","375",-0.128511969038897,0.303096584746614,-0.115586074006103,1.1071514065494,0
"377","S_2344_S156",1.2227374805555,0.303140624479289,0,"377","1","376",-0.0117504146679427,0.267321307330476,0.291390209811347,1.51412769036685,0
"378","S_2346_S152",1.2227374805555,0.144943919678494,0,"378","1","377",-0.295566061841831,0.253898223909779,-0.150622142163337,1.07211533839217,0
"379","S_2387_S147",1.2227374805555,0.260026457878664,0,"379","1","378",-0.114782095768812,0.25747370086881,0.145244362109852,1.36798184266536,1.18920711500272
"380","S_2397_S166",1.2227374805555,0.254917533565208,0,"380","1","379",-0.147571370793506,0.273237612909043,0.107346162771702,1.3300836433272,1.56508458007329
"381","S_255_S45",1.2227374805555,-0.0735197614862043,0,"381","1","380",-0.437994665011783,0.235882669246408,-0.511514426497987,0.711223054057516,0
"382","S_256_S39_L003",1.2227374805555,0.278792513489127,0,"382","1","381",0.0107671902008442,0.317772491082915,0.289559703689971,1.51229718424547,0
"383","S_274_S192",1.2227374805555,0.0412455287335722,0,"383","1","382",-0.545135396533233,0.284312705123835,-0.503889867799661,0.718847612755843,0
"384","S_276_S74",1.2227374805555,0.382304998756365,0,"384","1","383",-0.201105775087122,0.297592487350179,0.181199223669243,1.40393670422475,1.49534878122122
"385","S_27_S7",1.2227374805555,0.171097219697754,0,"385","1","384",-0.052968570486781,0.313375783784334,0.118128649210973,1.34086612976648,0.840896415253715
"386","S_285_1_S191",1.2227374805555,0.078065395027943,0,"386","1","385",0.2319784730027,0.242217485752479,0.310043868030643,1.53278134858615,2.05976714390712
"387","S_289_S32_L003",1.2227374805555,0.179891017682255,0,"387","1","386",-0.182024811364176,0.239463237002943,-0.00213379368192099,1.22060368687358,1.31607401295249
"388","S_292_S80",1.2227374805555,0.149478955784556,0,"388","1","387",-0.481706880986489,0.247547481142735,-0.332227925201932,0.890509555353571,1.31607401295249
"389","S_295_S46_L003",1.2227374805555,0.423322967957544,0,"389","1","388",-0.0830979740059791,0.375004968961517,0.340224993951565,1.56296247450707,1.31607401295249
"390","S_297_S95",1.2227374805555,0.336405906358232,0,"390","1","389",-0.191816134275562,0.299428445600935,0.14458977208267,1.36732725263817,2.51486685936587
"391","S_302_S182",1.2227374805555,0.178221252264752,0,"391","1","390",-0.129381979123788,0.263301556236776,0.0488392731409637,1.27157675369647,2.11474252688113
"392","S_328_S179",1.2227374805555,0.167408697140137,0,"392","1","391",-0.0842523657289579,0.246050404916938,0.0831563314111793,1.30589381196668,1.56508458007329
"393","S_32_S152",1.2227374805555,0.319940109853939,0,"393","1","392",-0.11873202582775,0.283732367265032,0.201208084026188,1.42394556458169,0
"394","S_331_S25",1.2227374805555,0.209073709715592,0,"394","1","393",0.31696063427622,0.249546719388964,0.526034343991812,1.74877182454732,0
"395","S_334_S137",1.2227374805555,0.0466485598773418,0,"395","1","394",0.23715636253306,0.236815085754922,0.283804922410401,1.5065424029659,0
"396","S_337_S8",1.2227374805555,0.0265767466477446,0,"396","1","395",0.220665507322475,0.267065926315736,0.24724225397022,1.46997973452572,2.99069756244244
"397","S_339_S28_L003",1.2227374805555,0.107563969992879,0,"397","1","396",0.190473526080062,0.284713511004736,0.298037496072941,1.52077497662844,0
"398","S_341_S162",1.2227374805555,0.274057425003882,0,"398","1","397",0.102108356220581,0.270015196467215,0.376165781224463,1.59890326177997,1.83142075074235
"399","S_344_S160",1.2227374805555,0.355635769550989,0,"399","1","398",-0.0826464921563964,0.274616993930483,0.272989277394593,1.4957267579501,1.56508458007329
"400","S_357_S87",1.2227374805555,-0.0908644319982127,0,"400","1","399",0.606235311460675,0.240072848297114,0.515370879462463,1.73810836001797,1.49534878122122
"401","S_371_S41_L003",1.2227374805555,0.240560622543699,0,"401","1","400",-0.558816345744875,0.251672020829183,-0.318255723201177,0.904481757354327,1
"402","S_373_S73",1.2227374805555,0.119763794609028,0,"402","1","401",-0.535221605320456,0.275705930586111,-0.415457810711428,0.807279669844075,0
"403","S_377_S12_L003",1.2227374805555,-0.0516434942414603,0,"403","1","402",0.0871828752468619,0.284438611007484,0.0355393810054016,1.2582768615609,2.78315768371374
"404","S_385_S62_L003",1.2227374805555,0.158011111714152,0,"404","1","403",-0.213646683566059,0.25368742536012,-0.0556355718519068,1.1671019087036,2.23606797749979
"405","S_393_S135",1.2227374805555,0.134771315579483,0,"405","2","  2",-0.0553795061941398,0.241970702026269,0.079391809385343,1.30212928994085,NA
"406","S_397_S176",1.2227374805555,-0.0596830761251798,0,"406","1","404",0.0525990039489708,0.257394666341822,-0.00708407217620896,1.21565340837929,1.18920711500272
"407","S_406_S140",1.2227374805555,0.0956913449420817,0,"407","1","405",0.250861092056285,0.298538661500799,0.346552436998366,1.56928991755387,2.65914794847249
"408","S_407_S131",1.2227374805555,0.0044751312631566,0,"408","1","406",-0.615120807055711,0.266865761202131,-0.610645675792554,0.612091804762949,0
"409","S_413_S86_L003",1.2227374805555,0.233805512892067,0,"409","1","407",0.0378304038410885,0.325038201520289,0.271635916733155,1.49437339728866,0
"410","S_419_S1",1.2227374805555,0.0596613285389108,0,"410","1","408",0.203475345204396,0.290337032066115,0.263136673743307,1.48587415429881,1.49534878122122
"411","S_41_S124",1.2227374805555,-0.0479990570395926,0,"411","1","409",0.0198811445699103,0.241097644715665,-0.0281179124696823,1.19461956808582,0
"412","S_440_S128",1.2227374805555,0.273208258293516,0,"412","1","410",-0.0148017530040653,0.271612171513575,0.258406505289451,1.48114398584495,0
"413","S_450_S135",1.2227374805555,0.0490815616668551,0,"413","1","411",0.38451526817616,0.276746877155048,0.433596829843015,1.65633431039852,0.840896415253715
"414","S_453_S63",1.2227374805555,0.137119405863323,0,"414","1","412",-0.237721019046273,0.239342687543427,-0.10060161318295,1.12213586737255,0
"415","S_454_S71_L003",1.2227374805555,0.186545290149752,0,"415","1","413",-0.230900108116673,0.261085983008221,-0.0443548179669203,1.17838266258858,2.54572989502183
"416","S_469_S119",1.2227374805555,0.30734880421907,0,"416","1","414",0.279477927679896,0.281534385761278,0.586826731898966,1.80956421245447,2.89250760851908
"417","S_474_S89_L003",1.2227374805555,0.346131390610637,0,"417","1","415",0.0657147232179749,0.271920357424367,0.411846113828612,1.63458359438411,0
"418","S_481_S27_L003",1.2227374805555,0.152857680938285,0,"418","1","416",0.419847268390796,0.291469738330614,0.572704949329082,1.79544242988458,0.840896415253715
"419","S_487_S31",1.2227374805555,0.244493504965604,0,"419","1","417",-0.596986054221501,0.296714056226193,-0.352492549255896,0.870244931299607,1.49534878122122
"420","S_501_S43",1.2227374805555,0.237480357798195,0,"420","1","418",-0.355608135504525,0.281743559226714,-0.118127777706331,1.10460970284917,0
"421","S_509_S109",1.2227374805555,-0.0486256861443748,0,"421","1","419",-0.285405886996146,0.232708973849726,-0.334031573140521,0.888705907414982,0
"422","S_515_S58",1.2227374805555,-0.127002645633285,0,"422","1","420",-0.570587750959769,0.254216049044399,-0.697590396593055,0.525147083962449,0
"423","S_516_S138",1.2227374805555,0.270982273668053,0,"423","1","421",-0.0127987230745331,0.265135446145209,0.25818355059352,1.48092103114902,0
"424","S_517_S20_L003",1.2227374805555,0.284605490472122,0,"424","1","422",0.101076926456272,0.28173827959137,0.385682416928394,1.6084198974839,2.89250760851908
"425","S_522_S10",1.2227374805555,0.0171286028212098,0,"425","1","423",1.02987259421955,0.23029509308071,1.04700119704076,2.26973867759626,2.34034731932072
"426","S_524_S33_L003",1.2227374805555,0.311439950394658,0,"426","1","424",-0.139189417471079,0.283389015438216,0.172250532923579,1.39498801347908,1.31607401295249
"427","S_528_S103",1.2227374805555,0.10696498073656,0,"427","1","425",0.0572800473521864,0.261747044042396,0.164245028088746,1.38698250864425,2.34034731932072
"428","S_533_S68",1.2227374805555,0.0618764465396176,0,"428","1","426",-0.0519666400854236,0.247131026277998,0.00990980645419396,1.2326472870097,1.56508458007329
"429","S_537_S78_L003",1.2227374805555,0.12245021538049,0,"429","1","427",0.473887755607913,0.260109082474476,0.596337970988402,1.81907545154391,2.78315768371374
"430","S_545_S69",1.2227374805555,0.0166859187230728,0,"430","1","428",-0.088930998754241,0.221849157696186,-0.0722450800311682,1.15049240052433,1.10668191970032
"431","S_565_S149",1.2227374805555,0.0663770607133729,0,"431","1","429",0.596000952610265,0.22821323436072,0.662378013323638,1.88511549387914,2.05976714390712
"432","S_567_S165",1.2227374805555,0.110787510972627,0,"432","1","430",0.0103654586463064,0.24322910851961,0.121152969618933,1.34389045017444,0
"433","S_574_S155",1.2227374805555,0.297813536006754,0,"433","1","431",-0.109866846310313,0.269366913431342,0.187946689696442,1.41068417025194,0
"434","S_591_S99",1.2227374805555,0.0695421393606723,0,"434","1","432",0.453456393083609,0.258361553300343,0.522998532444281,1.74573601299978,1.49534878122122
"435","S_5_S63_L003",1.2227374805555,0.160002821296511,0,"435","1","433",-0.352116878888781,0.275877398359518,-0.19211405759227,1.03062342296323,2.51486685936587
"436","S_629_S113",1.2227374805555,0.228399415806241,0,"436","1","434",0.197511480555172,0.308396812246693,0.425910896361413,1.64864837691692,1.77827941003892
"437","S_630_S51_L003",1.2227374805555,0.0932558086022414,0,"437","1","435",-0.449429504372206,0.231623740771553,-0.356173695769964,0.866563784785539,2.11474252688113
"438","S_631_S87_L003",1.2227374805555,0.293169063007822,0,"438","1","436",0.202774191208101,0.2972736215538,0.495943254215923,1.71868073477143,1.96798967126543
"439","S_63_S170",1.2227374805555,-0.0186743855566627,0,"439","1","437",0.399580937808022,0.304509117406284,0.380906552251359,1.60364403280686,0
"440","S_640_S178",1.2227374805555,0.108652493238587,0,"440","1","438",-0.378835669028237,0.231271712456521,-0.27018317578965,0.952554304765853,0
"441","S_646_S142",1.2227374805555,0.0604216404780164,0,"441","1","439",0.556844106881029,0.228949664850083,0.617265747359045,1.84000322791455,1.25743342968294
"442","S_650_S129",1.2227374805555,0.359782082825218,0,"442","1","440",-0.250279163805876,0.279680136776913,0.109502919019342,1.33224039957485,2.17793858734643
"443","S_653_S6",1.2227374805555,0.281119967756983,0,"443","1","441",0.0924111878795552,0.286709489539561,0.373531155636538,1.59626863619204,2.34034731932072
"444","S_656_S181",1.2227374805555,0.0391509804532713,0,"444","1","442",0.307042908457543,0.231416880549424,0.346193888910815,1.56893136946632,2.34034731932072
"445","S_657_S154",1.2227374805555,0.302411195596379,0,"445","1","443",-0.0683078472662526,0.269379362128832,0.234103348330126,1.45684082888563,2.23606797749979
"446","S_658_S33",1.2227374805555,0.209130898902504,0,"446","1","444",0.312102376159487,0.287545495873555,0.521233275061991,1.74397075561749,2.89250760851908
"447","S_65_S29_L003",1.2227374805555,0.0439456590452718,0,"447","1","445",0.310740908310973,0.28348220521379,0.354686567356245,1.57742404791175,2.11474252688113
"448","S_662_S98",1.2227374805555,-0.0523485713973204,0,"448","1","446",0.252123277004859,0.235415700526285,0.199774705607538,1.42251218616304,0.840896415253715
"449","S_673_S40_L003",1.2227374805555,0.127890517122005,0,"449","1","447",0.137507351055162,0.282638586499738,0.265397868177167,1.48813534873267,1.4142135623731
"450","S_674_S130",1.2227374805555,0.0235660906935128,0,"450","1","448",-0.390716671411469,0.284539065510388,-0.367150580717956,0.855586899837547,0
"451","S_679_S9",1.2227374805555,-0.0047123950622219,0,"451","1","449",-0.250004033502783,0.276563742566796,-0.254716428565005,0.968021051990498,1.25743342968294
"452","S_685_S121",1.2227374805555,0.081157658764843,0,"452","1","450",0.21916219761099,0.282190452042414,0.300319856375833,1.52305733693134,1.31607401295249
"453","S_695_S46",1.2227374805555,0.0853152934683065,0,"453","1","451",0.21256965960949,0.300080828681558,0.297884953077797,1.5206224336333,2.51486685936587
"454","S_696_S88",1.2227374805555,0.215140396038581,0,"454","1","452",-0.119836140172497,0.250575492968033,0.0953042558660838,1.31804173642159,2.34034731932072
"455","S_706_S108",1.2227374805555,0.0459570869605015,0,"455","1","453",-0.275641528564247,0.295912432817126,-0.229684441603745,0.993053038951758,1.25743342968294
"456","S_711_S50",1.2227374805555,0.285716566398265,0,"456","1","454",-0.269578875193068,0.288308972861736,0.0161376912051968,1.2388751717607,1.49534878122122
"457","S_712_S136",1.2227374805555,0.0547214145452261,0,"457","1","455",0.0960419746323581,0.238190295788005,0.150763389177584,1.37350086973309,1.45647531512197
"458","S_713_S163",1.2227374805555,0.207963056234169,0,"458","1","456",0.0137205522873652,0.261157358517802,0.221683608521535,1.44442108907704,1.77827941003892
"459","S_714_S34_L003",1.2227374805555,-0.117555452288628,0,"459","1","457",-0.0811529455952884,0.259596604450729,-0.198708397883917,1.02402908267159,1.56508458007329
"460","S_726_S69_L003",1.2227374805555,-0.0496031758555715,0,"460","1","458",0.160935828972064,0.302290201655758,0.111332653116493,1.334070133672,2.78315768371374
"461","S_733_S67_L003",1.2227374805555,-0.0861372346160701,0,"461","1","459",0.280462000033585,0.273274774991539,0.194324765417515,1.41706224597302,1.25743342968294
"462","S_738_S39",1.2227374805555,-0.0475770754744224,0,"462","1","460",0.279588583260128,0.298603809842903,0.232011507785705,1.45474898834121,1.56508458007329
"463","S_758_S128",1.2227374805555,0.0102411358070173,0,"463","1","461",0.46721100074258,0.242866033001718,0.477452136549597,1.7001896171051,2.65914794847249
"464","S_762_S173",1.2227374805555,0.10385571108233,0,"464","1","462",0.430355458846222,0.242696630198154,0.534211169928551,1.75694865048405,2.11474252688113
"465","S_764_S93_L003",1.2227374805555,-0.0147270490802773,0,"465","1","463",0.208647180144109,0.242228344899349,0.193920131063832,1.41665761161934,2.89250760851908
"466","S_765_S48",1.2227374805555,0.111469288774078,0,"466","1","464",0.372562672473653,0.22713541873245,0.484031961247731,1.70676944180323,1.31607401295249
"467","S_770_S57_L003",1.2227374805555,0.241711909994146,0,"467","1","465",-0.517191432738558,0.253796814099325,-0.275479522744413,0.94725795781109,1.4142135623731
"468","S_772_S58_L003",1.2227374805555,0.0199928116269508,0,"468","1","466",-0.616443957492345,0.241663412169987,-0.596451145865395,0.626286334690109,0
"469","S_779_S94_L003",1.2227374805555,0.125618209393964,0,"469","1","467",-0.175437041580826,0.240314054896317,-0.0498188321868615,1.17291864836864,0
"470","S_7_S141",1.2227374805555,0.187300986662663,0,"470","1","468",0.650852151275197,0.298011236289982,0.838153137937859,2.06089061849336,1.31607401295249
"471","S_813_S44_L003",1.2227374805555,-0.00656278461508357,0,"471","1","469",0.895833153457412,0.256161406478466,0.889270368842328,2.11200784939783,2.23606797749979
"472","S_824_S40",1.2227374805555,-0.127500374861225,0,"472","1","470",-0.198673018447427,0.240303379288068,-0.326173393308651,0.896564087246852,0
"473","S_825_S71",1.2227374805555,-0.158207044601953,0,"473","1","471",0.156846841681232,0.246878926002381,-0.00136020292072142,1.22137727763478,1.25743342968294
"474","S_826_S8_L003",1.2227374805555,0.107168330472149,0,"474","1","472",-0.0824377799484602,0.230545583571848,0.0247305505236887,1.24746803107919,1.56508458007329
"475","S_837_S50_L003",1.2227374805555,0.171304857120019,0,"475","1","473",0.416498327973252,0.2482049862599,0.587803185093272,1.81054066564877,2.65914794847249
"476","S_83_S14",1.2227374805555,-0.0392073675490421,0,"476","1","474",0.090670397468122,0.317135328406953,0.0514630299190799,1.27420051047458,0
"477","S_840_S88_L003",1.2227374805555,0.163154870346873,0,"477","1","475",0.530706048175309,0.258170355036652,0.693860918522182,1.91659839907769,1.77827941003892
"478","S_844_S151",1.2227374805555,0.103516134661262,0,"478","1","476",-0.320960746949776,0.241698333642006,-0.217444612288514,1.00529286826699,0
"479","S_85_S36_L003",1.2227374805555,-0.0790164661716615,0,"479","1","477",0.122631699416176,0.308140634074006,0.0436152332445144,1.26635271380002,1.18920711500272
"480","S_861_S22_L003",1.2227374805555,-0.00832024409473512,0,"480","1","478",-0.0977259541152595,0.240681979940289,-0.106046198209995,1.11669128234551,2.51486685936587
"481","S_865_S82",1.2227374805555,0.233336294591508,0,"481","1","479",-0.116760372213398,0.263721511550656,0.11657592237811,1.33931340293361,1.77827941003892
"482","S_879_S97",1.2227374805555,0.0942935845578923,0,"482","1","480",-0.186014946743185,0.287295156484441,-0.0917213621852929,1.13101611837021,1.31607401295249
"483","S_87_S81",1.2227374805555,0.0856801924198328,0,"483","1","481",0.330823716559322,0.306811156538177,0.416503908979154,1.63924138953466,2.34034731932072
"484","S_885_S77",1.2227374805555,0.221658668411948,0,"484","1","482",-0.397558046111977,0.258238393307062,-0.175899377700029,1.04683810285547,0.840896415253715
"485","S_901_S136",1.2227374805555,0.387017307410304,0,"485","2","  3",-0.426043085179998,0.2969195321429,-0.0390257777696941,1.18371170278581,NA
"486","S_932_S42_L003",1.2227374805555,0.226897616794702,0,"486","1","483",-0.0767906386266698,0.271506543398472,0.150106978168032,1.37284445872354,1.31607401295249
"487","S_961_S70_L003",1.2227374805555,0.0469336920346202,0,"487","1","484",0.405249554727899,0.271592422185845,0.452183246762519,1.67492072731802,2.63214802590498
"488","S_962_S42",1.2227374805555,0.180219781718986,0,"488","1","485",0.106612939709273,0.29956144846029,0.286832721428258,1.50957020198376,1.49534878122122
"489","S_972_S142",1.2227374805555,0.221691820528817,0,"489","1","486",-0.100797077997922,0.243734663534406,0.120894742530895,1.3436322230864,0
"490","S_978_S90",1.2227374805555,0.108641886111015,0,"490","1","487",0.144546834425346,0.227488804798143,0.253188720536361,1.47592620109186,0
"491","S_983_S4",1.2227374805555,-0.0814745160449888,0,"491","1","488",-0.309692425746616,0.237636341707224,-0.391166941791605,0.831570538763898,0
"492","S_993_S55",1.2227374805555,0.0988002889059885,0,"492","1","489",0.175627832169989,0.241594003837417,0.274428121075977,1.49716560163148,0.840896415253715
"493","NSW1201426",1.2227374805555,-0.241894228691538,0,"493","2","  4",0.164600539057119,0.197682185391294,-0.0772936896344194,1.14544379092108,NA
"494","NSW1212884",1.2227374805555,-0.0533241902605642,0,"494","2","  5",0.0651140093011511,0.183829540158104,0.0117898190405869,1.23452729959609,NA
"495","NSW1200541",1.2227374805555,-0.204293745400115,0,"495","2","  6",-0.0623040840659618,0.214985059695727,-0.266597829466077,0.956139651089426,NA
"496","NSW1190165",1.2227374805555,-0.28334623489881,0,"496","2","  7",-0.248888806014032,0.213354094481667,-0.532235040912841,0.690502439642662,NA
"497","NSW1166659",1.2227374805555,-0.225585388205917,0,"497","2","  8",0.827413843323739,0.206256506082816,0.601828455117821,1.82456593567332,NA
"498","NSW1213025",1.2227374805555,0.13745713282798,0,"498","2","  9",-0.276221959212059,0.213798147666441,-0.138764826384079,1.08397265417142,NA
"499","NSW1211446",1.2227374805555,-0.226778492329852,0,"499","2"," 10",0.246050137204609,0.1988098237255,0.0192716448747575,1.24200912543026,NA
"500","NSW1200628",1.2227374805555,-0.157516464546453,0,"500","2"," 11",0.175486092119086,0.184979173902819,0.0179696275726326,1.24070710812814,NA
"501","NSW1166664",1.2227374805555,-0.102837719035244,0,"501","2"," 12",0.0780450411468392,0.228721676162555,-0.0247926778884052,1.1979448026671,NA
"502","NSW1213021",1.2227374805555,-0.1741291585485,0,"502","2"," 13",-0.35630789809645,0.20331759130005,-0.530437056644951,0.692300423910553,NA
"503","NSW1201391",1.2227374805555,-0.098839329285,0,"503","2"," 14",0.122042506310475,0.187460551810611,0.0232031770254755,1.24594065758098,NA
"504","NSW1201419",1.2227374805555,-0.257311424528938,0,"504","2"," 15",0.412555553107359,0.182662099218689,0.155244128578422,1.37798160913392,NA
"505","NSW1201415",1.2227374805555,-0.100821146860793,0,"505","2"," 16",-0.383731183869351,0.196701183396503,-0.484552330730145,0.738185149825358,NA
"506","NSW1200364",1.2227374805555,-0.195534421783052,0,"506","2"," 17",0.0821854574034076,0.220836604568647,-0.113348964379645,1.10938851617586,NA
"507","NSW1190167",1.2227374805555,-0.200795655520945,0,"507","2"," 18",0.00350043312154998,0.204063114869148,-0.197295222399395,1.02544225815611,NA
"508","NSW1190204",1.2227374805555,-0.116479921434244,0,"508","2"," 19",-0.157573968825058,0.195269855053463,-0.274053890259302,0.948683590296201,NA
"509","NSW1200834",1.2227374805555,0.157490509449788,0,"509","2"," 20",-0.592553056496665,0.200256655652722,-0.435062547046877,0.787674933508626,NA
"510","NSW1200533",1.2227374805555,0.0537165890196214,0,"510","2"," 21",0.563753122456054,0.194798460477435,0.617469711475675,1.84020719203118,NA
"511","NSW1200414",1.2227374805555,-0.152412223940032,0,"511","2"," 22",0.235256139469817,0.215158670646992,0.0828439155297853,1.30558139608529,NA
"512","NSW1200759",1.2227374805555,-0.196734445399482,0,"512","2"," 23",-0.0913317978376454,0.221426103751845,-0.288066243237128,0.934671237318376,NA
"513","NSW1212889",1.2227374805555,-0.224592292302139,0,"513","2"," 24",-0.197274258213063,0.163598349632996,-0.421866550515202,0.800870930040301,NA
"514","NSW1211427",1.2227374805555,0.239755385717462,0,"514","2"," 25",-0.689138414954418,0.203108159327862,-0.449383029236956,0.773354451318547,NA
"515","NSW1200379",1.2227374805555,0.00812064550462402,0,"515","2"," 26",-0.308641224219507,0.213224222908745,-0.300520578714883,0.922216901840621,NA
"516","NSW1211455",1.2227374805555,-0.0677236593474017,0,"516","2"," 27",0.213184531453406,0.231525632166735,0.145460872106004,1.36819835266151,NA
"517","NSW1213033",1.2227374805555,-0.272018062496972,0,"517","2"," 28",-0.0997316581177437,0.195597046742021,-0.371749720614715,0.850987759940788,NA
"518","NSW1212980",1.2227374805555,0.0501659977529146,0,"518","2"," 29",-0.595761063997873,0.20386026051203,-0.545595066244958,0.677142414310545,NA
"519","NSW1190213",1.2227374805555,-0.155158964638013,0,"519","2"," 30",0.373219467546271,0.173530199802627,0.218060502908258,1.44079798346376,NA
"520","NSW1201416",1.2227374805555,-0.191440559507343,0,"520","2"," 31",-0.0872429161195194,0.215580324275114,-0.278683475626862,0.944054004928641,NA
"521","NSW1200418",1.2227374805555,-0.205854461495143,0,"521","2"," 32",-0.293581045089514,0.183380902663408,-0.499435506584656,0.723301973970847,NA
"522","NSW1211456",1.2227374805555,-0.116376308138629,0,"522","2"," 33",0.185918524820682,0.19209337989556,0.0695422166820534,1.29227969723756,NA
"523","NSW1211564",1.2227374805555,-0.0686677158844932,0,"523","2"," 34",0.590392770891231,0.19613645846799,0.521725055006738,1.74446253556224,NA
"524","NSW1213016",1.2227374805555,0.0903751762490274,0,"524","2"," 35",-0.010077331824762,0.21432840707262,0.0802978444242654,1.30303532497977,NA
"525","NSW1211583",1.2227374805555,-0.373395735746899,0,"525","2"," 36",0.0204048520856242,0.192268187150823,-0.352990883661275,0.869746596894228,NA
"526","NSW1200839",1.2227374805555,0.104265935495178,0,"526","2"," 37",-0.55393407796088,0.191858257722551,-0.449668142465702,0.773069338089802,NA
"527","NSW1211565",1.2227374805555,-0.31743089480672,0,"527","2"," 38",-0.369142940762855,0.203910963333512,-0.686573835569575,0.536163644985928,NA
"528","NSW1200425",1.2227374805555,-0.303303632026201,0,"528","2"," 39",-0.0455192609378877,0.165347718755505,-0.348822892964089,0.873914587591414,NA
"529","NSW1200662",1.2227374805555,-0.125231436082341,0,"529","2"," 40",-0.383684130950012,0.220582162434449,-0.508915567032352,0.713821913523151,NA
"530","NSW1166655",1.2227374805555,0.0413320968964657,0,"530","2"," 41",0.32706448682749,0.192249741152,0.368396583723955,1.59113406427946,NA
"531","NSW1212948",1.2227374805555,0.276605058860915,0,"531","2"," 42",-0.0358597670381069,0.217267145420119,0.240745291822808,1.46348277237831,NA
"532","NSW1200528",1.2227374805555,-0.21207783941997,0,"532","2"," 43",0.378035888926796,0.207337910210468,0.165958049506826,1.38869553006233,NA
"533","NSW1200563",1.2227374805555,-0.0610861384761247,0,"533","2"," 44",-0.421253151513471,0.189906663362395,-0.482339289989595,0.740398190565908,NA
"534","NSW1200351",1.2227374805555,0.0434952134976857,0,"534","2"," 45",0.131725484551283,0.217862924804168,0.175220698048969,1.39795817860447,NA
"535","NSW1213015",1.2227374805555,-0.136072542620067,0,"535","2"," 46",0.497693949570892,0.187464417868659,0.361621406950824,1.58435888750633,NA
"536","NSW1200394",1.2227374805555,-0.199906309076771,0,"536","2"," 47",-0.0186429206118314,0.214819493473282,-0.218549229688602,1.0041882508669,NA
"537","NSW1213011",1.2227374805555,-0.21594879549757,0,"537","2"," 48",0.13464559944215,0.194301259332173,-0.0813031960554195,1.14143428450008,NA
"538","NSW1200664",1.2227374805555,-0.272398712488424,0,"538","2"," 49",-0.153166488429607,0.177549689438514,-0.425565200918031,0.797172279637472,NA
"539","NSW1201655",1.2227374805555,-0.199953884661574,0,"539","2"," 50",0.465192407750362,0.20681301726672,0.265238523088787,1.48797600364429,NA
"540","NSW1200536",1.2227374805555,-0.190806328283862,0,"540","2"," 51",-0.297689854567425,0.208087532588516,-0.488496182851287,0.734241297704216,NA
"541","NSW1212943",1.2227374805555,-0.0405470171628945,0,"541","2"," 52",-0.293903430082558,0.179006315533796,-0.334450447245452,0.888287033310051,NA
"542","NSW1200559",1.2227374805555,-0.0942203777787192,0,"542","2"," 53",0.0576469909815051,0.2037059385559,-0.036573386797214,1.18616409375829,NA
"543","NSW1200558",1.2227374805555,0.0606094830186789,0,"543","2"," 54",0.32156516968648,0.212625416214258,0.382174652705159,1.60491213326066,NA
"544","NSW1200524",1.2227374805555,-0.0920811334885665,0,"544","2"," 55",-0.142223343992877,0.229062936680551,-0.234304477481444,0.98843300307406,NA
"545","NSW1212795",1.2227374805555,-0.139370567123416,0,"545","2"," 56",-0.283816751330101,0.193821155168199,-0.423187318453517,0.799550162101986,NA
"546","NSW1200787",1.2227374805555,-0.331588703936803,0,"546","2"," 57",0.187208707383621,0.185230609233038,-0.144379996553182,1.07835748400232,NA
"547","NSW1200776",1.2227374805555,-0.179566322935513,0,"547","2"," 58",0.324025088225081,0.2022449226143,0.144458765289568,1.36719624584507,NA
"548","NSW1190216",1.2227374805555,-0.414362629945421,0,"548","2"," 59",-0.390116967217516,0.16815171522675,-0.804479597162937,0.418257883392566,NA
"549","NSW1201495",1.2227374805555,0.13833572010028,0,"549","2"," 60",0.266486097327835,0.189365347925776,0.404821817428115,1.62755929798362,NA
"550","NSW1211582",1.2227374805555,-0.207540888591187,0,"550","2"," 61",0.238329389822322,0.182125775054698,0.0307885012311353,1.25352598178664,NA
"551","NSW1200362",1.2227374805555,-0.238178132524683,0,"551","2"," 62",-0.206652450190867,0.173317731290587,-0.44483058271555,0.777906897839954,NA
"552","NSW1212987",1.2227374805555,0.38626634530662,0,"552","2"," 63",-0.093150653801285,0.260233617146241,0.293115691505335,1.51585317206084,NA
"553","NSW1190194",1.2227374805555,-0.285843498299167,0,"553","2"," 64",-0.168027420664303,0.214387988842655,-0.45387091896347,0.768866561592033,NA
"554","NSW1213030",1.2227374805555,-0.192521593322242,0,"554","2"," 65",-0.452636256794671,0.197726679669685,-0.645157850116913,0.57757963043859,NA
"555","NSW1190199",1.2227374805555,-0.355872973840406,0,"555","2"," 66",0.210120614254838,0.2067690146725,-0.145752359585568,1.07698512096994,NA
"556","NSW1200372",1.2227374805555,-0.336615097484702,0,"556","2"," 67",-0.00495365068518838,0.206435787071629,-0.34156874816989,0.881168732385613,NA
"557","NSW1211445",1.2227374805555,-0.324375647325097,0,"557","2"," 68",0.123217124227373,0.200412068566474,-0.201158523097724,1.02157895745778,NA
"558","NSW1211558",1.2227374805555,-0.283681896465025,0,"558","2"," 69",-0.276244879060711,0.197933132810602,-0.559926775525736,0.662810705029767,NA
"559","NSW1200764",1.2227374805555,-0.246684717564015,0,"559","2"," 70",-0.141365329779903,0.171765425367118,-0.388050047343918,0.834687433211585,NA
"560","NSW1200848",1.2227374805555,-0.118566014139347,0,"560","2"," 71",0.0159091745511617,0.180294749579205,-0.102656839588185,1.12008064096732,NA
"561","NSW1200661",1.2227374805555,-0.207115105691434,0,"561","2"," 72",-0.367690192529514,0.210649696725698,-0.574805298220948,0.647932182334555,NA
"562","NSW1211440",1.2227374805555,-0.276439450725266,0,"562","2"," 73",0.0670740644032804,0.213323955299981,-0.209365386321986,1.01337209423352,NA
"563","NSW1200356",1.2227374805555,-0.103392790501166,0,"563","2"," 74",0.00976447969366336,0.177871530760082,-0.0936283108075029,1.129109169748,NA
"564","NSW1212992",1.2227374805555,-0.0234887858756897,0,"564","2"," 75",0.34497029566432,0.230764919095699,0.32148150978863,1.54421899034413,NA
"565","NSW1200905",1.2227374805555,-0.0669819922941025,0,"565","2"," 76",0.400754482684808,0.211723719554065,0.333772490390706,1.55650997094621,NA
"566","NSW1200357",1.2227374805555,-0.242776732307987,0,"566","2"," 77",0.104821041999748,0.196283401363368,-0.137955690308239,1.08478179024726,NA
"567","NSW1200799",1.2227374805555,-0.0572321569896521,0,"567","2"," 78",0.135578967913271,0.186850008225139,0.0783468109236191,1.30108429147912,NA
"568","NSW1166442",1.2227374805555,-0.114949078348358,0,"568","2"," 79",0.206244785236012,0.193839686420161,0.0912957068876536,1.31403318744316,NA
"569","NSW1200539",1.2227374805555,0.0146939850350921,0,"569","2"," 80",-0.147516403643481,0.204710916558315,-0.132822418608389,1.08991506194711,NA
"570","NSW1200543",1.2227374805555,0.247738780714306,0,"570","2"," 81",-0.65441593490415,0.215894674478825,-0.406677154189844,0.816060326365659,NA
"571","NSW1200529",1.2227374805555,-0.392062416586187,0,"571","2"," 82",0.211620803037118,0.186553657212618,-0.180441613549069,1.04229586700643,NA
"572","NSW1212866",1.2227374805555,-0.22135750195007,0,"572","2"," 83",-0.675863194705678,0.198708046560816,-0.897220696655748,0.325516783899755,NA
"573","NSW1200873",1.2227374805555,-0.106629800020785,0,"573","2"," 84",-0.392133938562299,0.183011499474512,-0.498763738583083,0.72397374197242,NA
"574","NSW1211541",1.2227374805555,-0.312385493774982,0,"574","2"," 85",-0.506870852486502,0.177108985090071,-0.819256346261484,0.403481134294019,NA
"575","NSW1190198",1.2227374805555,-0.135221461117117,0,"575","2"," 86",0.713369257285239,0.221666450403853,0.578147796168121,1.80088527672362,NA
"576","NSW1213013",1.2227374805555,-0.218877459335073,0,"576","2"," 87",-0.18021696846395,0.220349510285581,-0.399094427799023,0.823643052756481,NA
"577","NSW1212970",1.2227374805555,-0.134963096413197,0,"577","2"," 88",0.275527759069779,0.184810367371838,0.140564662656583,1.36330214321209,NA
"578","NSW1212997",1.2227374805555,-0.0319936284879928,0,"578","2"," 89",-0.0844489091050452,0.180451793766049,-0.116442537593038,1.10629494296247,NA
"579","NSW1211508",1.2227374805555,-0.0561179765406489,0,"579","2"," 90",-0.178922200883576,0.216386640099313,-0.235040177424225,0.987697303131278,NA
"580","NSW1211552",1.2227374805555,0.122472345754966,0,"580","2"," 91",0.33520917613273,0.209431740892552,0.457681521887696,1.6804190024432,NA
"581","NSW1211442",1.2227374805555,-0.314311590698301,0,"581","2"," 92",0.232813470900851,0.220555718034612,-0.0814981197974491,1.14123936075805,NA
"582","NSW1211451",1.2227374805555,-0.213990095409225,0,"582","2"," 93",0.00716521632859089,0.212989469217261,-0.206824879080634,1.01591260147487,NA
"583","NSW1194456",1.2227374805555,-0.118362219498219,0,"583","2"," 94",-0.304573048558686,0.197560953967953,-0.422935268056906,0.799802212498598,NA
"584","NSW1211546",1.2227374805555,-0.00905502065754135,0,"584","2"," 95",0.10101082837311,0.191410083188775,0.0919558077155691,1.31469328827107,NA
"585","NSW1213001",1.2227374805555,0.108723115237928,0,"585","2"," 96",-0.387265005596101,0.231277790097811,-0.278541890358173,0.94419559019733,NA
"586","NSW1201431",1.2227374805555,-0.0868848406792233,0,"586","2"," 97",0.150145586290371,0.221734607831845,0.0632607456111477,1.28599822616665,NA
"587","NSW1211568",1.2227374805555,0.216491914249433,0,"587","2"," 98",0.554400845758078,0.204347799735179,0.770892760007511,1.99363024056301,NA
"588","NSW1211441",1.2227374805555,0.0487213586652489,0,"588","2"," 99",0.0862833885044884,0.212364550521567,0.135004747169737,1.35774222772524,NA
"589","NSW1190206",1.2227374805555,-0.243426713458565,0,"589","2","100",-0.184994124758031,0.193108207931409,-0.428420838216596,0.794316642338907,NA
"590","NSW1200389",1.2227374805555,-0.196564870191865,0,"590","2","101",-0.634668041980082,0.206026761412829,-0.831232912171947,0.391504568383556,NA
"591","NSW1211534",1.2227374805555,-0.112738685851149,0,"591","2","102",-0.000426108817278601,0.205960031911797,-0.113164794668428,1.10957268588708,NA
"592","NSW1200346",1.2227374805555,0.0171559955840331,0,"592","2","103",0.519763979953999,0.194181733275773,0.536919975538032,1.75965745609353,NA
"593","NSW1200505",1.2227374805555,-0.245554420939332,0,"593","2","104",0.128703633118274,0.19293893974602,-0.116850787821058,1.10588669273445,NA
"594","NSW1200511",1.2227374805555,-0.35515490996491,0,"594","2","105",-0.0735919263630109,0.184204517868067,-0.428746836327921,0.793990644227582,NA
"595","NSW1212790",1.2227374805555,-0.0579550795467437,0,"595","2","106",0.0095073555370673,0.212321185911418,-0.0484477240096764,1.17428975654583,NA
"596","NSW1200361",1.2227374805555,-0.113782692183582,0,"596","2","107",-0.569637236881432,0.21782244176884,-0.683419929065013,0.53931755149049,NA
"597","NSW1200514",1.2227374805555,-0.232890051806268,0,"597","2","108",0.399362598843049,0.19363851336055,0.166472547036781,1.38921002759228,NA
"598","NSW1200774",1.2227374805555,0.0656476605820021,0,"598","2","109",-0.139951265613002,0.198273832002817,-0.0743036050310001,1.1484338755245,NA
"599","NSW1212985",1.2227374805555,-0.141175306579297,0,"599","2","110",0.0262203222785256,0.208428693883738,-0.114954984300771,1.10778249625473,NA
"600","NSW1201411",1.2227374805555,-0.232635927903397,0,"600","2","111",0.347422400849632,0.202694844385632,0.114786472946235,1.33752395350174,NA
"601","NSW1200352",1.2227374805555,-0.070899259764008,0,"601","2","112",-0.0346514561062111,0.187472603730187,-0.105550715870219,1.11718676468528,NA
"602","NSW1211570",1.2227374805555,-0.254271147025023,0,"602","2","113",-0.199485319898872,0.212431381436211,-0.453756466923895,0.768981013631608,NA
"603","NSW1200549",1.2227374805555,0.0149316241510203,0,"603","2","114",0.0671410138712242,0.236768902873591,0.0820726380222444,1.30481011857775,NA
"604","NSW1200384",1.2227374805555,-0.346683200098112,0,"604","2","115",0.0301847302377004,0.201987853399661,-0.316498469860411,0.906239010695092,NA
"605","NSW1211577",1.2227374805555,-0.165963259805759,0,"605","2","116",0.0381928697185203,0.197561633981652,-0.127770390087239,1.09496709046826,NA
"606","NSW1200347",1.2227374805555,-0.217329624038818,0,"606","2","117",0.287585932559325,0.195782028572946,0.0702563085205068,1.29299378907601,NA
"607","NSW1200829",1.2227374805555,0.157490509449788,0,"607","2","118",-0.592553056496665,0.200256655652722,-0.435062547046877,0.787674933508626,NA
"608","NSW1200657",1.2227374805555,-0.403431454542591,0,"608","2","119",0.00856247940180973,0.195603226630235,-0.394868975140781,0.827868505414722,NA
"609","NSW1212977",1.2227374805555,-0.0575131727280202,0,"609","2","120",-0.32336559217451,0.186602031839226,-0.380878764902531,0.841858715652972,NA
"610","NSW1201414",1.2227374805555,-0.189083742993563,0,"610","2","121",0.270018934378826,0.193774512861898,0.0809351913852626,1.30367267194077,NA
"611","NSW1200509",1.2227374805555,-0.013871703956602,0,"611","2","122",-0.634791150582205,0.182582108599289,-0.648662854538807,0.574074626016696,NA
"612","NSW1200521",1.2227374805555,-0.0638491347201404,0,"612","2","123",-0.896805645934788,0.207042995310182,-0.960654780654929,0.262082699900575,NA
"613","NSW1201631",1.2227374805555,-0.110456730944262,0,"613","2","124",0.174197946449084,0.178451610294981,0.0637412155048222,1.28647869606033,NA
"614","NSW1212856",1.2227374805555,0.293363624992115,0,"614","2","125",-0.646427597371536,0.231197438798883,-0.353063972379421,0.869673508176082,NA
"615","NSW1200647",1.2227374805555,-0.29371135425396,0,"615","2","126",0.283919495444234,0.211133316445475,-0.00979185880972594,1.21294562174578,NA
"616","NSW1201396",1.2227374805555,-0.307135488548531,0,"616","2","127",0.20058950563295,0.174609309955676,-0.106545982915582,1.11619149763992,NA
"617","NSW1200554",1.2227374805555,-0.093985704823383,0,"617","2","128",-0.111161011127749,0.216975558792252,-0.205146715951132,1.01759076460437,NA
"618","NSW1200544",1.2227374805555,-0.0924657210750838,0,"618","2","129",-0.2572003208483,0.229184316774477,-0.349666041923384,0.873071438632119,NA
"619","NSW1200429",1.2227374805555,0.38626634530662,0,"619","2","130",-0.093150653801285,0.260233617146241,0.293115691505335,1.51585317206084,NA
"620","NSW1190190",1.2227374805555,-0.297742497255892,0,"620","2","131",-0.134962816709008,0.216655887644754,-0.4327053139649,0.790032166590603,NA
"621","NSW1200428",1.2227374805555,-0.160805160743388,0,"621","2","132",-0.935498433664987,0.208941027537544,-1.09630359440838,0.126433886147128,NA
"622","NSW1190183",1.2227374805555,-0.305889692834755,0,"622","2","133",-0.0862885714798908,0.216993671818795,-0.392178264314646,0.830559216240857,NA
"623","NSW1201400",1.2227374805555,0.0601315940385227,0,"623","2","134",0.125929576523536,0.207590016282359,0.186061170562058,1.40879865111756,NA
"624","NSW1166447",1.2227374805555,0.111525424392347,0,"624","2","135",0.232594266708193,0.18356497025174,0.34411969110054,1.56685717165604,NA
"625","NSW1190182",1.2227374805555,-0.142277399014271,0,"625","2","136",0.309884598405651,0.23751548196384,0.16760719939138,1.39034467994688,NA
"626","NSW1200666",1.2227374805555,-0.253047601133248,0,"626","2","137",-0.134222580780324,0.206408354704265,-0.387270181913572,0.835467298641931,NA
"627","NSW1190168",1.2227374805555,-0.255586474757134,0,"627","2","138",-0.173830834668757,0.200273411472362,-0.429417309425891,0.793320171129613,NA
"628","NSW1201641",1.2227374805555,-0.0572321569896521,0,"628","2","139",0.135578967913271,0.186850008225139,0.0783468109236191,1.30108429147912,NA
"629","NSW1194450",1.2227374805555,-0.173830946197078,0,"629","2","140",0.518968556643467,0.203718945113679,0.345137610446389,1.56787509100189,NA
"630","NSW1211020",1.2227374805555,-0.316675758756465,0,"630","2","141",0.831172034942185,0.176506347425317,0.51449627618572,1.73723375674122,NA
"631","NSW1200545",1.2227374805555,-0.298436425458126,0,"631","2","142",0.185332671130334,0.179381672846403,-0.113103754327792,1.10963372622771,NA
"632","NSW1200373",1.2227374805555,-0.376916309721638,0,"632","2","143",-0.213202348810908,0.175080516727143,-0.590118658532546,0.632618822022957,NA
"633","NSW1211526",1.2227374805555,-0.110407243077904,0,"633","2","144",-0.500964275865595,0.178584148686699,-0.611371518943499,0.611365961612005,NA
"634","NSW1212995",1.2227374805555,0.0167120816102941,0,"634","2","145",0.391245621615353,0.188062560674347,0.407957703225647,1.63069518378115,NA
"635","NSW1212990",1.2227374805555,-0.0162644369502037,0,"635","2","146",-0.789995854330131,0.202081251266947,-0.806260291280334,0.416477189275169,NA
"636","NSW1190212",1.2227374805555,-0.173651655488511,0,"636","2","147",0.441728183364349,0.214350105024551,0.268076527875838,1.49081400843134,NA
"637","NSW1200895",1.2227374805555,0.018691352290704,0,"637","2","148",-0.513568949495582,0.171065058244025,-0.494877597204878,0.727859883350625,NA
"638","NSW1211539",1.2227374805555,-0.250529386612044,0,"638","2","149",0.0595681640667762,0.206169028335764,-0.190961222545267,1.03177625801024,NA
"639","NSW1200817",1.2227374805555,-0.297822253866447,0,"639","2","150",0.100262856461401,0.19054775968752,-0.197559397405046,1.02517808315046,NA
"640","NSW1200388",1.2227374805555,0.0732254828148618,0,"640","2","151",-0.0621552630532747,0.209831410888019,0.011070219761587,1.23380770031709,NA
"641","NSW1200807",1.2227374805555,0.0150991669882991,0,"641","2","152",-0.0870281831467673,0.231046413595991,-0.0719290161584682,1.15080846439704,NA
"642","NSW1200420",1.2227374805555,-0.117537792231135,0,"642","2","153",0.157098619397332,0.184840526756339,0.0395608271661975,1.2622983077217,NA
"643","NSW1213005",1.2227374805555,-0.0302988333127996,0,"643","2","154",0.0250470300644536,0.212724801484682,-0.00525180324834593,1.21748567730716,NA
"644","NSW1211533",1.2227374805555,-0.175758171588239,0,"644","2","155",0.236143537807518,0.181602882363741,0.060385366219279,1.28312284677478,NA
"645","NSW1212991",1.2227374805555,-0.162137974818603,0,"645","2","156",-0.0870372883471956,0.224077371141107,-0.249175263165799,0.973562217389705,NA
"646","NSW1201650",1.2227374805555,0.0959131042167118,0,"646","2","157",0.0598035450846965,0.20002090811049,0.155716649301408,1.37845412985691,NA
"647","NSW1213020",1.2227374805555,-0.18480587817632,0,"647","2","158",-0.269798636592985,0.202196701838398,-0.454604514769305,0.768132965786198,NA
"648","NSW1190163",1.2227374805555,-0.269342494408647,0,"648","2","159",0.167976701340273,0.21054612608948,-0.101365793068374,1.12137168748713,NA
"649","NSW1200466",1.2227374805555,-0.182334793484335,0,"649","2","160",-0.357105790586048,0.201113267039011,-0.539440584070383,0.68329689648512,NA
"650","NSW1200623",1.2227374805555,-0.316735457124457,0,"650","2","161",0.229342550022531,0.179122600066839,-0.0873929071019257,1.13534457345358,NA
"651","NSW1211511",1.2227374805555,-0.159158314268002,0,"651","2","162",-0.472008241685061,0.213799719858166,-0.631166555953063,0.59157092460244,NA
"652","NSW1200371",1.2227374805555,-0.0761678327388301,0,"652","2","163",-0.163383338520988,0.225462678552118,-0.239551171259818,0.983186309295685,NA
"653","NSW1211592",1.2227374805555,-0.171376350850123,0,"653","2","164",-0.175959516357454,0.199953240660995,-0.347335867207577,0.875401613347927,NA
"654","NSW1212785",1.2227374805555,-0.149302565877369,0,"654","2","165",-0.446744026205985,0.235088408953268,-0.596046592083353,0.62669088847215,NA
"655","NSW1201616",1.2227374805555,-0.110456730944262,0,"655","2","166",0.174197946449084,0.178451610294981,0.0637412155048222,1.28647869606033,NA
"656","NSW1212959",1.2227374805555,-0.175137463902253,0,"656","2","167",0.529592916962461,0.200990289181496,0.354455453060208,1.57719293361571,NA
"657","NSW1213034",1.2227374805555,-0.0831512732444751,0,"657","2","168",-0.153844178292807,0.199609886226157,-0.236995451537283,0.985742029018221,NA
"658","NSW1211561",1.2227374805555,-0.0927997928470352,0,"658","2","169",-0.365780988279752,0.190286387558573,-0.458580781126787,0.764156699428716,NA
"659","NSW1211542",1.2227374805555,-0.200371234632051,0,"659","2","170",0.232587393515698,0.216391347049502,0.0322161588836461,1.25495363943915,NA
"660","NSW1200803",1.2227374805555,-0.115655481843456,0,"660","2","171",0.551830157572435,0.213047703339229,0.436174675728979,1.65891215628448,NA
"661","NSW1211578",1.2227374805555,-0.0524712669349699,0,"661","2","172",0.361080219909941,0.185404499527481,0.308608952974971,1.53134643353047,NA
"662","NSW1190217",1.2227374805555,-0.0797384387971977,0,"662","2","173",0.240080670163227,0.24468218548532,0.16034223136603,1.38307971192153,NA
"663","NSW1211562",1.2227374805555,-0.0016320636510908,0,"663","2","174",0.281828808598542,0.209269396533534,0.280196744947451,1.50293422550295,NA
"664","NSW1200672",1.2227374805555,-0.0839827576832532,0,"664","2","175",0.252620303370693,0.193797859491762,0.16863754568744,1.39137502624294,NA
"665","NSW1201375",1.2227374805555,-0.0572321569896521,0,"665","2","176",0.135578967913271,0.186850008225139,0.0783468109236191,1.30108429147912,NA
"666","NSW1212972",1.2227374805555,-0.114131435455026,0,"666","2","177",0.467982492126046,0.18545597871498,0.353851056671019,1.57658853722652,NA
"667","NSW1212982",1.2227374805555,-0.109502694422896,0,"667","2","178",-0.29904264142084,0.225641731704689,-0.408545335843735,0.814192144711768,NA
"668","NSW1166596",1.2227374805555,-0.058293294966021,0,"668","2","179",-0.582259011846793,0.243025306325787,-0.640552306812814,0.58218517374269,NA
"669","NSW1190191",1.2227374805555,-0.0743749769090465,0,"669","2","180",0.395828673099132,0.210023740004957,0.321453696190086,1.54419117674559,NA
"670","NSW1200360",1.2227374805555,-0.0167618378903515,0,"670","2","181",0.440254629236947,0.212091384104184,0.423492791346595,1.6462302719021,NA
"671","NSW1200363",1.2227374805555,-0.37678890697842,0,"671","2","182",0.0770114157975145,0.181835169117914,-0.299777491180905,0.922959989374598,NA
"672","NSW1212979",1.2227374805555,-0.0125893656283538,0,"672","2","183",-0.379141359643573,0.192190345794414,-0.391730725271927,0.831006755283576,NA
"673","NSW1190208",1.2227374805555,-0.115147596660574,0,"673","2","184",-0.318796343598378,0.213792721903491,-0.433943940258951,0.788793540296552,NA
"674","NSW1200358",1.2227374805555,-0.0614239359895079,0,"674","2","185",0.160392136925016,0.214830853822303,0.0989682009355082,1.32170568149101,NA
"675","NSW1190192",1.2227374805555,0.0493882815932287,0,"675","2","186",-0.337831886143712,0.207913578625455,-0.288443604550483,0.93429387600502,NA
"676","NSW1211584",1.2227374805555,0.0941868100252939,0,"676","2","187",-0.357128830069688,0.210074085252043,-0.262942020044394,0.959795460511109,NA
"677","NSW1200622",1.2227374805555,-0.0779798320611428,0,"677","2","188",-0.726995352348649,0.197272536575483,-0.804975184409792,0.417762296145711,NA
"678","NSW1211430",1.2227374805555,-0.128470591613701,0,"678","2","189",0.125662456327622,0.192600559279791,-0.00280813528607965,1.21992934526942,NA
"679","NSW1200777",1.2227374805555,0.0941868100252939,0,"679","2","190",-0.357128830069688,0.210074085252043,-0.262942020044394,0.959795460511109,NA
"680","NSW1211426",1.2227374805555,-0.207477273183317,0,"680","2","191",-0.226523303339226,0.195695690707307,-0.434000576522543,0.78873690403296,NA
"681","NSW1211450",1.2227374805555,-0.144844488563612,0,"681","2","192",0.170737815558027,0.23072753602686,0.0258933269944151,1.24863080754992,NA
"682","NSW1201381",1.2227374805555,-0.0476385785361476,0,"682","2","193",-0.481749507124786,0.196397063807133,-0.529388085660933,0.69334939489457,NA
"683","NSW1211527",1.2227374805555,-0.0340623075194156,0,"683","2","194",0.109201652516939,0.210919422996902,0.0751393449975236,1.29787682555303,NA
"684","NSW1194457",1.2227374805555,-0.379317649725736,0,"684","2","195",0.462994021726362,0.199294547695795,0.0836763720006267,1.30641385255613,NA
"685","NSW1213006",1.2227374805555,-0.129384177544922,0,"685","2","196",-0.0686362870373064,0.201983011537497,-0.198020464582228,1.02471701597328,NA
"686","NSW1190187",1.2227374805555,-0.269865922213259,0,"686","2","197",-0.255317642727962,0.184951532880159,-0.525183564941221,0.697553915614282,NA
"687","NSW1213010",1.2227374805555,-0.0720020241230141,0,"687","2","198",0.0630453292749411,0.164862349181234,-0.00895669484807296,1.21378078570743,NA
"688","NSW1201425",1.2227374805555,-0.114206448718856,0,"688","2","199",0.296949473421434,0.19715985900605,0.182743024702578,1.40548050525808,NA
"689","NSW1200504",1.2227374805555,-0.122464781756028,0,"689","2","200",0.122762733109489,0.211812245933867,0.000297951353460835,1.22303543190896,NA
"690","NSW1200920",1.2227374805555,-0.0751022204987803,0,"690","2","201",-0.582183285095665,0.160124385881793,-0.657285505594445,0.565451974961058,NA
"691","NSW1200341",1.2227374805555,-0.294112246993183,0,"691","2","202",0.222871695655754,0.192903348407335,-0.0712405513374296,1.15149692921807,NA
"692","NSW1200337",1.2227374805555,-0.182058911874411,0,"692","2","203",0.273591725335896,0.210962528382186,0.0915328134614856,1.31427029401699,NA
"693","NSW1212988",1.2227374805555,-0.105793105328628,0,"693","2","204",0.541608741151823,0.214038254465381,0.435815635823195,1.6585531163787,NA
"694","NSW1201430",1.2227374805555,-0.109377087973077,0,"694","2","205",0.30314338915139,0.194333283542212,0.193766301178314,1.41650378173382,NA
"695","NSW1200824",1.2227374805555,0.0119846491496319,0,"695","2","206",-0.554219319069686,0.184456355162229,-0.542234669920054,0.680502810635449,NA
"696","NSW1212969",1.2227374805555,-0.190582114319674,0,"696","2","207",0.123060173067799,0.201034221957495,-0.0675219412518745,1.15521553930363,NA
"697","NSW1190200",1.2227374805555,-0.273768457406098,0,"697","2","208",0.127303609219702,0.197760227580564,-0.146464848186396,1.07627263236911,NA
"698","NSW1210993",1.2227374805555,-0.207270478921482,0,"698","2","209",-0.274447117212632,0.199040335858159,-0.481717596134114,0.741019884421389,NA
"699","NSW1211586",1.2227374805555,-0.251835049190565,0,"699","2","210",0.10571834018842,0.176980604224717,-0.146116709002145,1.07662077155336,NA
"700","NSW1201409",1.2227374805555,-0.137033887877197,0,"700","2","211",0.574468145564557,0.202100187252835,0.43743425768736,1.66017173824286,NA
"701","NSW1200853",1.2227374805555,-0.19474233356041,0,"701","2","212",-0.0617268772509589,0.182233756399016,-0.256469210811369,0.966268269744134,NA
"702","NSW1212960",1.2227374805555,-0.127171858143423,0,"702","2","213",0.36371261605343,0.197972521387408,0.236540757910007,1.45927823846551,NA
"703","NSW1200607",1.2227374805555,-0.197141429139279,0,"703","2","214",0.0744707854641226,0.194576247369523,-0.122670643675156,1.10006683688035,NA
"704","NSW1212957",1.2227374805555,-0.311058394320782,0,"704","2","215",-0.439298620919173,0.188118329568676,-0.750357015239955,0.472380465315548,NA
"705","NSW1212983",1.2227374805555,-0.129921416689438,0,"705","2","216",-0.0333946965529363,0.177940041567798,-0.163316113242374,1.05942136731313,NA
"706","NSW1166654",1.2227374805555,-0.0681769018498401,0,"706","2","217",0.190003542305726,0.182928753780603,0.121826640455886,1.34456412101139,NA
"707","NSW1212993",1.2227374805555,-0.139918827308051,0,"707","2","218",0.425729411208444,0.168808551262785,0.285810583900393,1.5085480644559,NA
"708","NSW1200374",1.2227374805555,-0.0944544156037132,0,"708","2","219",0.246804547587239,0.180639173446168,0.152350131983525,1.37508761253903,NA
"709","NSW1200617",1.2227374805555,-0.209718081632614,0,"709","2","220",0.240486591235076,0.174603413977045,0.030768509602462,1.25350599015797,NA
"710","NSW1212962",1.2227374805555,-0.110526241431489,0,"710","2","221",-0.479332467904018,0.204294635709704,-0.589858709335507,0.632878771219996,NA
"711","NSW1213029",1.2227374805555,-0.0776389429909038,0,"711","2","222",-0.179198419736815,0.197619566648218,-0.256837362727718,0.965900117827785,NA
"712","NSW1200393",1.2227374805555,-0.39903977604113,0,"712","2","223",0.322459505317639,0.205084872848576,-0.0765802707234902,1.14615720983201,NA
"713","NSW1211566",1.2227374805555,-0.189496988362624,0,"713","2","224",-0.035897385335857,0.19822625903731,-0.225394373698481,0.997343106857022,NA
"714","NSW1200523",1.2227374805555,-0.264779841929085,0,"714","2","225",-0.109056449063338,0.193204395712309,-0.373836290992424,0.84890118956308,NA
"715","NSW1201356",1.2227374805555,-0.0626882049639101,0,"715","2","226",0.701284466899172,0.19882717758707,0.638596261935262,1.86133374249076,NA
"716","NSW1200534",1.2227374805555,-0.0117250795592941,0,"716","2","227",-0.252729321616708,0.213590365173521,-0.264454401176002,0.958283079379501,NA
"717","NSW1200772",1.2227374805555,-0.0752046392163383,0,"717","2","228",-0.12431870782995,0.22014591792751,-0.199523347046288,1.02321413350922,NA
"718","NSW1200792",1.2227374805555,-0.156074416017567,0,"718","2","229",-0.28898885800016,0.18805337128819,-0.445063274017727,0.777674206537776,NA
"719","NSW1200516",1.2227374805555,-0.25829369003623,0,"719","2","230",0.138473899930218,0.220742089274261,-0.119819790106013,1.10291769044949,NA
"720","NSW1212967",1.2227374805555,-0.20494018630083,0,"720","2","231",-0.157387053240162,0.176977155591207,-0.362327239540992,0.860410241014511,NA
"721","NSW1213036",1.2227374805555,-0.237685247454513,0,"721","2","232",-0.201748187839465,0.2151118028696,-0.439433435293978,0.783304045261525,NA
"722","NSW1200610",1.2227374805555,-0.404800798565554,0,"722","2","233",-0.126973508103797,0.203277222955843,-0.531774306669351,0.690963173886153,NA
"723","NSW1200812",1.2227374805555,-0.0850201477570962,0,"723","2","234",0.304898193595489,0.196347409510154,0.219878045838393,1.4426155263939,NA
"724","NSW1166601",1.2227374805555,0.111337348444119,0,"724","2","235",-0.322484872980977,0.196076850698497,-0.211147524536858,1.01158995601864,NA
"725","NSW1190184",1.2227374805555,-0.363760191941234,0,"725","2","236",-0.0990642786294295,0.197000073158003,-0.462824470570663,0.75991300998484,NA
"726","NSW1200597",1.2227374805555,-0.30727997230642,0,"726","2","237",-0.295166284246411,0.194531706563849,-0.60244625655283,0.620291224002673,NA
"727","NSW1200616",1.2227374805555,-0.287027545501806,0,"727","2","238",-0.373587867468771,0.210171975184297,-0.660615412970577,0.562122067584926,NA
"728","NSW1201404",1.2227374805555,-0.429749662886099,0,"728","2","239",-0.0706281477833145,0.202734802767115,-0.500377810669413,0.72235966988609,NA
"729","NSW1200592",1.2227374805555,0.0116450451409936,0,"729","2","240",0.183508479407064,0.201547003583105,0.195153524548057,1.41789100510356,NA
"730","NSW1190203",1.2227374805555,-0.137262684040762,0,"730","2","241",-0.168675516348092,0.168704989616151,-0.305938200388853,0.91679928016665,NA
"731","NSW1211536",1.2227374805555,-0.302556653427668,0,"731","2","242",0.0614521842122915,0.203763730680261,-0.241104469215376,0.981633011340127,NA
"732","NSW1200424",1.2227374805555,-0.149826774325273,0,"732","2","243",0.24208833823453,0.239541528370814,0.0922615639092569,1.31499904446476,NA
"733","NSW1212846",1.2227374805555,-0.221693986601172,0,"733","2","244",0.716175011067217,0.23757865496783,0.494481024466045,1.71721850502155,NA
"734","NSW1200804",1.2227374805555,0.13833572010028,0,"734","2","245",0.266486097327835,0.189365347925776,0.404821817428115,1.62755929798362,NA
"735","NSW1210995",1.2227374805555,-0.331767517853401,0,"735","2","246",0.438733296423565,0.174039918501819,0.106965778570164,1.32970325912567,NA
"736","NSW1212968",1.2227374805555,-0.0181622871991612,0,"736","2","247",0.0497290609795094,0.249429371850258,0.0315667737803482,1.25430425433585,NA
"737","NSW1200591",1.2227374805555,-0.0144684581828504,0,"737","2","248",-0.640222348488879,0.179837018051548,-0.654690806671729,0.568046673883774,NA
"738","NSW1213000",1.2227374805555,-0.170121146541971,0,"738","2","249",-0.157040134145357,0.238171798861431,-0.327161280687329,0.895576199868174,NA
"739","NSW1200797",1.2227374805555,-0.186494267534044,0,"739","2","250",0.0296649786134307,0.1709478108665,-0.156829288920613,1.06590819163489,NA
"740","NSW1212964",1.2227374805555,-0.173728446904934,0,"740","2","251",0.62121948015141,0.198326783476257,0.447491033246476,1.67022851380198,NA
"741","NSW1200338",1.2227374805555,-0.339331900685822,0,"741","2","252",0.0524074971816588,0.214887766626494,-0.286924403504163,0.93581307705134,NA
"742","NSW1213003",1.2227374805555,0.0230707733328713,0,"742","2","253",0.416537597128966,0.208767585369303,0.439608370461837,1.66234585101734,NA
"743","NSW1190162",1.2227374805555,0.0759255829678496,0,"743","2","254",0.0606893444482323,0.196856736533175,0.136614927416082,1.35935240797159,NA
"744","NSW1200769",1.2227374805555,-0.204252836864545,0,"744","2","255",-0.0479701632507038,0.21448378429339,-0.252223000115249,0.970514480440254,NA
"745","NSW1200403",1.2227374805555,-0.217681087838634,0,"745","2","256",-0.645631907361876,0.185728871463523,-0.86331299520051,0.359424485354993,NA
"746","NSW1200355",1.2227374805555,0.302411195596379,0,"746","2","257",-0.0415251858075073,0.260588535640739,0.260886009788872,1.48362349034437,NA
"747","NSW1212965",1.2227374805555,-0.0817385224585867,0,"747","2","258",0.236908780533936,0.193208765302019,0.15517025807535,1.37790773863085,NA
"748","NSW1200369",1.2227374805555,-0.0116215137856393,0,"748","2","259",0.459903982866257,0.196775370205942,0.448282469080617,1.67101994963612,NA
"749","NSW1211589",1.2227374805555,0.0836014179105458,0,"749","2","260",-0.102567784697872,0.23540062383465,-0.0189663667873263,1.20377111376818,NA
"750","NSW1200611",1.2227374805555,-0.047562747748782,0,"750","2","261",0.401608065350682,0.178468883201159,0.3540453176019,1.5767827981574,NA
"751","NSW1211538",1.2227374805555,0.0727376816904657,0,"751","2","262",-0.295859366349658,0.187360150272058,-0.223121684659193,0.99961579589631,NA
"752","NSW1190172",1.2227374805555,-0.384064456048508,0,"752","2","263",0.0106904059846395,0.194474470015114,-0.373374050063868,0.849363430491635,NA
"753","NSW1211437",1.2227374805555,-0.16724176039711,0,"753","2","264",0.238797993385789,0.181349420611966,0.0715562329886791,1.29429371354418,NA
"754","NSW1200656",1.2227374805555,-0.363364164307495,0,"754","2","265",-0.0182991202348989,0.20406244948833,-0.381663284542393,0.84107419601311,NA
"755","NSW1200823",1.2227374805555,-0.234297329171624,0,"755","2","266",-0.278956701767701,0.195643135399454,-0.513254030939326,0.709483449616177,NA
"756","NSW1200802",1.2227374805555,-0.234514894731616,0,"756","2","267",-0.0926378509449714,0.209686110732234,-0.327152745676588,0.895584734878915,NA
"757","NSW1211575",1.2227374805555,0.0387650179163438,0,"757","2","268",-0.0819132128769408,0.190060462757132,-0.043148194960597,1.17958928559491,NA
"758","NSW1200430",1.2227374805555,-0.199588751903703,0,"758","2","269",0.233836606555786,0.202292389152287,0.0342478546520825,1.25698533520759,NA
"759","NSW1200378",1.2227374805555,-0.357213529769861,0,"759","2","270",0.0320021248069568,0.205311153022504,-0.325211404962904,0.897526075592599,NA
"760","NSW1200840",1.2227374805555,-0.0572321569896521,0,"760","2","271",0.135578967913271,0.186850008225139,0.0783468109236191,1.30108429147912,NA
"761","NSW1201366",1.2227374805555,-0.380156538948323,0,"761","2","272",-0.175613354693939,0.167421606524264,-0.555769893642262,0.666967586913241,NA
"762","NSW1211569",1.2227374805555,-0.0085000757691221,0,"762","2","273",0.143861163317839,0.197710186737496,0.135361087548717,1.35809856810422,NA
"763","NSW1210940",1.2227374805555,-0.367542998728697,0,"763","2","274",-0.0278131750453146,0.193276440253762,-0.395356173774012,0.827381306781492,NA
"764","NSW1200838",1.2227374805555,-0.158234541167977,0,"764","2","275",-0.176682919832796,0.195569011913869,-0.334917461000773,0.88782001955473,NA
"765","NSW1200419",1.2227374805555,-0.155985274065012,0,"765","2","276",-0.244650367983562,0.212403371576105,-0.400635642048574,0.822101838506929,NA
"766","NSW1200909",1.2227374805555,-0.18941217567549,0,"766","2","277",-0.605873653023561,0.192039691393466,-0.795285828699051,0.427451651856453,NA
"767","NSW1211572",1.2227374805555,-0.131614820760926,0,"767","2","278",-0.227204735792978,0.158697778879882,-0.358819556553903,0.8639179240016,NA
"768","NSW1201401",1.2227374805555,-0.186848237458976,0,"768","2","279",0.175024214898365,0.194186023250162,-0.0118240225606107,1.21091345799489,NA
"769","NSW1200893",1.2227374805555,-0.424231568944176,0,"769","2","280",-0.301609785229446,0.18291452266203,-0.725841354173621,0.496896126381882,NA
"770","NSW1200879",1.2227374805555,-0.299998651616582,0,"770","2","281",-0.0605872472352099,0.171321380179922,-0.360585898851792,0.862151581703711,NA
"771","NSW1200596",1.2227374805555,-0.0936009848667198,0,"771","2","282",0.366241585720873,0.238656816477202,0.272640600854153,1.49537808140966,NA
"772","NSW1213023",1.2227374805555,-0.155378957557021,0,"772","2","283",-0.045602570720449,0.219738778646809,-0.20098152827747,1.02175595227803,NA
"773","NSW1211510",1.2227374805555,-0.345989380884228,0,"773","2","284",-0.0225398101767585,0.207665002477199,-0.368529191060986,0.854208289494517,NA
"774","NSW1200342",1.2227374805555,-0.177963254069186,0,"774","2","285",-0.0642212599126986,0.202477664479812,-0.242184513981884,0.980552966573619,NA
"775","NSW1200540",1.2227374805555,-0.385645580751307,0,"775","2","286",-0.18035016536411,0.185287865647261,-0.565995746115417,0.656741734440086,NA
"776","NSW1211585",1.2227374805555,-0.142457548405715,0,"776","2","287",0.212128148952681,0.212723068369366,0.0696706005469661,1.29240808110247,NA
"777","NSW1212958",1.2227374805555,-0.106593548857056,0,"777","2","288",-0.068763238844668,0.226601080798515,-0.175356787701724,1.04738069285378,NA
"778","NSW1201627",1.2227374805555,0.0372284605677922,0,"778","2","289",-0.0918663814294394,0.189118719676298,-0.0546379208616472,1.16809955969386,NA
"779","NSW1210988",1.2227374805555,0.192468894251166,0,"779","2","290",0.262605012490876,0.20895737785792,0.455073906742042,1.67781138729755,NA
"780","NSW1200915",1.2227374805555,-0.0245586230562831,0,"780","2","291",-0.426732190231669,0.221502115394784,-0.451290813287952,0.771446667267551,NA
"781","NSW1200398",1.2227374805555,-0.238761836638521,0,"781","2","292",0.570532899052921,0.21274269271725,0.3317710624144,1.5545085429699,NA
"782","NSW1212963",1.2227374805555,0.225986473025499,0,"782","2","293",-0.0968604323153653,0.246826964374696,0.129126040710134,1.35186352126564,NA
"783","NSW1200519",1.2227374805555,0.0499809410341992,0,"783","2","294",-0.690574717908999,0.203443077167581,-0.6405937768748,0.582143703680703,NA
"784","NSW1211436",1.2227374805555,-0.0256030022707051,0,"784","2","295",0.605996019309448,0.200555376087942,0.580393017038743,1.80313049759425,NA
"785","NSW1212984",1.2227374805555,-0.166872485637515,0,"785","2","296",0.13391084070596,0.205972779366138,-0.0329616449315551,1.18977583562395,NA
"786","NSW1211431",1.2227374805555,-0.207762439118897,0,"786","2","297",-0.0826840162973262,0.196566883265304,-0.290446455416223,0.93229102513928,NA
"787","NSW1211557",1.2227374805555,-0.305725398104224,0,"787","2","298",-0.0997023580289027,0.196657094636972,-0.405427756133126,0.817309724422377,NA
"788","NSW1190166",1.2227374805555,-0.141488669186066,0,"788","2","299",0.449212488050559,0.200885106311532,0.307723818864493,1.53046129942,NA
"789","NSW1200368",1.2227374805555,-0.246548577528157,0,"789","2","300",-0.529401144045985,0.169748296971964,-0.775949721574142,0.446787758981361,NA
"790","NSW1200809",1.2227374805555,0.0944410627138624,0,"790","2","301",-0.211940785818925,0.2025318586941,-0.117499723105062,1.10523775745044,NA
"791","NSW1213024",1.2227374805555,0.0488581061920133,0,"791","2","302",-0.26238413082521,0.216894108679576,-0.213526024633197,1.00921145592231,NA
"792","NSW1190169",1.2227374805555,-0.234153911533819,0,"792","2","303",-0.726587207033712,0.199600810532232,-0.960741118567531,0.261996361987972,NA
"793","NSW1200348",1.2227374805555,-0.248047406335659,0,"793","2","304",0.0424145283855982,0.184598414343319,-0.205632877950061,1.01710460260544,NA
"794","NSW1200383",1.2227374805555,-0.188889969906248,0,"794","2","305",0.19667982518645,0.211560312913423,0.00778985528020196,1.23052733583571,NA
"795","NSW1212986",1.2227374805555,-0.172201916913412,0,"795","2","306",-0.619441453810797,0.209549257457446,-0.791643370724209,0.431094109831294,NA
"796","NSW1200602",1.2227374805555,-0.172063808308921,0,"796","2","307",0.528549954499443,0.195699112809037,0.356486146190522,1.57922362674602,NA
"797","NSW1211535",1.2227374805555,0.0802019282736073,0,"797","2","308",-0.235504243787933,0.201692138851703,-0.155302315514326,1.06743516504118,NA
"798","NSW1212953",1.2227374805555,-0.157596775192381,0,"798","2","309",-0.483656527520004,0.240030536513432,-0.641253302712386,0.581484177843118,NA
"799","NSW1200794",1.2227374805555,-0.0249962403652684,0,"799","2","310",-0.199361822089766,0.19729993265739,-0.224358062455035,0.998379418100469,NA
"800","NSW1201361",1.2227374805555,-0.105001027372817,0,"800","2","311",0.6380652774223,0.204587944580786,0.533064250049483,1.75580173060499,NA
"801","NSW1211537",1.2227374805555,-0.0490373072679289,0,"801","2","312",0.437446363387263,0.197320351201913,0.388409056119334,1.61114653667484,NA
"802","NSW1200601",1.2227374805555,-0.049085040184033,0,"802","2","313",0.27981532078338,0.218656379958044,0.230730280599347,1.45346776115485,NA
"803","NSW1200538",1.2227374805555,-0.218932256543085,0,"803","2","314",0.541832172577337,0.175839914314481,0.322899916034252,1.54563739658975,NA
"804","NSW1212996",1.2227374805555,-0.0235760981252898,0,"804","2","315",-0.0711577193007375,0.218255573497317,-0.0947338174260273,1.12800366312948,NA
"805","NSW1211574",1.2227374805555,-0.387402874687554,0,"805","2","316",0.0782354444811932,0.180955093015844,-0.30916743020636,0.913570050349143,NA
"806","NSW1200606",1.2227374805555,-0.12252981860266,0,"806","2","317",-0.0745783890148085,0.214312038484993,-0.197108207617468,1.02562927293803,NA
"807","NSW1200844",1.2227374805555,-0.111211667457237,0,"807","2","318",0.423762635549614,0.169203606009032,0.312550968092377,1.53528844864788,NA
"808","NSW1211432",1.2227374805555,-0.213115914102015,0,"808","2","319",-0.5236297904751,0.206064413661483,-0.736745704577114,0.485991775978389,NA
"809","NSW1201386",1.2227374805555,0.0152256382527952,0,"809","2","320",0.309786767208812,0.209417027901417,0.325012405461608,1.54774988601711,NA
"810","NSW1212894",1.2227374805555,-0.178523900032408,0,"810","2","321",0.760606090727202,0.243748928057035,0.582082190694794,1.8048196712503,NA
"811","NSW1211573",1.2227374805555,-0.217973335499079,0,"811","2","322",0.426134182813056,0.19152055043519,0.208160847313977,1.43089832786948,NA
"812","NSW1211567",1.2227374805555,-0.117268753704089,0,"812","2","323",-0.123587418364665,0.197894570106604,-0.240856172068754,0.981881308486749,NA
"813","NSW1201385",1.2227374805555,-0.0120290904307488,0,"813","2","324",-0.0758785979706693,0.187418387741273,-0.0879076884014182,1.13482979215408,NA
"814","NSW1201357",1.2227374805555,-0.186859340872634,0,"814","2","325",-0.37496312542862,0.21889878061423,-0.561822466301254,0.660915014254249,NA
"815","NSW1211435",1.2227374805555,-0.141119254082966,0,"815","2","326",0.303356528333058,0.199004287072347,0.162237274250091,1.38497475480559,NA
"816","NSW1200555",1.2227374805555,-0.0862725375157902,0,"816","2","327",-0.112645260201379,0.172126101609386,-0.198917797717169,1.02381968283833,NA
"817","NSW1200399",1.2227374805555,-0.207097463660153,0,"817","2","328",-0.169045799004718,0.195459039040266,-0.37614326266487,0.846594217890633,NA
"818","NSW1200894",1.2227374805555,-0.172915609885455,0,"818","2","329",-0.150991553838178,0.187085652371363,-0.323907163723632,0.898830316831871,NA
"819","NSW1211457",1.2227374805555,-0.306991197467009,0,"819","2","330",0.0512593796988347,0.194619280858795,-0.255731817768174,0.967005662787329,NA
"820","NSW1200854",1.2227374805555,-0.279244763614714,0,"820","2","331",-0.0997600855878708,0.168979548629565,-0.379004849202585,0.843732631352918,NA
"821","NSW1200888",1.2227374805555,-0.228593521288982,0,"821","2","332",-0.00049269048882935,0.177653443031399,-0.229086211777811,0.993651268777692,NA
"822","NSW1201626",1.2227374805555,-0.0613627500516711,0,"822","2","333",0.121542849792474,0.204442554236165,0.0601800997408027,1.28291758029631,NA
"823","NSW1200553",1.2227374805555,-0.0378778776577598,0,"823","2","334",0.238735044146221,0.202161767910096,0.200857166488461,1.42359464704396,NA
"824","NSW1213008",1.2227374805555,-0.292560217125484,0,"824","2","335",0.387886565125086,0.198514462942658,0.0953263479996016,1.3180638285551,NA
"825","NSW1200671",1.2227374805555,-0.367827497478995,0,"825","2","336",0.0332261534906747,0.204431076920412,-0.33460134398832,0.888136136567183,NA
"826","NSW1212955",1.2227374805555,0.01116181015037,0,"826","2","337",0.616303525904554,0.215359383187255,0.627465336054924,1.85020281661043,NA
"827","NSW1212999",1.2227374805555,-0.0841943330229981,0,"827","2","338",-0.322945637984362,0.195506397563024,-0.40713997100736,0.815597509548143,NA
"828","NSW1213018",1.2227374805555,-0.0992163203346294,0,"828","2","339",0.0476321085592379,0.20481926220267,-0.0515842117753915,1.17115326878011,NA
"829","NSW1212861",1.2227374805555,0.0713213585578957,0,"829","2","340",-0.137208029309525,0.224534328195854,-0.0658866707516289,1.15685080980387,NA
"830","NSW1200526",1.2227374805555,-0.289117035208006,0,"830","2","341",-0.492766861888211,0.201325773963502,-0.781883897096217,0.440853583459286,NA
"831","NSW1212978",1.2227374805555,-0.0718247754089317,0,"831","2","342",0.571808291694521,0.201145433034417,0.49998351628559,1.72272099684109,NA
"832","NSW1200548",1.2227374805555,-0.112376281648976,0,"832","2","343",0.58859203760935,0.215178462490486,0.476215755960374,1.69895323651588,NA
"833","NSW1200843",1.2227374805555,-0.0505405883979009,0,"833","2","344",-0.444190446923364,0.190557610212154,-0.494731035321265,0.728006445234238,NA
"834","NSW1200898",1.2227374805555,-0.173913933249239,0,"834","2","345",-0.566972338829332,0.178719749395013,-0.740886272078571,0.481851208476932,NA
"835","NSW1213031",1.2227374805555,-0.174488449297973,0,"835","2","346",0.471164354910196,0.196726678333281,0.296675905612223,1.51941338616773,NA
"836","NSW1211425",1.2227374805555,-0.0999123295048785,0,"836","2","347",-0.111173738934875,0.207676154274294,-0.211086068439754,1.01165141211575,NA
"837","NSW1210966",1.2227374805555,-0.0771775976395719,0,"837","2","348",0.101381185397239,0.201718024360905,0.0242035877576675,1.24694106831317,NA
"838","NSW1200899",1.2227374805555,-0.21735430505535,0,"838","2","349",-0.58219771380649,0.218347681407898,-0.79955201886184,0.423185461693663,NA
"839","NSW1212973",1.2227374805555,-0.15963273453737,0,"839","2","350",-0.768002419197761,0.208225315555829,-0.927635153735131,0.295102326820372,NA
"840","NSW1211540",1.2227374805555,-0.174625273064969,0,"840","2","351",-0.28442234043339,0.202279706597172,-0.459047613498359,0.763689867057144,NA
"841","NSW1201406",1.2227374805555,-0.0174607665501238,0,"841","2","352",-0.242340558236045,0.204980263401619,-0.259801324786169,0.962936155769334,NA
"842","NSW1200889",1.2227374805555,-0.464658957127154,0,"842","2","353",0.0519913147025414,0.192893020546847,-0.412667642424613,0.81006983813089,NA
"843","NSW1200904",1.2227374805555,-0.1543970492523,0,"843","2","354",-0.307051030334763,0.204838835439904,-0.461448079587063,0.76128940096844,NA
"844","NSW1213014",1.2227374805555,-0.348154210111344,0,"844","2","355",-0.240211689414978,0.195032693466738,-0.588365899526322,0.634371581029181,NA
"845","NSW1211588",1.2227374805555,-0.32541830987089,0,"845","2","356",-0.437026989855941,0.20596265841956,-0.762445299726831,0.460292180828672,NA
"846","NSW1213035",1.2227374805555,-0.265370706977894,0,"846","2","357",-0.313729937795035,0.189705633528358,-0.579100644772929,0.643636835782574,NA
"847","NSW1200510",1.2227374805555,-0.137021459920908,0,"847","2","358",-0.0124481299838894,0.178926264610661,-0.149469589904797,1.07326789065071,NA
"848","NSW1211532",1.2227374805555,0.043322794345591,0,"848","2","359",0.117551495143403,0.219293250484983,0.160874289488994,1.3836117700445,NA
"849","NSW1200924",1.2227374805555,-0.240070275031601,0,"849","2","360",0.0217424837921055,0.186619528814797,-0.218327791239495,1.00440968931601,NA
"850","NSW1200782",1.2227374805555,-0.1433545964671,0,"850","2","361",0.58354764721642,0.180350320481588,0.44019305074932,1.66293053130482,NA
"851","NSW1212998",1.2227374805555,-0.0744682193718112,0,"851","2","362",-0.00794265050163798,0.212342241264136,-0.0824108698734492,1.14032661068205,NA
"852","NSW1211587",1.2227374805555,-0.27027272036546,0,"852","2","363",0.0722490690021991,0.2038556003206,-0.198023651363261,1.02471382919224,NA
"853","NSW1200359",1.2227374805555,-0.02531187462185,0,"853","2","364",0.171282730765004,0.218153410286916,0.145970856143154,1.36870833669866,NA
"854","NSW1212989",1.2227374805555,-0.186544774134467,0,"854","2","365",0.238597730171701,0.19913564138335,0.052052956037234,1.27479043659274,NA
"855","NSW1201429",1.2227374805555,-0.144838658825289,0,"855","2","366",-0.283666428093723,0.207894902539234,-0.428505086919012,0.794232393636491,NA
"856","NSW1200918",1.2227374805555,-0.0471627875484244,0,"856","2","367",0.471971809469637,0.188987262018553,0.424809021921213,1.64754650247672,NA
"857","NSW1190209",1.2227374805555,-0.216645754652409,0,"857","2","368",-0.41359755907262,0.196378428546668,-0.630243313725029,0.592494166830474,NA
"858","NSW1200404",1.2227374805555,-0.34799856509924,0,"858","2","369",-0.519211940924385,0.188908184869528,-0.867210506023625,0.355526974531878,NA
"859","NSW1211509",1.2227374805555,0.0380355890334336,0,"859","2","370",-0.0599031670117193,0.186387500251838,-0.0218675779782858,1.20086990257722,NA
"860","NSW1200421",1.2227374805555,-0.222173797580196,0,"860","2","371",-0.498595393260003,0.205029680998288,-0.720769190840199,0.501968289715304,NA
"861","NSW1200908",1.2227374805555,-0.0767650179569535,0,"861","2","372",0.196605745801633,0.196284361971458,0.11984072784468,1.34257820840018,NA
"862","NSW1213028",1.2227374805555,-0.105978789595019,0,"862","2","373",-0.355453646405989,0.241695982833264,-0.461432436001008,0.761305044554495,NA
"863","NSW1201632",1.2227374805555,0.0851111461456699,0,"863","2","374",0.305105075863643,0.180966949995598,0.390216222009313,1.61295370256482,NA
"864","NSW1200461",1.2227374805555,-0.0569135214501604,0,"864","2","375",0.287009904356138,0.216131744808141,0.230096382905978,1.45283386346148,NA
"865","NSW1200590",1.2227374805555,-0.0688116819064999,0,"865","2","376",-0.0430420843450196,0.202869105190699,-0.11185376625152,1.11088371430398,NA
"866","NSW1212975",1.2227374805555,-0.0109364136293962,0,"866","2","377",0.0408214732811869,0.183264531420699,0.0298850596517907,1.25262254020729,NA
"867","NSW1201621",1.2227374805555,-0.0572321569896521,0,"867","2","378",0.135578967913271,0.186850008225139,0.0783468109236191,1.30108429147912,NA
"868","NSW1210994",1.2227374805555,-0.131187017336753,0,"868","2","379",0.0488720618155422,0.198642570628983,-0.0823149555212108,1.14042252503429,NA
"869","NSW1190186",1.2227374805555,-0.138740724068116,0,"869","2","380",-0.440622513899699,0.189507061845331,-0.579363237967815,0.643374242587688,NA
"870","NSW1213009",1.2227374805555,-0.0333002405814527,0,"870","2","381",0.0034969382929813,0.187271255548676,-0.0298033022884714,1.19293417826703,NA
"871","NSW1213004",1.2227374805555,0.014048482414334,0,"871","2","382",0.92244260595613,0.213566838143176,0.936491088370464,2.15922856892597,NA
"872","NSW1200595",1.2227374805555,-0.264016552656767,0,"872","2","383",-0.318646619937605,0.210487272692404,-0.582663172594372,0.640074307961131,NA
"873","NSW1211590",1.2227374805555,-0.221094718502854,0,"873","2","384",-0.116297788323209,0.198917665138939,-0.337392506826063,0.88534497372944,NA
"874","NSW1213026",1.2227374805555,0.14268212735107,0,"874","2","385",0.476087105973662,0.214041562431985,0.618769233324733,1.84150671388024,NA
"875","NSW1200798",1.2227374805555,-0.296589314449507,0,"875","2","386",0.124259059370887,0.195104910314106,-0.17233025507862,1.05040722547688,NA
"876","NSW1190171",1.2227374805555,-0.234457398995181,0,"876","2","387",-0.0524330894659546,0.222535682857814,-0.286890488461136,0.935846992094367,NA
"877","NSW1211447",1.2227374805555,-0.330688140170066,0,"877","2","388",-0.355337678046431,0.187133455277456,-0.686025818216496,0.536711662339007,NA
"878","NSW1200652",1.2227374805555,0.0521284182046995,0,"878","2","389",-0.207410882629393,0.212168351508268,-0.155282464424694,1.06745501613081,NA
"879","NSW1211571",1.2227374805555,-0.107672924487038,0,"879","2","390",-0.144035313958136,0.207083598654992,-0.251708238445174,0.971029242110329,NA
"880","NSW1200612",1.2227374805555,-0.230224853389863,0,"880","2","391",0.26133432878648,0.175895904722659,0.0311094753966167,1.25384695595212,NA
"881","NSW1213019",1.2227374805555,-0.164930906064248,0,"881","2","392",0.257040901922177,0.23148059742169,0.0921099958579288,1.31484747641343,NA
"882","NSW1190193",1.2227374805555,-0.200152263332944,0,"882","2","393",-0.5859089903036,0.220528750260213,-0.786061253636544,0.436676226918959,NA
"883","NSW1200621",1.2227374805555,-0.107887074646103,0,"883","2","394",0.572931679058819,0.189317786689322,0.465044604412716,1.68778208496822,NA
"884","NSW1211452",1.2227374805555,-0.222675285362285,0,"884","2","395",0.257422192966746,0.209264639552439,0.0347469076044611,1.25748438815996,NA
"885","NSW1210997",1.2227374805555,-0.293302390349537,0,"885","2","396",0.197723795534372,0.199210632736758,-0.0955785948151654,1.12715888574034,NA
"886","NSW1201424",1.2227374805555,0.0214420340924457,0,"886","2","397",0.171702685765389,0.216195427630526,0.193144719857834,1.41588220041334,NA
"887","NSW1213002",1.2227374805555,0.0418591556357708,0,"887","2","398",-0.122581805637849,0.177743775172238,-0.0807226500020787,1.14201483055342,NA
"888","NSW1201367",1.2227374805555,0.00781960750622059,0,"888","2","399",-0.317447547371992,0.212885796555875,-0.309627939865772,0.913109540689731,NA
"889","NSW1200903",1.2227374805555,-0.249238057962688,0,"889","2","400",-0.244678998119927,0.217953830921484,-0.493917056082615,0.728820424472889,NA
"890","NSW1212974",1.2227374805555,-0.183739146232835,0,"890","2","401",-0.588773917799034,0.179013273466946,-0.772513064031869,0.450224416523634,NA
"891","NSW1211531",1.2227374805555,-0.204991641409503,0,"891","2","402",0.772462891529498,0.19495018307513,0.567471250119994,1.7902087306755,NA
"892","NSW1190170",1.2227374805555,-0.384064456048508,0,"892","2","403",0.0106904059846395,0.194474470015114,-0.373374050063868,0.849363430491635,NA
"893","NSW1211579",1.2227374805555,0.0375771352148708,0,"893","2","404",-0.680267656587,0.217703744689436,-0.642690521372129,0.580046959183374,NA
"894","NSW1200913",1.2227374805555,-0.220137473518857,0,"894","2","405",-0.113489311324194,0.221417373243396,-0.33362678484305,0.889110695712453,NA
"895","NSW1212899",1.2227374805555,-0.005965461266196,0,"895","2","406",-0.449700468061763,0.254347307199892,-0.455665929327959,0.767071551227544,NA
"896","NSW1212954",1.2227374805555,-0.0562467752403184,0,"896","2","407",0.156383965851882,0.18661122764318,0.100137190611564,1.32287467116707,NA
"897","NSW1200874",1.2227374805555,-0.292344388554414,0,"897","2","408",-0.338957359887368,0.213645481697578,-0.631301748441782,0.591435732113721,NA
"898","NSW1200367",1.2227374805555,-0.231939776741744,0,"898","2","409",-0.428922672763545,0.20426393693623,-0.660862449505289,0.561875031050214,NA
"899","NSW1211563",1.2227374805555,-0.246146682772468,0,"899","2","410",0.0596581399778997,0.171085291126461,-0.186488542794568,1.03624893776094,NA
"900","NSW1200667",1.2227374805555,-0.256698598084392,0,"900","2","411",-0.379201563217557,0.22257679242261,-0.635900161301949,0.586837319253555,NA
"901","NSW1200832",1.2227374805555,-0.0784513662830286,0,"901","2","412",-0.285320118122974,0.218590897131579,-0.363771484406002,0.858965996149501,NA
"902","NSW1211580",1.2227374805555,-0.15757647886617,0,"902","2","413",-0.262607431556326,0.197008785133981,-0.420183910422496,0.802553570133007,NA
"903","NSW1201435",1.2227374805555,0.0365494249925984,0,"903","2","414",0.375007388249417,0.212898434913079,0.411556813242016,1.63429429379752,NA
"904","NSW1200600",1.2227374805555,-0.27501360866277,0,"904","2","415",-0.30844896262533,0.204485294898275,-0.5834625712881,0.639274909267403,NA
"905","NSW1212994",1.2227374805555,-0.228177482640134,0,"905","2","416",0.243464657394653,0.184762996243931,0.0152871747545192,1.23802465531002,NA
"906","NSW1211591",1.2227374805555,-0.381109679939161,0,"906","2","417",0.249642198040504,0.192952962278694,-0.131467481898657,1.09126999865685,NA
