"","Taxa","BLUE.N","BLUE.I","QTNs","Group","RefInf","ID","BLUP","PEV","gBreedingValue","Prediction","COI"
"1","S_1007_S311",1.36433321316315,0.63631588668239,0,"  1","1","  1",0.549206751805821,0.318329874131088,1.18552263848821,2.54985585165136,1.8612097182042
"2","S_102_S245",1.36433321316315,0.0506807725958077,0,"  2","1","  2",0.381096847360043,0.278654740811724,0.43177761995585,1.796110833119,1.65487545982344
"3","S_1031_S380",1.36433321316315,0.0801590183023792,0,"  3","1","  3",-0.149864376550981,0.254092700297205,-0.0697053582486021,1.29462785491455,1
"4","S_1045_S231",1.36433321316315,0.367178635632634,0,"  4","1","  4",-0.308569928249604,0.280203373720452,0.0586087073830295,1.42294192054618,0
"5","S_1052_S227",1.36433321316315,0.467256491238368,0,"  5","1","  5",-0.0553451598390626,0.277472786479293,0.411911331399306,1.77624454456245,2.11474252688113
"6","S_1054_S345",1.36433321316315,0.438164957862147,0,"  6","1","  6",-0.570671397052279,0.2670245263178,-0.132506439190131,1.23182677397302,0.840896415253715
"7","S_1057_S302",1.36433321316315,0.135795670112254,0,"  7","1","  7",-0.533037204164686,0.241495444109173,-0.397241534052432,0.967091679110717,0.840896415253715
"8","S_106_S223",1.36433321316315,-0.119807680968129,0,"  8","1","  8",0.401427794412505,0.305826517513048,0.281620113444375,1.64595332660752,1.8612097182042
"9","S_1082_S287",1.36433321316315,-0.0212377831792858,0,"  9","1","  9",0.472127506367948,0.262935597306347,0.450889723188663,1.81522293635181,1.56508458007329
"10","S_108_S258",1.36433321316315,0.0377547892592582,0," 10","1"," 10",0.226110864754525,0.266274992521074,0.263865654013783,1.62819886717693,1.56508458007329
"11","S_109_S351",1.36433321316315,-0.161361533140172,0," 11","1"," 11",-0.348370331291096,0.264130196200137,-0.509731864431267,0.854601348731882,1.49534878122122
"12","S_1124_S271",1.36433321316315,-0.0841201777954932,0," 12","1"," 12",-0.789188522828334,0.299409085772698,-0.873308700623827,0.491024512539322,1.18920711500272
"13","S_1127_S332",1.36433321316315,0.0899945074544609,0," 13","1"," 13",-1.20758467557671,0.256854027799879,-1.11759016812225,0.246743045040902,0
"14","S_1130_S319",1.36433321316315,0.423427465748625,0," 14","1"," 14",-0.0445913716516018,0.315180675864689,0.378836094097024,1.74316930726017,2.65914794847249
"15","S_1132_S315",1.36433321316315,0.096855545349889,0," 15","1"," 15",-0.704527532847276,0.252092014810662,-0.607671987497387,0.756661225665762,1.65487545982344
"16","S_1159_S297",1.36433321316315,0.228861564336621,0," 16","1"," 16",0.530489674275458,0.275588113778577,0.759351238612079,2.12368445177523,1.56508458007329
"17","S_1161_S254",1.36433321316315,-0.0033056711882385,0," 17","1"," 17",-0.305975936299417,0.281169917841962,-0.309281607487656,1.05505160567549,1.31607401295249
"18","S_1162_S384",1.36433321316315,-0.0925155277899342,0," 18","1"," 18",0.140538955069707,0.25589262522569,0.0480234272797733,1.41235664044292,2.51486685936587
"19","S_1223_S229",1.36433321316315,0.00364002102473534,0," 19","1"," 19",-0.238480134007382,0.286265606024253,-0.234840112982647,1.1294931001805,1.4142135623731
"20","S_1237_S377",1.36433321316315,0.0619996915846611,0," 20","1"," 20",-0.405004303726467,0.24707262854609,-0.343004612141805,1.02132860102134,0
"21","S_129_S310",1.36433321316315,-0.250114064728559,0," 21","1"," 21",-0.137770852618244,0.262135924049997,-0.387884917346803,0.976448295816346,0
"22","S_1305_S246",1.36433321316315,0.449760400791925,0," 22","1"," 22",-0.300165974997532,0.268817971978239,0.149594425794393,1.51392763895754,1.77827941003892
"23","S_130_S333",1.36433321316315,-0.158234803853138,0," 23","1"," 23",-0.820625977939249,0.275481594515508,-0.978860781792387,0.385472431370762,0
"24","S_1315_S322",1.36433321316315,-0.156155488402136,0," 24","1"," 24",0.0547337146787849,0.274849528647892,-0.101421773723351,1.2629114394398,1.49534878122122
"25","S_1317_S208",1.36433321316315,-0.0913268884654944,0," 25","1"," 25",-0.158487954927185,0.253429838603537,-0.249814843392679,1.11451836977047,1.49534878122122
"26","S_1324_S206",1.36433321316315,-0.180952722216463,0," 26","1"," 26",0.551855261167163,0.294015641904504,0.3709025389507,1.73523575211385,2.11474252688113
"27","S_1328_S372",1.36433321316315,0.212408530041892,0," 27","1"," 27",0.24332913690375,0.3196930663268,0.455737666945642,1.82007088010879,2.34034731932072
"28","S_1343_S366",1.36433321316315,0.203579095578227,0," 28","1"," 28",-0.565847791365868,0.261328095514534,-0.362268695787641,1.00206451737551,1
"29","S_137_S285",1.36433321316315,-0.230288178702619,0," 29","1"," 29",-0.235561093206751,0.28573138234779,-0.46584927190937,0.898483941253779,1
"30","S_1383_S323",1.36433321316315,-0.365428581234255,0," 30","1"," 30",-0.0999283129196065,0.367989950442363,-0.465356894153861,0.898976319009288,1.10668191970032
"31","S_1404_S202",1.36433321316315,-0.0670925901280503,0," 31","1"," 31",0.219681851059591,0.27105790167968,0.15258926093154,1.51692247409469,0
"32","S_1407_S312",1.36433321316315,-0.119167330822463,0," 32","1"," 32",0.0616398039319005,0.237668893162619,-0.0575275268905626,1.30680568627259,1.31607401295249
"33","S_140_S320",1.36433321316315,-0.0808413886441011,0," 33","1"," 33",0.488854436062359,0.290955703229305,0.408013047418258,1.77234626058141,2.51486685936587
"34","S_1423_S318",1.36433321316315,-0.0982920142169833,0," 34","1"," 34",-0.159537589874646,0.280532669663338,-0.257829604091629,1.10650360907152,2.51486685936587
"35","S_1430_S329",1.36433321316315,-0.0836800624568088,0," 35","1"," 35",-0.149092456531657,0.238051636326206,-0.232772518988466,1.13156069417468,1.4142135623731
"36","S_1431_S278",1.36433321316315,0.0893572254329533,0," 36","1"," 36",-0.447324247457301,0.239360867269137,-0.357967022024348,1.0063661911388,0
"37","S_1437_S292",1.36433321316315,0.180670358678764,0," 37","1"," 37",-0.179676491420647,0.249323210747476,0.000993867258116926,1.36532708042127,1.18920711500272
"38","S_1441_S235",1.36433321316315,0.0347487559315362,0," 38","1"," 38",0.12791451770977,0.266034874678132,0.162663273641307,1.52699648680446,1.96798967126543
"39","S_1442_S328",1.36433321316315,-0.0369768112445654,0," 39","1"," 39",-0.587807893867594,0.242034739101604,-0.624784705112159,0.739548508050989,0
"40","S_1452_S275",1.36433321316315,0.111406293593969,0," 40","1"," 40",0.395607846179516,0.279119511303535,0.507014139773485,1.87134735293663,1.49534878122122
"41","S_1472_S295",1.36433321316315,0.23189645476813,0," 41","1"," 41",-0.538604652073267,0.251796706267492,-0.306708197305137,1.05762501585801,0
"42","S_1488_S316",1.36433321316315,-0.166237354851998,0," 42","1"," 42",-0.0378554297979315,0.255798982423753,-0.204092784649929,1.16024042851322,1.62657656169779
"43","S_148_S249",1.36433321316315,0.0247075855209148,0," 43","1"," 43",-0.320108299525064,0.271878119598792,-0.295400714004149,1.068932499159,1
"44","S_1496_S272",1.36433321316315,0.12913520092183,0," 44","1"," 44",0.558856963731502,0.257886008254087,0.687992164653332,2.05232537781648,2.65914794847249
"45","S_150_S251",1.36433321316315,-0.145556877772834,0," 45","1"," 45",0.0471322687582651,0.259596070977017,-0.0984246090145689,1.26590860414858,1.31607401295249
"46","S_1513_S327",1.36433321316315,-0.178682590939777,0," 46","1"," 46",-0.30664944005436,0.318016628636397,-0.485332030994137,0.879001182169012,0
"47","S_1518_S240",1.36433321316315,-0.143401261609284,0," 47","1"," 47",-0.103477886389164,0.271053991049331,-0.246879147998448,1.1174540651647,1
"48","S_1549_S342",1.36433321316315,0.0390210871642052,0," 48","1"," 48",-0.428606883693234,0.267082869329361,-0.389585796529028,0.97474741663412,0
"49","S_1573_S236",1.36433321316315,-0.0809456237183504,0," 49","1"," 49",-0.29746998855016,0.26310507309891,-0.378415612268511,0.985917600894638,1
"50","S_1584_S296",1.36433321316315,0.156999477472746,0," 50","1"," 50",-0.0729949612143134,0.29205735665405,0.0840045162584322,1.44833772942158,2.21336383940064
"51","S_1599_S343",1.36433321316315,0.370445075257637,0," 51","1"," 51",0.164266636227101,0.287322393108355,0.534711711484738,1.89904492464789,2.65914794847249
"52","S_1619_S303",1.36433321316315,0.0763292727495586,0," 52","1"," 52",0.7412636686339,0.280882602370944,0.817592941383458,2.18192615454661,1.77827941003892
"53","S_1621_S339",1.36433321316315,0.173300644921429,0," 53","1"," 53",1.44640612314869,0.253220266967796,1.61970676807012,2.98403998123326,2.54572989502183
"54","S_1623_S378",1.36433321316315,0.209955094734495,0," 54","1"," 54",0.0573486673017028,0.250230787289975,0.267303762036198,1.63163697519935,1.65487545982344
"55","S_1629_S373",1.36433321316315,0.0922999137127272,0," 55","1"," 55",1.08657599848418,0.239262571410009,1.17887591219691,2.54320912536006,1.77827941003892
"56","S_1631_S361",1.36433321316315,0.0267540678159791,0," 56","1"," 56",0.725604430328608,0.265081356220889,0.752358498144587,2.11669171130774,2.65914794847249
"57","S_1637_S325",1.36433321316315,0.0170384739737484,0," 57","1"," 57",0.570131192144226,0.277730137068307,0.587169666117975,1.95150287928112,2.44948974278318
"58","S_1639_S204",1.36433321316315,0.190610924345427,0," 58","1"," 58",-0.613384982813173,0.281233040939866,-0.422774058467746,0.941559154695403,1.31607401295249
"59","S_1643_S375",1.36433321316315,-0.105657337461221,0," 59","1"," 59",0.0773011707283586,0.279527890374729,-0.028356166732862,1.33597704643029,1
"60","S_1649_S331",1.36433321316315,0.046176325162763,0," 60","1"," 60",-0.211411886893738,0.260755694670113,-0.165235561730975,1.19909765143217,1.49534878122122
"61","S_1653_S294",1.36433321316315,0.0789756863230255,0," 61","1"," 61",-0.471868542419699,0.260399197474724,-0.392892856096673,0.971440357066476,1
"62","S_165_S284",1.36433321316315,0.0532067970383266,0," 62","1"," 62",0.0265659672847048,0.280953448808146,0.0797727643230314,1.44410597748618,1.49534878122122
"63","S_1677_S221",1.36433321316315,0.0927423317488171,0," 63","1"," 63",-0.404881398466013,0.249924787544573,-0.312139066717196,1.05219414644595,0
"64","S_1683_S338",1.36433321316315,-0.0613209390010489,0," 64","1"," 64",-0.304067486850049,0.250110644715703,-0.365388425851098,0.998944787312051,1.18920711500272
"65","S_1689_S192",1.36433321316315,-0.215346642228456,0," 65","1"," 65",-0.747538458683886,0.295487015634855,-0.962885100912342,0.401448112250807,0
"66","S_1699_S367",1.36433321316315,0.126184851088964,0," 66","1"," 66",0.0618728278690898,0.277014742786322,0.188057678958054,1.5523908921212,1.18920711500272
"67","S_171_S219",1.36433321316315,-0.191750264314324,0," 67","1"," 67",0.174623428153304,0.261115268242923,-0.0171268361610198,1.34720637700213,2.59002006411135
"68","S_1723_S369",1.36433321316315,0.0627182396553671,0," 68","1"," 68",-0.368730442484235,0.269413273428525,-0.306012202828868,1.05832101033428,1.4142135623731
"69","S_1728_S376",1.36433321316315,-0.0353419215252198,0," 69","1"," 69",0.680365508109176,0.25586482844735,0.645023586583956,2.00935679974711,2.78315768371374
"70","S_1736_S359",1.36433321316315,0.174737039599196,0," 70","1"," 70",0.24384483329449,0.289640147280688,0.418581872893687,1.78291508605684,1.96798967126543
"71","S_1742_S357",1.36433321316315,-0.149906438531432,0," 71","1"," 71",0.0690825474968441,0.269829829756515,-0.0808238910345883,1.28350932212856,1.8612097182042
"72","S_1749_S247",1.36433321316315,-0.139856342644865,0," 72","1"," 72",-0.0711633733275445,0.25303989369574,-0.21101971597241,1.15331349719074,1
"73","S_1779_S226",1.36433321316315,0.00569343264229999,0," 73","1"," 73",0.580334249157775,0.268081495370231,0.586027681800075,1.95036089496322,2.65914794847249
"74","S_1810_S213",1.36433321316315,0.0913774838688772,0," 74","1"," 74",0.888444622026423,0.322905348804112,0.9798221058953,2.34415531905845,1.8612097182042
"75","S_1813_S253",1.36433321316315,-0.277144636107922,0," 75","1"," 75",0.115200722558011,0.255886770208955,-0.161943913549912,1.20238929961324,1.56508458007329
"76","S_1817_S210",1.36433321316315,-0.0779669822508164,0," 76","1"," 76",0.398257897892535,0.260431093261592,0.320290915641718,1.68462412880487,2.34034731932072
"77","S_1818_S238",1.36433321316315,-0.0538849788555331,0," 77","1"," 77",-0.586395022402567,0.249479357599699,-0.6402800012581,0.724053211905048,0
"78","S_1825_S198",1.36433321316315,-0.0013473300473153,0," 78","1"," 78",-0.387829617506055,0.302797048535487,-0.389176947553371,0.975156265609778,1.49534878122122
"79","S_1837_S256",1.36433321316315,0.0786411255646964,0," 79","1"," 79",0.797150765372567,0.281948698409854,0.875791890937264,2.24012510410041,2.78315768371374
"80","S_1839_S299",1.36433321316315,-0.000174013124349288,0," 80","1"," 80",0.332734809989924,0.302826285555853,0.332560796865575,1.69689401002872,2.21336383940064
"81","S_183_S263",1.36433321316315,-0.160862739645467,0," 81","1"," 81",0.343974768799018,0.296589077907448,0.183112029153551,1.5474452423167,2.65914794847249
"82","S_1841_S250",1.36433321316315,-0.0460689809483181,0," 82","1"," 82",-0.134204544534819,0.269496599627411,-0.180273525483138,1.18405968768001,0
"83","S_1865_S374",1.36433321316315,-0.0899873035873328,0," 83","1"," 83",1.00006932314228,0.249252614145245,0.910082019554946,2.2744152327181,2.21336383940064
"84","S_1874_S244",1.36433321316315,0.149930170338718,0," 84","1"," 84",0.696082991081768,0.270092372363046,0.846013161420487,2.21034637458364,2.34034731932072
"85","S_1877_S262",1.36433321316315,0.181691884502169,0," 85","1"," 85",0.297554101029568,0.251910812290989,0.479245985531737,1.84357919869489,2.78315768371374
"86","S_1899_S193",1.36433321316315,-0.229156067514699,0," 86","1"," 86",0.0481732766579872,0.237820642813046,-0.180982790856712,1.18335042230644,1.62657656169779
"87","S_1900_S242",1.36433321316315,0.0293689118097951,0," 87","1"," 87",-0.039037507421838,0.255300418791133,-0.00966859561204284,1.35466461755111,1.56508458007329
"88","S_1936_S218",1.36433321316315,-0.313559358435393,0," 88","1"," 88",-0.0676127923371923,0.282996246567343,-0.381172150772585,0.983161062390564,1.18920711500272
"89","S_1952_S293",1.36433321316315,-0.302589547835917,0," 89","1"," 89",-0.435710973968668,0.279203290090517,-0.738300521804585,0.626032691358563,1.18920711500272
"90","S_1969_S291",1.36433321316315,-0.323139900705479,0," 90","1"," 90",0.355596011970659,0.285067942848351,0.0324561112651798,1.39678932442833,1.31607401295249
"91","S_1973_S267",1.36433321316315,-0.184964402316077,0," 91","1"," 91",0.948963908000055,0.278652041055186,0.763999505683977,2.12833271884713,2.89250760851908
"92","S_197_S207",1.36433321316315,0.0193292939897599,0," 92","1"," 92",-0.395958272827136,0.280244723589016,-0.376628978837376,0.987704234325773,1.4142135623731
"93","S_198_S304",1.36433321316315,-0.167254280750898,0," 93","1"," 93",-0.638842916535065,0.267499279186189,-0.806097197285964,0.558236015877186,0
"94","S_2010_S200",1.36433321316315,-0.336046175129907,0," 94","1"," 94",0.280566532111935,0.274096446319346,-0.0554796430179721,1.30885357014518,0
"95","S_2014_S264",1.36433321316315,-0.458788378194724,0," 95","1"," 95",-0.523339118409079,0.273501617256349,-0.982127496603803,0.382205716559346,1.25743342968294
"96","S_2015_S266",1.36433321316315,-0.523569845339754,0," 96","1"," 96",-0.173707739326367,0.315532961532426,-0.697277584666121,0.667055628497028,0
"97","S_2037_S371",1.36433321316315,-0.166362687890414,0," 97","1"," 97",-0.0884469549241134,0.260423762748505,-0.254809642814527,1.10952357034862,0
"98","S_2073_S215",1.36433321316315,-0.164953556731093,0," 98","1"," 98",0.114634534703837,0.275013407638477,-0.0503190220272557,1.31401419113589,1.49534878122122
"99","S_2099_S335",1.36433321316315,-0.207017852585819,0," 99","1"," 99",0.0690008682186283,0.26579476749147,-0.13801698436719,1.22631622879596,0.840896415253715
"100","S_209_S379",1.36433321316315,0.132264434813954,0,"100","1","100",-1.1918742349459,0.25639039051484,-1.05960980013195,0.304723413031203,0
"101","S_2103_S301",1.36433321316315,-0.120669183268879,0,"101","1","101",-0.118282969752667,0.271277962148811,-0.238952153021545,1.1253810601416,2.34034731932072
"102","S_2104_S224",1.36433321316315,-0.302427092071241,0,"102","1","102",-0.726329457377269,0.274271005034478,-1.02875654944851,0.33557666371464,1.31607401295249
"103","S_2105_S269",1.36433321316315,0.00381065211763053,0,"103","1","103",-0.0829823315437893,0.261335762028681,-0.0791716794261588,1.28516153373699,0
"104","S_2107_S349",1.36433321316315,-0.39284382657084,0,"104","1","104",0.180173777955732,0.279974181835522,-0.212670048615108,1.15166316454804,1.18920711500272
"105","S_2115_S280",1.36433321316315,-0.338092918138159,0,"105","1","105",-0.150373596223685,0.311534110803368,-0.488466514361845,0.875866698801304,2.34034731932072
"106","S_2116_S350",1.36433321316315,-0.450066130471543,0,"106","1","106",0.263914312653924,0.284959505866088,-0.186151817817619,1.17818139534553,1.31607401295249
"107","S_2135_S234",1.36433321316315,-0.252230840643577,0,"107","1","107",0.111536261182552,0.275114606919311,-0.140694579461025,1.22363863370212,1.31607401295249
"108","S_2140_S363",1.36433321316315,-0.496790534443112,0,"108","1","108",-0.651362660420531,0.301490200771425,-1.14815319486364,0.216180018299506,0
"109","S_2145_S212",1.36433321316315,-0.343981642417729,0,"109","1","109",-0.572229928121362,0.258016012129387,-0.916211570539091,0.448121642624058,0
"110","S_2155_S383",1.36433321316315,-0.417820057264541,0,"110","1","110",0.00367440727071522,0.263645416785614,-0.414145649993826,0.950187563169323,1.4142135623731
"111","S_2187_S360",1.36433321316315,-0.160640005825739,0,"111","1","111",0.18001577144444,0.2490544573981,0.0193757656187011,1.38370897878185,1.96798967126543
"112","S_2192_S307",1.36433321316315,-0.255332379670354,0,"112","1","112",-0.42497870830144,0.276347749858776,-0.680311087971794,0.684022125191355,1.31607401295249
"113","S_2193_S216",1.36433321316315,-0.206381582451597,0,"113","1","113",0.0662566302669668,0.251284402469532,-0.14012495218463,1.22420826097852,1.65487545982344
"114","S_2201_S214",1.36433321316315,-0.275402517988509,0,"114","1","114",-0.451783140865514,0.285455421172644,-0.727185658854023,0.637147554309126,0
"115","S_2203_S277",1.36433321316315,-0.349150155799509,0,"115","1","115",-0.499021925642005,0.286503443008146,-0.848172081441513,0.516161131721635,0
"116","S_2212_S230",1.36433321316315,-0.155642313130201,0,"116","1","116",-0.702051076642982,0.272295515942998,-0.857693389773183,0.506639823389966,0
"117","S_2214_S290",1.36433321316315,-0.0891375386239278,0,"117","1","117",0.0763503381045534,0.260865005984291,-0.0127872005193744,1.35154601264377,1.4142135623731
"118","S_2226_S298",1.36433321316315,-0.210159174472175,0,"118","1","118",0.174372827789825,0.268731650219223,-0.0357863466823497,1.3285468664808,2.21336383940064
"119","S_2228_S346",1.36433321316315,0.0186953824751891,0,"119","1","119",-0.3154050812794,0.241797160361344,-0.29670969880421,1.06762351435894,0
"120","S_2232_S273",1.36433321316315,-0.138415392279902,0,"120","1","120",0.231808619355925,0.315660321025032,0.0933932270760238,1.45772644023917,1.31607401295249
"121","S_2271_S195",1.36433321316315,-0.303565861408947,0,"121","1","121",0.211639872425032,0.276667768977702,-0.0919259889839147,1.27240722417923,1.49534878122122
"122","S_2299_S281",1.36433321316315,0.280463892978682,0,"122","1","122",-0.359952630306189,0.269342189925758,-0.0794887373275067,1.28484447583564,2.65914794847249
"123","S_2302_S259",1.36433321316315,0.190701789340175,0,"123","1","123",0.125485068546824,0.273060514279225,0.316186857887,1.68052007105015,2.23606797749979
"124","S_2307_S288",1.36433321316315,0.25169739362693,0,"124","1","124",-0.0984977184999896,0.274519379046089,0.15319967512694,1.51753288829009,2.69178163547765
"125","S_2319_S337",1.36433321316315,0.0226797070690862,0,"125","1","125",-0.189933487243232,0.255516262533835,-0.167253780174146,1.197079432989,0
"126","S_231_S260",1.36433321316315,0.351668357851203,0,"126","1","126",0.269135815908052,0.28216967502482,0.620804173759255,1.9851373869224,2.11474252688113
"127","S_2323_S355",1.36433321316315,0.024986356783087,0,"127","1","127",0.175207666769452,0.276406182165268,0.200194023552539,1.56452723671569,1.25743342968294
"128","S_2351_S197",1.36433321316315,0.0592093237957137,0,"128","1","128",-0.922910019497475,0.276482836178957,-0.863700695701761,0.500632517461387,0
"129","S_2358_S289",1.36433321316315,0.073486185587286,0,"129","1","129",-0.392544866356742,0.249311298691008,-0.319058680769456,1.04527453239369,1.49534878122122
"130","S_2370_S336",1.36433321316315,0.0755411929372394,0,"130","1","130",-0.187793128442025,0.264349451801776,-0.112251935504786,1.25208127765836,1
"131","S_2375_S268",1.36433321316315,0.436743395356859,0,"131","1","131",0.422460901830938,0.268377107251043,0.859204297187797,2.22353751035095,2.51486685936587
"132","S_2395_S194",1.36433321316315,0.127170126405182,0,"132","1","132",-0.229542980405648,0.254459085310135,-0.102372854000466,1.26196035916268,1.56508458007329
"133","S_242_S324",1.36433321316315,0.293358150962896,0,"133","1","133",-0.529012713603998,0.269680296935079,-0.235654562641102,1.12867865052205,0
"134","S_248_S252",1.36433321316315,0.235866219275765,0,"134","1","134",-0.0244950899591084,0.265333460347426,0.211371129316657,1.57570434247981,1.77827941003892
"135","S_261_S368",1.36433321316315,-0.116785085059037,0,"135","1","135",0.448055515544656,0.26762636916957,0.331270430485619,1.69560364364877,1.96798967126543
"136","S_269_S228",1.36433321316315,0.162531307358308,0,"136","1","136",0.00782308010268024,0.269332727484807,0.170354387460988,1.53468760062414,0.840896415253715
"137","S_272_S326",1.36433321316315,-0.0228178315102666,0,"137","1","137",0.44973909846381,0.276387345263556,0.426921266953544,1.79125448011669,2.11474252688113
"138","S_285_S191",1.36433321316315,-0.0702901087694101,0,"138","1","138",0.152359400955157,0.249101313861241,0.082069292185747,1.4464025053489,2.05976714390712
"139","S_28_S364",1.36433321316315,-0.504144633767152,0,"139","1","139",-0.282565706966207,0.314560939995158,-0.786710340733359,0.57762287242979,0
"140","S_294_S317",1.36433321316315,0.298969917861399,0,"140","1","140",-1.1556555821589,0.251228950095489,-0.856685664297498,0.50764754886565,0
"141","S_298_S354",1.36433321316315,0.473372772443005,0,"141","1","141",0.441025850048592,0.282166294376356,0.914398622491597,2.27873183565475,2.11474252688113
"142","S_304_S341",1.36433321316315,0.0950434054282234,0,"142","1","142",-0.0628775429112227,0.238185585358593,0.0321658625170008,1.39649907568015,0
"143","S_325_S347",1.36433321316315,0.074286411689051,0,"143","1","143",-0.974980934920529,0.276870602214189,-0.900694523231478,0.463638689931671,0
"144","S_381_S205",1.36433321316315,-0.164300506810307,0,"144","1","144",0.735900062396244,0.247725267438809,0.571599555585938,1.93593276874909,2.65914794847249
"145","S_382_S276",1.36433321316315,0.158438431917543,0,"145","1","145",0.509996677031285,0.262419636687559,0.668435108948828,2.03276832211198,2.89250760851908
"146","S_389_S330",1.36433321316315,-0.0138657182114508,0,"146","1","146",0.536264450543434,0.234458447787189,0.522398732331983,1.88673194549513,2.23606797749979
"147","S_394_S237",1.36433321316315,-0.169598676176821,0,"147","1","147",-0.912255572428867,0.288871847773162,-1.08185424860569,0.282478964557461,0
"148","S_398_S239",1.36433321316315,-0.22260434864485,0,"148","1","148",0.545882423521029,0.249342330117439,0.323278074876179,1.68761128803933,1.49534878122122
"149","S_402_S309",1.36433321316315,-0.0918402615483438,0,"149","1","149",-0.0301007580104779,0.252299239225912,-0.121941019558822,1.24239219360433,1.31607401295249
"150","S_415_S222",1.36433321316315,-0.258172548527281,0,"150","1","150",-0.804344857246269,0.251101269272806,-1.06251740577355,0.301815807389599,0
"151","S_421_S358",1.36433321316315,-0.0857032884273347,0,"151","1","151",0.0970655885353417,0.239303601308443,0.0113623001080069,1.37569551327116,1.31607401295249
"152","S_437_S233",1.36433321316315,-0.244850127515307,0,"152","1","152",0.871662821771397,0.259548759889243,0.62681269425609,1.99114590741924,1.18920711500272
"153","S_449_S352",1.36433321316315,-0.0107981531217297,0,"153","1","153",0.453721980555675,0.259672458151313,0.442923827433946,1.80725704059709,2.05976714390712
"154","S_451_S261",1.36433321316315,-0.281475235691879,0,"154","1","154",-0.656604794810875,0.270282421834491,-0.938080030502753,0.426253182660396,0
"155","S_471_S344",1.36433321316315,-0.154094506856855,0,"155","1","155",-0.71941514601191,0.257312815330251,-0.873509652868765,0.490823560294384,0
"156","S_473_S362",1.36433321316315,-0.0271045460268313,0,"156","1","156",0.0970930332964782,0.266483129718406,0.0699884872696469,1.4343217004328,1.56508458007329
"157","S_477_S225",1.36433321316315,-0.376836898641268,0,"157","1","157",0.103312742075554,0.333023727368046,-0.273524156565715,1.09080905659743,0
"158","S_494_S382",1.36433321316315,-0.014576622656816,0,"158","1","158",0.586209368589347,0.248400214413787,0.571632745932531,1.93596595909568,1.49534878122122
"159","S_496_S381",1.36433321316315,-0.129851030413508,0,"159","1","159",0.322263554359562,0.267603482888319,0.192412523946054,1.5567457371092,2.17793858734643
"160","S_499_S265",1.36433321316315,-0.0830430107659087,0,"160","1","160",0.943587444989941,0.256002005567969,0.860544434224033,2.22487764738718,2.05976714390712
"161","S_4_S313",1.36433321316315,-0.0345365419459034,0,"161","1","161",0.3649341350442,0.278504017358543,0.330397593098297,1.69473080626145,2.78315768371374
"162","S_525_S305",1.36433321316315,-0.0718786152525158,0,"162","1","162",-0.177532999882444,0.25551802268103,-0.24941161513496,1.11492159802819,0
"163","S_529_S314",1.36433321316315,-0.00893442592950941,0,"163","1","163",-0.0726566359723479,0.236262058975429,-0.0815910619018573,1.28274215126129,1.18920711500272
"164","S_550_S257",1.36433321316315,0.0198325137566858,0,"164","1","164",0.62390147707438,0.293740966091791,0.643733990831066,2.00806720399422,2.94283095638271
"165","S_552_S308",1.36433321316315,-0.326860108354825,0,"165","1","165",0.12732495640645,0.287461415708274,-0.199535151948376,1.16479806121477,1.31607401295249
"166","S_564_S211",1.36433321316315,-0.17361494739326,0,"166","1","166",0.11666950245595,0.285160842971287,-0.05694544493731,1.30738776822584,1.73205080756888
"167","S_572_S203",1.36433321316315,-0.338722775397942,0,"167","1","167",-0.571842765971521,0.309838765519645,-0.910565541369463,0.453767671793686,0
"168","S_597_S255",1.36433321316315,-0.18698012531698,0,"168","1","168",0.221204173555457,0.258396587259752,0.034224048238478,1.39855726140163,1.8612097182042
"169","S_652_S232",1.36433321316315,-0.0191568854476148,0,"169","1","169",0.625453330181381,0.238650294090898,0.606296444733766,1.97062965789692,2.51486685936587
"170","S_66_S321",1.36433321316315,-0.0113558350611982,0,"170","1","170",0.572646641857614,0.260056030384565,0.561290806796416,1.92562401995956,2.65914794847249
"171","S_699_S356",1.36433321316315,0.255822140510543,0,"171","1","171",-0.337468139066972,0.249646014794972,-0.0816459985564282,1.28268721460672,1.49534878122122
"172","S_6_S348",1.36433321316315,0.115272955962494,0,"172","1","172",0.163324089102055,0.262591976808041,0.278597045064549,1.6429302582277,1.49534878122122
"173","S_701_S340",1.36433321316315,0.460844365619476,0,"173","1","173",0.0193209021482494,0.273805315307962,0.480165267767725,1.84449848093087,2.11474252688113
"174","S_704_S282",1.36433321316315,0.285689825600968,0,"174","1","174",0.0280113189632417,0.247398012671815,0.313701144564209,1.67803435772736,2.34034731932072
"175","S_716_S283",1.36433321316315,0.160089037629,0,"175","1","175",0.357755445144966,0.252221335133611,0.517844482773966,1.88217769593711,1.8612097182042
"176","S_732_S243",1.36433321316315,0.379487962845772,0,"176","1","176",0.751848853018,0.293528594371659,1.13133681586377,2.49567002902692,2.54572989502183
"177","S_737_S201",1.36433321316315,0.152755917964768,0,"177","1","177",0.785771088465285,0.250014502250853,0.938527006430053,2.3028602195932,2.73861278752583
"178","S_769_S220",1.36433321316315,0.334802917536077,0,"178","1","178",-0.557577038237821,0.27108644192779,-0.222774120701744,1.14155909246141,1
"179","S_797_S209",1.36433321316315,0.114687335449442,0,"179","1","179",-0.487056608127964,0.243395198784614,-0.372369272678522,0.991963940484627,0
"180","S_809_S270",1.36433321316315,0.262921986139468,0,"180","1","180",0.922882094539128,0.265753965203581,1.1858040806786,2.55013729384175,2.65914794847249
"181","S_81_S279",1.36433321316315,-0.15558082645266,0,"181","1","181",0.0420677691535037,0.277773301163885,-0.113513057299157,1.25082015586399,1.56508458007329
"182","S_829_S286",1.36433321316315,0.612487845587647,0,"182","1","182",0.3290811156087,0.312949274883431,0.941568961196346,2.3059021743595,2.11474252688113
"183","S_831_S353",1.36433321316315,0.25399362368605,0,"183","1","183",0.706068798593482,0.257956538279294,0.960062422279533,2.32439563544268,2.65914794847249
"184","S_838_S306",1.36433321316315,0.411455397562885,0,"184","1","184",0.485518503943177,0.278176852864751,0.896973901506061,2.26130711466921,2.23606797749979
"185","S_868_S274",1.36433321316315,0.0392324432702632,0,"185","1","185",0.0281402929720389,0.260269275104992,0.0673727362423021,1.43170594940545,1.10668191970032
"186","S_869_S241",1.36433321316315,0.157708143648121,0,"186","1","186",0.329340526341998,0.251106528683301,0.487048669990119,1.85138188315327,1.56508458007329
"187","S_874_S217",1.36433321316315,0.250791307688667,0,"187","1","187",-0.0515342297503669,0.250740803579756,0.1992570779383,1.56359029110145,2.34034731932072
"188","S_881_S365",1.36433321316315,0.203417309309401,0,"188","1","188",0.460918778913203,0.274437602873472,0.664336088222603,2.02866930138575,2.78315768371374
"189","S_89_S199",1.36433321316315,-0.331768349326833,0,"189","1","189",-0.184181143311164,0.276717011311831,-0.515949492637996,0.848383720525153,0
"190","S_905_S248",1.36433321316315,0.118091071396927,0,"190","1","190",-0.367856815009853,0.240343199252242,-0.249765743612925,1.11456746955022,0.840896415253715
"191","S_927_S334",1.36433321316315,-0.151491566769412,0,"191","1","191",-0.543206862948361,0.270582501242351,-0.694698429717774,0.669634783445375,0
"192","S_984_S370",1.36433321316315,0.204355973499428,0,"192","1","192",-0.828105719420645,0.248072819431989,-0.623749745921217,0.740583467241932,1.49534878122122
"193","S_989_S196",1.36433321316315,0.302751412738132,0,"193","1","193",-0.571099897417405,0.249286654934197,-0.268348484679273,1.09598472848388,1.25743342968294
"194","S_9_S300",1.36433321316315,-0.0392884308711645,0,"194","1","194",0.212179554804128,0.268227553287654,0.172891123932963,1.53722433709611,2.78315768371374
"195","S_1001_S52_L003",1.36433321316315,0.393066134242418,0,"195","1","195",0.679268798612866,0.287491629107871,1.07233493285528,2.43666814601843,2.65914794847249
"196","S_1004_S75_L003",1.36433321316315,0.435664157996851,0,"196","1","196",0.53275156586253,0.290678022914107,0.968415723859381,2.33274893702253,2.89250760851908
"197","S_1010_S144",1.36433321316315,0.285280332251602,0,"197","1","197",-0.387077914963369,0.257867788119437,-0.101797582711767,1.26253563045138,1.49534878122122
"198","S_1012_S150",1.36433321316315,0.229376714883937,0,"198","1","198",0.422872700686959,0.25772943469552,0.652249415570896,2.01658262873404,2.11474252688113
"199","S_1013_S145",1.36433321316315,0.221452381490384,0,"199","1","199",-0.524608717772114,0.25623455984391,-0.30315633628173,1.06117687688142,1.49534878122122
"200","S_101_S15_L003",1.36433321316315,-0.0608010122038434,0,"200","1","200",0.059004008023139,0.275163248636021,-0.00179700418070433,1.36253620898244,1
"201","S_1020_S139",1.36433321316315,0.398385431311978,0,"201","1","201",-0.341959706359617,0.260065062017995,0.0564257249523606,1.42075893811551,1.22474487139159
"202","S_1022_S29",1.36433321316315,-0.00899678047775281,0,"202","1","202",0.0995278871827466,0.249819215639524,0.0905311067049938,1.45486431986814,2.23606797749979
"203","S_1029_S66_L003",1.36433321316315,-0.0573150341760982,0,"203","1","203",-0.818702053457557,0.28707692091706,-0.876017087633656,0.488316125529493,0
"204","S_1030_S13",1.36433321316315,0.0680451518892844,0,"204","1","204",0.0962601323217949,0.269688633627669,0.164305284211079,1.52863849737423,2.34034731932072
"205","S_1036_S32",1.36433321316315,0.139253115588166,0,"205","1","205",0.179897751825324,0.26713951572916,0.31915086741349,1.68348408057664,1.77827941003892
"206","S_1041_S151",1.36433321316315,0.365582597236478,0,"206","1","206",1.03057161580832,0.252912126625344,1.3961542130448,2.76048742620794,2.89250760851908
"207","S_1053_S23",1.36433321316315,0.276485508093481,0,"207","1","207",0.438408995380923,0.262961143465824,0.714894503474405,2.07922771663755,2.21336383940064
"208","S_1075_S38",1.36433321316315,-0.214005137803679,0,"208","1","208",0.637077244244692,0.234964470974866,0.423072106441013,1.78740531960416,2.11474252688113
"209","S_1076_S167",1.36433321316315,-0.0455043560508422,0,"209","1","209",0.397586817670765,0.313247278310244,0.352082461619923,1.71641567478307,2.34034731932072
"210","S_107_S16",1.36433321316315,-0.0509006428414279,0,"210","1","210",0.236631345468697,0.281336370898804,0.185730702627269,1.55006391579042,2.34034731932072
"211","S_1093_S116",1.36433321316315,-0.0499705779402846,0,"211","1","211",-0.322279889203711,0.241986566979639,-0.372250467143996,0.992082746019153,2.34034731932072
"212","S_10_S169",1.36433321316315,-0.0241418261726651,0,"212","1","212",0.0621552248707833,0.233100595615929,0.0380133986981182,1.40234661186127,1.8612097182042
"213","S_1118_S92",1.36433321316315,-0.106496225470531,0,"213","1","213",-0.618696538211333,0.261648640016653,-0.725192763681864,0.639140449481285,1.49534878122122
"214","S_1125_S30_L003",1.36433321316315,0.0298472902033899,0,"214","1","214",-1.19936453116557,0.272189997478936,-1.16951724096218,0.194815972200968,0
"215","S_1134_S91",1.36433321316315,0.297002563935833,0,"215","1","215",0.0598610266571016,0.253871635799503,0.356863590592934,1.72119680375608,1.31607401295249
"216","S_1138_S159",1.36433321316315,-0.186061861999236,0,"216","1","216",0.55589966073771,0.288119322288728,0.369837798738474,1.73417101190162,2.34034731932072
"217","S_113_S7_L003",1.36433321316315,-0.201680717590586,0,"217","1","217",-0.271374517960242,0.254185492689448,-0.473055235550827,0.891277977612322,1.18920711500272
"218","S_1140_S60_L003",1.36433321316315,0.0445946782276013,0,"218","1","218",0.183382995101217,0.242777775306428,0.227977673328818,1.59231088649197,2.05976714390712
"219","S_1154_S161",1.36433321316315,0.183373424410061,0,"219","1","219",0.230645727176193,0.253824729877815,0.414019151586254,1.7783523647494,1.96798967126543
"220","S_1160_S11",1.36433321316315,0.244644535182273,0,"220","1","220",1.04053464486336,0.299136072847286,1.28517918004563,2.64951239320878,2.89250760851908
"221","S_1177_S24",1.36433321316315,0.177254259384133,0,"221","1","221",0.263080826012123,0.269923004149809,0.440335085396256,1.80466829855941,1.77827941003892
"222","S_1179_S105",1.36433321316315,0.236718341350011,0,"222","1","222",0.494906677143592,0.301181523504317,0.731625018493603,2.09595823165675,2.51486685936587
"223","S_1200_S164",1.36433321316315,-0.119897029378008,0,"223","1","223",-0.428253721928994,0.30779004890169,-0.548150751307002,0.816182461856147,2.34034731932072
"224","S_1202_S72_L003",1.36433321316315,0.348690692378458,0,"224","1","224",0.504017703447695,0.262376759980426,0.852708395826153,2.2170416089893,2.51486685936587
"225","S_1203_S53",1.36433321316315,0.113833177155243,0,"225","1","225",-0.352402166597239,0.264082733354543,-0.238568989441996,1.12576422372115,0
"226","S_1210_S120",1.36433321316315,0.333674899386278,0,"226","1","226",-0.334903462771961,0.263274011519668,-0.00122856338568333,1.36310464977747,1.25743342968294
"227","S_1213_S95_L003",1.36433321316315,0.0655086805574251,0,"227","1","227",0.223766636754619,0.264162634642936,0.289275317312044,1.65360853047519,2.11474252688113
"228","S_122_S43_L003",1.36433321316315,-0.272767257140002,0,"228","1","228",0.0385542859036808,0.322811205056222,-0.234212971236321,1.13012024192683,1.56508458007329
"229","S_1247_S133",1.36433321316315,0.105997862035387,0,"229","1","229",0.00746019042225654,0.26356825564843,0.113458052457643,1.47779126562079,0
"230","S_1257_S89",1.36433321316315,0.0574752244359221,0,"230","1","230",-0.329438901010581,0.234241783091677,-0.271963676574659,1.09236953658849,1.49534878122122
"231","S_125_S163",1.36433321316315,-0.420580959670141,0,"231","1","231",-0.504453444078648,0.300754961823811,-0.925034403748788,0.439298809414361,0
"232","S_1278_S20",1.36433321316315,0.0988374462803065,0,"232","1","232",-0.641342653839245,0.274922797325382,-0.542505207558938,0.82182800560421,0
"233","S_1287_S146",1.36433321316315,0.211301645661652,0,"233","1","233",-0.0305263756456114,0.260818013808221,0.18077527001604,1.54510848317919,2.34034731932072
"234","S_1289_S164",1.36433321316315,0.118406779651973,0,"234","1","234",0.0575483545631419,0.266723834003572,0.175955134215115,1.54028834737826,2.21336383940064
"235","S_1308_S183",1.36433321316315,-0.0729539968176937,0,"235","1","235",0.0381046389089211,0.309594322228922,-0.0348493579087726,1.32948385525438,1.49534878122122
"236","S_1323_S36",1.36433321316315,-0.063704288617507,0,"236","1","236",0.479840512416479,0.269504056900435,0.416136223798972,1.78046943696212,1.96798967126543
"237","S_1326_S53_L003",1.36433321316315,-0.0664986478469999,0,"237","1","237",0.424837291516976,0.25105189405702,0.358338643669976,1.72267185683312,2.78315768371374
"238","S_132_S41",1.36433321316315,-0.367506723181351,0,"238","1","238",-0.459529321192448,0.271159502242006,-0.827036044373799,0.53729716878935,0
"239","S_1370_S76",1.36433321316315,0.181155160112425,0,"239","1","239",-0.73557370674144,0.282624680382222,-0.554418546629015,0.809914666534134,0
"240","S_1374_S132",1.36433321316315,0.0898753437698113,0,"240","1","240",-0.678070441332726,0.255026169513654,-0.588195097562915,0.776138115600234,0
"241","S_1384_S78",1.36433321316315,0.214351777877714,0,"241","1","241",-0.788366705076953,0.255600060626149,-0.574014927199239,0.790318285963909,0
"242","S_1390_S94",1.36433321316315,-0.0904219941370111,0,"242","1","242",0.103282561485927,0.28264157329248,0.0128605673489156,1.37719378051206,2.65914794847249
"243","S_1393_S83_L003",1.36433321316315,-0.100974455019688,0,"243","1","243",-0.824859492725001,0.278169720390968,-0.925833947744689,0.43849926541846,0
"244","S_1395_S102",1.36433321316315,-0.124848937747199,0,"244","1","244",0.413058559596213,0.297624843396912,0.288209621849014,1.65254283501216,1.49534878122122
"245","S_1403_S130",1.36433321316315,-0.0678862475747362,0,"245","1","245",0.705971752260845,0.25824896149132,0.638085504686109,2.00241871784926,1.31607401295249
"246","S_1405_S126",1.36433321316315,0.00033242122919061,0,"246","1","246",0.00819124756179648,0.24350354138708,0.00852366879098709,1.37285688195414,0
"247","S_1408_S17_L003",1.36433321316315,0.190547050757118,0,"247","1","247",0.760762047533427,0.252710946662047,0.951309098290545,2.31564231145369,2.89250760851908
"248","S_1412_S125",1.36433321316315,0.130900620485836,0,"248","1","248",-0.510032580742274,0.248709484835191,-0.379131960256437,0.985201252906712,0
"249","S_1413_S10_L003",1.36433321316315,-0.080222372919437,0,"249","1","249",0.0141881815188707,0.261276771036177,-0.0660341914005663,1.29829902176258,1.56508458007329
"250","S_141_S188",1.36433321316315,-0.392263743827098,0,"250","1","250",0.0585772745885009,0.310407580882077,-0.333686469238597,1.03064674392455,1
"251","S_1434_S73_L003",1.36433321316315,0.00382429992131296,0,"251","1","251",-0.707971816584408,0.262089569381188,-0.704147516663095,0.660185696500054,0
"252","S_1443_S64_L003",1.36433321316315,0.123416878324048,0,"252","1","252",0.0231661118173894,0.278300205469414,0.146582990141437,1.51091620330459,1.56508458007329
"253","S_1462_S171",1.36433321316315,-0.0325779305739152,0,"253","1","253",0.410767968510353,0.257027526974961,0.378190037936438,1.74252325109959,2.05976714390712
"254","S_1464_S64",1.36433321316315,0.0542207967504088,0,"254","1","254",0.468806080930799,0.244185128624934,0.523026877681208,1.88736009084436,1.25743342968294
"255","S_1467_S106",1.36433321316315,0.399153517982853,0,"255","1","255",-0.185368277449009,0.277576452997163,0.213785240533843,1.57811845369699,1.56508458007329
"256","S_1468_S139",1.36433321316315,0.0859150677043666,0,"256","1","256",0.738011079323091,0.26562380963998,0.823926147027458,2.18825936019061,1.56508458007329
"257","S_1479_S2_L003",1.36433321316315,-0.191594285775642,0,"257","1","257",0.293566058524947,0.280333996545499,0.101971772749305,1.46630498591245,1.31607401295249
"258","S_147_S19",1.36433321316315,0.108448487773412,0,"258","1","258",0.118967737268034,0.243845994574969,0.227416225041446,1.59174943820459,1.49534878122122
"259","S_14_S3",1.36433321316315,-0.224149071490771,0,"259","1","259",-0.792191782097531,0.266191865648644,-1.0163408535883,0.347992359574847,0
"260","S_1506_S61",1.36433321316315,0.222351197244893,0,"260","1","260",-0.763334982136782,0.263653386706783,-0.54098378489189,0.823349428271259,0
"261","S_1516_S148",1.36433321316315,-0.243969726690588,0,"261","1","261",0.667345259772386,0.321258313130179,0.423375533081798,1.78770874624495,1.73205080756888
"262","S_151_S93",1.36433321316315,-0.0389619667767189,0,"262","1","262",-0.00583226252721386,0.255179033160891,-0.0447942293039328,1.31953898385922,0
"263","S_1521_S18",1.36433321316315,-0.14716857487112,0,"263","1","263",0.351458730680082,0.313578485074768,0.204290155808962,1.56862336897211,2.11474252688113
"264","S_1528_S47",1.36433321316315,0.128317931788785,0,"264","1","264",0.862829309147016,0.266553313870563,0.991147240935801,2.35548045409895,2.11474252688113
"265","S_1531_S31_L003",1.36433321316315,-0.104227909662635,0,"265","1","265",-0.484933521617138,0.255053481665943,-0.589161431279774,0.775171781883375,0
"266","S_1532_S117",1.36433321316315,-0.0905719834169537,0,"266","1","266",1.09477429164963,0.275013172405104,1.00420230823267,2.36853552139582,2.65914794847249
"267","S_1542_S44",1.36433321316315,0.0633742264533632,0,"267","1","267",-0.355139261248336,0.269222273434476,-0.291765034794973,1.07256817836818,0
"268","S_154_S162",1.36433321316315,0.0130669874609736,0,"268","1","268",0.326078757257659,0.254561898609533,0.339145744718632,1.70347895788178,1.65487545982344
"269","S_1552_S185",1.36433321316315,0.200119028199225,0,"269","1","269",0.0431704095892879,0.252708596622077,0.243289437788513,1.60762265095166,1.31607401295249
"270","S_1561_S52",1.36433321316315,-0.138231794589355,0,"270","1","270",0.315186989185988,0.261334143629738,0.176955194596632,1.54128840775978,1.25743342968294
"271","S_1565_S74_L003",1.36433321316315,-0.335671807957886,0,"271","1","271",0.415119089485144,0.273813351315978,0.0794472815272587,1.44378049469041,1.4142135623731
"272","S_1567_S13_L003",1.36433321316315,0.0140316267696203,0,"272","1","272",0.640227225206508,0.247615020387648,0.654258851976128,2.01859206513928,1.49534878122122
"273","S_159_S190",1.36433321316315,-0.156128799141553,0,"273","1","273",0.414090913018476,0.254996782317726,0.257962113876923,1.62229532704007,2.34034731932072
"274","S_1604_S168",1.36433321316315,0.231541867317809,0,"274","1","274",0.459776853562927,0.266099467655761,0.691318720880736,2.05565193404388,2.44948974278318
"275","S_1620_S26",1.36433321316315,-0.216269016977968,0,"275","1","275",0.118755835978045,0.261873925226752,-0.0975131809999234,1.26682003216323,0
"276","S_1651_S111",1.36433321316315,0.0585194488771868,0,"276","1","276",-0.166332174857548,0.25327898094546,-0.107812725980361,1.25652048718279,1.49534878122122
"277","S_1660_S143",1.36433321316315,0.264288205624236,0,"277","1","277",0.545227490221883,0.298635531811873,0.809515695846118,2.17384890900927,2.51486685936587
"278","S_1674_S49_L003",1.36433321316315,0.00362390470518337,0,"278","1","278",0.324216819277114,0.245670707868962,0.327840723982297,1.69217393714545,1.25743342968294
"279","S_1675_S175",1.36433321316315,0.0295552625314746,0,"279","1","279",-0.116202315925773,0.241519377447427,-0.0866470533942987,1.27768615976885,1.4142135623731
"280","S_1678_S107",1.36433321316315,0.0202305561812795,0,"280","1","280",0.369512487478887,0.254600961725796,0.389743043660167,1.75407625682332,1.31607401295249
"281","S_1687_S90_L003",1.36433321316315,-0.127273891137663,0,"281","1","281",-0.6973287519392,0.266917473640045,-0.824602643076863,0.539730570086286,0
"282","S_1691_S141",1.36433321316315,-0.0841069932069702,0,"282","1","282",-0.278328342076987,0.273851546580999,-0.362435335283957,1.00189787787919,1.39157884185687
"283","S_1697_S147",1.36433321316315,-0.308683178604863,0,"283","1","283",-0.073126436931933,0.339029034546821,-0.381809615536796,0.982523597626353,1.49534878122122
"284","S_169_S27",1.36433321316315,0.0712657604893497,0,"284","1","284",0.154591984306373,0.271037451907501,0.225857744795722,1.59019095795887,1.31607401295249
"285","S_16_S56_L003",1.36433321316315,-0.110986071943983,0,"285","1","285",0.198613396794828,0.307994378104441,0.0876273248508455,1.45196053801399,2.23606797749979
"286","S_1725_S144",1.36433321316315,-0.406109535477108,0,"286","1","286",-0.0942786058823249,0.357892878969301,-0.500388141359433,0.863945071803716,0.840896415253715
"287","S_1727_S30",1.36433321316315,-0.21161782038926,0,"287","1","287",0.0530353608059698,0.273447001570878,-0.15858245958329,1.20575075357986,1.25743342968294
"288","S_1735_S172",1.36433321316315,0.108881282099586,0,"288","1","288",0.828152931800907,0.279182501635585,0.937034213900494,2.30136742706364,1.56508458007329
"289","S_1740_S146",1.36433321316315,-0.0236844625754691,0,"289","1","289",0.0105636226007006,0.262783138850429,-0.0131208399747685,1.35121237318838,1.91682931273882
"290","S_1747_S48_L003",1.36433321316315,-0.0757447801906719,0,"290","1","290",-0.434453696189314,0.265406563394517,-0.510198476379986,0.854134736783163,1.49534878122122
"291","S_1753_S75",1.36433321316315,0.156664014546225,0,"291","1","291",0.00259704977058869,0.258567756298383,0.159261064316813,1.52359427747996,1.49534878122122
"292","S_1755_S134",1.36433321316315,-0.011100015963966,0,"292","1","292",0.0340917639080751,0.249853578848173,0.0229917479441091,1.38732496110726,1
"293","S_1757_S61_L003",1.36433321316315,-0.0561704346036065,0,"293","1","293",-0.138486141054594,0.260080208349706,-0.194656575658201,1.16967663750495,1.96798967126543
"294","S_177_S62",1.36433321316315,-0.279788915710313,0,"294","1","294",0.27583149092153,0.252101763598629,-0.0039574247887838,1.36037578837437,1.49534878122122
"295","S_1780_S45_L003",1.36433321316315,-0.327070682414272,0,"295","1","295",-0.0811024734590197,0.277657797244111,-0.408173155873292,0.956160057289857,1.8612097182042
"296","S_1781_S84",1.36433321316315,-0.301272850825438,0,"296","1","296",0.632581257709567,0.345993164904898,0.331308406884128,1.69564162004728,1.96798967126543
"297","S_1783_S150",1.36433321316315,-0.151477788987088,0,"297","1","297",-0.518436025848784,0.300514673801542,-0.669913814835872,0.694419398327277,0.840896415253715
"298","S_1799_S86",1.36433321316315,0.0311571251745369,0,"298","1","298",0.0147803870947141,0.250627325900427,0.045937512269251,1.4102707254324,1.31607401295249
"299","S_1800_S14_L003",1.36433321316315,-0.0331301460414504,0,"299","1","299",-0.226212415617326,0.296807801662632,-0.259342561658777,1.10499065150437,0
"300","S_1811_S148",1.36433321316315,0.199648015986134,0,"300","1","300",0.484350872821523,0.301885291132003,0.683998888807657,2.04833210197081,2.11474252688113
"301","S_181_S65",1.36433321316315,-0.204089999240182,0,"301","1","301",0.195708557281987,0.248269030849564,-0.00838144195819501,1.35595177120495,1.62657656169779
"302","S_1822_S37",1.36433321316315,-0.0965126467125159,0,"302","1","302",0.388637101783534,0.257773304846064,0.292124455071018,1.65645766823417,1.77827941003892
"303","S_1823_S3_L003",1.36433321316315,-0.33573031923698,0,"303","1","303",0.319184844979109,0.265318711168866,-0.0165454742578712,1.34778773890528,1
"304","S_1824_S180",1.36433321316315,-0.375933899845683,0,"304","2","  1",-0.308404992906068,0.277059361709996,-0.684338892751751,0.679994320411398,NA
"305","S_1828_S156",1.36433321316315,-0.124017596878922,0,"305","1","304",-0.222411202958193,0.246523516360751,-0.346428799837115,1.01790441332603,1.18920711500272
"306","S_1834_S114",1.36433321316315,0.0776465174298266,0,"306","1","305",-0.545858540088888,0.256800348054233,-0.468212022659061,0.896121190504088,1.77827941003892
"307","S_1835_S57",1.36433321316315,0.0555799330443189,0,"307","1","306",-0.581214313456554,0.289532282051613,-0.525634380412235,0.838698832750914,0
"308","S_1845_S34",1.36433321316315,0.148645252992473,0,"308","1","307",0.907417122053962,0.288540825112553,1.05606237504644,2.42039558820958,2.51486685936587
"309","S_1855_S49",1.36433321316315,-0.146604203156863,0,"309","1","308",-0.379287318463143,0.257999858197821,-0.525891521620006,0.838441691543143,1
"310","S_1856_S51",1.36433321316315,-0.122602797414258,0,"310","1","309",-0.147417931710667,0.276952883410593,-0.270020729124925,1.09431248403822,0.840896415253715
"311","S_185_S72",1.36433321316315,-0.252342387927375,0,"311","1","310",-0.142177064750545,0.282902440055478,-0.39451945267792,0.969813760485229,0
"312","S_1861_S1_L003",1.36433321316315,-0.00406046645383813,0,"312","1","311",0.915576615473363,0.255793514502677,0.911516149019524,2.27584936218267,2.51486685936587
"313","S_1871_S186",1.36433321316315,0.0150934375142687,0,"313","1","312",0.661485750624125,0.281036373613674,0.676579188138393,2.04091240130154,1.73205080756888
"314","S_188_S79",1.36433321316315,-0.357246081978301,0,"314","1","313",0.0847935438458363,0.350413343305662,-0.272452538132465,1.09188067503068,1.18920711500272
"315","S_1909_S132",1.36433321316315,0.0122809929474464,0,"315","1","314",-0.0976923010528951,0.260491515141357,-0.0854113081054487,1.2789219050577,2.05976714390712
"316","S_190_S2",1.36433321316315,-0.243299647573736,0,"316","1","315",-0.17255571736414,0.307353804086435,-0.415855364937876,0.948477848225273,2.23606797749979
"317","S_1910_S23_L003",1.36433321316315,0.0549410621065412,0,"317","1","316",-0.0986946670681919,0.262013330298005,-0.0437536049616507,1.3205796082015,1.49534878122122
"318","S_1921_S54",1.36433321316315,-0.212100224712107,0,"318","1","317",0.0589506747186121,0.282395714579858,-0.153149549993495,1.21118366316965,0
"319","S_1934_S21_L003",1.36433321316315,-0.401205040541721,0,"319","1","318",0.824124440887459,0.272801995443137,0.422919400345738,1.78725261350889,2.89250760851908
"320","S_1935_S15",1.36433321316315,-0.0311283469087466,0,"320","1","319",0.207312421055418,0.256343336578583,0.176184074146671,1.54051728730982,1.49534878122122
"321","S_1939_S59",1.36433321316315,-0.323364001497316,0,"321","1","320",0.353496318525384,0.279440496766552,0.0301323170280682,1.39446553019122,2.11474252688113
"322","S_1945_S21",1.36433321316315,-0.142841176354446,0,"322","1","321",-0.0544140383814606,0.259548886446531,-0.197255214735907,1.16707799842724,2.21336383940064
"323","S_1946_S184",1.36433321316315,-0.123501761918779,0,"323","1","322",-0.154795262062693,0.282947238241905,-0.278297023981472,1.08603618918168,1.31607401295249
"324","S_1950_S66",1.36433321316315,-0.048655617002376,0,"324","1","323",-0.524207783526977,0.27289641684944,-0.572863400529353,0.791469812633796,0
"325","S_1955_S145",1.36433321316315,-0.327018738702738,0,"325","1","324",0.309245689372013,0.377386861834832,-0.0177730493307253,1.34656016383242,1.45647531512197
"326","S_1956_S127",1.36433321316315,-0.151731629535682,0,"326","1","325",-0.181015331254261,0.278517682830592,-0.332746960789943,1.03158625237321,0
"327","S_1971_S104",1.36433321316315,-0.0247659839883667,0,"327","1","326",1.16953372557794,0.269112071910018,1.14476774158957,2.50910095475272,2.11474252688113
"328","S_1998_S79_L003",1.36433321316315,-0.28464690074449,0,"328","1","327",-0.0828345110157837,0.269425539162614,-0.367481411760274,0.996851801402875,0
"329","S_199_S59_L003",1.36433321316315,-0.348724666866506,0,"329","1","328",-0.0776050025549786,0.293935722210845,-0.426329669421484,0.938003543741665,1
"330","S_1_S123",1.36433321316315,-0.316024338135004,0,"330","1","329",-0.154813954080811,0.251707807958853,-0.470838292215815,0.893494920947333,0
"331","S_2005_S22",1.36433321316315,-0.434653524982486,0,"331","1","330",0.318436848416871,0.268232776157903,-0.116216676565615,1.24811653659753,2.23606797749979
"332","S_2008_S85_L003",1.36433321316315,-0.233359843441113,0,"332","1","331",0.280928452745014,0.244544769942497,0.047568609303901,1.41190182246705,1.31607401295249
"333","S_2025_S28",1.36433321316315,-0.293325444768642,0,"333","1","332",0.000486358554366101,0.278303820520442,-0.292839086214276,1.07149412694887,1.25743342968294
"334","S_2029_S18_L003",1.36433321316315,-0.121687316593633,0,"334","1","333",0.807656897476918,0.267261385185859,0.685969580883286,2.05030279404643,2.51486685936587
"335","S_2031_S70",1.36433321316315,-0.580697597220138,0,"335","1","334",-0.00352919767445423,0.304889742529788,-0.584226794894593,0.780106418268556,0
"336","S_2038_S118",1.36433321316315,0.0325150024311738,0,"336","1","335",1.08148924034152,0.285096270819136,1.11400424277269,2.47833745593584,2.44948974278318
"337","S_2075_S187",1.36433321316315,-0.231523113949571,0,"337","1","336",0.00863057624259578,0.286658184610528,-0.222892537706975,1.14144067545617,0
"338","S_2076_S5_L003",1.36433321316315,-0.43723849797879,0,"338","1","337",0.0176059052821099,0.273165241048053,-0.41963259269668,0.944700620466469,1.77827941003892
"339","S_2077_S82_L003",1.36433321316315,-0.110235536770839,0,"339","1","338",-0.219724910379065,0.300191265295645,-0.329960447149904,1.03437276601325,0.840896415253715
"340","S_2080_S6_L003",1.36433321316315,-0.0787674064559334,0,"340","1","339",0.41999079365792,0.271701659774041,0.341223387201986,1.70555660036514,2.51486685936587
"341","S_2083_S65_L003",1.36433321316315,-0.138512869176703,0,"341","1","340",0.273300664930889,0.258853644268885,0.134787795754186,1.49912100891733,1.31607401295249
"342","S_2089_S17",1.36433321316315,-0.226559176191477,0,"342","1","341",-0.706353985779531,0.271763909811107,-0.932913161971008,0.431420051192141,0
"343","S_2096_S54_L003",1.36433321316315,-0.273937371454801,0,"343","1","342",0.631001629507931,0.294364797597291,0.35706425805313,1.72139747121628,2.51486685936587
"344","S_2098_S191",1.36433321316315,-0.0383936368306143,0,"344","1","343",0.585362825638162,0.251322782128754,0.546969188807548,1.9113024019707,1.31607401295249
"345","S_2108_S154",1.36433321316315,-0.391249423485986,0,"345","1","344",-0.0589349658430291,0.298828390711049,-0.450184389329015,0.914148823834134,1.77827941003892
"346","S_210_S177",1.36433321316315,0.0267177555366854,0,"346","1","345",-0.966859429675465,0.240871126891378,-0.940141674138779,0.424191539024369,0
"347","S_2120_S134",1.36433321316315,-0.255000038514371,0,"347","1","346",0.0204749816682063,0.267322896865352,-0.234525056846165,1.12980815631698,0
"348","S_2124_S101",1.36433321316315,-0.189896983120948,0,"348","1","347",-0.782969138839409,0.276134633223049,-0.972866121960356,0.391467091202792,0
"349","S_2125_S140",1.36433321316315,-0.287622430546999,0,"349","1","348",-0.386357110656123,0.292983585161464,-0.673979541203123,0.690353671960026,0
"350","S_2126_S35",1.36433321316315,-0.174725847686934,0,"350","1","349",0.0699960602395993,0.256156543363343,-0.104729787447335,1.25960342571581,1.31607401295249
"351","S_212_S12",1.36433321316315,0.154756889690209,0,"351","1","350",-1.46960758331814,0.305087254633429,-1.31485069362793,0.04948251953522,0
"352","S_2130_S16_L003",1.36433321316315,-0.0540826319517549,0,"352","1","351",-0.072795835748978,0.255894587710649,-0.126878467700733,1.23745474546242,1.96798967126543
"353","S_2138_S112",1.36433321316315,-0.272586788340335,0,"353","1","352",0.926561440945305,0.283118074754406,0.65397465260497,2.01830786576812,2.23606797749979
"354","S_2139_S60",1.36433321316315,-0.103988886112892,0,"354","1","353",-0.463568030851959,0.250672328414693,-0.567556916964851,0.796776296198298,1.18920711500272
"355","S_2149_S9_L003",1.36433321316315,-0.345863122061518,0,"355","1","354",-0.182678460394957,0.283619032920423,-0.528541582456475,0.835791630706674,0
"356","S_2157_S122",1.36433321316315,-0.507116671776321,0,"356","1","355",-0.33974072958139,0.305486414073704,-0.846857401357711,0.517475811805438,1.18920711500272
"357","S_2162_S4_L003",1.36433321316315,-0.213319232971713,0,"357","1","356",0.0528306775307542,0.248588916149319,-0.160488555440958,1.20384465772219,2.05976714390712
"358","S_2167_S81_L003",1.36433321316315,-0.504714423837468,0,"358","1","357",-0.0102104191477425,0.298567786698436,-0.514924842985211,0.849408370177938,0
"359","S_2177_S11_L003",1.36433321316315,-0.214661392648829,0,"359","1","358",-0.705665780659946,0.2782759436895,-0.920327173308775,0.444006039854374,1.25743342968294
"360","S_2194_S133",1.36433321316315,0.0107102004387178,0,"360","1","359",-0.0294253165017923,0.297857530146044,-0.0187151160630745,1.34561809710007,1.8612097182042
"361","S_2195_S129",1.36433321316315,-0.358883198243412,0,"361","1","360",-0.340624185820629,0.277359077053842,-0.699507384064042,0.664825829099107,0
"362","S_2200_S5",1.36433321316315,-0.374732826973741,0,"362","1","361",0.0796629608957907,0.279190367972386,-0.29506986607795,1.0692633470852,0.562341325190349
"363","S_2224_S161",1.36433321316315,0.103245388544742,0,"363","1","362",0.30191017406215,0.279826981390775,0.405155562606892,1.76948877577004,2.34034731932072
"364","S_2225_S110",1.36433321316315,-0.305855732913016,0,"364","1","363",0.295775882773976,0.286435067405711,-0.0100798501390393,1.35425336302411,1.31607401295249
"365","S_2233_S80_L003",1.36433321316315,-0.258124806093997,0,"365","1","364",0.255129186365464,0.26911909772207,-0.00299561972853324,1.36133759343462,1.56508458007329
"366","S_2277_S189",1.36433321316315,-0.193358058263214,0,"366","1","365",0.365782839607435,0.357905470342991,0.172424781344221,1.53675799450737,2.05976714390712
"367","S_228_S138",1.36433321316315,0.290029597198283,0,"367","1","366",-0.716218393073558,0.294719089731316,-0.426188795875275,0.938144417287874,0.840896415253715
"368","S_2296_S115",1.36433321316315,-0.124973413008069,0,"368","1","367",-0.371467731480713,0.280966220667367,-0.496441144488782,0.867892068674367,0
"369","S_229_S24_L003",1.36433321316315,0.561284064556009,0,"369","1","368",0.266131599631584,0.308991202746776,0.827415664187593,2.19174887735074,1.96798967126543
"370","S_2316_S149",1.36433321316315,0.209990424304974,0,"370","1","369",-0.459459216083543,0.255735060777851,-0.249468791778568,1.11486442138458,1
"371","S_2317_S77_L003",1.36433321316315,0.393481193181168,0,"371","1","370",-0.19344213291046,0.272811851163448,0.200039060270707,1.56437227343386,1.49534878122122
"372","S_2318_S85",1.36433321316315,0.344235601323047,0,"372","1","371",0.545298859834283,0.273423157447807,0.88953446115733,2.25386767432048,2.44948974278318
"373","S_2326_S100",1.36433321316315,0.389842600230287,0,"373","1","372",-1.0764788125487,0.279712061537961,-0.686636212318416,0.677697000844733,0
"374","S_2332_S35_L003",1.36433321316315,0.284894677085763,0,"374","1","373",0.23710079923217,0.254500752939274,0.521995476317933,1.88632868948108,1.96798967126543
"375","S_2335_S96",1.36433321316315,-0.380437709942679,0,"375","1","374",0.034636999566322,0.381710250077576,-0.345800710376357,1.01853250278679,0
"376","S_2341_S56",1.36433321316315,0.257984860276232,0,"376","1","375",-0.938488574697667,0.267336458521984,-0.680503714421435,0.683829498741714,0
"377","S_2344_S156",1.36433321316315,-0.180070378551819,0,"377","1","376",-0.0633331425970497,0.362748407950128,-0.243403521148869,1.12092969201428,0
"378","S_2346_S152",1.36433321316315,0.219007935237942,0,"378","1","377",-0.670973410455284,0.267122761314114,-0.451965475217342,0.912367737945807,0
"379","S_2387_S147",1.36433321316315,0.0688291279561313,0,"379","1","378",-0.0769192451240516,0.262395063809774,-0.00809011716792032,1.35624309599523,1.18920711500272
"380","S_2397_S166",1.36433321316315,-0.165711322659572,0,"380","1","379",-0.388314677600735,0.242352925436321,-0.554026000260308,0.810307212902841,1.56508458007329
"381","S_255_S45",1.36433321316315,-0.225535233016503,0,"381","1","380",-0.25307442257511,0.319900650444728,-0.478609655591613,0.885723557571536,0
"382","S_256_S39_L003",1.36433321316315,-0.0974104936423071,0,"382","1","381",0.196224556936624,0.272950970303259,0.098814063294317,1.46314727645747,0
"383","S_274_S192",1.36433321316315,-0.252426069321619,0,"383","1","382",-0.286387806408513,0.273319469862305,-0.538813875730132,0.825519337433017,0
"384","S_276_S74",1.36433321316315,-0.169090914329827,0,"384","1","383",0.285104885794265,0.245661424738664,0.116013971464438,1.48034718462759,1.49534878122122
"385","S_27_S7",1.36433321316315,-0.312297738214068,0,"385","1","384",-0.592119928641643,0.289511909492095,-0.904417666855711,0.459915546307438,0.840896415253715
"386","S_285_1_S191",1.36433321316315,-0.122725946723212,0,"386","1","385",0.314346222680836,0.258251431559824,0.191620275957623,1.55595348912077,2.05976714390712
"387","S_289_S32_L003",1.36433321316315,-0.0751564782411608,0,"387","1","386",0.363840092509591,0.284862205283114,0.28868361426843,1.65301682743158,1.31607401295249
"388","S_292_S80",1.36433321316315,0.201484462672753,0,"388","1","387",-0.471026828849839,0.250378315858041,-0.269542366177086,1.09479084698606,1.31607401295249
"389","S_295_S46_L003",1.36433321316315,0.432484751245816,0,"389","1","388",-0.446025796651287,0.272797184317786,-0.0135410454054711,1.35079216775768,1.31607401295249
"390","S_297_S95",1.36433321316315,0.492342241327182,0,"390","1","389",0.0562508672224827,0.280653637914361,0.548593108549665,1.91292632171281,2.51486685936587
"391","S_302_S182",1.36433321316315,0.151280907524995,0,"391","1","390",0.257924822593069,0.29256148912085,0.409205730118063,1.77353894328121,2.11474252688113
"392","S_328_S179",1.36433321316315,-0.0889143235149902,0,"392","1","391",-0.141863200470974,0.293999257246668,-0.230777523985964,1.13355568917719,1.56508458007329
"393","S_32_S152",1.36433321316315,-0.256796752390057,0,"393","1","392",-0.90180778646142,0.251925021889712,-1.15860453885148,0.205728674311672,0
"394","S_331_S25",1.36433321316315,0.0835397960656695,0,"394","1","393",-0.584805229122309,0.281520737698704,-0.50126543305664,0.863067780106509,0
"395","S_334_S137",1.36433321316315,-0.1914890189289,0,"395","1","394",-1.0118929997946,0.296363421522971,-1.2033820187235,0.160951194439646,0
"396","S_337_S8",1.36433321316315,0.240665048903244,0,"396","1","395",0.377645438423433,0.270572757905676,0.618310487326676,1.98264370048983,2.99069756244244
"397","S_339_S28_L003",1.36433321316315,0.186990245723594,0,"397","1","396",-0.127859128874468,0.259543744277584,0.0591311168491262,1.42346433001228,0
"398","S_341_S162",1.36433321316315,-0.0754255187713278,0,"398","1","397",0.0704164575702081,0.286469368581675,-0.00500906120111971,1.35932415196203,1.83142075074235
"399","S_344_S160",1.36433321316315,-0.330037106491734,0,"399","1","398",0.251400926888864,0.34310542813205,-0.0786361796028695,1.28569703356028,1.56508458007329
"400","S_357_S87",1.36433321316315,0.381382320382529,0,"400","1","399",-0.152361746543363,0.264375386497817,0.229020573839165,1.59335378700231,1.49534878122122
"401","S_371_S41_L003",1.36433321316315,0.0536714417977127,0,"401","1","400",-0.618337608457107,0.245313467318777,-0.564666166659394,0.799667046503755,1
"402","S_373_S73",1.36433321316315,0.0142349262467399,0,"402","1","401",-0.11933663039497,0.292873488258939,-0.10510170414823,1.25923150901492,0
"403","S_377_S12_L003",1.36433321316315,-0.0536905811364521,0,"403","1","402",0.64914897688275,0.290705527953919,0.595458395746298,1.95979160890945,2.78315768371374
"404","S_385_S62_L003",1.36433321316315,-0.155516349479116,0,"404","1","403",0.403182379189483,0.259747585878487,0.247666029710367,1.61199924287352,2.23606797749979
"405","S_393_S135",1.36433321316315,-0.227173925291227,0,"405","2","  2",0.799181601331123,0.27790428066874,0.572007676039897,1.93634088920305,NA
"406","S_397_S176",1.36433321316315,-0.360526588959835,0,"406","1","404",-0.0792412083040274,0.268529851066529,-0.439767797263863,0.924565415899286,1.18920711500272
"407","S_406_S140",1.36433321316315,-0.306596110272921,0,"407","1","405",0.655662087407836,0.25593577054816,0.349065977134915,1.71339919029806,2.65914794847249
"408","S_407_S131",1.36433321316315,-0.378856057642953,0,"408","1","406",-0.577902433973114,0.27349499888011,-0.956758491616067,0.407574721547082,0
"409","S_413_S86_L003",1.36433321316315,-0.188585781644442,0,"409","1","407",0.14319587704308,0.256587633583983,-0.045389904601362,1.31894330856179,0
"410","S_419_S1",1.36433321316315,-0.0682447597974637,0,"410","1","408",-0.220445735037186,0.273065530189889,-0.28869049483465,1.0756427183285,1.49534878122122
"411","S_41_S124",1.36433321316315,-0.162937216554858,0,"411","1","409",-0.545571201373327,0.321257530072147,-0.708508417928185,0.655824795234964,0
"412","S_440_S128",1.36433321316315,-0.274641142233185,0,"412","1","410",-0.0851282880350084,0.327208445490316,-0.359769430268193,1.00456378289496,0
"413","S_450_S135",1.36433321316315,0.0433596567939218,0,"413","1","411",-0.000123005458426834,0.268150823838472,0.043236651335495,1.40756986449864,0.840896415253715
"414","S_453_S63",1.36433321316315,-0.230532287946253,0,"414","1","412",-0.331060848098873,0.259869215188865,-0.561593136045125,0.802740077118024,0
"415","S_454_S71_L003",1.36433321316315,-0.0346775567295243,0,"415","1","413",0.537768083879789,0.253326649243217,0.503090527150264,1.86742374031341,2.54572989502183
"416","S_469_S119",1.36433321316315,-0.189688407411143,0,"416","1","414",0.201590840230469,0.264991778597584,0.0119024328193258,1.37623564598247,2.89250760851908
"417","S_474_S89_L003",1.36433321316315,-0.371837652545841,0,"417","1","415",-0.146403049324768,0.3780938889815,-0.518240701870609,0.84609251129254,0
"418","S_481_S27_L003",1.36433321316315,-0.156386959697461,0,"418","1","416",0.270531296957203,0.284715364350335,0.114144337259742,1.47847755042289,0.840896415253715
"419","S_487_S31",1.36433321316315,-0.223612210578316,0,"419","1","417",-0.305680481785232,0.262849148404291,-0.529292692363548,0.835040520799601,1.49534878122122
"420","S_501_S43",1.36433321316315,-0.160128363147341,0,"420","1","418",0.169276600881748,0.248038050325918,0.00914823773440709,1.37348145089756,0
"421","S_509_S109",1.36433321316315,-0.00704249052843114,0,"421","1","419",-1.29246869073682,0.305457533117789,-1.29951118126526,0.0648220318978929,0
"422","S_515_S58",1.36433321316315,-0.266341533838632,0,"422","1","420",0.287714068140543,0.287533045198856,0.0213725343019109,1.38570574746506,0
"423","S_516_S138",1.36433321316315,-0.319191931967611,0,"423","1","421",-0.275257969490491,0.34418743721779,-0.594449901458103,0.769883311705046,0
"424","S_517_S20_L003",1.36433321316315,-0.151355574759942,0,"424","1","422",0.68926654197508,0.285721828794865,0.537910967215138,1.90224418037829,2.89250760851908
"425","S_522_S10",1.36433321316315,0.0780365770356103,0,"425","1","423",0.0932985404930946,0.273530632632993,0.171335117528705,1.53566833069185,2.34034731932072
"426","S_524_S33_L003",1.36433321316315,-0.0273546752537155,0,"426","1","424",-0.157476171792782,0.269453275704442,-0.184830847046497,1.17950236611665,1.31607401295249
"427","S_528_S103",1.36433321316315,-0.182752369654602,0,"427","1","425",1.09157103331718,0.281075688941678,0.908818663662582,2.27315187682573,2.34034731932072
"428","S_533_S68",1.36433321316315,-0.142272019874507,0,"428","1","426",0.220903146586079,0.269612714645764,0.0786311267115719,1.44296433987472,1.56508458007329
"429","S_537_S78_L003",1.36433321316315,-0.129294845389832,0,"429","1","427",0.86464760772342,0.262888847554385,0.735352762333588,2.09968597549674,2.78315768371374
"430","S_545_S69",1.36433321316315,-0.116744138256505,0,"430","1","428",0.130513860058231,0.253763267122371,0.0137697218017254,1.37810293496487,1.10668191970032
"431","S_565_S149",1.36433321316315,-0.294057518254087,0,"431","1","429",0.169065448921149,0.308790309762581,-0.124992069332938,1.23934114383021,2.05976714390712
"432","S_567_S165",1.36433321316315,-0.21725517698601,0,"432","1","430",-0.0253911177282276,0.292663254320608,-0.242646294714237,1.12168691844891,0
"433","S_574_S155",1.36433321316315,-0.370429741422929,0,"433","1","431",0.25353676305264,0.348316170540509,-0.116892978370289,1.24744023479286,0
"434","S_591_S99",1.36433321316315,-0.217070738733285,0,"434","1","432",-0.122018553221865,0.277216237314771,-0.339089291955151,1.025243921208,1.49534878122122
"435","S_5_S63_L003",1.36433321316315,-0.299525014591951,0,"435","1","433",0.189153234166381,0.319444044294897,-0.11037178042557,1.25396143273758,2.51486685936587
"436","S_629_S113",1.36433321316315,0.240360650485276,0,"436","1","434",-0.272596400480202,0.2596269175374,-0.0322357499949256,1.33209746316822,1.77827941003892
"437","S_630_S51_L003",1.36433321316315,0.049383900390668,0,"437","1","435",0.32737664414301,0.265779929882107,0.376760544533678,1.74109375769683,2.11474252688113
"438","S_631_S87_L003",1.36433321316315,0.398573241119276,0,"438","1","436",-0.105166937373726,0.271398878426671,0.29340630374555,1.6577395169087,1.96798967126543
"439","S_63_S170",1.36433321316315,-0.159120549491664,0,"439","1","437",0.116813242675526,0.252856752224289,-0.0423073068161377,1.32202590634701,0
"440","S_640_S178",1.36433321316315,0.192404218344128,0,"440","1","438",-0.579788309908558,0.262020535243077,-0.38738409156443,0.976949121598719,0
"441","S_646_S142",1.36433321316315,0.157199396811577,0,"441","1","439",-0.714537873703624,0.269139002368109,-0.557338476892048,0.806994736271101,1.25743342968294
"442","S_650_S129",1.36433321316315,-0.322735949709016,0,"442","1","440",0.201714782415012,0.349741205825135,-0.121021167294003,1.24331204586915,2.17793858734643
"443","S_653_S6",1.36433321316315,0.496869940442871,0,"443","1","441",0.73862688151599,0.292770222994663,1.23549682195886,2.59983003512201,2.34034731932072
"444","S_656_S181",1.36433321316315,0.47309596730588,0,"444","1","442",0.119137028830245,0.261787330336703,0.592232996136125,1.95656620929927,2.34034731932072
"445","S_657_S154",1.36433321316315,-0.276281337679696,0,"445","1","443",0.0123334617115118,0.344547213305347,-0.263947875968184,1.10038533719496,2.23606797749979
"446","S_658_S33",1.36433321316315,0.420124901281351,0,"446","1","444",0.36612746652631,0.282162202921663,0.786252367807661,2.15058558097081,2.89250760851908
"447","S_65_S29_L003",1.36433321316315,0.00764970085348629,0,"447","1","445",0.475882681108669,0.263751726540069,0.483532381962155,1.8478655951253,2.11474252688113
"448","S_662_S98",1.36433321316315,0.260918721976725,0,"448","1","446",-0.133983308020263,0.253987243736138,0.126935413956462,1.49126862711961,0.840896415253715
"449","S_673_S40_L003",1.36433321316315,0.107404725911276,0,"449","1","447",-0.722809844333706,0.260672054238579,-0.615405118422429,0.74892809474072,1.4142135623731
"450","S_674_S130",1.36433321316315,0.262322024064205,0,"450","1","448",-0.86568607331659,0.275166524961452,-0.603364049252385,0.760969163910764,0
"451","S_679_S9",1.36433321316315,0.246707742187167,0,"451","1","449",-0.555015158903164,0.244211412764001,-0.308307416715997,1.05602579644715,1.25743342968294
"452","S_685_S121",1.36433321316315,0.317745398259235,0,"452","1","450",-0.0528093331714522,0.295401409295085,0.264936065087783,1.62926927825093,1.31607401295249
"453","S_695_S46",1.36433321316315,0.345686613421786,0,"453","1","451",-0.0361188221436544,0.274241146636203,0.309567791278132,1.67390100444128,2.51486685936587
"454","S_696_S88",1.36433321316315,0.0512062188787516,0,"454","1","452",0.320208701869978,0.262022566557057,0.371414920748729,1.73574813391188,2.34034731932072
"455","S_706_S108",1.36433321316315,0.44342077479266,0,"455","1","453",-0.477334559778749,0.259283903248062,-0.0339137849860892,1.33041942817706,1.25743342968294
"456","S_711_S50",1.36433321316315,0.179736210860628,0,"456","1","454",0.100898580677506,0.243674494067932,0.280634791538134,1.64496800470128,1.49534878122122
"457","S_712_S136",1.36433321316315,0.438014682914533,0,"457","1","455",-0.336234006214709,0.256736808718957,0.101780676699824,1.46611388986297,1.45647531512197
"458","S_713_S163",1.36433321316315,-0.166134368757734,0,"458","1","456",0.222397223861996,0.294268645523855,0.0562628551042622,1.42059606826741,1.77827941003892
"459","S_714_S34_L003",1.36433321316315,0.488151480925027,0,"459","1","457",-0.540906857561041,0.300915613535815,-0.0527553766360134,1.31157783652714,1.56508458007329
"460","S_726_S69_L003",1.36433321316315,0.294195844200645,0,"460","1","458",0.779089355630757,0.267080038589975,1.0732851998314,2.43761841299455,2.78315768371374
"461","S_733_S67_L003",1.36433321316315,0.549148258189281,0,"461","1","459",-0.261823068632116,0.274683902835368,0.287325189557165,1.65165840272031,1.25743342968294
"462","S_738_S39",1.36433321316315,0.06972757077433,0,"462","1","460",0.41710782427654,0.26725047352501,0.48683539505087,1.85116860821402,1.56508458007329
"463","S_758_S128",1.36433321316315,0.407826315227786,0,"463","1","461",-0.0979479666387635,0.291110844196584,0.309878348589022,1.67421156175217,2.65914794847249
"464","S_762_S173",1.36433321316315,0.257144461669468,0,"464","1","462",0.71280146720255,0.249055095399907,0.969945928872018,2.33427914203517,2.11474252688113
"465","S_764_S93_L003",1.36433321316315,0.159295564631186,0,"465","1","463",1.08828564061345,0.314634063954837,1.24758120524464,2.61191441840779,2.89250760851908
"466","S_765_S48",1.36433321316315,0.385998878744409,0,"466","1","464",0.292143163158232,0.290861896608106,0.678142041902641,2.04247525506579,1.31607401295249
"467","S_770_S57_L003",1.36433321316315,-0.10461157170673,0,"467","1","465",-0.50306424134644,0.255728779503262,-0.60767581305317,0.756657400109979,1.4142135623731
"468","S_772_S58_L003",1.36433321316315,0.159907215036756,0,"468","1","466",-0.605398466706553,0.2584010106007,-0.445491251669797,0.918841961493352,0
"469","S_779_S94_L003",1.36433321316315,0.0918062341959416,0,"469","1","467",-0.716708057051713,0.26821300592723,-0.624901822855771,0.739431390307377,0
"470","S_7_S141",1.36433321316315,-0.199185252745498,0,"470","1","468",0.144394169777113,0.281428649675684,-0.0547910829683854,1.30954213019476,1.31607401295249
"471","S_813_S44_L003",1.36433321316315,0.175519245143605,0,"471","1","469",0.1378946618034,0.271529084835582,0.313413906947005,1.67774712011015,2.23606797749979
"472","S_824_S40",1.36433321316315,0.2148310578545,0,"472","1","470",-0.367242525470376,0.252078974152423,-0.152411467615876,1.21192174554727,0
"473","S_825_S71",1.36433321316315,0.264223025492364,0,"473","1","471",-0.427223471243441,0.276581349204278,-0.163000445751078,1.20133276741207,1.25743342968294
"474","S_826_S8_L003",1.36433321316315,0.306112067309868,0,"474","1","472",-0.0719148914905744,0.26628288271525,0.234197175819294,1.59853038898244,1.56508458007329
"475","S_837_S50_L003",1.36433321316315,0.186050259730714,0,"475","1","473",0.208513552651595,0.253253909474688,0.394563812382309,1.75889702554546,2.65914794847249
"476","S_83_S14",1.36433321316315,-0.388831473692809,0,"476","1","474",-0.174943050527722,0.308515099340132,-0.563774524220531,0.800558688942618,0
"477","S_840_S88_L003",1.36433321316315,0.338035478458554,0,"477","1","475",0.251204826781572,0.275415906252549,0.589240305240126,1.95357351840327,1.77827941003892
"478","S_844_S151",1.36433321316315,0.225703796815569,0,"478","1","476",-0.622786875339677,0.261921891772182,-0.397083078524108,0.967250134639041,0
"479","S_85_S36_L003",1.36433321316315,-0.319727981659869,0,"479","1","477",-0.170788479664713,0.335302553200942,-0.490516461324583,0.873816751838566,1.18920711500272
"480","S_861_S22_L003",1.36433321316315,-0.0344994468487134,0,"480","1","478",0.156651028535388,0.265075283682889,0.122151581686675,1.48648479484982,2.51486685936587
"481","S_865_S82",1.36433321316315,-0.00806260959863628,0,"481","1","479",0.0515999321588529,0.241329098624426,0.0435373225602166,1.40787053572337,1.77827941003892
"482","S_879_S97",1.36433321316315,0.396050628637318,0,"482","1","480",0.348624472822775,0.281633198114541,0.744675101460093,2.10900831462324,1.31607401295249
"483","S_87_S81",1.36433321316315,-0.212050448314784,0,"483","1","481",0.384262776429596,0.262912253821717,0.172212328114813,1.53654554127796,2.34034731932072
"484","S_885_S77",1.36433321316315,0.173739234450154,0,"484","1","482",-0.0449659856254705,0.27548031987774,0.128773248824683,1.49310646198783,0.840896415253715
"485","S_901_S136",1.36433321316315,-0.163757291344827,0,"485","2","  3",-0.830330632835464,0.299968157339813,-0.994087924180291,0.370245288982858,NA
"486","S_932_S42_L003",1.36433321316315,0.0296849763755308,0,"486","1","483",0.0282554784103703,0.259907325680183,0.0579404547859011,1.42227366794905,1.31607401295249
"487","S_961_S70_L003",1.36433321316315,0.271358158885681,0,"487","1","484",0.0684802695078712,0.286081385423721,0.339838428393552,1.7041716415567,2.63214802590498
"488","S_962_S42",1.36433321316315,0.259396393650051,0,"488","1","485",0.306097788988103,0.248505123060266,0.565494182638154,1.9298273958013,1.49534878122122
"489","S_972_S142",1.36433321316315,-0.251389834761593,0,"489","1","486",-0.547732784591354,0.324250645597121,-0.799122619352947,0.565210593810202,0
"490","S_978_S90",1.36433321316315,-0.157307200617799,0,"490","1","487",-0.469767119123551,0.307555395074777,-0.62707431974135,0.737258893421799,0
"491","S_983_S4",1.36433321316315,0.396071214799331,0,"491","1","488",-1.25773322690799,0.268344245441945,-0.86166201210866,0.502671201054489,0
"492","S_993_S55",1.36433321316315,0.261105596296089,0,"492","1","489",-0.0990371335960157,0.272607496637947,0.162068462700073,1.52640167586322,0.840896415253715
"493","NSW1201426",1.36433321316315,0.30616892781584,0,"493","2","  4",0.213380436776334,0.172196088225791,0.519549364592174,1.88388257775532,NA
"494","NSW1212884",1.36433321316315,-0.0815859100619085,0,"494","2","  5",-0.0366707005292383,0.206304892364816,-0.118256610591147,1.246076602572,NA
"495","NSW1200541",1.36433321316315,0.120754840762925,0,"495","2","  6",0.130422006768257,0.154582277765159,0.251176847531183,1.61551006069433,NA
"496","NSW1190165",1.36433321316315,0.0564801261814474,0,"496","2","  7",-0.0133450346745883,0.195757752681565,0.043135091506859,1.40746830467001,NA
"497","NSW1166659",1.36433321316315,-0.583936585347133,0,"497","2","  8",-0.722824680129449,0.183173649387611,-1.30676126547658,0.0575719476865667,NA
"498","NSW1213025",1.36433321316315,-0.147258574268287,0,"498","2","  9",-0.580995700234669,0.17415206291354,-0.728254274502956,0.636078938660193,NA
"499","NSW1211446",1.36433321316315,0.0978946246987943,0,"499","2"," 10",-0.178717561696142,0.185552326047934,-0.0808229369973472,1.2835102761658,NA
"500","NSW1200628",1.36433321316315,0.00183099507861272,0,"500","2"," 11",0.067642157652319,0.187537093121423,0.0694731527309317,1.43380636589408,NA
"501","NSW1166664",1.36433321316315,-0.273987423636707,0,"501","2"," 12",-0.0929332640951442,0.197090404420329,-0.366920687731851,0.997412525431297,NA
"502","NSW1213021",1.36433321316315,-0.167273380944509,0,"502","2"," 13",-0.0553876846083916,0.190542957016527,-0.2226610655529,1.14167214761025,NA
"503","NSW1201391",1.36433321316315,0.1673493034581,0,"503","2"," 14",-0.150238649952923,0.158375896577296,0.0171106535051774,1.38144386666833,NA
"504","NSW1201419",1.36433321316315,0.310553998445182,0,"504","2"," 15",0.334758898205375,0.19624389217811,0.645312896650556,2.00964610981371,NA
"505","NSW1201415",1.36433321316315,0.345135358130309,0,"505","2"," 16",-0.206173835812508,0.175021046711001,0.138961522317801,1.50329473548095,NA
"506","NSW1200364",1.36433321316315,-0.268747984884361,0,"506","2"," 17",-0.0507960089133919,0.192217599843572,-0.319543993797753,1.0447892193654,NA
"507","NSW1190167",1.36433321316315,0.208888361697858,0,"507","2"," 18",-0.00354865172628819,0.170981392851552,0.205339709971569,1.56967292313472,NA
"508","NSW1190204",1.36433321316315,0.128000411425364,0,"508","2"," 19",0.428521691428275,0.208355204962221,0.556522102853639,1.92085531601679,NA
"509","NSW1200834",1.36433321316315,0.271699860499259,0,"509","2"," 20",0.181602167425055,0.173198810282757,0.453302027924314,1.81763524108746,NA
"510","NSW1200533",1.36433321316315,0.296945540512275,0,"510","2"," 21",-0.406051464194022,0.150821096450117,-0.109105923681747,1.2552272894814,NA
"511","NSW1200414",1.36433321316315,0.311915952893671,0,"511","2"," 22",0.0288623929379657,0.165675027454874,0.340778345831637,1.70511155899479,NA
"512","NSW1200759",1.36433321316315,0.231746224927976,0,"512","2"," 23",-0.109250494495942,0.190031397657258,0.122495730432034,1.48682894359518,NA
"513","NSW1212889",1.36433321316315,-0.262896497363434,0,"513","2"," 24",0.141840637219309,0.190296087775553,-0.121055860144124,1.24327735301902,NA
"514","NSW1211427",1.36433321316315,-0.116510970773576,0,"514","2"," 25",-0.609782112309257,0.199378587751311,-0.726293083082834,0.638040130080315,NA
"515","NSW1200379",1.36433321316315,0.231565621170477,0,"515","2"," 26",0.173250795537369,0.18265185130226,0.404816416707846,1.76914962987099,NA
"516","NSW1211455",1.36433321316315,0.196237898266336,0,"516","2"," 27",-0.776992598731613,0.19375854826675,-0.580754700465277,0.783578512697872,NA
"517","NSW1213033",1.36433321316315,-0.0411954389943919,0,"517","2"," 28",0.461964189487081,0.168955370693191,0.420768750492689,1.78510196365584,NA
"518","NSW1212980",1.36433321316315,-0.268951887115027,0,"518","2"," 29",-0.317379679119813,0.178525051214552,-0.58633156623484,0.778001646928309,NA
"519","NSW1190213",1.36433321316315,-0.0312326373015201,0,"519","2"," 30",-0.59075070575053,0.191992019829689,-0.62198334305205,0.742349870111099,NA
"520","NSW1201416",1.36433321316315,0.435110665871926,0,"520","2"," 31",-0.632940094460365,0.184317278787394,-0.197829428588439,1.16650378457471,NA
"521","NSW1200418",1.36433321316315,-0.0413436758525179,0,"521","2"," 32",-0.371600504359909,0.17502350480925,-0.412944180212427,0.951389032950722,NA
"522","NSW1211456",1.36433321316315,0.088531911517363,0,"522","2"," 33",-0.467355665612313,0.156152048060355,-0.37882375409495,0.985509459068199,NA
"523","NSW1211564",1.36433321316315,0.311480122291533,0,"523","2"," 34",0.0457902163652103,0.207992429683782,0.357270338656743,1.72160355181989,NA
"524","NSW1213016",1.36433321316315,-0.132061696823363,0,"524","2"," 35",0.160784732497319,0.155551892533322,0.0287230356739559,1.3930562488371,NA
"525","NSW1211583",1.36433321316315,-0.0728229095353272,0,"525","2"," 36",0.248996751265815,0.175228547837522,0.176173841730488,1.54050705489364,NA
"526","NSW1200839",1.36433321316315,0.2539888240004,0,"526","2"," 37",0.135028278316373,0.167345795286313,0.389017102316773,1.75335031547992,NA
"527","NSW1211565",1.36433321316315,0.0678205240490785,0,"527","2"," 38",-0.359241799016369,0.171124201981156,-0.291421274967291,1.07291193819586,NA
"528","NSW1200425",1.36433321316315,-0.179296126448782,0,"528","2"," 39",0.653403997754997,0.187306436249421,0.474107871306215,1.83844108446936,NA
"529","NSW1200662",1.36433321316315,-0.246125454532395,0,"529","2"," 40",1.08750802095998,0.178779676800377,0.841382566427585,2.20571577959073,NA
"530","NSW1166655",1.36433321316315,-0.10139314304642,0,"530","2"," 41",0.46257624670803,0.169695941758036,0.361183103661611,1.72551631682476,NA
"531","NSW1212948",1.36433321316315,-0.383353936566284,0,"531","2"," 42",-0.652202379202901,0.205986222679579,-1.03555631576919,0.328776897393963,NA
"532","NSW1200528",1.36433321316315,0.159478118549835,0,"532","2"," 43",-0.491154385867149,0.164489250439519,-0.331676267317314,1.03265694584583,NA
"533","NSW1200563",1.36433321316315,0.308891935437499,0,"533","2"," 44",-0.104238156868843,0.146605374871764,0.204653778568656,1.56898699173181,NA
"534","NSW1200351",1.36433321316315,-0.494642778028775,0,"534","2"," 45",0.0676142726505673,0.216981297791419,-0.427028505378208,0.937304707784941,NA
"535","NSW1213015",1.36433321316315,-0.39321267405778,0,"535","2"," 46",-0.454815187821811,0.172678406634608,-0.848027861879591,0.516305351283557,NA
"536","NSW1200394",1.36433321316315,0.0946580958295926,0,"536","2"," 47",-0.135326147478992,0.169265433167776,-0.0406680516493991,1.32366516151375,NA
"537","NSW1213011",1.36433321316315,-0.322702795265659,0,"537","2"," 48",-0.0221131222968117,0.179557949927886,-0.344815917562471,1.01951729560068,NA
"538","NSW1200664",1.36433321316315,0.347035133405838,0,"538","2"," 49",0.209984932789857,0.19572858885311,0.557020066195696,1.92135327935884,NA
"539","NSW1201655",1.36433321316315,0.51979522457154,0,"539","2"," 50",0.439047299305579,0.16006735313155,0.958842523877119,2.32317573704027,NA
"540","NSW1200536",1.36433321316315,-0.156582275461811,0,"540","2"," 51",0.0456763723237418,0.177392538184491,-0.110905903138069,1.25342731002508,NA
"541","NSW1212943",1.36433321316315,-0.503221530323228,0,"541","2"," 52",0.00944117541004834,0.165036482517411,-0.49378035491318,0.870552858249969,NA
"542","NSW1200559",1.36433321316315,0.108665266085295,0,"542","2"," 53",0.49687278544391,0.159695957030031,0.605538051529205,1.96987126469235,NA
"543","NSW1200558",1.36433321316315,0.271193403608396,0,"543","2"," 54",0.322534067557815,0.193954837337559,0.593727471166211,1.95806068432936,NA
"544","NSW1200524",1.36433321316315,0.0209728812834051,0,"544","2"," 55",-0.163065696114089,0.146174760755538,-0.142092814830684,1.22224039833247,NA
"545","NSW1212795",1.36433321316315,-0.303896136703789,0,"545","2"," 56",0.295559130934868,0.196484552743332,-0.00833700576892049,1.35599620739423,NA
"546","NSW1200787",1.36433321316315,0.0576600698046657,0,"546","2"," 57",-0.824199257503808,0.159287996393034,-0.766539187699142,0.597794025464007,NA
"547","NSW1200776",1.36433321316315,-0.0657477714357123,0,"547","2"," 58",0.156198281266993,0.144854469015453,0.0904505098312806,1.45478372299443,NA
"548","NSW1190216",1.36433321316315,0.189575054488234,0,"548","2"," 59",0.636419894126819,0.188269532990293,0.825994948615053,2.1903281617782,NA
"549","NSW1201495",1.36433321316315,0.554723626917597,0,"549","2"," 60",0.755924316121621,0.184215331598358,1.31064794303922,2.67498115620237,NA
"550","NSW1211582",1.36433321316315,0.366932644157319,0,"550","2"," 61",0.165289087229211,0.184257483071656,0.532221731386531,1.89655494454968,NA
"551","NSW1200362",1.36433321316315,0.306445827296978,0,"551","2"," 62",-0.462355101325392,0.188051471099164,-0.155909274028415,1.20842393913473,NA
"552","NSW1212987",1.36433321316315,-0.37692387258772,0,"552","2"," 63",0.0440403685807821,0.336511769518191,-0.332883504006938,1.03144970915621,NA
"553","NSW1190194",1.36433321316315,0.0825394589447828,0,"553","2"," 64",-0.252949567737378,0.175933315397862,-0.170410108792595,1.19392310437055,NA
"554","NSW1213030",1.36433321316315,-0.105408665363841,0,"554","2"," 65",-0.506441229898389,0.166573996540807,-0.61184989526223,0.752483317900919,NA
"555","NSW1190199",1.36433321316315,0.0263888063268933,0,"555","2"," 66",-0.310482309196821,0.197782630278287,-0.284093502869927,1.08023971029322,NA
"556","NSW1200372",1.36433321316315,0.271763492430212,0,"556","2"," 67",-0.646506376765067,0.175185741344371,-0.374742884334854,0.989590328828295,NA
"557","NSW1211445",1.36433321316315,0.140678286130262,0,"557","2"," 68",-0.22028117457054,0.188420770531635,-0.0796028884402779,1.28473032472287,NA
"558","NSW1211558",1.36433321316315,0.193332170147861,0,"558","2"," 69",-0.424703684256777,0.167949814730985,-0.231371514108916,1.13296169905423,NA
"559","NSW1200764",1.36433321316315,-0.576285089506979,0,"559","2"," 70",-0.604880236893616,0.225338000873507,-1.1811653264006,0.183167886762554,NA
"560","NSW1200848",1.36433321316315,-0.0640083897425527,0,"560","2"," 71",-1.04382131877875,0.189430079937518,-1.1078297085213,0.256503504641851,NA
"561","NSW1200661",1.36433321316315,-0.358429356992341,0,"561","2"," 72",0.0763688419774277,0.175615402617341,-0.282060515014914,1.08227269814824,NA
"562","NSW1211440",1.36433321316315,0.297518876457518,0,"562","2"," 73",-0.0384821040255002,0.190351823245076,0.259036772432018,1.62336998559517,NA
"563","NSW1200356",1.36433321316315,-0.239351848828485,0,"563","2"," 74",0.114755942444453,0.170578021100828,-0.124595906384032,1.23973730677912,NA
"564","NSW1212992",1.36433321316315,-0.415512162165671,0,"564","2"," 75",0.21101426627737,0.214449472963257,-0.204497895888301,1.15983531727485,NA
"565","NSW1200905",1.36433321316315,0.161311568806727,0,"565","2"," 76",-0.644924311146317,0.179535953459207,-0.48361274233959,0.880720470823559,NA
"566","NSW1200357",1.36433321316315,0.149691223868286,0,"566","2"," 77",0.305985263357675,0.189337489563998,0.455676487225961,1.82000970038911,NA
"567","NSW1200799",1.36433321316315,0.744088951581662,0,"567","2"," 78",0.00261192033208092,0.165048925088861,0.746700871913743,2.11103408507689,NA
"568","NSW1166442",1.36433321316315,-0.380761205680568,0,"568","2"," 79",-0.089619113845687,0.19312933508675,-0.470380319526255,0.893952893636894,NA
"569","NSW1200539",1.36433321316315,0.116790190519273,0,"569","2"," 80",0.0733338612207847,0.175897629010606,0.190124051740058,1.55445726490321,NA
"570","NSW1200543",1.36433321316315,-0.383469139663317,0,"570","2"," 81",-0.026027604312699,0.248534433203661,-0.409496743976016,0.954836469187133,NA
"571","NSW1200529",1.36433321316315,0.057043227945912,0,"571","2"," 82",0.166507630536415,0.18440014003191,0.223550858482327,1.58788407164548,NA
"572","NSW1212866",1.36433321316315,-0.666542283705739,0,"572","2"," 83",0.52471204152641,0.193458969125464,-0.141830242179328,1.22250297098382,NA
"573","NSW1200873",1.36433321316315,-0.0991546528930493,0,"573","2"," 84",0.373695820357006,0.17913541195204,0.274541167463957,1.63887438062711,NA
"574","NSW1211541",1.36433321316315,0.0376221526725023,0,"574","2"," 85",0.174631963060116,0.197986988220419,0.212254115732619,1.57658732889577,NA
"575","NSW1190198",1.36433321316315,0.111062124377322,0,"575","2"," 86",-0.260866270131486,0.191161114356863,-0.149804145754164,1.21452906740898,NA
"576","NSW1213013",1.36433321316315,-0.233499506254251,0,"576","2"," 87",0.0556423539042734,0.163608148854132,-0.177857152349978,1.18647606081317,NA
"577","NSW1212970",1.36433321316315,-0.398904170419437,0,"577","2"," 88",-0.203539898625634,0.181588821109054,-0.602444069045071,0.761889144118078,NA
"578","NSW1212997",1.36433321316315,-0.0618643678565638,0,"578","2"," 89",0.839528351198734,0.187554430838704,0.77766398334217,2.14199719650532,NA
"579","NSW1211508",1.36433321316315,0.141042066627881,0,"579","2"," 90",-0.125235301080493,0.194197815230618,0.0158067655473879,1.38013997871054,NA
"580","NSW1211552",1.36433321316315,-0.0799924252803374,0,"580","2"," 91",-0.722414585071248,0.200518035182197,-0.802407010351585,0.561926202811563,NA
"581","NSW1211442",1.36433321316315,0.408057065821382,0,"581","2"," 92",0.0165164530801767,0.193404764550036,0.424573518901558,1.78890673206471,NA
"582","NSW1211451",1.36433321316315,-0.153384257316857,0,"582","2"," 93",-0.669455975628939,0.184460968170323,-0.822840232945796,0.541492980217353,NA
"583","NSW1194456",1.36433321316315,0.139580607895302,0,"583","2"," 94",-0.114964936144335,0.184690811156077,0.0246156717509664,1.38894888491412,NA
"584","NSW1211546",1.36433321316315,-0.00952513764275614,0,"584","2"," 95",0.469143864702454,0.17075496766512,0.459618727059698,1.82395194022285,NA
"585","NSW1213001",1.36433321316315,-0.320157153692082,0,"585","2"," 96",0.139811693086594,0.177251797007381,-0.180345460605489,1.18398775255766,NA
"586","NSW1201431",1.36433321316315,0.39373511727687,0,"586","2"," 97",-0.330709803433575,0.19203717831298,0.0630253138432954,1.42735852700644,NA
"587","NSW1211568",1.36433321316315,0.0203739668251252,0,"587","2"," 98",0.230404532245729,0.1826416636854,0.250778499070854,1.615111712234,NA
"588","NSW1211441",1.36433321316315,0.382234919373834,0,"588","2"," 99",-0.458974868727741,0.208524010699198,-0.0767399493539075,1.28759326380924,NA
"589","NSW1190206",1.36433321316315,0.239716050546942,0,"589","2","100",-0.341001541729128,0.207813069691248,-0.101285491182186,1.26304772198096,NA
"590","NSW1200389",1.36433321316315,0.310992817102916,0,"590","2","101",-0.314779164668397,0.169254089416764,-0.00378634756548052,1.36054686559767,NA
"591","NSW1211534",1.36433321316315,0.0732105965066265,0,"591","2","102",0.538857619164813,0.172028519608113,0.612068215671439,1.97640142883459,NA
"592","NSW1200346",1.36433321316315,-0.00539788101502612,0,"592","2","103",-0.257789347802605,0.159914187525989,-0.263187228817631,1.10114598434552,NA
"593","NSW1200505",1.36433321316315,0.11263463720326,0,"593","2","104",-0.0536754408227891,0.169289725727107,0.0589591963804708,1.42329240954362,NA
"594","NSW1200511",1.36433321316315,0.0725354012509638,0,"594","2","105",-0.438505819343963,0.150676813411946,-0.365970418092999,0.99836279507015,NA
"595","NSW1212790",1.36433321316315,-0.409197189642045,0,"595","2","106",0.0484145306684639,0.166853188120906,-0.360782658973581,1.00355055418957,NA
"596","NSW1200361",1.36433321316315,0.13199924576544,0,"596","2","107",0.854740924613832,0.179455638657609,0.986740170379272,2.35107338354242,NA
"597","NSW1200514",1.36433321316315,0.195650060162196,0,"597","2","108",0.668593726097849,0.165664258709768,0.864243786260045,2.22857699942319,NA
"598","NSW1200774",1.36433321316315,0.308499201170764,0,"598","2","109",0.260757136622691,0.166554139410625,0.569256337793455,1.9335895509566,NA
"599","NSW1212985",1.36433321316315,-0.293122516069981,0,"599","2","110",-0.0218971566098961,0.176804993921572,-0.315019672679877,1.04931354048327,NA
"600","NSW1201411",1.36433321316315,0.0929860099250109,0,"600","2","111",-0.24204122225075,0.171865218464385,-0.14905521232574,1.21527800083741,NA
"601","NSW1200352",1.36433321316315,-0.137063496616323,0,"601","2","112",-0.042859368529423,0.164551893980276,-0.179922865145746,1.1844103480174,NA
"602","NSW1211570",1.36433321316315,0.13175347526258,0,"602","2","113",-0.251809734117663,0.174055119855968,-0.120056258855083,1.24427695430807,NA
"603","NSW1200549",1.36433321316315,0.313960332584223,0,"603","2","114",-0.208725734951966,0.180973752868789,0.105234597632257,1.46956781079541,NA
"604","NSW1200384",1.36433321316315,-0.0998692063537689,0,"604","2","115",0.249177660870762,0.164913406711789,0.149308454516993,1.51364166768014,NA
"605","NSW1211577",1.36433321316315,0.0799934885662539,0,"605","2","116",0.640228000782947,0.173264857530663,0.7202214893492,2.08455470251235,NA
"606","NSW1200347",1.36433321316315,-0.333267146838408,0,"606","2","117",0.0753118369110139,0.20313861929813,-0.257955309927394,1.10637790323576,NA
"607","NSW1200829",1.36433321316315,0.258877354729942,0,"607","2","118",0.137227725286848,0.167229485775156,0.396105080016791,1.76043829317994,NA
"608","NSW1200657",1.36433321316315,-0.150655401377197,0,"608","2","119",-0.14114841797006,0.188939046813407,-0.291803819347258,1.07252939381589,NA
"609","NSW1212977",1.36433321316315,-0.334945194227829,0,"609","2","120",0.434819681737044,0.187025529795978,0.0998744875092154,1.46420770067236,NA
"610","NSW1201414",1.36433321316315,0.626484490230851,0,"610","2","121",-0.564613851836818,0.203546446475724,0.0618706383940331,1.42620385155718,NA
"611","NSW1200509",1.36433321316315,0.366562488546316,0,"611","2","122",-0.117379441959741,0.192191801285004,0.249183046586575,1.61351625974972,NA
"612","NSW1200521",1.36433321316315,0.0409965470513532,0,"612","2","123",-0.670870623990826,0.178060066035884,-0.629874076939473,0.734459136223676,NA
"613","NSW1201631",1.36433321316315,0.744088951581662,0,"613","2","124",0.00261192033208092,0.165048925088861,0.746700871913743,2.11103408507689,NA
"614","NSW1212856",1.36433321316315,0.0015296374132566,0,"614","2","125",-0.218824874916328,0.18912975710478,-0.217295237503072,1.14703797566008,NA
"615","NSW1200647",1.36433321316315,0.326719999621719,0,"615","2","126",0.879069950600053,0.174164544595921,1.20578995022177,2.57012316338492,NA
"616","NSW1201396",1.36433321316315,0.0783482397377427,0,"616","2","127",-0.0243442445897832,0.179381483238344,0.0540039951479595,1.41833720831111,NA
"617","NSW1200554",1.36433321316315,0.322355831151939,0,"617","2","128",0.203046133371428,0.15767625090938,0.525401964523368,1.88973517768652,NA
"618","NSW1200544",1.36433321316315,0.293911162950057,0,"618","2","129",-0.405890996912187,0.176546343991261,-0.11197983396213,1.25235337920102,NA
"619","NSW1200429",1.36433321316315,-0.252969334798403,0,"619","2","130",0.105288553619399,0.317510793407521,-0.147680781179004,1.21665243198414,NA
"620","NSW1190190",1.36433321316315,-0.349838613942834,0,"620","2","131",-0.00167937108883551,0.18060389852547,-0.351517985031669,1.01281522813148,NA
"621","NSW1200428",1.36433321316315,-0.125082512786564,0,"621","2","132",-0.202126147327758,0.170465644764365,-0.327208660114322,1.03712455304883,NA
"622","NSW1190183",1.36433321316315,-0.158534978093859,0,"622","2","133",-0.102247480534092,0.183441330238544,-0.260782458627951,1.1035507545352,NA
"623","NSW1201400",1.36433321316315,-0.0183832440240352,0,"623","2","134",-0.679088152241773,0.197474435409684,-0.697471396265808,0.666861816897341,NA
"624","NSW1166447",1.36433321316315,-0.254418348577738,0,"624","2","135",0.0146658858295236,0.185244565131835,-0.239752462748215,1.12458075041493,NA
"625","NSW1190182",1.36433321316315,-0.118272042539678,0,"625","2","136",0.294627681615762,0.211437021240486,0.176355639076084,1.54068885223923,NA
"626","NSW1200666",1.36433321316315,-0.423753491965308,0,"626","2","137",0.0169021870508795,0.171451336710608,-0.406851304914429,0.95748190824872,NA
"627","NSW1190168",1.36433321316315,0.0994168619183657,0,"627","2","138",-0.421438322112712,0.176921503042965,-0.322021460194346,1.0423117529688,NA
"628","NSW1201641",1.36433321316315,0.744088951581662,0,"628","2","139",0.00261192033208092,0.165048925088861,0.746700871913743,2.11103408507689,NA
"629","NSW1194450",1.36433321316315,0.157645501177423,0,"629","2","140",0.190684628863937,0.185521350251484,0.34833013004136,1.71266334320451,NA
"630","NSW1211020",1.36433321316315,-0.0511785610704168,0,"630","2","141",-0.0250938801305218,0.205770347049953,-0.0762724412009386,1.28806077196221,NA
"631","NSW1200545",1.36433321316315,0.0971628020105715,0,"631","2","142",0.130576574860032,0.183363357359552,0.227739376870603,1.59207259003375,NA
"632","NSW1200373",1.36433321316315,0.364947438374021,0,"632","2","143",0.220417885837989,0.217383056208915,0.58536532421201,1.94969853737516,NA
"633","NSW1211526",1.36433321316315,0.13263440552678,0,"633","2","144",-0.0261588584972446,0.195854896205159,0.106475547029536,1.47080876019268,NA
"634","NSW1212995",1.36433321316315,-0.261619819552307,0,"634","2","145",0.446898485059846,0.204180134495576,0.185278665507539,1.54961187867069,NA
"635","NSW1212990",1.36433321316315,-0.0204593493468732,0,"635","2","146",-0.416842869628983,0.20749089614873,-0.437302218975856,0.927030994187293,NA
"636","NSW1190212",1.36433321316315,0.313060070250695,0,"636","2","147",0.551381321480246,0.18324346031289,0.864441391730941,2.22877460489409,NA
"637","NSW1200895",1.36433321316315,0.319901085813643,0,"637","2","148",0.663784849348113,0.189088223537657,0.983685935161756,2.34801914832491,NA
"638","NSW1211539",1.36433321316315,-0.347783559303623,0,"638","2","149",0.320548375352215,0.163781605982934,-0.0272351839514084,1.33709802921174,NA
"639","NSW1200817",1.36433321316315,-0.0317178381407163,0,"639","2","150",-0.271176820362492,0.182080882998729,-0.302894658503209,1.06143855465994,NA
"640","NSW1200388",1.36433321316315,0.425223144899599,0,"640","2","151",0.1894471417912,0.198749150753019,0.614670286690799,1.97900349985395,NA
"641","NSW1200807",1.36433321316315,0.211847790204144,0,"641","2","152",0.130299982179185,0.170652644063478,0.342147772383329,1.70648098554648,NA
"642","NSW1200420",1.36433321316315,-0.285263925951027,0,"642","2","153",0.206104838895356,0.198150951044319,-0.0791590870556704,1.28517412610748,NA
"643","NSW1213005",1.36433321316315,-0.27668381736224,0,"643","2","154",0.285248625151414,0.184128563997586,0.00856480778917412,1.37289802095232,NA
"644","NSW1211533",1.36433321316315,-0.259224274449617,0,"644","2","155",-0.026314509382786,0.213470422398795,-0.285538783832403,1.07879442933075,NA
"645","NSW1212991",1.36433321316315,0.00564595780881125,0,"645","2","156",0.375126810578129,0.179733167821078,0.380772768386941,1.74510598155009,NA
"646","NSW1201650",1.36433321316315,0.365077439739996,0,"646","2","157",-0.083618146772395,0.183928717651676,0.281459292967601,1.64579250613075,NA
"647","NSW1213020",1.36433321316315,-0.332894089982761,0,"647","2","158",0.80650766381427,0.155050776213858,0.473613573831509,1.83794678699466,NA
"648","NSW1190163",1.36433321316315,0.075622474186132,0,"648","2","159",0.445041587032637,0.166837291400501,0.520664061218769,1.88499727438192,NA
"649","NSW1200466",1.36433321316315,0.330264135640158,0,"649","2","160",0.422963224313112,0.201562105689113,0.75322735995327,2.11756057311642,NA
"650","NSW1200623",1.36433321316315,-0.0847533870021553,0,"650","2","161",-0.509949201564199,0.1707168585004,-0.594702588566354,0.769630624596795,NA
"651","NSW1211511",1.36433321316315,0.176292946554342,0,"651","2","162",-0.333518283307928,0.164262228556505,-0.157225336753586,1.20710787640956,NA
"652","NSW1200371",1.36433321316315,0.184218177311496,0,"652","2","163",-0.319007906108013,0.162995971299548,-0.134789728796518,1.22954348436663,NA
"653","NSW1211592",1.36433321316315,0.0781543933600738,0,"653","2","164",-0.0783119618149752,0.166865368596614,-0.00015756845490135,1.36417564470825,NA
"654","NSW1212785",1.36433321316315,-0.31785620004609,0,"654","2","165",0.548561336013344,0.19580957533178,0.230705135967254,1.5950383491304,NA
"655","NSW1201616",1.36433321316315,0.73612584227978,0,"655","2","166",-0.0141693817217418,0.167460647494534,0.721956460558039,2.08628967372119,NA
"656","NSW1212959",1.36433321316315,-0.341337478839302,0,"656","2","167",0.36907100765931,0.173649044599616,0.0277335288200076,1.39206674198316,NA
"657","NSW1213034",1.36433321316315,-0.308423957556542,0,"657","2","168",0.178644102681355,0.199511719168851,-0.129779854875187,1.23455335828796,NA
"658","NSW1211561",1.36433321316315,0.143115864992542,0,"658","2","169",-0.217287434052804,0.176184882761854,-0.0741715690602615,1.29016164410289,NA
"659","NSW1211542",1.36433321316315,-0.0518246196872697,0,"659","2","170",0.627309979350504,0.188069014399369,0.575485359663235,1.93981857282638,NA
"660","NSW1200803",1.36433321316315,0.238425479853945,0,"660","2","171",-0.397074371273243,0.165077568318396,-0.158648891419297,1.20568432174385,NA
"661","NSW1211578",1.36433321316315,0.171326798056183,0,"661","2","172",-0.242328892777452,0.154082335253212,-0.0710020947212695,1.29333111844188,NA
"662","NSW1190217",1.36433321316315,-0.00535948222678895,0,"662","2","173",0.087046188782861,0.198185601355096,0.0816867065560721,1.44601991971922,NA
"663","NSW1211562",1.36433321316315,0.0179906962816993,0,"663","2","174",0.32183749778084,0.180357502631816,0.33982819406254,1.70416140722569,NA
"664","NSW1200672",1.36433321316315,-0.269757420730093,0,"664","2","175",0.341257697018164,0.174773956855393,0.0715002762880709,1.43583348945122,NA
"665","NSW1201375",1.36433321316315,0.744088951581662,0,"665","2","176",0.00261192033208092,0.165048925088861,0.746700871913743,2.11103408507689,NA
"666","NSW1212972",1.36433321316315,-0.126821483556298,0,"666","2","177",0.1735244490872,0.224075299495944,0.0467029655309019,1.41103617869405,NA
"667","NSW1212982",1.36433321316315,-0.141980774014267,0,"667","2","178",0.0604537017232952,0.19038748323473,-0.0815270722909719,1.28280614087218,NA
"668","NSW1166596",1.36433321316315,-0.317205497345357,0,"668","2","179",0.17697143501487,0.196515228869839,-0.140234062330486,1.22409915083266,NA
"669","NSW1190191",1.36433321316315,-0.478319600363251,0,"669","2","180",0.316092748667751,0.203069680327768,-0.1622268516955,1.20210636146765,NA
"670","NSW1200360",1.36433321316315,-0.086405193006921,0,"670","2","181",0.37702410262801,0.157679021489318,0.290618909621089,1.65495212278424,NA
"671","NSW1200363",1.36433321316315,0.277758400645986,0,"671","2","182",-0.19990927987878,0.185803810011528,0.0778491207672058,1.44218233393035,NA
"672","NSW1212979",1.36433321316315,-0.327570198687981,0,"672","2","183",0.332210479921703,0.178185616733355,0.00464028123372145,1.36897349439687,NA
"673","NSW1190208",1.36433321316315,0.11213635161391,0,"673","2","184",-0.890526417006668,0.155218502984775,-0.778390065392758,0.585943147770391,NA
"674","NSW1200358",1.36433321316315,0.154781900838419,0,"674","2","185",-0.660231819562554,0.205098636045027,-0.505449918724135,0.858883294439014,NA
"675","NSW1190192",1.36433321316315,-0.261126302209825,0,"675","2","186",-0.184945413878268,0.176927380266692,-0.446071716088093,0.918261497075056,NA
"676","NSW1211584",1.36433321316315,0.176526225411799,0,"676","2","187",0.604514465947973,0.201465145777532,0.781040691359771,2.14537390452292,NA
"677","NSW1200622",1.36433321316315,-0.0661554012128376,0,"677","2","188",0.706123413616374,0.183486317556287,0.639968012403537,2.00430122556669,NA
"678","NSW1211430",1.36433321316315,0.327454553825049,0,"678","2","189",0.337217413503031,0.177732256501349,0.66467196732808,2.02900518049123,NA
"679","NSW1200777",1.36433321316315,0.195702252134048,0,"679","2","190",0.658879770166278,0.204142208798132,0.854582022300325,2.21891523546347,NA
"680","NSW1211426",1.36433321316315,0.317264083703965,0,"680","2","191",-0.370539447519463,0.160130919240135,-0.0532753638154976,1.31105784934765,NA
"681","NSW1211450",1.36433321316315,0.152291534974922,0,"681","2","192",0.322308953530969,0.176244396062495,0.474600488505892,1.83893370166904,NA
"682","NSW1201381",1.36433321316315,0.265242157707143,0,"682","2","193",-0.353841403640553,0.198653550876205,-0.0885992459334092,1.27573396722974,NA
"683","NSW1211527",1.36433321316315,0.0920777854563421,0,"683","2","194",-0.00909151893786138,0.157189832145514,0.0829862665184807,1.44731947968163,NA
"684","NSW1194457",1.36433321316315,0.387284385619299,0,"684","2","195",-0.129920849474802,0.193960699370941,0.257363536144497,1.62169674930765,NA
"685","NSW1213006",1.36433321316315,-0.042837971702755,0,"685","2","196",0.458652193750048,0.182684462318797,0.415814222047293,1.78014743521044,NA
"686","NSW1190187",1.36433321316315,-0.231727778902443,0,"686","2","197",-0.398238096254431,0.169266021164425,-0.629965875156874,0.734367338006275,NA
"687","NSW1213010",1.36433321316315,-0.0929111379779598,0,"687","2","198",0.289750270116341,0.190933411071689,0.196839132138381,1.56117234530153,NA
"688","NSW1201425",1.36433321316315,0.0172288337284263,0,"688","2","199",0.1548530949253,0.159900374793058,0.172081928653727,1.53641514181688,NA
"689","NSW1200504",1.36433321316315,0.413585618719259,0,"689","2","200",0.20200610255636,0.197371189009924,0.615591721275619,1.97992493443877,NA
"690","NSW1200920",1.36433321316315,0.127504747049778,0,"690","2","201",0.136835536640164,0.207230960108649,0.264340283689942,1.62867349685309,NA
"691","NSW1200341",1.36433321316315,-0.143874304764633,0,"691","2","202",-0.221821633780999,0.189739370428941,-0.365695938545632,0.998637274617517,NA
"692","NSW1200337",1.36433321316315,-0.230854823834499,0,"692","2","203",0.128711235373569,0.195528034247318,-0.10214358846093,1.26218962470222,NA
"693","NSW1212988",1.36433321316315,-0.226040601574294,0,"693","2","204",0.0329548543396102,0.157459118829131,-0.193085747234684,1.17124746592847,NA
"694","NSW1201430",1.36433321316315,0.374882578731336,0,"694","2","205",-0.0877146181756079,0.190640423179369,0.287167960555728,1.65150117371888,NA
"695","NSW1200824",1.36433321316315,0.317386997294482,0,"695","2","206",-0.215820192441238,0.178466116136813,0.101566804853244,1.46590001801639,NA
"696","NSW1212969",1.36433321316315,-0.166172704572189,0,"696","2","207",0.730632313473654,0.160296239551862,0.564459608901465,1.92879282206461,NA
"697","NSW1190200",1.36433321316315,0.366572116847217,0,"697","2","208",-0.111286868633913,0.207566225260289,0.255285248213304,1.61961846137645,NA
"698","NSW1210993",1.36433321316315,-0.0948226624583353,0,"698","2","209",0.249604476920666,0.206010915562191,0.15478181446233,1.51911502762548,NA
"699","NSW1211586",1.36433321316315,0.220005806219854,0,"699","2","210",-0.183952980250265,0.195545805004189,0.0360528259695891,1.40038603913274,NA
"700","NSW1201409",1.36433321316315,0.604174184892862,0,"700","2","211",0.24780340663855,0.197689723829245,0.851977591531411,2.21631080469456,NA
"701","NSW1200853",1.36433321316315,0.108414101297429,0,"701","2","212",-0.87745601212344,0.164972155682284,-0.769041910826011,0.595291302337137,NA
"702","NSW1212960",1.36433321316315,-0.20855359245122,0,"702","2","213",0.298387273999607,0.186619074287968,0.0898336815483864,1.45416689471154,NA
"703","NSW1200607",1.36433321316315,0.0256038266830724,0,"703","2","214",0.703193314565448,0.199758695321316,0.72879714124852,2.09313035441167,NA
"704","NSW1212957",1.36433321316315,-0.0732449340369986,0,"704","2","215",0.117090750929169,0.202406344769997,0.0438458168921706,1.40817903005532,NA
"705","NSW1212983",1.36433321316315,0.00687508209194022,0,"705","2","216",0.192978836156924,0.197272444959763,0.199853918248864,1.56418713141201,NA
"706","NSW1166654",1.36433321316315,-0.221498493568387,0,"706","2","217",0.730371549826204,0.1903712996451,0.508873056257818,1.87320626942097,NA
"707","NSW1212993",1.36433321316315,0.114737966247178,0,"707","2","218",0.21473344574091,0.197382238026472,0.329471411988088,1.69380462515124,NA
"708","NSW1200374",1.36433321316315,-0.19508381314765,0,"708","2","219",0.237834976401445,0.17107265706505,0.0427511632537948,1.40708437641694,NA
"709","NSW1200617",1.36433321316315,-0.135792572783915,0,"709","2","220",-0.111368979391602,0.168277007543178,-0.247161552175517,1.11717166098763,NA
"710","NSW1212962",1.36433321316315,-0.15014167907478,0,"710","2","221",0.326124272951299,0.179794201280389,0.175982593876518,1.54031580703967,NA
"711","NSW1213029",1.36433321316315,-0.346519341007278,0,"711","2","222",-0.250142940576225,0.197548948200472,-0.596662281583503,0.767670931579646,NA
"712","NSW1200393",1.36433321316315,0.284616815116645,0,"712","2","223",0.116545556082627,0.163621547147598,0.401162371199272,1.76549558436242,NA
"713","NSW1211566",1.36433321316315,0.450816351078946,0,"713","2","224",-0.551241935197249,0.201166021660652,-0.100425584118303,1.26390762904485,NA
"714","NSW1200523",1.36433321316315,0.381607094213514,0,"714","2","225",0.359967990568511,0.20133484445295,0.741575084782025,2.10590829794517,NA
"715","NSW1201356",1.36433321316315,0.201690303481579,0,"715","2","226",0.38427510255275,0.195045809537859,0.585965406034328,1.95029861919748,NA
"716","NSW1200534",1.36433321316315,0.106505789431316,0,"716","2","227",-0.252635086261613,0.212423401200813,-0.146129296830297,1.21820391633285,NA
"717","NSW1200772",1.36433321316315,0.320747663011434,0,"717","2","228",0.176243825024709,0.172403338552514,0.496991488036143,1.86132470119929,NA
"718","NSW1200792",1.36433321316315,0.13128069328379,0,"718","2","229",-0.220856621202925,0.19692438548157,-0.089575927919135,1.27475728524401,NA
"719","NSW1200516",1.36433321316315,0.379783940848832,0,"719","2","230",-0.0864734026227116,0.169088486161812,0.29331053822612,1.65764375138927,NA
"720","NSW1212967",1.36433321316315,-0.300724608067766,0,"720","2","231",0.540997819420809,0.20122034079559,0.240273211353043,1.60460642451619,NA
"721","NSW1213036",1.36433321316315,-0.271855089188295,0,"721","2","232",-0.19765783076404,0.202870513634919,-0.469512919952335,0.894820293210814,NA
"722","NSW1200610",1.36433321316315,0.223122765819712,0,"722","2","233",0.240850139187482,0.173536295136426,0.463972905007194,1.82830611817034,NA
"723","NSW1200812",1.36433321316315,-0.0145704303271545,0,"723","2","234",-0.0360908314363744,0.165825986922806,-0.050661261763529,1.31367195139962,NA
"724","NSW1166601",1.36433321316315,-0.0614248528817359,0,"724","2","235",-0.0581521394275299,0.168466161398944,-0.119576992309266,1.24475622085388,NA
"725","NSW1190184",1.36433321316315,-0.118820020823787,0,"725","2","236",0.123264101153841,0.176205571284461,0.00444408033005345,1.3687772934932,NA
"726","NSW1200597",1.36433321316315,-0.0580395724437661,0,"726","2","237",0.00913951998885354,0.200589927118074,-0.0489000524549125,1.31543316070824,NA
"727","NSW1200616",1.36433321316315,-0.0320488790985255,0,"727","2","238",-0.540430778418144,0.183296659917123,-0.572479657516669,0.79185355564648,NA
"728","NSW1201404",1.36433321316315,0.311720745219769,0,"728","2","239",0.500274413771867,0.173027972331065,0.811995158991636,2.17632837215479,NA
"729","NSW1200592",1.36433321316315,-0.198094544355316,0,"729","2","240",-0.406237094233133,0.199958986801647,-0.604331638588449,0.7600015745747,NA
"730","NSW1190203",1.36433321316315,0.207954289324492,0,"730","2","241",0.278894788216739,0.209846720549194,0.486849077541231,1.85118229070438,NA
"731","NSW1211536",1.36433321316315,0.062911602347175,0,"731","2","242",-0.479625899702456,0.177673690459337,-0.416714297355281,0.947618915807868,NA
"732","NSW1200424",1.36433321316315,-0.100865040698039,0,"732","2","243",0.0318465713093017,0.213752875599309,-0.0690184693887375,1.29531474377441,NA
"733","NSW1212846",1.36433321316315,-0.231128610912878,0,"733","2","244",0.176153437354816,0.166057260490524,-0.054975173558062,1.30935803960509,NA
"734","NSW1200804",1.36433321316315,0.585865984990453,0,"734","2","245",0.562000695572153,0.180252051103174,1.14786668056261,2.51219989372575,NA
"735","NSW1210995",1.36433321316315,0.142337528146847,0,"735","2","246",-0.592454336172943,0.165759352815209,-0.450116808026096,0.914216405137053,NA
"736","NSW1212968",1.36433321316315,-0.573876985685578,0,"736","2","247",-0.0591726637250271,0.18696211281926,-0.633049649410605,0.731283563752544,NA
"737","NSW1200591",1.36433321316315,0.132728016984201,0,"737","2","248",0.500456247141905,0.174694640988889,0.633184264126106,1.99751747728925,NA
"738","NSW1213000",1.36433321316315,-0.344257427944552,0,"738","2","249",0.178453597329974,0.191503775624318,-0.165803830614579,1.19852938254857,NA
"739","NSW1200797",1.36433321316315,0.0270972210802017,0,"739","2","250",0.218844902088645,0.176877912411181,0.245942123168847,1.610275336332,NA
"740","NSW1212964",1.36433321316315,-0.127208052010809,0,"740","2","251",0.0462798514557437,0.181247635977116,-0.0809282005550652,1.28340501260808,NA
"741","NSW1200338",1.36433321316315,0.170713136113247,0,"741","2","252",-0.30058179958923,0.173747659443317,-0.129868663475983,1.23446454968717,NA
"742","NSW1213003",1.36433321316315,-0.127696841367498,0,"742","2","253",-0.277898605465871,0.180598013862212,-0.405595446833369,0.95873776632978,NA
"743","NSW1190162",1.36433321316315,0.144521156653063,0,"743","2","254",-0.608546872588388,0.20312236220834,-0.464025715935324,0.900307497227825,NA
"744","NSW1200769",1.36433321316315,0.232401130034816,0,"744","2","255",0.583187687091371,0.198710702787865,0.815588817126187,2.17992203028934,NA
"745","NSW1200403",1.36433321316315,0.0424123736236621,0,"745","2","256",0.26146033513937,0.176710741954355,0.303872708763033,1.66820592192618,NA
"746","NSW1200355",1.36433321316315,-0.369737503754292,0,"746","2","257",-0.0522957890796732,0.329367580364739,-0.422033292833965,0.942299920329184,NA
"747","NSW1212965",1.36433321316315,-0.423495420506765,0,"747","2","258",-0.118277511474205,0.180126571671395,-0.54177293198097,0.822560281182179,NA
"748","NSW1200369",1.36433321316315,-0.251212218197864,0,"748","2","259",-0.418313530340909,0.172462130483867,-0.669525748538773,0.694807464624375,NA
"749","NSW1211589",1.36433321316315,-0.127215850157581,0,"749","2","260",-0.11328551407178,0.286929020356739,-0.240501364229361,1.12383184893379,NA
"750","NSW1200611",1.36433321316315,-0.00521706034310058,0,"750","2","261",-0.0266826010505117,0.211792028641576,-0.0318996613936122,1.33243355176954,NA
"751","NSW1211538",1.36433321316315,-0.132201538194825,0,"751","2","262",-0.806218187099422,0.180586216353857,-0.938419725294247,0.425913487868902,NA
"752","NSW1190172",1.36433321316315,0.388534824193595,0,"752","2","263",0.4423681062585,0.181682243838021,0.830902930452095,2.19523614361524,NA
"753","NSW1211437",1.36433321316315,0.308823872847345,0,"753","2","264",-0.0214930158953647,0.174292148864251,0.28733085695198,1.65166407011513,NA
"754","NSW1200656",1.36433321316315,-0.319387997729081,0,"754","2","265",-0.263304275693133,0.170115539007188,-0.582692273422214,0.781640939740935,NA
"755","NSW1200823",1.36433321316315,0.143155733448703,0,"755","2","266",-0.0244617229771731,0.172136461007493,0.11869401047153,1.48302722363468,NA
"756","NSW1200802",1.36433321316315,0.309101077238073,0,"756","2","267",0.581909448880987,0.179278186621667,0.891010526119061,2.25534373928221,NA
"757","NSW1211575",1.36433321316315,-0.170924511733894,0,"757","2","268",0.014954379091232,0.205277276444181,-0.155970132642662,1.20836308052049,NA
"758","NSW1200430",1.36433321316315,-0.0859887238417681,0,"758","2","269",0.508877091994825,0.182194806797398,0.422888368153057,1.78722158131621,NA
"759","NSW1200378",1.36433321316315,0.369198142714193,0,"759","2","270",0.104899768691233,0.172281179443772,0.474097911405427,1.83843112456858,NA
"760","NSW1200840",1.36433321316315,0.757641254734681,0,"760","2","271",0.0279530005638974,0.169612284226106,0.785594255298578,2.14992746846173,NA
"761","NSW1201366",1.36433321316315,0.0741266674000213,0,"761","2","272",0.620071868007124,0.176463475958924,0.694198535407146,2.05853174857029,NA
"762","NSW1211569",1.36433321316315,-0.00649671594066449,0,"762","2","273",-0.387278533457412,0.185246770964987,-0.393775249398076,0.970557963765073,NA
"763","NSW1210940",1.36433321316315,-0.379586256945393,0,"763","2","274",-0.303389243760461,0.177227851178744,-0.682975500705854,0.681357712457294,NA
"764","NSW1200838",1.36433321316315,-0.245113440983854,0,"764","2","275",-0.450109689664084,0.213137900355629,-0.695223130647938,0.669110082515211,NA
"765","NSW1200419",1.36433321316315,-0.108362842917888,0,"765","2","276",-0.192613697266412,0.190110673684921,-0.3009765401843,1.06335667297885,NA
"766","NSW1200909",1.36433321316315,0.147091052342418,0,"766","2","277",0.120216321795835,0.196811337698453,0.267307374138252,1.6316405873014,NA
"767","NSW1211572",1.36433321316315,0.282935381396334,0,"767","2","278",-0.150673991314118,0.19863691815984,0.132261390082216,1.49659460324537,NA
"768","NSW1201401",1.36433321316315,0.209124845936303,0,"768","2","279",0.59671596084599,0.185941508673117,0.805840806782293,2.17017401994544,NA
"769","NSW1200893",1.36433321316315,-0.18035112148258,0,"769","2","280",-0.675804181393174,0.174017948661595,-0.856155302875755,0.508177910287394,NA
"770","NSW1200879",1.36433321316315,0.149950348470782,0,"770","2","281",0.0416966210704321,0.185996791931223,0.191646969541214,1.55598018270436,NA
"771","NSW1200596",1.36433321316315,-0.12079303726383,0,"771","2","282",0.00178624918979267,0.226189981132617,-0.119006788074037,1.24532642508911,NA
"772","NSW1213023",1.36433321316315,-0.254759753052514,0,"772","2","283",-0.0206756764060542,0.187076413462981,-0.275435429458568,1.08889778370458,NA
"773","NSW1211510",1.36433321316315,-0.0331064028742366,0,"773","2","284",-0.067696782091869,0.184387092537554,-0.100803184966106,1.26353002819704,NA
"774","NSW1200342",1.36433321316315,-0.36011622700913,0,"774","2","285",-0.0971288531499211,0.181125646362871,-0.457245080159051,0.907088133004098,NA
"775","NSW1200540",1.36433321316315,0.0262028899885197,0,"775","2","286",-1.22987786739891,0.202291049326003,-1.20367497741039,0.160658235752762,NA
"776","NSW1211585",1.36433321316315,-0.518012808883953,0,"776","2","287",-0.749062749167986,0.172764123180532,-1.26707555805194,0.0972576551112103,NA
"777","NSW1212958",1.36433321316315,-0.329372238297717,0,"777","2","288",-0.255028534668688,0.196095171257268,-0.584400772966406,0.779932440196743,NA
"778","NSW1201627",1.36433321316315,0.214837044543574,0,"778","2","289",-0.78627204311585,0.173479649176573,-0.571434998572276,0.792898214590873,NA
"779","NSW1210988",1.36433321316315,-0.110027525326581,0,"779","2","290",-0.557114697333486,0.194845170896856,-0.667142222660067,0.697190990503082,NA
"780","NSW1200915",1.36433321316315,0.45660048527755,0,"780","2","291",-0.401661009613039,0.198426158974285,0.0549394756645105,1.41927268882766,NA
"781","NSW1200398",1.36433321316315,0.0920122164800171,0,"781","2","292",-0.0223200766622708,0.18105367203856,0.0696921398177463,1.4340253529809,NA
"782","NSW1212963",1.36433321316315,-0.618045635240043,0,"782","2","293",-0.0461704000927731,0.213308018638763,-0.664216035332816,0.700117177830333,NA
"783","NSW1200519",1.36433321316315,0.124946323656879,0,"783","2","294",-0.303562518862007,0.196984263823699,-0.178616195205128,1.18571701795802,NA
"784","NSW1211436",1.36433321316315,0.295852752140625,0,"784","2","295",-0.967338572002104,0.175874502496406,-0.671485819861479,0.69284739330167,NA
"785","NSW1212984",1.36433321316315,-0.218898619561868,0,"785","2","296",0.195744436968613,0.164235512810292,-0.0231541825932553,1.34117903056989,NA
"786","NSW1211431",1.36433321316315,0.35070077246771,0,"786","2","297",-0.217837058422623,0.193204534978843,0.132863714045087,1.49719692720824,NA
"787","NSW1211557",1.36433321316315,0.139182772719692,0,"787","2","298",0.706901387350607,0.158061852103506,0.846084160070299,2.21041737323345,NA
"788","NSW1190166",1.36433321316315,0.21740516071935,0,"788","2","299",0.311664568366191,0.177660104753515,0.529069729085541,1.89340294224869,NA
"789","NSW1200368",1.36433321316315,0.230768815035693,0,"789","2","300",0.363919797239971,0.183702539790388,0.594688612275663,1.95902182543881,NA
"790","NSW1200809",1.36433321316315,0.214837044543574,0,"790","2","301",-0.78627204311585,0.173479649176573,-0.571434998572276,0.792898214590873,NA
"791","NSW1213024",1.36433321316315,-0.0378917825555077,0,"791","2","302",0.0699533326267734,0.200904512630058,0.0320615500712657,1.39639476323441,NA
"792","NSW1190169",1.36433321316315,0.305393877335402,0,"792","2","303",0.187362361247116,0.178827904383745,0.492756238582517,1.85708945174567,NA
"793","NSW1200348",1.36433321316315,0.046691027220193,0,"793","2","304",-0.878371361289686,0.171320483790698,-0.831680334069492,0.532652879093656,NA
"794","NSW1200383",1.36433321316315,0.11846371405718,0,"794","2","305",-0.0947914904339212,0.172502095770139,0.0236722236232587,1.38800543678641,NA
"795","NSW1212986",1.36433321316315,-0.10880091173353,0,"795","2","306",-0.262152783763988,0.169922618540309,-0.370953695497518,0.993379517665631,NA
"796","NSW1200602",1.36433321316315,0.0533708357101779,0,"796","2","307",0.405122417821058,0.167074372645559,0.458493253531236,1.82282646669438,NA
"797","NSW1211535",1.36433321316315,0.00669373626913316,0,"797","2","308",0.176690002841521,0.19835288662538,0.183383739110654,1.5477169522738,NA
"798","NSW1212953",1.36433321316315,-0.380896275254466,0,"798","2","309",-0.0310861422436298,0.187364162220345,-0.411982417498095,0.952350795665054,NA
"799","NSW1200794",1.36433321316315,0.135759871670492,0,"799","2","310",-0.063524717305956,0.181564330179933,0.0722351543645361,1.43656836752769,NA
"800","NSW1201361",1.36433321316315,0.227392615485879,0,"800","2","311",-0.589321983736053,0.172104394908022,-0.361929368250174,1.00240384491297,NA
"801","NSW1211537",1.36433321316315,0.0286895510495242,0,"801","2","312",0.137793436388943,0.165850054056267,0.166482987438467,1.53081620060162,NA
"802","NSW1200601",1.36433321316315,0.0246355505007218,0,"802","2","313",0.0173424130606836,0.173706187546135,0.0419779635614054,1.40631117672455,NA
"803","NSW1200538",1.36433321316315,0.491893059294688,0,"803","2","314",0.11631895468479,0.18768732722804,0.608212013979478,1.97254522714263,NA
"804","NSW1212996",1.36433321316315,-0.321603744919385,0,"804","2","315",0.140134416539405,0.167831886873729,-0.181469328379979,1.18286388478317,NA
"805","NSW1211574",1.36433321316315,0.116445862131948,0,"805","2","316",-0.0439960643180437,0.196165131921175,0.0724497978139043,1.43678301097705,NA
"806","NSW1200606",1.36433321316315,-0.0611145949248378,0,"806","2","317",0.354052694118423,0.187914068660204,0.292938099193585,1.65727131235673,NA
"807","NSW1200844",1.36433321316315,0.187787992401283,0,"807","2","318",-0.288295183066451,0.173274249772058,-0.100507190665167,1.26382602249798,NA
"808","NSW1211432",1.36433321316315,0.025879482916818,0,"808","2","319",0.285109709452579,0.166913884369544,0.310989192369397,1.67532240553255,NA
"809","NSW1201386",1.36433321316315,0.242133119877986,0,"809","2","320",0.505008354475708,0.180688712399283,0.747141474353694,2.11147468751684,NA
"810","NSW1212894",1.36433321316315,-0.539110996381311,0,"810","2","321",0.0290583960494246,0.180639102807578,-0.510052600331887,0.854280612831262,NA
"811","NSW1211573",1.36433321316315,-0.129554328190919,0,"811","2","322",-0.253762744827463,0.189368991996846,-0.383317073018382,0.981016140144767,NA
"812","NSW1211567",1.36433321316315,-0.0805123686096898,0,"812","2","323",-0.066689361045554,0.173020214851079,-0.147201729655244,1.21713148350791,NA
"813","NSW1201385",1.36433321316315,0.678793639868833,0,"813","2","324",0.0728127582571857,0.186277921164074,0.751606398126018,2.11593961128917,NA
"814","NSW1201357",1.36433321316315,0.253565287776797,0,"814","2","325",-0.162103177400076,0.210248197376543,0.0914621103767209,1.45579532353987,NA
"815","NSW1211435",1.36433321316315,0.296051507078823,0,"815","2","326",0.204289173618442,0.188984238799829,0.500340680697265,1.86467389386041,NA
"816","NSW1200555",1.36433321316315,-0.246948191933846,0,"816","2","327",0.152173253718181,0.191654564934268,-0.0947749382156653,1.26955827494748,NA
"817","NSW1200399",1.36433321316315,0.0261247956251276,0,"817","2","328",-0.403651733415133,0.177497472383077,-0.377526937790006,0.986806275373143,NA
"818","NSW1200894",1.36433321316315,0.345001220566805,0,"818","2","329",-0.637100167707536,0.195893161801362,-0.292098947140731,1.07223426602242,NA
"819","NSW1211457",1.36433321316315,0.0500486410623282,0,"819","2","330",0.44994317042273,0.187343704808992,0.499991811485058,1.86432502464821,NA
"820","NSW1200854",1.36433321316315,0.225230581523264,0,"820","2","331",-0.160677817399767,0.163480318478238,0.0645527641234966,1.42888597728665,NA
"821","NSW1200888",1.36433321316315,-0.219366127584051,0,"821","2","332",0.0957133026152263,0.183890657603353,-0.123652824968825,1.24068038819432,NA
"822","NSW1201626",1.36433321316315,0.499488943872867,0,"822","2","333",0.079085951016574,0.18170272304094,0.578574894889441,1.94290810805259,NA
"823","NSW1200553",1.36433321316315,0.268448777964027,0,"823","2","334",-0.596761332951089,0.183827418731385,-0.328312554987062,1.03602065817609,NA
"824","NSW1213008",1.36433321316315,-0.402599541758758,0,"824","2","335",0.22691121386005,0.199809420070467,-0.175688327898708,1.18864488526444,NA
"825","NSW1200671",1.36433321316315,-0.224801326227715,0,"825","2","336",-0.0254636922233865,0.166162078784229,-0.250265018451102,1.11406819471205,NA
"826","NSW1212955",1.36433321316315,-0.131173797156873,0,"826","2","337",0.580576543901847,0.208792658241023,0.449402746744974,1.81373595990812,NA
"827","NSW1212999",1.36433321316315,-0.308279932496331,0,"827","2","338",0.0732313825291589,0.184729889265455,-0.235048549967172,1.12928466319598,NA
"828","NSW1213018",1.36433321316315,0.0681228503384988,0,"828","2","339",0.426876829656562,0.212353812239111,0.49499967999506,1.85933289315821,NA
"829","NSW1212861",1.36433321316315,-0.325461212599293,0,"829","2","340",0.231561872838457,0.203680605540884,-0.0938993397608365,1.27043387340231,NA
"830","NSW1200526",1.36433321316315,0.18090311461839,0,"830","2","341",-0.497529210341873,0.174561766836974,-0.316626095723482,1.04770711743967,NA
"831","NSW1212978",1.36433321316315,-0.41997693718255,0,"831","2","342",0.381012696942144,0.171976104357973,-0.0389642402404061,1.32536897292274,NA
"832","NSW1200548",1.36433321316315,0.116090191624989,0,"832","2","343",-0.608565126593956,0.192530476796202,-0.492474934968967,0.871858278194182,NA
"833","NSW1200843",1.36433321316315,0.251349873682686,0,"833","2","344",0.516050744298308,0.180473555263266,0.767400617980995,2.13173383114414,NA
"834","NSW1200898",1.36433321316315,-0.16021515208256,0,"834","2","345",-0.154132863066527,0.1745340410845,-0.314348015149087,1.04998519801406,NA
"835","NSW1213031",1.36433321316315,-0.191268381378472,0,"835","2","346",0.0355044175591853,0.172453146610956,-0.155763963819287,1.20856924934386,NA
"836","NSW1211425",1.36433321316315,0.110571243213456,0,"836","2","347",-0.547524650978959,0.169404668105132,-0.436953407765502,0.927379805397647,NA
"837","NSW1210966",1.36433321316315,-0.265263556094653,0,"837","2","348",0.0596662845635087,0.170315638854845,-0.205597271531144,1.158735941632,NA
"838","NSW1200899",1.36433321316315,0.139843560095531,0,"838","2","349",-0.140818046242176,0.192517832474415,-0.00097448614664461,1.3633587270165,NA
"839","NSW1212973",1.36433321316315,-0.420013909571848,0,"839","2","350",0.199275273216205,0.180538623486923,-0.220738636355643,1.14359457680751,NA
"840","NSW1211540",1.36433321316315,-0.0473968582148733,0,"840","2","351",-0.136382010407378,0.185152335818326,-0.183778868622251,1.1805543445409,NA
"841","NSW1201406",1.36433321316315,0.532177350725851,0,"841","2","352",0.156787976268793,0.185012048568972,0.688965326994644,2.05329854015779,NA
"842","NSW1200889",1.36433321316315,0.191683964931497,0,"842","2","353",0.0447548357791165,0.183987102989943,0.236438800710614,1.60077201387376,NA
"843","NSW1200904",1.36433321316315,0.121665550619761,0,"843","2","354",-0.133248437771856,0.193460733212567,-0.0115828871520948,1.35275032601105,NA
"844","NSW1213014",1.36433321316315,-0.276573296838276,0,"844","2","355",-0.439184314359449,0.198711295756418,-0.715757611197725,0.648575601965424,NA
"845","NSW1211588",1.36433321316315,0.0404099548603797,0,"845","2","356",-0.150919251782165,0.161177461902224,-0.110509296921785,1.25382391624136,NA
"846","NSW1213035",1.36433321316315,-0.00497161376772062,0,"846","2","357",1.0079938963084,0.15765266637371,1.00302228254068,2.36735549570383,NA
"847","NSW1200510",1.36433321316315,-0.159687466619586,0,"847","2","358",0.46564178817039,0.177277966593639,0.305954321550804,1.67028753471395,NA
"848","NSW1211532",1.36433321316315,-0.2285658656946,0,"848","2","359",0.762954503011764,0.187616518905772,0.534388637317164,1.89872185048031,NA
"849","NSW1200924",1.36433321316315,0.0145055204118279,0,"849","2","360",0.144897579251135,0.211864289213043,0.159403099662963,1.52373631282611,NA
"850","NSW1200782",1.36433321316315,-0.163149514984962,0,"850","2","361",-0.417191972996963,0.206268526647772,-0.580341487981926,0.783991725181224,NA
"851","NSW1212998",1.36433321316315,-0.254739088471898,0,"851","2","362",-0.502528772013105,0.184195661347937,-0.757267860485003,0.607065352678145,NA
"852","NSW1211587",1.36433321316315,-0.182714282857483,0,"852","2","363",0.69191252709982,0.173570890728834,0.509198244242337,1.87353145740549,NA
"853","NSW1200359",1.36433321316315,-0.0903372828566476,0,"853","2","364",-0.165966365900573,0.214415411818866,-0.25630364875722,1.10802956440593,NA
"854","NSW1212989",1.36433321316315,-0.140115043730856,0,"854","2","365",-0.0343702105567331,0.177611710133452,-0.174485254287589,1.18984795887556,NA
"855","NSW1201429",1.36433321316315,0.414085592496361,0,"855","2","366",-0.140040188659279,0.165890665926031,0.274045403837082,1.63837861700023,NA
"856","NSW1200918",1.36433321316315,-0.096513567322345,0,"856","2","367",-0.0297343327967215,0.19159545622133,-0.126247900119067,1.23808531304408,NA
"857","NSW1190209",1.36433321316315,0.251272606725606,0,"857","2","368",-0.0139987812893177,0.185114989861179,0.237273825436288,1.60160703859944,NA
"858","NSW1200404",1.36433321316315,0.312468689852397,0,"858","2","369",0.131741285967368,0.188908107687103,0.444209975819765,1.80854318898291,NA
"859","NSW1211509",1.36433321316315,-0.259763497777076,0,"859","2","370",0.32838026533139,0.203306530004489,0.0686167675543145,1.43294998071746,NA
"860","NSW1200421",1.36433321316315,-0.33879326521534,0,"860","2","371",-0.0305307950256521,0.183807196658454,-0.369324060240992,0.995009152922157,NA
"861","NSW1200908",1.36433321316315,-0.19873300131386,0,"861","2","372",-0.358477209779278,0.166094590452723,-0.557210211093139,0.80712300207001,NA
"862","NSW1213028",1.36433321316315,-0.411414092531311,0,"862","2","373",0.13971152787587,0.179504312339738,-0.271702564655441,1.09263064850771,NA
"863","NSW1201632",1.36433321316315,0.543390923578591,0,"863","2","374",0.780318106119152,0.186991034980234,1.32370902969774,2.68804224286089,NA
"864","NSW1200461",1.36433321316315,0.316896480379257,0,"864","2","375",0.395648208553395,0.18074820429794,0.712544688932652,2.0768779020958,NA
"865","NSW1200590",1.36433321316315,-0.00585541758450391,0,"865","2","376",0.361399492876738,0.191294782530812,0.355544075292234,1.71987728845538,NA
"866","NSW1212975",1.36433321316315,-0.171071063548042,0,"866","2","377",0.36878012064546,0.179826515866244,0.197709057097417,1.56204227026057,NA
"867","NSW1201621",1.36433321316315,0.744088951581662,0,"867","2","378",0.00261192033208092,0.165048925088861,0.746700871913743,2.11103408507689,NA
"868","NSW1210994",1.36433321316315,-0.361143159408466,0,"868","2","379",-0.308579830846434,0.203500564745628,-0.669722990254901,0.694610222908248,NA
"869","NSW1190186",1.36433321316315,-0.299323418372605,0,"869","2","380",0.303074304765245,0.217323925460236,0.00375088639263943,1.36808409955579,NA
"870","NSW1213009",1.36433321316315,-0.18678031016374,0,"870","2","381",0.664187995405473,0.194906770498401,0.477407685241733,1.84174089840488,NA
"871","NSW1213004",1.36433321316315,-0.159186197657356,0,"871","2","382",-0.419572325996743,0.18455792073311,-0.578758523654099,0.78557468950905,NA
"872","NSW1200595",1.36433321316315,-0.185738508090412,0,"872","2","383",0.408753042766876,0.203233450315268,0.223014534676464,1.58734774783961,NA
"873","NSW1211590",1.36433321316315,-0.239839434813753,0,"873","2","384",0.221774042881584,0.183456132702669,-0.0180653919321691,1.34626782123098,NA
"874","NSW1213026",1.36433321316315,-0.262271762210341,0,"874","2","385",-0.276004787017063,0.170841501631438,-0.538276549227404,0.826056663935745,NA
"875","NSW1200798",1.36433321316315,-0.141243141907587,0,"875","2","386",-0.150256585573928,0.211999873108958,-0.291499727481515,1.07283348568163,NA
"876","NSW1190171",1.36433321316315,0.476876819439509,0,"876","2","387",0.0318941473533855,0.186224001904007,0.508770966792895,1.87310417995604,NA
"877","NSW1211447",1.36433321316315,0.180535224716419,0,"877","2","388",-0.353642752934919,0.196755973753108,-0.173107528218501,1.19122568494465,NA
"878","NSW1200652",1.36433321316315,-0.295756417885406,0,"878","2","389",-0.151758015822741,0.179781349488738,-0.447514433708147,0.916818779455001,NA
"879","NSW1211571",1.36433321316315,0.162348049439009,0,"879","2","390",-0.300225221871573,0.195826889819789,-0.137877172432564,1.22645604073059,NA
"880","NSW1200612",1.36433321316315,0.242971065422976,0,"880","2","391",-0.625658302268794,0.170936293705434,-0.382687236845818,0.981645976317331,NA
"881","NSW1213019",1.36433321316315,-0.0635090361316431,0,"881","2","392",0.68801407645178,0.156458406102909,0.624505040320137,1.98883825348329,NA
"882","NSW1190193",1.36433321316315,0.217981300168589,0,"882","2","393",-0.260529072934533,0.161619639771251,-0.0425477727659442,1.3217854403972,NA
"883","NSW1200621",1.36433321316315,0.110441935839379,0,"883","2","394",-0.169782560457583,0.211998773040971,-0.0593406246182041,1.30499258854494,NA
"884","NSW1211452",1.36433321316315,-0.165774618575474,0,"884","2","395",-0.250646659781032,0.168414179935728,-0.416421278356506,0.947911934806643,NA
"885","NSW1210997",1.36433321316315,-0.295354511609005,0,"885","2","396",0.196851332003111,0.186964941444206,-0.0985031796058947,1.26583003355725,NA
"886","NSW1201424",1.36433321316315,0.0625592760673156,0,"886","2","397",-0.0993745521275175,0.175579634576025,-0.0368152760602019,1.32751793710295,NA
"887","NSW1213002",1.36433321316315,-0.0583156677176707,0,"887","2","398",0.225772258449023,0.202895901778751,0.167456590731353,1.5317898038945,NA
"888","NSW1201367",1.36433321316315,0.0763237557858819,0,"888","2","399",-0.542499760054194,0.17370654400832,-0.466176004268312,0.898157208894837,NA
"889","NSW1200903",1.36433321316315,-0.151207344897846,0,"889","2","400",-0.333486286126413,0.175312020611033,-0.484693631024259,0.87963958213889,NA
"890","NSW1212974",1.36433321316315,-0.246536762240802,0,"890","2","401",0.115333474190095,0.172834048828713,-0.131203288050707,1.23312992511244,NA
"891","NSW1211531",1.36433321316315,-0.0690010681450891,0,"891","2","402",0.610632128537847,0.162561645294876,0.541631060392758,1.90596427355591,NA
"892","NSW1190170",1.36433321316315,0.425362020079482,0,"892","2","403",0.365172664525839,0.181083780848428,0.790534684605321,2.15486789776847,NA
"893","NSW1211579",1.36433321316315,0.0115115127962846,0,"893","2","404",-0.202293984713963,0.187813357005522,-0.190782471917678,1.17355074124547,NA
"894","NSW1200913",1.36433321316315,0.30068371206439,0,"894","2","405",-0.23228743376921,0.177650250235544,0.0683962782951796,1.43272949145833,NA
"895","NSW1212899",1.36433321316315,-0.407932988392107,0,"895","2","406",-0.434457499866991,0.176028701296904,-0.842390488259098,0.521942724904051,NA
"896","NSW1212954",1.36433321316315,-0.114513756331676,0,"896","2","407",0.72108326023295,0.169896678563633,0.606569503901274,1.97090271706442,NA
"897","NSW1200874",1.36433321316315,0.253818242909033,0,"897","2","408",-0.170415542583899,0.178275176389984,0.083402700325134,1.44773591348828,NA
"898","NSW1200367",1.36433321316315,0.13911645973654,0,"898","2","409",-0.317828522305173,0.182285407469368,-0.178712062568633,1.18562115059452,NA
"899","NSW1211563",1.36433321316315,0.344190492455576,0,"899","2","410",-0.53658366570676,0.184469781015189,-0.192393173251184,1.17194003991197,NA
"900","NSW1200667",1.36433321316315,-0.417797315029223,0,"900","2","411",-0.469943302897123,0.174662885589596,-0.887740617926347,0.476592595236803,NA
"901","NSW1200832",1.36433321316315,0.259464200632291,0,"901","2","412",-0.236341880169041,0.173349966370331,0.0231223204632494,1.3874555336264,NA
"902","NSW1211580",1.36433321316315,-0.265082959424931,0,"902","2","413",-0.0323309809649816,0.192560616428405,-0.297413940389912,1.06691927277324,NA
"903","NSW1201435",1.36433321316315,0.408832577535194,0,"903","2","414",-0.0563684111366542,0.169874117994099,0.35246416639854,1.71679737956169,NA
"904","NSW1200600",1.36433321316315,-0.0832112580671587,0,"904","2","415",0.62354338120121,0.162117413680167,0.540332123134052,1.9046653362972,NA
"905","NSW1212994",1.36433321316315,-0.166135020750009,0,"905","2","416",0.0621359503299351,0.17007044974251,-0.103999070420074,1.26033414274307,NA
"906","NSW1211591",1.36433321316315,0.0152203376424238,0,"906","2","417",0.543665631337973,0.177225553763085,0.558885968980397,1.92321918214355,NA
