"","Taxa","BLUE.N","BLUE.I","QTNs","Group","RefInf","ID","BLUP","PEV","gBreedingValue","Prediction","COI"
"1","S_1007_S311",1.27184150923463,0.327861667108004,0,"  1","1","  1",0.433271230487707,0.293326964050884,0.761132897595712,2.03297440683035,1.8612097182042
"2","S_102_S245",1.27184150923463,0.00779370395641879,0,"  2","1","  2",0.497472849853271,0.2977300952472,0.505266553809689,1.77710806304432,1.65487545982344
"3","S_1031_S380",1.27184150923463,0.145240535818123,0,"  3","1","  3",-0.0943519459971686,0.292182822053973,0.0508885898209545,1.32273009905559,1
"4","S_1045_S231",1.27184150923463,0.330631994609302,0,"  4","1","  4",-0.786461261392882,0.287235703759479,-0.45582926678358,0.816012242451055,0
"5","S_1052_S227",1.27184150923463,0.24605081721174,0,"  5","1","  5",0.260995378815544,0.2748159162213,0.507046196027285,1.77888770526192,2.11474252688113
"6","S_1054_S345",1.27184150923463,0.207259971607584,0,"  6","1","  6",-0.498801030895918,0.285487893906898,-0.291541059288334,0.9803004499463,0.840896415253715
"7","S_1057_S302",1.27184150923463,0.368753445150064,0,"  7","1","  7",-0.689595867741873,0.296247612146375,-0.320842422591808,0.950999086642826,0.840896415253715
"8","S_106_S223",1.27184150923463,0.0335678978150087,0,"  8","1","  8",0.569161372419201,0.301316540017343,0.60272927023421,1.87457077946884,1.8612097182042
"9","S_1082_S287",1.27184150923463,0.102393652702205,0,"  9","1","  9",0.154684971097698,0.284506089100708,0.257078623799903,1.52892013303454,1.56508458007329
"10","S_108_S258",1.27184150923463,0.0595591505674976,0," 10","1"," 10",0.673636980878528,0.292879658708714,0.733196131446025,2.00503764068066,1.56508458007329
"11","S_109_S351",1.27184150923463,-0.112416175636978,0," 11","1"," 11",0.495381652507135,0.28971286384875,0.382965476870157,1.65480698610479,1.49534878122122
"12","S_1124_S271",1.27184150923463,0.304871850928852,0," 12","1"," 12",-0.768422043333313,0.293775978946517,-0.463550192404461,0.808291316830174,1.18920711500272
"13","S_1127_S332",1.27184150923463,0.255202135068283,0," 13","1"," 13",-1.44652962991239,0.264266490177687,-1.19132749484411,0.0805140143905241,0
"14","S_1130_S319",1.27184150923463,0.505226558343889,0," 14","1"," 14",0.525104707083141,0.335082520034492,1.03033126542703,2.30217277466166,2.65914794847249
"15","S_1132_S315",1.27184150923463,0.370990930403425,0," 15","1"," 15",-0.0217757411417435,0.299577393141217,0.349215189261682,1.62105669849632,1.65487545982344
"16","S_1159_S297",1.27184150923463,0.132669919905072,0," 16","1"," 16",0.367646396496105,0.288955323888773,0.500316316401177,1.77215782563581,1.56508458007329
"17","S_1161_S254",1.27184150923463,0.156337661411797,0," 17","1"," 17",0.315235756860565,0.312466230805481,0.471573418272362,1.743414927507,1.31607401295249
"18","S_1162_S384",1.27184150923463,0.0618828563874756,0," 18","1"," 18",0.544177087220741,0.31191637241276,0.606059943608216,1.87790145284285,2.51486685936587
"19","S_1223_S229",1.27184150923463,0.00604153889364878,0," 19","1"," 19",-0.145829821855357,0.275458489882663,-0.139788282961708,1.13205322627293,1.4142135623731
"20","S_1237_S377",1.27184150923463,0.190285465917755,0," 20","1"," 20",-1.56880864798728,0.266023374632568,-1.37852318206953,0,0
"21","S_129_S310",1.27184150923463,-0.233565254494211,0," 21","1"," 21",-1.3266023628965,0.311420672484758,-1.56016761739071,0,0
"22","S_1305_S246",1.27184150923463,0.342011945199203,0," 22","1"," 22",-0.135347181687756,0.290926863638886,0.206664763511447,1.47850627274608,1.77827941003892
"23","S_130_S333",1.27184150923463,-0.143519768849263,0," 23","1"," 23",-1.00396787704071,0.298439439200319,-1.14748764588997,0.124353863344659,0
"24","S_1315_S322",1.27184150923463,0.182667341180359,0," 24","1"," 24",-0.031620058362303,0.310079625165601,0.151047282818056,1.42288879205269,1.49534878122122
"25","S_1317_S208",1.27184150923463,0.0379788537744448,0," 25","1"," 25",0.0208257314781509,0.265341318553074,0.0588045852525957,1.33064609448723,1.49534878122122
"26","S_1324_S206",1.27184150923463,0.129139622414528,0," 26","1"," 26",0.560066123286495,0.296792422763563,0.689205745701023,1.96104725493566,2.11474252688113
"27","S_1328_S372",1.27184150923463,0.173897778225752,0," 27","1"," 27",0.893360149296301,0.282322561701625,1.06725792752205,2.33909943675669,2.34034731932072
"28","S_1343_S366",1.27184150923463,0.210236194650199,0," 28","1"," 28",-0.41237074405816,0.274851385995365,-0.20213454940796,1.06970695982667,1
"29","S_137_S285",1.27184150923463,-0.0993642349801644,0," 29","1"," 29",-0.147520064074966,0.284486789867844,-0.246884299055131,1.0249572101795,1
"30","S_1383_S323",1.27184150923463,-0.118852463552775,0," 30","1"," 30",-0.051210907592725,0.46461855644213,-0.1700633711455,1.10177813808913,1.10668191970032
"31","S_1404_S202",1.27184150923463,-0.0623988997743457,0," 31","1"," 31",-0.698840709430128,0.26321984194548,-0.761239609204474,0.510601900030161,0
"32","S_1407_S312",1.27184150923463,0.0746664230150953,0," 32","1"," 32",-0.270110117045981,0.286041960803472,-0.195443694030886,1.07639781520375,1.31607401295249
"33","S_140_S320",1.27184150923463,-0.0712804586572002,0," 33","1"," 33",0.879343544405943,0.28327065557727,0.808063085748743,2.07990459498338,2.51486685936587
"34","S_1423_S318",1.27184150923463,0.232057488080018,0," 34","1"," 34",0.533138415749411,0.291632761515804,0.76519590382943,2.03703741306406,2.51486685936587
"35","S_1430_S329",1.27184150923463,0.0494834671692242,0," 35","1"," 35",-0.364315281674225,0.269073533229819,-0.314831814505001,0.957009694729633,1.4142135623731
"36","S_1431_S278",1.27184150923463,0.0288224058035559,0," 36","1"," 36",-0.926179529545608,0.291223332287598,-0.897357123742052,0.374484385492582,0
"37","S_1437_S292",1.27184150923463,0.0634401895593217,0," 37","1"," 37",-0.559036315741999,0.282342513651635,-0.495596126182677,0.776245383051958,1.18920711500272
"38","S_1441_S235",1.27184150923463,-0.00510181126121745,0," 38","1"," 38",0.058363665109161,0.288941718232469,0.0532618538479435,1.32510336308258,1.96798967126543
"39","S_1442_S328",1.27184150923463,0.150057269588736,0," 39","1"," 39",-1.00957835100547,0.29433258666649,-0.859521081416736,0.412320427817898,0
"40","S_1452_S275",1.27184150923463,0.176116022496729,0," 40","1"," 40",0.412286758209634,0.283455917526725,0.588402780706363,1.860244289941,1.49534878122122
"41","S_1472_S295",1.27184150923463,0.210384052525543,0," 41","1"," 41",-1.23861523262462,0.276560611449645,-1.02823118009908,0.243610329135557,0
"42","S_1488_S316",1.27184150923463,0.113729074389527,0," 42","1"," 42",0.134984217350378,0.267644740099078,0.248713291739906,1.52055480097454,1.62657656169779
"43","S_148_S249",1.27184150923463,0.0260358038129194,0," 43","1"," 43",-0.226464640195717,0.309442238076077,-0.200428836382798,1.07141267285184,1
"44","S_1496_S272",1.27184150923463,0.173647183086186,0," 44","1"," 44",1.08421108007783,0.29119609974523,1.25785826316401,2.52969977239865,2.65914794847249
"45","S_150_S251",1.27184150923463,-0.178322746003436,0," 45","1"," 45",0.311412418972586,0.304119214211823,0.13308967296915,1.40493118220378,1.31607401295249
"46","S_1513_S327",1.27184150923463,0.088055672965593,0," 46","1"," 46",-1.09114572858223,0.317001122356502,-1.00309005561664,0.268751453617996,0
"47","S_1518_S240",1.27184150923463,0.0323758203495106,0," 47","1"," 47",-0.317911133201835,0.260346333226031,-0.285535312852325,0.98630619638231,1
"48","S_1549_S342",1.27184150923463,0.136821166001531,0," 48","1"," 48",-0.889846053741636,0.297630790825645,-0.753024887740105,0.51881662149453,0
"49","S_1573_S236",1.27184150923463,0.0476301213039343,0," 49","1"," 49",-0.13563505772127,0.283241699974481,-0.0880049364173353,1.1838365728173,1
"50","S_1584_S296",1.27184150923463,0.102637247625878,0," 50","1"," 50",0.511368241370267,0.282610182723386,0.614005488996144,1.88584699823078,2.21336383940064
"51","S_1599_S343",1.27184150923463,0.293727622341939,0," 51","1"," 51",0.897928838024772,0.281323133701664,1.19165646036671,2.46349796960135,2.65914794847249
"52","S_1619_S303",1.27184150923463,0.162473799154709,0," 52","1"," 52",0.484410787018087,0.297718847159634,0.646884586172796,1.91872609540743,1.77827941003892
"53","S_1621_S339",1.27184150923463,0.195512269297082,0," 53","1"," 53",0.931795665461896,0.273818843962763,1.12730793475898,2.39914944399361,2.54572989502183
"54","S_1623_S378",1.27184150923463,0.250512382243545,0," 54","1"," 54",-0.190596351461213,0.249524413106094,0.0599160307823315,1.33175754001697,1.65487545982344
"55","S_1629_S373",1.27184150923463,0.193168805746673,0," 55","1"," 55",0.874092171110938,0.26637123926207,1.06726097685761,2.33910248609224,1.77827941003892
"56","S_1631_S361",1.27184150923463,0.194859866874837,0," 56","1"," 56",0.684735271307437,0.270130342507733,0.879595138182274,2.15143664741691,2.65914794847249
"57","S_1637_S325",1.27184150923463,0.0194605330897099,0," 57","1"," 57",0.719916401707449,0.277438082021836,0.739376934797159,2.01121844403179,2.44948974278318
"58","S_1639_S204",1.27184150923463,0.0346540076893437,0," 58","1"," 58",-0.161864048059086,0.273122805322777,-0.127210040369742,1.14463146886489,1.31607401295249
"59","S_1643_S375",1.27184150923463,-0.00275546972268964,0," 59","1"," 59",-0.207007467791738,0.286454144200588,-0.209762937514427,1.06207857172021,1
"60","S_1649_S331",1.27184150923463,-0.0332701453944518,0," 60","1"," 60",0.218714038104319,0.291824191594645,0.185443892709867,1.4572854019445,1.49534878122122
"61","S_1653_S294",1.27184150923463,0.0447084550617362,0," 61","1"," 61",-0.192639646189484,0.281064263768121,-0.147931191127747,1.12391031810689,1
"62","S_165_S284",1.27184150923463,-0.128951639594385,0," 62","1"," 62",0.598086413371105,0.265697237518423,0.46913477377672,1.74097628301135,1.49534878122122
"63","S_1677_S221",1.27184150923463,-0.025924092154755,0," 63","1"," 63",-0.849110534024699,0.258734247407595,-0.875034626179454,0.396806883055181,0
"64","S_1683_S338",1.27184150923463,-0.0862731953952915,0," 64","1"," 64",0.0153394692324276,0.27594654794299,-0.070933726162864,1.20090778307177,1.18920711500272
"65","S_1689_S192",1.27184150923463,-0.0346250139628411,0," 65","1"," 65",-0.834660000356979,0.295336689464819,-0.86928501431982,0.402556494914814,0
"66","S_1699_S367",1.27184150923463,0.261463285806451,0," 66","1"," 66",-0.176792597677708,0.258012712754407,0.084670688128743,1.35651219736338,1.18920711500272
"67","S_171_S219",1.27184150923463,-0.102349091428645,0," 67","1"," 67",0.956171820897635,0.292301428968289,0.85382272946899,2.12566423870362,2.59002006411135
"68","S_1723_S369",1.27184150923463,0.0407453234308856,0," 68","1"," 68",0.0175149754251288,0.274361516785586,0.0582602988560144,1.33010180809065,1.4142135623731
"69","S_1728_S376",1.27184150923463,0.0107492222471536,0," 69","1"," 69",1.20564009947337,0.286426714937828,1.21638932172052,2.48823083095515,2.78315768371374
"70","S_1736_S359",1.27184150923463,0.0922297851067671,0," 70","1"," 70",0.609962984661145,0.2726123163463,0.702192769767912,1.97403427900255,1.96798967126543
"71","S_1742_S357",1.27184150923463,0.0466840244388525,0," 71","1"," 71",0.318883430415881,0.293517476001982,0.365567454854733,1.63740896408937,1.8612097182042
"72","S_1749_S247",1.27184150923463,0.095211412591086,0," 72","1"," 72",0.127204868189296,0.277653752979917,0.222416280780382,1.49425779001502,1
"73","S_1779_S226",1.27184150923463,0.00997234962947267,0," 73","1"," 73",1.03750558758714,0.267229925903577,1.04747793721661,2.31931944645124,2.65914794847249
"74","S_1810_S213",1.27184150923463,0.182386501163785,0," 74","1"," 74",0.451659995067458,0.320053256906101,0.634046496231243,1.90588800546588,1.8612097182042
"75","S_1813_S253",1.27184150923463,0.0138721205021134,0," 75","1"," 75",0.319045731815226,0.282061825796923,0.33291785231734,1.60475936155197,1.56508458007329
"76","S_1817_S210",1.27184150923463,-0.0766094242880688,0," 76","1"," 76",0.557428508604195,0.290333938004804,0.480819084316126,1.75266059355076,2.34034731932072
"77","S_1818_S238",1.27184150923463,-0.0092069345618474,0," 77","1"," 77",-0.464913408057085,0.282883552242842,-0.474120342618933,0.797721166615702,0
"78","S_1825_S198",1.27184150923463,0.0911264953342955,0," 78","1"," 78",-0.129757076476176,0.300995675651065,-0.0386305811418807,1.23321092809275,1.49534878122122
"79","S_1837_S256",1.27184150923463,0.152347294520487,0," 79","1"," 79",0.739259261934474,0.282995042342563,0.891606556454961,2.1634480656896,2.78315768371374
"80","S_1839_S299",1.27184150923463,0.0321086979426644,0," 80","1"," 80",0.526480944850894,0.311800950454226,0.558589642793558,1.83043115202819,2.21336383940064
"81","S_183_S263",1.27184150923463,-0.0492992032746283,0," 81","1"," 81",0.913888842262213,0.302944032682304,0.864589638987585,2.13643114822222,2.65914794847249
"82","S_1841_S250",1.27184150923463,0.0475569042863052,0," 82","1"," 82",-0.694831295882737,0.274990441672462,-0.647274391596432,0.624567117638202,0
"83","S_1865_S374",1.27184150923463,-0.0147154657515414,0," 83","1"," 83",1.01035044675299,0.273803166497353,0.995634981001445,2.26747649023608,2.21336383940064
"84","S_1874_S244",1.27184150923463,0.0688425987540584,0," 84","1"," 84",1.20013047878502,0.289521488230716,1.26897307753908,2.54081458677371,2.34034731932072
"85","S_1877_S262",1.27184150923463,0.0186248792708621,0," 85","1"," 85",1.03893294041959,0.288850667852818,1.05755781969046,2.32939932892509,2.78315768371374
"86","S_1899_S193",1.27184150923463,0.0815854681224327,0," 86","1"," 86",0.300158582955784,0.272303950571334,0.381744051078216,1.65358556031285,1.62657656169779
"87","S_1900_S242",1.27184150923463,0.118670965695837,0," 87","1"," 87",0.152681566688846,0.274323957321563,0.271352532384683,1.54319404161932,1.56508458007329
"88","S_1936_S218",1.27184150923463,-0.0887487654142315,0," 88","1"," 88",0.0387203610256484,0.28663422646293,-0.0500284043885832,1.22181310484605,1.18920711500272
"89","S_1952_S293",1.27184150923463,-0.0838617974544026,0," 89","1"," 89",-0.00409960134534204,0.284895074830425,-0.0879613987997446,1.18388011043489,1.18920711500272
"90","S_1969_S291",1.27184150923463,-0.0897885667765886,0," 90","1"," 90",0.249176413977612,0.299979389345291,0.159387847201023,1.43122935643566,1.31607401295249
"91","S_1973_S267",1.27184150923463,-0.130292906503219,0," 91","1"," 91",1.4567477170089,0.296351271711669,1.32645481050568,2.59829631974032,2.89250760851908
"92","S_197_S207",1.27184150923463,-0.0934782529224551,0," 92","1"," 92",-0.403408685965841,0.287066312399371,-0.496886938888296,0.774954570346339,1.4142135623731
"93","S_198_S304",1.27184150923463,-0.109552386645627,0," 93","1"," 93",-0.971800523641286,0.287919002623777,-1.08135291028691,0.190488598947722,0
"94","S_2010_S200",1.27184150923463,-0.169171690282398,0," 94","1"," 94",-0.871787941701904,0.299694040378319,-1.0409596319843,0.230881877250333,0
"95","S_2014_S264",1.27184150923463,-0.138224485643016,0," 95","1"," 95",-0.387663722311848,0.308605200654624,-0.525888207954864,0.745953301279771,1.25743342968294
"96","S_2015_S266",1.27184150923463,-0.212017420649236,0," 96","1"," 96",-0.712564233637802,0.285409433414932,-0.924581654287038,0.347259854947596,0
"97","S_2037_S371",1.27184150923463,-0.0481373987388185,0," 97","1"," 97",-0.760890831758889,0.290273835258556,-0.809028230497707,0.462813278736927,0
"98","S_2073_S215",1.27184150923463,0.0748492467400667,0," 98","1"," 98",0.314425417337843,0.318186759912267,0.389274664077909,1.66111617331254,1.49534878122122
"99","S_2099_S335",1.27184150923463,-0.0497878389437729,0," 99","1"," 99",-0.218435700566401,0.30197334992364,-0.268223539510174,1.00361796972446,0.840896415253715
"100","S_209_S379",1.27184150923463,0.39155737177339,0,"100","1","100",-1.45858705968414,0.285257985340838,-1.06702968791075,0.204811821323889,0
"101","S_2103_S301",1.27184150923463,-0.0264253037712405,0,"101","1","101",0.151770906683637,0.317249297257709,0.125345602912397,1.39718711214703,2.34034731932072
"102","S_2104_S224",1.27184150923463,-0.0287422526892963,0,"102","1","102",-0.299251904397006,0.316318753638515,-0.327994157086302,0.943847352148332,1.31607401295249
"103","S_2105_S269",1.27184150923463,0.0536987178938862,0,"103","1","103",-0.605361298552557,0.289992019623933,-0.551662580658671,0.720178928575964,0
"104","S_2107_S349",1.27184150923463,-0.169178093491893,0,"104","1","104",-0.0175752361555565,0.309075892376498,-0.18675332964745,1.08508817958718,1.18920711500272
"105","S_2115_S280",1.27184150923463,-0.0904420307324288,0,"105","1","105",-0.0951774872624994,0.401768904359309,-0.185619517994928,1.08622199123971,2.34034731932072
"106","S_2116_S350",1.27184150923463,-0.0710027577360411,0,"106","1","106",0.0822591695150845,0.28626498195559,0.0112564117790434,1.28309792101368,1.31607401295249
"107","S_2135_S234",1.27184150923463,-0.106121434490612,0,"107","1","107",-0.108660873208984,0.299490437312967,-0.214782307699596,1.05705920153504,1.31607401295249
"108","S_2140_S363",1.27184150923463,-0.194744513383479,0,"108","1","108",-1.05843053646558,0.292518836049759,-1.25317504984906,0.0186664593855737,0
"109","S_2145_S212",1.27184150923463,-0.0909913865414163,0,"109","1","109",-0.828183941715761,0.296765198301566,-0.919175328257178,0.352666180977457,0
"110","S_2155_S383",1.27184150923463,-0.205638685975277,0,"110","1","110",0.221938563222543,0.292909316041451,0.0162998772472654,1.2881413864819,1.4142135623731
"111","S_2187_S360",1.27184150923463,-0.0665772245233375,0,"111","1","111",0.299165735679115,0.279336139614266,0.232588511155777,1.50443002039041,1.96798967126543
"112","S_2192_S307",1.27184150923463,-0.0963757444200379,0,"112","1","112",-0.117352670779757,0.296276141853515,-0.213728415199795,1.05811309403484,1.31607401295249
"113","S_2193_S216",1.27184150923463,-0.00462699747643303,0,"113","1","113",0.32219427433555,0.28909134565057,0.317567276859117,1.58940878609375,1.65487545982344
"114","S_2201_S214",1.27184150923463,-0.260117610662397,0,"114","1","114",-1.02965054561096,0.324265477471661,-1.28976815627336,0,0
"115","S_2203_S277",1.27184150923463,-0.181976090341251,0,"115","1","115",-0.717099251334969,0.312086180000222,-0.899075341676219,0.372766167558415,0
"116","S_2212_S230",1.27184150923463,-0.0754982780145833,0,"116","1","116",-0.872583649517471,0.283277466561593,-0.948081927532054,0.32375958170258,0
"117","S_2214_S290",1.27184150923463,-0.0583958465390204,0,"117","1","117",-0.114560512361098,0.291391085643077,-0.172956358900118,1.09888515033452,1.4142135623731
"118","S_2226_S298",1.27184150923463,-0.118813795260097,0,"118","1","118",0.380351184745568,0.283631346584945,0.261537389485471,1.53337889872011,2.21336383940064
"119","S_2228_S346",1.27184150923463,-0.0690484567401682,0,"119","1","119",-0.806970334528314,0.282930398143253,-0.876018791268482,0.395822717966153,0
"120","S_2232_S273",1.27184150923463,0.0152568566444976,0,"120","1","120",0.391113483878744,0.313691325898472,0.406370340523241,1.67821184975788,1.31607401295249
"121","S_2271_S195",1.27184150923463,-0.152649893800803,0,"121","1","121",0.293798782156742,0.331165524911385,0.141148888355939,1.41299039759057,1.49534878122122
"122","S_2299_S281",1.27184150923463,0.383125305431588,0,"122","1","122",0.482113558457522,0.304537147477096,0.86523886388911,2.13708037312374,2.65914794847249
"123","S_2302_S259",1.27184150923463,0.380210590920135,0,"123","1","123",0.400740342661685,0.309215406650637,0.78095093358182,2.05279244281645,2.23606797749979
"124","S_2307_S288",1.27184150923463,0.344302009027918,0,"124","1","124",0.452139219628941,0.287047429039551,0.796441228656859,2.06828273789149,2.69178163547765
"125","S_2319_S337",1.27184150923463,0.00117109696759263,0,"125","1","125",-0.998059894254343,0.280161819301403,-0.99688879728675,0.274952711947884,0
"126","S_231_S260",1.27184150923463,0.477884471667727,0,"126","1","126",0.449973795195265,0.323828317328701,0.927858266862992,2.19969977609763,2.11474252688113
"127","S_2323_S355",1.27184150923463,0.333117126398478,0,"127","1","127",-0.604635543497128,0.284899011002964,-0.27151841709865,1.00032309213598,1.25743342968294
"128","S_2351_S197",1.27184150923463,0.198802908407333,0,"128","1","128",-1.35480930822663,0.27418274940991,-1.1560063998193,0.115835109415338,0
"129","S_2358_S289",1.27184150923463,0.131137570503912,0,"129","1","129",-0.0727304633231243,0.274379005342893,0.058407107180788,1.33024861641542,1.49534878122122
"130","S_2370_S336",1.27184150923463,0.350238796723935,0,"130","1","130",-0.887085131782196,0.284498494628455,-0.536846335058261,0.734995174176373,1
"131","S_2375_S268",1.27184150923463,0.390169590989148,0,"131","1","131",0.769771090123271,0.289778567021148,1.15994068111242,2.43178219034705,2.51486685936587
"132","S_2395_S194",1.27184150923463,0.396976144382744,0,"132","1","132",-0.0924914827826155,0.315931529758171,0.304484661600128,1.57632617083476,1.56508458007329
"133","S_242_S324",1.27184150923463,0.326478085421001,0,"133","1","133",-1.30403229611578,0.291313230635167,-0.977554210694776,0.294287298539858,0
"134","S_248_S252",1.27184150923463,0.376417897499002,0,"134","1","134",-0.0531244992710271,0.281661917667636,0.323293398227974,1.59513490746261,1.77827941003892
"135","S_261_S368",1.27184150923463,0.0101503909319732,0,"135","1","135",0.295649914885303,0.294908314008964,0.305800305817276,1.57764181505191,1.96798967126543
"136","S_269_S228",1.27184150923463,0.0839239108894736,0,"136","1","136",-0.369181874026761,0.280806584474095,-0.285257963137288,0.986583546097347,0.840896415253715
"137","S_272_S326",1.27184150923463,0.0642102358743871,0,"137","1","137",0.455378078964134,0.292629852299594,0.519588314838521,1.79142982407316,2.11474252688113
"138","S_285_S191",1.27184150923463,0.0587987823179288,0,"138","1","138",0.871491688003514,0.257631331037962,0.930290470321443,2.20213197955608,2.05976714390712
"139","S_28_S364",1.27184150923463,-0.137781718950342,0,"139","1","139",-0.93513797539192,0.286943621968788,-1.07291969434226,0.198921814892373,0
"140","S_294_S317",1.27184150923463,0.429100562000383,0,"140","1","140",-1.38004114766166,0.298799499081259,-0.95094058566128,0.320900923573354,0
"141","S_298_S354",1.27184150923463,0.378346083252893,0,"141","1","141",0.306823804670006,0.30630868129961,0.685169887922899,1.95701139715753,2.11474252688113
"142","S_304_S341",1.27184150923463,0.262644496881162,0,"142","1","142",-1.15567336816187,0.272260949908717,-0.893028871280704,0.378812637953931,0
"143","S_325_S347",1.27184150923463,0.00966132113846957,0,"143","1","143",-1.1837227670001,0.270819410340295,-1.17406144586163,0.0977800633730033,0
"144","S_381_S205",1.27184150923463,-0.14232760732811,0,"144","1","144",1.34369544088643,0.283341278271184,1.20136783355832,2.47320934279295,2.65914794847249
"145","S_382_S276",1.27184150923463,-0.0661601835897742,0,"145","1","145",1.05855860871587,0.312653813982166,0.992398425126092,2.26423993436073,2.89250760851908
"146","S_389_S330",1.27184150923463,-0.0433535049247572,0,"146","1","146",0.789739780502853,0.278828197768378,0.746386275578096,2.01822778481273,2.23606797749979
"147","S_394_S237",1.27184150923463,-0.113876161724124,0,"147","1","147",-0.859265871203095,0.292418728765574,-0.97314203292722,0.298699476307415,0
"148","S_398_S239",1.27184150923463,-0.093772178888495,0,"148","1","148",0.603982284808432,0.270246176907697,0.510210105919937,1.78205161515457,1.49534878122122
"149","S_402_S309",1.27184150923463,-0.0777286534714968,0,"149","1","149",0.300309537245479,0.280303778233408,0.222580883773983,1.49442239300862,1.31607401295249
"150","S_415_S222",1.27184150923463,-0.158037784926663,0,"150","1","150",-1.11518312914248,0.320418054247471,-1.27322091406914,0,0
"151","S_421_S358",1.27184150923463,-0.0750831311425339,0,"151","1","151",-0.164739825222608,0.281657966270029,-0.239822956365142,1.03201855286949,1.31607401295249
"152","S_437_S233",1.27184150923463,-0.151130924302027,0,"152","1","152",0.278445157832174,0.301612548346897,0.127314233530147,1.39915574276478,1.18920711500272
"153","S_449_S352",1.27184150923463,-0.0416455353408541,0,"153","1","153",0.444879992876606,0.292318821469495,0.403234457535752,1.67507596677039,2.05976714390712
"154","S_451_S261",1.27184150923463,-0.173370308753013,0,"154","1","154",-0.947183940754983,0.306769404617716,-1.120554249508,0.151287259726639,0
"155","S_471_S344",1.27184150923463,-0.128691134629142,0,"155","1","155",-0.714411414874508,0.29600708209906,-0.84310254950365,0.428738959730985,0
"156","S_473_S362",1.27184150923463,0.00884162744311856,0,"156","1","156",0.342981826698107,0.301743027377205,0.351823454141226,1.62366496337586,1.56508458007329
"157","S_477_S225",1.27184150923463,-0.125025867977504,0,"157","1","157",-0.49464130384036,0.437731296321683,-0.619667171817864,0.652174337416771,0
"158","S_494_S382",1.27184150923463,-0.16923418662647,0,"158","1","158",0.477025786941169,0.301026873109751,0.307791600314699,1.57963310954933,1.49534878122122
"159","S_496_S381",1.27184150923463,-0.229883559929497,0,"159","1","159",0.738628817831555,0.301232936550084,0.508745257902058,1.78058676713669,2.17793858734643
"160","S_499_S265",1.27184150923463,-0.0990887044184087,0,"160","1","160",1.14112415323322,0.277912496624252,1.04203544881481,2.31387695804944,2.05976714390712
"161","S_4_S313",1.27184150923463,0.0562312586488699,0,"161","1","161",1.18781508187367,0.278922231745101,1.24404634052254,2.51588784975718,2.78315768371374
"162","S_525_S305",1.27184150923463,-0.0310382630032191,0,"162","1","162",-0.40252626556365,0.268140143599126,-0.433564528566869,0.838276980667765,0
"163","S_529_S314",1.27184150923463,-0.0714268991342098,0,"163","1","163",0.111320075339377,0.27592595330489,0.0398931762051676,1.3117346854398,1.18920711500272
"164","S_550_S257",1.27184150923463,-0.0780852654135465,0,"164","1","164",1.23993624098894,0.281610045006601,1.1618509755754,2.43369248481003,2.94283095638271
"165","S_552_S308",1.27184150923463,-0.0479152821695738,0,"165","1","165",0.203085313015546,0.288093731044613,0.155170030845972,1.42701154008061,1.31607401295249
"166","S_564_S211",1.27184150923463,-0.0560337357441986,0,"166","1","166",0.0949619485416554,0.299583363031721,0.0389282127974568,1.31076972203209,1.73205080756888
"167","S_572_S203",1.27184150923463,-0.298503101508972,0,"167","1","167",-0.84952141716798,0.30376427640765,-1.14802451867695,0.123816990557682,0
"168","S_597_S255",1.27184150923463,-0.159391478531265,0,"168","1","168",0.793950270304272,0.303023661943931,0.634558791773007,1.90640030100764,1.8612097182042
"169","S_652_S232",1.27184150923463,0.360100335762539,0,"169","1","169",0.804107816115348,0.285061599794052,1.16420815187789,2.43604966111252,2.51486685936587
"170","S_66_S321",1.27184150923463,0.0924522559483045,0,"170","1","170",0.453579837462448,0.278018847724657,0.546032093410752,1.81787360264539,2.65914794847249
"171","S_699_S356",1.27184150923463,0.396578961355746,0,"171","1","171",-0.250162067770372,0.294150411945753,0.146416893585374,1.41825840282001,1.49534878122122
"172","S_6_S348",1.27184150923463,0.0685575763292138,0,"172","1","172",0.211116414694357,0.302637190197804,0.279673991023571,1.55151550025821,1.49534878122122
"173","S_701_S340",1.27184150923463,0.392575062854408,0,"173","1","173",0.347907455170364,0.292742978310148,0.740482518024773,2.01232402725941,2.11474252688113
"174","S_704_S282",1.27184150923463,0.260452377348216,0,"174","1","174",0.752817891416276,0.278263683680598,1.01327026876449,2.28511177799913,2.34034731932072
"175","S_716_S283",1.27184150923463,0.337030459081317,0,"175","1","175",0.379056510514976,0.304188683119325,0.716086969596293,1.98792847883093,1.8612097182042
"176","S_732_S243",1.27184150923463,0.399915849821016,0,"176","1","176",0.580578906391778,0.317425187186929,0.980494756212794,2.25233626544743,2.54572989502183
"177","S_737_S201",1.27184150923463,0.297770942892082,0,"177","1","177",0.966918182767306,0.285773351212929,1.26468912565939,2.53653063489402,2.73861278752583
"178","S_769_S220",1.27184150923463,0.363940855312648,0,"178","1","178",-0.916481573105786,0.284224920939253,-0.552540717793137,0.719300791441497,1
"179","S_797_S209",1.27184150923463,0.212014573081797,0,"179","1","179",-0.837208507813445,0.265604091165428,-0.625193934731647,0.646647574502987,0
"180","S_809_S270",1.27184150923463,0.422995694044398,0,"180","1","180",0.481084762958589,0.290785525217045,0.904080457002987,2.17592196623762,2.65914794847249
"181","S_81_S279",1.27184150923463,0.0815047362290538,0,"181","1","181",0.255016351971904,0.282255663475062,0.336521088200958,1.60836259743559,1.56508458007329
"182","S_829_S286",1.27184150923463,0.463045265041929,0,"182","1","182",0.435867544000473,0.313146276880392,0.898912809042403,2.17075431827704,2.11474252688113
"183","S_831_S353",1.27184150923463,0.323944883162067,0,"183","1","183",1.02082537454175,0.283340601079614,1.34477025770382,2.61661176693845,2.65914794847249
"184","S_838_S306",1.27184150923463,0.371868730347881,0,"184","1","184",0.697393775223193,0.279521760917697,1.06926250557107,2.34110401480571,2.23606797749979
"185","S_868_S274",1.27184150923463,0.574789599883445,0,"185","1","185",-0.0297465207082387,0.331047360635602,0.545043079175206,1.81688458840984,1.10668191970032
"186","S_869_S241",1.27184150923463,0.459686885333902,0,"186","1","186",-0.053036551504262,0.300072944795831,0.40665033382964,1.67849184306428,1.56508458007329
"187","S_874_S217",1.27184150923463,0.517002825049594,0,"187","1","187",0.384031042377621,0.318447372473505,0.901033867427215,2.17287537666185,2.34034731932072
"188","S_881_S365",1.27184150923463,0.297099608695281,0,"188","1","188",0.866367556547299,0.282220772287089,1.16346716524258,2.43530867447721,2.78315768371374
"189","S_89_S199",1.27184150923463,-0.144082206379482,0,"189","1","189",-0.517586896159863,0.280609249618066,-0.661669102539345,0.61017240669529,0
"190","S_905_S248",1.27184150923463,0.282235363662434,0,"190","1","190",-0.952634672831041,0.279557073517309,-0.670399309168606,0.601442200066028,0.840896415253715
"191","S_927_S334",1.27184150923463,0.0155461356593963,0,"191","1","191",-0.730033472754533,0.298693640995584,-0.714487337095137,0.557354172139498,0
"192","S_984_S370",1.27184150923463,0.222306295146044,0,"192","1","192",0.135209535415771,0.270942566689033,0.357515830561814,1.62935733979645,1.49534878122122
"193","S_989_S196",1.27184150923463,0.330402398672445,0,"193","1","193",-0.745158802253678,0.271098527373188,-0.414756403581233,0.857085105653402,1.25743342968294
"194","S_9_S300",1.27184150923463,0.118949053953112,0,"194","1","194",1.1943327789913,0.283289710802621,1.31328183294442,2.58512334217905,2.78315768371374
"195","S_1001_S52_L003",1.27184150923463,0.327167926902394,0,"195","1","195",0.779731807967068,0.309225753229717,1.10689973486946,2.3787412441041,2.65914794847249
"196","S_1004_S75_L003",1.27184150923463,0.346323632975302,0,"196","1","196",1.24503854110377,0.308469754082146,1.59136217407908,2.86320368331371,2.89250760851908
"197","S_1010_S144",1.27184150923463,0.269825859113005,0,"197","1","197",0.108695808176688,0.269565206088679,0.378521667289693,1.65036317652433,1.49534878122122
"198","S_1012_S150",1.27184150923463,0.146330943070778,0,"198","1","198",0.406915263970134,0.279129376779419,0.553246207040911,1.82508771627555,2.11474252688113
"199","S_1013_S145",1.27184150923463,0.264862434096536,0,"199","1","199",-0.377391409273638,0.271821688051955,-0.112528975177102,1.15931253405753,1.49534878122122
"200","S_101_S15_L003",1.27184150923463,0.104087634812872,0,"200","1","200",-0.00663411295618527,0.287007109094785,0.097453521856687,1.36929503109132,1
"201","S_1020_S139",1.27184150923463,0.398841132637116,0,"201","1","201",-0.27197673600135,0.295753235197776,0.126864396635766,1.3987059058704,1.22474487139159
"202","S_1022_S29",1.27184150923463,0.117693310361677,0,"202","1","202",0.950111677152516,0.29089660922437,1.06780498751419,2.33964649674883,2.23606797749979
"203","S_1029_S66_L003",1.27184150923463,0.166196833210543,0,"203","1","203",-0.977231613709622,0.315481052584909,-0.811034780499079,0.460806728735555,0
"204","S_1030_S13",1.27184150923463,0.109893191887005,0,"204","1","204",0.49069992164943,0.283037259687813,0.600593113536435,1.87243462277107,2.34034731932072
"205","S_1036_S32",1.27184150923463,0.353273073062627,0,"205","1","205",0.182544645975979,0.286204150321196,0.535817719038605,1.80765922827324,1.77827941003892
"206","S_1041_S151",1.27184150923463,0.235213775726467,0,"206","1","206",1.16419303189976,0.263673632382444,1.39940680762623,2.67124831686086,2.89250760851908
"207","S_1053_S23",1.27184150923463,0.239559942263007,0,"207","1","207",0.408523931071341,0.265238047235265,0.648083873334349,1.91992538256898,2.21336383940064
"208","S_1075_S38",1.27184150923463,0.0214594506597375,0,"208","1","208",0.579224148684067,0.289220581449154,0.600683599343804,1.87252510857844,2.11474252688113
"209","S_1076_S167",1.27184150923463,-0.00496480665236937,0,"209","1","209",0.524232382498518,0.389239127915253,0.519267575846149,1.79110908508078,2.34034731932072
"210","S_107_S16",1.27184150923463,0.0552768712486089,0,"210","1","210",0.697342428322156,0.319452629551652,0.752619299570765,2.0244608088054,2.34034731932072
"211","S_1093_S116",1.27184150923463,0.328590922670128,0,"211","1","211",0.408584682623898,0.298347763331945,0.737175605294027,2.00901711452866,2.34034731932072
"212","S_10_S169",1.27184150923463,0.0336494842650797,0,"212","1","212",0.164292576702588,0.28857433789045,0.197942060967668,1.4697835702023,1.8612097182042
"213","S_1118_S92",1.27184150923463,0.181982988309377,0,"213","1","213",-0.26895961940206,0.30580643343546,-0.0869766310926828,1.18486487814195,1.49534878122122
"214","S_1125_S30_L003",1.27184150923463,0.314933210224178,0,"214","1","214",-1.34400336384673,0.286012810563889,-1.02907015362255,0.242771355612085,0
"215","S_1134_S91",1.27184150923463,0.178871846750961,0,"215","1","215",0.0995118462693209,0.283775158560535,0.278383693020282,1.55022520225492,1.31607401295249
"216","S_1138_S159",1.27184150923463,-0.0117887812630625,0,"216","1","216",0.539014068598676,0.376221178661281,0.527225287335613,1.79906679657025,2.34034731932072
"217","S_113_S7_L003",1.27184150923463,-0.0839454159947057,0,"217","1","217",-0.0137021973003236,0.283902441233285,-0.0976476132950293,1.1741938959396,1.18920711500272
"218","S_1140_S60_L003",1.27184150923463,0.304773572157353,0,"218","1","218",0.317326402219976,0.283433836957279,0.62209997437733,1.89394148361196,2.05976714390712
"219","S_1154_S161",1.27184150923463,0.141533312976041,0,"219","1","219",0.285469875784548,0.30683052742496,0.427003188760588,1.69884469799522,1.96798967126543
"220","S_1160_S11",1.27184150923463,0.188915280454289,0,"220","1","220",1.21127271301965,0.280921127206537,1.40018799347394,2.67202950270857,2.89250760851908
"221","S_1177_S24",1.27184150923463,0.411063329136245,0,"221","1","221",0.219203892853347,0.298643072190891,0.630267221989592,1.90210873122423,1.77827941003892
"222","S_1179_S105",1.27184150923463,0.253051255194757,0,"222","1","222",0.940488659114204,0.304329578199494,1.19353991430896,2.4653814235436,2.51486685936587
"223","S_1200_S164",1.27184150923463,0.0745783042221473,0,"223","1","223",0.494488013788888,0.346125515323988,0.569066318011035,1.84090782724567,2.34034731932072
"224","S_1202_S72_L003",1.27184150923463,0.356764619106202,0,"224","1","224",0.412380652199135,0.292621646221427,0.769145271305338,2.04098678053997,2.51486685936587
"225","S_1203_S53",1.27184150923463,0.255531117802571,0,"225","1","225",-1.23086311318423,0.28590780435171,-0.975331995381655,0.29650951385298,0
"226","S_1210_S120",1.27184150923463,0.286456952733611,0,"226","1","226",-0.254340619941474,0.279356611002963,0.0321163327921374,1.30395784202677,1.25743342968294
"227","S_1213_S95_L003",1.27184150923463,0.0442488546150203,0,"227","1","227",0.626321035609793,0.273028384440921,0.670569890224813,1.94241139945945,2.11474252688113
"228","S_122_S43_L003",1.27184150923463,-0.121106766927817,0,"228","1","228",0.170408180051534,0.418385565382004,0.0493014131237166,1.32114292235835,1.56508458007329
"229","S_1247_S133",1.27184150923463,0.215603868124976,0,"229","1","229",-1.22536532716599,0.287455342797328,-1.00976145904101,0.262080050193621,0
"230","S_1257_S89",1.27184150923463,0.123921064708081,0,"230","1","230",0.0921350857386463,0.272499071684929,0.216056150446727,1.48789765968136,1.49534878122122
"231","S_125_S163",1.27184150923463,-0.0975550453137579,0,"231","1","231",-0.930401453757623,0.301009642185787,-1.02795649907138,0.243885010163253,0
"232","S_1278_S20",1.27184150923463,0.0742157926750134,0,"232","1","232",-0.819134846897373,0.277638554973995,-0.74491905422236,0.526922455012275,0
"233","S_1287_S146",1.27184150923463,0.0998533987625309,0,"233","1","233",0.885568643874879,0.281242605084245,0.98542204263741,2.25726355187204,2.34034731932072
"234","S_1289_S164",1.27184150923463,0.197193728618237,0,"234","1","234",0.874149543196976,0.301958655523815,1.07134327181521,2.34318478104985,2.21336383940064
"235","S_1308_S183",1.27184150923463,-0.0085508461402275,0,"235","1","235",0.23082767972881,0.375555997297395,0.222276833588582,1.49411834282322,1.49534878122122
"236","S_1323_S36",1.27184150923463,0.127061808755379,0,"236","1","236",0.620291814314996,0.284079952180227,0.747353623070375,2.01919513230501,1.96798967126543
"237","S_1326_S53_L003",1.27184150923463,0.282667514808576,0,"237","1","237",1.20074737900585,0.297997366061039,1.48341489381443,2.75525640304906,2.78315768371374
"238","S_132_S41",1.27184150923463,-0.061066621608971,0,"238","1","238",-0.987308471078572,0.28507453315009,-1.04837509268754,0.223466416547091,0
"239","S_1370_S76",1.27184150923463,0.13478377102968,0,"239","1","239",-1.35064313181708,0.290379134132704,-1.2158593607874,0.0559821484472389,0
"240","S_1374_S132",1.27184150923463,0.221954513437716,0,"240","1","240",-1.14450058952085,0.281936994229865,-0.922546076083134,0.3492954331515,0
"241","S_1384_S78",1.27184150923463,0.0957974318593129,0,"241","1","241",-0.91023412176568,0.315401596310143,-0.814436689906367,0.457404819328267,0
"242","S_1390_S94",1.27184150923463,0.0910071013880462,0,"242","1","242",0.594389878344555,0.285291238978639,0.685396979732601,1.95723848896724,2.65914794847249
"243","S_1393_S83_L003",1.27184150923463,-0.0111743326685499,0,"243","1","243",-1.08293254957783,0.290729951426084,-1.09410688224638,0.177734626988251,0
"244","S_1395_S102",1.27184150923463,-0.10105620541991,0,"244","1","244",-0.120559363333269,0.295072395148313,-0.22161556875318,1.05022594048145,1.49534878122122
"245","S_1403_S130",1.27184150923463,-0.105305915184364,0,"245","1","245",0.028753649047415,0.298688490075344,-0.076552266136949,1.19528924309769,1.31607401295249
"246","S_1405_S126",1.27184150923463,0.112945456687249,0,"246","1","246",-0.816641601718353,0.296424401729049,-0.703696145031104,0.568145364203531,0
"247","S_1408_S17_L003",1.27184150923463,0.194313016747798,0,"247","1","247",1.13171661184462,0.29212452822526,1.32602962859242,2.59787113782705,2.89250760851908
"248","S_1412_S125",1.27184150923463,0.0504038296919113,0,"248","1","248",-1.0873624940232,0.280812516868948,-1.03695866433128,0.23488284490335,0
"249","S_1413_S10_L003",1.27184150923463,-0.012174142930389,0,"249","1","249",0.0505856815854229,0.276388589620084,0.0384115386550339,1.31025304788967,1.56508458007329
"250","S_141_S188",1.27184150923463,-0.0998566572417513,0,"250","1","250",-0.382055477846476,0.294063139031156,-0.481912135088227,0.789929374146407,1
"251","S_1434_S73_L003",1.27184150923463,0.0483778435277364,0,"251","1","251",-1.0610077455428,0.299842470530834,-1.01262990201506,0.259211607219572,0
"252","S_1443_S64_L003",1.27184150923463,0.199622198737864,0,"252","1","252",-0.21961787757045,0.305462875651709,-0.0199956788325857,1.25184583040205,1.56508458007329
"253","S_1462_S171",1.27184150923463,-0.0868045385028673,0,"253","1","253",0.857012731926559,0.283195766169537,0.770208193423692,2.04204970265833,2.05976714390712
"254","S_1464_S64",1.27184150923463,-0.0756903234840493,0,"254","1","254",0.280581292513019,0.271743134694302,0.20489096902897,1.4767324782636,1.25743342968294
"255","S_1467_S106",1.27184150923463,0.306766467771025,0,"255","1","255",-0.157685823956069,0.280193257843069,0.149080643814956,1.42092215304959,1.56508458007329
"256","S_1468_S139",1.27184150923463,0.0895340975289363,0,"256","1","256",0.100250997620937,0.305566638343567,0.189785095149873,1.46162660438451,1.56508458007329
"257","S_1479_S2_L003",1.27184150923463,-0.0350325324771068,0,"257","1","257",-0.314230905982785,0.281291735079046,-0.349263438459892,0.922578070774742,1.31607401295249
"258","S_147_S19",1.27184150923463,-0.0785073607554576,0,"258","1","258",0.558558502149301,0.285325037403826,0.480051141393844,1.75189265062848,1.49534878122122
"259","S_14_S3",1.27184150923463,-0.0704623414897962,0,"259","1","259",-0.731621455875366,0.300572779508464,-0.802083797365162,0.469757711869472,0
"260","S_1506_S61",1.27184150923463,0.193924949426605,0,"260","1","260",-1.0484784253307,0.28681092823381,-0.854553475904098,0.417288033330536,0
"261","S_1516_S148",1.27184150923463,-0.0927477358170599,0,"261","1","261",0.22810513204132,0.428957865155082,0.13535739622426,1.40719890545889,1.73205080756888
"262","S_151_S93",1.27184150923463,-0.140618780422328,0,"262","1","262",-0.407904836166791,0.303255441321637,-0.548523616589119,0.723317892645516,0
"263","S_1521_S18",1.27184150923463,0.118731827907787,0,"263","1","263",0.170311437243713,0.286173584014606,0.2890432651515,1.56088477438613,2.11474252688113
"264","S_1528_S47",1.27184150923463,0.0134375890186153,0,"264","1","264",0.800161856493465,0.29647542397234,0.81359944551208,2.08544095474671,2.11474252688113
"265","S_1531_S31_L003",1.27184150923463,0.0265385217953299,0,"265","1","265",-0.527399477850676,0.295427857385236,-0.500860956055346,0.770980553179289,0
"266","S_1532_S117",1.27184150923463,0.0885133112301567,0,"266","1","266",1.39806599029556,0.290969461758846,1.48657930152572,2.75842081076036,2.65914794847249
"267","S_1542_S44",1.27184150923463,0.0437230921331574,0,"267","1","267",-0.965453039207638,0.279403128611778,-0.921729947074481,0.350111562160154,0
"268","S_154_S162",1.27184150923463,-0.0706263525978976,0,"268","1","268",0.347611948757244,0.280876079172658,0.276985596159346,1.54882710539398,1.65487545982344
"269","S_1552_S185",1.27184150923463,0.0804378463882958,0,"269","1","269",-0.3693502763992,0.281283872366608,-0.288912430010905,0.98292907922373,1.31607401295249
"270","S_1561_S52",1.27184150923463,-0.0876651228104399,0,"270","1","270",0.307572251796981,0.291948852038378,0.219907128986541,1.49174863822118,1.25743342968294
"271","S_1565_S74_L003",1.27184150923463,-0.0617037222919414,0,"271","1","271",0.330788202560553,0.283434253654928,0.269084480268611,1.54092598950325,1.4142135623731
"272","S_1567_S13_L003",1.27184150923463,-0.0470444128366679,0,"272","1","272",0.123787964663413,0.285963002205281,0.0767435518267448,1.34858506106138,1.49534878122122
"273","S_159_S190",1.27184150923463,-0.032394440509523,0,"273","1","273",1.01637751014524,0.286576424582662,0.983983069635713,2.25582457887035,2.34034731932072
"274","S_1604_S168",1.27184150923463,0.155110504564428,0,"274","1","274",0.900202692473294,0.273991705886218,1.05531319703772,2.32715470627236,2.44948974278318
"275","S_1620_S26",1.27184150923463,0.00284581748725474,0,"275","1","275",-0.768447348439394,0.280921279795016,-0.765601530952139,0.506239978282495,0
"276","S_1651_S111",1.27184150923463,0.136439037449745,0,"276","1","276",0.424730800517326,0.27754630851352,0.561169837967071,1.83301134720171,1.49534878122122
"277","S_1660_S143",1.27184150923463,0.302222930554043,0,"277","1","277",0.534606597690602,0.303052410361492,0.836829528244644,2.10867103747928,2.51486685936587
"278","S_1674_S49_L003",1.27184150923463,0.0618258363004965,0,"278","1","278",0.00365372862231733,0.256738078853548,0.0654795649228138,1.33732107415745,1.25743342968294
"279","S_1675_S175",1.27184150923463,-0.0168053805037117,0,"279","1","279",0.111593646014856,0.263733346893816,0.0947882655111441,1.36662977474578,1.4142135623731
"280","S_1678_S107",1.27184150923463,0.016284704163143,0,"280","1","280",-0.0430029097323104,0.252124443613848,-0.0267182055691674,1.24512330366547,1.31607401295249
"281","S_1687_S90_L003",1.27184150923463,-0.0523807441094332,0,"281","1","281",-0.958832077579867,0.279310081697094,-1.0112128216893,0.260628687545334,0
"282","S_1691_S141",1.27184150923463,-0.0153567170123053,0,"282","1","282",-0.142764260340989,0.273250084567143,-0.158120977353294,1.11372053188134,1.39157884185687
"283","S_1697_S147",1.27184150923463,-0.152344032724779,0,"283","1","283",0.268717243278901,0.461454826401958,0.116373210554122,1.38821471978876,1.49534878122122
"284","S_169_S27",1.27184150923463,-0.0888976835000318,0,"284","1","284",0.288448798491912,0.290656125216753,0.19955111499188,1.47139262422652,1.31607401295249
"285","S_16_S56_L003",1.27184150923463,-0.000429502220657768,0,"285","1","285",0.634030316417791,0.27748626988385,0.633600814197133,1.90544232343177,2.23606797749979
"286","S_1725_S144",1.27184150923463,-0.110830475283693,0,"286","1","286",-0.0543676883268722,0.454953715458236,-0.165198163610566,1.10664334562407,0.840896415253715
"287","S_1727_S30",1.27184150923463,-0.0385586151707222,0,"287","1","287",0.0719600402001048,0.283069485964729,0.0334014250293826,1.30524293426402,1.25743342968294
"288","S_1735_S172",1.27184150923463,0.069241056367509,0,"288","1","288",0.523601521955611,0.288412811921154,0.59284257832312,1.86468408755775,1.56508458007329
"289","S_1740_S146",1.27184150923463,0.0122794789093886,0,"289","1","289",0.38299960371358,0.342181553290434,0.395279082622968,1.6671205918576,1.91682931273882
"290","S_1747_S48_L003",1.27184150923463,0.0769624897531629,0,"290","1","290",-0.132157439421763,0.282905514251414,-0.0551949496686001,1.21664655956603,1.49534878122122
"291","S_1753_S75",1.27184150923463,0.00876077587572177,0,"291","1","291",0.373002326504955,0.276639732883383,0.381763102380676,1.65360461161531,1.49534878122122
"292","S_1755_S134",1.27184150923463,-0.064085320964994,0,"292","1","292",-0.0290823337021485,0.280353389498839,-0.0931676546671424,1.17867385456749,1
"293","S_1757_S61_L003",1.27184150923463,0.0247461363917735,0,"293","1","293",0.534986615137632,0.285520039343082,0.559732751529406,1.83157426076404,1.96798967126543
"294","S_177_S62",1.27184150923463,-0.175684261769304,0,"294","1","294",0.107490194507714,0.290741973746722,-0.0681940672615895,1.20364744197304,1.49534878122122
"295","S_1780_S45_L003",1.27184150923463,-0.074252904824462,0,"295","1","295",0.439374166182313,0.294139194823878,0.365121261357851,1.63696277059249,1.8612097182042
"296","S_1781_S84",1.27184150923463,-0.165840165345026,0,"296","1","296",0.462048735055253,0.416183562220494,0.296208569710227,1.56805007894486,1.96798967126543
"297","S_1783_S150",1.27184150923463,-0.118208720264133,0,"297","1","297",-0.360250753287437,0.380065452434303,-0.47845947355157,0.793382035683065,0.840896415253715
"298","S_1799_S86",1.27184150923463,0.00480811382276439,0,"298","1","298",0.173831371235602,0.294737293530511,0.178639485058366,1.450480994293,1.31607401295249
"299","S_1800_S14_L003",1.27184150923463,-0.067371280147508,0,"299","1","299",-1.1017771527938,0.307393468791458,-1.16914843294131,0.102693076293328,0
"300","S_1811_S148",1.27184150923463,0.163339649700821,0,"300","1","300",0.565543504515635,0.280931278070981,0.728883154216456,2.00072466345109,2.11474252688113
"301","S_181_S65",1.27184150923463,-0.0725774709970965,0,"301","1","301",0.398786573584809,0.279792665190534,0.326209102587713,1.59805061182235,1.62657656169779
"302","S_1822_S37",1.27184150923463,0.0231974327408471,0,"302","1","302",0.449127833396341,0.29163778773279,0.472325266137188,1.74416677537182,1.77827941003892
"303","S_1823_S3_L003",1.27184150923463,-0.0576331320567748,0,"303","1","303",-0.15950515843443,0.290752934132022,-0.217138290491205,1.05470321874343,1
"304","S_1824_S180",1.27184150923463,-0.0382540210289836,0,"304","2","  1",-0.422353579333566,0.315002626970892,-0.46060760036255,0.811233908872085,NA
"305","S_1828_S156",1.27184150923463,0.0736566106535999,0,"305","1","304",-0.00685868027418146,0.26397788434036,0.0667979303794184,1.33863943961405,1.18920711500272
"306","S_1834_S114",1.27184150923463,0.0146352892316152,0,"306","1","305",0.298369051798823,0.308706911679677,0.313004341030438,1.58484585026507,1.77827941003892
"307","S_1835_S57",1.27184150923463,0.066539356899403,0,"307","1","306",-0.94458872091008,0.280999589803292,-0.878049364010677,0.393792145223957,0
"308","S_1845_S34",1.27184150923463,0.17439924687743,0,"308","1","307",1.17807712959296,0.295873781032483,1.35247637647039,2.62431788570503,2.51486685936587
"309","S_1855_S49",1.27184150923463,0.0954407502746669,0,"309","1","308",-0.248623652975102,0.275022015003876,-0.153182902700435,1.1186586065342,1
"310","S_1856_S51",1.27184150923463,0.0986318098535567,0,"310","1","309",-0.176771886715525,0.320076147869378,-0.0781400768619679,1.19370143237267,0.840896415253715
"311","S_185_S72",1.27184150923463,-0.0783722419138747,0,"311","1","310",-0.105032863015869,0.315966573825114,-0.183405104929743,1.08843640430489,0
"312","S_1861_S1_L003",1.27184150923463,-0.010711065147919,0,"312","1","311",1.17672709035759,0.265056478801725,1.16601602520967,2.4378575344443,2.51486685936587
"313","S_1871_S186",1.27184150923463,0.0851234470316095,0,"313","1","312",0.753077440405391,0.286186583232741,0.838200887437,2.11004239667163,1.73205080756888
"314","S_188_S79",1.27184150923463,-0.0279931618284777,0,"314","1","313",0.101025286250356,0.321146165699011,0.0730321244218786,1.34487363365651,1.18920711500272
"315","S_1909_S132",1.27184150923463,-0.0152467460690844,0,"315","1","314",0.244202918045174,0.273093800100133,0.228956171976089,1.50079768121072,2.05976714390712
"316","S_190_S2",1.27184150923463,-0.0682256817816839,0,"316","1","315",0.67045086482885,0.325655972000901,0.602225183047166,1.8740666922818,2.23606797749979
"317","S_1910_S23_L003",1.27184150923463,0.0964296978169616,0,"317","1","316",0.312442639030961,0.282271972254893,0.408872336847923,1.68071384608256,1.49534878122122
"318","S_1921_S54",1.27184150923463,0.0460842533463787,0,"318","1","317",-0.942866098235283,0.316594534857134,-0.896781844888904,0.37505966434573,0
"319","S_1934_S21_L003",1.27184150923463,0.0339565025150517,0,"319","1","318",0.860125606577446,0.30327587963688,0.894082109092498,2.16592361832713,2.89250760851908
"320","S_1935_S15",1.27184150923463,0.0130449170525203,0,"320","1","319",0.549747048005579,0.295761183000972,0.562791965058099,1.83463347429273,1.49534878122122
"321","S_1939_S59",1.27184150923463,-0.0240852546035807,0,"321","1","320",0.663816802262818,0.280305755895759,0.639731547659237,1.91157305689387,2.11474252688113
"322","S_1945_S21",1.27184150923463,-0.0400626096989821,0,"322","1","321",0.312027974731889,0.294711008137844,0.271965365032907,1.54380687426754,2.21336383940064
"323","S_1946_S184",1.27184150923463,-0.0481484024844222,0,"323","1","322",0.232562919696758,0.31239856448172,0.184414517212336,1.45625602644697,1.31607401295249
"324","S_1950_S66",1.27184150923463,-0.0279604491785428,0,"324","1","323",-0.471292612564619,0.299499326589078,-0.499253061743162,0.772588447491473,0
"325","S_1955_S145",1.27184150923463,-0.14667169848171,0,"325","1","324",0.00460501811227249,0.469717851726534,-0.142066680369437,1.1297748288652,1.45647531512197
"326","S_1956_S127",1.27184150923463,-0.15156789855499,0,"326","1","325",-0.509777640062353,0.303686725341507,-0.661345538617344,0.610495970617291,0
"327","S_1971_S104",1.27184150923463,-0.129812729037577,0,"327","1","326",1.12207939019961,0.324984108081634,0.992266661162033,2.26410817039667,2.11474252688113
"328","S_1998_S79_L003",1.27184150923463,-0.105573857860102,0,"328","1","327",-1.02590298235705,0.296760736279708,-1.13147684021715,0.140364669017487,0
"329","S_199_S59_L003",1.27184150923463,-0.0996317626624111,0,"329","1","328",-0.108992417665203,0.277218388933692,-0.208624180327614,1.06321732890702,1
"330","S_1_S123",1.27184150923463,-0.10278468400147,0,"330","1","329",-0.637463854824004,0.360969583383104,-0.740248538825474,0.53159297040916,0
"331","S_2005_S22",1.27184150923463,-0.113446468324514,0,"331","1","330",0.846148512050715,0.293568966805814,0.732702043726201,2.00454355296084,2.23606797749979
"332","S_2008_S85_L003",1.27184150923463,-0.125454852908928,0,"332","1","331",0.31198470732601,0.288010898839941,0.186529854417082,1.45837136365172,1.31607401295249
"333","S_2025_S28",1.27184150923463,-0.058472186322706,0,"333","1","332",-0.24371437468137,0.303205428715643,-0.302186561004076,0.969654948230558,1.25743342968294
"334","S_2029_S18_L003",1.27184150923463,-0.0421945509123397,0,"334","1","333",0.865258916415982,0.292389037186251,0.823064365503642,2.09490587473828,2.51486685936587
"335","S_2031_S70",1.27184150923463,-0.0940477204892091,0,"335","1","334",-0.592932613588635,0.283885591278228,-0.686980334077844,0.58486117515679,0
"336","S_2038_S118",1.27184150923463,-0.052126054440626,0,"336","1","335",0.959494112229026,0.292593353504191,0.9073680577884,2.17920956702303,2.44948974278318
"337","S_2075_S187",1.27184150923463,-0.1427942445242,0,"337","1","336",-0.40535181432408,0.40483211945951,-0.54814605884828,0.723695450386354,0
"338","S_2076_S5_L003",1.27184150923463,-0.124783032832337,0,"338","1","337",0.444624392941257,0.298615000541179,0.31984136010892,1.59168286934355,1.77827941003892
"339","S_2077_S82_L003",1.27184150923463,-0.124419999828662,0,"339","1","338",-0.38814396068504,0.321256060870474,-0.512563960513702,0.759277548720932,0.840896415253715
"340","S_2080_S6_L003",1.27184150923463,-0.0228764497724926,0,"340","1","339",0.814312679223305,0.313565102823553,0.791436229450812,2.06327773868545,2.51486685936587
"341","S_2083_S65_L003",1.27184150923463,-0.0529256749413283,0,"341","1","340",0.156747492613834,0.289454464707489,0.103821817672506,1.37566332690714,1.31607401295249
"342","S_2089_S17",1.27184150923463,-0.123985233085334,0,"342","1","341",-0.97358359094889,0.296556124807147,-1.09756882403422,0.174272685200411,0
"343","S_2096_S54_L003",1.27184150923463,-0.112141746054541,0,"343","1","342",0.740024217974183,0.307921496000266,0.627882471919642,1.89972398115428,2.51486685936587
"344","S_2098_S191",1.27184150923463,0.00194375876782887,0,"344","1","343",0.27917070552982,0.263190950649467,0.281114464297649,1.55295597353228,1.31607401295249
"345","S_2108_S154",1.27184150923463,-0.121365546112172,0,"345","1","344",0.117343640988105,0.361538688152012,-0.00402190512406747,1.26781960411057,1.77827941003892
"346","S_210_S177",1.27184150923463,0.257952464137376,0,"346","1","345",-1.25957639545956,0.267480181735461,-1.00162393132218,0.270217577912452,0
"347","S_2120_S134",1.27184150923463,-0.117342472944706,0,"347","1","346",-0.581806867704706,0.34307722873255,-0.699149340649412,0.572692168585223,0
"348","S_2124_S101",1.27184150923463,-0.122599767683331,0,"348","1","347",-0.631770308897438,0.306345731245183,-0.754370076580769,0.517471432653866,0
"349","S_2125_S140",1.27184150923463,-0.223466338215472,0,"349","1","348",-0.853536165174775,0.330276231749964,-1.07700250339025,0.194839005844388,0
"350","S_2126_S35",1.27184150923463,-0.14565596655407,0,"350","1","349",0.0180717869285267,0.314185729754597,-0.127584179625544,1.14425732960909,1.31607401295249
"351","S_212_S12",1.27184150923463,0.388408608767825,0,"351","1","350",-1.59212182533132,0.290049833230169,-1.20371321656349,0.0681282926711435,0
"352","S_2130_S16_L003",1.27184150923463,-0.147771130363364,0,"352","1","351",0.366444749097282,0.308601449232219,0.218673618733918,1.49051512796855,1.96798967126543
"353","S_2138_S112",1.27184150923463,-0.0813520476731236,0,"353","1","352",0.984041000651862,0.282491601134856,0.902688952978739,2.17453046221337,2.23606797749979
"354","S_2139_S60",1.27184150923463,-0.079131504110887,0,"354","1","353",-0.144850778142265,0.304799432946609,-0.223982282253152,1.04785922698148,1.18920711500272
"355","S_2149_S9_L003",1.27184150923463,-0.17486593287435,0,"355","1","354",-0.744850594264424,0.301232166155317,-0.919716527138774,0.352124982095861,0
"356","S_2157_S122",1.27184150923463,-0.18540728077111,0,"356","1","355",-0.0925917148248484,0.304956198957911,-0.277998995595958,0.993842513638676,1.18920711500272
"357","S_2162_S4_L003",1.27184150923463,-0.0260822880262981,0,"357","1","356",0.551582713669442,0.287589308223546,0.525500425643144,1.79734193487778,2.05976714390712
"358","S_2167_S81_L003",1.27184150923463,-0.158913226098041,0,"358","1","357",-0.269229408712622,0.313068673425099,-0.428142634810664,0.843698874423971,0
"359","S_2177_S11_L003",1.27184150923463,-0.171284783251218,0,"359","1","358",-0.00727100140305542,0.293515360497265,-0.178555784654274,1.09328572458036,1.25743342968294
"360","S_2194_S133",1.27184150923463,-0.0138453736018827,0,"360","1","359",0.524862745855312,0.2949353743984,0.511017372253429,1.78285888148806,1.8612097182042
"361","S_2195_S129",1.27184150923463,-0.0472351354758462,0,"361","1","360",-0.789905153775126,0.290451431639635,-0.837140289250972,0.434701219983662,0
"362","S_2200_S5",1.27184150923463,-0.104606269828757,0,"362","1","361",-0.750346740677252,0.339931663188422,-0.854953010506008,0.416888498728626,0.562341325190349
"363","S_2224_S161",1.27184150923463,-0.047939589765316,0,"363","1","362",0.798710220158026,0.286419362001535,0.75077063039271,2.02261213962734,2.34034731932072
"364","S_2225_S110",1.27184150923463,-0.108235067136474,0,"364","1","363",0.0171913016443442,0.395327208850045,-0.0910437654921294,1.18079774374251,1.31607401295249
"365","S_2233_S80_L003",1.27184150923463,0.0103832996679115,0,"365","1","364",0.0278190188518935,0.291464301894464,0.038202318519805,1.31004382775444,1.56508458007329
"366","S_2277_S189",1.27184150923463,-0.128691430508134,0,"366","1","365",0.45339743306667,0.392341900365647,0.324706002558537,1.59654751179317,2.05976714390712
"367","S_228_S138",1.27184150923463,0.297177441179317,0,"367","1","366",-0.664822420924401,0.277005583896089,-0.367644979745084,0.904196529489551,0.840896415253715
"368","S_2296_S115",1.27184150923463,0.160522563417772,0,"368","1","367",-0.830871226766942,0.293841554133822,-0.670348663349169,0.601492845885465,0
"369","S_229_S24_L003",1.27184150923463,0.430670981119803,0,"369","1","368",0.423837221007477,0.308414128885048,0.85450820212728,2.12634971136191,1.96798967126543
"370","S_2316_S149",1.27184150923463,0.130915573219199,0,"370","1","369",-0.190989007091143,0.289846154692908,-0.060073433871944,1.21176807536269,1
"371","S_2317_S77_L003",1.27184150923463,0.4849235730493,0,"371","1","370",-0.0643174863271067,0.319451450989556,0.420606086722194,1.69244759595683,1.49534878122122
"372","S_2318_S85",1.27184150923463,0.430440962025277,0,"372","1","371",0.279209627557714,0.294634182660416,0.709650589582991,1.98149209881763,2.44948974278318
"373","S_2326_S100",1.27184150923463,0.362581409750059,0,"373","1","372",-1.43313147120737,0.283755967829831,-1.07055006145731,0.201291447777325,0
"374","S_2332_S35_L003",1.27184150923463,0.438566808141115,0,"374","1","373",0.154370480248446,0.304276672488208,0.592937288389561,1.86477879762419,1.96798967126543
"375","S_2335_S96",1.27184150923463,-0.127611596751978,0,"375","1","374",-0.501989254213305,0.470745768228845,-0.629600850965283,0.642240658269351,0
"376","S_2341_S56",1.27184150923463,0.190945577229152,0,"376","1","375",-1.55669491717216,0.268756734611145,-1.36574933994301,0,0
"377","S_2344_S156",1.27184150923463,-0.0960706302232965,0,"377","1","376",-0.264317081891266,0.445419559656739,-0.360387712114562,0.911453797120072,0
"378","S_2346_S152",1.27184150923463,0.171434028824373,0,"378","1","377",-1.19188659687424,0.276853564824937,-1.02045256804987,0.251388941184765,0
"379","S_2387_S147",1.27184150923463,0.267274776199053,0,"379","1","378",-0.205241677434506,0.285031794325989,0.0620330987645473,1.33387460799918,1.18920711500272
"380","S_2397_S166",1.27184150923463,0.101947265822481,0,"380","1","379",-0.00565294910029623,0.302187346585759,0.0962943167221848,1.36813582595682,1.56508458007329
"381","S_255_S45",1.27184150923463,-0.123046170516664,0,"381","1","380",-0.964091842618605,0.324295472177982,-1.08713801313527,0.184703496099365,0
"382","S_256_S39_L003",1.27184150923463,0.0039526012657061,0,"382","1","381",-1.06772269814823,0.302628927829474,-1.06377009688253,0.208071412352106,0
"383","S_274_S192",1.27184150923463,-0.00636343779618231,0,"383","1","382",-0.950223496440448,0.291389568615696,-0.95658693423663,0.315254574998004,0
"384","S_276_S74",1.27184150923463,0.00274983470005312,0,"384","1","383",-0.129895219667994,0.282807567987915,-0.127145384967941,1.14469612426669,1.49534878122122
"385","S_27_S7",1.27184150923463,-0.0816506159928432,0,"385","1","384",-0.720654334229561,0.285961848369547,-0.802304950222404,0.46953655901223,0.840896415253715
"386","S_285_1_S191",1.27184150923463,0.0668115268275334,0,"386","1","385",0.915938787862483,0.258019652172269,0.982750314690016,2.25459182392465,2.05976714390712
"387","S_289_S32_L003",1.27184150923463,-0.0696768448286862,0,"387","1","386",0.12783100716257,0.380326106988188,0.0581541623338838,1.32999567156852,1.31607401295249
"388","S_292_S80",1.27184150923463,0.260108631598445,0,"388","1","387",-0.550613763861019,0.296443314946282,-0.290505132262574,0.98133637697206,1.31607401295249
"389","S_295_S46_L003",1.27184150923463,0.412396496084198,0,"389","1","388",-0.404278183376153,0.303602424098805,0.00811831270804464,1.27995982194268,1.31607401295249
"390","S_297_S95",1.27184150923463,0.524963554311759,0,"390","1","389",0.404063962071897,0.312593732287113,0.929027516383657,2.20086902561829,2.51486685936587
"391","S_302_S182",1.27184150923463,0.322963750812554,0,"391","1","390",0.0793149650320104,0.299047486669452,0.402278715844564,1.6741202250792,2.11474252688113
"392","S_328_S179",1.27184150923463,0.00471613892789043,0,"392","1","391",-0.012772089757222,0.316663957594339,-0.00805595082933157,1.2637855584053,1.56508458007329
"393","S_32_S152",1.27184150923463,-0.226981017549989,0,"393","1","392",-0.993631992589373,0.311684127653575,-1.22061301013936,0.0512284990952725,0
"394","S_331_S25",1.27184150923463,-0.0713565967343534,0,"394","1","393",-0.851000632589473,0.283640611987709,-0.922357229323826,0.349484279910808,0
"395","S_334_S137",1.27184150923463,0.00752767040271715,0,"395","1","394",-1.30463409025905,0.290761212621093,-1.29710641985633,0,0
"396","S_337_S8",1.27184150923463,0.506191607618779,0,"396","1","395",1.15007821738348,0.318152584913345,1.65626982500226,2.92811133423689,2.99069756244244
"397","S_339_S28_L003",1.27184150923463,0.354960530368442,0,"397","1","396",-1.02041812567458,0.289358196054421,-0.66545759530614,0.606383913928495,0
"398","S_341_S162",1.27184150923463,-0.0058098513659296,0,"398","1","397",0.100089307894808,0.391087998202232,0.0942794565288784,1.36612096576351,1.83142075074235
"399","S_344_S160",1.27184150923463,-0.0848593487197625,0,"399","1","398",-0.0796039654240085,0.455054255536989,-0.164463314143771,1.10737819509086,1.56508458007329
"400","S_357_S87",1.27184150923463,0.385082259948184,0,"400","1","399",-0.211034591643119,0.295256382218402,0.174047668305065,1.4458891775397,1.49534878122122
"401","S_371_S41_L003",1.27184150923463,0.265042755374955,0,"401","1","400",-0.511182182391856,0.29050426474343,-0.246139427016901,1.02570208221773,1
"402","S_373_S73",1.27184150923463,-0.0861414236874894,0,"402","1","401",-0.398588592775118,0.339227636270521,-0.484730016462607,0.787111492772027,0
"403","S_377_S12_L003",1.27184150923463,-0.070740496619276,0,"403","1","402",1.0930186245005,0.306944563451392,1.02227812788123,2.29411963711586,2.78315768371374
"404","S_385_S62_L003",1.27184150923463,-0.0999793155495906,0,"404","1","403",0.728960355937521,0.280692541919691,0.62898104038793,1.90082254962256,2.23606797749979
"405","S_393_S135",1.27184150923463,-0.0835452279072126,0,"405","2","  2",0.0310387391822554,0.33578449846629,-0.0525064887249572,1.21933502050968,NA
"406","S_397_S176",1.27184150923463,-0.219425620562487,0,"406","1","404",0.0568450162925972,0.29184488936042,-0.16258060426989,1.10926090496474,1.18920711500272
"407","S_406_S140",1.27184150923463,-0.153591381328267,0,"407","1","405",0.771599928437079,0.296339532233038,0.618008547108812,1.88985005634345,2.65914794847249
"408","S_407_S131",1.27184150923463,-0.17452229283055,0,"408","1","406",-1.13885114689602,0.291190407295315,-1.31337343972656,0,0
"409","S_413_S86_L003",1.27184150923463,-0.0697504197160029,0,"409","1","407",-0.511304769528786,0.285248040099781,-0.581055189244789,0.690786319989846,0
"410","S_419_S1",1.27184150923463,-0.0214047225454793,0,"410","1","408",0.326266730079227,0.288653663494408,0.304862007533747,1.57670351676838,1.49534878122122
"411","S_41_S124",1.27184150923463,-0.0480563695335164,0,"411","1","409",-1.07251135180142,0.3214677909242,-1.12056772133494,0.151273787899695,0
"412","S_440_S128",1.27184150923463,-0.184387406815455,0,"412","1","410",-0.413692224714012,0.389117353801167,-0.598079631529467,0.673761877705168,0
"413","S_450_S135",1.27184150923463,-0.0193530810607251,0,"413","1","411",0.064945382423388,0.30307331007037,0.0455923013626629,1.3174338105973,0.840896415253715
"414","S_453_S63",1.27184150923463,-0.119888933464812,0,"414","1","412",-0.437381941276384,0.31491071271789,-0.557270874741196,0.714570634493439,0
"415","S_454_S71_L003",1.27184150923463,-0.0596214182956581,0,"415","1","413",0.797970687750281,0.31898898219725,0.738349269454623,2.01019077868926,2.54572989502183
"416","S_469_S119",1.27184150923463,-0.216149509024734,0,"416","1","414",1.11728778333222,0.305084972330548,0.90113827430749,2.17297978354212,2.89250760851908
"417","S_474_S89_L003",1.27184150923463,-0.106020636063427,0,"417","1","415",-0.293353031186701,0.46490883285144,-0.399373667250128,0.872467841984506,0
"418","S_481_S27_L003",1.27184150923463,-0.128831042669969,0,"418","1","416",-0.416297129284173,0.292581307235663,-0.545128171954142,0.726713337280492,0.840896415253715
"419","S_487_S31",1.27184150923463,-0.231315737558235,0,"419","1","417",-0.285394236450931,0.3096051939398,-0.516709974009167,0.755131535225468,1.49534878122122
"420","S_501_S43",1.27184150923463,-0.189465190260816,0,"420","1","418",-0.241987929417937,0.289815732464847,-0.431453119678753,0.840388389555881,0
"421","S_509_S109",1.27184150923463,-0.111411286326917,0,"421","1","419",-1.04078951470168,0.305207750611485,-1.15220080102859,0.119640708206042,0
"422","S_515_S58",1.27184150923463,-0.146389603068217,0,"422","1","420",-0.808443985287641,0.287220163858165,-0.954833588355858,0.317007920878776,0
"423","S_516_S138",1.27184150923463,-0.162929572377096,0,"423","1","421",-0.488003299746234,0.43869888734952,-0.650932872123329,0.620908637111305,0
"424","S_517_S20_L003",1.27184150923463,-0.12740800131558,0,"424","1","422",1.13778134918249,0.289234260624035,1.01037334786691,2.28221485710155,2.89250760851908
"425","S_522_S10",1.27184150923463,0.0135603104663244,0,"425","1","423",0.871882078682526,0.274146578722108,0.885442389148851,2.15728389838349,2.34034731932072
"426","S_524_S33_L003",1.27184150923463,-0.133765417005732,0,"426","1","424",0.233075360522251,0.299708524188955,0.0993099435165191,1.37115145275115,1.31607401295249
"427","S_528_S103",1.27184150923463,-0.131547549996561,0,"427","1","425",0.966057493678787,0.279323301578668,0.834509943682226,2.10635145291686,2.34034731932072
"428","S_533_S68",1.27184150923463,-0.114717585286961,0,"428","1","426",0.463836869366188,0.342029330689135,0.349119284079227,1.62096079331386,1.56508458007329
"429","S_537_S78_L003",1.27184150923463,0.0198790666838727,0,"429","1","427",1.4509815945221,0.287101910588282,1.47086066120597,2.74270217044061,2.78315768371374
"430","S_545_S69",1.27184150923463,-0.113538913576719,0,"430","1","428",0.350922712774579,0.284380278057058,0.23738379919786,1.50922530843249,1.10668191970032
"431","S_565_S149",1.27184150923463,-0.133909296344576,0,"431","1","429",0.361531418879935,0.278598572053374,0.227622122535359,1.49946363176999,2.05976714390712
"432","S_567_S165",1.27184150923463,-0.208806486434041,0,"432","1","430",-0.873546581822889,0.300621698130462,-1.08235306825693,0.189488440977704,0
"433","S_574_S155",1.27184150923463,-0.162140812358656,0,"433","1","431",-0.126004909445443,0.443461709028212,-0.288145721804099,0.983695787430536,0
"434","S_591_S99",1.27184150923463,-0.188209072318825,0,"434","1","432",0.163802186623559,0.296357493732176,-0.0244068856952656,1.24743462353937,1.49534878122122
"435","S_5_S63_L003",1.27184150923463,-0.114008173912085,0,"435","1","433",0.568566765755989,0.401853844469174,0.454558591843904,1.72640010107854,2.51486685936587
"436","S_629_S113",1.27184150923463,0.365414996810895,0,"436","1","434",0.081510831802898,0.293291406534574,0.446925828613793,1.71876733784843,1.77827941003892
"437","S_630_S51_L003",1.27184150923463,0.183824082172215,0,"437","1","435",0.479275375673107,0.283168164607172,0.663099457845322,1.93494096707996,2.11474252688113
"438","S_631_S87_L003",1.27184150923463,0.352757832306732,0,"438","1","436",0.0442866382022902,0.301330649671161,0.397044470509022,1.66888597974366,1.96798967126543
"439","S_63_S170",1.27184150923463,0.027124600348445,0,"439","1","437",-0.128344813471191,0.278576460237599,-0.101220213122746,1.17062129611189,0
"440","S_640_S178",1.27184150923463,0.229252332015994,0,"440","1","438",-1.16818795029262,0.281644633895506,-0.938935618276625,0.33290589095801,0
"441","S_646_S142",1.27184150923463,0.348812016498824,0,"441","1","439",-0.223029274788496,0.285525142380092,0.125782741710328,1.39762425094496,1.25743342968294
"442","S_650_S129",1.27184150923463,-0.0868436430936678,0,"442","1","440",0.396725899671302,0.431008140569135,0.309882256577634,1.58172376581227,2.17793858734643
"443","S_653_S6",1.27184150923463,0.555652436834962,0,"443","1","441",1.22058048562409,0.324233620303927,1.77623292245905,3.04807443169369,2.34034731932072
"444","S_656_S181",1.27184150923463,0.389608019200879,0,"444","1","442",0.64559190258611,0.303106868003172,1.03519992178699,2.30704143102162,2.34034731932072
"445","S_657_S154",1.27184150923463,-0.115462463969382,0,"445","1","443",0.184423591210911,0.465023138974631,0.0689611272415288,1.34080263647616,2.23606797749979
"446","S_658_S33",1.27184150923463,0.510138075679727,0,"446","1","444",0.952517116992502,0.326315762288807,1.46265519267223,2.73449670190686,2.89250760851908
"447","S_65_S29_L003",1.27184150923463,-0.0145485857012637,0,"447","1","445",0.369142627497611,0.284547819227145,0.354594041796347,1.62643555103098,2.11474252688113
"448","S_662_S98",1.27184150923463,0.255251867038257,0,"448","1","446",-0.336573425853503,0.27356730798184,-0.0813215588152462,1.19051995041939,0.840896415253715
"449","S_673_S40_L003",1.27184150923463,0.389406839137205,0,"449","1","447",-0.378256106026576,0.313787729664414,0.0111507331106288,1.28299224234526,1.4142135623731
"450","S_674_S130",1.27184150923463,0.254331018094983,0,"450","1","448",-1.33489869748236,0.282852728001924,-1.08056767938737,0.19127382984726,0
"451","S_679_S9",1.27184150923463,0.309288526427652,0,"451","1","449",-0.159508836601069,0.28526413591557,0.149779689826583,1.42162119906122,1.25743342968294
"452","S_685_S121",1.27184150923463,0.471846102319881,0,"452","1","450",-0.196352144193521,0.315820702479503,0.275493958126361,1.547335467361,1.31607401295249
"453","S_695_S46",1.27184150923463,0.413414469550611,0,"453","1","451",0.594304430887386,0.28839337184428,1.007718900438,2.27956040967263,2.51486685936587
"454","S_696_S88",1.27184150923463,0.179113726972991,0,"454","1","452",0.715372771085465,0.294893315361306,0.894486498058456,2.16632800729309,2.34034731932072
"455","S_706_S108",1.27184150923463,0.481594803476819,0,"455","1","453",-0.389510598911476,0.300765126328543,0.0920842045653438,1.36392571379998,1.25743342968294
"456","S_711_S50",1.27184150923463,0.348431181167477,0,"456","1","454",0.0472616385360051,0.301483364105047,0.395692819703482,1.66753432893812,1.49534878122122
"457","S_712_S136",1.27184150923463,0.505218085674541,0,"457","1","455",0.00263994763248221,0.297507817242264,0.507858033307023,1.77969954254166,1.45647531512197
"458","S_713_S163",1.27184150923463,0.0385494294269736,0,"458","1","456",0.289877688486904,0.385831353729954,0.328427117913877,1.60026862714851,1.77827941003892
"459","S_714_S34_L003",1.27184150923463,0.509762333975213,0,"459","1","457",-0.146688581863315,0.330202882677189,0.363073752111899,1.63491526134653,1.56508458007329
"460","S_726_S69_L003",1.27184150923463,0.448109304501166,0,"460","1","458",0.599667705705524,0.294310995204294,1.04777701020669,2.31961851944132,2.78315768371374
"461","S_733_S67_L003",1.27184150923463,0.394608536082919,0,"461","1","459",-0.720339929216148,0.282233774654625,-0.325731393133228,0.946110116101406,1.25743342968294
"462","S_738_S39",1.27184150923463,0.537661092101913,0,"462","1","460",0.326748412053534,0.322099852398481,0.864409504155447,2.13625101339008,1.56508458007329
"463","S_758_S128",1.27184150923463,0.481688250435422,0,"463","1","461",0.938428871677803,0.319181215904221,1.42011712211323,2.69195863134786,2.65914794847249
"464","S_762_S173",1.27184150923463,0.500803783811127,0,"464","1","462",0.446117869913805,0.319418292636563,0.946921653724932,2.21876316295957,2.11474252688113
"465","S_764_S93_L003",1.27184150923463,0.467825422114778,0,"465","1","463",0.965730455301873,0.324267563942755,1.43355587741665,2.70539738665129,2.89250760851908
"466","S_765_S48",1.27184150923463,0.412293603956353,0,"466","1","464",-0.188749278750837,0.307979321091544,0.223544325205516,1.49538583444015,1.31607401295249
"467","S_770_S57_L003",1.27184150923463,0.0571500371714538,0,"467","1","465",-0.431602366998199,0.316644457847653,-0.374452329826746,0.897389179407889,1.4142135623731
"468","S_772_S58_L003",1.27184150923463,0.307993800864563,0,"468","1","466",-1.36400387940923,0.278510559597598,-1.05601007854467,0.215831430689968,0
"469","S_779_S94_L003",1.27184150923463,0.163291543142053,0,"469","1","467",-0.772787104104809,0.27450179681951,-0.609495560962756,0.662345948271878,0
"470","S_7_S141",1.27184150923463,0.00576698010710423,0,"470","1","468",-0.147781173120238,0.301950290908995,-0.142014193013134,1.1298273162215,1.31607401295249
"471","S_813_S44_L003",1.27184150923463,0.207292215476715,0,"471","1","469",0.300012027299221,0.264095536271214,0.507304242775936,1.77914575201057,2.23606797749979
"472","S_824_S40",1.27184150923463,0.317955192986768,0,"472","1","470",-0.813032400479369,0.274872049142694,-0.495077207492601,0.776764301742034,0
"473","S_825_S71",1.27184150923463,0.374919759362806,0,"473","1","471",-0.770338876287603,0.297457826965874,-0.395419116924797,0.876422392309837,1.25743342968294
"474","S_826_S8_L003",1.27184150923463,0.34581517030823,0,"474","1","472",-0.0694473570246146,0.292288881745263,0.276367813283615,1.54820932251825,1.56508458007329
"475","S_837_S50_L003",1.27184150923463,0.318641133125552,0,"475","1","473",0.587032066804838,0.275714197914992,0.90567319993039,2.17751470916502,2.65914794847249
"476","S_83_S14",1.27184150923463,0.0864029673673931,0,"476","1","474",-1.1063396252892,0.329333468423675,-1.01993665792181,0.251904851312823,0
"477","S_840_S88_L003",1.27184150923463,0.32755139233418,0,"477","1","475",0.607160242210877,0.279674703482421,0.934711634545056,2.20655314377969,1.77827941003892
"478","S_844_S151",1.27184150923463,0.351703988684303,0,"478","1","476",-1.08235891568949,0.293280287876038,-0.730654927005191,0.541186582229443,0
"479","S_85_S36_L003",1.27184150923463,-0.0911986836035315,0,"479","1","477",-0.155009371813234,0.332420732831407,-0.246208055416765,1.02563345381787,1.18920711500272
"480","S_861_S22_L003",1.27184150923463,0.322341267068269,0,"480","1","478",0.396289955110473,0.295382121977211,0.718631222178743,1.99047273141338,2.51486685936587
"481","S_865_S82",1.27184150923463,0.360265143831902,0,"481","1","479",-0.295165498833994,0.285006889002635,0.0650996449979082,1.33694115423254,1.77827941003892
"482","S_879_S97",1.27184150923463,0.253774143439204,0,"482","1","480",0.269744768262412,0.288952399119667,0.523518911701616,1.79536042093625,1.31607401295249
"483","S_87_S81",1.27184150923463,-0.0668274150698308,0,"483","1","481",0.559877663909071,0.27548241099079,0.49305024883924,1.76489175807387,2.34034731932072
"484","S_885_S77",1.27184150923463,0.256510634822146,0,"484","1","482",-0.559658464010835,0.276275305126458,-0.303147829188689,0.968693680045946,0.840896415253715
"485","S_901_S136",1.27184150923463,0.0591834701333668,0,"485","2","  3",-0.422226411871777,0.313109081533612,-0.36304294173841,0.908798567496224,NA
"486","S_932_S42_L003",1.27184150923463,0.0655815907546666,0,"486","1","483",-0.213847866217662,0.289491909244087,-0.148266275462996,1.12357523377164,1.31607401295249
"487","S_961_S70_L003",1.27184150923463,0.474715563831151,0,"487","1","484",0.622271536555887,0.333426669622302,1.09698710038704,2.36882860962167,2.63214802590498
"488","S_962_S42",1.27184150923463,0.303102991244567,0,"488","1","485",0.375816224304572,0.29253742688545,0.678919215549139,1.95076072478377,1.49534878122122
"489","S_972_S142",1.27184150923463,-0.0586232456460775,0,"489","1","486",-0.216616929092684,0.423539557946958,-0.275240174738761,0.996601334495873,0
"490","S_978_S90",1.27184150923463,0.0712790269892797,0,"490","1","487",-0.959250464643969,0.329079545989823,-0.887971437654689,0.383870071579945,0
"491","S_983_S4",1.27184150923463,0.363113726998858,0,"491","1","488",-1.33239794918435,0.292096975423389,-0.96928422218549,0.302557287049144,0
"492","S_993_S55",1.27184150923463,0.398701650553299,0,"492","1","489",-0.18357603429417,0.296528308484379,0.215125616259129,1.48696712549376,0.840896415253715
"493","NSW1201426",1.27184150923463,0.221188726142721,0,"493","2","  4",0.213022634469345,0.136936528625288,0.434211360612066,1.7060528698467,NA
"494","NSW1212884",1.27184150923463,-0.311568702777171,0,"494","2","  5",0.145654510000955,0.191937647564447,-0.165914192776216,1.10592731645842,NA
"495","NSW1200541",1.27184150923463,-0.0196761005182475,0,"495","2","  6",0.0227490576396159,0.102156464504719,0.00307295712136835,1.274914466356,NA
"496","NSW1190165",1.27184150923463,0.0768487415549734,0,"496","2","  7",0.121974167610007,0.158358565562041,0.198822909164981,1.47066441839962,NA
"497","NSW1166659",1.27184150923463,-0.419561792633426,0,"497","2","  8",0.498221795299943,0.260678103478481,0.0786600026665165,1.35050151190115,NA
"498","NSW1213025",1.27184150923463,-0.25566135384024,0,"498","2","  9",0.0568685880976795,0.238020065149913,-0.198792765742561,1.07304874349207,NA
"499","NSW1211446",1.27184150923463,0.154605262499678,0,"499","2"," 10",-0.414914842454576,0.175182717119292,-0.260309579954898,1.01153192927974,NA
"500","NSW1200628",1.27184150923463,0.134091390429038,0,"500","2"," 11",0.196715261789459,0.150217548178528,0.330806652218496,1.60264816145313,NA
"501","NSW1166664",1.27184150923463,-0.419856294500715,0,"501","2"," 12",-0.38589019236153,0.180666526466994,-0.805746486862245,0.466095022372389,NA
"502","NSW1213021",1.27184150923463,-0.323438023366137,0,"502","2"," 13",0.261138073512368,0.144308889773119,-0.0622999498537694,1.20954155938086,NA
"503","NSW1201391",1.27184150923463,-0.176588893320087,0,"503","2"," 14",-0.623376346450906,0.11865341989456,-0.799965239770993,0.471876269463642,NA
"504","NSW1201419",1.27184150923463,0.243457641125712,0,"504","2"," 15",0.390024057308528,0.229257854484072,0.633481698434241,1.90532320766888,NA
"505","NSW1201415",1.27184150923463,0.283351450285018,0,"505","2"," 16",-0.161004473220422,0.0892966604649851,0.122346977064596,1.39418848629923,NA
"506","NSW1200364",1.27184150923463,-0.426787908334572,0,"506","2"," 17",-0.697076765703369,0.0369395490760392,-1.12386467403794,0.147976835196694,NA
"507","NSW1190167",1.27184150923463,0.123125110621702,0,"507","2"," 18",0.567344639756526,0.182353090822065,0.690469750378228,1.96231125961286,NA
"508","NSW1190204",1.27184150923463,0.211511398327589,0,"508","2"," 19",-0.221226279409437,0.240802862154041,-0.0097148810818482,1.26212662815279,NA
"509","NSW1200834",1.27184150923463,0.284476272485993,0,"509","2"," 20",-0.317961050750321,0.199710536186526,-0.0334847782643282,1.23835673097031,NA
"510","NSW1200533",1.27184150923463,0.220665272010211,0,"510","2"," 21",0.269501764874016,0.146843471919801,0.490167036884228,1.76200854611886,NA
"511","NSW1200414",1.27184150923463,0.147659828071959,0,"511","2"," 22",-0.393497952335774,0.133015905602737,-0.245838124263815,1.02600338497082,NA
"512","NSW1200759",1.27184150923463,0.184736733408152,0,"512","2"," 23",-0.15811103159907,0.108231614906711,0.0266257018090821,1.29846721104372,NA
"513","NSW1212889",1.27184150923463,-0.40379387221518,0,"513","2"," 24",-0.417272673950613,0.215737464489876,-0.821066546165794,0.450774963068841,NA
"514","NSW1211427",1.27184150923463,-0.459667549627365,0,"514","2"," 25",-0.290831244350433,0.156417047854625,-0.750498793977798,0.521342715256837,NA
"515","NSW1200379",1.27184150923463,0.00741079109572628,0,"515","2"," 26",-0.0521179754797754,0.192477105076203,-0.0447071843840491,1.22713432485059,NA
"516","NSW1211455",1.27184150923463,0.127477306170483,0,"516","2"," 27",-0.730820164519791,0.0972378956579077,-0.603342858349308,0.668498650885326,NA
"517","NSW1213033",1.27184150923463,-0.41256065033321,0,"517","2"," 28",0.0990789919535333,0.149181958282838,-0.313481658379677,0.958359850854958,NA
"518","NSW1212980",1.27184150923463,-0.474342976126686,0,"518","2"," 29",-0.696728570967328,0.128227495385728,-1.17107154709401,0.100769962140621,NA
"519","NSW1190213",1.27184150923463,-0.273999664807288,0,"519","2"," 30",0.388912075210573,0.118345819078504,0.114912410403285,1.38675391963792,NA
"520","NSW1201416",1.27184150923463,0.143299492425375,0,"520","2"," 31",-0.0635584892404176,0.145538719371498,0.0797410031849576,1.35158251241959,NA
"521","NSW1200418",1.27184150923463,-0.309214418036757,0,"521","2"," 32",-0.249376876661758,0.187228983245517,-0.558591294698515,0.71325021453612,NA
"522","NSW1211456",1.27184150923463,0.129744357436678,0,"522","2"," 33",-0.442253149941653,0.13906097157467,-0.312508792504975,0.959332716729659,NA
"523","NSW1211564",1.27184150923463,0.0808090777428654,0,"523","2"," 34",-0.458563345891047,0.208287052500299,-0.377754268148182,0.894087241086452,NA
"524","NSW1213016",1.27184150923463,-0.28149629090525,0,"524","2"," 35",0.164709082781802,0.161398162540402,-0.116787208123448,1.15505430111119,NA
"525","NSW1211583",1.27184150923463,-0.0661770035156956,0,"525","2"," 36",0.184436445715347,0.0998213221925263,0.118259442199651,1.39010095143429,NA
"526","NSW1200839",1.27184150923463,0.284715000461511,0,"526","2"," 37",-0.263749246275351,0.184281807458117,0.0209657541861595,1.29280726342079,NA
"527","NSW1211565",1.27184150923463,0.0228355635656843,0,"527","2"," 38",-0.403621673409323,0.0682282206525684,-0.380786109843639,0.891055399390996,NA
"528","NSW1200425",1.27184150923463,-0.308217045121631,0,"528","2"," 39",0.800629244178679,0.226583308586523,0.492412199057049,1.76425370829168,NA
"529","NSW1200662",1.27184150923463,-0.310549864722802,0,"529","2"," 40",0.298699065378022,0.136793753515834,-0.0118507993447797,1.25999070988985,NA
"530","NSW1166655",1.27184150923463,-0.336521572363947,0,"530","2"," 41",0.173532586932769,0.214608270382933,-0.162988985431178,1.10885252380346,NA
"531","NSW1212948",1.27184150923463,-0.497063578892193,0,"531","2"," 42",-0.810681522178608,0.183173980103918,-1.3077451010708,0,NA
"532","NSW1200528",1.27184150923463,0.213596069370912,0,"532","2"," 43",-0.42988151343388,0.193250811983819,-0.216285444062967,1.05555606517167,NA
"533","NSW1200563",1.27184150923463,0.294709122359095,0,"533","2"," 44",-0.148063076025442,0.0866419891373908,0.146646046333654,1.41848755556829,NA
"534","NSW1200351",1.27184150923463,-0.394383672172095,0,"534","2"," 45",-0.160763032067022,0.165108657013583,-0.555146704239117,0.716694804995517,NA
"535","NSW1213015",1.27184150923463,-0.36757040131291,0,"535","2"," 46",0.529210566208792,0.155005031943033,0.161640164895882,1.43348167413052,NA
"536","NSW1200394",1.27184150923463,-0.204559408435236,0,"536","2"," 47",-0.175648420656327,0.115751748414976,-0.380207829091563,0.891633680143072,NA
"537","NSW1213011",1.27184150923463,-0.271981414320869,0,"537","2"," 48",0.704695270802152,0.158144061035435,0.432713856481283,1.70455536571592,NA
"538","NSW1200664",1.27184150923463,0.291063951877604,0,"538","2"," 49",0.234780064350833,0.142006925245657,0.525844016228437,1.79768552546307,NA
"539","NSW1201655",1.27184150923463,0.121840992141762,0,"539","2"," 50",0.357996785304331,0.152174572812695,0.479837777446093,1.75167928668073,NA
"540","NSW1200536",1.27184150923463,0.0284682695089764,0,"540","2"," 51",-0.107658735701118,0.104650377247877,-0.0791904661921419,1.19265104304249,NA
"541","NSW1212943",1.27184150923463,-0.399269037246022,0,"541","2"," 52",0.00249502380777303,0.174693260573203,-0.396774013438249,0.875067495796386,NA
"542","NSW1200559",1.27184150923463,0.138266556418566,0,"542","2"," 53",-0.224836055739156,0.132861366064662,-0.0865694993205901,1.18527200991404,NA
"543","NSW1200558",1.27184150923463,0.270565422616073,0,"543","2"," 54",0.588687901868773,0.132086045223909,0.859253324484846,2.13109483371948,NA
"544","NSW1200524",1.27184150923463,0.189625392952548,0,"544","2"," 55",-0.199333847277498,0.10612688951574,-0.00970845432494977,1.26213305490968,NA
"545","NSW1212795",1.27184150923463,-0.423253783427094,0,"545","2"," 56",-0.133273337601716,0.169240087779214,-0.556527121028809,0.715314388205825,NA
"546","NSW1200787",1.27184150923463,0.0171765732174167,0,"546","2"," 57",-0.254051159578529,0.0905401568435592,-0.236874586361112,1.03496692287352,NA
"547","NSW1200776",1.27184150923463,-0.183253806305707,0,"547","2"," 58",0.0620191677428642,0.165533927108544,-0.121234638562843,1.15060687067179,NA
"548","NSW1190216",1.27184150923463,0.145844934869987,0,"548","2"," 59",0.304623615092718,0.162772752252582,0.450468549962705,1.72231005919734,NA
"549","NSW1201495",1.27184150923463,0.349405071188674,0,"549","2"," 60",0.631437080157161,0.259825199404794,0.980842151345835,2.25268366058047,NA
"550","NSW1211582",1.27184150923463,0.210576965446331,0,"550","2"," 61",0.372662515477751,0.156551859785891,0.583239480924082,1.85508099015872,NA
"551","NSW1200362",1.27184150923463,0.10044272560306,0,"551","2"," 62",-0.00795115660215794,0.0999613388831309,0.0924915690009023,1.36433307823554,NA
"552","NSW1212987",1.27184150923463,-0.180184818878173,0,"552","2"," 63",0.141117470814105,0.478583981831756,-0.0390673480640678,1.23277416117057,NA
"553","NSW1190194",1.27184150923463,0.0710051525238722,0,"553","2"," 64",0.0976029290570835,0.127325576500679,0.168608081580956,1.44044959081559,NA
"554","NSW1213030",1.27184150923463,-0.29431929633636,0,"554","2"," 65",0.229008978488375,0.0954576742732029,-0.0653103178479852,1.20653119138665,NA
"555","NSW1190199",1.27184150923463,0.0130952981276291,0,"555","2"," 66",0.0229922357633808,0.184738803618508,0.0360875338910099,1.30792904312564,NA
"556","NSW1200372",1.27184150923463,0.115068948081069,0,"556","2"," 67",0.0787057300059443,0.10917365572515,0.193774678087013,1.46561618732165,NA
"557","NSW1211445",1.27184150923463,0.134280117596657,0,"557","2"," 68",-0.42263301547336,0.141983711702643,-0.288352897876702,0.983488611357932,NA
"558","NSW1211558",1.27184150923463,0.181243636687004,0,"558","2"," 69",0.195410019112126,0.118449197655557,0.37665365579913,1.64849516503376,NA
"559","NSW1200764",1.27184150923463,-0.4692169302182,0,"559","2"," 70",-0.560596172704763,0.143409890959688,-1.02981310292296,0.242028406311672,NA
"560","NSW1200848",1.27184150923463,0.152697187074397,0,"560","2"," 71",-0.194830123115861,0.117831454497264,-0.0421329360414638,1.22970857319317,NA
"561","NSW1200661",1.27184150923463,-0.381115814849544,0,"561","2"," 72",0.0305022023821122,0.130488284756918,-0.350613612467432,0.921227896767202,NA
"562","NSW1211440",1.27184150923463,0.211346865357025,0,"562","2"," 73",-0.399428793580916,0.0995602757915333,-0.188081928223891,1.08375958101074,NA
"563","NSW1200356",1.27184150923463,-0.348739938759738,0,"563","2"," 74",0.202390068558834,0.216195655134198,-0.146349870200904,1.12549163903373,NA
"564","NSW1212992",1.27184150923463,-0.328554240915896,0,"564","2"," 75",-0.294348282977329,0.172278058126054,-0.622902523893225,0.648938985341409,NA
"565","NSW1200905",1.27184150923463,0.114147932109408,0,"565","2"," 76",0.0128906729237025,0.0487568312398315,0.127038605033111,1.39888011426775,NA
"566","NSW1200357",1.27184150923463,-0.115964011095732,0,"566","2"," 77",0.382434183792801,0.129773901397453,0.266470172697069,1.5383116819317,NA
"567","NSW1200799",1.27184150923463,0.216386251141995,0,"567","2"," 78",-0.0141657078370196,0.115992543325287,0.202220543304976,1.47406205253961,NA
"568","NSW1166442",1.27184150923463,-0.406404963629771,0,"568","2"," 79",-0.631837042902926,0.221601223605072,-1.0382420065327,0.233599502701938,NA
"569","NSW1200539",1.27184150923463,0.112567337624517,0,"569","2"," 80",0.168547538095946,0.0811677813463468,0.281114875720463,1.5529563849551,NA
"570","NSW1200543",1.27184150923463,-0.0442860596799936,0,"570","2"," 81",-0.257120971329737,0.354338777244997,-0.301407031009731,0.970434478224903,NA
"571","NSW1200529",1.27184150923463,0.22653184466823,0,"571","2"," 82",-0.455227104152154,0.144827875037037,-0.228695259483924,1.04314624975071,NA
"572","NSW1212866",1.27184150923463,-0.419575659554157,0,"572","2"," 83",0.344825616692457,0.178733631546262,-0.0747500428617001,1.19709146637293,NA
"573","NSW1200873",1.27184150923463,-0.159132229913713,0,"573","2"," 84",0.175436466828767,0.15499382809478,0.0163042369150531,1.28814574614969,NA
"574","NSW1211541",1.27184150923463,-0.157557025061473,0,"574","2"," 85",-0.167542200656418,0.139777734453441,-0.325099225717891,0.946742283516744,NA
"575","NSW1190198",1.27184150923463,-0.017446440865826,0,"575","2"," 86",-0.23689870046121,0.145292479724805,-0.254345141327036,1.0174963679076,NA
"576","NSW1213013",1.27184150923463,-0.394611105111506,0,"576","2"," 87",0.0706928842007105,0.140465129047285,-0.323918220910796,0.947923288323839,NA
"577","NSW1212970",1.27184150923463,-0.425243412861104,0,"577","2"," 88",0.579425418497702,0.212572103706415,0.154182005636598,1.42602351487123,NA
"578","NSW1212997",1.27184150923463,-0.296270526182979,0,"578","2"," 89",0.164007252659606,0.175799572123467,-0.132263273523373,1.13957823571126,NA
"579","NSW1211508",1.27184150923463,-0.0500406854952176,0,"579","2"," 90",0.23863111085319,0.0795201162132702,0.188590425357972,1.46043193459261,NA
"580","NSW1211552",1.27184150923463,-0.0514161543783987,0,"580","2"," 91",0.0822963433828641,0.132659377577139,0.0308801890044653,1.3027216982391,NA
"581","NSW1211442",1.27184150923463,0.231031914568066,0,"581","2"," 92",0.507231466207397,0.171660269499808,0.738263380775463,2.0101048900101,NA
"582","NSW1211451",1.27184150923463,0.129033336607649,0,"582","2"," 93",0.0838326215899027,0.0901266745960333,0.212865958197552,1.48470746743219,NA
"583","NSW1194456",1.27184150923463,-0.0176250508685565,0,"583","2"," 94",-0.065107550932623,0.188529175861789,-0.0827326018011795,1.18910890743346,NA
"584","NSW1211546",1.27184150923463,-0.230414690721076,0,"584","2"," 95",0.837996476292783,0.145172771363971,0.607581785571707,1.87942329480634,NA
"585","NSW1213001",1.27184150923463,-0.210302094818139,0,"585","2"," 96",0.100553572525629,0.116439883389354,-0.10974852229251,1.16209298694212,NA
"586","NSW1201431",1.27184150923463,0.163168122388945,0,"586","2"," 97",-0.161135844134244,0.0807205074881871,0.00203227825470115,1.27387378748934,NA
"587","NSW1211568",1.27184150923463,-0.112138686122045,0,"587","2"," 98",0.220950763837254,0.172353924688394,0.108812077715209,1.38065358694984,NA
"588","NSW1211441",1.27184150923463,0.17488105695929,0,"588","2"," 99",-0.479232907631166,0.139376449243895,-0.304351850671876,0.967489658562758,NA
"589","NSW1190206",1.27184150923463,0.0996249888436062,0,"589","2","100",-0.555393061924678,0.113558832950605,-0.455768073081072,0.816073436153562,NA
"590","NSW1200389",1.27184150923463,-0.0762315761320777,0,"590","2","101",-0.527890926437046,0.148998939857953,-0.604122502569124,0.667719006665511,NA
"591","NSW1211534",1.27184150923463,-0.144516475169186,0,"591","2","102",-0.106934381531357,0.139265209438686,-0.251450856700543,1.02039065253409,NA
"592","NSW1200346",1.27184150923463,-0.360534218049043,0,"592","2","103",0.246333914635307,0.220340769615534,-0.114200303413736,1.1576412058209,NA
"593","NSW1200505",1.27184150923463,-0.0305237369366953,0,"593","2","104",0.174603333940026,0.0995024215373082,0.144079597003331,1.41592110623796,NA
"594","NSW1200511",1.27184150923463,0.0427390333724162,0,"594","2","105",0.0955504022717932,0.123975352438647,0.138289435644209,1.41013094487884,NA
"595","NSW1212790",1.27184150923463,-0.343493576213691,0,"595","2","106",-0.386937643760579,0.163409226347339,-0.730431219974269,0.541410289260365,NA
"596","NSW1200361",1.27184150923463,-0.11739802004042,0,"596","2","107",0.0650447990370384,0.212979495178826,-0.0523532210033812,1.21948828823125,NA
"597","NSW1200514",1.27184150923463,0.210770807058783,0,"597","2","108",0.0813308624958881,0.124430656209121,0.292101669554671,1.56394317878931,NA
"598","NSW1200774",1.27184150923463,0.115219224385679,0,"598","2","109",0.311652753013166,0.105341626583119,0.426871977398845,1.69871348663348,NA
"599","NSW1212985",1.27184150923463,-0.449089230098058,0,"599","2","110",-0.75747602225552,0.158425295412522,-1.20656525235358,0.065276256881057,NA
"600","NSW1201411",1.27184150923463,0.118304423191425,0,"600","2","111",-0.366496613902191,0.178167709119682,-0.248192190710766,1.02364931852387,NA
"601","NSW1200352",1.27184150923463,-0.428133792856465,0,"601","2","112",0.506663020928323,0.210956044706644,0.0785292280718578,1.35037073730649,NA
"602","NSW1211570",1.27184150923463,0.00892958837941704,0,"602","2","113",-0.435430880635057,0.126223382140807,-0.42650129225564,0.845340216978995,NA
"603","NSW1200549",1.27184150923463,0.313802534647046,0,"603","2","114",-0.267633074709149,0.148535725348894,0.0461694599378975,1.31801096917253,NA
"604","NSW1200384",1.27184150923463,-0.00802805934510882,0,"604","2","115",-0.439880893116462,0.087041694943019,-0.447908952461571,0.823932556773064,NA
"605","NSW1211577",1.27184150923463,-0.150005831915064,0,"605","2","116",-0.126014462205276,0.15843991056141,-0.276020294120339,0.995821215114295,NA
"606","NSW1200347",1.27184150923463,-0.425528862024199,0,"606","2","117",-0.239518480284478,0.166958670079701,-0.665047342308677,0.606794166925957,NA
"607","NSW1200829",1.27184150923463,0.284938904433217,0,"607","2","118",-0.252869973098965,0.194770754286139,0.0320689313342511,1.30391044056889,NA
"608","NSW1200657",1.27184150923463,-0.389594978402625,0,"608","2","119",0.258282452781187,0.140969513646586,-0.131312525621437,1.1405289836132,NA
"609","NSW1212977",1.27184150923463,-0.434874279518258,0,"609","2","120",-0.341457227734537,0.193880410322424,-0.776331507252795,0.495510001981839,NA
"610","NSW1201414",1.27184150923463,0.278015321523007,0,"610","2","121",-0.624781282959913,0.09362498638109,-0.346765961436906,0.925075547797728,NA
"611","NSW1200509",1.27184150923463,0.277746311511093,0,"611","2","122",-0.0752518662508153,0.137055788090793,0.202494445260278,1.47433595449491,NA
"612","NSW1200521",1.27184150923463,-0.00739853726724646,0,"612","2","123",0.186664147234417,0.130668076932723,0.17926560996717,1.4511071192018,NA
"613","NSW1201631",1.27184150923463,0.195472086823369,0,"613","2","124",-0.0725622182622168,0.11646010656915,0.122909868561152,1.39475137779579,NA
"614","NSW1212856",1.27184150923463,-0.355850247565243,0,"614","2","125",-0.0050031697225551,0.180667211657071,-0.360853417287798,0.910988091946837,NA
"615","NSW1200647",1.27184150923463,0.116843124253601,0,"615","2","126",-0.157094693709712,0.108076669206419,-0.0402515694561108,1.23158993977852,NA
"616","NSW1201396",1.27184150923463,-0.084425849753183,0,"616","2","127",0.171267838565651,0.148536281563769,0.0868419888124685,1.3586834980471,NA
"617","NSW1200554",1.27184150923463,0.237791138458189,0,"617","2","128",-0.044294579912984,0.0831499956178943,0.193496558545205,1.46533806777984,NA
"618","NSW1200544",1.27184150923463,0.133373059316956,0,"618","2","129",-0.359500588685924,0.0739580850156243,-0.226127529368968,1.04571397986567,NA
"619","NSW1200429",1.27184150923463,-0.137382241777965,0,"619","2","130",0.00781862346989852,0.456069406299853,-0.129563618308066,1.14227789092657,NA
"620","NSW1190190",1.27184150923463,-0.313138119150001,0,"620","2","131",-0.216259947405699,0.114257195123624,-0.529398066555701,0.742443442678934,NA
"621","NSW1200428",1.27184150923463,-0.338314597474145,0,"621","2","132",-0.161208079171061,0.0805515903413389,-0.499522676645206,0.772318832589428,NA
"622","NSW1190183",1.27184150923463,-0.306236947729439,0,"622","2","133",0.228022667847223,0.109671980493819,-0.0782142798822163,1.19362722935242,NA
"623","NSW1201400",1.27184150923463,0.385924030061566,0,"623","2","134",-0.878619873949773,0.10316682736887,-0.492695843888208,0.779145665346427,NA
"624","NSW1166447",1.27184150923463,-0.400650499049639,0,"624","2","135",0.0238037914054504,0.124353516075915,-0.376846707644188,0.894994801590446,NA
"625","NSW1190182",1.27184150923463,-0.246039822605655,0,"625","2","136",-0.54769043031843,0.176889203274654,-0.793730252924085,0.478111256310549,NA
"626","NSW1200666",1.27184150923463,-0.361361616309245,0,"626","2","137",0.24421687450847,0.137203074287711,-0.117144741800775,1.15469676743386,NA
"627","NSW1190168",1.27184150923463,0.160604599194106,0,"627","2","138",-0.635021117683067,0.129855388580808,-0.47441651848896,0.797424990745674,NA
"628","NSW1201641",1.27184150923463,0.209263198400831,0,"628","2","139",-0.0238960258754367,0.118192182589216,0.185367172525394,1.45720868176003,NA
"629","NSW1194450",1.27184150923463,0.0276487672649507,0,"629","2","140",0.316387937674413,0.102182876936637,0.344036704939363,1.615878214174,NA
"630","NSW1211020",1.27184150923463,-0.349386835892872,0,"630","2","141",0.326903553080366,0.165613849575001,-0.0224832828125059,1.24935822642213,NA
"631","NSW1200545",1.27184150923463,-0.143198214796434,0,"631","2","142",0.518483638461249,0.133589933156458,0.375285423664815,1.64712693289945,NA
"632","NSW1200373",1.27184150923463,0.158005384151814,0,"632","2","143",-0.154546040096695,0.163040611895771,0.00345934405511833,1.27530085328975,NA
"633","NSW1211526",1.27184150923463,0.125892749274493,0,"633","2","144",0.0413077713878126,0.0991442037391149,0.167200520662305,1.43904202989694,NA
"634","NSW1212995",1.27184150923463,-0.322879901546294,0,"634","2","145",0.949804744765279,0.167345155317762,0.626924843218985,1.89876635245362,NA
"635","NSW1212990",1.27184150923463,-0.458127762157332,0,"635","2","146",-0.314169132726948,0.178531564961008,-0.77229689488428,0.499544614350355,NA
"636","NSW1190212",1.27184150923463,0.183254675256735,0,"636","2","147",0.709271227923714,0.237963714445692,0.892525903180449,2.16436741241508,NA
"637","NSW1200895",1.27184150923463,0.176283923136561,0,"637","2","148",-0.0109361765980113,0.155822434057161,0.165347746538549,1.43718925577318,NA
"638","NSW1211539",1.27184150923463,-0.191512695163155,0,"638","2","149",0.542235407109569,0.0955977079408415,0.350722711946413,1.62256422118105,NA
"639","NSW1200817",1.27184150923463,-0.152583717112461,0,"639","2","150",-0.28005301388806,0.12739352229869,-0.432636731000521,0.839204778234114,NA
"640","NSW1200388",1.27184150923463,0.118987034857792,0,"640","2","151",-0.102580011609868,0.177093503979183,0.016407023247924,1.28824853248256,NA
"641","NSW1200807",1.27184150923463,-0.0492974625849665,0,"641","2","152",0.629278052444383,0.1549153245386,0.579980589859416,1.85182209909405,NA
"642","NSW1200420",1.27184150923463,-0.406681195216557,0,"642","2","153",-0.450606474584225,0.19070746518726,-0.857287669800782,0.414553839433852,NA
"643","NSW1213005",1.27184150923463,-0.3582490873353,0,"643","2","154",0.0242758077639671,0.183793678764734,-0.333973279571333,0.937868229663302,NA
"644","NSW1211533",1.27184150923463,-0.141263966988523,0,"644","2","155",-0.343595973066975,0.164184017441153,-0.484859940055498,0.786981569179136,NA
"645","NSW1212991",1.27184150923463,-0.279678013084117,0,"645","2","156",0.404445527912521,0.168537241976204,0.124767514828404,1.39660902406304,NA
"646","NSW1201650",1.27184150923463,0.269232179415731,0,"646","2","157",0.085753538759762,0.135321274864558,0.354985718175493,1.62682722741013,NA
"647","NSW1213020",1.27184150923463,-0.312474466463978,0,"647","2","158",0.521050441827513,0.140800231006779,0.208575975363535,1.48041748459817,NA
"648","NSW1190163",1.27184150923463,0.0212744723481863,0,"648","2","159",-0.0837272225975513,0.134617336755076,-0.0624527502493649,1.20938875898527,NA
"649","NSW1200466",1.27184150923463,0.0263379816666665,0,"649","2","160",-0.0300982401605533,0.151252119106918,-0.00376025849388686,1.26808125074075,NA
"650","NSW1200623",1.27184150923463,0.169516994323771,0,"650","2","161",-0.66174396317145,0.0779413413467427,-0.492226968847679,0.779614540386956,NA
"651","NSW1211511",1.27184150923463,-0.129354976476874,0,"651","2","162",0.359455491426252,0.0406043565470812,0.230100514949378,1.50194202418401,NA
"652","NSW1200371",1.27184150923463,0.174566727289978,0,"652","2","163",-0.156781361327223,0.135429542432921,0.017785365962755,1.28962687519739,NA
"653","NSW1211592",1.27184150923463,0.216251809229358,0,"653","2","164",0.0602941296413295,0.148770944473619,0.276545938870687,1.54838744810532,NA
"654","NSW1212785",1.27184150923463,-0.422492224082541,0,"654","2","165",-0.0242810474707276,0.180633364138174,-0.446773271553269,0.825068237681366,NA
"655","NSW1201616",1.27184150923463,0.191043278097487,0,"655","2","166",0.00860726105694275,0.121848506055309,0.19965053915443,1.47149204838906,NA
"656","NSW1212959",1.27184150923463,-0.293958315977766,0,"656","2","167",0.0542222127937064,0.191695372769723,-0.239736103184059,1.03210540605058,NA
"657","NSW1213034",1.27184150923463,-0.438314311858273,0,"657","2","168",-0.103537084917936,0.1571689358537,-0.541851396776209,0.729990112458426,NA
"658","NSW1211561",1.27184150923463,0.134476292924487,0,"658","2","169",-0.138192852025058,0.154502647256435,-0.00371655910057048,1.26812495013406,NA
"659","NSW1211542",1.27184150923463,-0.156980646357699,0,"659","2","170",0.233997063267952,0.130137380525322,0.0770164169102527,1.34885792614489,NA
"660","NSW1200803",1.27184150923463,0.110074132210224,0,"660","2","171",-0.189941908090507,0.132427640837117,-0.0798677758802832,1.19197373335435,NA
"661","NSW1211578",1.27184150923463,-0.123398033716472,0,"661","2","172",-0.0494945814459675,0.108015055314925,-0.172892615162439,1.09894889407219,NA
"662","NSW1190217",1.27184150923463,0.0827948778582364,0,"662","2","173",-0.493179217837433,0.133199803481111,-0.410384339979197,0.861457169255438,NA
"663","NSW1211562",1.27184150923463,0.129370892832524,0,"663","2","174",0.719495438999087,0.120701425837486,0.848866331831611,2.12070784106624,NA
"664","NSW1200672",1.27184150923463,-0.419294047298838,0,"664","2","175",0.901452181469304,0.186165161141042,0.482158134170466,1.7539996434051,NA
"665","NSW1201375",1.27184150923463,0.203406751628962,0,"665","2","176",-0.0626898866264708,0.116713287698361,0.140716865002492,1.41255837423713,NA
"666","NSW1212972",1.27184150923463,-0.305877962119127,0,"666","2","177",0.276244645090585,0.328508523900108,-0.0296333170285417,1.24220819220609,NA
"667","NSW1212982",1.27184150923463,-0.281003317494955,0,"667","2","178",0.0771039293128577,0.208948580128197,-0.203899388182098,1.06794212105254,NA
"668","NSW1166596",1.27184150923463,-0.386959146572707,0,"668","2","179",-0.348384153270367,0.174014001880968,-0.735343299843074,0.536498209391561,NA
"669","NSW1190191",1.27184150923463,-0.218149362768484,0,"669","2","180",0.026477899418831,0.153218863038942,-0.191671463349653,1.08017004588498,NA
"670","NSW1200360",1.27184150923463,-0.406761436273889,0,"670","2","181",0.349017323665776,0.145075645614379,-0.0577441126081136,1.21409739662652,NA
"671","NSW1200363",1.27184150923463,0.208448834342991,0,"671","2","182",-0.308592893356626,0.2307272459461,-0.100144059013635,1.171697450221,NA
"672","NSW1212979",1.27184150923463,-0.426685207292027,0,"672","2","183",-0.533102738351091,0.17954715614982,-0.959787945643118,0.312053563591516,NA
"673","NSW1190208",1.27184150923463,-0.235212880540524,0,"673","2","184",-0.290656902081952,0.176125155030346,-0.525869782622476,0.745971726612159,NA
"674","NSW1200358",1.27184150923463,0.0895374135664817,0,"674","2","185",-0.512282890247832,0.122287593788159,-0.422745476681351,0.849096032553284,NA
"675","NSW1190192",1.27184150923463,-0.451335141315631,0,"675","2","186",0.132204771034645,0.162794469745312,-0.319130370280985,0.952711138953649,NA
"676","NSW1211584",1.27184150923463,-0.0715177513066872,0,"676","2","187",0.618048654362898,0.131548336527706,0.546530903056211,1.81837241229085,NA
"677","NSW1200622",1.27184150923463,-0.202354073063107,0,"677","2","188",-0.166553631998671,0.130225584946359,-0.368907705061778,0.902933804172857,NA
"678","NSW1211430",1.27184150923463,0.171469814535393,0,"678","2","189",0.313303253684996,0.166814336662141,0.484773068220389,1.75661457745502,NA
"679","NSW1200777",1.27184150923463,-0.0545333808464925,0,"679","2","190",0.689459778695022,0.137874215137428,0.634926397848529,1.90676790708316,NA
"680","NSW1211426",1.27184150923463,-0.0563932786839432,0,"680","2","191",-0.490902180942508,0.158976030426945,-0.547295459626451,0.724546049608184,NA
"681","NSW1211450",1.27184150923463,0.247395645027391,0,"681","2","192",-0.0160565847890594,0.142866082537136,0.231339060238332,1.50318056947297,NA
"682","NSW1201381",1.27184150923463,0.116213616725109,0,"682","2","193",-0.234316124193255,0.096802237105201,-0.118102507468146,1.15373900176649,NA
"683","NSW1211527",1.27184150923463,-0.141990812348898,0,"683","2","194",0.0396380506151617,0.119844377815803,-0.102352761733736,1.1694887475009,NA
"684","NSW1194457",1.27184150923463,0.119159447692074,0,"684","2","195",0.784366220259461,0.139299122238598,0.903525667951535,2.17536717718617,NA
"685","NSW1213006",1.27184150923463,-0.365047829755664,0,"685","2","196",-0.101885261196999,0.188480858082369,-0.466933090952664,0.804908418281971,NA
"686","NSW1190187",1.27184150923463,-0.234415921153791,0,"686","2","197",-0.043771217266428,0.224934170567303,-0.278187138420219,0.993654370814415,NA
"687","NSW1213010",1.27184150923463,-0.331379499322704,0,"687","2","198",-0.0176614486706752,0.163512530208959,-0.349040947993379,0.922800561241255,NA
"688","NSW1201425",1.27184150923463,0.170235258892459,0,"688","2","199",-0.338989182547483,0.129479323232284,-0.168753923655024,1.10308758557961,NA
"689","NSW1200504",1.27184150923463,0.249038115902236,0,"689","2","200",0.406950148975606,0.140242319483724,0.655988264877843,1.92782977411248,NA
"690","NSW1200920",1.27184150923463,0.131421140445033,0,"690","2","201",0.313389349802018,0.218108481603364,0.444810490247051,1.71665199948169,NA
"691","NSW1200341",1.27184150923463,-0.38857735825578,0,"691","2","202",-0.0720776462858129,0.172406815479988,-0.460655004541593,0.811186504693042,NA
"692","NSW1200337",1.27184150923463,-0.4167981300021,0,"692","2","203",0.294466393748539,0.166600676862768,-0.122331736253561,1.14950977298107,NA
"693","NSW1212988",1.27184150923463,-0.377985135095156,0,"693","2","204",-0.430563863680317,0.136000927371639,-0.808548998775473,0.463292510459162,NA
"694","NSW1201430",1.27184150923463,0.275038393373149,0,"694","2","205",0.147293169188272,0.124387085938122,0.422331562561421,1.69417307179606,NA
"695","NSW1200824",1.27184150923463,0.180236656769429,0,"695","2","206",0.133758075610438,0.191744283675836,0.313994732379867,1.5858362416145,NA
"696","NSW1212969",1.27184150923463,-0.384710324782363,0,"696","2","207",0.630007653070462,0.163827253623549,0.245297328288099,1.51713883752273,NA
"697","NSW1190200",1.27184150923463,0.227836662416534,0,"697","2","208",-0.02305435527052,0.138280397009349,0.204782307146014,1.47662381638065,NA
"698","NSW1210993",1.27184150923463,-0.348247200047807,0,"698","2","209",0.400672412412088,0.130696741881737,0.0524252123642815,1.32426672159892,NA
"699","NSW1211586",1.27184150923463,0.149714088764383,0,"699","2","210",-0.094291300037972,0.108550272943761,0.0554227887264115,1.32726429796105,NA
"700","NSW1201409",1.27184150923463,0.178819024447122,0,"700","2","211",0.456800247373533,0.20370329255455,0.635619271820655,1.90746078105529,NA
"701","NSW1200853",1.27184150923463,0.144446089458784,0,"701","2","212",-0.23882703352377,0.113398641353997,-0.0943809440649857,1.17746056516965,NA
"702","NSW1212960",1.27184150923463,-0.358823419726409,0,"702","2","213",-0.20093894248796,0.193196099269037,-0.559762362214369,0.712079147020266,NA
"703","NSW1200607",1.27184150923463,-0.162192698949662,0,"703","2","214",0.0130423878859309,0.182553089361778,-0.149150311063731,1.1226911981709,NA
"704","NSW1212957",1.27184150923463,-0.288396068229201,0,"704","2","215",-0.235667175436993,0.221460035982003,-0.524063243666194,0.74777826556844,NA
"705","NSW1212983",1.27184150923463,-0.181733011886929,0,"705","2","216",0.374026825830161,0.222768489180608,0.192293813943232,1.46413532317787,NA
"706","NSW1166654",1.27184150923463,-0.362341356030841,0,"706","2","217",0.34069312997268,0.188656570716628,-0.0216482260581614,1.25019328317647,NA
"707","NSW1212993",1.27184150923463,-0.290025106521821,0,"707","2","218",-0.101835509568497,0.132491557135664,-0.391860616090318,0.879980893144316,NA
"708","NSW1200374",1.27184150923463,-0.374105664189875,0,"708","2","219",0.79859347477188,0.184875018571587,0.424487810582005,1.69632931981664,NA
"709","NSW1200617",1.27184150923463,-0.252012822842002,0,"709","2","220",-0.744759758337113,0.117141105543516,-0.996772581179116,0.275068928055519,NA
"710","NSW1212962",1.27184150923463,-0.323988332467563,0,"710","2","221",0.104360914149744,0.170103877155322,-0.21962741831782,1.05221409091681,NA
"711","NSW1213029",1.27184150923463,-0.306683549769162,0,"711","2","222",-0.0291042697005134,0.135634155914942,-0.335787819469676,0.936053689764959,NA
"712","NSW1200393",1.27184150923463,0.077011191068183,0,"712","2","223",-0.583985822849593,0.137107020361256,-0.50697463178141,0.764866877453225,NA
"713","NSW1211566",1.27184150923463,0.134339128513404,0,"713","2","224",0.121897385647238,0.197304524204827,0.256236514160643,1.52807802339528,NA
"714","NSW1200523",1.27184150923463,0.196788819849453,0,"714","2","225",-0.35739193186428,0.179604006507049,-0.160603112014828,1.11123839721981,NA
"715","NSW1201356",1.27184150923463,0.186924018355738,0,"715","2","226",0.279161484757535,0.216439716326374,0.466085503113273,1.73792701234791,NA
"716","NSW1200534",1.27184150923463,0.10318957960426,0,"716","2","227",-0.0524798020026688,0.102474810719905,0.0507097776015907,1.32255128683623,NA
"717","NSW1200772",1.27184150923463,-0.0247297959340873,0,"717","2","228",0.397151614896995,0.122075374456039,0.372421818962908,1.64426332819754,NA
"718","NSW1200792",1.27184150923463,-0.0877031193222434,0,"718","2","229",0.137833609711823,0.165199959495028,0.0501304903895793,1.32197199962421,NA
"719","NSW1200516",1.27184150923463,-0.0716711294308189,0,"719","2","230",0.149423493017484,0.132320779327751,0.0777523635866652,1.3495938728213,NA
"720","NSW1212967",1.27184150923463,-0.454403306180372,0,"720","2","231",0.0992765444603569,0.215284920507034,-0.355126761720015,0.91671474751462,NA
"721","NSW1213036",1.27184150923463,-0.317827727447779,0,"721","2","232",-0.207071467729689,0.186351665220463,-0.524899195177468,0.746942314057166,NA
"722","NSW1200610",1.27184150923463,0.152628186019754,0,"722","2","233",-0.22197876899927,0.0983755696348382,-0.0693505829795152,1.20249092625512,NA
"723","NSW1200812",1.27184150923463,-0.0320444595140829,0,"723","2","234",-0.0697306297393163,0.147966504046397,-0.101775089253399,1.17006641998124,NA
"724","NSW1166601",1.27184150923463,-0.477545909522292,0,"724","2","235",-0.23216640611263,0.1352150979273,-0.709712315634922,0.562129193599712,NA
"725","NSW1190184",1.27184150923463,-0.281063059755129,0,"725","2","236",-0.030197930305755,0.172927304396709,-0.311260990060884,0.96058051917375,NA
"726","NSW1200597",1.27184150923463,-0.229245233825881,0,"726","2","237",-0.318032444544831,0.193771344832008,-0.547277678370712,0.724563830863923,NA
"727","NSW1200616",1.27184150923463,-0.114587906125759,0,"727","2","238",-0.115534202907446,0.155248981382332,-0.230122109033205,1.04171940020143,NA
"728","NSW1201404",1.27184150923463,0.265863675537599,0,"728","2","239",0.0888484868835693,0.132382539387232,0.354712162421169,1.6265536716558,NA
"729","NSW1200592",1.27184150923463,-0.258150719059916,0,"729","2","240",-0.452375140776466,0.209622238883739,-0.710525859836383,0.561315649398252,NA
"730","NSW1190203",1.27184150923463,0.0908905498472991,0,"730","2","241",-0.00762383024910546,0.164896447598297,0.0832667195981937,1.35510822883283,NA
"731","NSW1211536",1.27184150923463,0.110398994558641,0,"731","2","242",0.833446594049034,0.226526047479408,0.943845588607675,2.21568709784231,NA
"732","NSW1200424",1.27184150923463,-0.334213625604542,0,"732","2","243",-0.351531256076678,0.217036693549224,-0.68574488168122,0.586096627553415,NA
"733","NSW1212846",1.27184150923463,-0.322835376482475,0,"733","2","244",0.537036198997345,0.16698517896479,0.214200822514869,1.4860423317495,NA
"734","NSW1200804",1.27184150923463,0.352020295693079,0,"734","2","245",0.505869176426783,0.241196511637104,0.857889472119862,2.1297309813545,NA
"735","NSW1210995",1.27184150923463,-0.262743950798366,0,"735","2","246",0.355428354359814,0.129864913056845,0.0926844035614479,1.36452591279608,NA
"736","NSW1212968",1.27184150923463,-0.468433785641989,0,"736","2","247",0.233003020685595,0.196914868710256,-0.235430764956393,1.03641074427824,NA
"737","NSW1200591",1.27184150923463,-0.151558118281721,0,"737","2","248",0.703417525269718,0.210127677350802,0.551859406987997,1.82370091622263,NA
"738","NSW1213000",1.27184150923463,-0.358789475880735,0,"738","2","249",-0.0487351041230645,0.225567235220622,-0.407524580003799,0.864316929230835,NA
"739","NSW1200797",1.27184150923463,-0.180444244468075,0,"739","2","250",0.354053132017112,0.149620626746955,0.173608887549037,1.44545039678367,NA
"740","NSW1212964",1.27184150923463,-0.296724111690307,0,"740","2","251",-0.618224192307244,0.183158088399738,-0.914948303997552,0.356893205237083,NA
"741","NSW1200338",1.27184150923463,0.134476546560949,0,"741","2","252",-0.189465710910553,0.130953488548325,-0.0549891643496041,1.21685234488503,NA
"742","NSW1213003",1.27184150923463,-0.259994824218465,0,"742","2","253",0.0177743328845498,0.181873821423103,-0.242220491333915,1.02962101790072,NA
"743","NSW1190162",1.27184150923463,0.140229071647366,0,"743","2","254",-0.155165899100876,0.182679542249465,-0.0149368274535102,1.25690468178112,NA
"744","NSW1200769",1.27184150923463,0.201380546234724,0,"744","2","255",-0.0491407567940298,0.0784487696864821,0.152239789440695,1.42408129867533,NA
"745","NSW1200403",1.27184150923463,0.0945076636773566,0,"745","2","256",-0.287184336095569,0.194709867080113,-0.192676672418212,1.07916483681642,NA
"746","NSW1200355",1.27184150923463,-0.17133552311039,0,"746","2","257",-0.0862587806303589,0.444347824110897,-0.257594303740749,1.01424720549389,NA
"747","NSW1212965",1.27184150923463,-0.416554080292214,0,"747","2","258",0.531428345134586,0.2065872426435,0.114874264842372,1.38671577407701,NA
"748","NSW1200369",1.27184150923463,-0.400115811346988,0,"748","2","259",0.0405787992258956,0.155652546091961,-0.359537012121093,0.912304497113542,NA
"749","NSW1211589",1.27184150923463,-0.0519708416776893,0,"749","2","260",-0.0180628540343693,0.411685031645132,-0.0700336957120587,1.20180781352258,NA
"750","NSW1200611",1.27184150923463,-0.186360487021294,0,"750","2","261",-0.259866820441559,0.170932052823922,-0.446227307462853,0.825614201771781,NA
"751","NSW1211538",1.27184150923463,-0.156687975075576,0,"751","2","262",-0.0382683461337806,0.157443921364513,-0.194956321209357,1.07688518802528,NA
"752","NSW1190172",1.27184150923463,0.2425721000764,0,"752","2","263",0.647220119021794,0.0539021592377427,0.889792219098194,2.16163372833283,NA
"753","NSW1211437",1.27184150923463,0.126240116684721,0,"753","2","264",0.327581212435514,0.173468023954483,0.453821329120235,1.72566283835487,NA
"754","NSW1200656",1.27184150923463,-0.268628065401863,0,"754","2","265",-0.0571850895919479,0.189514158436127,-0.325813154993811,0.946028354240823,NA
"755","NSW1200823",1.27184150923463,0.269188819478314,0,"755","2","266",-0.371266123253651,0.227600294707001,-0.102077303775338,1.1697642054593,NA
"756","NSW1200802",1.27184150923463,-0.0248871184051903,0,"756","2","267",-0.241052992452473,0.143632733739331,-0.265940110857663,1.00590139837697,NA
"757","NSW1211575",1.27184150923463,-0.395243111815194,0,"757","2","268",-0.265531036320807,0.168312693515958,-0.660774148136001,0.611067361098634,NA
"758","NSW1200430",1.27184150923463,-0.336273747429339,0,"758","2","269",-0.166838964361639,0.170691105370159,-0.503112711790978,0.768728797443657,NA
"759","NSW1200378",1.27184150923463,0.140122545259068,0,"759","2","270",-0.0315747800588959,0.0967955563080671,0.108547765200172,1.38038927443481,NA
"760","NSW1200840",1.27184150923463,0.199953843981615,0,"760","2","271",-0.00579084054599429,0.11169488483552,0.19416300343562,1.46600451267026,NA
"761","NSW1201366",1.27184150923463,-0.131941061497937,0,"761","2","272",-0.0210503448577388,0.146545444915109,-0.152991406355675,1.11885010287896,NA
"762","NSW1211569",1.27184150923463,0.0343052437472465,0,"762","2","273",-0.56477169177048,0.136546680293563,-0.530466448023233,0.741375061211401,NA
"763","NSW1210940",1.27184150923463,-0.333278447415647,0,"763","2","274",-0.257000107217371,0.111080234649041,-0.590278554633018,0.681562954601616,NA
"764","NSW1200838",1.27184150923463,-0.355211198372164,0,"764","2","275",-0.677914167260647,0.194422278452537,-1.03312536563281,0.238716143601823,NA
"765","NSW1200419",1.27184150923463,-0.413541361157794,0,"765","2","276",-0.0167919426519648,0.163578115811318,-0.430333303809759,0.841508205424875,NA
"766","NSW1200909",1.27184150923463,0.157605421798064,0,"766","2","277",0.148065563815232,0.134070933919503,0.305670985613296,1.57751249484793,NA
"767","NSW1211572",1.27184150923463,0.0806117998676302,0,"767","2","278",-0.246987642737384,0.145377079023501,-0.166375842869754,1.10546566636488,NA
"768","NSW1201401",1.27184150923463,0.0402591764268629,0,"768","2","279",0.042358663325195,0.130925081814289,0.0826178397520579,1.35445934898669,NA
"769","NSW1200893",1.27184150923463,-0.0641251466270559,0,"769","2","280",-0.112301737184646,0.137339426077515,-0.176426883811702,1.09541462542293,NA
"770","NSW1200879",1.27184150923463,-0.119735032579684,0,"770","2","281",0.365685081970381,0.171457302475944,0.245950049390697,1.51779155862533,NA
"771","NSW1200596",1.27184150923463,-0.155638711449094,0,"771","2","282",0.312618760880083,0.330011063408208,0.156980049430988,1.42882155866562,NA
"772","NSW1213023",1.27184150923463,-0.361473022173851,0,"772","2","283",0.0451775972606777,0.168620037673404,-0.316295424913173,0.955546084321461,NA
"773","NSW1211510",1.27184150923463,-0.241857692420168,0,"773","2","284",-0.157972388953548,0.125200856911175,-0.399830081373717,0.872011427860918,NA
"774","NSW1200342",1.27184150923463,-0.315907867191931,0,"774","2","285",-0.405566397728364,0.136992669604067,-0.721474264920295,0.55036724431434,NA
"775","NSW1200540",1.27184150923463,-0.0615030476423263,0,"775","2","286",-0.423035362509915,0.0550673225983249,-0.484538410152241,0.787303099082393,NA
"776","NSW1211585",1.27184150923463,-0.423428733265409,0,"776","2","287",-0.105556319855256,0.131034037970051,-0.528985053120665,0.742856456113969,NA
"777","NSW1212958",1.27184150923463,-0.431185642308749,0,"777","2","288",0.386814562971638,0.145127645825408,-0.0443710793371105,1.22747042989752,NA
"778","NSW1201627",1.27184150923463,0.317910023911552,0,"778","2","289",-0.257567125731198,0.191621764743592,0.0603428981803543,1.33218440741499,NA
"779","NSW1210988",1.27184150923463,-0.20553906461729,0,"779","2","290",0.229537390861382,0.205472759692751,0.0239983262440922,1.29583983547873,NA
"780","NSW1200915",1.27184150923463,0.135855339801859,0,"780","2","291",0.567945235199107,0.111426311778578,0.703800575000966,1.9756420842356,NA
"781","NSW1200398",1.27184150923463,0.114032301488241,0,"781","2","292",-0.215068145074595,0.142845902909049,-0.101035843586354,1.17080566564828,NA
"782","NSW1212963",1.27184150923463,-0.329862136904309,0,"782","2","293",0.147214033700758,0.170405364918613,-0.182648103203551,1.08919340603108,NA
"783","NSW1200519",1.27184150923463,0.167522969085838,0,"783","2","294",0.0805376705996696,0.102999733607095,0.248060639685508,1.51990214892014,NA
"784","NSW1211436",1.27184150923463,0.186789870840547,0,"784","2","295",-0.171958491688219,0.127535000998152,0.0148313791523276,1.28667288838696,NA
"785","NSW1212984",1.27184150923463,-0.278069469650468,0,"785","2","296",-0.0758281299705923,0.105421304052224,-0.353897599621061,0.917943909613574,NA
"786","NSW1211431",1.27184150923463,0.106708249586226,0,"786","2","297",-0.0448248374303232,0.159445801172711,0.0618834121559028,1.33372492139054,NA
"787","NSW1211557",1.27184150923463,-0.134425391805167,0,"787","2","298",0.500700561447168,0.126365880510459,0.366275169642001,1.63811667887664,NA
"788","NSW1190166",1.27184150923463,0.141407986599982,0,"788","2","299",-0.255474568944542,0.169434202808792,-0.114066582344561,1.15777492689007,NA
"789","NSW1200368",1.27184150923463,0.109515794314797,0,"789","2","300",-0.451892202524093,0.237760500153046,-0.342376408209295,0.929465101025339,NA
"790","NSW1200809",1.27184150923463,0.320816103999063,0,"790","2","301",-0.232885589913425,0.190923413606812,0.0879305140856377,1.35977202332027,NA
"791","NSW1213024",1.27184150923463,-0.252176380587558,0,"791","2","302",0.08455749473603,0.156991200813816,-0.167618885851528,1.10422262338311,NA
"792","NSW1190169",1.27184150923463,0.16387893059054,0,"792","2","303",0.263676443261655,0.150958502471703,0.427555373852194,1.69939688308683,NA
"793","NSW1200348",1.27184150923463,0.116341617207085,0,"793","2","304",-0.1831510374613,0.124325624793381,-0.0668094202542151,1.20503208898042,NA
"794","NSW1200383",1.27184150923463,0.180840674449543,0,"794","2","305",-0.246963000907191,0.186000704891185,-0.0661223264576486,1.20571918277699,NA
"795","NSW1212986",1.27184150923463,-0.367220732316626,0,"795","2","306",0.302001042329564,0.238645339416547,-0.0652196899870623,1.20662181924757,NA
"796","NSW1200602",1.27184150923463,-0.118645498465193,0,"796","2","307",0.124900827244521,0.192475683355534,0.00625532877932782,1.27809683801396,NA
"797","NSW1211535",1.27184150923463,-0.0611031170884907,0,"797","2","308",-0.0364794896218599,0.135382210129805,-0.0975826067103506,1.17425890252428,NA
"798","NSW1212953",1.27184150923463,-0.368061613217101,0,"798","2","309",-0.0471847652778244,0.166996661249117,-0.415246378494926,0.856595130739709,NA
"799","NSW1200794",1.27184150923463,0.168250451729409,0,"799","2","310",-0.255391036663744,0.156503068906889,-0.0871405849343351,1.1847009243003,NA
"800","NSW1201361",1.27184150923463,0.171322344837848,0,"800","2","311",0.132451256925193,0.151070904043843,0.303773601763041,1.57561511099768,NA
"801","NSW1211537",1.27184150923463,-0.263595038406618,0,"801","2","312",0.244364084625947,0.203262863883048,-0.0192309537806701,1.25261055545396,NA
"802","NSW1200601",1.27184150923463,-0.153200646878511,0,"802","2","313",0.275456720057657,0.168875579873885,0.122256073179146,1.39409758241378,NA
"803","NSW1200538",1.27184150923463,0.299812785584632,0,"803","2","314",0.26991520532378,0.142562982667521,0.569727990908412,1.84156950014305,NA
"804","NSW1212996",1.27184150923463,-0.335144601397713,0,"804","2","315",-0.177608893238519,0.136452197090272,-0.512753494636231,0.759088014598403,NA
"805","NSW1211574",1.27184150923463,-0.0217232561831966,0,"805","2","316",0.108699821022369,0.117987364253723,0.0869765648391725,1.35881807407381,NA
"806","NSW1200606",1.27184150923463,-0.160759392549775,0,"806","2","317",-0.0355363530837602,0.150204264284489,-0.196295745633535,1.0755457636011,NA
"807","NSW1200844",1.27184150923463,-0.163603272156795,0,"807","2","318",-0.228370279677765,0.161124765532689,-0.39197355183456,0.879867957400075,NA
"808","NSW1211432",1.27184150923463,0.152629391586001,0,"808","2","319",-0.299682161139817,0.155882205143475,-0.147052769553815,1.12478873968082,NA
"809","NSW1201386",1.27184150923463,0.253536129192536,0,"809","2","320",-0.243997091148527,0.233095288704089,0.00953903804400927,1.28138054727864,NA
"810","NSW1212894",1.27184150923463,-0.363680252600229,0,"810","2","321",0.369846467902857,0.189990620337215,0.00616621530262823,1.27800772453726,NA
"811","NSW1211573",1.27184150923463,-0.0571975708765646,0,"811","2","322",0.208277776415494,0.219991515422899,0.151080205538929,1.42292171477356,NA
"812","NSW1211567",1.27184150923463,0.0948328060625373,0,"812","2","323",0.20048634418597,0.114253581487396,0.295319150248507,1.56716065948314,NA
"813","NSW1201385",1.27184150923463,0.16314010120764,0,"813","2","324",0.00231385376476573,0.229808576549261,0.165453954972406,1.43729546420704,NA
"814","NSW1201357",1.27184150923463,0.198416986033151,0,"814","2","325",-0.242220368703111,0.109283404901724,-0.0438033826699596,1.22803812656467,NA
"815","NSW1211435",1.27184150923463,0.0427312220365014,0,"815","2","326",0.28926333448724,0.218051833656221,0.331994556523741,1.60383606575838,NA
"816","NSW1200555",1.27184150923463,-0.119465072611252,0,"816","2","327",-0.377526798748019,0.0824631209034759,-0.496991871359272,0.774849637875363,NA
"817","NSW1200399",1.27184150923463,-0.0464078563774544,0,"817","2","328",-0.000921393048004867,0.137948314170437,-0.0473292494254592,1.22451225980918,NA
"818","NSW1200894",1.27184150923463,0.127901162639505,0,"818","2","329",-0.0119019117902587,0.114852898174466,0.115999250849246,1.38784076008388,NA
"819","NSW1211457",1.27184150923463,0.0175424343327479,0,"819","2","330",-0.692073531069776,0.194561673615632,-0.674531096737028,0.597310412497606,NA
"820","NSW1200854",1.27184150923463,-0.0954643408133123,0,"820","2","331",0.132466534363408,0.173280359639308,0.0370021935500962,1.30884370278473,NA
"821","NSW1200888",1.27184150923463,-0.120474072123621,0,"821","2","332",0.142490431411889,0.121977050449985,0.0220163592882682,1.2938578685229,NA
"822","NSW1201626",1.27184150923463,0.361152267016965,0,"822","2","333",-0.0105351060745597,0.144369538842741,0.350617160942405,1.62245867017704,NA
"823","NSW1200553",1.27184150923463,0.293278907862669,0,"823","2","334",-0.125499157651885,0.163315638796901,0.167779750210784,1.43962125944542,NA
"824","NSW1213008",1.27184150923463,-0.407070178640729,0,"824","2","335",-0.169119710791567,0.138946746955608,-0.576189889432296,0.695651619802339,NA
"825","NSW1200671",1.27184150923463,-0.282109493538662,0,"825","2","336",-0.306549989546213,0.118360078053424,-0.588659483084875,0.68318202614976,NA
"826","NSW1212955",1.27184150923463,-0.397135719282694,0,"826","2","337",0.27600083816332,0.193591935706636,-0.121134881119374,1.15070662811526,NA
"827","NSW1212999",1.27184150923463,-0.341267990771019,0,"827","2","338",-0.130750020524087,0.231346134686554,-0.472018011295106,0.799823497939529,NA
"828","NSW1213018",1.27184150923463,-0.296679753529516,0,"828","2","339",0.0819043446871028,0.155039041657505,-0.214775408842414,1.05706610039222,NA
"829","NSW1212861",1.27184150923463,-0.441290157943712,0,"829","2","340",0.00496860691791846,0.18737602745818,-0.436321551025793,0.835519958208841,NA
"830","NSW1200526",1.27184150923463,-0.0774695590443152,0,"830","2","341",0.576992846885623,0.115046407541889,0.499523287841308,1.77136479707594,NA
"831","NSW1212978",1.27184150923463,-0.398196732415195,0,"831","2","342",0.939867227415132,0.162109938455296,0.541670494999937,1.81351200423457,NA
"832","NSW1200548",1.27184150923463,0.131124792938166,0,"832","2","343",-0.328107844705308,0.138085631015314,-0.196983051767142,1.07485845746749,NA
"833","NSW1200843",1.27184150923463,0.14405431074614,0,"833","2","344",0.770268511344246,0.18722458553402,0.914322822090387,2.18616433132502,NA
"834","NSW1200898",1.27184150923463,-0.129286272187809,0,"834","2","345",0.0894319293504924,0.0908936096409052,-0.0398543428373161,1.23198716639732,NA
"835","NSW1213031",1.27184150923463,-0.229289509007557,0,"835","2","346",-0.0972715760006655,0.187058571940222,-0.326561085008223,0.945280424226412,NA
"836","NSW1211425",1.27184150923463,0.125182482625786,0,"836","2","347",-0.249429382860963,0.0880309253664739,-0.124246900235177,1.14759460899946,NA
"837","NSW1210966",1.27184150923463,-0.286500736583894,0,"837","2","348",0.397460966496292,0.175573886804177,0.110960229912398,1.38280173914703,NA
"838","NSW1200899",1.27184150923463,0.0864863615828805,0,"838","2","349",-0.36753774933431,0.210554238949013,-0.28105138775143,0.990790121483205,NA
"839","NSW1212973",1.27184150923463,-0.470627058081807,0,"839","2","350",0.880401514065394,0.166168024959296,0.409774455983587,1.68161596521822,NA
"840","NSW1211540",1.27184150923463,-0.184902631030707,0,"840","2","351",-0.140320026358069,0.147730556437136,-0.325222657388776,0.946618851845859,NA
"841","NSW1201406",1.27184150923463,0.207743854963782,0,"841","2","352",-0.0996073991502707,0.183516875248276,0.108136455813512,1.37997796504815,NA
"842","NSW1200889",1.27184150923463,0.0955517948697664,0,"842","2","353",-0.566591070470759,0.163977364556818,-0.471039275600993,0.800802233633642,NA
"843","NSW1200904",1.27184150923463,0.174595823908755,0,"843","2","354",0.329241811802116,0.182832797372501,0.503837635710871,1.77567914494551,NA
"844","NSW1213014",1.27184150923463,-0.3895334916563,0,"844","2","355",-0.0372766343237266,0.173774710773173,-0.426810125980026,0.845031383254608,NA
"845","NSW1211588",1.27184150923463,-0.00858288401551073,0,"845","2","356",0.013872528890776,0.120102075158145,0.0052896448752653,1.2771311541099,NA
"846","NSW1213035",1.27184150923463,-0.230074988262914,0,"846","2","357",0.144271901908004,0.14595268269175,-0.0858030863549099,1.18603842287972,NA
"847","NSW1200510",1.27184150923463,-0.16753731147179,0,"847","2","358",0.39831392433352,0.158097050403625,0.230776612861729,1.50261812209636,NA
"848","NSW1211532",1.27184150923463,-0.348272467739937,0,"848","2","359",0.164305318284368,0.148944139015762,-0.183967149455569,1.08787435977907,NA
"849","NSW1200924",1.27184150923463,0.16620546199784,0,"849","2","360",0.0597615984769767,0.133358076117216,0.225967060474817,1.49780856970945,NA
"850","NSW1200782",1.27184150923463,-0.179711489492404,0,"850","2","361",-0.00524129900461968,0.203020657123725,-0.184952788497024,1.08688872073761,NA
"851","NSW1212998",1.27184150923463,-0.32962693371438,0,"851","2","362",-0.22916348979154,0.163689716987357,-0.55879042350592,0.713051085728715,NA
"852","NSW1211587",1.27184150923463,-0.173826606984797,0,"852","2","363",0.199310420841133,0.0749987956300193,0.0254838138563369,1.29732532309097,NA
"853","NSW1200359",1.27184150923463,-0.321823451230172,0,"853","2","364",-0.010311480747633,0.124839691934448,-0.332134931977805,0.93970657725683,NA
"854","NSW1212989",1.27184150923463,-0.302128377479305,0,"854","2","365",-0.0116033767984896,0.151682468498814,-0.313731754277794,0.95810975495684,NA
"855","NSW1201429",1.27184150923463,0.0969129825588958,0,"855","2","366",-0.413791975209516,0.169472523543969,-0.31687899265062,0.954962516584014,NA
"856","NSW1200918",1.27184150923463,-0.0819890311884476,0,"856","2","367",-0.597203720193771,0.174541372055514,-0.679192751382219,0.592648757852416,NA
"857","NSW1190209",1.27184150923463,0.14357536352346,0,"857","2","368",-0.260712072233057,0.212658578135298,-0.117136708709597,1.15470480052504,NA
"858","NSW1200404",1.27184150923463,-0.0326564388930577,0,"858","2","369",0.57378978723881,0.0473265196835001,0.541133348345752,1.81297485758039,NA
"859","NSW1211509",1.27184150923463,-0.410235251427007,0,"859","2","370",-0.119838640269032,0.151003060325292,-0.530073891696038,0.741767617538596,NA
"860","NSW1200421",1.27184150923463,-0.329179960478694,0,"860","2","371",0.292102807514963,0.0768919346311854,-0.0370771529637309,1.2347643562709,NA
"861","NSW1200908",1.27184150923463,-0.068230064505063,0,"861","2","372",0.041146669688076,0.141371247482434,-0.027083394816987,1.24475811441765,NA
"862","NSW1213028",1.27184150923463,-0.376322701886127,0,"862","2","373",-0.319857212980018,0.180985420160323,-0.696179914866144,0.57566159436849,NA
"863","NSW1201632",1.27184150923463,0.339387081731016,0,"863","2","374",0.672312673138115,0.257713734472537,1.01169975486913,2.28354126410377,NA
"864","NSW1200461",1.27184150923463,-0.0339461963249779,0,"864","2","375",0.408004261832366,0.127867903859832,0.374058065507388,1.64589957474202,NA
"865","NSW1200590",1.27184150923463,-0.317976973511713,0,"865","2","376",0.317958663282669,0.16300168690569,-1.83102290431947e-05,1.27182319900559,NA
"866","NSW1212975",1.27184150923463,-0.378494618599235,0,"866","2","377",0.504515562199032,0.204880094996369,0.126020943599798,1.39786245283443,NA
"867","NSW1201621",1.27184150923463,0.213141560165626,0,"867","2","378",-0.0204287143981713,0.122168338133429,0.192712845767454,1.46455435500209,NA
"868","NSW1210994",1.27184150923463,-0.348351044509681,0,"868","2","379",-0.477813835119523,0.170915290320059,-0.826164879629203,0.445676629605431,NA
"869","NSW1190186",1.27184150923463,-0.291165599954538,0,"869","2","380",-0.0220831760441539,0.14534888200886,-0.313248775998692,0.958592733235942,NA
"870","NSW1213009",1.27184150923463,-0.324577465274335,0,"870","2","381",0.436894304841064,0.152811791797701,0.112316839566729,1.38415834880136,NA
"871","NSW1213004",1.27184150923463,-0.390310645709578,0,"871","2","382",-0.283555112482059,0.187121720622521,-0.673865758191636,0.597975751042998,NA
"872","NSW1200595",1.27184150923463,-0.234959129649328,0,"872","2","383",0.103310620924541,0.173848140972808,-0.131648508724787,1.14019300050985,NA
"873","NSW1211590",1.27184150923463,-0.311125922717761,0,"873","2","384",0.0545266597857769,0.174106337973714,-0.256599262931984,1.01524224630265,NA
"874","NSW1213026",1.27184150923463,-0.355705759736381,0,"874","2","385",-0.388650254738108,0.208424947067302,-0.744356014474489,0.527485494760146,NA
"875","NSW1200798",1.27184150923463,-0.380806232467106,0,"875","2","386",0.432722601264434,0.175130772366229,0.0519163687973279,1.32375787803196,NA
"876","NSW1190171",1.27184150923463,0.217870620680481,0,"876","2","387",-0.112394867475083,0.193627047843038,0.105475753205398,1.37731726244003,NA
"877","NSW1211447",1.27184150923463,0.169400046498368,0,"877","2","388",-0.0463402694199659,0.129432025073364,0.123059777078402,1.39490128631304,NA
"878","NSW1200652",1.27184150923463,-0.350971263423554,0,"878","2","389",0.440066690464868,0.236458728785209,0.0890954270413141,1.36093693627595,NA
"879","NSW1211571",1.27184150923463,-0.0621926799504223,0,"879","2","390",-0.0752215682813229,0.134769231950028,-0.137414248231745,1.13442726100289,NA
"880","NSW1200612",1.27184150923463,-0.0900893151876458,0,"880","2","391",0.0867679260315183,0.116204241035188,-0.00332138915612755,1.26852012007851,NA
"881","NSW1213019",1.27184150923463,-0.296965307286532,0,"881","2","392",-0.169123265208361,0.188919906669261,-0.466088572494893,0.805752936739742,NA
"882","NSW1190193",1.27184150923463,0.17942719980605,0,"882","2","393",0.242668463654703,0.18230197285423,0.422095663460753,1.69393717269539,NA
"883","NSW1200621",1.27184150923463,-0.237980394299759,0,"883","2","394",0.0324037734346677,0.216915098641212,-0.205576620865091,1.06626488836954,NA
"884","NSW1211452",1.27184150923463,-0.404054992971035,0,"884","2","395",-0.260205632213864,0.160532733963821,-0.664260625184899,0.607580884049735,NA
"885","NSW1210997",1.27184150923463,-0.270059029271987,0,"885","2","396",0.199250316319374,0.140850876788288,-0.0708087129526125,1.20103279628202,NA
"886","NSW1201424",1.27184150923463,0.119993267853401,0,"886","2","397",-0.325111037954511,0.187382192102005,-0.20511777010111,1.06672373913352,NA
"887","NSW1213002",1.27184150923463,-0.302024555949866,0,"887","2","398",-0.521168644266721,0.150526226527472,-0.823193200216588,0.448648309018047,NA
"888","NSW1201367",1.27184150923463,0.0149760374465106,0,"888","2","399",-0.54243611005154,0.186185499570764,-0.527460072605029,0.744381436629605,NA
"889","NSW1200903",1.27184150923463,-0.14483997684074,0,"889","2","400",-0.0388615374612384,0.15123973260003,-0.183701514301978,1.08813999493266,NA
"890","NSW1212974",1.27184150923463,-0.370664183048828,0,"890","2","401",-0.285616209830384,0.173012225587554,-0.656280392879212,0.615561116355422,NA
"891","NSW1211531",1.27184150923463,-0.232576880175144,0,"891","2","402",0.884604217429706,0.157561290655997,0.652027337254562,1.9238688464892,NA
"892","NSW1190170",1.27184150923463,0.237591410225988,0,"892","2","403",0.62499158256487,0.0445779651578511,0.862582992790858,2.13442450202549,NA
"893","NSW1211579",1.27184150923463,-0.0431391459963055,0,"893","2","404",-0.233640050154177,0.0826055236171758,-0.276779196150483,0.995062313084151,NA
"894","NSW1200913",1.27184150923463,-0.0181304251086142,0,"894","2","405",-0.0720491896377731,0.138414481511874,-0.0901796147463873,1.18166189448825,NA
"895","NSW1212899",1.27184150923463,-0.419588467929587,0,"895","2","406",-0.16867370114608,0.127926069216499,-0.588262169075667,0.683579340158967,NA
"896","NSW1212954",1.27184150923463,-0.285065093173056,0,"896","2","407",0.0818977292204146,0.112497694746672,-0.203167363952641,1.06867414528199,NA
"897","NSW1200874",1.27184150923463,0.143483192722005,0,"897","2","408",-0.175817799082933,0.158528786503108,-0.0323346063609281,1.23950690287371,NA
"898","NSW1200367",1.27184150923463,0.170596672887378,0,"898","2","409",-0.289364216260736,0.136817065685147,-0.118767543373358,1.15307396586128,NA
"899","NSW1211563",1.27184150923463,0.078882134882769,0,"899","2","410",0.0826491617564791,0.121144636392807,0.161531296639248,1.43337280587388,NA
"900","NSW1200667",1.27184150923463,-0.511432916129014,0,"900","2","411",-0.528999875558137,0.130631725323379,-1.04043279168715,0.231408717547483,NA
"901","NSW1200832",1.27184150923463,-0.127493044618898,0,"901","2","412",0.369556166063136,0.110301669292639,0.242063121444238,1.51390463067887,NA
"902","NSW1211580",1.27184150923463,-0.334786238283212,0,"902","2","413",0.08320312380685,0.152963860402972,-0.251583114476362,1.02025839475827,NA
"903","NSW1201435",1.27184150923463,0.168440231670587,0,"903","2","414",0.052500745086468,0.100335121808474,0.220940976757055,1.49278248599169,NA
"904","NSW1200600",1.27184150923463,-0.396964565839495,0,"904","2","415",0.385945162273046,0.189725108647492,-0.0110194035664484,1.26082210566819,NA
"905","NSW1212994",1.27184150923463,-0.331022550290788,0,"905","2","416",-0.125075226450583,0.0962298048477522,-0.456097776741371,0.815743732493264,NA
"906","NSW1211591",1.27184150923463,0.154458556349982,0,"906","2","417",-0.174981203407937,0.157835502277846,-0.0205226470579552,1.25131886217668,NA
