"","Taxa","BLUE.N","BLUE.I","QTNs","Group","RefInf","ID","BLUP","PEV","gBreedingValue","Prediction","COI"
"1","S_1007_S311",1.39941570903147,0.0599715528489931,0,"  1","1","  1",0.73996070899188,0.2880422073324,0.799932261840873,2.19934797087234,1.8612097182042
"2","S_102_S245",1.39941570903147,-0.0131507437994046,0,"  2","1","  2",0.312182948668457,0.287532670007326,0.299032204869052,1.69844791390052,1.65487545982344
"3","S_1031_S380",1.39941570903147,-0.0104512272388878,0,"  3","1","  3",-0.0951155142133511,0.291298742727793,-0.105566741452239,1.29384896757923,1
"4","S_1045_S231",1.39941570903147,0.075289948013451,0,"  4","1","  4",-1.1346300756915,0.306986051437855,-1.05934012767805,0.340075581353414,0
"5","S_1052_S227",1.39941570903147,0.0873994676751408,0,"  5","1","  5",0.439626067915972,0.297031059429007,0.527025535591113,1.92644124462258,2.11474252688113
"6","S_1054_S345",1.39941570903147,0.0412264333129512,0,"  6","1","  6",-0.267459021123602,0.312571444178393,-0.226232587810651,1.17318312122082,0.840896415253715
"7","S_1057_S302",1.39941570903147,0.0885340865791061,0,"  7","1","  7",-0.251190276548208,0.294913366794974,-0.162656189969102,1.23675951906237,0.840896415253715
"8","S_106_S223",1.39941570903147,0.0150964226929755,0,"  8","1","  8",0.0876832577743473,0.290468274149765,0.102779680467323,1.50219538949879,1.8612097182042
"9","S_1082_S287",1.39941570903147,-0.0033766820313236,0,"  9","1","  9",0.040873617181677,0.293980739725562,0.0374969351503534,1.43691264418182,1.56508458007329
"10","S_108_S258",1.39941570903147,-0.021710303408816,0," 10","1"," 10",0.331552810684411,0.275831563935034,0.309842507275595,1.70925821630706,1.56508458007329
"11","S_109_S351",1.39941570903147,-0.135039904552528,0," 11","1"," 11",0.134526896767926,0.294630947099117,-0.000513007784601532,1.39890270124687,1.49534878122122
"12","S_1124_S271",1.39941570903147,0.104366446150286,0," 12","1"," 12",-0.795499327696708,0.311932038022741,-0.691132881546422,0.708282827485046,1.18920711500272
"13","S_1127_S332",1.39941570903147,0.0789215910287064,0," 13","1"," 13",-1.47615555333581,0.281650858014614,-1.3972339623071,0.00218174672436411,0
"14","S_1130_S319",1.39941570903147,0.107757500135669,0," 14","1"," 14",0.732030194874714,0.317726282116263,0.839787695010383,2.23920340404185,2.65914794847249
"15","S_1132_S315",1.39941570903147,0.053064928665698,0," 15","1"," 15",0.334794428299037,0.300709034995479,0.387859356964735,1.7872750659962,1.65487545982344
"16","S_1159_S297",1.39941570903147,0.0652855908870647,0," 16","1"," 16",0.178259740577741,0.305944182854961,0.243545331464806,1.64296104049627,1.56508458007329
"17","S_1161_S254",1.39941570903147,0.0481524337452352,0," 17","1"," 17",0.229041873444339,0.305796414978215,0.277194307189574,1.67661001622104,1.31607401295249
"18","S_1162_S384",1.39941570903147,-0.0274308465956792,0," 18","1"," 18",0.730682896335388,0.278999531411727,0.703252049739709,2.10266775877118,2.51486685936587
"19","S_1223_S229",1.39941570903147,-0.0365141581326528,0," 19","1"," 19",0.0149787136549819,0.29987158093178,-0.0215354444776709,1.3778802645538,1.4142135623731
"20","S_1237_S377",1.39941570903147,0.038071612990953,0," 20","1"," 20",-1.17341785680968,0.290450694225716,-1.13534624381873,0.264069465212742,0
"21","S_129_S310",1.39941570903147,-0.156853724763116,0," 21","1"," 21",-1.17701026807507,0.306485333459758,-1.33386399283819,0.0655517161932773,0
"22","S_1305_S246",1.39941570903147,0.0702370652684518,0," 22","1"," 22",0.0716690484179754,0.299659096878808,0.141906113686427,1.54132182271789,1.77827941003892
"23","S_130_S333",1.39941570903147,-0.13928138820927,0," 23","1"," 23",-1.06183893726502,0.307624112161059,-1.20112032547429,0.198295383557173,0
"24","S_1315_S322",1.39941570903147,-0.0208770031935656,0," 24","1"," 24",0.175112254309919,0.31409374716185,0.154235251116353,1.55365096014782,1.49534878122122
"25","S_1317_S208",1.39941570903147,-0.0222559328563793,0," 25","1"," 25",0.0292894399058239,0.268424182084971,0.00703350704944458,1.40644921608091,1.49534878122122
"26","S_1324_S206",1.39941570903147,-0.0548894320796411,0," 26","1"," 26",0.740596323772155,0.303688006019338,0.685706891692514,2.08512260072398,2.11474252688113
"27","S_1328_S372",1.39941570903147,0.0237560615653038,0," 27","1"," 27",1.01277448956676,0.27793783833219,1.03653055113206,2.43594626016353,2.34034731932072
"28","S_1343_S366",1.39941570903147,0.0735038135546955,0," 28","1"," 28",-0.213497326037524,0.290774714168746,-0.139993512482828,1.25942219654864,1
"29","S_137_S285",1.39941570903147,-0.12911870734123,0," 29","1"," 29",-0.482936759394372,0.307324018313148,-0.612055466735603,0.787360242295865,1
"30","S_1383_S323",1.39941570903147,-0.297614103926215,0," 30","1"," 30",-0.0381883731734026,0.490998966738335,-0.335802477099617,1.06361323193185,1.10668191970032
"31","S_1404_S202",1.39941570903147,-0.130999245947849,0," 31","1"," 31",-0.764159017938103,0.284973107699852,-0.895158263885952,0.504257445145516,0
"32","S_1407_S312",1.39941570903147,-0.0882976152304387,0," 32","1"," 32",-0.292823721292862,0.291288926885038,-0.381121336523301,1.01829437250817,1.31607401295249
"33","S_140_S320",1.39941570903147,-0.114473311146261,0," 33","1"," 33",0.711691343719536,0.314840177920132,0.597218032573275,1.99663374160474,2.51486685936587
"34","S_1423_S318",1.39941570903147,-0.00258682887338389,0," 34","1"," 34",0.731682076760282,0.303005366669987,0.729095247886898,2.12851095691837,2.51486685936587
"35","S_1430_S329",1.39941570903147,-0.0211095215233375,0," 35","1"," 35",-0.0552430825122389,0.294932621783857,-0.0763526040355764,1.32306310499589,1.4142135623731
"36","S_1431_S278",1.39941570903147,-0.0151690194037997,0," 36","1"," 36",-1.13755446533108,0.284200617185153,-1.15272348473488,0.246692224296589,0
"37","S_1437_S292",1.39941570903147,-0.0261970925749875,0," 37","1"," 37",-0.204779508964692,0.294602023782116,-0.230976601539679,1.16843910749179,1.18920711500272
"38","S_1441_S235",1.39941570903147,-0.0497416998022997,0," 38","1"," 38",0.281385691711649,0.312720702204495,0.231643991909349,1.63105970094082,1.96798967126543
"39","S_1442_S328",1.39941570903147,-0.0479200145298048,0," 39","1"," 39",-0.673855840048468,0.300283887617262,-0.721775854578273,0.677639854453195,0
"40","S_1452_S275",1.39941570903147,-0.019842983284277,0," 40","1"," 40",0.277779637389209,0.325261510654414,0.257936654104932,1.6573523631364,1.49534878122122
"41","S_1472_S295",1.39941570903147,0.0387764642073993,0," 41","1"," 41",-1.4902712962008,0.297861585282337,-1.4514948319934,0,0
"42","S_1488_S316",1.39941570903147,-0.047849140294695,0," 42","1"," 42",0.0919496294549272,0.292404875994861,0.0441004891602322,1.4435161981917,1.62657656169779
"43","S_148_S249",1.39941570903147,-0.0399442923802226,0," 43","1"," 43",-0.246815368240023,0.305456853831674,-0.286759660620246,1.11265604841122,1
"44","S_1496_S272",1.39941570903147,-0.0349598295400989,0," 44","1"," 44",0.980434676496066,0.299955186726103,0.945474846955967,2.34489055598743,2.65914794847249
"45","S_150_S251",1.39941570903147,-0.125659617160679,0," 45","1"," 45",0.0911719324727864,0.314255311475353,-0.0344876846878925,1.36492802434358,1.31607401295249
"46","S_1513_S327",1.39941570903147,-0.0380740333587721,0," 46","1"," 46",-0.894510238614728,0.325744969808449,-0.9325842719735,0.466831437057968,0
"47","S_1518_S240",1.39941570903147,-0.081115420301455,0," 47","1"," 47",-0.191280458446917,0.27995328614281,-0.272395878748372,1.1270198302831,1
"48","S_1549_S342",1.39941570903147,0.0118428743387592,0," 48","1"," 48",-0.728479481584035,0.306520870360945,-0.716636607245276,0.682779101786192,0
"49","S_1573_S236",1.39941570903147,-0.026272350238937,0," 49","1"," 49",-0.300793544324914,0.291999428446767,-0.327065894563851,1.07234981446762,1
"50","S_1584_S296",1.39941570903147,-0.0224272322491437,0," 50","1"," 50",0.464944245666681,0.295193405537254,0.442517013417538,1.84193272244901,2.21336383940064
"51","S_1599_S343",1.39941570903147,0.0318090270784037,0," 51","1"," 51",0.655977098531324,0.293914333703439,0.687786125609727,2.08720183464119,2.65914794847249
"52","S_1619_S303",1.39941570903147,-0.0247732316309911,0," 52","1"," 52",0.421035639739866,0.309820210116929,0.396262408108874,1.79567811714034,1.77827941003892
"53","S_1621_S339",1.39941570903147,0.019326248192279,0," 53","1"," 53",1.12870642980531,0.290909462780911,1.14803267799759,2.54744838702906,2.54572989502183
"54","S_1623_S378",1.39941570903147,0.0188686349268469,0," 54","1"," 54",0.179962222977164,0.265690367086573,0.198830857904011,1.59824656693548,1.65487545982344
"55","S_1629_S373",1.39941570903147,-0.014854192113475,0," 55","1"," 55",0.786272396070126,0.275577296042993,0.771418203956651,2.17083391298812,1.77827941003892
"56","S_1631_S361",1.39941570903147,-0.0126231781980771,0," 56","1"," 56",0.617628922928745,0.285365979983266,0.605005744730668,2.00442145376214,2.65914794847249
"57","S_1637_S325",1.39941570903147,-0.0158837000018594,0," 57","1"," 57",0.736172450567205,0.296522999053986,0.720288750565346,2.11970445959681,2.44948974278318
"58","S_1639_S204",1.39941570903147,-0.0301455459108618,0," 58","1"," 58",-0.422862783945599,0.286749794067057,-0.453008329856461,0.946407379175007,1.31607401295249
"59","S_1643_S375",1.39941570903147,-0.094292093418307,0," 59","1"," 59",-0.387745232849821,0.301689974429393,-0.482037326268128,0.917378382763339,1
"60","S_1649_S331",1.39941570903147,-0.137226017379874,0," 60","1"," 60",0.0632338150113046,0.30885288637833,-0.0739922023685695,1.3254235066629,1.49534878122122
"61","S_1653_S294",1.39941570903147,0.0413297469311859,0," 61","1"," 61",-0.115283760606077,0.307757789564592,-0.0739540136748913,1.32546169535658,1
"62","S_165_S284",1.39941570903147,-0.0315954245319177,0," 62","1"," 62",0.323518861842221,0.289005815459561,0.291923437310303,1.69133914634177,1.49534878122122
"63","S_1677_S221",1.39941570903147,-0.00641476067990981,0," 63","1"," 63",-1.22914829247652,0.293789969659418,-1.23556305315643,0.163852655875043,0
"64","S_1683_S338",1.39941570903147,-0.103669469227476,0," 64","1"," 64",-0.510668829765989,0.313787656373684,-0.614338298993464,0.785077410038003,1.18920711500272
"65","S_1689_S192",1.39941570903147,-0.0538591587415977,0," 65","1"," 65",-1.25659725568391,0.308089440972045,-1.31045641442551,0.088959294605961,0
"66","S_1699_S367",1.39941570903147,0.0371906597897834,0," 66","1"," 66",0.221628567581455,0.275257305011439,0.258819227371238,1.65823493640271,1.18920711500272
"67","S_171_S219",1.39941570903147,-0.123518554859763,0," 67","1"," 67",0.738172011562319,0.312042589846234,0.614653456702556,2.01406916573402,2.59002006411135
"68","S_1723_S369",1.39941570903147,-0.118963082101777,0," 68","1"," 68",-0.0673674990934762,0.28688273762976,-0.186330581195253,1.21308512783621,1.4142135623731
"69","S_1728_S376",1.39941570903147,-0.104412310296948,0," 69","1"," 69",0.945295167563043,0.306143591220546,0.840882857266095,2.24029856629756,2.78315768371374
"70","S_1736_S359",1.39941570903147,-0.0573810943396249,0," 70","1"," 70",0.665282999685305,0.275275007388642,0.60790190534568,2.00731761437715,1.96798967126543
"71","S_1742_S357",1.39941570903147,-0.0671850992358181,0," 71","1"," 71",0.305228814797558,0.301729377814178,0.23804371556174,1.63745942459321,1.8612097182042
"72","S_1749_S247",1.39941570903147,-0.0663611522364718,0," 72","1"," 72",-0.261315538099903,0.281508856709514,-0.327676690336375,1.07173901869509,1
"73","S_1779_S226",1.39941570903147,-0.0282801927922808,0," 73","1"," 73",0.894764475907204,0.275668182800908,0.866484283114924,2.26589999214639,2.65914794847249
"74","S_1810_S213",1.39941570903147,0.0164410082730184,0," 74","1"," 74",0.633355549467468,0.304733136950946,0.649796557740486,2.04921226677195,1.8612097182042
"75","S_1813_S253",1.39941570903147,-0.0684896798459212,0," 75","1"," 75",0.193007443897973,0.287416057827526,0.124517764052052,1.52393347308352,1.56508458007329
"76","S_1817_S210",1.39941570903147,-0.0935007239567673,0," 76","1"," 76",0.501178695293424,0.303255510695139,0.407677971336657,1.80709368036812,2.34034731932072
"77","S_1818_S238",1.39941570903147,-0.0659702309237251,0," 77","1"," 77",-0.527562620419515,0.289406065290628,-0.59353285134324,0.805882857688228,0
"78","S_1825_S198",1.39941570903147,0.000719313006124156,0," 78","1"," 78",-0.0541071657980596,0.322960840693396,-0.0533878527919354,1.34602785623953,1.49534878122122
"79","S_1837_S256",1.39941570903147,-0.024309629815789,0," 79","1"," 79",0.691180900721976,0.287054228308089,0.666871270906187,2.06628697993765,2.78315768371374
"80","S_1839_S299",1.39941570903147,-0.0285689085819846,0," 80","1"," 80",0.84197284162144,0.297313145783429,0.813403933039456,2.21281964207092,2.21336383940064
"81","S_183_S263",1.39941570903147,-0.127891581384043,0," 81","1"," 81",0.699368354618112,0.306682610341527,0.571476773234068,1.97089248226554,2.65914794847249
"82","S_1841_S250",1.39941570903147,-0.0379389936792306,0," 82","1"," 82",-0.808312206770967,0.277759619563792,-0.846251200450198,0.55316450858127,0
"83","S_1865_S374",1.39941570903147,-0.0509225902167458,0," 83","1"," 83",0.852247580970628,0.284393947323078,0.801324990753882,2.20074069978535,2.21336383940064
"84","S_1874_S244",1.39941570903147,-0.0452103468007345,0," 84","1"," 84",1.45220933110163,0.283200549975584,1.40699898430089,2.80641469333236,2.34034731932072
"85","S_1877_S262",1.39941570903147,-0.10757595798856,0," 85","1"," 85",1.01197642521937,0.30217948577512,0.904400467230809,2.30381617626228,2.78315768371374
"86","S_1899_S193",1.39941570903147,-0.0215464570010702,0," 86","1"," 86",0.26615271080083,0.275547836124688,0.24460625379976,1.64402196283123,1.62657656169779
"87","S_1900_S242",1.39941570903147,0.0143845100243216,0," 87","1"," 87",0.0219975863967647,0.2794972179262,0.0363820964210862,1.43579780545255,1.56508458007329
"88","S_1936_S218",1.39941570903147,-0.0983208128226346,0," 88","1"," 88",-0.201509910575825,0.297503558290431,-0.29983072339846,1.09958498563301,1.18920711500272
"89","S_1952_S293",1.39941570903147,-0.159133986078749,0," 89","1"," 89",-0.220348826447591,0.327528180793546,-0.37948281252634,1.01993289650513,1.18920711500272
"90","S_1969_S291",1.39941570903147,-0.113488403753051,0," 90","1"," 90",0.630661119732914,0.305625534539521,0.517172715979863,1.91658842501133,1.31607401295249
"91","S_1973_S267",1.39941570903147,-0.10844183884516,0," 91","1"," 91",1.39362233487574,0.288640219349505,1.28518049603058,2.68459620506204,2.89250760851908
"92","S_197_S207",1.39941570903147,-0.0871648950042797,0," 92","1"," 92",-0.607151233954567,0.288706873077474,-0.694316128958846,0.705099580072621,1.4142135623731
"93","S_198_S304",1.39941570903147,-0.124862532251385,0," 93","1"," 93",-0.965784552621931,0.310906063161887,-1.09064708487332,0.308768624158151,0
"94","S_2010_S200",1.39941570903147,-0.139409770550579,0," 94","1"," 94",-0.672119321363503,0.313706147732056,-0.811529091914082,0.587886617117386,0
"95","S_2014_S264",1.39941570903147,-0.119847086674565,0," 95","1"," 95",-0.233788774428892,0.300849464164187,-0.353635861103457,1.04577984792801,1.25743342968294
"96","S_2015_S266",1.39941570903147,-0.128662649847223,0," 96","1"," 96",-0.777649474101067,0.298056935583175,-0.90631212394829,0.493103585083178,0
"97","S_2037_S371",1.39941570903147,-0.079328182977055,0," 97","1"," 97",-0.926948853966825,0.306246848806787,-1.00627703694388,0.393138672087587,0
"98","S_2073_S215",1.39941570903147,-0.0765285076779512,0," 98","1"," 98",0.316475044404693,0.326096158066769,0.239946536726742,1.63936224575821,1.49534878122122
"99","S_2099_S335",1.39941570903147,-0.095382881287525,0," 99","1"," 99",-0.503979287746737,0.31349496948017,-0.599362169034262,0.800053539997205,0.840896415253715
"100","S_209_S379",1.39941570903147,0.152632093423163,0,"100","1","100",-1.20358440895115,0.306970310891611,-1.05095231552799,0.34846339350348,0
"101","S_2103_S301",1.39941570903147,-0.10539882070533,0,"101","1","101",0.307600867149693,0.322815184319492,0.202202046444363,1.60161775547583,2.34034731932072
"102","S_2104_S224",1.39941570903147,-0.10108894917791,0,"102","1","102",-0.295113967158768,0.315132260940582,-0.396202916336678,1.00321279269479,1.31607401295249
"103","S_2105_S269",1.39941570903147,-0.0462905196770236,0,"103","1","103",-0.438397268734998,0.303421798900606,-0.484687788412022,0.914727920619446,0
"104","S_2107_S349",1.39941570903147,-0.103679442385278,0,"104","1","104",-0.485292075761836,0.318040476702224,-0.588971518147115,0.810444190884353,1.18920711500272
"105","S_2115_S280",1.39941570903147,-0.252957933352627,0,"105","1","105",0.366455478653903,0.399232097269247,0.113497545301277,1.51291325433274,2.34034731932072
"106","S_2116_S350",1.39941570903147,-0.160913590039599,0,"106","1","106",-0.0310064419153246,0.310006282201266,-0.191920031954924,1.20749567707654,1.31607401295249
"107","S_2135_S234",1.39941570903147,-0.108822966186047,0,"107","1","107",-0.0661481320359241,0.304141103138216,-0.174971098221971,1.2244446108095,1.31607401295249
"108","S_2140_S363",1.39941570903147,-0.160381375410357,0,"108","1","108",-1.23544451404861,0.306192089738566,-1.39582588945896,0.00358981957250437,0
"109","S_2145_S212",1.39941570903147,-0.142619294203406,0,"109","1","109",-0.741016249685444,0.300252356878401,-0.88363554388885,0.515780165142617,0
"110","S_2155_S383",1.39941570903147,-0.155433894546747,0,"110","1","110",-0.185617072166387,0.294800365282258,-0.341050966713134,1.05836474231833,1.4142135623731
"111","S_2187_S360",1.39941570903147,-0.161150551456851,0,"111","1","111",0.323063555774811,0.298141109971974,0.16191300431796,1.56132871334943,1.96798967126543
"112","S_2192_S307",1.39941570903147,-0.154874406979231,0,"112","1","112",-0.191996181344702,0.317777557031418,-0.346870588323933,1.05254512070753,1.31607401295249
"113","S_2193_S216",1.39941570903147,-0.0750509054549203,0,"113","1","113",0.230795172025183,0.291208734580088,0.155744266570263,1.55515997560173,1.65487545982344
"114","S_2201_S214",1.39941570903147,-0.174339805688901,0,"114","1","114",-1.13690603543872,0.330093262196603,-1.31124584112762,0.0881698679038478,0
"115","S_2203_S277",1.39941570903147,-0.145001005949087,0,"115","1","115",-0.95826398978742,0.316353401962094,-1.10326499573651,0.296150713294961,0
"116","S_2212_S230",1.39941570903147,-0.0926586243630899,0,"116","1","116",-1.02394970268853,0.280237805695633,-1.11660832705162,0.28280738197985,0
"117","S_2214_S290",1.39941570903147,-0.0933717816335861,0,"117","1","117",-0.185929429228105,0.290830240787148,-0.279301210861691,1.12011449816978,1.4142135623731
"118","S_2226_S298",1.39941570903147,-0.156412846496073,0,"118","1","118",0.836796426911923,0.296337474011273,0.680383580415849,2.07979928944732,2.21336383940064
"119","S_2228_S346",1.39941570903147,-0.134979499498709,0,"119","1","119",-0.994471692943647,0.295307785926677,-1.12945119244236,0.269964516589112,0
"120","S_2232_S273",1.39941570903147,-0.134201261080164,0,"120","1","120",0.294163253031626,0.319777356040672,0.159961991951462,1.55937770098293,1.31607401295249
"121","S_2271_S195",1.39941570903147,-0.140365071647832,0,"121","1","121",0.263351648696959,0.324619659217259,0.122986577049127,1.52240228608059,1.49534878122122
"122","S_2299_S281",1.39941570903147,0.102191161241885,0,"122","1","122",0.706953647097231,0.3188220086244,0.809144808339116,2.20856051737058,2.65914794847249
"123","S_2302_S259",1.39941570903147,0.0855975511837188,0,"123","1","123",0.704046433312707,0.310075300380836,0.789643984496426,2.18905969352789,2.23606797749979
"124","S_2307_S288",1.39941570903147,0.0569837650523174,0,"124","1","124",0.585987319745007,0.290011402561418,0.642971084797324,2.04238679382879,2.69178163547765
"125","S_2319_S337",1.39941570903147,-0.0715271261993747,0,"125","1","125",-0.942891630079359,0.288383707938767,-1.01441875627873,0.384996952752734,0
"126","S_231_S260",1.39941570903147,0.125679105753809,0,"126","1","126",0.696997283960154,0.336126097811817,0.822676389713963,2.22209209874543,2.11474252688113
"127","S_2323_S355",1.39941570903147,0.0746575894395451,0,"127","1","127",-0.638767869656199,0.30144823135622,-0.564110280216654,0.835305428814814,1.25743342968294
"128","S_2351_S197",1.39941570903147,0.000522977931159817,0,"128","1","128",-1.2841612176274,0.293462848620501,-1.28363823969624,0.115777469335231,0
"129","S_2358_S289",1.39941570903147,0.0129395004487908,0,"129","1","129",-0.381255943106363,0.288045499849965,-0.368316442657572,1.0310992663739,1.49534878122122
"130","S_2370_S336",1.39941570903147,0.153946782280473,0,"130","1","130",-0.558581484004488,0.303423455064631,-0.404634701724015,0.994781007307452,1
"131","S_2375_S268",1.39941570903147,0.123570751554446,0,"131","1","131",1.04880989044424,0.305113408755236,1.17238064199868,2.57179635103015,2.51486685936587
"132","S_2395_S194",1.39941570903147,0.10237050618587,0,"132","1","132",0.209974309198282,0.313151017720894,0.312344815384152,1.71176052441562,1.56508458007329
"133","S_242_S324",1.39941570903147,0.112614266978814,0,"133","1","133",-0.987077397480805,0.29019706875644,-0.87446313050199,0.524952578529477,0
"134","S_248_S252",1.39941570903147,0.128085365399849,0,"134","1","134",0.237669529387045,0.291063494009808,0.365754894786894,1.76517060381836,1.77827941003892
"135","S_261_S368",1.39941570903147,-0.0659354505665566,0,"135","1","135",0.537590600375144,0.286730671887719,0.471655149808587,1.87107085884005,1.96798967126543
"136","S_269_S228",1.39941570903147,-0.0220945048943237,0,"136","1","136",-0.68424090469204,0.296621056315975,-0.706335409586364,0.693080299445104,0.840896415253715
"137","S_272_S326",1.39941570903147,-0.0930304763475518,0,"137","1","137",0.416095485211675,0.316899954354043,0.323065008864123,1.72248071789559,2.11474252688113
"138","S_285_S191",1.39941570903147,-0.0563799659213203,0,"138","1","138",0.835384567058968,0.269295771596098,0.779004601137648,2.17842031016912,2.05976714390712
"139","S_28_S364",1.39941570903147,-0.117744538704135,0,"139","1","139",-1.21916226279095,0.291548529313272,-1.33690680149508,0.0625089075363858,0
"140","S_294_S317",1.39941570903147,0.134551204989247,0,"140","1","140",-1.14819543866042,0.31318500016566,-1.01364423367117,0.385771475360297,0
"141","S_298_S354",1.39941570903147,0.179325692076682,0,"141","1","141",0.403629306648391,0.353029365894515,0.582954998725073,1.98237070775654,2.11474252688113
"142","S_304_S341",1.39941570903147,0.0147408031192068,0,"142","1","142",-0.951741296979154,0.291532744420124,-0.937000493859947,0.462415215171521,0
"143","S_325_S347",1.39941570903147,-0.0548224006498576,0,"143","1","143",-1.2916962720886,0.28094096341599,-1.34651867273846,0.0528970362930103,0
"144","S_381_S205",1.39941570903147,-0.10598248159861,0,"144","1","144",1.01879652032204,0.295938448110982,0.912814038723431,2.3122297477549,2.65914794847249
"145","S_382_S276",1.39941570903147,-0.0738272518939484,0,"145","1","145",0.966734228494494,0.312264057321665,0.892906976600546,2.29232268563201,2.89250760851908
"146","S_389_S330",1.39941570903147,-0.0968735516705064,0,"146","1","146",0.593254617259236,0.287711662061983,0.496381065588729,1.8957967746202,2.23606797749979
"147","S_394_S237",1.39941570903147,-0.124114307983243,0,"147","1","147",-0.928991944730726,0.31161111810056,-1.05310625271397,0.346309456317499,0
"148","S_398_S239",1.39941570903147,-0.0908085617235192,0,"148","1","148",0.542884868203196,0.275846266748046,0.452076306479677,1.85149201551114,1.49534878122122
"149","S_402_S309",1.39941570903147,-0.100143030015616,0,"149","1","149",0.420268242133473,0.297718482027002,0.320125212117857,1.71954092114932,1.31607401295249
"150","S_415_S222",1.39941570903147,-0.189862564469488,0,"150","1","150",-1.39514760595183,0.335983549439098,-1.58501017042132,0,0
"151","S_421_S358",1.39941570903147,-0.153074298102173,0,"151","1","151",-0.36569054130263,0.279123253895223,-0.518764839404803,0.880650869626664,1.31607401295249
"152","S_437_S233",1.39941570903147,-0.163768376675172,0,"152","1","152",0.184701024490054,0.317079313565261,0.020932647814882,1.42034835684635,1.18920711500272
"153","S_449_S352",1.39941570903147,-0.166901533639762,0,"153","1","153",0.66543671825041,0.317981915624628,0.498535184610648,1.89795089364212,2.05976714390712
"154","S_451_S261",1.39941570903147,-0.14506773471694,0,"154","1","154",-1.313372366056,0.322368888305877,-1.45844010077295,0,0
"155","S_471_S344",1.39941570903147,-0.158430379981719,0,"155","1","155",-0.701250425953331,0.294048706198683,-0.85968080593505,0.539734903096418,0
"156","S_473_S362",1.39941570903147,-0.0897876720017406,0,"156","1","156",0.309834582058841,0.30817873797301,0.220046910057101,1.61946261908857,1.56508458007329
"157","S_477_S225",1.39941570903147,-0.282996173942832,0,"157","1","157",-0.546415384601461,0.465094556991109,-0.829411558544293,0.570004150487174,0
"158","S_494_S382",1.39941570903147,-0.202529547417704,0,"158","1","158",0.616563424179659,0.305705037524827,0.414033876761956,1.81344958579342,1.49534878122122
"159","S_496_S381",1.39941570903147,-0.13202030516659,0,"159","1","159",0.606744598078281,0.313632504460533,0.474724292911691,1.87414000194316,2.17793858734643
"160","S_499_S265",1.39941570903147,-0.119974332255212,0,"160","1","160",0.735549154911239,0.290237181565152,0.615574822656027,2.01499053168749,2.05976714390712
"161","S_4_S313",1.39941570903147,-0.122268026216515,0,"161","1","161",0.861978661085331,0.302969733370678,0.739710634868816,2.13912634390028,2.78315768371374
"162","S_525_S305",1.39941570903147,-0.120852623278409,0,"162","1","162",-0.572665485198951,0.300442537969279,-0.693518108477359,0.705897600554108,0
"163","S_529_S314",1.39941570903147,-0.110363126547393,0,"163","1","163",0.230701974742097,0.281996129714646,0.120338848194704,1.51975455722617,1.18920711500272
"164","S_550_S257",1.39941570903147,-0.10809793736034,0,"164","1","164",1.08900586679276,0.296558016667831,0.980907929432421,2.38032363846389,2.94283095638271
"165","S_552_S308",1.39941570903147,-0.14774222172475,0,"165","1","165",0.2016045057291,0.304512949676213,0.0538622840043497,1.45327799303582,1.31607401295249
"166","S_564_S211",1.39941570903147,-0.115181577604023,0,"166","1","166",0.166788991978228,0.305637703282976,0.0516074143742051,1.45102312340567,1.73205080756888
"167","S_572_S203",1.39941570903147,-0.176058068694617,0,"167","1","167",-1.27364746130287,0.314577600949128,-1.44970552999748,0,0
"168","S_597_S255",1.39941570903147,-0.12178683893844,0,"168","1","168",0.44754209978939,0.30062637596698,0.32575526085095,1.72517096988242,1.8612097182042
"169","S_652_S232",1.39941570903147,0.12608334669569,0,"169","1","169",0.938665167992312,0.326290617386328,1.064748514688,2.46416422371947,2.51486685936587
"170","S_66_S321",1.39941570903147,-0.02985468573806,0,"170","1","170",0.155455775347015,0.316997467259441,0.125601089608955,1.52501679864042,2.65914794847249
"171","S_699_S356",1.39941570903147,0.0652673076437078,0,"171","1","171",-0.114874030128794,0.287013733483696,-0.0496067224850866,1.34980898654638,1.49534878122122
"172","S_6_S348",1.39941570903147,-0.0399042245763927,0,"172","1","172",0.2160200884078,0.3046884622646,0.176115863831407,1.57553157286287,1.49534878122122
"173","S_701_S340",1.39941570903147,0.0353654219534568,0,"173","1","173",0.582238258921285,0.301412937627127,0.617603680874742,2.01701938990621,2.11474252688113
"174","S_704_S282",1.39941570903147,0.00965014269917681,0,"174","1","174",0.677852238329579,0.292141510975216,0.687502381028756,2.08691809006022,2.34034731932072
"175","S_716_S283",1.39941570903147,0.00674723942550734,0,"175","1","175",0.620716857341071,0.31058351034675,0.627464096766578,2.02687980579805,1.8612097182042
"176","S_732_S243",1.39941570903147,0.119051513552734,0,"176","1","176",0.697668793730758,0.330490495815141,0.816720307283492,2.21613601631496,2.54572989502183
"177","S_737_S201",1.39941570903147,0.0953096325520155,0,"177","1","177",0.85274060040732,0.297472149293406,0.948050232959336,2.3474659419908,2.73861278752583
"178","S_769_S220",1.39941570903147,0.0680368184731902,0,"178","1","178",-0.653946323970141,0.305578442060686,-0.585909505496951,0.813506203534517,1
"179","S_797_S209",1.39941570903147,0.0915344275284376,0,"179","1","179",-1.06963982559069,0.285775428743551,-0.97810539806225,0.421310310969217,0
"180","S_809_S270",1.39941570903147,0.124143271242408,0,"180","1","180",0.854012733810185,0.28575650457092,0.978156005052594,2.37757171408406,2.65914794847249
"181","S_81_S279",1.39941570903147,-0.0498464388253946,0,"181","1","181",0.0691434934671972,0.297174241253838,0.0192970546418025,1.41871276367327,1.56508458007329
"182","S_829_S286",1.39941570903147,0.102156510785268,0,"182","1","182",0.683105501076917,0.302765759141294,0.785262011862186,2.18467772089365,2.11474252688113
"183","S_831_S353",1.39941570903147,0.0470336437256956,0,"183","1","183",1.20854392618882,0.279323086639888,1.25557756991451,2.65499327894598,2.65914794847249
"184","S_838_S306",1.39941570903147,0.09981241894092,0,"184","1","184",0.593572063745225,0.283339554560945,0.693384482686145,2.09280019171761,2.23606797749979
"185","S_868_S274",1.39941570903147,0.169537154938968,0,"185","1","185",-0.01359540020259,0.336909563704951,0.155941754736378,1.55535746376785,1.10668191970032
"186","S_869_S241",1.39941570903147,0.153834366895108,0,"186","1","186",0.201550893022477,0.312140693321055,0.355385259917585,1.75480096894905,1.56508458007329
"187","S_874_S217",1.39941570903147,0.16195763764956,0,"187","1","187",0.782125383412674,0.316988257966091,0.944083021062234,2.3434987300937,2.34034731932072
"188","S_881_S365",1.39941570903147,0.0596151965591806,0,"188","1","188",1.01614106566978,0.312999177714152,1.07575626222896,2.47517197126043,2.78315768371374
"189","S_89_S199",1.39941570903147,-0.14405184244065,0,"189","1","189",-0.768405748500559,0.295850816767415,-0.912457590941209,0.486958118090258,0
"190","S_905_S248",1.39941570903147,0.0704533514441008,0,"190","1","190",-0.786717162454081,0.290907131429909,-0.71626381100998,0.683151898021487,0.840896415253715
"191","S_927_S334",1.39941570903147,-0.0793486834062359,0,"191","1","191",-1.03997418434157,0.304614797495734,-1.1193228677478,0.280092841283666,0
"192","S_984_S370",1.39941570903147,0.0177328097499456,0,"192","1","192",-0.0858800046659915,0.281913134128261,-0.0681471949160459,1.33126851411542,1.49534878122122
"193","S_989_S196",1.39941570903147,0.0560503433335047,0,"193","1","193",-0.287527454506738,0.278510046330036,-0.231477111173233,1.16793859785823,1.25743342968294
"194","S_9_S300",1.39941570903147,-0.0755304026588747,0,"194","1","194",1.12908248002972,0.297396437877302,1.05355207737084,2.45296778640231,2.78315768371374
"195","S_1001_S52_L003",1.39941570903147,0.0771529937643691,0,"195","1","195",1.21710773253421,0.300649539603454,1.29426072629857,2.69367643533004,2.65914794847249
"196","S_1004_S75_L003",1.39941570903147,0.075441052809297,0,"196","1","196",1.19863173543727,0.317057103873281,1.27407278824656,2.67348849727803,2.89250760851908
"197","S_1010_S144",1.39941570903147,0.0552618807464863,0,"197","1","197",0.120820942728813,0.288707311686129,0.176082823475299,1.57549853250677,1.49534878122122
"198","S_1012_S150",1.39941570903147,-0.0587463408097532,0,"198","1","198",0.214564898167774,0.296928948372709,0.155818557358021,1.55523426638949,2.11474252688113
"199","S_1013_S145",1.39941570903147,0.0784487953116099,0,"199","1","199",-0.377350191068914,0.298829562273044,-0.298901395757304,1.10051431327416,1.49534878122122
"200","S_101_S15_L003",1.39941570903147,0.0220301346160988,0,"200","1","200",-0.215893934814285,0.301059918545156,-0.193863800198186,1.20555190883328,1
"201","S_1020_S139",1.39941570903147,0.0712246813116351,0,"201","1","201",-0.103440369639149,0.322436791657643,-0.0322156883275135,1.36720002070395,1.22474487139159
"202","S_1022_S29",1.39941570903147,-0.0489133839922991,0,"202","1","202",0.566398720288763,0.286961621519795,0.517485336296464,1.91690104532793,2.23606797749979
"203","S_1029_S66_L003",1.39941570903147,0.0470188225600368,0,"203","1","203",-0.794112871972366,0.295820143780011,-0.74709404941233,0.652321659619138,0
"204","S_1030_S13",1.39941570903147,-0.0339951559525791,0,"204","1","204",0.657030637282802,0.28878886602974,0.623035481330223,2.02245119036169,2.34034731932072
"205","S_1036_S32",1.39941570903147,0.0942870161036085,0,"205","1","205",0.460544535596835,0.304895005361246,0.554831551700443,1.95424726073191,1.77827941003892
"206","S_1041_S151",1.39941570903147,0.0172793738665001,0,"206","1","206",1.25457181740819,0.274352818094994,1.27185119127469,2.67126690030616,2.89250760851908
"207","S_1053_S23",1.39941570903147,0.0962769035207963,0,"207","1","207",0.308526173737423,0.288857393638354,0.404803077258219,1.80421878628969,2.21336383940064
"208","S_1075_S38",1.39941570903147,-0.141682586082751,0,"208","1","208",0.618278406740686,0.304629618162894,0.476595820657936,1.8760115296894,2.11474252688113
"209","S_1076_S167",1.39941570903147,-0.214063548479136,0,"209","1","209",0.432014893146014,0.417770922601327,0.217951344666878,1.61736705369835,2.34034731932072
"210","S_107_S16",1.39941570903147,-0.00768226286031472,0,"210","1","210",0.654111682224032,0.304575694154844,0.646429419363717,2.04584512839518,2.34034731932072
"211","S_1093_S116",1.39941570903147,0.096318045743783,0,"211","1","211",0.366040552542971,0.29582185458436,0.462358598286754,1.86177430731822,2.34034731932072
"212","S_10_S169",1.39941570903147,-0.101220007028167,0,"212","1","212",0.14747436551197,0.29323839950857,0.0462543584838032,1.44567006751527,1.8612097182042
"213","S_1118_S92",1.39941570903147,-0.0687853574138143,0,"213","1","213",-0.0981457723680458,0.310870893088249,-0.16693112978186,1.23248457924961,1.49534878122122
"214","S_1125_S30_L003",1.39941570903147,0.0595008731214651,0,"214","1","214",-1.23560853019573,0.290614330435895,-1.17610765707427,0.223308051957199,0
"215","S_1134_S91",1.39941570903147,-0.0817904785590078,0,"215","1","215",0.407341267282042,0.294973943596678,0.325550788723034,1.7249664977545,1.31607401295249
"216","S_1138_S159",1.39941570903147,-0.170740381569645,0,"216","1","216",0.791615177225631,0.388470298762485,0.620874795655986,2.02029050468745,2.34034731932072
"217","S_113_S7_L003",1.39941570903147,-0.108447312534505,0,"217","1","217",-0.156276550954868,0.303232715443961,-0.264723863489373,1.13469184554209,1.18920711500272
"218","S_1140_S60_L003",1.39941570903147,0.0138349188921799,0,"218","1","218",0.686746319948732,0.286768965619758,0.700581238840912,2.09999694787238,2.05976714390712
"219","S_1154_S161",1.39941570903147,0.0704931392016685,0,"219","1","219",0.267493211053528,0.303404389232261,0.337986350255197,1.73740205928666,1.96798967126543
"220","S_1160_S11",1.39941570903147,0.0289039523266173,0,"220","1","220",1.21136478760721,0.291744098988901,1.24026873993383,2.6396844489653,2.89250760851908
"221","S_1177_S24",1.39941570903147,0.0933396481143562,0,"221","1","221",0.0966815424596232,0.316276790158483,0.190021190573979,1.58943689960545,1.77827941003892
"222","S_1179_S105",1.39941570903147,0.10269870657503,0,"222","1","222",1.01156539780289,0.331269839520726,1.11426410437792,2.51367981340939,2.51486685936587
"223","S_1200_S164",1.39941570903147,-0.12164765709425,0,"223","1","223",0.378494202713119,0.339837983171005,0.256846545618868,1.65626225465034,2.34034731932072
"224","S_1202_S72_L003",1.39941570903147,0.0845606558927822,0,"224","1","224",0.280992586384338,0.296805955210366,0.36555324227712,1.76496895130859,2.51486685936587
"225","S_1203_S53",1.39941570903147,0.079288027081743,0,"225","1","225",-0.72402475502795,0.291597594183031,-0.644736727946207,0.754678981085261,0
"226","S_1210_S120",1.39941570903147,0.0458993881879938,0,"226","1","226",-0.504585212140997,0.29680512260543,-0.458685823953003,0.940729885078464,1.25743342968294
"227","S_1213_S95_L003",1.39941570903147,-0.00531298452351406,0,"227","1","227",0.56244198765708,0.302139805368685,0.557129003133566,1.95654471216503,2.11474252688113
"228","S_122_S43_L003",1.39941570903147,-0.268339844543244,0,"228","1","228",0.292805341388953,0.410960605675607,0.024465496845709,1.42388120587718,1.56508458007329
"229","S_1247_S133",1.39941570903147,0.0720484306661411,0,"229","1","229",-1.393836768563,0.326917308267367,-1.32178833789686,0.0776273711346049,0
"230","S_1257_S89",1.39941570903147,-0.0293348881580672,0,"230","1","230",-0.147434256187429,0.286502155833585,-0.176769144345496,1.22264656468597,1.49534878122122
"231","S_125_S163",1.39941570903147,-0.19506078307598,0,"231","1","231",-0.666567243638755,0.306830182009766,-0.861628026714735,0.537787682316732,0
"232","S_1278_S20",1.39941570903147,-0.0378350082269971,0,"232","1","232",-1.20178600367136,0.289077862598023,-1.23962101189836,0.159794697133108,0
"233","S_1287_S146",1.39941570903147,-0.0307252124513917,0,"233","1","233",0.639919746323593,0.293290802135806,0.609194533872201,2.00861024290367,2.34034731932072
"234","S_1289_S164",1.39941570903147,0.000387580246209158,0,"234","1","234",1.04044150103906,0.305976167333257,1.04082908128527,2.44024479031674,2.21336383940064
"235","S_1308_S183",1.39941570903147,-0.194562028193701,0,"235","1","235",0.202709004982414,0.393391032704887,0.00814697678871351,1.40756268582018,1.49534878122122
"236","S_1323_S36",1.39941570903147,0.0212593656457451,0,"236","1","236",0.798822569986137,0.294262733856745,0.820081935631882,2.21949764466335,1.96798967126543
"237","S_1326_S53_L003",1.39941570903147,0.0236599603091506,0,"237","1","237",1.238132171965,0.289762160736073,1.26179213227415,2.66120784130561,2.78315768371374
"238","S_132_S41",1.39941570903147,-0.186273882436438,0,"238","1","238",-0.888122678469335,0.305402483919376,-1.07439656090577,0.325019148125695,0
"239","S_1370_S76",1.39941570903147,-0.0116825793128896,0,"239","1","239",-1.02503669695084,0.283591668090451,-1.03671927626373,0.362696432767741,0
"240","S_1374_S132",1.39941570903147,0.0474769594929397,0,"240","1","240",-1.17938114308331,0.293493620332739,-1.13190418359037,0.267511525441093,0
"241","S_1384_S78",1.39941570903147,-0.052534104614359,0,"241","1","241",-0.534982625034102,0.30884536865611,-0.587516729648461,0.811898979383006,0
"242","S_1390_S94",1.39941570903147,-0.0913981392303474,0,"242","1","242",0.694767857622391,0.297566551789961,0.603369718392043,2.00278542742351,2.65914794847249
"243","S_1393_S83_L003",1.39941570903147,-0.0796469067329518,0,"243","1","243",-1.00787338325424,0.299750130478187,-1.08752028998719,0.311895419044275,0
"244","S_1395_S102",1.39941570903147,-0.0747452308204903,0,"244","1","244",-0.0997435123323666,0.311180742690529,-0.174488743152857,1.22492696587861,1.49534878122122
"245","S_1403_S130",1.39941570903147,-0.169745279355354,0,"245","1","245",-0.00821192422942807,0.298118767695478,-0.177957203584783,1.22145850544669,1.31607401295249
"246","S_1405_S126",1.39941570903147,-0.0287261104863538,0,"246","1","246",-0.695908070171284,0.297406475534708,-0.724634180657638,0.67478152837383,0
"247","S_1408_S17_L003",1.39941570903147,-0.0375181194356074,0,"247","1","247",1.28996854625538,0.308353194281441,1.25245042681977,2.65186613585124,2.89250760851908
"248","S_1412_S125",1.39941570903147,-0.0699049503904069,0,"248","1","248",-1.10059555817548,0.305766595569838,-1.17050050856589,0.228915200465579,0
"249","S_1413_S10_L003",1.39941570903147,-0.102284440879887,0,"249","1","249",0.059208453082382,0.289281838659151,-0.0430759877975053,1.35633972123396,1.56508458007329
"250","S_141_S188",1.39941570903147,-0.143080928158761,0,"250","1","250",-0.0882860371098707,0.308499498375015,-0.231366965268632,1.16804874376284,1
"251","S_1434_S73_L003",1.39941570903147,-0.022215293463292,0,"251","1","251",-1.12379154218787,0.301427329779481,-1.14600683565116,0.253408873380308,0
"252","S_1443_S64_L003",1.39941570903147,0.00120385747213694,0,"252","1","252",0.154659329667936,0.316050232040192,0.155863187140073,1.55527889617154,1.56508458007329
"253","S_1462_S171",1.39941570903147,-0.152798875935259,0,"253","1","253",0.490260839319045,0.301415769633815,0.337461963383786,1.73687767241525,2.05976714390712
"254","S_1464_S64",1.39941570903147,-0.0954936472848614,0,"254","1","254",0.239236277422681,0.295021963082651,0.14374263013782,1.54315833916929,1.25743342968294
"255","S_1467_S106",1.39941570903147,0.0792134135883135,0,"255","1","255",0.057669757823806,0.30862077018151,0.13688317141212,1.53629888044359,1.56508458007329
"256","S_1468_S139",1.39941570903147,-0.0754242199237943,0,"256","1","256",0.297120830167849,0.308658246196944,0.221696610244055,1.62111231927552,1.56508458007329
"257","S_1479_S2_L003",1.39941570903147,-0.0491774818332409,0,"257","1","257",-0.118288762185126,0.298409612437389,-0.167466244018367,1.2319494650131,1.31607401295249
"258","S_147_S19",1.39941570903147,-0.0944101217941387,0,"258","1","258",0.42227145221602,0.297195994805363,0.327861330421881,1.72727703945335,1.49534878122122
"259","S_14_S3",1.39941570903147,-0.0687451342300715,0,"259","1","259",-0.778078236200436,0.302482505299541,-0.846823370430508,0.55259233860096,0
"260","S_1506_S61",1.39941570903147,0.0459819271528991,0,"260","1","260",-0.759758527202779,0.292505674555387,-0.71377660004988,0.685639108981588,0
"261","S_1516_S148",1.39941570903147,-0.259494926099117,0,"261","1","261",0.422615702239839,0.44997983688783,0.163120776140722,1.56253648517219,1.73205080756888
"262","S_151_S93",1.39941570903147,-0.0994032485327186,0,"262","1","262",-0.522602518746073,0.295154442917388,-0.622005767278792,0.777409941752676,0
"263","S_1521_S18",1.39941570903147,-0.0230565716828264,0,"263","1","263",0.41434464963172,0.310589170891218,0.391288077948893,1.79070378698036,2.11474252688113
"264","S_1528_S47",1.39941570903147,-0.017266379700823,0,"264","1","264",0.203544340280063,0.291921667405021,0.18627796057924,1.58569366961071,2.11474252688113
"265","S_1531_S31_L003",1.39941570903147,-0.0425452197436034,0,"265","1","265",-0.701421442229046,0.295443349737784,-0.74396666197265,0.655449047058818,0
"266","S_1532_S117",1.39941570903147,-0.0377183082542776,0,"266","1","266",1.11772087264637,0.2983091978189,1.08000256439209,2.47941827342356,2.65914794847249
"267","S_1542_S44",1.39941570903147,-0.0326772471686961,0,"267","1","267",-0.866632077593148,0.29860028200069,-0.899309324761844,0.500106384269624,0
"268","S_154_S162",1.39941570903147,-0.130145333584512,0,"268","1","268",0.223498141653103,0.307973516644127,0.0933528080685911,1.49276851710006,1.65487545982344
"269","S_1552_S185",1.39941570903147,0.0169060978781369,0,"269","1","269",-0.240607939257358,0.293912755197404,-0.223701841379221,1.17571386765225,1.31607401295249
"270","S_1561_S52",1.39941570903147,-0.0901861439416487,0,"270","1","270",0.21921233230334,0.288066637122074,0.129026188361692,1.52844189739316,1.25743342968294
"271","S_1565_S74_L003",1.39941570903147,-0.0784581518338757,0,"271","1","271",0.0613262963733399,0.294613111423447,-0.0171318554605359,1.38228385357093,1.4142135623731
"272","S_1567_S13_L003",1.39941570903147,-0.119251121790512,0,"272","1","272",0.251193330192186,0.283665616811465,0.131942208401674,1.53135791743314,1.49534878122122
"273","S_159_S190",1.39941570903147,-0.151423921485178,0,"273","1","273",1.13346799443293,0.316733275454211,0.982044072947757,2.38145978197922,2.34034731932072
"274","S_1604_S168",1.39941570903147,-0.0461942855024214,0,"274","1","274",0.918309792293012,0.273124185436703,0.872115506790591,2.27153121582206,2.44948974278318
"275","S_1620_S26",1.39941570903147,-0.00208048034909845,0,"275","1","275",-0.558993580045195,0.287586630517097,-0.561074060394294,0.838341648637174,0
"276","S_1651_S111",1.39941570903147,-0.00413695545983554,0,"276","1","276",0.00509067281433997,0.299118268875593,0.000953717354504431,1.40036942638597,1.49534878122122
"277","S_1660_S143",1.39941570903147,0.0968870757324297,0,"277","1","277",0.606422398466863,0.324864144092391,0.703309474199293,2.10272518323076,2.51486685936587
"278","S_1674_S49_L003",1.39941570903147,-0.014191570128198,0,"278","1","278",0.165477033762857,0.276487005166254,0.151285463634659,1.55070117266613,1.25743342968294
"279","S_1675_S175",1.39941570903147,-0.0157620793602299,0,"279","1","279",-0.230640198022453,0.288011292477339,-0.246402277382683,1.15301343164878,1.4142135623731
"280","S_1678_S107",1.39941570903147,-0.0151459279635439,0,"280","1","280",-0.102229606532815,0.280356947150396,-0.117375534496359,1.28204017453511,1.31607401295249
"281","S_1687_S90_L003",1.39941570903147,-0.00752937326234146,0,"281","1","281",-1.09627106273845,0.320575678677966,-1.1038004360008,0.295615273030672,0
"282","S_1691_S141",1.39941570903147,-0.0179747625131795,0,"282","1","282",-0.253979914864126,0.295496920122869,-0.271954677377306,1.12746103165416,1.39157884185687
"283","S_1697_S147",1.39941570903147,-0.303283940237841,0,"283","1","283",0.153374246884373,0.480021448723505,-0.149909693353467,1.249506015678,1.49534878122122
"284","S_169_S27",1.39941570903147,-0.0517658900849899,0,"284","1","284",0.267572448776428,0.306100341845545,0.215806558691438,1.61522226772291,1.31607401295249
"285","S_16_S56_L003",1.39941570903147,-0.093303914159424,0,"285","1","285",0.661001840628746,0.307927838185818,0.567697926469322,1.96711363550079,2.23606797749979
"286","S_1725_S144",1.39941570903147,-0.280358688353228,0,"286","1","286",-0.077026973888489,0.470845023185342,-0.357385662241717,1.04203004678975,0.840896415253715
"287","S_1727_S30",1.39941570903147,-0.0632129882656033,0,"287","1","287",0.0125603427785966,0.30532821179142,-0.0506526454870067,1.34876306354446,1.25743342968294
"288","S_1735_S172",1.39941570903147,-0.0592763420206142,0,"288","1","288",0.249124157099306,0.306453534683629,0.189847815078692,1.58926352411016,1.56508458007329
"289","S_1740_S146",1.39941570903147,-0.179901069340596,0,"289","1","289",0.234502611233794,0.320804226026027,0.0546015418931977,1.45401725092467,1.91682931273882
"290","S_1747_S48_L003",1.39941570903147,-0.0323889346959638,0,"290","1","290",0.0629118139498631,0.285953433882349,0.0305228792538993,1.42993858828537,1.49534878122122
"291","S_1753_S75",1.39941570903147,-0.0243327544034037,0,"291","1","291",0.136320465671195,0.299620155497784,0.111987711267791,1.51140342029926,1.49534878122122
"292","S_1755_S134",1.39941570903147,-0.161432662089795,0,"292","1","292",-0.0833750925520846,0.301379155420184,-0.244807754641879,1.15460795438959,1
"293","S_1757_S61_L003",1.39941570903147,-0.034528814868025,0,"293","1","293",0.178950592582284,0.284577031246857,0.144421777714259,1.54383748674573,1.96798967126543
"294","S_177_S62",1.39941570903147,-0.107863245431558,0,"294","1","294",0.413428769538668,0.287997567930678,0.30556552410711,1.70498123313858,1.49534878122122
"295","S_1780_S45_L003",1.39941570903147,-0.0842081581804791,0,"295","1","295",0.4571388421167,0.289531631429794,0.37293068393622,1.77234639296769,1.8612097182042
"296","S_1781_S84",1.39941570903147,-0.283894789692909,0,"296","1","296",0.049022142421334,0.443803311743522,-0.234872647271575,1.16454306175989,1.96798967126543
"297","S_1783_S150",1.39941570903147,-0.229554459175307,0,"297","1","297",-0.186619540844573,0.37520939596735,-0.416174000019881,0.983241709011587,0.840896415253715
"298","S_1799_S86",1.39941570903147,-0.0725541573414779,0,"298","1","298",-0.0771672199006627,0.30707922394978,-0.149721377242141,1.24969433178933,1.31607401295249
"299","S_1800_S14_L003",1.39941570903147,-0.0289502900588591,0,"299","1","299",-1.04643826523604,0.326300323163418,-1.0753885552949,0.324027153736569,0
"300","S_1811_S148",1.39941570903147,-0.00200407147802971,0,"300","1","300",0.685793474732422,0.292490466532758,0.683789403254393,2.08320511228586,2.11474252688113
"301","S_181_S65",1.39941570903147,-0.17047897342326,0,"301","1","301",0.371552764975057,0.29835328260499,0.201073791551797,1.60048950058327,1.62657656169779
"302","S_1822_S37",1.39941570903147,-0.0233615302196006,0,"302","1","302",0.596999203036711,0.298351910687596,0.573637672817111,1.97305338184858,1.77827941003892
"303","S_1823_S3_L003",1.39941570903147,-0.118879211445472,0,"303","1","303",-0.113910602166504,0.304731237536439,-0.232789813611976,1.16662589541949,1
"304","S_1824_S180",1.39941570903147,-0.0613684250070556,0,"304","2","  1",-0.294316779244601,0.28525574443958,-0.355685204251656,1.04373050477981,NA
"305","S_1828_S156",1.39941570903147,-0.0673337025533423,0,"305","1","304",-0.12412306139986,0.278781646973164,-0.191456763953202,1.20795894507827,1.18920711500272
"306","S_1834_S114",1.39941570903147,-0.0666040469669819,0,"306","1","305",-0.183901385377199,0.279363554442245,-0.250505432344181,1.14891027668729,1.77827941003892
"307","S_1835_S57",1.39941570903147,-0.00962363891793375,0,"307","1","306",-0.885155747385567,0.289740303755726,-0.894779386303501,0.504636322727967,0
"308","S_1845_S34",1.39941570903147,0.00682674519810546,0,"308","1","307",1.27255563752647,0.292366405172689,1.27938238272457,2.67879809175604,2.51486685936587
"309","S_1855_S49",1.39941570903147,-0.0510357681509235,0,"309","1","308",-0.362398195249511,0.294547173012906,-0.413433963400434,0.985981745631033,1
"310","S_1856_S51",1.39941570903147,-0.0207519107785202,0,"310","1","309",-0.242342269747357,0.324860731500466,-0.263094180525877,1.13632152850559,0.840896415253715
"311","S_185_S72",1.39941570903147,-0.168618834113763,0,"311","1","310",-0.316892725147133,0.317808112784651,-0.485511559260896,0.913904149770571,0
"312","S_1861_S1_L003",1.39941570903147,-0.055155308575448,0,"312","1","311",1.41701036409463,0.282340664930939,1.36185505551918,2.76127076455065,2.51486685936587
"313","S_1871_S186",1.39941570903147,0.0107069301571139,0,"313","1","312",0.755715397964918,0.287840205402167,0.766422328122032,2.1658380371535,1.73205080756888
"314","S_188_S79",1.39941570903147,-0.141900310313106,0,"314","1","313",0.147830750815184,0.324097522437757,0.00593044050207797,1.40534614953355,1.18920711500272
"315","S_1909_S132",1.39941570903147,-0.0790308163424219,0,"315","1","314",0.470659174605405,0.286017400690574,0.391628358262984,1.79104406729445,2.05976714390712
"316","S_190_S2",1.39941570903147,-0.143608003373391,0,"316","1","315",0.710266526898275,0.331433079178205,0.566658523524884,1.96607423255635,2.23606797749979
"317","S_1910_S23_L003",1.39941570903147,0.00716983053256064,0,"317","1","316",0.0293799177871192,0.287509207576597,0.0365497483196799,1.43596545735115,1.49534878122122
"318","S_1921_S54",1.39941570903147,-0.0868259349372244,0,"318","1","317",-0.618332804625578,0.303892269844576,-0.705158739562802,0.694256969468665,0
"319","S_1934_S21_L003",1.39941570903147,-0.0946037143450738,0,"319","1","318",0.877540753780223,0.325270245442,0.782937039435149,2.18235274846662,2.89250760851908
"320","S_1935_S15",1.39941570903147,-0.0623435428316027,0,"320","1","319",0.543133318060744,0.309332938353473,0.480789775229141,1.88020548426061,1.49534878122122
"321","S_1939_S59",1.39941570903147,-0.067873778710132,0,"321","1","320",0.779123069552665,0.301194078231405,0.711249290842533,2.110664999874,2.11474252688113
"322","S_1945_S21",1.39941570903147,-0.0339402115799093,0,"322","1","321",0.527644711837416,0.307829450141034,0.493704500257507,1.89312020928897,2.21336383940064
"323","S_1946_S184",1.39941570903147,-0.141189008801786,0,"323","1","322",-0.0499853517177487,0.328054272375914,-0.191174360519535,1.20824134851193,1.31607401295249
"324","S_1950_S66",1.39941570903147,-0.0966781380842381,0,"324","1","323",-0.978319625866498,0.298015962421342,-1.07499776395074,0.324417945080731,0
"325","S_1955_S145",1.39941570903147,-0.286145501992037,0,"325","1","324",0.0966014534144149,0.466307802906181,-0.189544048577622,1.20987166045385,1.45647531512197
"326","S_1956_S127",1.39941570903147,-0.0779286446698945,0,"326","1","325",-0.482492168685816,0.323184986103422,-0.56042081335571,0.838994895675757,0
"327","S_1971_S104",1.39941570903147,-0.143031951209081,0,"327","1","326",0.920830668476898,0.320213103532171,0.777798717267817,2.17721442629928,2.11474252688113
"328","S_1998_S79_L003",1.39941570903147,-0.112946335480023,0,"328","1","327",-1.1287141618786,0.31298303160806,-1.24166049735862,0.157755211672847,0
"329","S_199_S59_L003",1.39941570903147,-0.175057975343874,0,"329","1","328",-0.35409062348831,0.31164968985687,-0.529148598832184,0.870267110199283,1
"330","S_1_S123",1.39941570903147,-0.211373806288342,0,"330","1","329",-0.661033678254883,0.36313227630486,-0.872407484543225,0.527008224488242,0
"331","S_2005_S22",1.39941570903147,-0.129269107911082,0,"331","1","330",0.751640655150274,0.303998923521313,0.622371547239193,2.02178725627066,2.23606797749979
"332","S_2008_S85_L003",1.39941570903147,-0.13671459264819,0,"332","1","331",0.205053737752213,0.316259537831861,0.0683391451040226,1.46775485413549,1.31607401295249
"333","S_2025_S28",1.39941570903147,-0.109882195331509,0,"333","1","332",-0.254281206967343,0.314819891961244,-0.364163402298852,1.03525230673262,1.25743342968294
"334","S_2029_S18_L003",1.39941570903147,-0.140026841287899,0,"334","1","333",0.918729530125584,0.327018633365555,0.778702688837685,2.17811839786915,2.51486685936587
"335","S_2031_S70",1.39941570903147,-0.0722956759485847,0,"335","1","334",-0.651778801787563,0.301172563759591,-0.724074477736147,0.67534123129532,0
"336","S_2038_S118",1.39941570903147,-0.145249977465316,0,"336","1","335",0.614101020231831,0.327788925891799,0.468851042766515,1.86826675179798,2.44948974278318
"337","S_2075_S187",1.39941570903147,-0.244458570161043,0,"337","1","336",-0.271571686187086,0.398644580224904,-0.516030256348129,0.883385452683338,0
"338","S_2076_S5_L003",1.39941570903147,-0.121043247842056,0,"338","1","337",0.389927326392684,0.323072421201256,0.268884078550628,1.6682997875821,1.77827941003892
"339","S_2077_S82_L003",1.39941570903147,-0.0954216731960414,0,"339","1","338",-0.888456976920148,0.302361171735342,-0.983878650116189,0.415537058915278,0.840896415253715
"340","S_2080_S6_L003",1.39941570903147,-0.0965902196481407,0,"340","1","339",0.80008194746464,0.314689309885592,0.703491727816499,2.10290743684797,2.51486685936587
"341","S_2083_S65_L003",1.39941570903147,-0.072711384478488,0,"341","1","340",0.0565922468357687,0.30372817578303,-0.0161191376427193,1.38329657138875,1.31607401295249
"342","S_2089_S17",1.39941570903147,-0.0719632931857856,0,"342","1","341",-1.31489449119939,0.307763320481452,-1.38685778438518,0.0125579246462895,0
"343","S_2096_S54_L003",1.39941570903147,-0.209562910360204,0,"343","1","342",0.518552651113426,0.33348230149026,0.308989740753222,1.70840544978469,2.51486685936587
"344","S_2098_S191",1.39941570903147,-0.0642382204773965,0,"344","1","343",0.434648696279364,0.288775608134776,0.370410475801968,1.76982618483344,1.31607401295249
"345","S_2108_S154",1.39941570903147,-0.248447681399352,0,"345","1","344",0.479265265278689,0.361469812342125,0.230817583879337,1.6302332929108,1.77827941003892
"346","S_210_S177",1.39941570903147,0.0766373681106644,0,"346","1","345",-1.01345651381358,0.276972933447237,-0.936819145702914,0.462596563328554,0
"347","S_2120_S134",1.39941570903147,-0.231687710937248,0,"347","1","346",-0.752942139103033,0.387854720884314,-0.984629850040281,0.414785858991186,0
"348","S_2124_S101",1.39941570903147,-0.132813919719714,0,"348","1","347",-1.05256031452091,0.327268866930615,-1.18537423424062,0.214041474790845,0
"349","S_2125_S140",1.39941570903147,-0.203579653176478,0,"349","1","348",-0.635686369477694,0.325915988633959,-0.839266022654173,0.560149686377295,0
"350","S_2126_S35",1.39941570903147,-0.116844435159929,0,"350","1","349",0.0756356682886128,0.294084330714631,-0.0412087668713158,1.35820694216015,1.31607401295249
"351","S_212_S12",1.39941570903147,0.171003804027295,0,"351","1","350",-1.36933734734751,0.344799334329134,-1.19833354332021,0.201082165711254,0
"352","S_2130_S16_L003",1.39941570903147,-0.125819292460546,0,"352","1","351",0.19385358126825,0.299875801190509,0.0680342888077046,1.46744999783917,1.96798967126543
"353","S_2138_S112",1.39941570903147,-0.154542712344538,0,"353","1","352",0.89492939466354,0.29459402541688,0.740386682319002,2.13980239135047,2.23606797749979
"354","S_2139_S60",1.39941570903147,-0.183317113939425,0,"354","1","353",-0.112357314245464,0.318181427926855,-0.295674428184889,1.10374128084658,1.18920711500272
"355","S_2149_S9_L003",1.39941570903147,-0.162357792763414,0,"355","1","354",-0.716732717314534,0.297938162358087,-0.879090510077949,0.520325198953519,0
"356","S_2157_S122",1.39941570903147,-0.0964073915710153,0,"356","1","355",0.0312405881122935,0.302178019786792,-0.0651668034587218,1.33424890557275,1.18920711500272
"357","S_2162_S4_L003",1.39941570903147,-0.10451879437306,0,"357","1","356",0.568105746962298,0.28667306181746,0.463586952589238,1.86300266162071,2.05976714390712
"358","S_2167_S81_L003",1.39941570903147,-0.092988870999469,0,"358","1","357",-0.673178707574407,0.292183183295065,-0.766167578573876,0.633248130457592,0
"359","S_2177_S11_L003",1.39941570903147,-0.0900323441641712,0,"359","1","358",0.00927934450085396,0.301653176581904,-0.0807529996633173,1.31866270936815,1.25743342968294
"360","S_2194_S133",1.39941570903147,-0.100437845785603,0,"360","1","359",0.253073995631904,0.30843983189242,0.152636149846301,1.55205185887777,1.8612097182042
"361","S_2195_S129",1.39941570903147,-0.128126315672364,0,"361","1","360",-0.894265564377369,0.310392405924419,-1.02239188004973,0.377023828981734,0
"362","S_2200_S5",1.39941570903147,-0.170421389538231,0,"362","1","361",-0.687124237730786,0.329630899649319,-0.857545627269017,0.54187008176245,0.562341325190349
"363","S_2224_S161",1.39941570903147,-0.11583899445452,0,"363","1","362",0.518941702937539,0.291405773613826,0.403102708483019,1.80251841751449,2.34034731932072
"364","S_2225_S110",1.39941570903147,-0.229838199639588,0,"364","1","363",0.113450347564758,0.382999027996845,-0.11638785207483,1.28302785695664,1.31607401295249
"365","S_2233_S80_L003",1.39941570903147,-0.0895079925954167,0,"365","1","364",0.129515921438235,0.302969035693924,0.0400079288428182,1.43942363787429,1.56508458007329
"366","S_2277_S189",1.39941570903147,-0.237016003200393,0,"366","1","365",0.359990737155611,0.399311915609775,0.122974733955218,1.52239044298669,2.05976714390712
"367","S_228_S138",1.39941570903147,0.0770045852544505,0,"367","1","366",-0.80909605593784,0.303588998185399,-0.732091470683389,0.667324238348078,0.840896415253715
"368","S_2296_S115",1.39941570903147,-0.0776543283695501,0,"368","1","367",-0.843889702208806,0.302868338072902,-0.921544030578356,0.477871678453112,0
"369","S_229_S24_L003",1.39941570903147,0.146833210847488,0,"369","1","368",0.36501412222656,0.328077049693916,0.511847333074048,1.91126304210552,1.96798967126543
"370","S_2316_S149",1.39941570903147,-0.0740914200345219,0,"370","1","369",-0.137575633633353,0.300037024645169,-0.211667053667875,1.18774865536359,1
"371","S_2317_S77_L003",1.39941570903147,0.127353251363081,0,"371","1","370",-0.100612172310067,0.358885174022462,0.0267410790530142,1.42615678808448,1.49534878122122
"372","S_2318_S85",1.39941570903147,0.108944170512286,0,"372","1","371",0.459359030682662,0.325065476598109,0.568303201194948,1.96771891022642,2.44948974278318
"373","S_2326_S100",1.39941570903147,0.0613799490737358,0,"373","1","372",-1.05351499686025,0.298296566261094,-0.992135047786516,0.407280661244951,0
"374","S_2332_S35_L003",1.39941570903147,0.0850378961741772,0,"374","1","373",0.0505496290559869,0.307450661150947,0.135587525230164,1.53500323426163,1.96798967126543
"375","S_2335_S96",1.39941570903147,-0.30556552580451,0,"375","1","374",-0.117865637580005,0.503988482314635,-0.423431163384515,0.975984545646953,0
"376","S_2341_S56",1.39941570903147,0.0313511954741639,0,"376","1","375",-1.55577169493975,0.288985533076575,-1.52442049946559,0,0
"377","S_2344_S156",1.39941570903147,-0.301263111128318,0,"377","1","376",-0.309322775266311,0.48567554972036,-0.610585886394629,0.788829822636839,0
"378","S_2346_S152",1.39941570903147,-0.00451309076922982,0,"378","1","377",-1.01059800330154,0.31127076695558,-1.01511109407077,0.384304614960697,0
"379","S_2387_S147",1.39941570903147,-0.0255737175034279,0,"379","1","378",-0.188659166616735,0.295455971520002,-0.214232884120163,1.1851828249113,1.18920711500272
"380","S_2397_S166",1.39941570903147,-0.068244186527988,0,"380","1","379",0.06045850418576,0.290301976234095,-0.007785682342228,1.39163002668924,1.56508458007329
"381","S_255_S45",1.39941570903147,-0.0596604374871642,0,"381","1","380",-0.887347386803214,0.317021006544724,-0.947007824290379,0.452407884741089,0
"382","S_256_S39_L003",1.39941570903147,-0.103884712958664,0,"382","1","381",-0.87302437098934,0.319842236931283,-0.976909083948004,0.422506625083463,0
"383","S_274_S192",1.39941570903147,-0.0935189064452771,0,"383","1","382",-0.881996257989193,0.299461092961634,-0.97551516443447,0.423900544596998,0
"384","S_276_S74",1.39941570903147,-0.0537522561792218,0,"384","1","383",-0.0523569356328142,0.278739924585937,-0.106109191812036,1.29330651721943,1.49534878122122
"385","S_27_S7",1.39941570903147,-0.0927886674153784,0,"385","1","384",-0.760454902359641,0.291688346304499,-0.85324356977502,0.546172139256448,0.840896415253715
"386","S_285_1_S191",1.39941570903147,-0.0626350219302702,0,"386","1","385",1.04306026792951,0.269725750644327,0.980425245999243,2.37984095503071,2.05976714390712
"387","S_289_S32_L003",1.39941570903147,-0.205987774955072,0,"387","1","386",-0.0429469646687681,0.39620483563561,-0.24893473962384,1.15048096940763,1.31607401295249
"388","S_292_S80",1.39941570903147,0.0203531573551395,0,"388","1","387",-0.168389146349474,0.306705276485741,-0.148035988994335,1.25137972003713,1.31607401295249
"389","S_295_S46_L003",1.39941570903147,0.13154119725189,0,"389","1","388",-0.350922801856931,0.355756987019137,-0.219381604605042,1.18003410442643,1.31607401295249
"390","S_297_S95",1.39941570903147,0.150849925378872,0,"390","1","389",0.555964757947534,0.332334283586101,0.706814683326406,2.10623039235787,2.51486685936587
"391","S_302_S182",1.39941570903147,0.0196266409964008,0,"391","1","390",0.238768010561245,0.306508455100843,0.258394651557646,1.65781036058911,2.11474252688113
"392","S_328_S179",1.39941570903147,-0.162537486598848,0,"392","1","391",-0.0413764318273242,0.323909864120451,-0.203913918426172,1.1955017906053,1.56508458007329
"393","S_32_S152",1.39941570903147,-0.19676909369356,0,"393","1","392",-1.12502877899185,0.296750232797416,-1.32179787268541,0.077617836346056,0
"394","S_331_S25",1.39941570903147,-0.0764311830231174,0,"394","1","393",-0.923254288723035,0.309362110089797,-0.999685471746152,0.399730237285315,0
"395","S_334_S137",1.39941570903147,-0.0592928934954302,0,"395","1","394",-1.55612068741559,0.315350119927901,-1.61541358091102,0,0
"396","S_337_S8",1.39941570903147,0.156385628370388,0,"396","1","395",1.1633455577659,0.329891827557957,1.31973118613629,2.71914689516776,2.99069756244244
"397","S_339_S28_L003",1.39941570903147,0.131483710420441,0,"397","1","396",-1.24046590698117,0.305316258001189,-1.10898219656073,0.290433512470737,0
"398","S_341_S162",1.39941570903147,-0.192914898878439,0,"398","1","397",0.415513930092206,0.400266286849295,0.222599031213767,1.62201474024523,1.83142075074235
"399","S_344_S160",1.39941570903147,-0.251441825080312,0,"399","1","398",-0.0153501702416135,0.462473398138697,-0.266791995321926,1.13262371370954,1.56508458007329
"400","S_357_S87",1.39941570903147,0.161289424835795,0,"400","1","399",-0.13236144014719,0.308174171534164,0.0289279846886052,1.42834369372007,1.49534878122122
"401","S_371_S41_L003",1.39941570903147,0.0326961436860438,0,"401","1","400",-0.656097013652254,0.340316531872477,-0.623400869966211,0.776014839065257,1
"402","S_373_S73",1.39941570903147,-0.110636827633534,0,"402","1","401",-0.600656437957859,0.349442125222618,-0.711293265591392,0.688122443440075,0
"403","S_377_S12_L003",1.39941570903147,-0.11115916365835,0,"403","1","402",0.570323578649613,0.320162196939095,0.459164414991263,1.85858012402273,2.78315768371374
"404","S_385_S62_L003",1.39941570903147,-0.127998980495105,0,"404","1","403",0.629199080126113,0.300182991460462,0.501200099631008,1.90061580866248,2.23606797749979
"405","S_393_S135",1.39941570903147,-0.14537185838332,0,"405","2","  2",-0.0900232826788825,0.318676184141287,-0.235395141062203,1.16402056796927,NA
"406","S_397_S176",1.39941570903147,-0.0913589925602202,0,"406","1","404",-0.267609838305143,0.277726142348048,-0.358968830865363,1.0404468781661,1.18920711500272
"407","S_406_S140",1.39941570903147,-0.0621627202765672,0,"407","1","405",0.736591062442117,0.29182856357142,0.674428342165549,2.07384405119702,2.65914794847249
"408","S_407_S131",1.39941570903147,-0.0978607772560859,0,"408","1","406",-1.24681928293913,0.298957800183092,-1.34468006019521,0.0547356488362549,0
"409","S_413_S86_L003",1.39941570903147,-0.139044918684082,0,"409","1","407",-0.852903221570212,0.300133120743282,-0.991948140254294,0.407467568777174,0
"410","S_419_S1",1.39941570903147,-0.121591721147288,0,"410","1","408",0.109720279315357,0.308596783925214,-0.0118714418319304,1.38754426719954,1.49534878122122
"411","S_41_S124",1.39941570903147,-0.154291775776794,0,"411","1","409",-0.970996776629107,0.352923038397442,-1.1252885524059,0.274127156625566,0
"412","S_440_S128",1.39941570903147,-0.274993655862933,0,"412","1","410",-0.381012376108334,0.413099685096546,-0.656006031971267,0.7434096770602,0
"413","S_450_S135",1.39941570903147,-0.123958519809258,0,"413","1","411",-0.207214158919949,0.333029094812333,-0.331172678729207,1.06824303030226,0.840896415253715
"414","S_453_S63",1.39941570903147,-0.21335020921129,0,"414","1","412",-0.61079683249831,0.346027552874735,-0.8241470417096,0.575268667321868,0
"415","S_454_S71_L003",1.39941570903147,-0.113448966082885,0,"415","1","413",0.690947194527278,0.311233472550422,0.577498228444393,1.97691393747586,2.54572989502183
"416","S_469_S119",1.39941570903147,-0.144037766425111,0,"416","1","414",1.16513220782557,0.309795815343688,1.02109444140046,2.42051015043193,2.89250760851908
"417","S_474_S89_L003",1.39941570903147,-0.302820655215966,0,"417","1","415",-0.0779288792306687,0.486174149589978,-0.380749534446635,1.01866617458483,0
"418","S_481_S27_L003",1.39941570903147,-0.169124057270071,0,"418","1","416",-0.297384410083754,0.3237588455608,-0.466508467353825,0.932907241677642,0.840896415253715
"419","S_487_S31",1.39941570903147,-0.139183577230922,0,"419","1","417",-0.270124894846215,0.307783698622139,-0.409308472077136,0.990107236954331,1.49534878122122
"420","S_501_S43",1.39941570903147,-0.104556140163794,0,"420","1","418",-0.574190417879548,0.30171655572603,-0.678746558043342,0.720669150988125,0
"421","S_509_S109",1.39941570903147,-0.113395097575557,0,"421","1","419",-1.17365081559222,0.302118876067086,-1.28704591316778,0.112369795863686,0
"422","S_515_S58",1.39941570903147,-0.159560657907212,0,"422","1","420",-1.17832021985025,0.285391593041161,-1.33788087775746,0.0615348312740052,0
"423","S_516_S138",1.39941570903147,-0.289288543987111,0,"423","1","421",-0.585561814464153,0.454710951309953,-0.874850358451264,0.524565350580203,0
"424","S_517_S20_L003",1.39941570903147,-0.13664323511549,0,"424","1","422",1.32263327924043,0.300705129129414,1.18599004412494,2.5854057531564,2.89250760851908
"425","S_522_S10",1.39941570903147,-0.0836988398774023,0,"425","1","423",0.703727080030738,0.298867830315291,0.620028240153335,2.0194439491848,2.34034731932072
"426","S_524_S33_L003",1.39941570903147,-0.177086065417454,0,"426","1","424",0.367143175974734,0.31298707520003,0.19005711055728,1.58947281958875,1.31607401295249
"427","S_528_S103",1.39941570903147,-0.180092818044619,0,"427","1","425",0.785129249109147,0.341939522419696,0.605036431064529,2.004452140096,2.34034731932072
"428","S_533_S68",1.39941570903147,-0.229911161213276,0,"428","1","426",0.272814017189521,0.344366902818046,0.0429028559762454,1.44231856500771,1.56508458007329
"429","S_537_S78_L003",1.39941570903147,-0.111297054655238,0,"429","1","427",0.947481573861262,0.317780110958642,0.836184519206024,2.23560022823749,2.78315768371374
"430","S_545_S69",1.39941570903147,-0.108091206937858,0,"430","1","428",0.0866654885117646,0.299725267026017,-0.0214257184260933,1.37798999060537,1.10668191970032
"431","S_565_S149",1.39941570903147,-0.172135316632021,0,"431","1","429",0.621747401909218,0.322034995167376,0.449612085277197,1.84902779430866,2.05976714390712
"432","S_567_S165",1.39941570903147,-0.16034159936144,0,"432","1","430",-0.956142353389556,0.319261979770287,-1.116483952751,0.282931756280471,0
"433","S_574_S155",1.39941570903147,-0.320310342192565,0,"433","1","431",-0.199144971009615,0.485659348462555,-0.51945531320218,0.879960395829288,0
"434","S_591_S99",1.39941570903147,-0.123006689353475,0,"434","1","432",0.341205668646239,0.314584846304814,0.218198979292764,1.61761468832423,1.49534878122122
"435","S_5_S63_L003",1.39941570903147,-0.264113674320986,0,"435","1","433",0.505897409507222,0.424919266145083,0.241783735186236,1.6411994442177,2.51486685936587
"436","S_629_S113",1.39941570903147,0.0833396126217755,0,"436","1","434",0.25130122438698,0.299972399823043,0.334640837008756,1.73405654604022,1.77827941003892
"437","S_630_S51_L003",1.39941570903147,-0.0357280865005561,0,"437","1","435",0.408409162958743,0.283964598115578,0.372681076458187,1.77209678548965,2.11474252688113
"438","S_631_S87_L003",1.39941570903147,0.0819253010268458,0,"438","1","436",0.377914334448667,0.319837123377797,0.459839635475513,1.85925534450698,1.96798967126543
"439","S_63_S170",1.39941570903147,-0.020058678401001,0,"439","1","437",-0.483465098167284,0.289183007134454,-0.503523776568285,0.895891932463183,0
"440","S_640_S178",1.39941570903147,0.028256749954614,0,"440","1","438",-1.09507433545253,0.279497274554284,-1.06681758549792,0.332598123533548,0
"441","S_646_S142",1.39941570903147,0.114183819407681,0,"441","1","439",-0.538986671332727,0.305357211585921,-0.424802851925047,0.974612857106421,1.25743342968294
"442","S_650_S129",1.39941570903147,-0.240521481761536,0,"442","1","440",0.405461554209925,0.45627258216966,0.164940072448389,1.56435578147986,2.17793858734643
"443","S_653_S6",1.39941570903147,0.188185270732967,0,"443","1","441",1.49112850001058,0.356855643429284,1.67931377074355,3.07872947977501,2.34034731932072
"444","S_656_S181",1.39941570903147,0.168188252480302,0,"444","1","442",0.887348490404085,0.322224375359701,1.05553674288439,2.45495245191585,2.34034731932072
"445","S_657_S154",1.39941570903147,-0.287353667998829,0,"445","1","443",0.409674410975962,0.488832629306577,0.122320742977132,1.5217364520086,2.23606797749979
"446","S_658_S33",1.39941570903147,0.193873345081403,0,"446","1","444",1.2314490885128,0.345643504218126,1.4253224335942,2.82473814262567,2.89250760851908
"447","S_65_S29_L003",1.39941570903147,-0.140122629969805,0,"447","1","445",0.49989129401855,0.300218116855836,0.359768664048746,1.75918437308021,2.11474252688113
"448","S_662_S98",1.39941570903147,0.0608981361746683,0,"448","1","446",-0.255290288838806,0.302486420778237,-0.194392152664137,1.20502355636733,0.840896415253715
"449","S_673_S40_L003",1.39941570903147,0.124155837569108,0,"449","1","447",-0.0943511383351053,0.315058578823475,0.0298046992340027,1.42922040826547,1.4142135623731
"450","S_674_S130",1.39941570903147,0.15373502086385,0,"450","1","448",-1.42448394597658,0.297326671098379,-1.27074892511273,0.128666783918735,0
"451","S_679_S9",1.39941570903147,0.115255207072161,0,"451","1","449",-0.176501520006908,0.309510441019067,-0.0612463129347469,1.33816939609672,1.25743342968294
"452","S_685_S121",1.39941570903147,0.146091366331408,0,"452","1","450",-0.138909073496012,0.3293094384522,0.00718229283539665,1.40659800186686,1.31607401295249
"453","S_695_S46",1.39941570903147,0.123856181219784,0,"453","1","451",0.392803132118307,0.306997841500266,0.51665931333809,1.91607502236956,2.51486685936587
"454","S_696_S88",1.39941570903147,-0.0302551311744021,0,"454","1","452",0.643719396885012,0.311971723183996,0.61346426571061,2.01287997474208,2.34034731932072
"455","S_706_S108",1.39941570903147,0.0805122738614316,0,"455","1","453",-0.0576262089954148,0.293276856846663,0.0228860648660168,1.42230177389748,1.25743342968294
"456","S_711_S50",1.39941570903147,0.0576648584883424,0,"456","1","454",0.20202209747527,0.30380495004578,0.259686955963613,1.65910266499508,1.49534878122122
"457","S_712_S136",1.39941570903147,0.130585049494396,0,"457","1","455",0.204781070372289,0.308677437170217,0.335366119866685,1.73478182889815,1.45647531512197
"458","S_713_S163",1.39941570903147,-0.214906403439485,0,"458","1","456",0.267125692065557,0.403833802581877,0.0522192886260725,1.45163499765754,1.77827941003892
"459","S_714_S34_L003",1.39941570903147,0.17459730557334,0,"459","1","457",0.0133110739160175,0.354852264808113,0.187908379489358,1.58732408852083,1.56508458007329
"460","S_726_S69_L003",1.39941570903147,0.15802962331618,0,"460","1","458",1.26599679820669,0.316786282863943,1.42402642152287,2.82344213055434,2.78315768371374
"461","S_733_S67_L003",1.39941570903147,0.111082719493756,0,"461","1","459",-0.35709522630379,0.289927860255645,-0.246012506810034,1.15340320222143,1.25743342968294
"462","S_738_S39",1.39941570903147,0.181155054474004,0,"462","1","460",0.0967107203666145,0.351911864622269,0.277865774840619,1.67728148387209,1.56508458007329
"463","S_758_S128",1.39941570903147,0.0880363239885761,0,"463","1","461",1.13138991442868,0.312682606289137,1.21942623841726,2.61884194744873,2.65914794847249
"464","S_762_S173",1.39941570903147,0.129009213214975,0,"464","1","462",0.701456798268605,0.334514575698748,0.83046601148358,2.22988172051505,2.11474252688113
"465","S_764_S93_L003",1.39941570903147,0.104790590455442,0,"465","1","463",1.24252158776509,0.324826129041245,1.34731217822053,2.74672788725199,2.89250760851908
"466","S_765_S48",1.39941570903147,0.0882512967046027,0,"466","1","464",0.220300428266124,0.318099763205362,0.308551724970727,1.70796743400219,1.31607401295249
"467","S_770_S57_L003",1.39941570903147,-0.122213091031073,0,"467","1","465",-0.302012088570086,0.310983383164178,-0.424225179601158,0.975190529430309,1.4142135623731
"468","S_772_S58_L003",1.39941570903147,0.0520543729176213,0,"468","1","466",-1.59164711207499,0.30020557466886,-1.53959273915737,0,0
"469","S_779_S94_L003",1.39941570903147,-0.0248164734316964,0,"469","1","467",-1.1027870471338,0.284529386957329,-1.1276035205655,0.271812188465971,0
"470","S_7_S141",1.39941570903147,-0.0849088906921787,0,"470","1","468",-0.120156031599631,0.305924493871349,-0.205064922291809,1.19435078673966,1.31607401295249
"471","S_813_S44_L003",1.39941570903147,0.10726839629423,0,"471","1","469",0.529604084001091,0.282595233559679,0.636872480295321,2.03628818932679,2.23606797749979
"472","S_824_S40",1.39941570903147,0.0892406211133173,0,"472","1","470",-0.699508584831707,0.314856763342402,-0.61026796371839,0.789147745313078,0
"473","S_825_S71",1.39941570903147,0.129487872229815,0,"473","1","471",-0.371233505555408,0.359794154759611,-0.241745633325594,1.15767007570587,1.25743342968294
"474","S_826_S8_L003",1.39941570903147,0.0718536096979454,0,"474","1","472",-0.165884422174955,0.322773879607767,-0.0940308124770097,1.30538489655446,1.56508458007329
"475","S_837_S50_L003",1.39941570903147,0.0889003066251063,0,"475","1","473",0.875581032062527,0.280559791107765,0.964481338687634,2.3638970477191,2.65914794847249
"476","S_83_S14",1.39941570903147,-0.0219006817280172,0,"476","1","474",-0.962361379971165,0.31206191081984,-0.984262061699183,0.415153647332285,0
"477","S_840_S88_L003",1.39941570903147,0.046218595926503,0,"477","1","475",0.494710441725584,0.293359775145168,0.540929037652087,1.94034474668355,1.77827941003892
"478","S_844_S151",1.39941570903147,0.0892891204939666,0,"478","1","476",-1.00170933484151,0.313794468027363,-0.912420214347544,0.486995494683923,0
"479","S_85_S36_L003",1.39941570903147,-0.0852535257968713,0,"479","1","477",-0.253803359570711,0.347607971403978,-0.339056885367582,1.06035882366389,1.18920711500272
"480","S_861_S22_L003",1.39941570903147,0.0331807521076826,0,"480","1","478",0.714508936597469,0.298100180292522,0.747689688705152,2.14710539773662,2.51486685936587
"481","S_865_S82",1.39941570903147,0.0591507991348254,0,"481","1","479",-0.0820141179659074,0.286828634376312,-0.0228633188310821,1.37655239020039,1.77827941003892
"482","S_879_S97",1.39941570903147,0.0271222011079816,0,"482","1","480",0.12569567777312,0.305102502078235,0.152817878881101,1.55223358791257,1.31607401295249
"483","S_87_S81",1.39941570903147,-0.105826541604253,0,"483","1","481",0.197665820936697,0.29082033369395,0.0918392793324442,1.49125498836391,2.34034731932072
"484","S_885_S77",1.39941570903147,0.0769015458947364,0,"484","1","482",-0.186965402148651,0.286505653500984,-0.110063856253914,1.28935185277755,0.840896415253715
"485","S_901_S136",1.39941570903147,-0.172920876548824,0,"485","2","  3",0.125479694391775,0.390085037006682,-0.0474411821570499,1.35197452687442,NA
"486","S_932_S42_L003",1.39941570903147,-0.0176054194074878,0,"486","1","483",-0.0177026976542459,0.314370691650526,-0.0353081170617337,1.36410759196973,1.31607401295249
"487","S_961_S70_L003",1.39941570903147,0.13300125495848,0,"487","1","484",0.573253852851857,0.335583347149201,0.706255107810337,2.1056708168418,2.63214802590498
"488","S_962_S42",1.39941570903147,0.0599106177942813,0,"488","1","485",0.583153479765881,0.299306387425216,0.643064097560163,2.04247980659163,1.49534878122122
"489","S_972_S142",1.39941570903147,-0.254869151259771,0,"489","1","486",-0.277741618781342,0.450450295333222,-0.532610770041113,0.866804938990355,0
"490","S_978_S90",1.39941570903147,-0.126962115156624,0,"490","1","487",-0.685078530704907,0.353904768987992,-0.81204064586153,0.587375063169937,0
"491","S_983_S4",1.39941570903147,0.134760295482916,0,"491","1","488",-1.45405157282647,0.305902975803089,-1.31929127734355,0.0801244316879146,0
"492","S_993_S55",1.39941570903147,0.057834373594678,0,"492","1","489",-0.328779978399958,0.290372557457807,-0.27094560480528,1.12847010422619,0.840896415253715
"493","NSW1201426",1.39941570903147,0.212390101946585,0,"493","2","  4",-0.215682827721708,0.127270438105646,-0.00329272577512302,1.39612298325634,NA
"494","NSW1212884",1.39941570903147,-0.0776593122470228,0,"494","2","  5",0.244881168829328,0.0764655922497514,0.167221856582305,1.56663756561377,NA
"495","NSW1200541",1.39941570903147,0.0887885697162214,0,"495","2","  6",-0.136522340785007,0.185400954363827,-0.0477337710687854,1.35168193796268,NA
"496","NSW1190165",1.39941570903147,0.127528960344954,0,"496","2","  7",-0.305881226933711,0.220803135732913,-0.178352266588756,1.22106344244271,NA
"497","NSW1166659",1.39941570903147,-0.0677252504900299,0,"497","2","  8",0.155424401672886,0.106199199324601,0.0876991511828561,1.48711486021432,NA
"498","NSW1213025",1.39941570903147,-0.0402385286064304,0,"498","2","  9",-0.128754390641482,0.152512727964031,-0.168992919247912,1.23042278978356,NA
"499","NSW1211446",1.39941570903147,0.216779043282484,0,"499","2"," 10",-0.429123638229653,0.168903078452166,-0.212344594947169,1.1870711140843,NA
"500","NSW1200628",1.39941570903147,0.174937049671744,0,"500","2"," 11",0.0864678615174426,0.189948171148978,0.261404911189187,1.66082062022065,NA
"501","NSW1166664",1.39941570903147,-0.0772993257448262,0,"501","2"," 12",-0.301159252742815,0.145758183482414,-0.378458578487641,1.02095713054383,NA
"502","NSW1213021",1.39941570903147,-0.00948644561838563,0,"502","2"," 13",-0.298221150001616,0.15741038342733,-0.307707595620002,1.09170811341147,NA
"503","NSW1201391",1.39941570903147,0.0973033932836968,0,"503","2"," 14",-0.251279861178886,0.190717650364843,-0.153976467895189,1.24543924113628,NA
"504","NSW1201419",1.39941570903147,0.219002690880432,0,"504","2"," 15",-0.0119868847894677,0.144380391342133,0.207015806090964,1.60643151512243,NA
"505","NSW1201415",1.39941570903147,0.225593026927042,0,"505","2"," 16",-0.18169302553662,0.154896541437053,0.0439000013904213,1.44331571042189,NA
"506","NSW1200364",1.39941570903147,-0.0866124207372618,0,"506","2"," 17",0.212466477961825,0.0814169251504644,0.125854057224564,1.52526976625603,NA
"507","NSW1190167",1.39941570903147,0.158010002908945,0,"507","2"," 18",0.736869654469001,0.205046791649464,0.894879657377946,2.29429536640941,NA
"508","NSW1190204",1.39941570903147,0.14525571278509,0,"508","2"," 19",0.29076414987815,0.181986430560512,0.43601986266324,1.83543557169471,NA
"509","NSW1200834",1.39941570903147,0.228909897507589,0,"509","2"," 20",-0.258307316298528,0.151874979671759,-0.0293974187909391,1.37001829024053,NA
"510","NSW1200533",1.39941570903147,0.219824164164559,0,"510","2"," 21",0.303788100232423,0.112202479389988,0.523612264396982,1.92302797342845,NA
"511","NSW1200414",1.39941570903147,0.136031436470471,0,"511","2"," 22",0.358911263693323,0.104617466875431,0.494942700163794,1.89435840919526,NA
"512","NSW1200759",1.39941570903147,0.181340171523298,0,"512","2"," 23",0.537938398419952,0.122737923099174,0.71927856994325,2.11869427897472,NA
"513","NSW1212889",1.39941570903147,-0.0455666834598444,0,"513","2"," 24",-0.252861980398564,0.178742760273231,-0.298428663858408,1.10098704517306,NA
"514","NSW1211427",1.39941570903147,-0.116457016365405,0,"514","2"," 25",0.280133280754469,0.196367458002336,0.163676264389064,1.56309197342053,NA
"515","NSW1200379",1.39941570903147,0.126439494194316,0,"515","2"," 26",0.00545788461520821,0.146575036728894,0.131897378809524,1.53131308784099,NA
"516","NSW1211455",1.39941570903147,0.184450368974488,0,"516","2"," 27",-0.544479093361433,0.116895183861177,-0.360028724386945,1.03938698464452,NA
"517","NSW1213033",1.39941570903147,-0.0531848006810099,0,"517","2"," 28",-0.00517331531670787,0.131711273290855,-0.0583581159977177,1.34105759303375,NA
"518","NSW1212980",1.39941570903147,-0.0936643522939163,0,"518","2"," 29",0.116955200876997,0.228345359582786,0.0232908485830803,1.42270655761455,NA
"519","NSW1190213",1.39941570903147,-0.00194573374786502,0,"519","2"," 30",-0.0950119770603703,0.106148219133648,-0.0969577108082354,1.30245799822323,NA
"520","NSW1201416",1.39941570903147,0.181320231327044,0,"520","2"," 31",0.416366017132133,0.132249250176846,0.597686248459177,1.99710195749064,NA
"521","NSW1200418",1.39941570903147,0.00735049188124834,0,"521","2"," 32",-0.395975919924136,0.216952043843064,-0.388625428042888,1.01079028098858,NA
"522","NSW1211456",1.39941570903147,0.116446176262154,0,"522","2"," 33",-0.131282764656484,0.139514621224092,-0.0148365883943299,1.38457912063714,NA
"523","NSW1211564",1.39941570903147,0.144144676986274,0,"523","2"," 34",-0.099313190854054,0.192799829599623,0.0448314861322198,1.44424719516369,NA
"524","NSW1213016",1.39941570903147,-0.0330095887016756,0,"524","2"," 35",0.0360926554807741,0.189698179704076,0.00308306677909852,1.40249877581057,NA
"525","NSW1211583",1.39941570903147,0.0459749282670607,0,"525","2"," 36",-0.356575012707814,0.12728057328416,-0.310600084440754,1.08881562459071,NA
"526","NSW1200839",1.39941570903147,0.225529767184576,0,"526","2"," 37",-0.334575082112652,0.177469643093065,-0.109045314928076,1.29037039410339,NA
"527","NSW1211565",1.39941570903147,0.176831390129228,0,"527","2"," 38",-0.337365036701985,0.073675815440812,-0.160533646572757,1.23888206245871,NA
"528","NSW1200425",1.39941570903147,-0.00504709641077807,0,"528","2"," 39",0.344734530306607,0.159494977820276,0.339687433895829,1.7391031429273,NA
"529","NSW1200662",1.39941570903147,-0.044600520200402,0,"529","2"," 40",0.445825161196698,0.195996327095351,0.401224640996296,1.80064035002776,NA
"530","NSW1166655",1.39941570903147,-0.0494026375891521,0,"530","2"," 41",0.543720271503146,0.1332208650577,0.494317633913994,1.89373334294546,NA
"531","NSW1212948",1.39941570903147,-0.12101366654354,0,"531","2"," 42",0.120487938452975,0.149301754925908,-0.000525728090564614,1.3988899809409,NA
"532","NSW1200528",1.39941570903147,0.203967665130328,0,"532","2"," 43",0.0795529965253864,0.171444375302216,0.283520661655714,1.68293637068718,NA
"533","NSW1200563",1.39941570903147,0.240603942672919,0,"533","2"," 44",0.201630567916309,0.138620027942892,0.442234510589228,1.8416502196207,NA
"534","NSW1200351",1.39941570903147,-0.0905570020540268,0,"534","2"," 45",0.0955957141262448,0.11932486480706,0.00503871207221802,1.40445442110369,NA
"535","NSW1213015",1.39941570903147,-0.0566905850503322,0,"535","2"," 46",-0.263228445401113,0.124763420633048,-0.319919030451445,1.07949667858002,NA
"536","NSW1200394",1.39941570903147,0.0733616056420355,0,"536","2"," 47",0.0168593433098052,0.111180550178789,0.0902209489518407,1.48963665798331,NA
"537","NSW1213011",1.39941570903147,-0.0264963704878315,0,"537","2"," 48",0.0612591194133426,0.12225469839697,0.0347627489255111,1.43417845795698,NA
"538","NSW1200664",1.39941570903147,0.19228148609415,0,"538","2"," 49",0.111584286667406,0.134047815476248,0.303865772761556,1.70328148179302,NA
"539","NSW1201655",1.39941570903147,0.161101850198552,0,"539","2"," 50",0.412369597192941,0.169628403412805,0.573471447391494,1.97288715642296,NA
"540","NSW1200536",1.39941570903147,0.112030581101744,0,"540","2"," 51",-0.0889427510441546,0.178900542513462,0.0230878300575892,1.42250353908906,NA
"541","NSW1212943",1.39941570903147,-0.0697391217366581,0,"541","2"," 52",0.0989134054674535,0.181910190796794,0.0291742837307954,1.42858999276226,NA
"542","NSW1200559",1.39941570903147,0.18733619018804,0,"542","2"," 53",-0.107980153354234,0.129748014564263,0.0793560368338062,1.47877174586527,NA
"543","NSW1200558",1.39941570903147,0.234670121710532,0,"543","2"," 54",0.0548411723310374,0.152637710937187,0.289511294041569,1.68892700307304,NA
"544","NSW1200524",1.39941570903147,0.191446831084592,0,"544","2"," 55",-0.42136597263727,0.203063821713574,-0.229919141552678,1.16949656747879,NA
"545","NSW1212795",1.39941570903147,-0.118638711390799,0,"545","2"," 56",-0.364329669263469,0.178407714859887,-0.482968380654268,0.916447328377199,NA
"546","NSW1200787",1.39941570903147,0.0508574932746579,0,"546","2"," 57",0.350029784347767,0.141539295336886,0.400887277622425,1.80030298665389,NA
"547","NSW1200776",1.39941570903147,0.051666548411402,0,"547","2"," 58",-0.231906611180535,0.122881628721886,-0.180240062769133,1.21917564626233,NA
"548","NSW1190216",1.39941570903147,0.165145486429137,0,"548","2"," 59",0.275227933077221,0.187512232548888,0.440373419506358,1.83978912853783,NA
"549","NSW1201495",1.39941570903147,0.225698565616747,0,"549","2"," 60",0.446988420746412,0.202027981015562,0.672686986363159,2.07210269539463,NA
"550","NSW1211582",1.39941570903147,0.185924221748929,0,"550","2"," 61",0.106269441348374,0.183092966030498,0.292193663097303,1.69160937212877,NA
"551","NSW1200362",1.39941570903147,0.19543526772106,0,"551","2"," 62",-0.617742856979789,0.175211341952821,-0.422307589258729,0.977108119772739,NA
"552","NSW1212987",1.39941570903147,-0.313217123771799,0,"552","2"," 63",0.269787439313133,0.481481271015355,-0.0434296844586665,1.3559860245728,NA
"553","NSW1190194",1.39941570903147,0.204338753008279,0,"553","2"," 64",-0.375221797661066,0.147062228562349,-0.170883044652787,1.22853266437868,NA
"554","NSW1213030",1.39941570903147,-0.00161297006298952,0,"554","2"," 65",-0.134606270613095,0.165810536859214,-0.136219240676084,1.26319646835538,NA
"555","NSW1190199",1.39941570903147,0.100264651706067,0,"555","2"," 66",0.18239728935721,0.172474842997417,0.282661941063277,1.68207765009474,NA
"556","NSW1200372",1.39941570903147,0.207441962108583,0,"556","2"," 67",-0.334205239200098,0.132723584590231,-0.126763277091514,1.27265243193995,NA
"557","NSW1211445",1.39941570903147,0.162201340768871,0,"557","2"," 68",-0.370440551203382,0.143805631477618,-0.20823921043451,1.19117649859696,NA
"558","NSW1211558",1.39941570903147,0.124177942151127,0,"558","2"," 69",0.142998917850965,0.182285189352019,0.267176860002092,1.66659256903356,NA
"559","NSW1200764",1.39941570903147,-0.132072344904798,0,"559","2"," 70",-0.111641744197109,0.19166779568423,-0.243714089101908,1.15570161992956,NA
"560","NSW1200848",1.39941570903147,0.167063237694659,0,"560","2"," 71",0.00514321328749682,0.154682877067333,0.172206450982156,1.57162216001362,NA
"561","NSW1200661",1.39941570903147,-0.0283048147812187,0,"561","2"," 72",-0.0873470102115283,0.181391132140524,-0.115651824992747,1.28376388403872,NA
"562","NSW1211440",1.39941570903147,0.166853076065683,0,"562","2"," 73",-1.13552930426709,0.141782958257468,-0.968676228201408,0.43073948083006,NA
"563","NSW1200356",1.39941570903147,-0.073339449611669,0,"563","2"," 74",-0.320736937107691,0.210786189949625,-0.39407638671936,1.00533932231211,NA
"564","NSW1212992",1.39941570903147,-0.0426699435590868,0,"564","2"," 75",0.0255220500526531,0.304493550353229,-0.0171478935064337,1.38226781552503,NA
"565","NSW1200905",1.39941570903147,0.138635222797137,0,"565","2"," 76",0.216699172154794,0.145582764119362,0.355334394951931,1.7547501039834,NA
"566","NSW1200357",1.39941570903147,0.0869356189071928,0,"566","2"," 77",0.0451659445989586,0.117974490356451,0.132101563506151,1.53151727253762,NA
"567","NSW1200799",1.39941570903147,0.187216098461615,0,"567","2"," 78",-0.342425655967191,0.160721456299999,-0.155209557505576,1.24420615152589,NA
"568","NSW1166442",1.39941570903147,-0.0858000214081691,0,"568","2"," 79",-0.16760601869864,0.170598020062271,-0.253406040106809,1.14600966892466,NA
"569","NSW1200539",1.39941570903147,0.15405574130453,0,"569","2"," 80",-0.10132147655687,0.178064509851196,0.0527342647476598,1.45214997377913,NA
"570","NSW1200543",1.39941570903147,-0.141158983907073,0,"570","2"," 81",-0.0130247369051602,0.39252853941953,-0.154183720812233,1.24523198821923,NA
"571","NSW1200529",1.39941570903147,0.192430464912993,0,"571","2"," 82",0.214175342417887,0.166261836562486,0.406605807330879,1.80602151636235,NA
"572","NSW1212866",1.39941570903147,-0.0631083486542601,0,"572","2"," 83",-0.127060393535431,0.110612299788614,-0.190168742189691,1.20924696684178,NA
"573","NSW1200873",1.39941570903147,0.0303612774784302,0,"573","2"," 84",-0.112889649107505,0.186623521924634,-0.0825283716290747,1.31688733740239,NA
"574","NSW1211541",1.39941570903147,0.0492379568587904,0,"574","2"," 85",0.177779554116719,0.152832427515351,0.22701751097551,1.62643322000698,NA
"575","NSW1190198",1.39941570903147,0.117087484442787,0,"575","2"," 86",0.0476502981389079,0.232027884534546,0.164737782581695,1.56415349161316,NA
"576","NSW1213013",1.39941570903147,-0.0425512874734366,0,"576","2"," 87",0.756468339546519,0.100110507919508,0.713917052073083,2.11333276110455,NA
"577","NSW1212970",1.39941570903147,-0.123429297470547,0,"577","2"," 88",0.194213244237003,0.237075345930223,0.0707839467664559,1.47019965579792,NA
"578","NSW1212997",1.39941570903147,-0.0340593691850063,0,"578","2"," 89",0.472213210511331,0.136799563425204,0.438153841326324,1.83756955035779,NA
"579","NSW1211508",1.39941570903147,0.134086983086418,0,"579","2"," 90",0.0578487111172089,0.136149647594401,0.191935694203627,1.59135140323509,NA
"580","NSW1211552",1.39941570903147,0.0979156762379093,0,"580","2"," 91",-0.0217923452406628,0.150524476878801,0.0761233309972466,1.47553904002871,NA
"581","NSW1211442",1.39941570903147,0.211459631593757,0,"581","2"," 92",0.0195433605750171,0.182039192031749,0.231002992168774,1.63041870120024,NA
"582","NSW1211451",1.39941570903147,0.156119167772953,0,"582","2"," 93",-0.330373732055414,0.166257903760294,-0.174254564282461,1.22516114474901,NA
"583","NSW1194456",1.39941570903147,0.0772434830099224,0,"583","2"," 94",0.771026570092717,0.155581862346027,0.848270053102639,2.24768576213411,NA
"584","NSW1211546",1.39941570903147,-0.0309092153728309,0,"584","2"," 95",0.706442826049513,0.16748839653118,0.675533610676682,2.07494931970815,NA
"585","NSW1213001",1.39941570903147,-0.073816748765251,0,"585","2"," 96",0.211590552135724,0.175357884937321,0.137773803370473,1.53718951240194,NA
"586","NSW1201431",1.39941570903147,0.169371082206601,0,"586","2"," 97",-0.093528763088314,0.136754421916535,0.0758423191182866,1.47525802814975,NA
"587","NSW1211568",1.39941570903147,0.0237701212423464,0,"587","2"," 98",0.829406318204648,0.129661610663645,0.853176439446995,2.25259214847846,NA
"588","NSW1211441",1.39941570903147,0.224674079196071,0,"588","2"," 99",-0.0495316511500538,0.150086067446058,0.175142428046017,1.57455813707748,NA
"589","NSW1190206",1.39941570903147,0.122323786314485,0,"589","2","100",0.225086214596946,0.164639595899484,0.34741000091143,1.7468257099429,NA
"590","NSW1200389",1.39941570903147,0.0873217076523361,0,"590","2","101",0.391144782469278,0.135098967703476,0.478466490121614,1.87788219915308,NA
"591","NSW1211534",1.39941570903147,0.0327453236636048,0,"591","2","102",0.267628479358677,0.14387528183568,0.300373803022282,1.69978951205375,NA
"592","NSW1200346",1.39941570903147,-0.0613434174528567,0,"592","2","103",-0.129816278123326,0.239452471532382,-0.191159695576183,1.20825601345528,NA
"593","NSW1200505",1.39941570903147,0.05935666915442,0,"593","2","104",-0.405350168634498,0.116414108631129,-0.345993499480078,1.05342220955139,NA
"594","NSW1200511",1.39941570903147,0.133208850746971,0,"594","2","105",0.28683376202282,0.130389991392828,0.420042612769791,1.81945832180126,NA
"595","NSW1212790",1.39941570903147,-0.0910243843662224,0,"595","2","106",-0.248054567642794,0.133796554165078,-0.339078952009016,1.06033675702245,NA
"596","NSW1200361",1.39941570903147,0.0547050197434991,0,"596","2","107",0.313999852626352,0.129148987511205,0.368704872369851,1.76812058140132,NA
"597","NSW1200514",1.39941570903147,0.172979105148299,0,"597","2","108",0.630468440782525,0.118953743958694,0.803447545930824,2.20286325496229,NA
"598","NSW1200774",1.39941570903147,0.209874101870868,0,"598","2","109",0.823465215118497,0.10079075748674,1.03333931698937,2.43275502602083,NA
"599","NSW1212985",1.39941570903147,-0.14310268124514,0,"599","2","110",0.0437084558032679,0.143599615226106,-0.0993942254418717,1.3000214835896,NA
"600","NSW1201411",1.39941570903147,0.174697049431793,0,"600","2","111",0.0508454609832764,0.16656566181326,0.22554251041507,1.62495821944654,NA
"601","NSW1200352",1.39941570903147,-0.0733679422388902,0,"601","2","112",0.615231927745102,0.158443169189665,0.541863985506212,1.94127969453768,NA
"602","NSW1211570",1.39941570903147,0.0942014356327934,0,"602","2","113",-0.21803580240581,0.195151543822532,-0.123834366773017,1.27558134225845,NA
"603","NSW1200549",1.39941570903147,0.220541112441111,0,"603","2","114",-0.0108148742646659,0.176038269688584,0.209726238176445,1.60914194720791,NA
"604","NSW1200384",1.39941570903147,0.0879174734178923,0,"604","2","115",-0.0874843218030751,0.178261788597151,0.000433151614817176,1.39984886064628,NA
"605","NSW1211577",1.39941570903147,0.0342147820140357,0,"605","2","116",0.335939432082395,0.142854956972255,0.37015421409643,1.7695699231279,NA
"606","NSW1200347",1.39941570903147,-0.0774236567980302,0,"606","2","117",-0.388130353781315,0.18817572120024,-0.465554010579345,0.933861698452122,NA
"607","NSW1200829",1.39941570903147,0.22279986696627,0,"607","2","118",-0.286179077952749,0.163482076133491,-0.0633792109864789,1.33603649804499,NA
"608","NSW1200657",1.39941570903147,-0.026569877792526,0,"608","2","119",-0.234227889533353,0.141990280466051,-0.260797767325879,1.13861794170559,NA
"609","NSW1212977",1.39941570903147,-0.0361629553238983,0,"609","2","120",-0.293958288056268,0.19199851657316,-0.330121243380166,1.0692944656513,NA
"610","NSW1201414",1.39941570903147,0.24359771982909,0,"610","2","121",-0.300083514577406,0.199911120779151,-0.0564857947483165,1.34292991428315,NA
"611","NSW1200509",1.39941570903147,0.215076350879727,0,"611","2","122",-0.477235489212237,0.156114623167187,-0.26215913833251,1.13725657069896,NA
"612","NSW1200521",1.39941570903147,0.0793073730079706,0,"612","2","123",0.00923380180712192,0.135399037993079,0.0885411748150925,1.48795688384656,NA
"613","NSW1201631",1.39941570903147,0.180315868598079,0,"613","2","124",-0.495978771539536,0.172804071976758,-0.315662902941457,1.08375280609001,NA
"614","NSW1212856",1.39941570903147,-0.0835893117059342,0,"614","2","125",-0.132673411212482,0.102154636989965,-0.216262722918416,1.18315298611305,NA
"615","NSW1200647",1.39941570903147,0.149736713790654,0,"615","2","126",0.14862581681266,0.147778208737432,0.298362530603314,1.69777823963478,NA
"616","NSW1201396",1.39941570903147,0.0972598525808041,0,"616","2","127",0.0554873091233498,0.134223628803067,0.152747161704154,1.55216287073562,NA
"617","NSW1200554",1.39941570903147,0.216825593286796,0,"617","2","128",0.176209479116638,0.105517726073456,0.393035072403434,1.7924507814349,NA
"618","NSW1200544",1.39941570903147,0.212731638540485,0,"618","2","129",-0.529308743806935,0.111622225898396,-0.31657710526645,1.08283860376502,NA
"619","NSW1200429",1.39941570903147,-0.279891824410692,0,"619","2","130",0.0046231158028241,0.43342278041153,-0.275268708607868,1.1241470004236,NA
"620","NSW1190190",1.39941570903147,-0.00588751931547336,0,"620","2","131",-0.197434038832105,0.149284284573417,-0.203321558147578,1.19609415088389,NA
"621","NSW1200428",1.39941570903147,-0.0202260419435134,0,"621","2","132",0.113505554992219,0.123121915318562,0.0932795130487059,1.49269522208017,NA
"622","NSW1190183",1.39941570903147,-0.0525979866023523,0,"622","2","133",0.0320919643011347,0.157289902964187,-0.0205060223012176,1.37890968673025,NA
"623","NSW1201400",1.39941570903147,0.232744059681842,0,"623","2","134",-0.412092658539545,0.17405667489436,-0.179348598857703,1.22006711017376,NA
"624","NSW1166447",1.39941570903147,-0.0486960226288514,0,"624","2","135",-0.688139995915687,0.137109620227459,-0.736836018544539,0.662579690486929,NA
"625","NSW1190182",1.39941570903147,-0.0525391996388262,0,"625","2","136",-0.989865595529258,0.202096687869076,-1.04240479516808,0.357010913863383,NA
"626","NSW1200666",1.39941570903147,-0.0348781158383357,0,"626","2","137",-0.159373370610617,0.191142953833875,-0.194251486448953,1.20516422258251,NA
"627","NSW1190168",1.39941570903147,0.0941174951442686,0,"627","2","138",-0.192361826740863,0.154693416380936,-0.0982443315965949,1.30117137743487,NA
"628","NSW1201641",1.39941570903147,0.184044887264996,0,"628","2","139",-0.412496917590551,0.15902377342326,-0.228452030325555,1.17096367870591,NA
"629","NSW1194450",1.39941570903147,0.140750722857358,0,"629","2","140",0.215088152111678,0.138858857231989,0.355838874969037,1.7552545840005,NA
"630","NSW1211020",1.39941570903147,-0.0359851860551191,0,"630","2","141",0.231540257984738,0.148394988549911,0.195555071929619,1.59497078096109,NA
"631","NSW1200545",1.39941570903147,0.0606396600002426,0,"631","2","142",0.269647211888237,0.114182772502185,0.33028687188848,1.72970258091995,NA
"632","NSW1200373",1.39941570903147,0.185982128433648,0,"632","2","143",-0.393335317053035,0.1745068217871,-0.207353188619387,1.19206252041208,NA
"633","NSW1211526",1.39941570903147,0.147238763911495,0,"633","2","144",-0.252042548299248,0.193102370230288,-0.104803784387753,1.29461192464371,NA
"634","NSW1212995",1.39941570903147,-0.0602616532699425,0,"634","2","145",0.488658177941898,0.176094917830035,0.428396524671955,1.82781223370342,NA
"635","NSW1212990",1.39941570903147,-0.0942806677978342,0,"635","2","146",-0.0446932683942167,0.127383746324258,-0.138973936192051,1.26044177283942,NA
"636","NSW1190212",1.39941570903147,0.16295081902135,0,"636","2","147",-0.0147657275996199,0.210931521241216,0.148185091421731,1.5476008004532,NA
"637","NSW1200895",1.39941570903147,0.148581757406796,0,"637","2","148",0.195059627607572,0.181148463863317,0.343641385014368,1.74305709404584,NA
"638","NSW1211539",1.39941570903147,0.0665945792490307,0,"638","2","149",-0.44321897006354,0.0892024695749979,-0.37662439081451,1.02279131821696,NA
"639","NSW1200817",1.39941570903147,0.0567921505465027,0,"639","2","150",-0.0520764604070128,0.141611106180692,0.00471569013948992,1.40413139917096,NA
"640","NSW1200388",1.39941570903147,0.157617040168183,0,"640","2","151",-0.126615533869406,0.142053132603597,0.0310015062987771,1.43041721533024,NA
"641","NSW1200807",1.39941570903147,0.0529919859387396,0,"641","2","152",0.830869408826877,0.12627477595904,0.883861394765616,2.28327710379708,NA
"642","NSW1200420",1.39941570903147,-0.0462403929793879,0,"642","2","153",0.174319311571052,0.132639133896864,0.128078918591664,1.52749462762313,NA
"643","NSW1213005",1.39941570903147,-0.054372537504273,0,"643","2","154",-0.302192379447982,0.0721017358149714,-0.356564916952255,1.04285079207921,NA
"644","NSW1211533",1.39941570903147,0.0223258360101423,0,"644","2","155",-0.95399880013338,0.129049581391821,-0.931672964123238,0.46774274490823,NA
"645","NSW1212991",1.39941570903147,-0.0705548554465277,0,"645","2","156",0.64071316430324,0.163424754096861,0.570158308856712,1.96957401788818,NA
"646","NSW1201650",1.39941570903147,0.235818303539548,0,"646","2","157",0.00422219902907945,0.162174864882465,0.240040502568627,1.63945621160009,NA
"647","NSW1213020",1.39941570903147,-0.0512329127454707,0,"647","2","158",-0.310371797940115,0.245018971825928,-0.361604710685585,1.03781099834588,NA
"648","NSW1190163",1.39941570903147,0.160173283463603,0,"648","2","159",-0.132165453934676,0.109944808864857,0.0280078295289269,1.42742353856039,NA
"649","NSW1200466",1.39941570903147,0.157635147521228,0,"649","2","160",-0.223218893176581,0.208882952327023,-0.0655837456553535,1.33383196337611,NA
"650","NSW1200623",1.39941570903147,0.148716084263065,0,"650","2","161",-0.296230491897101,0.103590316279744,-0.147514407634036,1.25190130139743,NA
"651","NSW1211511",1.39941570903147,0.0974791456627135,0,"651","2","162",-0.0304059533105482,0.12830980493807,0.0670731923521654,1.46648890138363,NA
"652","NSW1200371",1.39941570903147,0.194765379009786,0,"652","2","163",-0.271468660117467,0.0932278383310876,-0.0767032811076811,1.32271242792379,NA
"653","NSW1211592",1.39941570903147,0.192818801779553,0,"653","2","164",0.0193828732043865,0.174598103006386,0.21220167498394,1.61161738401541,NA
"654","NSW1212785",1.39941570903147,-0.0599789655856156,0,"654","2","165",0.0536313104174561,0.084809397868673,-0.00634765516815948,1.39306805386331,NA
"655","NSW1201616",1.39941570903147,0.183880687934831,0,"655","2","166",-0.336476535250278,0.166129944050454,-0.152595847315448,1.24681986171602,NA
"656","NSW1212959",1.39941570903147,-0.0595671976944152,0,"656","2","167",0.0147703742737984,0.148352399800505,-0.0447968234206168,1.35461888561085,NA
"657","NSW1213034",1.39941570903147,-0.0609230646092519,0,"657","2","168",-0.275072762221473,0.13566035769666,-0.335995826830725,1.06341988220074,NA
"658","NSW1211561",1.39941570903147,0.222377317255267,0,"658","2","169",-0.0119139913222293,0.17752385049754,0.210463325933038,1.60987903496451,NA
"659","NSW1211542",1.39941570903147,0.0546713436533193,0,"659","2","170",-0.247422704600819,0.103321474518129,-0.1927513609475,1.20666434808397,NA
"660","NSW1200803",1.39941570903147,0.206776173252819,0,"660","2","171",0.295011799326584,0.220610522729424,0.501787972579403,1.90120368161087,NA
"661","NSW1211578",1.39941570903147,0.100543351168801,0,"661","2","172",0.0798710011238122,0.132658302524227,0.180414352292613,1.57983006132408,NA
"662","NSW1190217",1.39941570903147,0.115394578700035,0,"662","2","173",-0.651668900668144,0.194583437305445,-0.536274321968109,0.863141387063359,NA
"663","NSW1211562",1.39941570903147,0.169300206073871,0,"663","2","174",0.293568698311394,0.141396822127672,0.462868904385265,1.86228461341673,NA
"664","NSW1200672",1.39941570903147,-0.0435181676396677,0,"664","2","175",0.251486517515152,0.162463770736791,0.207968349875485,1.60738405890695,NA
"665","NSW1201375",1.39941570903147,0.180957709737179,0,"665","2","176",-0.476837821107121,0.173888019811031,-0.295880111369942,1.10353559766153,NA
"666","NSW1212972",1.39941570903147,-0.165476055644226,0,"666","2","177",0.294977682276127,0.218377636930462,0.129501626631901,1.52891733566337,NA
"667","NSW1212982",1.39941570903147,-0.0745062942594824,0,"667","2","178",-0.16237884983606,0.167550247774894,-0.236885144095542,1.16253056493593,NA
"668","NSW1166596",1.39941570903147,-0.0673678954041455,0,"668","2","179",-0.397332794051346,0.188009464720594,-0.464700689455492,0.934715019575976,NA
"669","NSW1190191",1.39941570903147,-0.0440959797475617,0,"669","2","180",0.549258604203718,0.146539325273213,0.505162624456157,1.90457833348762,NA
"670","NSW1200360",1.39941570903147,-0.0678526063353998,0,"670","2","181",0.936021655279226,0.133642241935642,0.868169048943826,2.26758475797529,NA
"671","NSW1200363",1.39941570903147,0.152110070969367,0,"671","2","182",0.167865832191754,0.258876800471692,0.319975903161121,1.71939161219259,NA
"672","NSW1212979",1.39941570903147,-0.0644649682659568,0,"672","2","183",0.0197883238624433,0.154434188452462,-0.0446766444035135,1.35473906462795,NA
"673","NSW1190208",1.39941570903147,0.0045282171144301,0,"673","2","184",0.370187504579911,0.134629705566183,0.374715721694342,1.77413143072581,NA
"674","NSW1200358",1.39941570903147,0.150245999064835,0,"674","2","185",-0.48247791910439,0.212258503464449,-0.332231920039555,1.06718378899191,NA
"675","NSW1190192",1.39941570903147,-0.0891654616444634,0,"675","2","186",0.347476803969866,0.168802665990844,0.258311342325403,1.65772705135687,NA
"676","NSW1211584",1.39941570903147,0.0686547027337184,0,"676","2","187",1.05567250879145,0.1652068943266,1.12432721152517,2.52374292055664,NA
"677","NSW1200622",1.39941570903147,-0.00756036867709418,0,"677","2","188",-0.326658566519182,0.19086175494992,-0.334218935196276,1.06519677383519,NA
"678","NSW1211430",1.39941570903147,0.193558602043366,0,"678","2","189",0.203872588285589,0.183874846756139,0.397431190328954,1.79684689936042,NA
"679","NSW1200777",1.39941570903147,0.0669096893342191,0,"679","2","190",1.06191136109824,0.167879447315963,1.12882105043246,2.52823675946393,NA
"680","NSW1211426",1.39941570903147,0.193517874221877,0,"680","2","191",-0.459349721921472,0.0789529384455016,-0.265831847699595,1.13358386133187,NA
"681","NSW1211450",1.39941570903147,0.168262605364631,0,"681","2","192",-0.0602190673757063,0.150826758485508,0.108043537988925,1.50745924702039,NA
"682","NSW1201381",1.39941570903147,0.175619957397571,0,"682","2","193",0.196590374769823,0.1314454894415,0.372210332167394,1.77162604119886,NA
"683","NSW1211527",1.39941570903147,0.0721946248711846,0,"683","2","194",-0.0238375131467644,0.148157718789522,0.0483571117244202,1.44777282075589,NA
"684","NSW1194457",1.39941570903147,0.171796492600876,0,"684","2","195",0.335715409692169,0.158893917878212,0.507511902293046,1.90692761132451,NA
"685","NSW1213006",1.39941570903147,-0.0312812073504825,0,"685","2","196",0.467418458604847,0.143517422677522,0.436137251254365,1.83555296028583,NA
"686","NSW1190187",1.39941570903147,-0.0839464302603516,0,"686","2","197",0.528784925749788,0.094490853253793,0.444838495489437,1.8442542045209,NA
"687","NSW1213010",1.39941570903147,-0.0709106027409819,0,"687","2","198",0.240386392201366,0.182608305107505,0.169475789460384,1.56889149849185,NA
"688","NSW1201425",1.39941570903147,0.188773188751412,0,"688","2","199",-0.0495609917962207,0.184115053630533,0.139212196955191,1.53862790598666,NA
"689","NSW1200504",1.39941570903147,0.256614712895853,0,"689","2","200",-0.420993971763583,0.118192364359553,-0.16437925886773,1.23503645016374,NA
"690","NSW1200920",1.39941570903147,0.124444660721001,0,"690","2","201",0.37593958916728,0.249501287938043,0.500384249888281,1.89979995891975,NA
"691","NSW1200341",1.39941570903147,-0.0822352248073086,0,"691","2","202",0.541915693168055,0.196734685449105,0.459680468360746,1.85909617739221,NA
"692","NSW1200337",1.39941570903147,-0.0666436999019823,0,"692","2","203",0.152943014254585,0.183862576646094,0.0862993143526032,1.48571502338407,NA
"693","NSW1212988",1.39941570903147,-0.0960619779148234,0,"693","2","204",0.139105060472677,0.114835413402794,0.0430430825578532,1.44245879158932,NA
"694","NSW1201430",1.39941570903147,0.195523988897475,0,"694","2","205",0.197368734601372,0.188679621166456,0.392892723498848,1.79230843253032,NA
"695","NSW1200824",1.39941570903147,0.188610126446722,0,"695","2","206",0.399493433943489,0.177295817554848,0.588103560390211,1.98751926942168,NA
"696","NSW1212969",1.39941570903147,-0.016979857413646,0,"696","2","207",0.301997433913562,0.12951587457446,0.285017576499916,1.68443328553138,NA
"697","NSW1190200",1.39941570903147,0.177479368685808,0,"697","2","208",0.324105261390681,0.208498182064604,0.50158463007649,1.90100033910796,NA
"698","NSW1210993",1.39941570903147,-0.0950092732766972,0,"698","2","209",-0.364918083178074,0.12859268299487,-0.459927356454771,0.939488352576696,NA
"699","NSW1211586",1.39941570903147,0.176424804180599,0,"699","2","210",-0.408496963455884,0.156871393104239,-0.232072159275286,1.16734354975618,NA
"700","NSW1201409",1.39941570903147,0.162080256160679,0,"700","2","211",0.367957120887007,0.207419585097647,0.530037377047686,1.92945308607915,NA
"701","NSW1200853",1.39941570903147,0.142128326442796,0,"701","2","212",-0.153574283067024,0.108347927263741,-0.011445956624228,1.38796975240724,NA
"702","NSW1212960",1.39941570903147,-0.104410239362867,0,"702","2","213",0.125654492139316,0.14452990728893,0.0212442527764486,1.42065996180792,NA
"703","NSW1200607",1.39941570903147,-0.0730133280960777,0,"703","2","214",-0.0924683022544129,0.244954820621339,-0.165481630350491,1.23393407868098,NA
"704","NSW1212957",1.39941570903147,-0.0626122398612167,0,"704","2","215",-0.104576549419485,0.199939604240953,-0.167188789280702,1.23222691975077,NA
"705","NSW1212983",1.39941570903147,-0.00645301278459564,0,"705","2","216",0.514509262965914,0.236972307205246,0.508056250181318,1.90747195921279,NA
"706","NSW1166654",1.39941570903147,-0.0787539883905283,0,"706","2","217",-0.00915058640041065,0.189428152103694,-0.087904574790939,1.31151113424053,NA
"707","NSW1212993",1.39941570903147,-0.0591709757624071,0,"707","2","218",-0.200841455291798,0.200789883229305,-0.260012431054205,1.13940327797726,NA
"708","NSW1200374",1.39941570903147,-0.0621286905984917,0,"708","2","219",0.596066784881836,0.133716493627734,0.533938094283345,1.93335380331481,NA
"709","NSW1200617",1.39941570903147,0.0313483396394085,0,"709","2","220",-0.0288018981522562,0.146461482503769,0.00254644148715224,1.40196215051862,NA
"710","NSW1212962",1.39941570903147,-0.0912430445979456,0,"710","2","221",-0.105660282763108,0.119228608295593,-0.196903327361054,1.20251238167041,NA
"711","NSW1213029",1.39941570903147,-0.0572955703631195,0,"711","2","222",0.184536814925426,0.125031555416523,0.127241244562307,1.52665695359377,NA
"712","NSW1200393",1.39941570903147,0.159389148687029,0,"712","2","223",-0.316547111422156,0.172744872040302,-0.157157962735127,1.24225774629634,NA
"713","NSW1211566",1.39941570903147,0.159909512934451,0,"713","2","224",0.077734688493546,0.100788849243535,0.237644201427997,1.63705991045946,NA
"714","NSW1200523",1.39941570903147,0.220689321195662,0,"714","2","225",-0.334445847974703,0.122925416321959,-0.113756526779041,1.28565918225243,NA
"715","NSW1201356",1.39941570903147,0.189764756018364,0,"715","2","226",0.145785502731957,0.219303554109999,0.335550258750321,1.73496596778179,NA
"716","NSW1200534",1.39941570903147,0.180855770718499,0,"716","2","227",-0.31106763032218,0.145951922857179,-0.130211859603682,1.26920384942779,NA
"717","NSW1200772",1.39941570903147,0.101189857368242,0,"717","2","228",0.33236407260273,0.19690735734905,0.433553929970971,1.83296963900244,NA
"718","NSW1200792",1.39941570903147,0.0846614475722927,0,"718","2","229",0.269971355060478,0.0609037868162029,0.354632802632771,1.75404851166424,NA
"719","NSW1200516",1.39941570903147,0.0844486240248691,0,"719","2","230",0.641490487274356,0.104829434313377,0.725939111299225,2.12535482033069,NA
"720","NSW1212967",1.39941570903147,-0.1143066937081,0,"720","2","231",-0.44445302130138,0.190345529417876,-0.55875971500948,0.840655994021988,NA
"721","NSW1213036",1.39941570903147,-0.0540723487634184,0,"721","2","232",-0.598615497992742,0.177217841039846,-0.65268784675616,0.746727862275308,NA
"722","NSW1200610",1.39941570903147,0.173572670913897,0,"722","2","233",-0.410872613360814,0.135240054109996,-0.237299942446917,1.16211576658455,NA
"723","NSW1200812",1.39941570903147,0.0286038920180839,0,"723","2","234",-0.60692091530266,0.114227371387049,-0.578317023284576,0.821098685746891,NA
"724","NSW1166601",1.39941570903147,-0.0975224307616649,0,"724","2","235",-0.175531153168232,0.104580163760014,-0.273053583929897,1.12636212510157,NA
"725","NSW1190184",1.39941570903147,-0.0450681062871369,0,"725","2","236",-0.189722928065191,0.16160662584828,-0.234791034352328,1.16462467467914,NA
"726","NSW1200597",1.39941570903147,0.0112912320760523,0,"726","2","237",-0.424061467977779,0.166528821122771,-0.412770235901726,0.986645473129741,NA
"727","NSW1200616",1.39941570903147,0.0421870328736604,0,"727","2","238",0.217468623838721,0.117212744799822,0.259655656712382,1.65907136574385,NA
"728","NSW1201404",1.39941570903147,0.174362159380506,0,"728","2","239",0.43374157009454,0.19649966705181,0.608103729475046,2.00751943850651,NA
"729","NSW1200592",1.39941570903147,0.0149500584244238,0,"729","2","240",-0.15757698506089,0.186202251715181,-0.142626926636467,1.256788782395,NA
"730","NSW1190203",1.39941570903147,0.143262107854585,0,"730","2","241",-0.108516550553087,0.19202305167791,0.0347455573014979,1.43416126633297,NA
"731","NSW1211536",1.39941570903147,0.0769863123799851,0,"731","2","242",0.817424131955432,0.188128267942914,0.894410444335417,2.29382615336688,NA
"732","NSW1200424",1.39941570903147,-0.047730196476073,0,"732","2","243",0.0533655448145989,0.170082130358546,0.00563534833852591,1.40505105736999,NA
"733","NSW1212846",1.39941570903147,-0.0264821459820605,0,"733","2","244",0.407497909198663,0.135101718048479,0.381015763216602,1.78043147224807,NA
"734","NSW1200804",1.39941570903147,0.227174515485795,0,"734","2","245",0.378045290477916,0.207977798724913,0.605219805963711,2.00463551499518,NA
"735","NSW1210995",1.39941570903147,-0.0535483338088404,0,"735","2","246",0.0187252346792871,0.159826582515065,-0.0348230991295533,1.36459260990191,NA
"736","NSW1212968",1.39941570903147,-0.0921652106521796,0,"736","2","247",0.12401191816166,0.143752185193221,0.0318467075094807,1.43126241654095,NA
"737","NSW1200591",1.39941570903147,0.0497499067017131,0,"737","2","248",-0.0507278190853749,0.124910935573244,-0.000977912383661808,1.39843779664781,NA
"738","NSW1213000",1.39941570903147,-0.08200029695723,0,"738","2","249",-0.507017728758045,0.148199644023159,-0.589018025715275,0.810397683316192,NA
"739","NSW1200797",1.39941570903147,0.0342569147781286,0,"739","2","250",0.506584881889844,0.127910651004174,0.540841796667973,1.94025750569944,NA
"740","NSW1212964",1.39941570903147,-0.0396999043345336,0,"740","2","251",-0.17142733175308,0.12318902319148,-0.211127236087614,1.18828847294385,NA
"741","NSW1200338",1.39941570903147,0.163346875787527,0,"741","2","252",-0.677357206606058,0.12251642397107,-0.514010330818531,0.885405378212937,NA
"742","NSW1213003",1.39941570903147,-0.0607765577275046,0,"742","2","253",0.12718732357415,0.176032341540428,0.0664107658466453,1.46582647487811,NA
"743","NSW1190162",1.39941570903147,0.0883494545237293,0,"743","2","254",-0.562693495136558,0.110970787810724,-0.474344040612829,0.925071668418639,NA
"744","NSW1200769",1.39941570903147,0.210680738912831,0,"744","2","255",-0.138592911309411,0.0856105727722459,0.0720878276034195,1.47150353663489,NA
"745","NSW1200403",1.39941570903147,0.157845209319874,0,"745","2","256",0.0860255097403072,0.17721389301188,0.243870719060181,1.64328642809165,NA
"746","NSW1200355",1.39941570903147,-0.320985377981938,0,"746","2","257",0.054063741224336,0.509017552796204,-0.266921636757602,1.13249407227387,NA
"747","NSW1212965",1.39941570903147,-0.123949772512122,0,"747","2","258",0.180833269527499,0.234178824309421,0.0568834970153765,1.45629920604684,NA
"748","NSW1200369",1.39941570903147,-0.0434386562237355,0,"748","2","259",0.224756114396818,0.113723955766826,0.181317458173082,1.58073316720455,NA
"749","NSW1211589",1.39941570903147,-0.145774251970636,0,"749","2","260",0.05567086209095,0.291012386931547,-0.0901033898796862,1.30931231915178,NA
"750","NSW1200611",1.39941570903147,-0.00479134408116937,0,"750","2","261",-0.316146779360476,0.168441922995103,-0.320938123441646,1.07847758558982,NA
"751","NSW1211538",1.39941570903147,-0.00858206382283981,0,"751","2","262",-0.0159964180564493,0.162772705854238,-0.0245784818792891,1.37483722715218,NA
"752","NSW1190172",1.39941570903147,0.213148122977809,0,"752","2","263",0.699302198441646,0.150257007739275,0.912450321419456,2.31186603045092,NA
"753","NSW1211437",1.39941570903147,0.135599517097565,0,"753","2","264",-0.0498248611699427,0.136950568649063,0.0857746559276221,1.48519036495909,NA
"754","NSW1200656",1.39941570903147,-0.0234268479824412,0,"754","2","265",0.160527588501382,0.160664962972053,0.137100740518941,1.53651644955041,NA
"755","NSW1200823",1.39941570903147,0.194617394055789,0,"755","2","266",-0.393502127660169,0.210355061265814,-0.19888473360438,1.20053097542709,NA
"756","NSW1200802",1.39941570903147,0.112393400669068,0,"756","2","267",0.198402024678354,0.139176890110506,0.310795425347422,1.71021113437889,NA
"757","NSW1211575",1.39941570903147,-0.10545573920221,0,"757","2","268",-0.479447771412784,0.220642575522145,-0.584903510614994,0.814512198416474,NA
"758","NSW1200430",1.39941570903147,-0.0452884743901193,0,"758","2","269",0.658702700663449,0.196544433105911,0.613414226273329,2.0128299353048,NA
"759","NSW1200378",1.39941570903147,0.152180153523125,0,"759","2","270",0.0745211132848582,0.0949557153708971,0.226701266807984,1.62611697583945,NA
"760","NSW1200840",1.39941570903147,0.182089230980637,0,"760","2","271",-0.43924230785278,0.164351724841072,-0.257153076872144,1.14226263215932,NA
"761","NSW1201366",1.39941570903147,0.121736845216071,0,"761","2","272",-0.159608834227626,0.154222088258045,-0.037871989011555,1.36154372001991,NA
"762","NSW1211569",1.39941570903147,0.201872016006375,0,"762","2","273",-0.0953464101186362,0.14375933779667,0.106525605887739,1.50594131491921,NA
"763","NSW1210940",1.39941570903147,-0.032550715796656,0,"763","2","274",-0.271207961232271,0.164590988873506,-0.303758677028927,1.09565703200254,NA
"764","NSW1200838",1.39941570903147,-0.110640447334044,0,"764","2","275",-0.275902883343741,0.139285456393653,-0.386543330677785,1.01287237835368,NA
"765","NSW1200419",1.39941570903147,-0.0552401247489718,0,"765","2","276",0.780430396874847,0.174508254691485,0.725190272125875,2.12460598115734,NA
"766","NSW1200909",1.39941570903147,0.142098645080409,0,"766","2","277",-0.058723102511797,0.136532459203645,0.0833755425686122,1.48279125160008,NA
"767","NSW1211572",1.39941570903147,0.163611355752035,0,"767","2","278",0.1594631765544,0.05576957559969,0.323074532306435,1.7224902413379,NA
"768","NSW1201401",1.39941570903147,0.17661894905131,0,"768","2","279",0.0131036118939035,0.171979121107812,0.189722560945213,1.58913826997668,NA
"769","NSW1200893",1.39941570903147,0.109677093316531,0,"769","2","280",-0.275367829750215,0.150615154345097,-0.165690736433683,1.23372497259778,NA
"770","NSW1200879",1.39941570903147,0.0456134292242514,0,"770","2","281",-0.335528655652801,0.165476483094524,-0.28991522642855,1.10950048260292,NA
"771","NSW1200596",1.39941570903147,-0.114742506343239,0,"771","2","282",0.42449423773871,0.235919884408919,0.309751731395471,1.70916744042694,NA
"772","NSW1213023",1.39941570903147,-0.0501333996025595,0,"772","2","283",0.122558010834592,0.102116519016607,0.072424611232032,1.4718403202635,NA
"773","NSW1211510",1.39941570903147,-0.0188431635439639,0,"773","2","284",0.121619846010937,0.159245417032799,0.102776682466973,1.50219239149844,NA
"774","NSW1200342",1.39941570903147,-0.00621783826872821,0,"774","2","285",-0.354130860528282,0.135010394060047,-0.36034869879701,1.03906701023446,NA
"775","NSW1200540",1.39941570903147,0.0996657607792878,0,"775","2","286",-0.606366012718011,0.118134047952523,-0.506700251938723,0.892715457092745,NA
"776","NSW1211585",1.39941570903147,-0.0622060030147834,0,"776","2","287",-0.417654431385106,0.111901601034238,-0.47986043439989,0.919555274631578,NA
"777","NSW1212958",1.39941570903147,-0.0871091017505851,0,"777","2","288",0.345601058594965,0.191544736267165,0.25849195684438,1.65790766587585,NA
"778","NSW1201627",1.39941570903147,0.229674600775627,0,"778","2","289",0.0080305001628568,0.217599954220242,0.237705100938484,1.63712080996995,NA
"779","NSW1210988",1.39941570903147,-0.0559348397477159,0,"779","2","290",0.278086061147731,0.104056187741374,0.222151221400015,1.62156693043148,NA
"780","NSW1200915",1.39941570903147,0.167278242316814,0,"780","2","291",0.881246802711736,0.205884475443121,1.04852504502855,2.44794075406002,NA
"781","NSW1200398",1.39941570903147,0.149992251043388,0,"781","2","292",-0.450430533851275,0.148552858854813,-0.300438282807887,1.09897742622358,NA
"782","NSW1212963",1.39941570903147,-0.0925065570154789,0,"782","2","293",0.336561766444177,0.237363272618804,0.244055209428698,1.64347091846017,NA
"783","NSW1200519",1.39941570903147,0.191927103361002,0,"783","2","294",0.107202816629616,0.17166230879035,0.299129919990618,1.69854562902209,NA
"784","NSW1211436",1.39941570903147,0.14804438053728,0,"784","2","295",-0.0536913264500712,0.192570803025682,0.0943530540872083,1.49376876311868,NA
"785","NSW1212984",1.39941570903147,-0.0386192215269509,0,"785","2","296",-0.260171497483053,0.132498683896076,-0.298790719010004,1.10062499002146,NA
"786","NSW1211431",1.39941570903147,0.129628943861626,0,"786","2","297",0.155367445615468,0.226443104456068,0.284996389477094,1.68441209850856,NA
"787","NSW1211557",1.39941570903147,0.0978350253165378,0,"787","2","298",0.57258509131186,0.140869828977658,0.670420116628398,2.06983582565987,NA
"788","NSW1190166",1.39941570903147,0.182472703794981,0,"788","2","299",0.269419618200045,0.156392685266623,0.451892321995026,1.85130803102649,NA
"789","NSW1200368",1.39941570903147,0.132333432527401,0,"789","2","300",-0.395811666918672,0.129555131799163,-0.26347823439127,1.1359374746402,NA
"790","NSW1200809",1.39941570903147,0.230926266240887,0,"790","2","301",0.0758363446484505,0.209578194281177,0.306762610889337,1.7061783199208,NA
"791","NSW1213024",1.39941570903147,-0.0786472081038262,0,"791","2","302",0.830198244681556,0.139879064617414,0.751551036577729,2.1509667456092,NA
"792","NSW1190169",1.39941570903147,0.17773609564223,0,"792","2","303",0.12272110859548,0.158775151192773,0.300457204237711,1.69987291326918,NA
"793","NSW1200348",1.39941570903147,0.154702270507409,0,"793","2","304",-0.339356737858809,0.182204275228449,-0.1846544673514,1.21476124168007,NA
"794","NSW1200383",1.39941570903147,0.212092594483245,0,"794","2","305",-0.300896104573468,0.129221749291252,-0.0888035100902232,1.31061219894124,NA
"795","NSW1212986",1.39941570903147,-0.0673438424391191,0,"795","2","306",0.216489226305238,0.0879649572464874,0.149145383866119,1.54856109289759,NA
"796","NSW1200602",1.39941570903147,0.0731617925242703,0,"796","2","307",0.1378741767081,0.131113538675769,0.21103596923237,1.61045167826384,NA
"797","NSW1211535",1.39941570903147,0.0360106799204944,0,"797","2","308",-0.0873474640948194,0.13831672379619,-0.051336784174325,1.34807892485714,NA
"798","NSW1212953",1.39941570903147,-0.0687890919335338,0,"798","2","309",-0.142090710988393,0.181769605362939,-0.210879802921927,1.18853590610954,NA
"799","NSW1200794",1.39941570903147,0.218647712732366,0,"799","2","310",-0.33611575761763,0.175452297648674,-0.117468044885263,1.2819476641462,NA
"800","NSW1201361",1.39941570903147,0.187304924523311,0,"800","2","311",-0.0536743262537482,0.193933207791095,0.133630598269563,1.53304630730103,NA
"801","NSW1211537",1.39941570903147,-0.0464050244504766,0,"801","2","312",0.393723889111316,0.175921724803636,0.347318864660839,1.74673457369231,NA
"802","NSW1200601",1.39941570903147,-0.00344555148683492,0,"802","2","313",0.115714333843957,0.11060743910283,0.112268782357122,1.51168449138859,NA
"803","NSW1200538",1.39941570903147,0.239344057700088,0,"803","2","314",0.08309631333547,0.207113474011902,0.322440371035559,1.72185608006703,NA
"804","NSW1212996",1.39941570903147,-0.0998086784179676,0,"804","2","315",0.0059400479104379,0.156095973238038,-0.0938686305075297,1.30554707852394,NA
"805","NSW1211574",1.39941570903147,0.120011240183801,0,"805","2","316",0.129766378794502,0.193215819200765,0.249777618978303,1.64919332800977,NA
"806","NSW1200606",1.39941570903147,0.0247111569935664,0,"806","2","317",-0.149556888013747,0.157992163271859,-0.124845731020181,1.27456997801129,NA
"807","NSW1200844",1.39941570903147,0.0824545824927966,0,"807","2","318",-0.209804166366559,0.186928044557077,-0.127349583873763,1.27206612515771,NA
"808","NSW1211432",1.39941570903147,0.207976075545563,0,"808","2","319",-0.560813128101459,0.125398180383346,-0.352837052555896,1.04657865647557,NA
"809","NSW1201386",1.39941570903147,0.188210338218532,0,"809","2","320",-0.0620500293022982,0.181198895175249,0.126160308916234,1.5255760179477,NA
"810","NSW1212894",1.39941570903147,-0.0394648021137948,0,"810","2","321",0.0690656586819396,0.144709120570199,0.0296008565681448,1.42901656559961,NA
"811","NSW1211573",1.39941570903147,0.0264472532096149,0,"811","2","322",-0.0748850973718405,0.275492264900943,-0.0484378441622255,1.35097786486924,NA
"812","NSW1211567",1.39941570903147,0.167579213711459,0,"812","2","323",0.114135095669888,0.177930684134907,0.281714309381347,1.68113001841281,NA
"813","NSW1201385",1.39941570903147,0.108061850259256,0,"813","2","324",-0.152134905392312,0.167313710569844,-0.044073055133056,1.35534265389841,NA
"814","NSW1201357",1.39941570903147,0.206673532540188,0,"814","2","325",0.0596783703794976,0.101946920684862,0.266351902919686,1.66576761195115,NA
"815","NSW1211435",1.39941570903147,0.128137404594036,0,"815","2","326",0.332328874859321,0.144654773409259,0.460466279453357,1.85988198848482,NA
"816","NSW1200555",1.39941570903147,0.0776814470196784,0,"816","2","327",0.176983865681464,0.132838235376811,0.254665312701143,1.65408102173261,NA
"817","NSW1200399",1.39941570903147,0.081148649952431,0,"817","2","328",-0.875204470294731,0.103157053716444,-0.7940558203423,0.605359888689168,NA
"818","NSW1200894",1.39941570903147,0.19241235566863,0,"818","2","329",-0.270693701498761,0.147123722376486,-0.0782813458301306,1.32113436320134,NA
"819","NSW1211457",1.39941570903147,0.172329180484392,0,"819","2","330",-0.73743755725454,0.124806318628381,-0.565108376770148,0.834307332261319,NA
"820","NSW1200854",1.39941570903147,0.0847154985704097,0,"820","2","331",-0.220098359103618,0.144709634482335,-0.135382860533209,1.26403284849826,NA
"821","NSW1200888",1.39941570903147,0.1040703164585,0,"821","2","332",-0.224487395966057,0.13366478966317,-0.120417079507556,1.27899862952391,NA
"822","NSW1201626",1.39941570903147,0.232751774431591,0,"822","2","333",0.0548550890189365,0.195348268273795,0.287606863450528,1.687022572482,NA
"823","NSW1200553",1.39941570903147,0.221451329317381,0,"823","2","334",-0.0718026850684443,0.155473775869147,0.149648644248937,1.5490643532804,NA
"824","NSW1213008",1.39941570903147,-0.0475988664345964,0,"824","2","335",-0.34011068635061,0.0615860288757859,-0.387709552785206,1.01170615624626,NA
"825","NSW1200671",1.39941570903147,-0.034537890568505,0,"825","2","336",-0.0519508812555804,0.0690799344878121,-0.0864887718240854,1.31292693720738,NA
"826","NSW1212955",1.39941570903147,-0.103153620503162,0,"826","2","337",0.208648838758854,0.124726943637672,0.105495218255693,1.50491092728716,NA
"827","NSW1212999",1.39941570903147,-0.0587206324747385,0,"827","2","338",0.143010482999342,0.0892436336287743,0.0842898505246037,1.48370555955607,NA
"828","NSW1213018",1.39941570903147,-0.0508759136866886,0,"828","2","339",0.482216071296778,0.17701959319335,0.431340157610089,1.83075586664156,NA
"829","NSW1212861",1.39941570903147,-0.0789255758064255,0,"829","2","340",-0.164720589607488,0.177738920403419,-0.243646165413913,1.15576954361755,NA
"830","NSW1200526",1.39941570903147,0.0755954841531359,0,"830","2","341",0.211630876538555,0.169606600695232,0.287226360691691,1.68664206972316,NA
"831","NSW1212978",1.39941570903147,-0.102322192417113,0,"831","2","342",0.658743993600494,0.199212124979131,0.556421801183382,1.95583751021485,NA
"832","NSW1200548",1.39941570903147,0.194301242724485,0,"832","2","343",-0.348510057316721,0.120629753265906,-0.154208814592236,1.24520689443923,NA
"833","NSW1200843",1.39941570903147,0.192391125168683,0,"833","2","344",0.836565041862399,0.195910117491734,1.02895616703108,2.42837187606255,NA
"834","NSW1200898",1.39941570903147,0.0631450988820211,0,"834","2","345",-0.15305312177683,0.132576599955963,-0.0899080228948091,1.30950768613666,NA
"835","NSW1213031",1.39941570903147,-0.025195816646946,0,"835","2","346",-0.585139047525377,0.145038928647637,-0.610334864172323,0.789080844859144,NA
"836","NSW1211425",1.39941570903147,0.179031832838153,0,"836","2","347",0.189602825967866,0.232826115445976,0.368634658806019,1.76805036783749,NA
"837","NSW1210966",1.39941570903147,-0.0060723189699321,0,"837","2","348",-0.183779818177166,0.124019036356721,-0.189852137147098,1.20956357188437,NA
"838","NSW1200899",1.39941570903147,0.192880742027763,0,"838","2","349",-0.0111648767336952,0.207560633845094,0.181715865294068,1.58113157432554,NA
"839","NSW1212973",1.39941570903147,-0.0428620548054362,0,"839","2","350",0.279125468187862,0.167654417572922,0.236263413382426,1.63567912241389,NA
"840","NSW1211540",1.39941570903147,0.00966169201252075,0,"840","2","351",0.284742658200911,0.170112895077304,0.294404350213432,1.6938200592449,NA
"841","NSW1201406",1.39941570903147,0.292397685181629,0,"841","2","352",-0.705676538206016,0.19200421020935,-0.413278853024388,0.98613685600708,NA
"842","NSW1200889",1.39941570903147,0.174194622970333,0,"842","2","353",-0.112220235915982,0.113652527989271,0.0619743870543507,1.46139009608582,NA
"843","NSW1200904",1.39941570903147,0.216358346413711,0,"843","2","354",-0.595050263397724,0.096278736187574,-0.378691916984013,1.02072379204745,NA
"844","NSW1213014",1.39941570903147,-0.092220049593077,0,"844","2","355",-0.490250270765854,0.203049823950913,-0.582470320358931,0.816945388672537,NA
"845","NSW1211588",1.39941570903147,0.101123962298709,0,"845","2","356",-0.241384580497701,0.126372773296587,-0.140260618198992,1.25915509083248,NA
"846","NSW1213035",1.39941570903147,-0.0579338779346911,0,"846","2","357",0.0286037791281171,0.113757068659419,-0.029330098806574,1.37008561022489,NA
"847","NSW1200510",1.39941570903147,0.0742861250822439,0,"847","2","358",-0.192269776201443,0.117750940397769,-0.117983651119199,1.28143205791227,NA
"848","NSW1211532",1.39941570903147,-0.0387446727252221,0,"848","2","359",0.337239184354332,0.0865502873095449,0.29849451162911,1.69791022066058,NA
"849","NSW1200924",1.39941570903147,0.172298386895157,0,"849","2","360",-0.119789348192475,0.180665752029866,0.0525090387026821,1.45192474773415,NA
"850","NSW1200782",1.39941570903147,0.00184619387882079,0,"850","2","361",-0.462537160689329,0.14198699709757,-0.460690966810508,0.93872474222096,NA
"851","NSW1212998",1.39941570903147,-0.0762786694569741,0,"851","2","362",0.408566050129241,0.155882114604498,0.332287380672267,1.73170308970373,NA
"852","NSW1211587",1.39941570903147,-0.0424815991601953,0,"852","2","363",0.276363014869331,0.149594711829141,0.233881415709136,1.6332971247406,NA
"853","NSW1200359",1.39941570903147,0.00298548614418555,0,"853","2","364",0.227951346201683,0.20399270651389,0.230936832345869,1.63035254137734,NA
"854","NSW1212989",1.39941570903147,-0.0494015582006442,0,"854","2","365",-0.0231970011833668,0.186431952879608,-0.072598559384011,1.32681714964746,NA
"855","NSW1201429",1.39941570903147,0.167950904065391,0,"855","2","366",-0.734002020248521,0.0306363863227525,-0.56605111618313,0.833364592848337,NA
"856","NSW1200918",1.39941570903147,0.100137156087839,0,"856","2","367",-0.176608079353387,0.162535135950066,-0.0764709232655481,1.32294478576592,NA
"857","NSW1190209",1.39941570903147,0.155131406904832,0,"857","2","368",-0.282951088856662,0.178033620990318,-0.12781968195183,1.27159602707964,NA
"858","NSW1200404",1.39941570903147,0.0966482003058728,0,"858","2","369",0.0985149732415007,0.143637862903952,0.195163173547373,1.59457888257884,NA
"859","NSW1211509",1.39941570903147,-0.0948031758868885,0,"859","2","370",-0.193216760834537,0.208850982259011,-0.288019936721426,1.11139577231004,NA
"860","NSW1200421",1.39941570903147,-0.0324732433241344,0,"860","2","371",0.24224013717341,0.187279213294781,0.209766893849276,1.60918260288074,NA
"861","NSW1200908",1.39941570903147,0.0992597780099141,0,"861","2","372",0.286813865632167,0.149124108200209,0.386073643642081,1.78548935267355,NA
"862","NSW1213028",1.39941570903147,-0.0704453730471539,0,"862","2","373",-0.137968687742873,0.189042139540807,-0.208414060790027,1.19100164824144,NA
"863","NSW1201632",1.39941570903147,0.229327067287895,0,"863","2","374",0.408754421457639,0.203261769854975,0.638081488745534,2.037497197777,NA
"864","NSW1200461",1.39941570903147,0.095846081170514,0,"864","2","375",0.290890734366362,0.158343485084478,0.386736815536876,1.78615252456834,NA
"865","NSW1200590",1.39941570903147,-0.124555444058311,0,"865","2","376",0.07794283590454,0.139653748549148,-0.0466126081537712,1.3528031008777,NA
"866","NSW1212975",1.39941570903147,-0.0563758417661384,0,"866","2","377",-0.114879113316388,0.165493639671188,-0.171254955082526,1.22816075394894,NA
"867","NSW1201621",1.39941570903147,0.185569034514525,0,"867","2","378",-0.383093082546866,0.150457453269413,-0.197524048032341,1.20189166099913,NA
"868","NSW1210994",1.39941570903147,-0.0571129831737964,0,"868","2","379",-0.546304154740529,0.17788259225924,-0.603417137914325,0.795998571117142,NA
"869","NSW1190186",1.39941570903147,-0.00744949098494513,0,"869","2","380",0.575646385003345,0.162158530643789,0.5681968940184,1.96761260304987,NA
"870","NSW1213009",1.39941570903147,-0.0756868038254776,0,"870","2","381",-0.144443732395231,0.199067717862306,-0.220130536220708,1.17928517281076,NA
"871","NSW1213004",1.39941570903147,-0.0582754851195158,0,"871","2","382",-0.0393256126550278,0.100436937366481,-0.0976010977745436,1.30181461125692,NA
"872","NSW1200595",1.39941570903147,0.00763858887112767,0,"872","2","383",-0.121975714298749,0.131418369724751,-0.114337125427621,1.28507858360385,NA
"873","NSW1211590",1.39941570903147,-0.0347198516487708,0,"873","2","384",-0.286268525136585,0.0772216350808839,-0.320988376785356,1.07842733224611,NA
"874","NSW1213026",1.39941570903147,-0.0548427550893639,0,"874","2","385",-0.208667007438536,0.228517161970675,-0.2635097625279,1.13590594650357,NA
"875","NSW1200798",1.39941570903147,-0.050604623125571,0,"875","2","386",-0.0816574759380994,0.164280412103095,-0.13226209906367,1.2671536099678,NA
"876","NSW1190171",1.39941570903147,0.233023061699924,0,"876","2","387",-0.442916432749501,0.148499726804922,-0.209893371049577,1.18952233798189,NA
"877","NSW1211447",1.39941570903147,0.174757860675238,0,"877","2","388",-0.25065505746894,0.135678759941952,-0.0758971967937021,1.32351851223777,NA
"878","NSW1200652",1.39941570903147,-0.0534174388280266,0,"878","2","389",0.374666355854926,0.147336964993345,0.3212489170269,1.72066462605837,NA
"879","NSW1211571",1.39941570903147,0.087838563091728,0,"879","2","390",0.079078319230647,0.125390159207967,0.166916882322375,1.56633259135384,NA
"880","NSW1200612",1.39941570903147,0.0530416880949078,0,"880","2","391",0.0983857275603447,0.135146122205706,0.151427415655252,1.55084312468672,NA
"881","NSW1213019",1.39941570903147,-0.0685957435562864,0,"881","2","392",0.213605763124344,0.18810869570707,0.145010019568057,1.54442572859952,NA
"882","NSW1190193",1.39941570903147,0.136388082459949,0,"882","2","393",0.334009909720694,0.167999433126231,0.470397992180643,1.86981370121211,NA
"883","NSW1200621",1.39941570903147,0.045389349844334,0,"883","2","394",-0.32490969574739,0.161362889065687,-0.279520345903056,1.11989536312841,NA
"884","NSW1211452",1.39941570903147,-0.0740343270305004,0,"884","2","395",0.0811764670024585,0.125079017568583,0.00714213997195805,1.40655784900343,NA
"885","NSW1210997",1.39941570903147,-0.00847682556986218,0,"885","2","396",0.168857512449658,0.170071157574692,0.160380686879796,1.55979639591126,NA
"886","NSW1201424",1.39941570903147,0.181006871252365,0,"886","2","397",-0.595234723993676,0.0870576018501838,-0.414227852741311,0.985187856290157,NA
"887","NSW1213002",1.39941570903147,-0.0732115967078562,0,"887","2","398",0.022452627977058,0.103686468609352,-0.0507589687307982,1.34865674030067,NA
"888","NSW1201367",1.39941570903147,0.160306955237183,0,"888","2","399",-0.731868270704182,0.157154799162884,-0.571561315466999,0.827854393564469,NA
"889","NSW1200903",1.39941570903147,0.0108044899854119,0,"889","2","400",0.0769544102170382,0.111874305920276,0.0877589002024501,1.48717460923392,NA
"890","NSW1212974",1.39941570903147,-0.0520889119307811,0,"890","2","401",-0.483749704897193,0.127677353897597,-0.535838616827974,0.863577092203493,NA
"891","NSW1211531",1.39941570903147,0.0333233021309967,0,"891","2","402",0.254917462450148,0.162039797660419,0.288240764581145,1.68765647361261,NA
"892","NSW1190170",1.39941570903147,0.214646159025221,0,"892","2","403",0.787705879128962,0.17073610100235,1.00235203815418,2.40176774718565,NA
"893","NSW1211579",1.39941570903147,0.0906927060723875,0,"893","2","404",-0.0198187045389561,0.156616760468212,0.0708740015334314,1.4702897105649,NA
"894","NSW1200913",1.39941570903147,0.0817572675666914,0,"894","2","405",0.45650599092088,0.157500586612634,0.538263258487571,1.93767896751904,NA
"895","NSW1212899",1.39941570903147,-0.0950855744509979,0,"895","2","406",0.82552957954515,0.213040203971427,0.730444005094152,2.12985971412562,NA
"896","NSW1212954",1.39941570903147,-0.0667625158997697,0,"896","2","407",-0.491815301742586,0.111189129245318,-0.558577817642356,0.840837891389111,NA
"897","NSW1200874",1.39941570903147,0.153854091712796,0,"897","2","408",-0.184696687167471,0.187972336790709,-0.0308425954546742,1.36857311357679,NA
"898","NSW1200367",1.39941570903147,0.198142808389524,0,"898","2","409",-0.0276157471388644,0.103462645838722,0.170527061250659,1.56994277028213,NA
"899","NSW1211563",1.39941570903147,0.150470054893796,0,"899","2","410",-0.00698174588681671,0.159988276919905,0.14348830900698,1.54290401803845,NA
"900","NSW1200667",1.39941570903147,-0.103210510177997,0,"900","2","411",0.110658112831621,0.180376001567167,0.00744760265362449,1.40686331168509,NA
"901","NSW1200832",1.39941570903147,0.0175841856639136,0,"901","2","412",0.247319195337702,0.127023249076761,0.264903381001616,1.66431909003308,NA
"902","NSW1211580",1.39941570903147,-0.0591754771138269,0,"902","2","413",0.201682091676604,0.194462535989879,0.142506614562777,1.54192232359425,NA
"903","NSW1201435",1.39941570903147,0.18183373166351,0,"903","2","414",-0.158397229020102,0.218085166416291,0.0234365026434082,1.42285221167488,NA
"904","NSW1200600",1.39941570903147,0.0131101936565627,0,"904","2","415",0.646103934609491,0.0918409448797062,0.659214128266054,2.05862983729752,NA
"905","NSW1212994",1.39941570903147,-0.0778482957977355,0,"905","2","416",-0.368515884006353,0.120769759385374,-0.446364179804088,0.953051529227379,NA
"906","NSW1211591",1.39941570903147,0.116467276997661,0,"906","2","417",0.0107890330126606,0.172578360647638,0.127256310010322,1.52667201904179,NA
