"","Taxa","BLUE.N","BLUE.I","QTNs","Group","RefInf","ID","BLUP","PEV","gBreedingValue","Prediction","COI"
"1","S_1007_S311",1.42123611497138,0.282894151856313,0,"  1","1","  1",0.329082176554033,0.273646536971364,0.611976328410346,2.03321244338173,1.8612097182042
"2","S_102_S245",1.42123611497138,-0.0778730556024756,0,"  2","1","  2",0.449540259503758,0.271680426017337,0.371667203901283,1.79290331887266,1.65487545982344
"3","S_1031_S380",1.42123611497138,-0.0634832006412203,0,"  3","1","  3",-0.302542957660808,0.267159269072616,-0.366026158302028,1.05520995666935,1
"4","S_1045_S231",1.42123611497138,0.223909898818713,0,"  4","1","  4",-1.16558147348967,0.273557196966885,-0.941671574670958,0.479564540300423,0
"5","S_1052_S227",1.42123611497138,0.209404694884622,0,"  5","1","  5",0.388737271831286,0.264184516492167,0.598141966715908,2.01937808168729,2.11474252688113
"6","S_1054_S345",1.42123611497138,0.088941961146992,0,"  6","1","  6",-0.35241666192175,0.27124707394458,-0.263474700774758,1.15776141419662,0.840896415253715
"7","S_1057_S302",1.42123611497138,0.184877672728917,0,"  7","1","  7",-0.515077566642868,0.281169760225939,-0.330199893913951,1.09103622105743,0.840896415253715
"8","S_106_S223",1.42123611497138,-0.0797716432949419,0,"  8","1","  8",0.307420405168492,0.269640879360926,0.22764876187355,1.64888487684493,1.8612097182042
"9","S_1082_S287",1.42123611497138,0.00414161621155681,0,"  9","1","  9",-0.0322899571003936,0.264971187494506,-0.0281483408888368,1.39308777408254,1.56508458007329
"10","S_108_S258",1.42123611497138,-0.00821673917301823,0," 10","1"," 10",0.410723488741435,0.269196044782644,0.402506749568416,1.8237428645398,1.56508458007329
"11","S_109_S351",1.42123611497138,-0.208077223114121,0," 11","1"," 11",-0.0491542698006585,0.26490950468999,-0.257231492914779,1.1640046220566,1.49534878122122
"12","S_1124_S271",1.42123611497138,0.149567924162141,0," 12","1"," 12",-0.737818419282185,0.25897332770449,-0.588250495120044,0.832985619851336,1.18920711500272
"13","S_1127_S332",1.42123611497138,0.146224927011345,0," 13","1"," 13",-1.39849941995966,0.249022052219256,-1.25227449294832,0.168961622023063,0
"14","S_1130_S319",1.42123611497138,0.323010640980693,0," 14","1"," 14",0.822159027337015,0.297008139442622,1.14516966831771,2.56640578328909,2.65914794847249
"15","S_1132_S315",1.42123611497138,0.243151222705347,0," 15","1"," 15",0.0998332786417989,0.284343424238185,0.342984501347146,1.76422061631853,1.65487545982344
"16","S_1159_S297",1.42123611497138,-0.0217349140941461,0," 16","1"," 16",0.312203098010508,0.25942780122132,0.290468183916362,1.71170429888774,1.56508458007329
"17","S_1161_S254",1.42123611497138,0.00254867327542415,0," 17","1"," 17",0.318802123964678,0.266825284133933,0.321350797240102,1.74258691221148,1.31607401295249
"18","S_1162_S384",1.42123611497138,-0.0977637719373483,0," 18","1"," 18",0.520456454254274,0.258935156026505,0.422692682316926,1.84392879728831,2.51486685936587
"19","S_1223_S229",1.42123611497138,-0.093655041812426,0," 19","1"," 19",0.0617177399506362,0.259117479035705,-0.0319373018617898,1.38929881310959,1.4142135623731
"20","S_1237_S377",1.42123611497138,0.0638725213554081,0," 20","1"," 20",-1.4821359953919,0.252702570854308,-1.41826347403649,0.0029726409348898,0
"21","S_129_S310",1.42123611497138,-0.34706899168786,0," 21","1"," 21",-1.32163004539304,0.282831328728026,-1.6686990370809,0,0
"22","S_1305_S246",1.42123611497138,0.207914383903057,0," 22","1"," 22",-0.214191331250214,0.270329014911825,-0.00627694734715667,1.41495916762422,1.77827941003892
"23","S_130_S333",1.42123611497138,-0.303343717059132,0," 23","1"," 23",-1.04832045616604,0.281684388383706,-1.35166417322517,0.0695719417462073,0
"24","S_1315_S322",1.42123611497138,-0.0744088019388127,0," 24","1"," 24",0.168806377004362,0.276845083556826,0.0943975750655497,1.51563369003693,1.49534878122122
"25","S_1317_S208",1.42123611497138,-0.0765258188169612,0," 25","1"," 25",0.0373967776427618,0.2512911404463,-0.0391290411741994,1.38210707379718,1.49534878122122
"26","S_1324_S206",1.42123611497138,-0.0733539563214271,0," 26","1"," 26",0.764253488658984,0.261638981952378,0.690899532337557,2.11213564730894,2.11474252688113
"27","S_1328_S372",1.42123611497138,0.0628633353368555,0," 27","1"," 27",0.850619430789558,0.271929480038131,0.913482766126414,2.33471888109779,2.34034731932072
"28","S_1343_S366",1.42123611497138,0.121343043885955,0," 28","1"," 28",-0.252909450755923,0.264964943071616,-0.131566406869968,1.28966970810141,1
"29","S_137_S285",1.42123611497138,-0.265389685446105,0," 29","1"," 29",-0.124160837520266,0.279389722010393,-0.389550522966371,1.03168559200501,1
"30","S_1383_S323",1.42123611497138,-0.375832359733831,0," 30","1"," 30",0.0728424788461089,0.497656529978647,-0.302989880887722,1.11824623408366,1.10668191970032
"31","S_1404_S202",1.42123611497138,-0.166338969973554,0," 31","1"," 31",-0.85599804523435,0.252110365848011,-1.0223370152079,0.398899099763476,0
"32","S_1407_S312",1.42123611497138,-0.0768096534891275,0," 32","1"," 32",-0.402758595441429,0.268939259240738,-0.479568248930557,0.941667866040823,1.31607401295249
"33","S_140_S320",1.42123611497138,-0.223307752594151,0," 33","1"," 33",1.04184632745043,0.270201993745046,0.818538574856276,2.23977468982766,2.51486685936587
"34","S_1423_S318",1.42123611497138,0.142449959913427,0," 34","1"," 34",0.638447773204633,0.275722366837231,0.78089773311806,2.20213384808944,2.51486685936587
"35","S_1430_S329",1.42123611497138,-0.0264922234984454,0," 35","1"," 35",-0.16065647804723,0.264264299128146,-0.187148701545676,1.2340874134257,1.4142135623731
"36","S_1431_S278",1.42123611497138,-0.0931615797276946,0," 36","1"," 36",-1.1787508808306,0.269006373148314,-1.27191246055829,0.14932365441309,0
"37","S_1437_S292",1.42123611497138,-0.0889943972555328,0," 37","1"," 37",-0.451248944542783,0.268267646595411,-0.540243341798316,0.880992773173065,1.18920711500272
"38","S_1441_S235",1.42123611497138,-0.168904857434967,0," 38","1"," 38",0.464102330486535,0.277280331604586,0.295197473051568,1.71643358802295,1.96798967126543
"39","S_1442_S328",1.42123611497138,-0.0289058615211006,0," 39","1"," 39",-0.947529095644187,0.26414750663045,-0.976434957165287,0.444801157806093,0
"40","S_1452_S275",1.42123611497138,-0.0466561294774777,0," 40","1"," 40",0.00732752773300949,0.28903511995918,-0.0393286017444682,1.38190751322691,1.49534878122122
"41","S_1472_S295",1.42123611497138,0.0901755821029361,0," 41","1"," 41",-1.38952439488,0.259752794775251,-1.29934881277707,0.121887302194313,0
"42","S_1488_S316",1.42123611497138,-0.0825834828099106,0," 42","1"," 42",0.320139697435499,0.259703570746741,0.237556214625589,1.65879232959697,1.62657656169779
"43","S_148_S249",1.42123611497138,-0.154353067154446,0," 43","1"," 43",-0.31461505981866,0.288461728836194,-0.468968126973106,0.952267987998275,1
"44","S_1496_S272",1.42123611497138,-0.0730614196904844,0," 44","1"," 44",1.12625466955195,0.264830373653599,1.05319324986147,2.47442936483285,2.65914794847249
"45","S_150_S251",1.42123611497138,-0.325488792603547,0," 45","1"," 45",0.176946556589207,0.290908552779251,-0.14854223601434,1.27269387895704,1.31607401295249
"46","S_1513_S327",1.42123611497138,-0.0990250247292463,0," 46","1"," 46",-1.09409264512905,0.275579978313502,-1.19311766985829,0.228118445113087,0
"47","S_1518_S240",1.42123611497138,-0.144990736895175,0," 47","1"," 47",-0.177651508284625,0.255197583603294,-0.322642245179799,1.09859386979158,1
"48","S_1549_S342",1.42123611497138,0.049762003603816,0," 48","1"," 48",-1.03106586007876,0.273899204156912,-0.981303856474941,0.43993225849644,0
"49","S_1573_S236",1.42123611497138,-0.147052753383322,0," 49","1"," 49",-0.158713879545817,0.262028891840559,-0.305766632929138,1.11546948204224,1
"50","S_1584_S296",1.42123611497138,-0.124796545826091,0," 50","1"," 50",0.879466329293988,0.26781532945635,0.754669783467897,2.17590589843928,2.21336383940064
"51","S_1599_S343",1.42123611497138,0.205863744021316,0," 51","1"," 51",0.840891323746141,0.262185459492102,1.04675506776746,2.46799118273884,2.65914794847249
"52","S_1619_S303",1.42123611497138,0.0597984457133339,0," 52","1"," 52",0.374017256064742,0.293686071673067,0.433815701778075,1.85505181674946,1.77827941003892
"53","S_1621_S339",1.42123611497138,0.129783783884602,0," 53","1"," 53",0.983925384953073,0.25776235008231,1.11370916883768,2.53494528380906,2.54572989502183
"54","S_1623_S378",1.42123611497138,0.105381545022406,0," 54","1"," 54",-0.0541262587783128,0.247815972219146,0.0512552862440934,1.47249140121547,1.65487545982344
"55","S_1629_S373",1.42123611497138,0.0613198139079713,0," 55","1"," 55",0.604183847168533,0.254871800186084,0.665503661076504,2.08673977604788,1.77827941003892
"56","S_1631_S361",1.42123611497138,0.0400877070173664,0," 56","1"," 56",0.960700047046448,0.257914749937892,1.00078775406381,2.42202386903519,2.65914794847249
"57","S_1637_S325",1.42123611497138,-0.0729839835099299,0," 57","1"," 57",1.00580987204086,0.260647560770196,0.932825888530929,2.35406200350231,2.44948974278318
"58","S_1639_S204",1.42123611497138,-0.152312766889278,0," 58","1"," 58",-0.188727541347062,0.255926574490042,-0.341040308236339,1.08019580673504,1.31607401295249
"59","S_1643_S375",1.42123611497138,-0.146983221934764,0," 59","1"," 59",-0.103293149776961,0.266882562249783,-0.250276371711725,1.17095974325966,1
"60","S_1649_S331",1.42123611497138,-0.168437003244716,0," 60","1"," 60",0.130922482349398,0.277988290320049,-0.0375145208953179,1.38372159407606,1.49534878122122
"61","S_1653_S294",1.42123611497138,-0.0539281527910229,0," 61","1"," 61",-0.0124584296431176,0.270157417469612,-0.0663865824341405,1.35484953253724,1
"62","S_165_S284",1.42123611497138,-0.170487602726952,0," 62","1"," 62",0.595150013749976,0.262702242979469,0.424662411023024,1.8458985259944,1.49534878122122
"63","S_1677_S221",1.42123611497138,-0.0553400592634973,0," 63","1"," 63",-1.16469471717785,0.250951358888009,-1.22003477644135,0.201201338530031,0
"64","S_1683_S338",1.42123611497138,-0.14155353806919,0," 64","1"," 64",-0.0637768279282868,0.262156820109631,-0.205330365997477,1.2159057489739,1.18920711500272
"65","S_1689_S192",1.42123611497138,-0.234804825669849,0," 65","1"," 65",-1.11711394224897,0.279246150149651,-1.35191876791882,0.0693173470525614,0
"66","S_1699_S367",1.42123611497138,0.145101505369861,0," 66","1"," 66",-0.14267231070602,0.256531374403267,0.00242919466384064,1.42366530963522,1.18920711500272
"67","S_171_S219",1.42123611497138,-0.179443480287501,0," 67","1"," 67",0.843074805173831,0.271836212540805,0.66363132488633,2.08486743985771,2.59002006411135
"68","S_1723_S369",1.42123611497138,-0.141493304345997,0," 68","1"," 68",0.156559033509043,0.257625663810724,0.0150657291630458,1.43630184413443,1.4142135623731
"69","S_1728_S376",1.42123611497138,-0.142380903855024,0," 69","1"," 69",1.22344699430305,0.273753352014538,1.08106609044802,2.50230220541941,2.78315768371374
"70","S_1736_S359",1.42123611497138,-0.0764696047441845,0," 70","1"," 70",0.62149444316881,0.265246340656365,0.545024838424626,1.96626095339601,1.96798967126543
"71","S_1742_S357",1.42123611497138,-0.20918281119977,0," 71","1"," 71",0.578338566101198,0.280043210187112,0.369155754901428,1.79039186987281,1.8612097182042
"72","S_1749_S247",1.42123611497138,-0.144165558173905,0," 72","1"," 72",-0.196288832483672,0.273809012639319,-0.340454390657577,1.0807817243138,1
"73","S_1779_S226",1.42123611497138,-0.061946470221062,0," 73","1"," 73",1.16198229002886,0.250492035140855,1.10003581980779,2.52127193477918,2.65914794847249
"74","S_1810_S213",1.42123611497138,-0.0502512678278491,0," 74","1"," 74",0.443538818858104,0.277067352709785,0.393287551030255,1.81452366600164,1.8612097182042
"75","S_1813_S253",1.42123611497138,-0.120110878684619,0," 75","1"," 75",0.119260201849619,0.256378580343132,-0.000850676835000078,1.42038543813638,1.56508458007329
"76","S_1817_S210",1.42123611497138,-0.211482372952708,0," 76","1"," 76",0.69304666408723,0.284442689999321,0.481564291134521,1.9028004061059,2.34034731932072
"77","S_1818_S238",1.42123611497138,-0.179863163996171,0," 77","1"," 77",-0.760701736391397,0.260346362086373,-0.940564900387568,0.480671214583812,0
"78","S_1825_S198",1.42123611497138,-0.0698923828750227,0," 78","1"," 78",0.00372026896989208,0.27829328578915,-0.0661721139051306,1.35506400106625,1.49534878122122
"79","S_1837_S256",1.42123611497138,-0.0732682885017959,0," 79","1"," 79",1.05555925871718,0.278368497693408,0.982290970215387,2.40352708518677,2.78315768371374
"80","S_1839_S299",1.42123611497138,-0.0960842473115627,0," 80","1"," 80",0.786694661429602,0.281441837199475,0.690610414118039,2.11184652908942,2.21336383940064
"81","S_183_S263",1.42123611497138,-0.208566126557338,0," 81","1"," 81",1.10865400101079,0.310212466593531,0.900087874453448,2.32132398942483,2.65914794847249
"82","S_1841_S250",1.42123611497138,-0.114899194056756,0," 82","1"," 82",-0.833177331540418,0.266185340156651,-0.948076525597173,0.473159589374207,0
"83","S_1865_S374",1.42123611497138,-0.134635195996975,0," 83","1"," 83",0.844149953532079,0.260094495330653,0.709514757535104,2.13075087250648,2.21336383940064
"84","S_1874_S244",1.42123611497138,-0.0873309984678868,0," 84","1"," 84",1.15886122765069,0.255947868593594,1.07153022918281,2.49276634415419,2.34034731932072
"85","S_1877_S262",1.42123611497138,-0.129146576844672,0," 85","1"," 85",1.09293335086001,0.264752119344762,0.963786774015342,2.38502288898672,2.78315768371374
"86","S_1899_S193",1.42123611497138,-0.0733865005199575,0," 86","1"," 86",0.343010634033307,0.260988113076954,0.269624133513349,1.69086024848473,1.62657656169779
"87","S_1900_S242",1.42123611497138,-0.0542881151882355,0," 87","1"," 87",0.159456719536925,0.259665454633534,0.10516860434869,1.52640471932007,1.56508458007329
"88","S_1936_S218",1.42123611497138,-0.198100144947835,0," 88","1"," 88",-0.0450754078325255,0.275981078825053,-0.243175552780361,1.17806056219102,1.18920711500272
"89","S_1952_S293",1.42123611497138,-0.250108147547738,0," 89","1"," 89",0.0996004187552983,0.279414643828388,-0.15050772879244,1.27072838617894,1.18920711500272
"90","S_1969_S291",1.42123611497138,-0.273434734239387,0," 90","1"," 90",0.331258039085874,0.29025942522475,0.0578233048464874,1.47905941981787,1.31607401295249
"91","S_1973_S267",1.42123611497138,-0.273570595099986,0," 91","1"," 91",1.79127189849173,0.276558878385284,1.51770130339174,2.93893741836312,2.89250760851908
"92","S_197_S207",1.42123611497138,-0.203984807196565,0," 92","1"," 92",-0.0930756346104557,0.275536926797484,-0.297060441807021,1.12417567316436,1.4142135623731
"93","S_198_S304",1.42123611497138,-0.289135760179166,0," 93","1"," 93",-1.00020415701944,0.275463804803988,-1.28933991719861,0.131896197772773,0
"94","S_2010_S200",1.42123611497138,-0.354787267702183,0," 94","1"," 94",-0.768227531873335,0.29343300116478,-1.12301479957552,0.298221315395862,0
"95","S_2014_S264",1.42123611497138,-0.311703720452845,0," 95","1"," 95",-0.244590917098562,0.282024136377839,-0.556294637551407,0.864941477419973,1.25743342968294
"96","S_2015_S266",1.42123611497138,-0.336237216359199,0," 96","1"," 96",-0.720228446716783,0.276083440484981,-1.05646566307598,0.364770451895399,0
"97","S_2037_S371",1.42123611497138,-0.246883192972385,0," 97","1"," 97",-0.940928366817597,0.293494810746938,-1.18781155978998,0.233424555181399,0
"98","S_2073_S215",1.42123611497138,-0.157126696606716,0," 98","1"," 98",0.218494427098569,0.292152372703846,0.0613677304918522,1.48260384546323,1.49534878122122
"99","S_2099_S335",1.42123611497138,-0.201911239893324,0," 99","1"," 99",-0.270603721884232,0.301075286900202,-0.472514961777556,0.948721153193825,0.840896415253715
"100","S_209_S379",1.42123611497138,0.295074292143373,0,"100","1","100",-1.40492223276572,0.27302550211977,-1.10984794062235,0.311388174349033,0
"101","S_2103_S301",1.42123611497138,-0.208660025965198,0,"101","1","101",0.431905445213743,0.274115006323773,0.223245419248545,1.64448153421993,2.34034731932072
"102","S_2104_S224",1.42123611497138,-0.261082147383161,0,"102","1","102",-0.042644943007099,0.281928335490084,-0.30372709039026,1.11750902458112,1.31607401295249
"103","S_2105_S269",1.42123611497138,-0.182309123803286,0,"103","1","103",-0.643390258110406,0.279474673105922,-0.825699381913692,0.595536733057688,0
"104","S_2107_S349",1.42123611497138,-0.343742842149834,0,"104","1","104",0.112572213827655,0.301209178001626,-0.23117062832218,1.1900654866492,1.18920711500272
"105","S_2115_S280",1.42123611497138,-0.37409282830416,0,"105","1","105",0.477225603457312,0.410380574553136,0.103132775153152,1.52436889012453,2.34034731932072
"106","S_2116_S350",1.42123611497138,-0.235123195304124,0,"106","1","106",0.0492444385264413,0.264757963253466,-0.185878756777682,1.2353573581937,1.31607401295249
"107","S_2135_S234",1.42123611497138,-0.310337337757885,0,"107","1","107",-0.0438200544792687,0.289178077200317,-0.354157392237154,1.06707872273423,1.31607401295249
"108","S_2140_S363",1.42123611497138,-0.332709114772497,0,"108","1","108",-1.26516520544392,0.287197770318112,-1.59787432021641,0,0
"109","S_2145_S212",1.42123611497138,-0.255377125184934,0,"109","1","109",-1.05937848552899,0.270786058507115,-1.31475561071392,0.106480504257459,0
"110","S_2155_S383",1.42123611497138,-0.301412834203903,0,"110","1","110",0.227957772157974,0.273599478685922,-0.0734550620459289,1.34778105292545,1.4142135623731
"111","S_2187_S360",1.42123611497138,-0.207899766829478,0,"111","1","111",0.262134911259747,0.263318089818216,0.0542351444302696,1.47547125940165,1.96798967126543
"112","S_2192_S307",1.42123611497138,-0.299187496831337,0,"112","1","112",0.0609216309894524,0.291758396337241,-0.238265865841885,1.1829702491295,1.31607401295249
"113","S_2193_S216",1.42123611497138,-0.194021833237719,0,"113","1","113",0.395018398566317,0.261799019406109,0.200996565328598,1.62223268029998,1.65487545982344
"114","S_2201_S214",1.42123611497138,-0.350492139058927,0,"114","1","114",-0.947400072534264,0.291955972326454,-1.29789221159319,0.123343903378189,0
"115","S_2203_S277",1.42123611497138,-0.357049184361031,0,"115","1","115",-0.765497543747843,0.299570093905655,-1.12254672810887,0.298689386862506,0
"116","S_2212_S230",1.42123611497138,-0.209111615771042,0,"116","1","116",-1.16096167193751,0.257349499296686,-1.37007328770855,0.0511628272628293,0
"117","S_2214_S290",1.42123611497138,-0.141276971232484,0,"117","1","117",-0.159018571344488,0.253183808602023,-0.300295542576972,1.12094057239441,1.4142135623731
"118","S_2226_S298",1.42123611497138,-0.24472058067437,0,"118","1","118",0.848441830336513,0.26172064891497,0.603721249662143,2.02495736463352,2.21336383940064
"119","S_2228_S346",1.42123611497138,-0.265498964930572,0,"119","1","119",-0.920924040165785,0.264794757825143,-1.18642300509636,0.234813109875023,0
"120","S_2232_S273",1.42123611497138,-0.180346312491801,0,"120","1","120",0.304417665678426,0.281253835489464,0.124071353186624,1.545307468158,1.31607401295249
"121","S_2271_S195",1.42123611497138,-0.232658226139337,0,"121","1","121",0.447462957639784,0.282642883028036,0.214804731500447,1.63604084647183,1.49534878122122
"122","S_2299_S281",1.42123611497138,0.286485244459283,0,"122","1","122",0.555900056416243,0.305146901323436,0.842385300875526,2.26362141584691,2.65914794847249
"123","S_2302_S259",1.42123611497138,0.14273197897248,0,"123","1","123",0.614111960875996,0.275643800256414,0.756843939848476,2.17808005481986,2.23606797749979
"124","S_2307_S288",1.42123611497138,0.140144904492541,0,"124","1","124",0.718212018004826,0.257358108225214,0.858356922497367,2.27959303746875,2.69178163547765
"125","S_2319_S337",1.42123611497138,-0.0953792145392248,0,"125","1","125",-1.09240573237974,0.259679636413246,-1.18778494691896,0.233451168052418,0
"126","S_231_S260",1.42123611497138,0.292438429606979,0,"126","1","126",0.199008898800162,0.293849005184754,0.491447328407141,1.91268344337852,2.11474252688113
"127","S_2323_S355",1.42123611497138,0.138697216241012,0,"127","1","127",-0.459719876547625,0.267724629826619,-0.321022660306613,1.10021345466477,1.25743342968294
"128","S_2351_S197",1.42123611497138,0.0834128127402506,0,"128","1","128",-1.45481793728892,0.262550738668238,-1.37140512454867,0.0498309904227086,0
"129","S_2358_S289",1.42123611497138,0.0590744922733819,0,"129","1","129",-0.146172604224762,0.260169507097804,-0.0870981119513802,1.33413800302,1.49534878122122
"130","S_2370_S336",1.42123611497138,0.273451332925464,0,"130","1","130",-0.591682602588012,0.277800274894804,-0.318231269662548,1.10300484530883,1
"131","S_2375_S268",1.42123611497138,0.229839384939303,0,"131","1","131",0.657365187776479,0.264978205873101,0.887204572715782,2.30844068768716,2.51486685936587
"132","S_2395_S194",1.42123611497138,0.180864907912131,0,"132","1","132",-0.0293246286485086,0.270870798892027,0.151540279263622,1.572776394235,1.56508458007329
"133","S_242_S324",1.42123611497138,0.18778000700864,0,"133","1","133",-1.27030242644677,0.259876407546528,-1.08252241943813,0.338713695533246,0
"134","S_248_S252",1.42123611497138,0.258842520491392,0,"134","1","134",-0.0561667355839173,0.267208489263269,0.202675784907475,1.62391189987886,1.77827941003892
"135","S_261_S368",1.42123611497138,-0.128549796757957,0,"135","1","135",0.47314959245573,0.270788086101784,0.344599795697774,1.76583591066915,1.96798967126543
"136","S_269_S228",1.42123611497138,-0.113384764709187,0,"136","1","136",-0.389854015234883,0.273316031023609,-0.50323877994407,0.91799733502731,0.840896415253715
"137","S_272_S326",1.42123611497138,-0.156930946012191,0,"137","1","137",0.708007891589794,0.287695183307944,0.551076945577603,1.97231306054898,2.11474252688113
"138","S_285_S191",1.42123611497138,-0.119448636787235,0,"138","1","138",0.999043297208425,0.251613393093097,0.87959466042119,2.30083077539257,2.05976714390712
"139","S_28_S364",1.42123611497138,-0.21688769749731,0,"139","1","139",-1.07719039667289,0.270184683092816,-1.2940780941702,0.127158020801184,0
"140","S_294_S317",1.42123611497138,0.20062220794841,0,"140","1","140",-1.53470131112856,0.267333533576121,-1.33407910318015,0.0871570117912335,0
"141","S_298_S354",1.42123611497138,0.261522353797147,0,"141","1","141",0.249179849235691,0.294620443731511,0.510702203032838,1.93193831800422,2.11474252688113
"142","S_304_S341",1.42123611497138,0.0867815781150607,0,"142","1","142",-1.11018323976685,0.255749712546952,-1.02340166165179,0.39783445331959,0
"143","S_325_S347",1.42123611497138,-0.139805887571315,0,"143","1","143",-1.31829512141387,0.260992124449401,-1.45810100898518,0,0
"144","S_381_S205",1.42123611497138,-0.248472144500588,0,"144","1","144",1.36386507431026,0.261560379270913,1.11539292980967,2.53662904478105,2.65914794847249
"145","S_382_S276",1.42123611497138,-0.235325346669587,0,"145","1","145",1.30072090386258,0.283486477098461,1.06539555719299,2.48663167216437,2.89250760851908
"146","S_389_S330",1.42123611497138,-0.217429359431691,0,"146","1","146",0.87755396232987,0.258397223774636,0.660124602898179,2.08136071786956,2.23606797749979
"147","S_394_S237",1.42123611497138,-0.242792122604717,0,"147","1","147",-1.08855794244471,0.293313116156767,-1.33135006504943,0.0898860499219507,0
"148","S_398_S239",1.42123611497138,-0.125900080444733,0,"148","1","148",0.419111834910002,0.251536430851096,0.293211754465268,1.71444786943665,1.49534878122122
"149","S_402_S309",1.42123611497138,-0.205742150717797,0,"149","1","149",0.207507403967391,0.272442778657237,0.00176525324959365,1.42300136822097,1.31607401295249
"150","S_415_S222",1.42123611497138,-0.294263983769343,0,"150","1","150",-0.976151241447563,0.292193006434262,-1.27041522521691,0.150820889754474,0
"151","S_421_S358",1.42123611497138,-0.230584158381862,0,"151","1","151",-0.0290992991892549,0.25734013128481,-0.259683457571117,1.16155265740026,1.31607401295249
"152","S_437_S233",1.42123611497138,-0.309965373082901,0,"152","1","152",0.20164418629499,0.274078347593257,-0.108321186787911,1.31291492818347,1.18920711500272
"153","S_449_S352",1.42123611497138,-0.265083876669739,0,"153","1","153",0.953703405399705,0.298648416174082,0.688619528729967,2.10985564370135,2.05976714390712
"154","S_451_S261",1.42123611497138,-0.359826795052171,0,"154","1","154",-1.09849033155029,0.309612094974115,-1.45831712660246,0,0
"155","S_471_S344",1.42123611497138,-0.301559543180114,0,"155","1","155",-0.833579594163103,0.271493504078528,-1.13513913734322,0.286096977628163,0
"156","S_473_S362",1.42123611497138,-0.13424457080035,0,"156","1","156",0.271127647610074,0.270212545430615,0.136883076809724,1.5581191917811,1.56508458007329
"157","S_477_S225",1.42123611497138,-0.366020184421364,0,"157","1","157",-0.484519704718466,0.480218411362932,-0.85053988913983,0.57069622583155,0
"158","S_494_S382",1.42123611497138,-0.328972912323033,0,"158","1","158",0.679886286666513,0.284234704297397,0.35091337434348,1.77214948931486,1.49534878122122
"159","S_496_S381",1.42123611497138,-0.311500682224803,0,"159","1","159",0.881815489861232,0.282603542142768,0.570314807636429,1.99155092260781,2.17793858734643
"160","S_499_S265",1.42123611497138,-0.191105044543472,0,"160","1","160",1.05499437916646,0.255911456575705,0.86388933462299,2.28512544959437,2.05976714390712
"161","S_4_S313",1.42123611497138,-0.104324224172835,0,"161","1","161",1.22429443898104,0.273571953686406,1.11997021480821,2.54120632977959,2.78315768371374
"162","S_525_S305",1.42123611497138,-0.178619731049522,0,"162","1","162",-0.710526517301681,0.258939496730479,-0.889146248351203,0.532089866620177,0
"163","S_529_S314",1.42123611497138,-0.216385813587575,0,"163","1","163",0.103316907908112,0.2643872698599,-0.113068905679463,1.30816720929192,1.18920711500272
"164","S_550_S257",1.42123611497138,-0.208433006645025,0,"164","1","164",1.31151288159702,0.277376642976157,1.10307987495199,2.52431598992337,2.94283095638271
"165","S_552_S308",1.42123611497138,-0.284629677282119,0,"165","1","165",0.292111296435822,0.294361962525009,0.00748161915370332,1.42871773412508,1.31607401295249
"166","S_564_S211",1.42123611497138,-0.242043700450487,0,"166","1","166",0.426847327028962,0.28783363356699,0.184803626578475,1.60603974154985,1.73205080756888
"167","S_572_S203",1.42123611497138,-0.351143438190574,0,"167","1","167",-1.08920377261062,0.274881469626048,-1.44034721080119,0,0
"168","S_597_S255",1.42123611497138,-0.22182024927325,0,"168","1","168",0.440551874002278,0.270152277591921,0.218731624729029,1.63996773970041,1.8612097182042
"169","S_652_S232",1.42123611497138,0.194928603802969,0,"169","1","169",0.789502513396102,0.261270990329076,0.98443111719907,2.40566723217045,2.51486685936587
"170","S_66_S321",1.42123611497138,-0.048925496379468,0,"170","1","170",0.713737101795141,0.256873190721517,0.664811605415673,2.08604772038705,2.65914794847249
"171","S_699_S356",1.42123611497138,0.25689199538303,0,"171","1","171",-0.0811691016340034,0.274981973974587,0.175722893749027,1.59695900872041,1.49534878122122
"172","S_6_S348",1.42123611497138,-0.0949111783197619,0,"172","1","172",0.238463534791829,0.288981865614169,0.143552356472067,1.56478847144345,1.49534878122122
"173","S_701_S340",1.42123611497138,0.285482795790737,0,"173","1","173",0.287136151406153,0.285343131569576,0.572618947196891,1.99385506216827,2.11474252688113
"174","S_704_S282",1.42123611497138,0.0787481946655192,0,"174","1","174",0.60470984852535,0.270603271941687,0.683458043190869,2.10469415816225,2.34034731932072
"175","S_716_S283",1.42123611497138,0.00448800662087143,0,"175","1","175",0.557558534513742,0.280724768259424,0.562046541134613,1.98328265610599,1.8612097182042
"176","S_732_S243",1.42123611497138,0.307972894923645,0,"176","1","176",0.636646237337375,0.320604211179392,0.94461913226102,2.3658552472324,2.54572989502183
"177","S_737_S201",1.42123611497138,0.20768785588884,0,"177","1","177",1.01178190452458,0.275596343231391,1.21946976041342,2.6407058753848,2.73861278752583
"178","S_769_S220",1.42123611497138,0.241429167806919,0,"178","1","178",-0.767910835863745,0.278234198710705,-0.526481668056826,0.894754446914555,1
"179","S_797_S209",1.42123611497138,0.19160060914571,0,"179","1","179",-1.07967377359841,0.250590683836094,-0.888073164452704,0.533162950518676,0
"180","S_809_S270",1.42123611497138,0.287363622242342,0,"180","1","180",0.720596171984712,0.271318253526637,1.00795979422705,2.42919590919843,2.65914794847249
"181","S_81_S279",1.42123611497138,-0.144989601401347,0,"181","1","181",0.236634152649951,0.265518791992105,0.0916445512486042,1.51288066621998,1.56508458007329
"182","S_829_S286",1.42123611497138,0.279254056531633,0,"182","1","182",0.401695682607541,0.281067269053989,0.680949739139175,2.10218585411056,2.11474252688113
"183","S_831_S353",1.42123611497138,0.247307323633636,0,"183","1","183",0.869390031109377,0.269005461643814,1.11669735474301,2.53793346971439,2.65914794847249
"184","S_838_S306",1.42123611497138,0.294274728960759,0,"184","1","184",0.473658002606712,0.260519666743017,0.767932731567471,2.18916884653885,2.23606797749979
"185","S_868_S274",1.42123611497138,0.385649063229298,0,"185","1","185",-0.329631333626471,0.298413432937386,0.056017729602827,1.47725384457421,1.10668191970032
"186","S_869_S241",1.42123611497138,0.340567204969068,0,"186","1","186",0.0446532313187142,0.287925645339771,0.385220436287782,1.80645655125916,1.56508458007329
"187","S_874_S217",1.42123611497138,0.338247166245636,0,"187","1","187",0.355928558343937,0.29680922405117,0.694175724589573,2.11541183956095,2.34034731932072
"188","S_881_S365",1.42123611497138,0.280734346686916,0,"188","1","188",0.85196506436344,0.275712607864516,1.13269941105036,2.55393552602174,2.78315768371374
"189","S_89_S199",1.42123611497138,-0.295522151421816,0,"189","1","189",-0.812374575108962,0.271562586259847,-1.10789672653078,0.313339388440602,0
"190","S_905_S248",1.42123611497138,0.094618084866568,0,"190","1","190",-0.672518851091496,0.256983383899885,-0.577900766224928,0.843335348746453,0.840896415253715
"191","S_927_S334",1.42123611497138,-0.0722795992686059,0,"191","1","191",-1.27101063898768,0.275302192218893,-1.34329023825629,0.0779458767150942,0
"192","S_984_S370",1.42123611497138,0.189362290017128,0,"192","1","192",-0.281610498945499,0.277457002316202,-0.0922482089283717,1.32898790604301,1.49534878122122
"193","S_989_S196",1.42123611497138,0.203764911970309,0,"193","1","193",-0.577035966506235,0.254395847111575,-0.373271054535926,1.04796506043545,1.25743342968294
"194","S_9_S300",1.42123611497138,-0.111747250699444,0,"194","1","194",1.30273553354123,0.294310510907176,1.19098828284179,2.61222439781317,2.78315768371374
"195","S_1001_S52_L003",1.42123611497138,0.247056667199227,0,"195","1","195",0.94927674916738,0.293618432232078,1.19633341636661,2.61756953133799,2.65914794847249
"196","S_1004_S75_L003",1.42123611497138,0.234516629005093,0,"196","1","196",1.23311034872751,0.290345134814001,1.46762697773261,2.88886309270399,2.89250760851908
"197","S_1010_S144",1.42123611497138,0.189941967416581,0,"197","1","197",0.0454806581884188,0.257865698170954,0.235422625604999,1.65665874057638,1.49534878122122
"198","S_1012_S150",1.42123611497138,-0.0307118746587259,0,"198","1","198",0.451304763014998,0.27206958418814,0.420592888356273,1.84182900332765,2.11474252688113
"199","S_1013_S145",1.42123611497138,0.180780404200455,0,"199","1","199",-0.261499492298514,0.265645671105876,-0.0807190880980587,1.34051702687332,1.49534878122122
"200","S_101_S15_L003",1.42123611497138,-0.0906987194414914,0,"200","1","200",-0.308921960862111,0.28771702388823,-0.399620680303602,1.02161543466778,1
"201","S_1020_S139",1.42123611497138,0.242861641527453,0,"201","1","201",-0.314920848997185,0.29218354688536,-0.0720592074697321,1.34917690750165,1.22474487139159
"202","S_1022_S29",1.42123611497138,-0.0341259228449711,0,"202","1","202",0.858502917811476,0.262412097874574,0.824376994966504,2.24561310993789,2.23606797749979
"203","S_1029_S66_L003",1.42123611497138,-0.0201660049085232,0,"203","1","203",-1.05149879048718,0.272283239383567,-1.0716647953957,0.349571319575678,0
"204","S_1030_S13",1.42123611497138,-0.0785449997208546,0,"204","1","204",0.810738857556929,0.257531263550764,0.732193857836075,2.15342997280746,2.34034731932072
"205","S_1036_S32",1.42123611497138,0.281092564205782,0,"205","1","205",0.111320453770427,0.281147892427809,0.392413017976209,1.81364913294759,1.77827941003892
"206","S_1041_S151",1.42123611497138,0.205916837810613,0,"206","1","206",1.16041238757052,0.257922014819423,1.36632922538113,2.78756534035251,2.89250760851908
"207","S_1053_S23",1.42123611497138,0.212945415420352,0,"207","1","207",0.260779312288686,0.260348731632678,0.473724727709038,1.89496084268042,2.21336383940064
"208","S_1075_S38",1.42123611497138,-0.148281831542652,0,"208","1","208",0.749076384960067,0.282663328692954,0.600794553417415,2.0220306683888,2.11474252688113
"209","S_1076_S167",1.42123611497138,-0.248052539497235,0,"209","1","209",0.59203996753902,0.417950213045092,0.343987428041785,1.76522354301317,2.34034731932072
"210","S_107_S16",1.42123611497138,-0.0621970696230527,0,"210","1","210",0.865654876726164,0.278279151754271,0.803457807103112,2.22469392207449,2.34034731932072
"211","S_1093_S116",1.42123611497138,0.253314630009648,0,"211","1","211",0.357952570920597,0.275559886338701,0.611267200930245,2.03250331590163,2.34034731932072
"212","S_10_S169",1.42123611497138,-0.0883658361347732,0,"212","1","212",0.41556410566697,0.274831107532131,0.327198269532197,1.74843438450358,1.8612097182042
"213","S_1118_S92",1.42123611497138,-0.0493975033839816,0,"213","1","213",-0.0215528550909965,0.290830108526858,-0.0709503584749781,1.3502857564964,1.49534878122122
"214","S_1125_S30_L003",1.42123611497138,0.112196669957405,0,"214","1","214",-1.4110289309895,0.263347487371404,-1.29883226103209,0.122403853939288,0
"215","S_1134_S91",1.42123611497138,0.0458912293550197,0,"215","1","215",0.146227040781081,0.265330805523447,0.192118270136101,1.61335438510748,1.31607401295249
"216","S_1138_S159",1.42123611497138,-0.260461539165444,0,"216","1","216",0.685123436496229,0.386914146938472,0.424661897330786,1.84589801230217,2.34034731932072
"217","S_113_S7_L003",1.42123611497138,-0.254073512003567,0,"217","1","217",0.139463983986636,0.287531571692298,-0.114609528016931,1.30662658695445,1.18920711500272
"218","S_1140_S60_L003",1.42123611497138,0.252446564813174,0,"218","1","218",0.374248021087813,0.275954855567189,0.626694585900987,2.04793070087237,2.05976714390712
"219","S_1154_S161",1.42123611497138,-0.0273993371570431,0,"219","1","219",0.571484944309154,0.256919581793879,0.544085607152111,1.96532172212349,1.96798967126543
"220","S_1160_S11",1.42123611497138,0.0735592490763659,0,"220","1","220",1.32708392280475,0.262501437189575,1.40064317188112,2.8218792868525,2.89250760851908
"221","S_1177_S24",1.42123611497138,0.300213049243346,0,"221","1","221",0.0339349043207547,0.305836994935702,0.3341479535641,1.75538406853548,1.77827941003892
"222","S_1179_S105",1.42123611497138,0.26465928920961,0,"222","1","222",0.850236662154453,0.299339178381619,1.11489595136406,2.53613206633544,2.51486685936587
"223","S_1200_S164",1.42123611497138,-0.154598039971662,0,"223","1","223",0.732283192457873,0.353448623228654,0.577685152486211,1.99892126745759,2.34034731932072
"224","S_1202_S72_L003",1.42123611497138,0.231065783696219,0,"224","1","224",0.456650601578289,0.291071898204811,0.687716385274508,2.10895250024589,2.51486685936587
"225","S_1203_S53",1.42123611497138,0.141177605304682,0,"225","1","225",-1.19486951973134,0.27152106019414,-1.05369191442666,0.367544200544724,0
"226","S_1210_S120",1.42123611497138,0.219658424770167,0,"226","1","226",-0.312496436219482,0.278028154247729,-0.0928380114493151,1.32839810352207,1.25743342968294
"227","S_1213_S95_L003",1.42123611497138,-0.0198002967137508,0,"227","1","227",0.635859018196571,0.252138581735361,0.61605872148282,2.0372948364542,2.11474252688113
"228","S_122_S43_L003",1.42123611497138,-0.364711053798786,0,"228","1","228",0.377160635479276,0.396476995299369,0.0124495816804903,1.43368569665187,1.56508458007329
"229","S_1247_S133",1.42123611497138,0.0236176526227408,0,"229","1","229",-1.247721153827,0.272222217285777,-1.22410350120426,0.197132613767117,0
"230","S_1257_S89",1.42123611497138,0.0502935770994055,0,"230","1","230",-0.141201214089792,0.256311162653674,-0.0909076369903865,1.33032847798099,1.49534878122122
"231","S_125_S163",1.42123611497138,-0.282393237778669,0,"231","1","231",-0.895244949902214,0.281708658294147,-1.17763818768088,0.243597927290497,0
"232","S_1278_S20",1.42123611497138,-0.0346072312469603,0,"232","1","232",-1.13190781187226,0.250404146143358,-1.16651504311922,0.254721071852162,0
"233","S_1287_S146",1.42123611497138,-0.0489214172169117,0,"233","1","233",0.826025426636815,0.262319651165917,0.777104009419903,2.19834012439128,2.34034731932072
"234","S_1289_S164",1.42123611497138,0.012068055204179,0,"234","1","234",0.778878331716444,0.284075669368963,0.790946386920623,2.212182501892,2.21336383940064
"235","S_1308_S183",1.42123611497138,-0.206140708954716,0,"235","1","235",0.13689500869916,0.382748707670547,-0.0692457002555563,1.35199041471582,1.49534878122122
"236","S_1323_S36",1.42123611497138,0.0493284334645594,0,"236","1","236",0.543806330272154,0.260399796943448,0.593134763736713,2.01437087870809,1.96798967126543
"237","S_1326_S53_L003",1.42123611497138,0.0393533065418982,0,"237","1","237",1.14388636772635,0.262453637895092,1.18323967426825,2.60447578923963,2.78315768371374
"238","S_132_S41",1.42123611497138,-0.27213335104786,0,"238","1","238",-1.07761549937368,0.273179746011151,-1.34974885042154,0.0714872645498426,0
"239","S_1370_S76",1.42123611497138,-0.0404154708067307,0,"239","1","239",-1.29460402335678,0.257807692796637,-1.33501949416352,0.0862166208078647,0
"240","S_1374_S132",1.42123611497138,0.0197948815816504,0,"240","1","240",-1.34958659061639,0.262536204421363,-1.32979170903474,0.0914444059366397,0
"241","S_1384_S78",1.42123611497138,-0.0798364168086172,0,"241","1","241",-0.856259517736138,0.284917396523242,-0.936095934544755,0.485140180426626,0
"242","S_1390_S94",1.42123611497138,-0.0895154298547221,0,"242","1","242",0.893721899068156,0.261616087688478,0.804206469213434,2.22544258418481,2.65914794847249
"243","S_1393_S83_L003",1.42123611497138,-0.205403919927893,0,"243","1","243",-0.920044238715757,0.267813951730042,-1.12544815864365,0.295787956327731,0
"244","S_1395_S102",1.42123611497138,-0.177069488364199,0,"244","1","244",-0.110163940369258,0.275828310419882,-0.287233428733457,1.13400268623792,1.49534878122122
"245","S_1403_S130",1.42123611497138,-0.271723186119044,0,"245","1","245",-0.0890927968977351,0.282093588976194,-0.360815983016779,1.0604201319546,1.31607401295249
"246","S_1405_S126",1.42123611497138,-0.130190333949063,0,"246","1","246",-0.960729616851633,0.267085096623885,-1.0909199508007,0.330316164170684,0
"247","S_1408_S17_L003",1.42123611497138,-0.119103454626182,0,"247","1","247",1.26293205017896,0.276964461089437,1.14382859555278,2.56506471052416,2.89250760851908
"248","S_1412_S125",1.42123611497138,-0.121642862404722,0,"248","1","248",-1.00018325091711,0.266336139953284,-1.12182611332183,0.299410001649546,0
"249","S_1413_S10_L003",1.42123611497138,-0.17213570268006,0,"249","1","249",0.166518846008909,0.263347112688227,-0.00561685667115111,1.41561925830023,1.56508458007329
"250","S_141_S188",1.42123611497138,-0.351886305909869,0,"250","1","250",-0.0743849931105921,0.295405414142878,-0.426271299020461,0.99496481595092,1
"251","S_1434_S73_L003",1.42123611497138,-0.107815487904488,0,"251","1","251",-1.23455829810314,0.269404023160333,-1.34237378600763,0.0788623289637549,0
"252","S_1443_S64_L003",1.42123611497138,-0.0509338632685881,0,"252","1","252",0.22600073747409,0.282110580567359,0.175066874205502,1.59630298917688,1.56508458007329
"253","S_1462_S171",1.42123611497138,-0.180367182380389,0,"253","1","253",0.640409323101832,0.276090023634081,0.460042140721443,1.88127825569282,2.05976714390712
"254","S_1464_S64",1.42123611497138,-0.14695675472029,0,"254","1","254",0.164521327278716,0.264163496128348,0.0175645725584259,1.43880068752981,1.25743342968294
"255","S_1467_S106",1.42123611497138,0.166780228488477,0,"255","1","255",-0.0868210176920532,0.269623933314471,0.0799592107964235,1.5011953257678,1.56508458007329
"256","S_1468_S139",1.42123611497138,-0.0463141325486306,0,"256","1","256",0.0603645260296667,0.283338401704102,0.0140503934810361,1.43528650845242,1.56508458007329
"257","S_1479_S2_L003",1.42123611497138,-0.0575238208789741,0,"257","1","257",-0.243586544235037,0.258427666447446,-0.301110365114011,1.12012574985737,1.31607401295249
"258","S_147_S19",1.42123611497138,-0.153221256091288,0,"258","1","258",0.262388559347118,0.26420977985496,0.109167303255831,1.53040341822721,1.49534878122122
"259","S_14_S3",1.42123611497138,-0.241205065768876,0,"259","1","259",-0.817319431087496,0.287198248063325,-1.05852449685637,0.362711618115009,0
"260","S_1506_S61",1.42123611497138,0.0321763163932703,0,"260","1","260",-1.21251800696251,0.265240400362607,-1.18034169056924,0.24089442440214,0
"261","S_1516_S148",1.42123611497138,-0.311083365933315,0,"261","1","261",0.326307330269579,0.447549185410842,0.0152239643362636,1.43646007930764,1.73205080756888
"262","S_151_S93",1.42123611497138,-0.200640348577303,0,"262","1","262",-0.764899320468701,0.278413359324722,-0.965539669046005,0.455696445925376,0
"263","S_1521_S18",1.42123611497138,-0.0681830522194018,0,"263","1","263",0.407647958984644,0.274888301373536,0.339464906765242,1.76070102173662,2.11474252688113
"264","S_1528_S47",1.42123611497138,-0.0465276752968862,0,"264","1","264",0.440038841630771,0.256541106600418,0.393511166333885,1.81474728130527,2.11474252688113
"265","S_1531_S31_L003",1.42123611497138,-0.146593931540273,0,"265","1","265",-0.945529430630685,0.274529666421914,-1.09212336217096,0.329112752800423,0
"266","S_1532_S117",1.42123611497138,-0.0229368539367734,0,"266","1","266",1.33545163375624,0.25807473902346,1.31251477981946,2.73375089479085,2.65914794847249
"267","S_1542_S44",1.42123611497138,-0.14884244047231,0,"267","1","267",-1.14991370252083,0.272124957565377,-1.29875614299314,0.122479971978241,0
"268","S_154_S162",1.42123611497138,-0.225885950414121,0,"268","1","268",0.347844888038929,0.264351688974543,0.121958937624808,1.54319505259619,1.65487545982344
"269","S_1552_S185",1.42123611497138,0.0344645802812639,0,"269","1","269",-0.0721873812345724,0.258465796459188,-0.0377228009533084,1.38351331401807,1.31607401295249
"270","S_1561_S52",1.42123611497138,-0.157800887330118,0,"270","1","270",0.122223370710539,0.270555173352951,-0.0355775166195792,1.3856585983518,1.25743342968294
"271","S_1565_S74_L003",1.42123611497138,-0.170292352133891,0,"271","1","271",0.240869223351738,0.274074376111455,0.0705768712178473,1.49181298618923,1.4142135623731
"272","S_1567_S13_L003",1.42123611497138,-0.225696776477035,0,"272","1","272",0.360398612965911,0.271293394620098,0.134701836488877,1.55593795146026,1.49534878122122
"273","S_159_S190",1.42123611497138,-0.269009062290573,0,"273","1","273",0.944469103174215,0.298490595514347,0.675460040883642,2.09669615585502,2.34034731932072
"274","S_1604_S168",1.42123611497138,0.0536050535528432,0,"274","1","274",0.934786904612146,0.26028820732171,0.988391958164989,2.40962807313637,2.44948974278318
"275","S_1620_S26",1.42123611497138,-0.0470302590370063,0,"275","1","275",-1.06892957066032,0.261834054287407,-1.11595982969732,0.305276285274057,0
"276","S_1651_S111",1.42123611497138,-0.0994326693555323,0,"276","1","276",0.232424859355711,0.274370324159879,0.132992190000179,1.55422830497156,1.49534878122122
"277","S_1660_S143",1.42123611497138,0.224514164001646,0,"277","1","277",0.653671115041239,0.282884911690514,0.878185279042885,2.29942139401427,2.51486685936587
"278","S_1674_S49_L003",1.42123611497138,-0.0038104785745017,0,"278","1","278",-0.200676084212326,0.247466267277009,-0.204486562786827,1.21674955218455,1.25743342968294
"279","S_1675_S175",1.42123611497138,-0.0137989631193841,0,"279","1","279",0.11819124322812,0.243804041578377,0.104392280108736,1.52562839508012,1.4142135623731
"280","S_1678_S107",1.42123611497138,-0.0221754345262185,0,"280","1","280",-0.203976157947767,0.261524380382543,-0.226151592473985,1.1950845224974,1.31607401295249
"281","S_1687_S90_L003",1.42123611497138,-0.197834258532874,0,"281","1","281",-1.08788513778112,0.27054664558887,-1.285719396314,0.135516718657382,0
"282","S_1691_S141",1.42123611497138,-0.171478303734498,0,"282","1","282",-0.0959386421365092,0.264367443247409,-0.267416945871007,1.15381916910037,1.39157884185687
"283","S_1697_S147",1.42123611497138,-0.386486609080729,0,"283","1","283",0.34231537167009,0.499247918476754,-0.0441712374106387,1.37706487756074,1.49534878122122
"284","S_169_S27",1.42123611497138,-0.217464823254339,0,"284","1","284",0.38599265372403,0.282211455414312,0.168527830469691,1.58976394544107,1.31607401295249
"285","S_16_S56_L003",1.42123611497138,-0.226658419576912,0,"285","1","285",1.02485209296501,0.283776133600273,0.798193673388096,2.21942978835948,2.23606797749979
"286","S_1725_S144",1.42123611497138,-0.404217250328664,0,"286","1","286",-0.142991661729629,0.50044522880223,-0.547208912058293,0.874027202913088,0.840896415253715
"287","S_1727_S30",1.42123611497138,-0.161842059536542,0,"287","1","287",0.106009178778181,0.267912214228967,-0.0558328807583616,1.36540323421302,1.25743342968294
"288","S_1735_S172",1.42123611497138,-0.121653047201059,0,"288","1","288",0.522645907162339,0.271055446188561,0.40099285996128,1.82222897493266,1.56508458007329
"289","S_1740_S146",1.42123611497138,-0.232636140150614,0,"289","1","289",0.432018853240371,0.329636077111841,0.199382713089757,1.62061882806114,1.91682931273882
"290","S_1747_S48_L003",1.42123611497138,-0.195060570226332,0,"290","1","290",0.0674317463860615,0.273347883231916,-0.12762882384027,1.29360729113111,1.49534878122122
"291","S_1753_S75",1.42123611497138,-0.0795646747912198,0,"291","1","291",0.0598129542782177,0.267639415525054,-0.0197517205130021,1.40148439445838,1.49534878122122
"292","S_1755_S134",1.42123611497138,-0.184759548362393,0,"292","1","292",-0.0801898486613824,0.272503420206781,-0.264949397023775,1.15628671794761,1
"293","S_1757_S61_L003",1.42123611497138,-0.0988157003921248,0,"293","1","293",0.246330238115754,0.263567863961749,0.147514537723629,1.56875065269501,1.96798967126543
"294","S_177_S62",1.42123611497138,-0.186186265947617,0,"294","1","294",0.362802824274809,0.26319550970242,0.176616558327192,1.59785267329857,1.49534878122122
"295","S_1780_S45_L003",1.42123611497138,-0.184585961830035,0,"295","1","295",0.568372027959107,0.261231745256123,0.383786066129073,1.80502218110045,1.8612097182042
"296","S_1781_S84",1.42123611497138,-0.376852721317021,0,"296","1","296",0.425855574383643,0.45126686890801,0.049002853066622,1.470238968038,1.96798967126543
"297","S_1783_S150",1.42123611497138,-0.314603353159637,0,"297","1","297",-0.0621405216884539,0.385963362114984,-0.376743874848091,1.04449224012329,0.840896415253715
"298","S_1799_S86",1.42123611497138,-0.18215510305256,0,"298","1","298",-0.039899824753405,0.274943014494068,-0.222054927805965,1.19918118716541,1.31607401295249
"299","S_1800_S14_L003",1.42123611497138,-0.143098550735106,0,"299","1","299",-0.949921238833203,0.28874773390172,-1.09301978956831,0.328216325403071,0
"300","S_1811_S148",1.42123611497138,-0.0360052215901514,0,"300","1","300",0.851353090879208,0.270815740083045,0.815347869289056,2.23658398426044,2.11474252688113
"301","S_181_S65",1.42123611497138,-0.243370114456792,0,"301","1","301",0.32844315402279,0.27780103144967,0.0850730395659976,1.50630915453738,1.62657656169779
"302","S_1822_S37",1.42123611497138,-0.133286665416163,0,"302","1","302",0.494390096300673,0.272886474934332,0.361103430884509,1.78233954585589,1.77827941003892
"303","S_1823_S3_L003",1.42123611497138,-0.221391584271665,0,"303","1","303",-0.2679193015927,0.283158545606827,-0.489310885864366,0.931925229107015,1
"304","S_1824_S180",1.42123611497138,-0.162781324576821,0,"304","2","  1",-0.0303057551652201,0.280923318128178,-0.193087079742041,1.22814903522934,NA
"305","S_1828_S156",1.42123611497138,-0.0983987881776479,0,"305","1","304",-0.023189648681256,0.253560760663199,-0.121588436858904,1.29964767811248,1.18920711500272
"306","S_1834_S114",1.42123611497138,-0.176567149841635,0,"306","1","305",0.283913155439544,0.282747706675836,0.107346005597908,1.52858212056929,1.77827941003892
"307","S_1835_S57",1.42123611497138,-0.0853060549237765,0,"307","1","306",-1.01887005363689,0.2616885131414,-1.10417610856067,0.317060006410711,0
"308","S_1845_S34",1.42123611497138,0.00954828963141378,0,"308","1","307",0.963866262934648,0.269236310002517,0.973414552566062,2.39465066753744,2.51486685936587
"309","S_1855_S49",1.42123611497138,-0.142428407504889,0,"309","1","308",-0.298109100275364,0.270188973023615,-0.440537507780253,0.980698607191127,1
"310","S_1856_S51",1.42123611497138,-0.0980305406686185,0,"310","1","309",-0.283158416973493,0.278848483475496,-0.381188957642111,1.04004715732927,0.840896415253715
"311","S_185_S72",1.42123611497138,-0.25189602760206,0,"311","1","310",-0.286004132509727,0.303471100204847,-0.537900160111788,0.883335954859593,0
"312","S_1861_S1_L003",1.42123611497138,-0.107273507405814,0,"312","1","311",1.23340727659348,0.253783597588976,1.12613376918767,2.54736988415905,2.51486685936587
"313","S_1871_S186",1.42123611497138,-0.0297907597009628,0,"313","1","312",0.588682730716699,0.263167136188701,0.558891971015736,1.98012808598712,1.73205080756888
"314","S_188_S79",1.42123611497138,-0.229563386386584,0,"314","1","313",0.0923047749141325,0.32138612358394,-0.137258611472451,1.28397750349893,1.18920711500272
"315","S_1909_S132",1.42123611497138,-0.0951168875668117,0,"315","1","314",0.626589485801096,0.261587107749625,0.531472598234284,1.95270871320566,2.05976714390712
"316","S_190_S2",1.42123611497138,-0.224093681551407,0,"316","1","315",0.756216340575335,0.319716752400192,0.532122659023928,1.95335877399531,2.23606797749979
"317","S_1910_S23_L003",1.42123611497138,-0.0159550103318133,0,"317","1","316",0.123117432753904,0.271266526344738,0.107162422422091,1.52839853739347,1.49534878122122
"318","S_1921_S54",1.42123611497138,-0.144471410556845,0,"318","1","317",-0.759893253807207,0.292686636125913,-0.904364664364052,0.516871450607329,0
"319","S_1934_S21_L003",1.42123611497138,-0.192663697495392,0,"319","1","318",1.22838431318721,0.274137964875715,1.03572061569182,2.4569567306632,2.89250760851908
"320","S_1935_S15",1.42123611497138,-0.211833863694762,0,"320","1","319",0.424566168957302,0.283397679920758,0.21273230526254,1.63396842023392,1.49534878122122
"321","S_1939_S59",1.42123611497138,-0.194024028760237,0,"321","1","320",0.752454952934287,0.280666578657742,0.558430924174051,1.97966703914543,2.11474252688113
"322","S_1945_S21",1.42123611497138,-0.204295657896034,0,"322","1","321",0.586491026112358,0.298441772200236,0.382195368216324,1.8034314831877,2.21336383940064
"323","S_1946_S184",1.42123611497138,-0.213617842662377,0,"323","1","322",0.083724800380055,0.303407512568021,-0.129893042282322,1.29134307268906,1.31607401295249
"324","S_1950_S66",1.42123611497138,-0.165973195185143,0,"324","1","323",-1.05593614931578,0.281570748162991,-1.22190934450092,0.199326770470457,0
"325","S_1955_S145",1.42123611497138,-0.382552592188359,0,"325","1","324",0.306535731231128,0.503429633621123,-0.0760168609572311,1.34521925401415,1.45647531512197
"326","S_1956_S127",1.42123611497138,-0.288099602805994,0,"326","1","325",-0.608152896364229,0.301371723809689,-0.896252499170223,0.524983615801158,0
"327","S_1971_S104",1.42123611497138,-0.334002337025904,0,"327","1","326",1.05170941286839,0.304664027561606,0.717707075842483,2.13894319081386,2.11474252688113
"328","S_1998_S79_L003",1.42123611497138,-0.252264859080566,0,"328","1","327",-1.04820916360685,0.282025616514167,-1.30047402268741,0.120762092283968,0
"329","S_199_S59_L003",1.42123611497138,-0.279505690317308,0,"329","1","328",-0.035789996626194,0.279973788191277,-0.315295686943502,1.10594042802788,1
"330","S_1_S123",1.42123611497138,-0.334884986245991,0,"330","1","329",-0.837438930435988,0.350874955852902,-1.17232391668198,0.248912198289401,0
"331","S_2005_S22",1.42123611497138,-0.286149966033506,0,"331","1","330",0.789752136540731,0.281496733727074,0.503602170507226,1.92483828547861,2.23606797749979
"332","S_2008_S85_L003",1.42123611497138,-0.277631883870108,0,"332","1","331",0.270183826402546,0.279374797684879,-0.00744805746756211,1.41378805750382,1.31607401295249
"333","S_2025_S28",1.42123611497138,-0.236948285362195,0,"333","1","332",-0.0106759347309562,0.283893043648771,-0.247624220093151,1.17361189487823,1.25743342968294
"334","S_2029_S18_L003",1.42123611497138,-0.211887849203287,0,"334","1","333",0.918944225915121,0.28643468430305,0.707056376711833,2.12829249168321,2.51486685936587
"335","S_2031_S70",1.42123611497138,-0.231948319012286,0,"335","1","334",-0.896156154102513,0.267637800349894,-1.1281044731148,0.293131641856581,0
"336","S_2038_S118",1.42123611497138,-0.242479555005081,0,"336","1","335",1.08431842166748,0.286663398783871,0.841838866662397,2.26307498163378,2.44948974278318
"337","S_2075_S187",1.42123611497138,-0.37084223039627,0,"337","1","336",-0.354073139120151,0.395317084886129,-0.724915369516421,0.69632074545496,0
"338","S_2076_S5_L003",1.42123611497138,-0.308999696814844,0,"338","1","337",0.533611879380381,0.293595657830555,0.224612182565536,1.64584829753692,1.77827941003892
"339","S_2077_S82_L003",1.42123611497138,-0.253756112589963,0,"339","1","338",-0.465859786855069,0.288173418090081,-0.719615899445031,0.701620215526349,0.840896415253715
"340","S_2080_S6_L003",1.42123611497138,-0.12677500678115,0,"340","1","339",1.03928880882231,0.273988808714782,0.912513802041161,2.33374991701254,2.51486685936587
"341","S_2083_S65_L003",1.42123611497138,-0.165630964709191,0,"341","1","340",-0.0498749054047568,0.267850694470576,-0.215505870113948,1.20573024485743,1.31607401295249
"342","S_2089_S17",1.42123611497138,-0.249105999659054,0,"342","1","341",-1.19254023463269,0.313193910605612,-1.44164623429174,0,0
"343","S_2096_S54_L003",1.42123611497138,-0.286824001660513,0,"343","1","342",1.07480329024637,0.304618682223799,0.787979288585861,2.20921540355724,2.51486685936587
"344","S_2098_S191",1.42123611497138,-0.160013796746351,0,"344","1","343",0.284127295391129,0.266233107519655,0.124113498644778,1.54534961361616,1.31607401295249
"345","S_2108_S154",1.42123611497138,-0.299798917899933,0,"345","1","344",0.485296792105298,0.355969608984362,0.185497874205365,1.60673398917674,1.77827941003892
"346","S_210_S177",1.42123611497138,0.104512302082431,0,"346","1","345",-1.32094259710558,0.258199789586171,-1.21643029502314,0.204805819948236,0
"347","S_2120_S134",1.42123611497138,-0.308962394780629,0,"347","1","346",-0.647448392428399,0.358652000643432,-0.956410787209029,0.464825327762352,0
"348","S_2124_S101",1.42123611497138,-0.255430226755183,0,"348","1","347",-0.919380026125647,0.281763596347852,-1.17481025288083,0.246425862090551,0
"349","S_2125_S140",1.42123611497138,-0.307737441445077,0,"349","1","348",-0.891031852384064,0.299066975740876,-1.19876929382914,0.22246682114224,0
"350","S_2126_S35",1.42123611497138,-0.345934401804844,0,"350","1","349",0.265569747780573,0.28504368292986,-0.0803646540242709,1.34087146094711,1.31607401295249
"351","S_212_S12",1.42123611497138,0.309649040893845,0,"351","1","350",-1.5993428022016,0.292762624850138,-1.28969376130776,0.131542353663623,0
"352","S_2130_S16_L003",1.42123611497138,-0.328508248761352,0,"352","1","351",0.582954064882904,0.290127267700278,0.254445816121553,1.67568193109293,1.96798967126543
"353","S_2138_S112",1.42123611497138,-0.20193237592922,0,"353","1","352",0.698353920772538,0.257938550038322,0.496421544843317,1.9176576598147,2.23606797749979
"354","S_2139_S60",1.42123611497138,-0.308155442975407,0,"354","1","353",-0.0317095649966728,0.292883631639144,-0.33986500797208,1.0813711069993,1.18920711500272
"355","S_2149_S9_L003",1.42123611497138,-0.320381281836029,0,"355","1","354",-0.746911719210518,0.280077076456849,-1.06729300104655,0.353943113924833,0
"356","S_2157_S122",1.42123611497138,-0.327837673684676,0,"356","1","355",-0.0609187991066189,0.307591176100722,-0.388756472791294,1.03247964218009,1.18920711500272
"357","S_2162_S4_L003",1.42123611497138,-0.255536230463218,0,"357","1","356",0.825994947043215,0.274347731440858,0.570458716579996,1.99169483155138,2.05976714390712
"358","S_2167_S81_L003",1.42123611497138,-0.321286748303607,0,"358","1","357",-0.728479339166422,0.288425881949716,-1.04976608747003,0.371470027501351,0
"359","S_2177_S11_L003",1.42123611497138,-0.239996490818292,0,"359","1","358",0.185012004158215,0.275730557912547,-0.0549844866600768,1.3662516283113,1.25743342968294
"360","S_2194_S133",1.42123611497138,-0.179919498237107,0,"360","1","359",0.579355415812917,0.2801361711514,0.39943591757581,1.82067203254719,1.8612097182042
"361","S_2195_S129",1.42123611497138,-0.231623885537214,0,"361","1","360",-0.876074801252805,0.288708874671958,-1.10769868679002,0.31353742818136,0
"362","S_2200_S5",1.42123611497138,-0.309960861127638,0,"362","1","361",-0.368444635002752,0.315450699831368,-0.67840549613039,0.74283061884099,0.562341325190349
"363","S_2224_S161",1.42123611497138,-0.198221280245948,0,"363","1","362",0.726589945752771,0.263917014260648,0.528368665506824,1.9496047804782,2.34034731932072
"364","S_2225_S110",1.42123611497138,-0.318256336972469,0,"364","1","363",0.119213007913977,0.388535895600921,-0.199043329058491,1.22219278591289,1.31607401295249
"365","S_2233_S80_L003",1.42123611497138,-0.220663726942106,0,"365","1","364",0.284380321317018,0.267782235941568,0.0637165943749121,1.48495270934629,1.56508458007329
"366","S_2277_S189",1.42123611497138,-0.309796304501169,0,"366","1","365",0.61748384826054,0.411404550796415,0.30768754375937,1.72892365873075,2.05976714390712
"367","S_228_S138",1.42123611497138,0.166627468058522,0,"367","1","366",-0.724298277915753,0.263565812289626,-0.557670809857231,0.86356530511415,0.840896415253715
"368","S_2296_S115",1.42123611497138,-0.0352858014837829,0,"368","1","367",-0.854111183590976,0.294774879076938,-0.889396985074759,0.531839129896622,0
"369","S_229_S24_L003",1.42123611497138,0.291972268302296,0,"369","1","368",0.342070923849007,0.298092461413309,0.634043192151303,2.05527930712268,1.96798967126543
"370","S_2316_S149",1.42123611497138,0.0002758278332404,0,"370","1","369",-0.298534747089582,0.281805302582731,-0.298258919256342,1.12297719571504,1
"371","S_2317_S77_L003",1.42123611497138,0.298674097184989,0,"371","1","370",-0.0533213917186623,0.287334424120602,0.245352705466326,1.66658882043771,1.49534878122122
"372","S_2318_S85",1.42123611497138,0.285287620171384,0,"372","1","371",0.427046329557809,0.291559521519806,0.712333949729192,2.13357006470057,2.44948974278318
"373","S_2326_S100",1.42123611497138,0.142643054318447,0,"373","1","372",-1.36939428977612,0.255241013568572,-1.22675123545767,0.19448487951371,0
"374","S_2332_S35_L003",1.42123611497138,0.23291306059921,0,"374","1","373",0.236444048734017,0.267169145714268,0.469357109333227,1.89059322430461,1.96798967126543
"375","S_2335_S96",1.42123611497138,-0.376838916650469,0,"375","1","374",-0.248919864187364,0.528015346267953,-0.625758780837833,0.795477334133548,0
"376","S_2341_S56",1.42123611497138,0.150816041137945,0,"376","1","375",-1.74518182866905,0.259784470218549,-1.59436578753111,0,0
"377","S_2344_S156",1.42123611497138,-0.366938975408897,0,"377","1","376",-0.613380259914385,0.502831290798461,-0.980319235323282,0.440916879648098,0
"378","S_2346_S152",1.42123611497138,0.0217782238041616,0,"378","1","377",-1.36931662085564,0.25894700587629,-1.34753839705148,0.0736977179199052,0
"379","S_2387_S147",1.42123611497138,0.0595661024403861,0,"379","1","378",-0.289146471809146,0.264632882732088,-0.22958036936876,1.19165574560262,1.18920711500272
"380","S_2397_S166",1.42123611497138,-0.0984317494426515,0,"380","1","379",0.138432995395812,0.279755525103331,0.0400012459531606,1.46123736092454,1.56508458007329
"381","S_255_S45",1.42123611497138,-0.255123170869465,0,"381","1","380",-0.798590790535863,0.304636643617638,-1.05371396140533,0.367522153566052,0
"382","S_256_S39_L003",1.42123611497138,-0.186717848320527,0,"382","1","381",-1.17142724758292,0.267713122310257,-1.35814509590345,0.0630910190679346,0
"383","S_274_S192",1.42123611497138,-0.216432351078647,0,"383","1","382",-0.952653276536368,0.281657044830502,-1.16908562761502,0.252150487356365,0
"384","S_276_S74",1.42123611497138,-0.102506185838611,0,"384","1","383",0.0246995667695204,0.265726911972369,-0.0778066190690903,1.34342949590229,1.49534878122122
"385","S_27_S7",1.42123611497138,-0.244051874092922,0,"385","1","384",-0.681179694609192,0.291792960884282,-0.925231568702114,0.496004546269266,0.840896415253715
"386","S_285_1_S191",1.42123611497138,-0.118749586361377,0,"386","1","385",0.76240453782787,0.253307213032095,0.643654951466492,2.06489106643787,2.05976714390712
"387","S_289_S32_L003",1.42123611497138,-0.255920646772908,0,"387","1","386",0.0230276816578926,0.392568133475493,-0.232892965115016,1.18834314985636,1.31607401295249
"388","S_292_S80",1.42123611497138,0.110486035240325,0,"388","1","387",-0.347926835042666,0.277212384382662,-0.237440799802341,1.18379531516904,1.31607401295249
"389","S_295_S46_L003",1.42123611497138,0.277805379132002,0,"389","1","388",-0.438874185162158,0.297661804105448,-0.161068806030156,1.26016730894122,1.31607401295249
"390","S_297_S95",1.42123611497138,0.294551932867703,0,"390","1","389",0.752502259390165,0.28222894372422,1.04705419225787,2.46829030722925,2.51486685936587
"391","S_302_S182",1.42123611497138,0.147074729945983,0,"391","1","390",0.667837592962246,0.271531697999934,0.814912322908229,2.23614843787961,2.11474252688113
"392","S_328_S179",1.42123611497138,-0.177861669432298,0,"392","1","391",0.064226636231905,0.303455375657031,-0.113635033200393,1.30760108177099,1.56508458007329
"393","S_32_S152",1.42123611497138,-0.324835587320528,0,"393","1","392",-1.11130706784936,0.292585461963226,-1.43614265516989,0,0
"394","S_331_S25",1.42123611497138,-0.161133063508299,0,"394","1","393",-0.979981980034307,0.273134213773708,-1.14111504354261,0.280121071428774,0
"395","S_334_S137",1.42123611497138,-0.124492097025895,0,"395","1","394",-1.41851713043456,0.275022025249892,-1.54300922746045,0,0
"396","S_337_S8",1.42123611497138,0.26928003939712,0,"396","1","395",1.08666373959595,0.282810262826178,1.35594377899307,2.77717989396445,2.99069756244244
"397","S_339_S28_L003",1.42123611497138,0.272130601765706,0,"397","1","396",-1.12151870440435,0.275168430036501,-0.849388102638647,0.571848012332733,0
"398","S_341_S162",1.42123611497138,-0.21254985473559,0,"398","1","397",0.468168386167885,0.4155450848073,0.255618531432295,1.67685464640368,1.83142075074235
"399","S_344_S160",1.42123611497138,-0.301919511997539,0,"399","1","398",0.234636701680852,0.478698360370603,-0.0672828103166862,1.35395330465469,1.56508458007329
"400","S_357_S87",1.42123611497138,0.314691070051486,0,"400","1","399",-0.255002726353877,0.288327719933193,0.0596883436976097,1.48092445866899,1.49534878122122
"401","S_371_S41_L003",1.42123611497138,0.135795803812874,0,"401","1","400",-0.471381844823432,0.282696022902775,-0.335586041010558,1.08565007396082,1
"402","S_373_S73",1.42123611497138,-0.27843935679325,0,"402","1","401",-0.530981259394765,0.307995802664773,-0.809420616188015,0.611815498783366,0
"403","S_377_S12_L003",1.42123611497138,-0.261985802724229,0,"403","1","402",1.28218100830022,0.283343858998176,1.020195205576,2.44143132054738,2.78315768371374
"404","S_385_S62_L003",1.42123611497138,-0.260558822085605,0,"404","1","403",0.864942204258147,0.266708176924353,0.604383382172542,2.02561949714392,2.23606797749979
"405","S_393_S135",1.42123611497138,-0.226156042355866,0,"405","2","  2",-0.264790456207298,0.299073594935704,-0.490946498563164,0.930289616408216,NA
"406","S_397_S176",1.42123611497138,-0.278090499896939,0,"406","1","404",-0.0168489029950229,0.266480366269402,-0.294939402891962,1.12629671207942,1.18920711500272
"407","S_406_S140",1.42123611497138,-0.188231992200866,0,"407","1","405",0.940868379493418,0.263887341383967,0.752636387292552,2.17387250226393,2.65914794847249
"408","S_407_S131",1.42123611497138,-0.314339862526791,0,"408","1","406",-1.27752922742307,0.28450860032704,-1.59186908994986,0,0
"409","S_413_S86_L003",1.42123611497138,-0.281480702109134,0,"409","1","407",-0.824756542669046,0.276062823441911,-1.10623724477818,0.314998870193201,0
"410","S_419_S1",1.42123611497138,-0.192217357413687,0,"410","1","408",0.359732778398984,0.275267399961936,0.167515420985297,1.58875153595668,1.49534878122122
"411","S_41_S124",1.42123611497138,-0.336397413532731,0,"411","1","409",-1.07536771296006,0.300891187506233,-1.41176512649279,0.00947098847859196,0
"412","S_440_S128",1.42123611497138,-0.393188429619484,0,"412","1","410",-0.596219978663115,0.423252810184211,-0.9894084082826,0.43182770668878,0
"413","S_450_S135",1.42123611497138,-0.26348659312306,0,"413","1","411",-0.175601006830905,0.287919250537879,-0.439087599953965,0.982148515017416,0.840896415253715
"414","S_453_S63",1.42123611497138,-0.263498855402625,0,"414","1","412",-0.75500889217219,0.305789150652701,-1.01850774757481,0.402728367396565,0
"415","S_454_S71_L003",1.42123611497138,-0.284108934553565,0,"415","1","413",1.0923912351488,0.29106480919983,0.808282300595231,2.22951841556661,2.54572989502183
"416","S_469_S119",1.42123611497138,-0.371752598084588,0,"416","1","414",1.33960011726049,0.294927826352262,0.967847519175904,2.38908363414728,2.89250760851908
"417","S_474_S89_L003",1.42123611497138,-0.390123975413259,0,"417","1","415",-0.282616129624738,0.513219266551675,-0.672740105037997,0.748496009933383,0
"418","S_481_S27_L003",1.42123611497138,-0.290410996856592,0,"418","1","416",-0.295584930811072,0.282135569700785,-0.585995927667664,0.835240187303716,0.840896415253715
"419","S_487_S31",1.42123611497138,-0.351564878914791,0,"419","1","417",0.310263333551703,0.287067389486814,-0.0413015453630881,1.37993456960829,1.49534878122122
"420","S_501_S43",1.42123611497138,-0.268864311186595,0,"420","1","418",-0.659064589956908,0.285865417778627,-0.927928901143503,0.493307213827878,0
"421","S_509_S109",1.42123611497138,-0.370504090094125,0,"421","1","419",-0.973717262461931,0.295791166838058,-1.34422135255606,0.077014762415325,0
"422","S_515_S58",1.42123611497138,-0.307880544431913,0,"422","1","420",-0.887909550910243,0.283824581986446,-1.19579009534216,0.225446019629225,0
"423","S_516_S138",1.42123611497138,-0.419052093381096,0,"423","1","421",-0.489713412964765,0.495858710553439,-0.908765506345861,0.51247060862552,0
"424","S_517_S20_L003",1.42123611497138,-0.251683246584423,0,"424","1","422",1.27750574784214,0.269751729670291,1.02582250125771,2.44705861622909,2.89250760851908
"425","S_522_S10",1.42123611497138,-0.139865383060445,0,"425","1","423",0.955440224118633,0.258571000811642,0.815574841058189,2.23681095602957,2.34034731932072
"426","S_524_S33_L003",1.42123611497138,-0.269773685615342,0,"426","1","424",0.127597520672936,0.27418527931845,-0.142176164942406,1.27905995002897,1.31607401295249
"427","S_528_S103",1.42123611497138,-0.26782684814198,0,"427","1","425",0.820167138014209,0.282265490723815,0.552340289872229,1.97357640484361,2.34034731932072
"428","S_533_S68",1.42123611497138,-0.327546247976288,0,"428","1","426",0.501887836758935,0.330080908894497,0.174341588782648,1.59557770375403,1.56508458007329
"429","S_537_S78_L003",1.42123611497138,-0.217694008302679,0,"429","1","427",1.36703697022589,0.282489495287741,1.14934296192321,2.57057907689459,2.78315768371374
"430","S_545_S69",1.42123611497138,-0.260560822646117,0,"430","1","428",0.0323586624375972,0.277970914526385,-0.22820216020852,1.19303395476286,1.10668191970032
"431","S_565_S149",1.42123611497138,-0.225431351517336,0,"431","1","429",0.636125090883719,0.264587198336666,0.410693739366383,1.83192985433776,2.05976714390712
"432","S_567_S165",1.42123611497138,-0.258179869535294,0,"432","1","430",-1.05850017906135,0.280334068995238,-1.31668004859664,0.104556066374737,0
"433","S_574_S155",1.42123611497138,-0.404333551579991,0,"433","1","431",-0.429097317211221,0.489243047381792,-0.833430868791212,0.587805246180168,0
"434","S_591_S99",1.42123611497138,-0.239136617717348,0,"434","1","432",0.206378649820654,0.273722119251495,-0.0327579678966937,1.38847814707469,1.49534878122122
"435","S_5_S63_L003",1.42123611497138,-0.349493076744837,0,"435","1","433",0.706846756955968,0.421689586873391,0.357353680211131,1.77858979518251,2.51486685936587
"436","S_629_S113",1.42123611497138,0.291318267658437,0,"436","1","434",-0.0655697999476986,0.272583748442839,0.225748467710739,1.64698458268212,1.77827941003892
"437","S_630_S51_L003",1.42123611497138,-2.56010959168995e-05,0,"437","1","435",0.485539995832646,0.271797402254141,0.485514394736729,1.90675050970811,2.11474252688113
"438","S_631_S87_L003",1.42123611497138,0.137726857278432,0,"438","1","436",0.189309654061338,0.266506968764454,0.32703651133977,1.74827262631115,1.96798967126543
"439","S_63_S170",1.42123611497138,-0.0830712638589457,0,"439","1","437",-0.356293346188608,0.2599914372525,-0.439364610047554,0.981871504923827,0
"440","S_640_S178",1.42123611497138,0.100112904248221,0,"440","1","438",-1.31772941298392,0.269092456963115,-1.2176165087357,0.203619606235682,0
"441","S_646_S142",1.42123611497138,0.165778181942923,0,"441","1","439",-0.450198898603185,0.265572676636743,-0.284420716660262,1.13681539831112,1.25743342968294
"442","S_650_S129",1.42123611497138,-0.314224715718467,0,"442","1","440",0.525915868673141,0.466878663326732,0.211691152954674,1.63292726792605,2.17793858734643
"443","S_653_S6",1.42123611497138,0.417062842294869,0,"443","1","441",1.07942840469196,0.300267040992135,1.49649124698683,2.91772736195821,2.34034731932072
"444","S_656_S181",1.42123611497138,0.356464117623388,0,"444","1","442",0.57520256113332,0.282776382260953,0.931666678756708,2.35290279372809,2.34034731932072
"445","S_657_S154",1.42123611497138,-0.364853949496418,0,"445","1","443",0.597283964605798,0.511263493464777,0.23243001510938,1.65366613008076,2.23606797749979
"446","S_658_S33",1.42123611497138,0.416281598831341,0,"446","1","444",1.02839019247525,0.302284522994648,1.44467179130659,2.86590790627797,2.89250760851908
"447","S_65_S29_L003",1.42123611497138,-0.188770220235643,0,"447","1","445",0.766714883085606,0.264761818978041,0.577944662849963,1.99918077782134,2.11474252688113
"448","S_662_S98",1.42123611497138,0.138824855748708,0,"448","1","446",-0.569740264168088,0.263155540387512,-0.43091540841938,0.990320706552001,0.840896415253715
"449","S_673_S40_L003",1.42123611497138,0.231301235377115,0,"449","1","447",-0.251517658570351,0.282779002434289,-0.0202164231932366,1.40101969177814,1.4142135623731
"450","S_674_S130",1.42123611497138,0.220700582175648,0,"450","1","448",-1.50175372957546,0.269247350950994,-1.28105314739981,0.140182967571569,0
"451","S_679_S9",1.42123611497138,0.231283995149626,0,"451","1","449",-0.617773919480571,0.273319562673846,-0.386489924330945,1.03474619064044,1.25743342968294
"452","S_685_S121",1.42123611497138,0.386523113180212,0,"452","1","450",-0.332480710942748,0.331126693312499,0.0540424022374641,1.47527851720884,1.31607401295249
"453","S_695_S46",1.42123611497138,0.292476889580592,0,"453","1","451",0.51955356934339,0.287184636449516,0.812030458923982,2.23326657389536,2.51486685936587
"454","S_696_S88",1.42123611497138,0.038655173771627,0,"454","1","452",0.67488316971367,0.304497024882424,0.713538343485297,2.13477445845668,2.34034731932072
"455","S_706_S108",1.42123611497138,0.282173107022499,0,"455","1","453",-0.437095785141862,0.284023491484395,-0.154922678119363,1.26631343685202,1.25743342968294
"456","S_711_S50",1.42123611497138,0.184845196975302,0,"456","1","454",-0.0397835518129598,0.278663811393062,0.145061645162342,1.56629776013372,1.49534878122122
"457","S_712_S136",1.42123611497138,0.284544702776223,0,"457","1","455",-0.0865782126159149,0.270477430970202,0.197966490160308,1.61920260513169,1.45647531512197
"458","S_713_S163",1.42123611497138,-0.191203928279835,0,"458","1","456",0.380643385599891,0.402141615348567,0.189439457320055,1.61067557229144,1.77827941003892
"459","S_714_S34_L003",1.42123611497138,0.372245474443865,0,"459","1","457",-0.282431386798258,0.308336600142371,0.0898140876456066,1.51105020261699,1.56508458007329
"460","S_726_S69_L003",1.42123611497138,0.436908916504581,0,"460","1","458",0.934262657841823,0.309286143769412,1.3711715743464,2.79240768931778,2.78315768371374
"461","S_733_S67_L003",1.42123611497138,0.228148037777398,0,"461","1","459",-0.478806105612702,0.263127253450803,-0.250658067835304,1.17057804713608,1.25743342968294
"462","S_738_S39",1.42123611497138,0.378125881627321,0,"462","1","460",-0.120344732950861,0.297050665301433,0.25778114867646,1.67901726364784,1.56508458007329
"463","S_758_S128",1.42123611497138,0.267701056328894,0,"463","1","461",0.826116336628153,0.295655815201692,1.09381739295705,2.51505350792843,2.65914794847249
"464","S_762_S173",1.42123611497138,0.376326919783153,0,"464","1","462",0.496803033398806,0.302966316384858,0.873129953181959,2.29436606815334,2.11474252688113
"465","S_764_S93_L003",1.42123611497138,0.325598787216896,0,"465","1","463",1.09498470219684,0.299100012529119,1.42058348941373,2.84181960438511,2.89250760851908
"466","S_765_S48",1.42123611497138,0.220412559857569,0,"466","1","464",-0.0114874549050338,0.306057160517627,0.208925104952536,1.63016121992392,1.31607401295249
"467","S_770_S57_L003",1.42123611497138,-0.0962013534370715,0,"467","1","465",-0.169756213911226,0.293627792465398,-0.265957567348298,1.15527854762308,1.4142135623731
"468","S_772_S58_L003",1.42123611497138,0.234638212534338,0,"468","1","466",-1.52046836898304,0.275657487077471,-1.2858301564487,0.13540595852268,0
"469","S_779_S94_L003",1.42123611497138,0.0836749644841656,0,"469","1","467",-1.34813777456791,0.25947299866697,-1.26446281008375,0.156773304887634,0
"470","S_7_S141",1.42123611497138,-0.161036522077957,0,"470","1","468",0.0143487291778597,0.285547189165484,-0.146687792900097,1.27454832207128,1.31607401295249
"471","S_813_S44_L003",1.42123611497138,0.293988018935851,0,"471","1","469",0.506532008772531,0.270755342573898,0.800520027708382,2.22175614267976,2.23606797749979
"472","S_824_S40",1.42123611497138,0.22798499684747,0,"472","1","470",-1.08732073092207,0.282833338577974,-0.859335734074599,0.561900380896781,0
"473","S_825_S71",1.42123611497138,0.310085229196926,0,"473","1","471",-0.779100018807074,0.317414654420815,-0.469014789610148,0.952221325361233,1.25743342968294
"474","S_826_S8_L003",1.42123611497138,0.17651924012641,0,"474","1","472",-0.167454700846625,0.293006768145462,0.00906453927978501,1.43030065425117,1.56508458007329
"475","S_837_S50_L003",1.42123611497138,0.267973056155416,0,"475","1","473",0.695467649405617,0.263568363283787,0.963440705561033,2.38467682053241,2.65914794847249
"476","S_83_S14",1.42123611497138,-0.0940961731193609,0,"476","1","474",-1.1116777012931,0.292932739186817,-1.20577387441246,0.215462240558923,0
"477","S_840_S88_L003",1.42123611497138,0.123134742089658,0,"477","1","475",0.334478391495063,0.248470896825219,0.457613133584722,1.8788492485561,1.77827941003892
"478","S_844_S151",1.42123611497138,0.173594452004294,0,"478","1","476",-1.3832077968476,0.277319170021624,-1.2096133448433,0.211622770128079,0
"479","S_85_S36_L003",1.42123611497138,-0.288085948038644,0,"479","1","477",0.019259263244486,0.310467721480456,-0.268826684794158,1.15240943017722,1.18920711500272
"480","S_861_S22_L003",1.42123611497138,0.102141803470096,0,"480","1","478",0.67604715235288,0.27844706106019,0.778188955822976,2.19942507079436,2.51486685936587
"481","S_865_S82",1.42123611497138,0.1854457493657,0,"481","1","479",-0.0702346958979555,0.263159172448743,0.115211053467744,1.53644716843912,1.77827941003892
"482","S_879_S97",1.42123611497138,0.225836930419014,0,"482","1","480",-0.114473754434038,0.278014527135539,0.111363175984976,1.53259929095636,1.31607401295249
"483","S_87_S81",1.42123611497138,-0.25502690232647,0,"483","1","481",0.563074560230416,0.268953697265304,0.308047657903946,1.72928377287533,2.34034731932072
"484","S_885_S77",1.42123611497138,0.151068195380907,0,"484","1","482",-0.671013162434138,0.263004646155126,-0.51994496705323,0.90129114791815,0.840896415253715
"485","S_901_S136",1.42123611497138,-0.136481749232135,0,"485","2","  3",-0.625151987770633,0.344213529003608,-0.761633737002768,0.659602377968612,NA
"486","S_932_S42_L003",1.42123611497138,0.0065321178743197,0,"486","1","483",-0.066712468710171,0.264838535491874,-0.0601803508358513,1.36105576413553,1.31607401295249
"487","S_961_S70_L003",1.42123611497138,0.335304106083513,0,"487","1","484",0.69806285218031,0.30686038649749,1.03336695826382,2.4546030732352,2.63214802590498
"488","S_962_S42",1.42123611497138,0.176580155553561,0,"488","1","485",0.0435788739980968,0.267444192782321,0.220159029551657,1.64139514452304,1.49534878122122
"489","S_972_S142",1.42123611497138,-0.295214157455522,0,"489","1","486",-0.485162624618992,0.447773640432659,-0.780376782074514,0.640859332896866,0
"490","S_978_S90",1.42123611497138,-0.0842533339228394,0,"490","1","487",-1.11979414773224,0.341218369543642,-1.20404748165508,0.2171886333163,0
"491","S_983_S4",1.42123611497138,0.294903644954626,0,"491","1","488",-1.68983176784752,0.296535861843683,-1.3949281228929,0.0263079920784852,0
"492","S_993_S55",1.42123611497138,0.236722868251469,0,"492","1","489",-0.470116266834123,0.275812309092274,-0.233393398582654,1.18784271638873,0.840896415253715
"493","NSW1201426",1.42123611497138,0.38855141354623,0,"493","2","  4",0.707185323119265,0.0797694340833232,1.0957367366655,2.51697285163688,NA
"494","NSW1212884",1.42123611497138,-0.132255892844628,0,"494","2","  5",-0.418826954026072,0.108391076964285,-0.5510828468707,0.87015326810068,NA
"495","NSW1200541",1.42123611497138,0.203852155409143,0,"495","2","  6",0.0363910600072596,0.0946269753047066,0.240243215416402,1.66147933038778,NA
"496","NSW1190165",1.42123611497138,0.307272071869389,0,"496","2","  7",-0.392874842207462,0.132087760796096,-0.0856027703380735,1.33563334463331,NA
"497","NSW1166659",1.42123611497138,-0.186352649442906,0,"497","2","  8",-0.0378452389209778,0.143287467915607,-0.224197888363883,1.1970382266075,NA
"498","NSW1213025",1.42123611497138,-0.0610807454664908,0,"498","2","  9",-0.256745154973841,0.139102984179774,-0.317825900440332,1.10341021453105,NA
"499","NSW1211446",1.42123611497138,0.364007085241794,0,"499","2"," 10",-0.161178909246079,0.115419529116434,0.202828175995715,1.6240642909671,NA
"500","NSW1200628",1.42123611497138,0.342960137158468,0,"500","2"," 11",0.17608216118106,0.129308378042216,0.519042298339527,1.94027841331091,NA
"501","NSW1166664",1.42123611497138,-0.173502144416714,0,"501","2"," 12",-0.157068963312457,0.0858895779030831,-0.330571107729171,1.09066500724221,NA
"502","NSW1213021",1.42123611497138,-0.0643836982006374,0,"502","2"," 13",-0.171904949065625,0.120986423853225,-0.236288647266263,1.18494746770512,NA
"503","NSW1201391",1.42123611497138,0.0772363513811998,0,"503","2"," 14",-0.0737536893624689,0.123559307240881,0.00348266201873093,1.42471877699011,NA
"504","NSW1201419",1.42123611497138,0.445446690642145,0,"504","2"," 15",0.17397997128597,0.15351826630231,0.619426661928115,2.0406627768995,NA
"505","NSW1201415",1.42123611497138,0.444975142888637,0,"505","2"," 16",-0.0809037292534202,0.106754273070139,0.364071413635216,1.7853075286066,NA
"506","NSW1200364",1.42123611497138,-0.201280844428638,0,"506","2"," 17",-0.354828001432413,0.164053959418488,-0.556108845861051,0.865127269110329,NA
"507","NSW1190167",1.42123611497138,0.32391183075741,0,"507","2"," 18",0.40572989229885,0.10040967964395,0.729641723056259,2.15087783802764,NA
"508","NSW1190204",1.42123611497138,0.341963868798863,0,"508","2"," 19",-0.355619308744088,0.111295236774373,-0.0136554399452257,1.40758067502615,NA
"509","NSW1200834",1.42123611497138,0.363031608433953,0,"509","2"," 20",1.57298007737172e-06,0.131965824595441,0.363033181414031,1.78426929638541,NA
"510","NSW1200533",1.42123611497138,0.375043594183952,0,"510","2"," 21",0.309894473259707,0.101187224099724,0.684938067443659,2.10617418241504,NA
"511","NSW1200414",1.42123611497138,0.323392236046773,0,"511","2"," 22",-0.231369077202162,0.0669328150253041,0.0920231588446108,1.51325927381599,NA
"512","NSW1200759",1.42123611497138,0.250539386136141,0,"512","2"," 23",-0.195071470835868,0.0896604630615138,0.055467915300273,1.47670403027165,NA
"513","NSW1212889",1.42123611497138,-0.0888032580594391,0,"513","2"," 24",-0.300326465362405,0.121836999385157,-0.389129723421844,1.03210639154954,NA
"514","NSW1211427",1.42123611497138,-0.221053382316546,0,"514","2"," 25",-0.411819099922975,0.169923276361418,-0.632872482239521,0.788363632731859,NA
"515","NSW1200379",1.42123611497138,0.186217344839955,0,"515","2"," 26",0.544148047330879,0.10506818672491,0.730365392170834,2.15160150714221,NA
"516","NSW1211455",1.42123611497138,0.280231753083919,0,"516","2"," 27",-0.575130077621124,0.113483789511121,-0.294898324537204,1.12633779043418,NA
"517","NSW1213033",1.42123611497138,-0.149729684333499,0,"517","2"," 28",0.106942756151621,0.126089374757591,-0.0427869281818785,1.3784491867895,NA
"518","NSW1212980",1.42123611497138,-0.232628872059397,0,"518","2"," 29",-0.184106820202551,0.117895339675489,-0.416735692261948,1.00450042270943,NA
"519","NSW1190213",1.42123611497138,-0.0282670907142778,0,"519","2"," 30",0.521069293519081,0.116244831326576,0.492802202804803,1.91403831777618,NA
"520","NSW1201416",1.42123611497138,0.366259322393302,0,"520","2"," 31",0.123563636075897,0.0916357023477841,0.4898229584692,1.91105907344058,NA
"521","NSW1200418",1.42123611497138,-0.0543579263558196,0,"521","2"," 32",-0.0179049164183041,0.110509819225715,-0.0722628427741237,1.34897327219726,NA
"522","NSW1211456",1.42123611497138,0.320152596385782,0,"522","2"," 33",-0.627630070923601,0.0988721068212165,-0.307477474537819,1.11375864043356,NA
"523","NSW1211564",1.42123611497138,0.342165184326632,0,"523","2"," 34",0.240816277109698,0.118078233356732,0.58298146143633,2.00421757640771,NA
"524","NSW1213016",1.42123611497138,-0.232035923026425,0,"524","2"," 35",0.484989430558902,0.103199359967023,0.252953507532478,1.67418962250386,NA
"525","NSW1211583",1.42123611497138,0.0808339324236071,0,"525","2"," 36",0.233791638979606,0.0697179981572449,0.314625571403213,1.73586168637459,NA
"526","NSW1200839",1.42123611497138,0.358124512783527,0,"526","2"," 37",0.0136580633075126,0.136960711471521,0.371782576091039,1.79301869106242,NA
"527","NSW1211565",1.42123611497138,0.262814005783202,0,"527","2"," 38",-0.636018965473301,0.10529482844969,-0.373204959690099,1.04803115528128,NA
"528","NSW1200425",1.42123611497138,-0.0473667479650455,0,"528","2"," 39",0.575927238633785,0.15493113549384,0.528560490668739,1.94979660564012,NA
"529","NSW1200662",1.42123611497138,-0.131675101702133,0,"529","2"," 40",0.342726394689673,0.0875783325113185,0.21105129298754,1.63228740795892,NA
"530","NSW1166655",1.42123611497138,-0.153083666225537,0,"530","2"," 41",0.411914648920893,0.134474002062329,0.258830982695356,1.68006709766674,NA
"531","NSW1212948",1.42123611497138,-0.232293081674633,0,"531","2"," 42",-0.118874138630551,0.164633348809684,-0.351167220305184,1.0700688946662,NA
"532","NSW1200528",1.42123611497138,0.387148315059622,0,"532","2"," 43",-0.305397374677247,0.142993965924861,0.0817509403823741,1.50298705535375,NA
"533","NSW1200563",1.42123611497138,0.456390396797527,0,"533","2"," 44",0.351353535218916,0.114718815814064,0.807743932016443,2.22898004698782,NA
"534","NSW1200351",1.42123611497138,-0.218877845408509,0,"534","2"," 45",-0.0930891461235758,0.113329334799899,-0.311966991532085,1.1092691234393,NA
"535","NSW1213015",1.42123611497138,-0.166227752066627,0,"535","2"," 46",0.654393571414204,0.110128366118477,0.488165819347577,1.90940193431896,NA
"536","NSW1200394",1.42123611497138,0.120522323668835,0,"536","2"," 47",-0.159475201073115,0.118121850001387,-0.0389528774042806,1.3822832375671,NA
"537","NSW1213011",1.42123611497138,-0.129411797258419,0,"537","2"," 48",0.626585759936006,0.113517904770172,0.497173962677587,1.91841007764897,NA
"538","NSW1200664",1.42123611497138,0.361662887732959,0,"538","2"," 49",0.0139284092389901,0.0903821434391952,0.375591296971949,1.79682741194333,NA
"539","NSW1201655",1.42123611497138,0.339384767766838,0,"539","2"," 50",0.594818569713537,0.113907492687418,0.934203337480375,2.35543945245176,NA
"540","NSW1200536",1.42123611497138,0.217245474344297,0,"540","2"," 51",-0.390329504463806,0.116112328661569,-0.173084030119508,1.24815208485187,NA
"541","NSW1212943",1.42123611497138,-0.23080363305584,0,"541","2"," 52",-0.514517793574903,0.0905554020298023,-0.745321426630744,0.675914688340637,NA
"542","NSW1200559",1.42123611497138,0.332187015085115,0,"542","2"," 53",-0.145008845244384,0.0921243285231416,0.187178169840731,1.60841428481211,NA
"543","NSW1200558",1.42123611497138,0.408877189208828,0,"543","2"," 54",0.0929584179336688,0.101280487642146,0.501835607142497,1.92307172211388,NA
"544","NSW1200524",1.42123611497138,0.353374037448988,0,"544","2"," 55",0.0102019991357125,0.132569133394232,0.363576036584701,1.78481215155608,NA
"545","NSW1212795",1.42123611497138,-0.287745089406779,0,"545","2"," 56",0.324674803039276,0.0861227295508862,0.0369297136324973,1.45816582860388,NA
"546","NSW1200787",1.42123611497138,0.175872136997927,0,"546","2"," 57",-0.452357198663237,0.0958319342842575,-0.27648506166531,1.14475105330607,NA
"547","NSW1200776",1.42123611497138,0.0359147491226255,0,"547","2"," 58",0.42793396101856,0.0548963395383634,0.463848710141186,1.88508482511257,NA
"548","NSW1190216",1.42123611497138,0.337923508059027,0,"548","2"," 59",0.29396248664367,0.144685933139161,0.631885994702697,2.05312210967408,NA
"549","NSW1201495",1.42123611497138,0.463621160695535,0,"549","2"," 60",0.433658113457919,0.127711297308273,0.897279274153454,2.31851538912483,NA
"550","NSW1211582",1.42123611497138,0.335707487975081,0,"550","2"," 61",-0.22959885194949,0.109457621953414,0.106108636025591,1.52734475099697,NA
"551","NSW1200362",1.42123611497138,0.30706180657181,0,"551","2"," 62",0.296440912528754,0.0670166434731151,0.603502719100565,2.02473883407194,NA
"552","NSW1212987",1.42123611497138,-0.434504947539218,0,"552","2"," 63",-0.00728199312117471,0.521687862355029,-0.441786940660392,0.979449174310988,NA
"553","NSW1190194",1.42123611497138,0.286025828098879,0,"553","2"," 64",-0.0794756844110259,0.114770018666652,0.206550143687853,1.62778625865923,NA
"554","NSW1213030",1.42123611497138,-0.0482657321277639,0,"554","2"," 65",-0.401615629274237,0.107453708619366,-0.449881361402001,0.971354753569379,NA
"555","NSW1190199",1.42123611497138,0.261084222673173,0,"555","2"," 66",-0.410812056363641,0.0725643087062336,-0.149727833690468,1.27150828128091,NA
"556","NSW1200372",1.42123611497138,0.283090173755676,0,"556","2"," 67",0.042219372686813,0.0834339243747534,0.325309546442489,1.74654566141387,NA
"557","NSW1211445",1.42123611497138,0.332105928931139,0,"557","2"," 68",-0.0746169235400929,0.109710921118016,0.257489005391046,1.67872512036243,NA
"558","NSW1211558",1.42123611497138,0.284292534665012,0,"558","2"," 69",0.0242753127333771,0.0712703594830287,0.308567847398389,1.72980396236977,NA
"559","NSW1200764",1.42123611497138,-0.259363347268955,0,"559","2"," 70",-0.720646282282975,0.168871186832062,-0.98000962955193,0.44122648541945,NA
"560","NSW1200848",1.42123611497138,0.329180896636223,0,"560","2"," 71",-0.174711718351292,0.0989549265942088,0.154469178284931,1.57570529325631,NA
"561","NSW1200661",1.42123611497138,-0.18287093931758,0,"561","2"," 72",-0.219145903507009,0.127172905608837,-0.402016842824589,1.01921927214679,NA
"562","NSW1211440",1.42123611497138,0.406144290286005,0,"562","2"," 73",-0.3723843620879,0.109316457262893,0.0337599281981047,1.45499604316948,NA
"563","NSW1200356",1.42123611497138,-0.0919002732275528,0,"563","2"," 74",0.121873975009421,0.101801707768109,0.0299737017818678,1.45120981675325,NA
"564","NSW1212992",1.42123611497138,-0.196554003190849,0,"564","2"," 75",-0.381036496841996,0.17897088929973,-0.577590500032845,0.843645614938535,NA
"565","NSW1200905",1.42123611497138,0.27864128760838,0,"565","2"," 76",0.183766055182456,0.0871836558445376,0.462407342790835,1.88364345776222,NA
"566","NSW1200357",1.42123611497138,0.123234065695685,0,"566","2"," 77",-0.0196702259231567,0.0871217746124465,0.103563839772529,1.52479995474391,NA
"567","NSW1200799",1.42123611497138,0.422837824247939,0,"567","2"," 78",-0.393872620848829,0.120770619497063,0.0289652033991104,1.45020131837049,NA
"568","NSW1166442",1.42123611497138,-0.191722731463325,0,"568","2"," 79",-0.18030351211627,0.156163960512651,-0.372026243579594,1.04920987139179,NA
"569","NSW1200539",1.42123611497138,0.318486034912614,0,"569","2"," 80",0.0482998136069917,0.108571884513519,0.366785848519606,1.78802196349099,NA
"570","NSW1200543",1.42123611497138,-0.0933002667089491,0,"570","2"," 81",-0.262552357727333,0.350919028108998,-0.355852624436283,1.0653834905351,NA
"571","NSW1200529",1.42123611497138,0.392507800773806,0,"571","2"," 82",-0.246467055865159,0.100846390747529,0.146040744908647,1.56727685988003,NA
"572","NSW1212866",1.42123611497138,-0.264955616186513,0,"572","2"," 83",-0.327997388332839,0.12032985571165,-0.592953004519352,0.828283110452029,NA
"573","NSW1200873",1.42123611497138,0.0566768125931488,0,"573","2"," 84",0.127460836542702,0.0763706508439929,0.184137649135851,1.60537376410723,NA
"574","NSW1211541",1.42123611497138,-0.0433867464101907,0,"574","2"," 85",0.00527463173060224,0.0927425151824996,-0.0381121146795885,1.38312400029179,NA
"575","NSW1190198",1.42123611497138,0.239145660572377,0,"575","2"," 86",-0.271405065779174,0.13304692856118,-0.032259405206797,1.38897670976458,NA
"576","NSW1213013",1.42123611497138,-0.12912788265089,0,"576","2"," 87",0.155010039968786,0.100405058190882,0.0258821573178961,1.44711827228928,NA
"577","NSW1212970",1.42123611497138,-0.213832915031739,0,"577","2"," 88",0.153854492788445,0.13731771316026,-0.0599784222432944,1.36125769272809,NA
"578","NSW1212997",1.42123611497138,-0.0412276709243256,0,"578","2"," 89",0.530444206628615,0.127908315444243,0.489216535704289,1.91045265067567,NA
"579","NSW1211508",1.42123611497138,0.176509337439422,0,"579","2"," 90",-0.192643230768085,0.100230171563132,-0.0161338933286632,1.40510222164272,NA
"580","NSW1211552",1.42123611497138,0.244841845200887,0,"580","2"," 91",-0.217584480772813,0.106427620162156,0.0272573644280742,1.44849347939945,NA
"581","NSW1211442",1.42123611497138,0.334266857520488,0,"581","2"," 92",0.298202645529683,0.115791070757833,0.632469503050171,2.05370561802155,NA
"582","NSW1211451",1.42123611497138,0.275508691795492,0,"582","2"," 93",-0.0638224249330065,0.110598790777618,0.211686266862486,1.63292238183387,NA
"583","NSW1194456",1.42123611497138,0.167950288447026,0,"583","2"," 94",0.728321965176696,0.10895420894078,0.896272253623722,2.3175083685951,NA
"584","NSW1211546",1.42123611497138,-0.10949061539275,0,"584","2"," 95",0.943591425384537,0.0980862409113999,0.834100809991787,2.25533692496317,NA
"585","NSW1213001",1.42123611497138,-0.157059880988055,0,"585","2"," 96",-0.104719556831456,0.109162699531922,-0.261779437819512,1.15945667715187,NA
"586","NSW1201431",1.42123611497138,0.330824999628526,0,"586","2"," 97",0.0685924203070354,0.119583378127137,0.399417419935561,1.82065353490694,NA
"587","NSW1211568",1.42123611497138,0.1021488042794,0,"587","2"," 98",0.16256048019514,0.0893233924460772,0.264709284474541,1.68594539944592,NA
"588","NSW1211441",1.42123611497138,0.414224250206438,0,"588","2"," 99",-0.640761332548275,0.156796985455765,-0.226537082341837,1.19469903262954,NA
"589","NSW1190206",1.42123611497138,0.255278473508184,0,"589","2","100",-0.106377219203493,0.110215571308753,0.148901254304691,1.57013736927607,NA
"590","NSW1200389",1.42123611497138,0.123093849808993,0,"590","2","101",-0.112439231069767,0.0530661268795529,0.0106546187392257,1.43189073371061,NA
"591","NSW1211534",1.42123611497138,0.0872295188980343,0,"591","2","102",0.12295696068608,0.141770397672464,0.210186479584115,1.63142259455549,NA
"592","NSW1200346",1.42123611497138,-0.134114959424978,0,"592","2","103",0.223076264213634,0.122978286215421,0.0889613047886556,1.51019741976004,NA
"593","NSW1200505",1.42123611497138,0.105997917828966,0,"593","2","104",0.13935228356379,0.108915077065216,0.245350201392757,1.66658631636414,NA
"594","NSW1200511",1.42123611497138,0.139693305406984,0,"594","2","105",0.0864429095499207,0.0841880372774993,0.226136214956905,1.64737232992828,NA
"595","NSW1212790",1.42123611497138,-0.165306979051964,0,"595","2","106",0.00353588914699902,0.0909222322756686,-0.161771089904965,1.25946502506642,NA
"596","NSW1200361",1.42123611497138,0.0876647837758091,0,"596","2","107",0.0531988063447296,0.149061968446476,0.140863590120539,1.56209970509192,NA
"597","NSW1200514",1.42123611497138,0.404786766474462,0,"597","2","108",0.702823263483631,0.09464577205872,1.10761002995809,2.52884614492947,NA
"598","NSW1200774",1.42123611497138,0.249668181320209,0,"598","2","109",0.195432679032764,0.0647675437133346,0.445100860352972,1.86633697532435,NA
"599","NSW1212985",1.42123611497138,-0.238371064135749,0,"599","2","110",-0.280439752024034,0.121826421509856,-0.518810816159783,0.902425298811598,NA
"600","NSW1201411",1.42123611497138,0.371279521948696,0,"600","2","111",-0.0715093046963104,0.10788239880329,0.299770217252385,1.72100633222377,NA
"601","NSW1200352",1.42123611497138,-0.281288817705304,0,"601","2","112",0.246891517455157,0.125747712935436,-0.0343973002501466,1.38683881472123,NA
"602","NSW1211570",1.42123611497138,0.196084472229038,0,"602","2","113",-0.640793782813393,0.115437727508112,-0.444709310584355,0.976526804387025,NA
"603","NSW1200549",1.42123611497138,0.419466938351241,0,"603","2","114",-0.148090347347494,0.0961490921972535,0.271376591003746,1.69261270597513,NA
"604","NSW1200384",1.42123611497138,0.190250878101714,0,"604","2","115",-0.0705782132007706,0.0886540703892728,0.119672664900943,1.54090877987232,NA
"605","NSW1211577",1.42123611497138,0.0788437914837654,0,"605","2","116",0.247694110459116,0.137038501090909,0.326537901942881,1.74777401691426,NA
"606","NSW1200347",1.42123611497138,-0.218109869169949,0,"606","2","117",-0.313418159866674,0.123370358649547,-0.531528029036622,0.889708085934758,NA
"607","NSW1200829",1.42123611497138,0.363442432119444,0,"607","2","118",-0.0702787563336164,0.130288002390309,0.293163675785828,1.71439979075721,NA
"608","NSW1200657",1.42123611497138,-0.218004213825156,0,"608","2","119",-0.361946116517497,0.144054664609536,-0.579950330342653,0.841285784628727,NA
"609","NSW1212977",1.42123611497138,-0.145089702029053,0,"609","2","120",-0.989510897613721,0.135543997153425,-1.13460059964277,0.286635515328606,NA
"610","NSW1201414",1.42123611497138,0.41059061159414,0,"610","2","121",-0.281428123334329,0.122792574454159,0.129162488259811,1.55039860323119,NA
"611","NSW1200509",1.42123611497138,0.359920137720049,0,"611","2","122",-0.17064681869055,0.159139468846135,0.1892733190295,1.61050943400088,NA
"612","NSW1200521",1.42123611497138,0.175529206458412,0,"612","2","123",-0.30681380150637,0.107272664987331,-0.131284595047957,1.28995151992342,NA
"613","NSW1201631",1.42123611497138,0.422129459742176,0,"613","2","124",-0.514501291257972,0.121272933892126,-0.0923718315157958,1.32886428345558,NA
"614","NSW1212856",1.42123611497138,-0.163750705472446,0,"614","2","125",-0.0807544809459302,0.101052424709889,-0.244505186418376,1.176730928553,NA
"615","NSW1200647",1.42123611497138,0.243806235375104,0,"615","2","126",-0.00843510584784523,0.100066755863014,0.235371129527259,1.65660724449864,NA
"616","NSW1201396",1.42123611497138,0.191323006283104,0,"616","2","127",0.0568338842884831,0.0879889857227512,0.248156890571587,1.66939300554297,NA
"617","NSW1200554",1.42123611497138,0.407638122771458,0,"617","2","128",0.267893623145099,0.060953305249539,0.675531745916557,2.09676786088794,NA
"618","NSW1200544",1.42123611497138,0.357382915626061,0,"618","2","129",-0.569968112270671,0.119783142237216,-0.21258519664461,1.20865091832677,NA
"619","NSW1200429",1.42123611497138,-0.382984198003107,0,"619","2","130",-0.00787034525774601,0.4687706149743,-0.390854543260853,1.03038157171053,NA
"620","NSW1190190",1.42123611497138,-0.180432518674971,0,"620","2","131",-0.55363944183379,0.126758237000198,-0.734071960508761,0.687164154462619,NA
"621","NSW1200428",1.42123611497138,-0.114294911813705,0,"621","2","132",-0.681375817986782,0.100933458383907,-0.795670729800487,0.625565385170894,NA
"622","NSW1190183",1.42123611497138,-0.185356816189996,0,"622","2","133",-0.180844804988847,0.124770223157547,-0.366201621178843,1.05503449379254,NA
"623","NSW1201400",1.42123611497138,0.411172543927477,0,"623","2","134",-0.564703926038727,0.0925985179168999,-0.15353138211125,1.26770473286013,NA
"624","NSW1166447",1.42123611497138,-0.146053037621421,0,"624","2","135",-0.366162491790834,0.114761191633866,-0.512215529412255,0.909020585559125,NA
"625","NSW1190182",1.42123611497138,-0.188527211429179,0,"625","2","136",-0.123255613652824,0.140070422014509,-0.311782825082003,1.10945328988938,NA
"626","NSW1200666",1.42123611497138,-0.187012784367218,0,"626","2","137",-0.249316363790489,0.128575524806494,-0.436329148157707,0.984906966813673,NA
"627","NSW1190168",1.42123611497138,0.344258964701048,0,"627","2","138",-0.275131483306818,0.0849402686254591,0.0691274813942298,1.49036359636561,NA
"628","NSW1201641",1.42123611497138,0.418630445512792,0,"628","2","139",-0.458879758760845,0.12446977206836,-0.0402493132480529,1.38098680172333,NA
"629","NSW1194450",1.42123611497138,0.182823220314125,0,"629","2","140",0.403997443402626,0.0789404174606644,0.586820663716751,2.00805677868813,NA
"630","NSW1211020",1.42123611497138,-0.180814111800161,0,"630","2","141",0.42999817465626,0.141607762455466,0.2491840628561,1.67042017782748,NA
"631","NSW1200545",1.42123611497138,0.142290909178771,0,"631","2","142",0.469899854460058,0.0908149992632163,0.612190763638829,2.03342687861021,NA
"632","NSW1200373",1.42123611497138,0.287567896284755,0,"632","2","143",-0.304871691443227,0.0946526521020708,-0.0173037951584724,1.40393231981291,NA
"633","NSW1211526",1.42123611497138,0.33765319764172,0,"633","2","144",0.0414531615639641,0.103234694334662,0.379106359205684,1.80034247417706,NA
"634","NSW1212995",1.42123611497138,-0.100394226667509,0,"634","2","145",0.79796854265362,0.125805509748345,0.69757431598611,2.11881043095749,NA
"635","NSW1212990",1.42123611497138,-0.224712897126919,0,"635","2","146",-0.0460863673943155,0.102658574525089,-0.270799264521235,1.15043685045015,NA
"636","NSW1190212",1.42123611497138,0.330905931561359,0,"636","2","147",0.493050254348339,0.137945323191535,0.823956185909697,2.24519230088108,NA
"637","NSW1200895",1.42123611497138,0.364234698119704,0,"637","2","148",0.193787108774807,0.0890346995700417,0.558021806894511,1.97925792186589,NA
"638","NSW1211539",1.42123611497138,-0.0181345828988184,0,"638","2","149",-0.144548632207843,0.106428235676862,-0.162683215106661,1.25855289986472,NA
"639","NSW1200817",1.42123611497138,0.0784505083743801,0,"639","2","150",-0.196043400036166,0.113232455576931,-0.117592891661786,1.30364322330959,NA
"640","NSW1200388",1.42123611497138,0.321099571868619,0,"640","2","151",0.217872771600402,0.129234237222039,0.538972343469021,1.9602084584404,NA
"641","NSW1200807",1.42123611497138,0.133310458764255,0,"641","2","152",1.00281301679724,0.118800442286405,1.1361234755615,2.55735959053288,NA
"642","NSW1200420",1.42123611497138,-0.192834525170006,0,"642","2","153",-0.63275951407614,0.131445072372756,-0.825594039246146,0.595642075725235,NA
"643","NSW1213005",1.42123611497138,-0.23199104146868,0,"643","2","154",-0.0951229291182968,0.188269552497832,-0.327113970586976,1.0941221443844,NA
"644","NSW1211533",1.42123611497138,-0.0472348820000668,0,"644","2","155",-0.221226794029833,0.0944113762106703,-0.2684616760299,1.15277443894148,NA
"645","NSW1212991",1.42123611497138,-0.113427944881768,0,"645","2","156",0.246045073842886,0.10340446964855,0.132617128961118,1.5538532439325,NA
"646","NSW1201650",1.42123611497138,0.441211076355069,0,"646","2","157",0.0666116550306762,0.143621994044126,0.507822731385746,1.92905884635713,NA
"647","NSW1213020",1.42123611497138,-0.171038869532976,0,"647","2","158",0.244589453143231,0.190600715689516,0.0735505836102548,1.49478669858163,NA
"648","NSW1190163",1.42123611497138,0.300367888410731,0,"648","2","159",-0.209206846870454,0.101555162383882,0.0911610415402771,1.51239715651166,NA
"649","NSW1200466",1.42123611497138,0.228087073017844,0,"649","2","160",-0.0707965653331124,0.145329796085243,0.157290507684731,1.57852662265611,NA
"650","NSW1200623",1.42123611497138,0.217971331719124,0,"650","2","161",-0.245982036256958,0.126683845958457,-0.0280107045378335,1.39322541043355,NA
"651","NSW1211511",1.42123611497138,0.126902115138829,0,"651","2","162",-0.0933812617813315,0.0620243292758016,0.0335208533574976,1.45475696832888,NA
"652","NSW1200371",1.42123611497138,0.277048612967297,0,"652","2","163",-0.18771403894615,0.078065593311982,0.0893345740211475,1.51057068899253,NA
"653","NSW1211592",1.42123611497138,0.296880278261194,0,"653","2","164",-0.666199864354287,0.0997752003075521,-0.369319586093092,1.05191652887829,NA
"654","NSW1212785",1.42123611497138,-0.211383311645407,0,"654","2","165",0.0555252473374712,0.0879976145459268,-0.155858064307936,1.26537805066344,NA
"655","NSW1201616",1.42123611497138,0.41846516337627,0,"655","2","166",-0.374885670874871,0.120681251171869,0.0435794925013986,1.46481560747278,NA
"656","NSW1212959",1.42123611497138,-0.208555336747512,0,"656","2","167",0.387815245268489,0.136110603155634,0.179259908520977,1.60049602349236,NA
"657","NSW1213034",1.42123611497138,-0.286181955564012,0,"657","2","168",-0.623654745507705,0.0723562291478326,-0.909836701071717,0.511399413899663,NA
"658","NSW1211561",1.42123611497138,0.350791147786747,0,"658","2","169",0.0633490202788444,0.106271200455595,0.414140168065592,1.83537628303697,NA
"659","NSW1211542",1.42123611497138,0.0813824664598801,0,"659","2","170",0.312795083251569,0.0947208379234581,0.394177549711449,1.81541366468283,NA
"660","NSW1200803",1.42123611497138,0.418341396657531,0,"660","2","171",0.209878028886445,0.100401337811649,0.628219425543976,2.04945554051536,NA
"661","NSW1211578",1.42123611497138,0.15611739868063,0,"661","2","172",0.0260516094900802,0.0758677898783309,0.18216900817071,1.60340512314209,NA
"662","NSW1190217",1.42123611497138,0.223520004408144,0,"662","2","173",-0.204221014845569,0.135159493192963,0.0192989895625749,1.44053510453396,NA
"663","NSW1211562",1.42123611497138,0.326853920906251,0,"663","2","174",0.330654504249994,0.063366972939821,0.657508425156245,2.07874454012763,NA
"664","NSW1200672",1.42123611497138,-0.146269502803862,0,"664","2","175",-0.0657371731415396,0.116670811436261,-0.212006675945402,1.20922943902598,NA
"665","NSW1201375",1.42123611497138,0.42943619647865,0,"665","2","176",-0.528515654226178,0.120112826563784,-0.0990794577475278,1.32215665722385,NA
"666","NSW1212972",1.42123611497138,-0.237446407617151,0,"666","2","177",-0.0740471067318165,0.251965617383522,-0.311493514348968,1.10974260062241,NA
"667","NSW1212982",1.42123611497138,-0.141695167300851,0,"667","2","178",-0.0500510362614646,0.14982723976835,-0.191746203562316,1.22948991140906,NA
"668","NSW1166596",1.42123611497138,-0.244913665196858,0,"668","2","179",-0.391868444710056,0.128544361255972,-0.636782109906914,0.784454005064466,NA
"669","NSW1190191",1.42123611497138,-0.110018113119521,0,"669","2","180",0.168065795508568,0.170906836695475,0.0580476823890475,1.47928379736043,NA
"670","NSW1200360",1.42123611497138,-0.188173737151203,0,"670","2","181",0.156787663109168,0.109505909657669,-0.0313860740420345,1.38985004092935,NA
"671","NSW1200363",1.42123611497138,0.364299889606859,0,"671","2","182",-0.145979508188735,0.121427346757483,0.218320381418124,1.6395564963895,NA
"672","NSW1212979",1.42123611497138,-0.249115403057648,0,"672","2","183",-0.199274589608548,0.124960357283375,-0.448389992666196,0.972846122305185,NA
"673","NSW1190208",1.42123611497138,0.00708863609112288,0,"673","2","184",-0.263484763535263,0.135347704543297,-0.256396127444141,1.16483998752724,NA
"674","NSW1200358",1.42123611497138,0.215112762864805,0,"674","2","185",0.138486365892272,0.0450088010935764,0.353599128757077,1.77483524372846,NA
"675","NSW1190192",1.42123611497138,-0.208971684782978,0,"675","2","186",0.182809191719916,0.112704211815302,-0.0261624930630618,1.39507362190832,NA
"676","NSW1211584",1.42123611497138,0.112416356212739,0,"676","2","187",0.733846230731999,0.0861240703513155,0.846262586944738,2.26749870191612,NA
"677","NSW1200622",1.42123611497138,-0.0222725216758405,0,"677","2","188",0.176473008022137,0.152865470396858,0.154200486346297,1.57543660131768,NA
"678","NSW1211430",1.42123611497138,0.346304395628226,0,"678","2","189",-0.0455311254436073,0.088645041097007,0.300773270184619,1.722009385156,NA
"679","NSW1200777",1.42123611497138,0.12152400903748,0,"679","2","190",0.87614965814473,0.0853880751331457,0.99767366718221,2.41890978215359,NA
"680","NSW1211426",1.42123611497138,0.20959391375138,0,"680","2","191",-0.423872598068378,0.0945908910371344,-0.214278684316998,1.20695743065438,NA
"681","NSW1211450",1.42123611497138,0.352185389192263,0,"681","2","192",-0.332609322114548,0.107855089911572,0.019576067077715,1.4408121820491,NA
"682","NSW1201381",1.42123611497138,0.316375900278959,0,"682","2","193",-0.206545196139371,0.106212545866189,0.109830704139587,1.53106681911097,NA
"683","NSW1211527",1.42123611497138,0.115712626586662,0,"683","2","194",-0.071564131578538,0.0879221441990651,0.0441484950081244,1.4653846099795,NA
"684","NSW1194457",1.42123611497138,0.316262857461801,0,"684","2","195",0.798065996624394,0.0937674886735067,1.1143288540862,2.53556496905758,NA
"685","NSW1213006",1.42123611497138,-0.231269445217048,0,"685","2","196",0.664988379960051,0.101143112875584,0.433718934743002,1.85495504971438,NA
"686","NSW1190187",1.42123611497138,-0.164990621991409,0,"686","2","197",0.0354174549978873,0.127790969399525,-0.129573166993522,1.29166294797786,NA
"687","NSW1213010",1.42123611497138,-0.16879232415704,0,"687","2","198",0.0602182198720479,0.1274139381359,-0.108574104284992,1.31266201068639,NA
"688","NSW1201425",1.42123611497138,0.319066819911325,0,"688","2","199",-0.127451826675762,0.100312883500596,0.191614993235563,1.61285110820694,NA
"689","NSW1200504",1.42123611497138,0.410303600055958,0,"689","2","200",0.0812434167481035,0.0913335548152707,0.491547016804062,1.91278313177544,NA
"690","NSW1200920",1.42123611497138,0.260765668389099,0,"690","2","201",0.534477661536754,0.137887988520799,0.795243329925854,2.21647944489723,NA
"691","NSW1200341",1.42123611497138,-0.160148150776161,0,"691","2","202",-0.0309680668147606,0.1409256804488,-0.191116217590922,1.23011989738046,NA
"692","NSW1200337",1.42123611497138,-0.260978547534599,0,"692","2","203",0.117715830166496,0.138510911098622,-0.143262717368104,1.27797339760328,NA
"693","NSW1212988",1.42123611497138,-0.138803156474691,0,"693","2","204",-0.301011137402918,0.128171972749425,-0.439814293877609,0.981421821093771,NA
"694","NSW1201430",1.42123611497138,0.422891579394047,0,"694","2","205",0.37246313893598,0.107247322317145,0.795354718330027,2.21659083330141,NA
"695","NSW1200824",1.42123611497138,0.347486417419038,0,"695","2","206",0.402495355309662,0.108980771601344,0.7499817727287,2.17121788770008,NA
"696","NSW1212969",1.42123611497138,-0.162383339501687,0,"696","2","207",0.204179464654022,0.109587346165906,0.0417961251523342,1.46303224012371,NA
"697","NSW1190200",1.42123611497138,0.3531847494149,0,"697","2","208",0.244071750204979,0.11286306750921,0.597256499619879,2.01849261459126,NA
"698","NSW1210993",1.42123611497138,-0.190327775383082,0,"698","2","209",0.154910041712356,0.12807254627134,-0.0354177336707259,1.38581838130065,NA
"699","NSW1211586",1.42123611497138,0.300732547668842,0,"699","2","210",-0.389164996732318,0.138171543179636,-0.0884324490634761,1.3328036659079,NA
"700","NSW1201409",1.42123611497138,0.292764995582674,0,"700","2","211",0.16618059944297,0.122865883995272,0.458945595025645,1.88018170999703,NA
"701","NSW1200853",1.42123611497138,0.285614826852573,0,"701","2","212",-0.729121943991909,0.0962237745443047,-0.443507117139336,0.977728997832044,NA
"702","NSW1212960",1.42123611497138,-0.166447727610464,0,"702","2","213",0.0285545241226087,0.129134805815013,-0.137893203487855,1.28334291148353,NA
"703","NSW1200607",1.42123611497138,-0.0640380958342924,0,"703","2","214",-0.0376027621493572,0.175546715788275,-0.10164085798365,1.31959525698773,NA
"704","NSW1212957",1.42123611497138,-0.0991572201236042,0,"704","2","215",0.0485740097054068,0.0992171769530931,-0.0505832104181974,1.37065290455318,NA
"705","NSW1212983",1.42123611497138,-0.011365767192458,0,"705","2","216",0.103495379712657,0.131575778763927,0.0921296125201986,1.51336572749158,NA
"706","NSW1166654",1.42123611497138,-0.10193322001477,0,"706","2","217",0.367755022517127,0.11647423823233,0.265821802502357,1.68705791747374,NA
"707","NSW1212993",1.42123611497138,-0.083762565297253,0,"707","2","218",-0.139977689678154,0.10753224716612,-0.223740254975407,1.19749585999597,NA
"708","NSW1200374",1.42123611497138,-0.283520417584266,0,"708","2","219",0.592652732131021,0.130522700371271,0.309132314546755,1.73036842951814,NA
"709","NSW1200617",1.42123611497138,-0.0218436338477357,0,"709","2","220",0.00165888745564592,0.0739842022702652,-0.0201847463920898,1.40105136857929,NA
"710","NSW1212962",1.42123611497138,-0.142213781398932,0,"710","2","221",0.231355629029336,0.12762665436867,0.0891418476304049,1.51037796260179,NA
"711","NSW1213029",1.42123611497138,-0.206590322916209,0,"711","2","222",-0.0519354568030552,0.101500809520153,-0.258525779719264,1.16271033525212,NA
"712","NSW1200393",1.42123611497138,0.303172101247793,0,"712","2","223",0.0980532935611999,0.104654685227697,0.401225394808993,1.82246150978037,NA
"713","NSW1211566",1.42123611497138,0.338232650786828,0,"713","2","224",0.123631269103739,0.0857570002261446,0.461863919890567,1.88310003486195,NA
"714","NSW1200523",1.42123611497138,0.421589839090953,0,"714","2","225",-0.421025349548959,0.1562388944495,0.000564489541993507,1.42180060451337,NA
"715","NSW1201356",1.42123611497138,0.336177447587136,0,"715","2","226",0.448275123835975,0.13460238921402,0.784452571423111,2.20568868639449,NA
"716","NSW1200534",1.42123611497138,0.331261985547218,0,"716","2","227",0.103483612866558,0.114820328958233,0.434745598413776,1.85598171338516,NA
"717","NSW1200772",1.42123611497138,0.164575172450612,0,"717","2","228",0.288565603826511,0.0848028297070403,0.453140776277123,1.8743768912485,NA
"718","NSW1200792",1.42123611497138,0.144899106300641,0,"718","2","229",0.061455977454409,0.104489057234929,0.206355083755049,1.62759119872643,NA
"719","NSW1200516",1.42123611497138,0.151651500971063,0,"719","2","230",0.108041471093018,0.0759722554056115,0.259692972064081,1.68092908703546,NA
"720","NSW1212967",1.42123611497138,-0.174216428690178,0,"720","2","231",0.0296635650776409,0.109567153248878,-0.144552863612537,1.27668325135884,NA
"721","NSW1213036",1.42123611497138,-0.146673033875151,0,"721","2","232",-0.143122057117428,0.137774868667304,-0.289795090992579,1.1314410239788,NA
"722","NSW1200610",1.42123611497138,0.341027770502837,0,"722","2","233",-0.106475904981717,0.0848281676800056,0.23455186552112,1.6557879804925,NA
"723","NSW1200812",1.42123611497138,0.125407958576144,0,"723","2","234",0.227684299331937,0.0972601888438213,0.353092257908081,1.77432837287946,NA
"724","NSW1166601",1.42123611497138,-0.235623362199234,0,"724","2","235",-0.100927676871715,0.102004956018962,-0.336551039070949,1.08468507590043,NA
"725","NSW1190184",1.42123611497138,-0.150932238167225,0,"725","2","236",0.0648047849087881,0.106052144473935,-0.0861274532584365,1.33510866171294,NA
"726","NSW1200597",1.42123611497138,-0.0274331808221336,0,"726","2","237",-0.194697132668252,0.0984557490527086,-0.222130313490386,1.19910580148099,NA
"727","NSW1200616",1.42123611497138,0.0825225673192388,0,"727","2","238",0.00442629177668612,0.0978843012438548,0.0869488590959249,1.50818497406731,NA
"728","NSW1201404",1.42123611497138,0.299891365907849,0,"728","2","239",0.262251166205137,0.135720397582592,0.562142532112986,1.98337864708437,NA
"729","NSW1200592",1.42123611497138,-0.102480550823173,0,"729","2","240",-0.279040323371722,0.107000491814738,-0.381520874194895,1.03971524077649,NA
"730","NSW1190203",1.42123611497138,0.267460313220477,0,"730","2","241",-0.138426046658593,0.110378379107733,0.129034266561884,1.55027038153326,NA
"731","NSW1211536",1.42123611497138,0.185121252029209,0,"731","2","242",0.485520236123366,0.120326708943892,0.670641488152575,2.09187760312396,NA
"732","NSW1200424",1.42123611497138,-0.200777697106238,0,"732","2","243",-0.327008665897754,0.179609572993109,-0.527786363003992,0.893449751967388,NA
"733","NSW1212846",1.42123611497138,-0.117522812894089,0,"733","2","244",-0.23971260536405,0.119684260619404,-0.357235418258139,1.06400069671324,NA
"734","NSW1200804",1.42123611497138,0.47314562047827,0,"734","2","245",0.333252880188126,0.129812643355993,0.806398500666396,2.22763461563778,NA
"735","NSW1210995",1.42123611497138,-0.168890769228069,0,"735","2","246",0.0162599192363617,0.117924240771101,-0.152630849991707,1.26860526497967,NA
"736","NSW1212968",1.42123611497138,-0.268467323949301,0,"736","2","247",-0.15643771956679,0.134456860052418,-0.42490504351609,0.99633107145529,NA
"737","NSW1200591",1.42123611497138,-0.0272620582461095,0,"737","2","248",0.136033363228624,0.122271700603646,0.108771304982514,1.53000741995389,NA
"738","NSW1213000",1.42123611497138,-0.136189622604501,0,"738","2","249",0.0179741992156622,0.106060286694252,-0.118215423388839,1.30302069158254,NA
"739","NSW1200797",1.42123611497138,0.0676427650141337,0,"739","2","250",0.551628045779081,0.0845399306168144,0.619270810793215,2.0405069257646,NA
"740","NSW1212964",1.42123611497138,-0.156159037564896,0,"740","2","251",0.25195189594161,0.105723867110102,0.095792858376714,1.51702897334809,NA
"741","NSW1200338",1.42123611497138,0.296947856086996,0,"741","2","252",0.192953912351534,0.0961407735289791,0.489901768438531,1.91113788340991,NA
"742","NSW1213003",1.42123611497138,-0.0896193987758515,0,"742","2","253",0.157214465973286,0.1382849620777,0.0675950671974343,1.48883118216881,NA
"743","NSW1190162",1.42123611497138,0.141994705556427,0,"743","2","254",-0.0923817248462008,0.11509050248687,0.0496129807102265,1.47084909568161,NA
"744","NSW1200769",1.42123611497138,0.382474139289595,0,"744","2","255",-0.595732263248653,0.0895430464002843,-0.213258123959058,1.20797799101232,NA
"745","NSW1200403",1.42123611497138,0.333945585817667,0,"745","2","256",-0.0374016155872127,0.101386498255804,0.296543970230455,1.71778008520184,NA
"746","NSW1200355",1.42123611497138,-0.423332697686399,0,"746","2","257",0.0268569750463702,0.502471294623184,-0.396475722640029,1.02476039233135,NA
"747","NSW1212965",1.42123611497138,-0.212543685244449,0,"747","2","258",0.154697335839448,0.133445117857929,-0.0578463494050011,1.36338976556638,NA
"748","NSW1200369",1.42123611497138,-0.195406429717581,0,"748","2","259",-0.11108408328917,0.132205569855768,-0.306490513006751,1.11474560196463,NA
"749","NSW1211589",1.42123611497138,-0.205381668072805,0,"749","2","260",0.316323419551366,0.360765653944575,0.110941751478562,1.53217786644994,NA
"750","NSW1200611",1.42123611497138,0.0231402521833383,0,"750","2","261",-0.0625615600742989,0.160831952160875,-0.0394213078909606,1.38181480708042,NA
"751","NSW1211538",1.42123611497138,0.00369732021759146,0,"751","2","262",-0.0324912721990754,0.0791483289909206,-0.028793951981484,1.3924421629899,NA
"752","NSW1190172",1.42123611497138,0.417313042996786,0,"752","2","263",0.406835389973709,0.0791587286621382,0.824148432970495,2.24538454794188,NA
"753","NSW1211437",1.42123611497138,0.367091532050467,0,"753","2","264",-0.0511289395339705,0.121474151741273,0.315962592516496,1.73719870748788,NA
"754","NSW1200656",1.42123611497138,-0.0837335084556079,0,"754","2","265",0.054408939241603,0.101499135100989,-0.0293245692140048,1.39191154575738,NA
"755","NSW1200823",1.42123611497138,0.354727222019055,0,"755","2","266",-0.113706886757285,0.103347274599171,0.24102033526177,1.66225645023315,NA
"756","NSW1200802",1.42123611497138,0.224955075043204,0,"756","2","267",0.0375161668759366,0.0959106582873271,0.262471241919141,1.68370735689052,NA
"757","NSW1211575",1.42123611497138,-0.188597181033181,0,"757","2","268",-0.363984075448011,0.0989232378808416,-0.552581256481192,0.868654858490188,NA
"758","NSW1200430",1.42123611497138,-0.181747114874357,0,"758","2","269",0.062665120793384,0.114969098312898,-0.119081994080973,1.30215412089041,NA
"759","NSW1200378",1.42123611497138,0.324928532621555,0,"759","2","270",0.394285227168949,0.0793013926970565,0.719213759790504,2.14044987476188,NA
"760","NSW1200840",1.42123611497138,0.421694253945027,0,"760","2","271",-0.489423583623149,0.117823635870467,-0.0677293296781215,1.35350678529326,NA
"761","NSW1201366",1.42123611497138,0.177565831852134,0,"761","2","272",0.367109662888083,0.107855907882122,0.544675494740218,1.9659116097116,NA
"762","NSW1211569",1.42123611497138,0.282328131659849,0,"762","2","273",-0.573997800291259,0.0906855100637026,-0.29166966863141,1.12956644633997,NA
"763","NSW1210940",1.42123611497138,-0.0957427175504563,0,"763","2","274",-0.154389206559937,0.131511434144171,-0.250131924110393,1.17110419086099,NA
"764","NSW1200838",1.42123611497138,-0.230486057455968,0,"764","2","275",-0.712853335245848,0.109455939024241,-0.943339392701817,0.477896722269563,NA
"765","NSW1200419",1.42123611497138,-0.248080587828369,0,"765","2","276",0.405878721360891,0.174520577158718,0.157798133532522,1.5790342485039,NA
"766","NSW1200909",1.42123611497138,0.321050321169607,0,"766","2","277",0.19412738678835,0.132061990821359,0.515177707957957,1.93641382292934,NA
"767","NSW1211572",1.42123611497138,0.263610987283084,0,"767","2","278",0.0777316497855918,0.135028083846527,0.341342637068676,1.76257875204006,NA
"768","NSW1201401",1.42123611497138,0.293758897078948,0,"768","2","279",0.57206567109871,0.136377800272293,0.865824568177658,2.28706068314904,NA
"769","NSW1200893",1.42123611497138,0.0836321629374066,0,"769","2","280",-0.361329957331738,0.106099753192778,-0.277697794394332,1.14353832057705,NA
"770","NSW1200879",1.42123611497138,0.0439571373626496,0,"770","2","281",0.265878632235131,0.109272414661799,0.309835769597781,1.73107188456916,NA
"771","NSW1200596",1.42123611497138,-0.0954366115075961,0,"771","2","282",-0.114125258307443,0.254630426488477,-0.209561869815039,1.21167424515634,NA
"772","NSW1213023",1.42123611497138,-0.0790647466333282,0,"772","2","283",0.0599551786960271,0.099360873061884,-0.0191095679373011,1.40212654703408,NA
"773","NSW1211510",1.42123611497138,-0.120654079598439,0,"773","2","284",-0.15658642047184,0.138542793758312,-0.277240500070279,1.1439956149011,NA
"774","NSW1200342",1.42123611497138,-0.140999355354691,0,"774","2","285",-0.401177320083209,0.0959431443848461,-0.5421766754379,0.879059439533481,NA
"775","NSW1200540",1.42123611497138,0.112197741854182,0,"775","2","286",-0.165165505019018,0.0883765582238138,-0.0529677631648363,1.36826835180654,NA
"776","NSW1211585",1.42123611497138,-0.194109829620484,0,"776","2","287",-0.456201508457258,0.105059409322933,-0.650311338077742,0.770924776893638,NA
"777","NSW1212958",1.42123611497138,-0.211163177468524,0,"777","2","288",-0.0944029235232574,0.124078439706059,-0.305566100991781,1.1156700139796,NA
"778","NSW1201627",1.42123611497138,0.460101465071622,0,"778","2","289",0.0627671189213482,0.134938326226333,0.52286858399297,1.94410469896435,NA
"779","NSW1210988",1.42123611497138,-0.111167347607528,0,"779","2","290",0.150995855953307,0.143312372386761,0.039828508345779,1.46106462331716,NA
"780","NSW1200915",1.42123611497138,0.341928043088086,0,"780","2","291",0.333144497893665,0.11012483859335,0.675072540981751,2.09630865595313,NA
"781","NSW1200398",1.42123611497138,0.273022049558152,0,"781","2","292",-0.21464234546952,0.103145642736514,0.0583797040886322,1.47961581906001,NA
"782","NSW1212963",1.42123611497138,-0.27545421844743,0,"782","2","293",0.233519093543159,0.123809178756814,-0.0419351249042708,1.37930099006711,NA
"783","NSW1200519",1.42123611497138,0.362976032363814,0,"783","2","294",0.22660552366645,0.0982883474459252,0.589581556030264,2.01081767100164,NA
"784","NSW1211436",1.42123611497138,0.371018139987363,0,"784","2","295",-0.32058306547532,0.107809740124058,0.0504350745120429,1.47167118948342,NA
"785","NSW1212984",1.42123611497138,-0.188023777724301,0,"785","2","296",-0.303746953188167,0.110899213232093,-0.491770730912468,0.929465384058912,NA
"786","NSW1211431",1.42123611497138,0.272038071289638,0,"786","2","297",-0.0697629683815836,0.138966827106324,0.202275102908054,1.62351121787943,NA
"787","NSW1211557",1.42123611497138,0.202079804795493,0,"787","2","298",0.311941315706476,0.0886536433615959,0.514021120501969,1.93525723547335,NA
"788","NSW1190166",1.42123611497138,0.339599755663158,0,"788","2","299",-0.0373725103503945,0.142916408861338,0.302227245312764,1.72346336028414,NA
"789","NSW1200368",1.42123611497138,0.251034587090179,0,"789","2","300",-0.0239648056763655,0.147989732604253,0.227069781413813,1.64830589638519,NA
"790","NSW1200809",1.42123611497138,0.451746083349627,0,"790","2","301",0.0911230520741035,0.134616168392474,0.54286913542373,1.96410525039511,NA
"791","NSW1213024",1.42123611497138,-0.160976170578524,0,"791","2","302",0.471938564940958,0.103915356408321,0.310962394362434,1.73219850933381,NA
"792","NSW1190169",1.42123611497138,0.353218236316981,0,"792","2","303",0.000302392364127848,0.0798176283771331,0.353520628681109,1.77475674365249,NA
"793","NSW1200348",1.42123611497138,0.30422605104839,0,"793","2","304",0.00158668050424993,0.10190331587215,0.305812731552639,1.72704884652402,NA
"794","NSW1200383",1.42123611497138,0.333530160529025,0,"794","2","305",-0.0608201199186159,0.0747960584036602,0.272710040610409,1.69394615558179,NA
"795","NSW1212986",1.42123611497138,-0.169143384369384,0,"795","2","306",-0.0712779362166965,0.095586697645528,-0.240421320586081,1.1808147943853,NA
"796","NSW1200602",1.42123611497138,0.0753570049295188,0,"796","2","307",0.0657832108145845,0.0902314793866565,0.141140215744103,1.56237633071548,NA
"797","NSW1211535",1.42123611497138,0.0903916697090989,0,"797","2","308",-0.236034234785615,0.12495307096596,-0.145642565076516,1.27559354989486,NA
"798","NSW1212953",1.42123611497138,-0.20062833659698,0,"798","2","309",-0.329141470863716,0.130974135142461,-0.529769807460696,0.891466307510684,NA
"799","NSW1200794",1.42123611497138,0.395196796325685,0,"799","2","310",-0.65194958882844,0.115021674009846,-0.256752792502756,1.16448332246862,NA
"800","NSW1201361",1.42123611497138,0.342834581419054,0,"800","2","311",-0.121377702085675,0.111288138770369,0.22145687933338,1.64269299430476,NA
"801","NSW1211537",1.42123611497138,-0.0467208897784835,0,"801","2","312",-0.213087757618807,0.150224929254338,-0.259808647397291,1.16142746757409,NA
"802","NSW1200601",1.42123611497138,-0.039085835212565,0,"802","2","313",0.56537141766767,0.125330710775025,0.526285582455105,1.94752169742649,NA
"803","NSW1200538",1.42123611497138,0.449412253327065,0,"803","2","314",0.366539914795998,0.118478513597017,0.815952168123063,2.23718828309444,NA
"804","NSW1212996",1.42123611497138,-0.192684885426516,0,"804","2","315",-0.400440157603318,0.10884685951485,-0.593125043029833,0.828111071941547,NA
"805","NSW1211574",1.42123611497138,0.162076609824605,0,"805","2","316",-0.204060973058696,0.0887057176436904,-0.0419843632340907,1.37925175173729,NA
"806","NSW1200606",1.42123611497138,0.00988683328593887,0,"806","2","317",-0.214748014473142,0.0765445116464727,-0.204861181187203,1.21637493378418,NA
"807","NSW1200844",1.42123611497138,0.0535473341135576,0,"807","2","318",0.119116059129483,0.102689054759987,0.17266339324304,1.59389950821442,NA
"808","NSW1211432",1.42123611497138,0.326283729590182,0,"808","2","319",-0.146253979178221,0.0994248350214868,0.180029750411961,1.60126586538334,NA
"809","NSW1201386",1.42123611497138,0.457021338729753,0,"809","2","320",-0.116764744453539,0.126279879241586,0.340256594276215,1.7614927092476,NA
"810","NSW1212894",1.42123611497138,-0.166510425517059,0,"810","2","321",-0.220125015162531,0.14571137501735,-0.386635440679591,1.03460067429179,NA
"811","NSW1211573",1.42123611497138,0.0875902294972664,0,"811","2","322",-0.411473047899351,0.147967772091715,-0.323882818402084,1.0973532965693,NA
"812","NSW1211567",1.42123611497138,0.375740555200449,0,"812","2","323",0.4537692491103,0.0965800672096693,0.829509804310749,2.25074591928213,NA
"813","NSW1201385",1.42123611497138,0.300326921824257,0,"813","2","324",-0.784926997275232,0.193880712507946,-0.484600075450975,0.936636039520405,NA
"814","NSW1201357",1.42123611497138,0.351439739634505,0,"814","2","325",-0.215665325568327,0.0830974035212491,0.135774414066177,1.55701052903756,NA
"815","NSW1211435",1.42123611497138,0.226094417815135,0,"815","2","326",0.391577654234728,0.104400901573631,0.617672072049863,2.03890818702124,NA
"816","NSW1200555",1.42123611497138,0.100003802322893,0,"816","2","327",-0.0647129847490338,0.0576363978767738,0.0352908175738591,1.45652693254524,NA
"817","NSW1200399",1.42123611497138,0.0918186173982924,0,"817","2","328",-0.559955603781623,0.109968492309246,-0.46813698638333,0.95309912858805,NA
"818","NSW1200894",1.42123611497138,0.277947646045863,0,"818","2","329",-0.33295131139527,0.0991714321142736,-0.0550036653494076,1.36623244962197,NA
"819","NSW1211457",1.42123611497138,0.243295248298689,0,"819","2","330",-0.200875534790053,0.122644216906047,0.0424197135086359,1.46365582848002,NA
"820","NSW1200854",1.42123611497138,0.106640053091715,0,"820","2","331",0.433238539269903,0.123616392320746,0.539878592361618,1.961114707333,NA
"821","NSW1200888",1.42123611497138,0.114471969849054,0,"821","2","332",0.500661653566596,0.0877060418731656,0.615133623415651,2.03636973838703,NA
"822","NSW1201626",1.42123611497138,0.446162165378181,0,"822","2","333",-0.0298800343091133,0.158173302716636,0.416282131069068,1.83751824604045,NA
"823","NSW1200553",1.42123611497138,0.404865709468418,0,"823","2","334",0.0749241142696262,0.117978109599593,0.479789823738044,1.90102593870942,NA
"824","NSW1213008",1.42123611497138,-0.159931324395774,0,"824","2","335",-0.221881447562549,0.109435428107007,-0.381812771958323,1.03942334301306,NA
"825","NSW1200671",1.42123611497138,-0.121790935981085,0,"825","2","336",0.299425392175282,0.11288340422386,0.177634456194197,1.59887057116558,NA
"826","NSW1212955",1.42123611497138,-0.148110038640204,0,"826","2","337",0.445231578058279,0.135068454597379,0.297121539418074,1.71835765438945,NA
"827","NSW1212999",1.42123611497138,-0.150502583100077,0,"827","2","338",0.109291964728807,0.151751528206912,-0.0412106183712697,1.38002549660011,NA
"828","NSW1213018",1.42123611497138,-0.153271519359125,0,"828","2","339",0.410545230943402,0.203816579334106,0.257273711584276,1.67850982655566,NA
"829","NSW1212861",1.42123611497138,-0.238419660715597,0,"829","2","340",0.0351902987402672,0.13855794904616,-0.20322936197533,1.21800675299605,NA
"830","NSW1200526",1.42123611497138,0.125479150491036,0,"830","2","341",-0.267933553390977,0.0871898484875911,-0.14245440289994,1.27878171207144,NA
"831","NSW1212978",1.42123611497138,-0.127823200471108,0,"831","2","342",0.944237062316085,0.11911312896803,0.816413861844977,2.23764997681636,NA
"832","NSW1200548",1.42123611497138,0.331368508354864,0,"832","2","343",-0.648049690993666,0.115842152115219,-0.316681182638802,1.10455493233258,NA
"833","NSW1200843",1.42123611497138,0.38573189771685,0,"833","2","344",0.453874751820259,0.139862337657695,0.83960664953711,2.26084276450849,NA
"834","NSW1200898",1.42123611497138,0.0470033604399762,0,"834","2","345",0.0547685811459397,0.0791197868250202,0.101771941585916,1.5230080565573,NA
"835","NSW1213031",1.42123611497138,-0.102301066491333,0,"835","2","346",-0.132390195125216,0.0917880396130199,-0.234691261616549,1.18654485335483,NA
"836","NSW1211425",1.42123611497138,0.254727414457983,0,"836","2","347",-0.207020661405266,0.0913376945588216,0.0477067530527166,1.4689428680241,NA
"837","NSW1210966",1.42123611497138,-0.0632285586222816,0,"837","2","348",0.0518113075946151,0.144375066941348,-0.0114172510276664,1.40981886394371,NA
"838","NSW1200899",1.42123611497138,0.331510517902292,0,"838","2","349",0.140623454658286,0.12425824180646,0.472133972560579,1.89337008753196,NA
"839","NSW1212973",1.42123611497138,-0.194380269582206,0,"839","2","350",-0.0836249074145646,0.103540600436039,-0.278005176996771,1.14323093797461,NA
"840","NSW1211540",1.42123611497138,-0.000517156032829369,0,"840","2","351",0.0658005321614265,0.0521134257445744,0.0652833761285971,1.48651949109998,NA
"841","NSW1201406",1.42123611497138,0.466234291097556,0,"841","2","352",-0.810838148594867,0.106761724142381,-0.344603857497311,1.07663225747407,NA
"842","NSW1200889",1.42123611497138,0.278727272809003,0,"842","2","353",0.0422151878725941,0.106878887357012,0.320942460681597,1.74217857565298,NA
"843","NSW1200904",1.42123611497138,0.422472633174612,0,"843","2","354",-0.424524950002118,0.106098478199692,-0.00205231682750567,1.41918379814387,NA
"844","NSW1213014",1.42123611497138,-0.211186533300698,0,"844","2","355",-0.427406826273766,0.133605337994373,-0.638593359574464,0.782642755396916,NA
"845","NSW1211588",1.42123611497138,0.165049919545158,0,"845","2","356",-0.212251377280352,0.0896945717736751,-0.0472014577351931,1.37403465723619,NA
"846","NSW1213035",1.42123611497138,-0.0547269016975682,0,"846","2","357",0.474715478828776,0.113198469894546,0.419988577131208,1.84122469210259,NA
"847","NSW1200510",1.42123611497138,0.0561515246862543,0,"847","2","358",0.285491188114453,0.135064842147006,0.341642712800707,1.76287882777209,NA
"848","NSW1211532",1.42123611497138,-0.0542001597265666,0,"848","2","359",0.613666519707078,0.145759492168958,0.559466359980511,1.98070247495189,NA
"849","NSW1200924",1.42123611497138,0.422868071167879,0,"849","2","360",0.394040842776529,0.130103184049352,0.816908913944407,2.23814502891579,NA
"850","NSW1200782",1.42123611497138,0.0301574657774517,0,"850","2","361",-0.391737802107623,0.106316758608675,-0.361580336330172,1.05965577864121,NA
"851","NSW1212998",1.42123611497138,-0.276231236720263,0,"851","2","362",0.136137330158987,0.116166533460316,-0.140093906561277,1.2811422084101,NA
"852","NSW1211587",1.42123611497138,-0.0508051066435857,0,"852","2","363",0.52199610046166,0.124350386764454,0.471190993818074,1.89242710878945,NA
"853","NSW1200359",1.42123611497138,-0.226896659061879,0,"853","2","364",-0.233860190813519,0.156154003671301,-0.460756849875398,0.960479265095983,NA
"854","NSW1212989",1.42123611497138,-0.0833526102730466,0,"854","2","365",-0.0555385354322764,0.141660032080225,-0.138891145705323,1.28234496926606,NA
"855","NSW1201429",1.42123611497138,0.313457001697616,0,"855","2","366",-0.39630176923418,0.101949971468216,-0.0828447675365639,1.33839134743482,NA
"856","NSW1200918",1.42123611497138,0.0697966218932905,0,"856","2","367",-0.0917682610012806,0.118939070029241,-0.02197163910799,1.39926447586339,NA
"857","NSW1190209",1.42123611497138,0.31653518278602,0,"857","2","368",-0.073221043770969,0.142435018429673,0.243314139015051,1.66455025398643,NA
"858","NSW1200404",1.42123611497138,0.131780726270123,0,"858","2","369",0.219022928646815,0.0758177920960988,0.350803654916938,1.77203976988832,NA
"859","NSW1211509",1.42123611497138,-0.185457842956834,0,"859","2","370",-0.154430498047855,0.100152893638232,-0.339888341004689,1.08134777396669,NA
"860","NSW1200421",1.42123611497138,-0.136097913739521,0,"860","2","371",-0.37434179872433,0.12106233503694,-0.510439712463851,0.910796402507529,NA
"861","NSW1200908",1.42123611497138,0.15898726177694,0,"861","2","372",0.345091162831723,0.0593253409773014,0.504078424608664,1.92531453958004,NA
"862","NSW1213028",1.42123611497138,-0.245875992307576,0,"862","2","373",-0.674894470034763,0.117098130895085,-0.920770462342339,0.500465652629041,NA
"863","NSW1201632",1.42123611497138,0.460471330211967,0,"863","2","374",0.390835893250223,0.130100112512018,0.85130722346219,2.27254333843357,NA
"864","NSW1200461",1.42123611497138,0.127121837744109,0,"864","2","375",0.53035512611145,0.156666152304739,0.657476963855559,2.07871307882694,NA
"865","NSW1200590",1.42123611497138,-0.132635329333497,0,"865","2","376",0.326757497267401,0.113397874418527,0.194122167933904,1.61535828290528,NA
"866","NSW1212975",1.42123611497138,-0.139402566416062,0,"866","2","377",0.477713387021918,0.142649199354692,0.338310820605856,1.75954693557724,NA
"867","NSW1201621",1.42123611497138,0.435871782694094,0,"867","2","378",-0.449471280931663,0.121293285399792,-0.0135994982375688,1.40763661673381,NA
"868","NSW1210994",1.42123611497138,-0.242081690949906,0,"868","2","379",0.403698003712404,0.109364539983874,0.161616312762497,1.58285242773388,NA
"869","NSW1190186",1.42123611497138,-0.130076462863665,0,"869","2","380",-0.243202736331074,0.0992754153888308,-0.373279199194739,1.04795691577664,NA
"870","NSW1213009",1.42123611497138,-0.103065226595539,0,"870","2","381",0.445149343624978,0.12355364068673,0.342084117029439,1.76332023200082,NA
"871","NSW1213004",1.42123611497138,-0.18017504856848,0,"871","2","382",0.0917333690529956,0.15736517866334,-0.0884416795154848,1.3327944354559,NA
"872","NSW1200595",1.42123611497138,-0.145744888128984,0,"872","2","383",0.0509031252830322,0.088516396787787,-0.094841762845952,1.32639435212543,NA
"873","NSW1211590",1.42123611497138,-0.140385983119403,0,"873","2","384",0.175040833026625,0.111746746057057,0.0346548499072225,1.4558909648786,NA
"874","NSW1213026",1.42123611497138,-0.171302762826232,0,"874","2","385",0.127913185136486,0.130842029563267,-0.0433895776897467,1.37784653728163,NA
"875","NSW1200798",1.42123611497138,-0.160991340303758,0,"875","2","386",0.165655328751246,0.100499081454759,0.0046639884474878,1.42590010341887,NA
"876","NSW1190171",1.42123611497138,0.411383303670114,0,"876","2","387",-0.280515969734901,0.0940901925122054,0.130867333935213,1.55210344890659,NA
"877","NSW1211447",1.42123611497138,0.314573844246995,0,"877","2","388",0.286037755251328,0.150517227992426,0.600611599498323,2.0218477144697,NA
"878","NSW1200652",1.42123611497138,-0.109472267059408,0,"878","2","389",0.0302943326247032,0.0897491700667889,-0.0791779344347049,1.34205818053668,NA
"879","NSW1211571",1.42123611497138,0.256688810409428,0,"879","2","390",0.660859883350842,0.103368697404195,0.91754869376027,2.33878480873165,NA
"880","NSW1200612",1.42123611497138,-0.00759139301457665,0,"880","2","391",0.00745269071238139,0.0847907310976691,-0.000138702302195252,1.42109741266919,NA
"881","NSW1213019",1.42123611497138,-0.119160152090939,0,"881","2","392",0.266350807623927,0.153087324604841,0.147190655532988,1.56842677050437,NA
"882","NSW1190193",1.42123611497138,0.293336767115122,0,"882","2","393",0.505023169253552,0.107490715586086,0.798359936368674,2.21959605134005,NA
"883","NSW1200621",1.42123611497138,0.0426569356712374,0,"883","2","394",-0.227016193760782,0.128651867990083,-0.184359258089545,1.23687685688184,NA
"884","NSW1211452",1.42123611497138,-0.164682169807796,0,"884","2","395",-0.351260172660071,0.153899377999543,-0.515942342467867,0.905293772503514,NA
"885","NSW1210997",1.42123611497138,-0.0744423133604031,0,"885","2","396",0.251134015237845,0.0980086073187187,0.176691701877442,1.59792781684882,NA
"886","NSW1201424",1.42123611497138,0.298180796533965,0,"886","2","397",-0.381180910697148,0.152838365715286,-0.0830001141631835,1.3382360008082,NA
"887","NSW1213002",1.42123611497138,-0.133184563036392,0,"887","2","398",-0.438499649507855,0.111110980041305,-0.571684212544247,0.849551902427133,NA
"888","NSW1201367",1.42123611497138,0.29081398033833,0,"888","2","399",-0.201446418309435,0.103628435575378,0.0893675620288955,1.51060367700028,NA
"889","NSW1200903",1.42123611497138,0.0555755018655813,0,"889","2","400",-0.215843121750292,0.0719383539133144,-0.160267619884711,1.26096849508667,NA
"890","NSW1212974",1.42123611497138,-0.150337270978488,0,"890","2","401",0.000551594170127762,0.15206668841089,-0.14978567680836,1.27145043816302,NA
"891","NSW1211531",1.42123611497138,-0.019411885841646,0,"891","2","402",0.559831993995024,0.107765040749047,0.540420108153378,1.96165622312476,NA
"892","NSW1190170",1.42123611497138,0.431599085049556,0,"892","2","403",0.356318174919284,0.0773273502375676,0.78791725996884,2.20915337494022,NA
"893","NSW1211579",1.42123611497138,0.147813567296539,0,"893","2","404",-0.272321627659978,0.0905191567244474,-0.124508060363439,1.29672805460794,NA
"894","NSW1200913",1.42123611497138,0.163915328023046,0,"894","2","405",-0.0865837569746099,0.0957013704995638,0.0773315710484364,1.49856768601982,NA
"895","NSW1212899",1.42123611497138,-0.248915787888235,0,"895","2","406",-0.379566194856827,0.141951848812433,-0.628481982745062,0.792754132226318,NA
"896","NSW1212954",1.42123611497138,-0.093872099511805,0,"896","2","407",0.610286015366646,0.123464876962371,0.516413915854841,1.93765003082622,NA
"897","NSW1200874",1.42123611497138,0.370590606539373,0,"897","2","408",0.200275415492036,0.106845462211074,0.570866022031409,1.99210213700279,NA
"898","NSW1200367",1.42123611497138,0.333547739670923,0,"898","2","409",-0.00540956807798592,0.0745895426875677,0.328138171592938,1.74937428656432,NA
"899","NSW1211563",1.42123611497138,0.288320232908583,0,"899","2","410",-0.223410369360456,0.103773315489033,0.0649098635481273,1.48614597851951,NA
"900","NSW1200667",1.42123611497138,-0.201206813405918,0,"900","2","411",-0.241213911011104,0.101002643916178,-0.442420724417022,0.978815390554359,NA
"901","NSW1200832",1.42123611497138,0.127938002242646,0,"901","2","412",0.17788976256048,0.0857880324817046,0.305827764803126,1.72706387977451,NA
"902","NSW1211580",1.42123611497138,-0.10919696701662,0,"902","2","413",-0.248366315350382,0.0921183967045092,-0.357563282367002,1.06367283260438,NA
"903","NSW1201435",1.42123611497138,0.355360599498513,0,"903","2","414",0.0362297688785463,0.122808368578752,0.391590368377059,1.81282648334844,NA
"904","NSW1200600",1.42123611497138,-0.181396037662252,0,"904","2","415",0.478671603599668,0.12206474929311,0.297275565937415,1.7185116809088,NA
"905","NSW1212994",1.42123611497138,-0.175953277520702,0,"905","2","416",0.156518629976012,0.126903992289263,-0.0194346475446904,1.40180146742669,NA
"906","NSW1211591",1.42123611497138,0.250183765436252,0,"906","2","417",-0.0173068568387903,0.0997212606578524,0.232876908597461,1.65411302356884,NA
