"","Taxa","BLUE.N","BLUE.I","QTNs","Group","RefInf","ID","BLUP","PEV","gBreedingValue","Prediction","COI"
"1","S_1007_S311",1.42889598447071,0.169752311792227,0,"  1","1","  1",0.272787521228517,0.231164964854682,0.442539833020745,1.87143581749145,1.8612097182042
"2","S_102_S245",1.42889598447071,-0.0430149378601559,0,"  2","1","  2",0.00425046957048479,0.144830720004026,-0.0387644682896711,1.39013151618104,1.65487545982344
"3","S_1031_S380",1.42889598447071,-0.196281428767598,0,"  3","1","  3",0.205774128516341,0.152208645181192,0.00949269974874306,1.43838868421945,1
"4","S_1045_S231",1.42889598447071,-0.0201655811207801,0,"  4","1","  4",0.229708334613067,0.159953652432569,0.209542753492287,1.638438737963,0
"5","S_1052_S227",1.42889598447071,-0.0118081400203475,0,"  5","1","  5",0.198734535964055,0.122384163519525,0.186926395943707,1.61582238041442,2.11474252688113
"6","S_1054_S345",1.42889598447071,-0.0145922015864804,0,"  6","1","  6",0.402169201693769,0.129848558873628,0.387577000107288,1.816472984578,0.840896415253715
"7","S_1057_S302",1.42889598447071,-0.10210647531146,0,"  7","1","  7",0.218734944829756,0.144397947436617,0.116628469518296,1.54552445398901,0.840896415253715
"8","S_106_S223",1.42889598447071,-0.0233584778028457,0,"  8","1","  8",-0.0375592657942234,0.140502517426384,-0.060917743597069,1.36797824087364,1.8612097182042
"9","S_1082_S287",1.42889598447071,-0.147809521534129,0,"  9","1","  9",-0.204331782387463,0.168332864714451,-0.352141303921592,1.07675468054912,1.56508458007329
"10","S_108_S258",1.42889598447071,-0.0916315158883411,0," 10","1"," 10",-0.227906360309772,0.158663436630798,-0.319537876198113,1.1093581082726,1.56508458007329
"11","S_109_S351",1.42889598447071,-0.0174034181985496,0," 11","1"," 11",-0.538861660521603,0.144266623994274,-0.556265078720153,0.872630905750557,1.49534878122122
"12","S_1124_S271",1.42889598447071,-0.255321944226708,0," 12","1"," 12",-1.05630201349501,0.180581055328466,-1.31162395772172,0.117272026748989,1.18920711500272
"13","S_1127_S332",1.42889598447071,-0.077868826582481,0," 13","1"," 13",-0.580530183919198,0.135873864407604,-0.658399010501679,0.77049697396903,0
"14","S_1130_S319",1.42889598447071,0.0867118911242383,0," 14","1"," 14",-0.290928582680545,0.134999551019405,-0.204216691556307,1.2246792929144,2.65914794847249
"15","S_1132_S315",1.42889598447071,-0.199520874790116,0," 15","1"," 15",-0.158276137352367,0.153982273482079,-0.357797012142483,1.07109897232823,1.65487545982344
"16","S_1159_S297",1.42889598447071,-0.0270376181193649,0," 16","1"," 16",0.694845422338945,0.136315489500533,0.66780780421958,2.09670378869029,1.56508458007329
"17","S_1161_S254",1.42889598447071,-0.0340426013702432,0," 17","1"," 17",0.109326880251635,0.124874504274818,0.0752842788813922,1.5041802633521,1.31607401295249
"18","S_1162_S384",1.42889598447071,-0.130686581557964,0," 18","1"," 18",-0.151227142155738,0.148876963193094,-0.281913723713702,1.14698226075701,2.51486685936587
"19","S_1223_S229",1.42889598447071,-0.0639702981844542,0," 19","1"," 19",-0.00656834997780793,0.152098851493928,-0.0705386481622622,1.35835733630845,1.4142135623731
"20","S_1237_S377",1.42889598447071,-0.0467898905509986,0," 20","1"," 20",-0.512886136058306,0.135638099453025,-0.559676026609304,0.869219957861406,0
"21","S_129_S310",1.42889598447071,-0.10616145090793,0," 21","1"," 21",-0.0899451181069688,0.144414474783782,-0.196106569014899,1.23278941545581,0
"22","S_1305_S246",1.42889598447071,0.01955886010777,0," 22","1"," 22",0.093650863051841,0.126896964224402,0.113209723159611,1.54210570763032,1.77827941003892
"23","S_130_S333",1.42889598447071,-0.0076158724058272,0," 23","1"," 23",-0.411494218337767,0.13730800574366,-0.419110090743594,1.00978589372712,0
"24","S_1315_S322",1.42889598447071,-0.278656185203882,0," 24","1"," 24",-0.185376810629139,0.197431024305566,-0.46403299583302,0.96486298863769,1.49534878122122
"25","S_1317_S208",1.42889598447071,-0.0996379741107472,0," 25","1"," 25",-0.562189548021321,0.134887323332297,-0.661827522132069,0.767068462338641,1.49534878122122
"26","S_1324_S206",1.42889598447071,-0.155041600570485,0," 26","1"," 26",0.155001976318133,0.16368718817958,-3.96242523525436e-05,1.42885636021836,2.11474252688113
"27","S_1328_S372",1.42889598447071,-0.133063892550972,0," 27","1"," 27",0.38403125387398,0.138275653096801,0.250967361323008,1.67986334579372,2.34034731932072
"28","S_1343_S366",1.42889598447071,0.01942615932035,0," 28","1"," 28",0.297418399963625,0.12691473193664,0.316844559283975,1.74574054375468,1
"29","S_137_S285",1.42889598447071,-0.129774755720271,0," 29","1"," 29",-0.131014723383873,0.164496183313828,-0.260789479104144,1.16810650536657,1
"30","S_1383_S323",1.42889598447071,-0.125113725223638,0," 30","1"," 30",0.366742776305339,0.193097954680024,0.2416290510817,1.67052503555241,1.10668191970032
"31","S_1404_S202",1.42889598447071,0.0505009812686465,0," 31","1"," 31",-0.136926572110836,0.146907586868449,-0.0864255908421894,1.34247039362852,0
"32","S_1407_S312",1.42889598447071,0.00575702573624661,0," 32","1"," 32",-0.326694415906933,0.130115809870254,-0.320937390170687,1.10795859430002,1.31607401295249
"33","S_140_S320",1.42889598447071,-0.116199738418919,0," 33","1"," 33",0.274284667324309,0.151612091071107,0.15808492890539,1.5869809133761,2.51486685936587
"34","S_1423_S318",1.42889598447071,-0.121790606516149,0," 34","1"," 34",-0.0635631573879669,0.162617714012958,-0.185353763904116,1.24354222056659,2.51486685936587
"35","S_1430_S329",1.42889598447071,0.00805365953399667,0," 35","1"," 35",-0.464890337303806,0.133640088048733,-0.45683667776981,0.9720593067009,1.4142135623731
"36","S_1431_S278",1.42889598447071,-0.000706699538478654,0," 36","1"," 36",0.142954960862815,0.136010579524244,0.142248261324336,1.57114424579505,0
"37","S_1437_S292",1.42889598447071,-0.0196236504442652,0," 37","1"," 37",-0.0139318231141416,0.152802667179231,-0.0335554735584068,1.3953405109123,1.18920711500272
"38","S_1441_S235",1.42889598447071,-0.0647927741599477,0," 38","1"," 38",-0.259248988037278,0.157852248951834,-0.324041762197225,1.10485422227348,1.96798967126543
"39","S_1442_S328",1.42889598447071,-0.134634892460897,0," 39","1"," 39",-0.330622956054868,0.140314137157168,-0.465257848515765,0.963638135954945,0
"40","S_1452_S275",1.42889598447071,0.106097575649871,0," 40","1"," 40",0.477349843034798,0.150561111609991,0.583447418684669,2.01234340315538,1.49534878122122
"41","S_1472_S295",1.42889598447071,-0.0981403109899477,0," 41","1"," 41",-0.301267577352944,0.140024027222271,-0.399407888342892,1.02948809612782,0
"42","S_1488_S316",1.42889598447071,0.0178120732098043,0," 42","1"," 42",0.342166513302879,0.147355370604483,0.359978586512683,1.78887457098339,1.62657656169779
"43","S_148_S249",1.42889598447071,-0.229176961561023,0," 43","1"," 43",-0.412665109040085,0.165457034229881,-0.641842070601109,0.787053913869601,1
"44","S_1496_S272",1.42889598447071,-0.20093430590293,0," 44","1"," 44",-0.0906563867762607,0.163109899320399,-0.29159069267919,1.13730529179152,2.65914794847249
"45","S_150_S251",1.42889598447071,-0.141370789124451,0," 45","1"," 45",0.310041848673997,0.149729155830832,0.168671059549547,1.59756704402026,1.31607401295249
"46","S_1513_S327",1.42889598447071,-0.056579555728713,0," 46","1"," 46",0.393816090340614,0.154274692562037,0.337236534611901,1.76613251908261,0
"47","S_1518_S240",1.42889598447071,-0.165622005267371,0," 47","1"," 47",-0.552511704200088,0.150243980043379,-0.718133709467459,0.710762275003251,1
"48","S_1549_S342",1.42889598447071,-0.16283448962949,0," 48","1"," 48",-0.00255775863458478,0.165195605827269,-0.165392248264075,1.26350373620663,0
"49","S_1573_S236",1.42889598447071,-0.0724613776615888,0," 49","1"," 49",0.119363022800881,0.139613719623088,0.0469016451392917,1.47579762961,1
"50","S_1584_S296",1.42889598447071,-0.132954588579204,0," 50","1"," 50",0.555621124425295,0.141352044216413,0.422666535846091,1.8515625203168,2.21336383940064
"51","S_1599_S343",1.42889598447071,-0.0785142901860935,0," 51","1"," 51",0.507402331585212,0.143105484076337,0.428888041399119,1.85778402586983,2.65914794847249
"52","S_1619_S303",1.42889598447071,-0.0876713575315417,0," 52","1"," 52",0.110113160892702,0.160410605876223,0.0224418033611603,1.45133778783187,1.77827941003892
"53","S_1621_S339",1.42889598447071,-0.0382845015553225,0," 53","1"," 53",0.559093705968501,0.134624433429137,0.520809204413178,1.94970518888389,2.54572989502183
"54","S_1623_S378",1.42889598447071,-0.00796078998839407,0," 54","1"," 54",0.387166153150305,0.173035039848166,0.37920536316191,1.80810134763262,1.65487545982344
"55","S_1629_S373",1.42889598447071,-0.131403311792275,0," 55","1"," 55",0.33019352052223,0.180014968960837,0.198790208729955,1.62768619320067,1.77827941003892
"56","S_1631_S361",1.42889598447071,0.0266376185295063,0," 56","1"," 56",0.699751825772324,0.13106691959332,0.726389444301831,2.15528542877254,2.65914794847249
"57","S_1637_S325",1.42889598447071,0.0983094352298532,0," 57","1"," 57",-0.199632956496363,0.151377553898208,-0.10132352126651,1.3275724632042,2.44948974278318
"58","S_1639_S204",1.42889598447071,0.067170353768649,0," 58","1"," 58",0.160231466936625,0.131957268546646,0.227401820705274,1.65629780517598,1.31607401295249
"59","S_1643_S375",1.42889598447071,-0.102632501909137,0," 59","1"," 59",-0.0800229593634787,0.138266836775813,-0.182655461272615,1.24624052319809,1
"60","S_1649_S331",1.42889598447071,-0.0763851544707726,0," 60","1"," 60",-0.416792397818975,0.1442855947611,-0.493177552289747,0.935718432180963,1.49534878122122
"61","S_1653_S294",1.42889598447071,-0.00483606856047495,0," 61","1"," 61",-0.319955251122241,0.1259828856769,-0.324791319682716,1.10410466478799,1
"62","S_165_S284",1.42889598447071,-0.0392001539857459,0," 62","1"," 62",0.417015000296643,0.130141385801884,0.377814846310897,1.80671083078161,1.49534878122122
"63","S_1677_S221",1.42889598447071,-0.112239939584293,0," 63","1"," 63",0.292551225489787,0.155628613363639,0.180311285905494,1.6092072703762,0
"64","S_1683_S338",1.42889598447071,-0.147621392155206,0," 64","1"," 64",0.178531770251072,0.168036240328927,0.0309103780958661,1.45980636256658,1.18920711500272
"65","S_1689_S192",1.42889598447071,0.0162495596824895,0," 65","1"," 65",0.044506651473268,0.145286896429995,0.0607562111557574,1.48965219562647,0
"66","S_1699_S367",1.42889598447071,-0.0473954414718873,0," 66","1"," 66",0.206420354890084,0.155019213838853,0.159024913418196,1.58792089788891,1.18920711500272
"67","S_171_S219",1.42889598447071,-0.016704880970217,0," 67","1"," 67",0.17816307142435,0.139255594691854,0.161458190454133,1.59035417492484,2.59002006411135
"68","S_1723_S369",1.42889598447071,-0.00364315179761686,0," 68","1"," 68",0.036470444663073,0.163302011015091,0.0328272928654561,1.46172327733617,1.4142135623731
"69","S_1728_S376",1.42889598447071,-0.00840328669425843,0," 69","1"," 69",-0.368715154792059,0.140257452821241,-0.377118441486317,1.05177754298439,2.78315768371374
"70","S_1736_S359",1.42889598447071,-0.142504649653688,0," 70","1"," 70",0.116585211698632,0.141686561173941,-0.0259194379550565,1.40297654651565,1.96798967126543
"71","S_1742_S357",1.42889598447071,-0.0139360502801987,0," 71","1"," 71",0.00958492869009936,0.136555599228808,-0.0043511215900993,1.42454486288061,1.8612097182042
"72","S_1749_S247",1.42889598447071,-0.111628059202678,0," 72","1"," 72",0.321498624928841,0.141639618666817,0.209870565726162,1.63876655019687,1
"73","S_1779_S226",1.42889598447071,-0.15668181669021,0," 73","1"," 73",0.148005233777635,0.153716438699935,-0.00867658291257484,1.42021940155814,2.65914794847249
"74","S_1810_S213",1.42889598447071,-0.148252891568192,0," 74","1"," 74",0.540655963783992,0.151512343722811,0.392403072215799,1.82129905668651,1.8612097182042
"75","S_1813_S253",1.42889598447071,-0.01540256084653,0," 75","1"," 75",0.35871625608369,0.145465993510058,0.34331369523716,1.77220967970787,1.56508458007329
"76","S_1817_S210",1.42889598447071,-0.00676258556455149,0," 76","1"," 76",-0.237375023346431,0.165155085740283,-0.244137608910982,1.18475837555973,2.34034731932072
"77","S_1818_S238",1.42889598447071,-0.0264703539909308,0," 77","1"," 77",0.106457012777557,0.14754910309196,0.0799866587866264,1.50888264325734,0
"78","S_1825_S198",1.42889598447071,-0.223410223675254,0," 78","1"," 78",0.0180310755344177,0.165276948304948,-0.205379148140836,1.22351683632987,1.49534878122122
"79","S_1837_S256",1.42889598447071,0.00666631556682154,0," 79","1"," 79",-0.493709370691918,0.127628664421137,-0.487043055125097,0.941852929345613,2.78315768371374
"80","S_1839_S299",1.42889598447071,-0.119750248044094,0," 80","1"," 80",0.167474482822958,0.154451209047913,0.0477242347788642,1.47662021924957,2.21336383940064
"81","S_183_S263",1.42889598447071,-0.106546001213327,0," 81","1"," 81",-0.365366352114218,0.150249461663597,-0.471912353327545,0.956983631143165,2.65914794847249
"82","S_1841_S250",1.42889598447071,-0.0212773395712273,0," 82","1"," 82",-0.314588324542743,0.131382328019779,-0.335865664113971,1.09303032035674,0
"83","S_1865_S374",1.42889598447071,0.0598502718474331,0," 83","1"," 83",0.160905905901957,0.155597509588428,0.22075617774939,1.6496521622201,2.21336383940064
"84","S_1874_S244",1.42889598447071,-0.137976109077486,0," 84","1"," 84",-0.16494419578027,0.151582215721305,-0.302920304857757,1.12597567961295,2.34034731932072
"85","S_1877_S262",1.42889598447071,-0.0690672901621541,0," 85","1"," 85",0.178509882049976,0.152704721925788,0.109442591887822,1.53833857635853,2.78315768371374
"86","S_1899_S193",1.42889598447071,-0.150459172281166,0," 86","1"," 86",-0.333168757141869,0.162141891527924,-0.483627929423035,0.945268055047675,1.62657656169779
"87","S_1900_S242",1.42889598447071,-0.105236187759371,0," 87","1"," 87",-0.548045767101864,0.148066177427227,-0.653281954861235,0.775614029609475,1.56508458007329
"88","S_1936_S218",1.42889598447071,-0.0939997596469272,0," 88","1"," 88",-0.138710067562184,0.138392384615862,-0.232709827209111,1.1961861572616,1.18920711500272
"89","S_1952_S293",1.42889598447071,-0.00351634743539074,0," 89","1"," 89",-0.236673442022284,0.128686119792785,-0.240189789457675,1.18870619501304,1.18920711500272
"90","S_1969_S291",1.42889598447071,-0.0922380187390433,0," 90","1"," 90",-0.197251381957325,0.138460724265767,-0.289489400696369,1.13940658377434,1.31607401295249
"91","S_1973_S267",1.42889598447071,-0.0608379967003609,0," 91","1"," 91",0.229080089554376,0.133470947580239,0.168242092854016,1.59713807732473,2.89250760851908
"92","S_197_S207",1.42889598447071,-0.00652785365014133,0," 92","1"," 92",-0.355547366526466,0.134121295130422,-0.362075220176607,1.0668207642941,1.4142135623731
"93","S_198_S304",1.42889598447071,-0.0955418154351347,0," 93","1"," 93",0.0725022638325994,0.140857544065198,-0.0230395516025353,1.40585643286817,0
"94","S_2010_S200",1.42889598447071,-0.140573022889843,0," 94","1"," 94",-0.1918811836149,0.1597373633775,-0.332454206504743,1.09644177796597,0
"95","S_2014_S264",1.42889598447071,-0.181981039470362,0," 95","1"," 95",-0.685486405280435,0.152775146791193,-0.867467444750798,0.561428539719912,1.25743342968294
"96","S_2015_S266",1.42889598447071,-0.123603368671067,0," 96","1"," 96",-0.394724555086172,0.149042850180772,-0.518327923757239,0.910568060713471,0
"97","S_2037_S371",1.42889598447071,-0.0327658716712988,0," 97","1"," 97",-0.0949152303123354,0.131814624450314,-0.127681101983634,1.30121488248708,0
"98","S_2073_S215",1.42889598447071,-0.148949290020672,0," 98","1"," 98",-0.362358397802105,0.166238775274167,-0.511307687822776,0.917588296647934,1.49534878122122
"99","S_2099_S335",1.42889598447071,-0.0495425766809023,0," 99","1"," 99",-0.178967210511227,0.131483511912977,-0.228509787192129,1.20038619727858,0.840896415253715
"100","S_209_S379",1.42889598447071,-0.00822900646069012,0,"100","1","100",-0.375635528348166,0.145002668376945,-0.383864534808856,1.04503144966185,0
"101","S_2103_S301",1.42889598447071,0.045917318005899,0,"101","1","101",-0.0925096002771148,0.162250294735026,-0.0465922822712157,1.38230370219949,2.34034731932072
"102","S_2104_S224",1.42889598447071,-0.147652775796767,0,"102","1","102",0.00404831237546023,0.158929862244619,-0.143604463421307,1.2852915210494,1.31607401295249
"103","S_2105_S269",1.42889598447071,-0.00753132604812117,0,"103","1","103",-0.31507558295018,0.140877830979554,-0.322606908998301,1.10628907547241,0
"104","S_2107_S349",1.42889598447071,-0.119823721874406,0,"104","1","104",-0.154438334360171,0.159568248056954,-0.274262056234577,1.15463392823613,1.18920711500272
"105","S_2115_S280",1.42889598447071,-0.128564352358747,0,"105","1","105",0.162374998742118,0.175528129441848,0.0338106463833707,1.46270663085408,2.34034731932072
"106","S_2116_S350",1.42889598447071,-0.215402294776733,0,"106","1","106",-0.356947966281125,0.168757707733374,-0.572350261057858,0.856545723412852,1.31607401295249
"107","S_2135_S234",1.42889598447071,-0.052047344759085,0,"107","1","107",-0.195333524162972,0.139330527839196,-0.247380868922057,1.18151511554865,1.31607401295249
"108","S_2140_S363",1.42889598447071,-0.0941354330416993,0,"108","1","108",-0.432349242367959,0.138998606690592,-0.526484675409658,0.902411309061052,0
"109","S_2145_S212",1.42889598447071,-0.12613706306493,0,"109","1","109",-0.0865373409533089,0.161053374404657,-0.212674404018239,1.21622158045247,0
"110","S_2155_S383",1.42889598447071,-0.176187606150745,0,"110","1","110",-0.423806569315966,0.151927129449133,-0.599994175466712,0.828901809003998,1.4142135623731
"111","S_2187_S360",1.42889598447071,-0.0171336084728317,0,"111","1","111",-0.396535413814947,0.129964331977566,-0.413669022287778,1.01522696218293,1.96798967126543
"112","S_2192_S307",1.42889598447071,-0.125469991704565,0,"112","1","112",-0.710002184612683,0.141262190908228,-0.835472176317248,0.593423808153462,1.31607401295249
"113","S_2193_S216",1.42889598447071,-0.192877451036445,0,"113","1","113",-0.252993938233627,0.177155675878277,-0.445871389270072,0.983024595200638,1.65487545982344
"114","S_2201_S214",1.42889598447071,-0.239237075041391,0,"114","1","114",-0.127029866376934,0.173236786430476,-0.366266941418325,1.06262904305239,0
"115","S_2203_S277",1.42889598447071,-0.228043068665978,0,"115","1","115",0.0439200619597213,0.177124603838991,-0.184123006706257,1.24477297776445,0
"116","S_2212_S230",1.42889598447071,-0.037763990376705,0,"116","1","116",-0.0203951324296066,0.134800678622902,-0.0581591228063116,1.3707368616644,0
"117","S_2214_S290",1.42889598447071,-0.0729962116317655,0,"117","1","117",-0.320047790314065,0.142829995252213,-0.393044001945831,1.03585198252488,1.4142135623731
"118","S_2226_S298",1.42889598447071,-0.0932881508514531,0,"118","1","118",-0.145450081801272,0.139320965179495,-0.238738232652725,1.19015775181799,2.21336383940064
"119","S_2228_S346",1.42889598447071,-0.223515473880894,0,"119","1","119",0.221596150216326,0.16494526521453,-0.00191932366456815,1.42697666080614,0
"120","S_2232_S273",1.42889598447071,-0.182277647961738,0,"120","1","120",0.362833877383149,0.162470554846353,0.180556229421411,1.60945221389212,1.31607401295249
"121","S_2271_S195",1.42889598447071,-0.140482471874394,0,"121","1","121",-0.0205891320795065,0.145429512992385,-0.161071603953901,1.26782438051681,1.49534878122122
"122","S_2299_S281",1.42889598447071,-0.0254391853746261,0,"122","1","122",0.0458031143423895,0.127526016034914,0.0203639289677634,1.44925991343847,2.65914794847249
"123","S_2302_S259",1.42889598447071,0.00172101476464394,0,"123","1","123",0.174030754200351,0.122336663017507,0.175751768964995,1.60464775343571,2.23606797749979
"124","S_2307_S288",1.42889598447071,0.0478613043058085,0,"124","1","124",0.478305708223771,0.137474168461069,0.526167012529579,1.95506299700029,2.69178163547765
"125","S_2319_S337",1.42889598447071,-0.00946333704761632,0,"125","1","125",-0.470641916207995,0.128975519284996,-0.480105253255611,0.948790731215099,0
"126","S_231_S260",1.42889598447071,-0.0140997874549577,0,"126","1","126",0.0737486467874453,0.128261361026363,0.0596488593324876,1.4885448438032,2.11474252688113
"127","S_2323_S355",1.42889598447071,-0.1503729349292,0,"127","1","127",-0.142929504384861,0.152088119332169,-0.293302439314062,1.13559354515665,1.25743342968294
"128","S_2351_S197",1.42889598447071,0.0208881244585426,0,"128","1","128",-0.332103039104121,0.145025029697234,-0.311214914645578,1.11768106982513,0
"129","S_2358_S289",1.42889598447071,-0.0556813955114541,0,"129","1","129",-0.413342365208831,0.135226621038738,-0.469023760720285,0.959872223750424,1.49534878122122
"130","S_2370_S336",1.42889598447071,-0.062172674661826,0,"130","1","130",0.0188135576175549,0.127565053269509,-0.0433591170442711,1.38553686742644,1
"131","S_2375_S268",1.42889598447071,0.0137364163143949,0,"131","1","131",0.165086494593285,0.161150056964336,0.17882291090768,1.60771889537839,2.51486685936587
"132","S_2395_S194",1.42889598447071,-0.0305770267706086,0,"132","1","132",-0.302204005401845,0.146969387651229,-0.332781032172453,1.09611495229826,1.56508458007329
"133","S_242_S324",1.42889598447071,-0.0252919545052281,0,"133","1","133",-0.528751481107658,0.150477194651728,-0.554043435612886,0.874852548857824,0
"134","S_248_S252",1.42889598447071,0.0854341868123206,0,"134","1","134",0.4573071790095,0.186439403977913,0.54274136582182,1.97163735029253,1.77827941003892
"135","S_261_S368",1.42889598447071,-0.0504077716198655,0,"135","1","135",0.163075016325525,0.134275069438999,0.11266724470566,1.54156322917637,1.96798967126543
"136","S_269_S228",1.42889598447071,-0.153819976200311,0,"136","1","136",-0.0763974204045192,0.143989822535663,-0.23021739660483,1.19867858786588,0.840896415253715
"137","S_272_S326",1.42889598447071,-0.129100231122804,0,"137","1","137",-0.0910409566343718,0.137772966052481,-0.220141187757176,1.20875479671353,2.11474252688113
"138","S_285_S191",1.42889598447071,-0.150703985145717,0,"138","1","138",0.278645314640624,0.166442281389435,0.127941329494907,1.55683731396562,2.05976714390712
"139","S_28_S364",1.42889598447071,0.0488518674671785,0,"139","1","139",-0.686742497960908,0.141668333520628,-0.637890630493729,0.791005353976981,0
"140","S_294_S317",1.42889598447071,-0.0407357104933323,0,"140","1","140",-0.275778684567464,0.151397093413,-0.316514395060796,1.11238158940991,0
"141","S_298_S354",1.42889598447071,0.00251899142295782,0,"141","1","141",-0.0603371063692596,0.130396903381901,-0.0578181149463018,1.37107786952441,2.11474252688113
"142","S_304_S341",1.42889598447071,0.0505725636431033,0,"142","1","142",-0.169498381339738,0.157308025148081,-0.118925817696634,1.30997016677408,0
"143","S_325_S347",1.42889598447071,-0.0485784226141614,0,"143","1","143",-0.051767654517677,0.153410840755869,-0.100346077131838,1.32854990733887,0
"144","S_381_S205",1.42889598447071,-0.186372094040777,0,"144","1","144",0.612731915959385,0.153004521033051,0.426359821918608,1.85525580638932,2.65914794847249
"145","S_382_S276",1.42889598447071,-0.122561594326089,0,"145","1","145",0.219126304918778,0.131225361389678,0.0965647105926884,1.5254606950634,2.89250760851908
"146","S_389_S330",1.42889598447071,-0.0246577803359147,0,"146","1","146",-0.187874447125737,0.143674472092072,-0.212532227461651,1.21636375700906,2.23606797749979
"147","S_394_S237",1.42889598447071,-0.203100760856673,0,"147","1","147",-0.260179140070977,0.180501032812839,-0.46327990092765,0.96561608354306,0
"148","S_398_S239",1.42889598447071,-0.0895591443811266,0,"148","1","148",0.382030474409152,0.14757772312418,0.292471330028025,1.72136731449873,1.49534878122122
"149","S_402_S309",1.42889598447071,-0.101894421553728,0,"149","1","149",-0.206160918652015,0.147337441271446,-0.308055340205742,1.12084064426497,1.31607401295249
"150","S_415_S222",1.42889598447071,-0.188553640358837,0,"150","1","150",-0.189324320735805,0.166045697778492,-0.377877961094642,1.05101802337607,0
"151","S_421_S358",1.42889598447071,-0.123349210058995,0,"151","1","151",0.0435945949514455,0.132190930209106,-0.0797546151075491,1.34914136936316,1.31607401295249
"152","S_437_S233",1.42889598447071,-0.152431221260792,0,"152","1","152",-0.243482514896089,0.145687988047946,-0.395913736156881,1.03298224831383,1.18920711500272
"153","S_449_S352",1.42889598447071,-0.0870303766545692,0,"153","1","153",-0.108144256801854,0.141318137441842,-0.195174633456423,1.23372135101429,2.05976714390712
"154","S_451_S261",1.42889598447071,-0.100749850000087,0,"154","1","154",0.15277853950249,0.14690138664662,0.0520286895024025,1.48092467397311,0
"155","S_471_S344",1.42889598447071,-0.0460831306712836,0,"155","1","155",0.256558091358946,0.16008222426386,0.210474960687663,1.63937094515837,0
"156","S_473_S362",1.42889598447071,-0.179233033801691,0,"156","1","156",0.0459721627655082,0.15350669385001,-0.133260871036183,1.29563511343453,1.56508458007329
"157","S_477_S225",1.42889598447071,-0.16658637589159,0,"157","1","157",0.213486797188775,0.199228239377523,0.046900421297185,1.47579640576789,0
"158","S_494_S382",1.42889598447071,-0.058157588899747,0,"158","1","158",-0.182377908193553,0.151679422712113,-0.2405354970933,1.18836048737741,1.49534878122122
"159","S_496_S381",1.42889598447071,-0.0759732354794564,0,"159","1","159",-0.505557282820207,0.138423675552533,-0.581530518299664,0.847365466171046,2.17793858734643
"160","S_499_S265",1.42889598447071,-0.0469139310922803,0,"160","1","160",0.337923439015596,0.149259036636999,0.291009507923316,1.71990549239403,2.05976714390712
"161","S_4_S313",1.42889598447071,-0.0443350245510013,0,"161","1","161",0.167844856764185,0.132935578289549,0.123509832213184,1.55240581668389,2.78315768371374
"162","S_525_S305",1.42889598447071,-0.070675144776446,0,"162","1","162",-0.288047263332025,0.133652837000071,-0.358722408108471,1.07017357636224,0
"163","S_529_S314",1.42889598447071,-0.0753257011796249,0,"163","1","163",-0.172131991134727,0.151835606921723,-0.247457692314352,1.18143829215636,1.18920711500272
"164","S_550_S257",1.42889598447071,-0.149189642527192,0,"164","1","164",-0.484639010787813,0.163301901886049,-0.633828653315005,0.795067331155705,2.94283095638271
"165","S_552_S308",1.42889598447071,-0.20518197363189,0,"165","1","165",-0.208458152909627,0.154939285219215,-0.413640126541518,1.01525585792919,1.31607401295249
"166","S_564_S211",1.42889598447071,0.0351918858522388,0,"166","1","166",0.097056403160498,0.146169921465391,0.132248289012737,1.56114427348345,1.73205080756888
"167","S_572_S203",1.42889598447071,-0.0889053434434279,0,"167","1","167",-0.706436054830163,0.145069520785017,-0.795341398273591,0.633554586197119,0
"168","S_597_S255",1.42889598447071,-0.219546419737043,0,"168","1","168",0.16673678974765,0.168361751836146,-0.0528096299893933,1.37608635448132,1.8612097182042
"169","S_652_S232",1.42889598447071,0.0637609901559907,0,"169","1","169",0.355050851548172,0.132869819926847,0.418811841704163,1.84770782617487,2.51486685936587
"170","S_66_S321",1.42889598447071,0.0314440656771061,0,"170","1","170",0.0712398122399429,0.163221583439353,0.102683877917049,1.53157986238776,2.65914794847249
"171","S_699_S356",1.42889598447071,-0.0748757533320987,0,"171","1","171",0.180086496292672,0.148185401517812,0.105210742960574,1.53410672743128,1.49534878122122
"172","S_6_S348",1.42889598447071,-0.108442250016551,0,"172","1","172",-0.290232770240473,0.147078390299721,-0.398675020257024,1.03022096421369,1.49534878122122
"173","S_701_S340",1.42889598447071,-0.068257171268671,0,"173","1","173",0.345857599412138,0.14946997758559,0.277600428143467,1.70649641261418,2.11474252688113
"174","S_704_S282",1.42889598447071,-0.116364694779572,0,"174","1","174",0.390018067930494,0.153696155336588,0.273653373150923,1.70254935762163,2.34034731932072
"175","S_716_S283",1.42889598447071,-0.0371690151530446,0,"175","1","175",-0.00577796730352927,0.138072921571758,-0.0429469824565738,1.38594900201414,1.8612097182042
"176","S_732_S243",1.42889598447071,-0.130328530952641,0,"176","1","176",0.391159467363349,0.141519615630782,0.260830936410708,1.68972692088142,2.54572989502183
"177","S_737_S201",1.42889598447071,-0.086796605193657,0,"177","1","177",0.632356037601975,0.131041849537135,0.545559432408318,1.97445541687903,2.73861278752583
"178","S_769_S220",1.42889598447071,-0.0682565864234298,0,"178","1","178",-0.52915253061906,0.13097676124159,-0.59740911704249,0.83148686742822,1
"179","S_797_S209",1.42889598447071,-0.00852682040089723,0,"179","1","179",-0.145558168780752,0.130871146875422,-0.15408498918165,1.27481099528906,0
"180","S_809_S270",1.42889598447071,0.0190765155270978,0,"180","1","180",0.206751382231771,0.133410356679535,0.225827897758868,1.65472388222958,2.65914794847249
"181","S_81_S279",1.42889598447071,-0.0151853353623163,0,"181","1","181",0.525052346533705,0.136302307931009,0.509867011171389,1.9387629956421,1.56508458007329
"182","S_829_S286",1.42889598447071,0.0208020372312024,0,"182","1","182",0.356649289123614,0.130872609013967,0.377451326354817,1.80634731082553,2.11474252688113
"183","S_831_S353",1.42889598447071,-0.0863066120861816,0,"183","1","183",-0.103987404344803,0.133831180586302,-0.190294016430985,1.23860196803972,2.65914794847249
"184","S_838_S306",1.42889598447071,0.0280537877999439,0,"184","1","184",0.332176914674363,0.153157689329074,0.360230702474307,1.78912668694502,2.23606797749979
"185","S_868_S274",1.42889598447071,0.194332616401656,0,"185","1","185",-0.430073678251895,0.177848710486545,-0.235741061850239,1.19315492262047,1.10668191970032
"186","S_869_S241",1.42889598447071,0.146804280378001,0,"186","1","186",-0.102082205777371,0.152855064646273,0.0447220746006299,1.47361805907134,1.56508458007329
"187","S_874_S217",1.42889598447071,0.0933519216500111,0,"187","1","187",-0.448376121607627,0.139264841778247,-0.355024199957616,1.07387178451309,2.34034731932072
"188","S_881_S365",1.42889598447071,0.114435847578506,0,"188","1","188",0.516506906785651,0.144187084535432,0.630942754364157,2.05983873883487,2.78315768371374
"189","S_89_S199",1.42889598447071,-0.101405624844844,0,"189","1","189",0.0510397294861932,0.13186137906829,-0.0503658953586504,1.37853008911206,0
"190","S_905_S248",1.42889598447071,-0.0324437522315398,0,"190","1","190",-0.0134842038948188,0.158944154671247,-0.0459279561263587,1.38296802834435,0.840896415253715
"191","S_927_S334",1.42889598447071,-0.0961068556503479,0,"191","1","191",-0.0372237868830562,0.173560027975481,-0.133330642533404,1.29556534193731,0
"192","S_984_S370",1.42889598447071,-0.0562006663636134,0,"192","1","192",-0.196359486139536,0.132627451541961,-0.25256015250315,1.17633583196756,1.49534878122122
"193","S_989_S196",1.42889598447071,0.150462975674856,0,"193","1","193",-0.475627477970679,0.158153134380362,-0.325164502295823,1.10373148217489,1.25743342968294
"194","S_9_S300",1.42889598447071,-0.0336250561353333,0,"194","1","194",-0.250489786568884,0.141574489927184,-0.284114842704217,1.14478114176649,2.78315768371374
"195","S_1001_S52_L003",1.42889598447071,0.135065356701502,0,"195","1","195",-0.169398241025545,0.221570672977377,-0.034332884324043,1.39456310014667,2.65914794847249
"196","S_1004_S75_L003",1.42889598447071,0.0480256526745232,0,"196","1","196",0.558394008200556,0.208727366070336,0.606419660875079,2.03531564534579,2.89250760851908
"197","S_1010_S144",1.42889598447071,-0.100673056426277,0,"197","1","197",0.0982784886907484,0.146980209597744,-0.00239456773552893,1.42650141673518,1.49534878122122
"198","S_1012_S150",1.42889598447071,0.0210539604116105,0,"198","1","198",0.272160925938499,0.137437626521716,0.29321488635011,1.72211087082082,2.11474252688113
"199","S_1013_S145",1.42889598447071,0.00866393640263495,0,"199","1","199",-0.0317887645485296,0.135779762861026,-0.0231248281458947,1.40577115632481,1.49534878122122
"200","S_101_S15_L003",1.42889598447071,-0.0546873964417784,0,"200","1","200",-0.297153907111018,0.147174148582954,-0.351841303552797,1.07705468091791,1
"201","S_1020_S139",1.42889598447071,0.0903644788945935,0,"201","1","201",0.716864392871677,0.131920203924487,0.80722887176627,2.23612485623698,1.22474487139159
"202","S_1022_S29",1.42889598447071,-0.20541452496456,0,"202","1","202",0.118856412690535,0.161239706435287,-0.0865581122740254,1.34233787219668,2.23606797749979
"203","S_1029_S66_L003",1.42889598447071,-0.129646092727909,0,"203","1","203",-0.26318401335476,0.144775015399699,-0.392830106082669,1.03606587838804,0
"204","S_1030_S13",1.42889598447071,-0.115527661342851,0,"204","1","204",-0.267269096434442,0.142014719309697,-0.382796757777292,1.04609922669342,2.34034731932072
"205","S_1036_S32",1.42889598447071,0.0157607781157328,0,"205","1","205",0.0366390650005154,0.170111902268695,0.0523998431162482,1.48129582758696,1.77827941003892
"206","S_1041_S151",1.42889598447071,-0.0727407050576332,0,"206","1","206",0.0158249668377087,0.142488211845829,-0.0569157382199245,1.37198024625079,2.89250760851908
"207","S_1053_S23",1.42889598447071,0.0106198698432973,0,"207","1","207",0.510923470010472,0.13131498820434,0.521543339853769,1.95043932432448,2.21336383940064
"208","S_1075_S38",1.42889598447071,-0.168044619870794,0,"208","1","208",-0.0400221078077747,0.196979234255347,-0.208066727678569,1.22082925679214,2.11474252688113
"209","S_1076_S167",1.42889598447071,-0.173468934439163,0,"209","1","209",-0.00150965005178783,0.166494184371245,-0.174978584490951,1.25391739997976,2.34034731932072
"210","S_107_S16",1.42889598447071,-0.12734298485896,0,"210","1","210",-0.0930797594719787,0.133499565559966,-0.220422744330939,1.20847324013977,2.34034731932072
"211","S_1093_S116",1.42889598447071,0.0245165346012548,0,"211","1","211",0.478524612177617,0.138072420465775,0.503041146778872,1.93193713124958,2.34034731932072
"212","S_10_S169",1.42889598447071,0.0482575935455129,0,"212","1","212",0.176297603830171,0.161452121019629,0.224555197375684,1.65345118184639,1.8612097182042
"213","S_1118_S92",1.42889598447071,-0.124822044030003,0,"213","1","213",-0.244754530343151,0.164182073973976,-0.369576574373154,1.05931941009756,1.49534878122122
"214","S_1125_S30_L003",1.42889598447071,-0.0230227014117794,0,"214","1","214",-0.837332664082551,0.126255967061418,-0.86035536549433,0.56854061897638,0
"215","S_1134_S91",1.42889598447071,-0.261154104095551,0,"215","1","215",0.174893264061773,0.194702555411456,-0.0862608400337784,1.34263514443693,1.31607401295249
"216","S_1138_S159",1.42889598447071,-0.13766293256452,0,"216","1","216",0.131402501813004,0.166508405914977,-0.00626043075151617,1.42263555371919,2.34034731932072
"217","S_113_S7_L003",1.42889598447071,0.0180701189487315,0,"217","1","217",-0.560513662909138,0.129000453608828,-0.542443543960407,0.886452440510303,1.18920711500272
"218","S_1140_S60_L003",1.42889598447071,-0.0853931529960392,0,"218","1","218",0.0850307138448955,0.189112537093806,-0.000362439151143673,1.42853354531957,2.05976714390712
"219","S_1154_S161",1.42889598447071,-0.0657328963346186,0,"219","1","219",0.0816891209200089,0.14521426016681,0.0159562245853903,1.4448522090561,1.96798967126543
"220","S_1160_S11",1.42889598447071,-0.0393193434683034,0,"220","1","220",0.133296717682615,0.144121280057537,0.0939773742143117,1.52287335868502,2.89250760851908
"221","S_1177_S24",1.42889598447071,-0.0638691478155635,0,"221","1","221",-0.155877669904262,0.132388324643399,-0.219746817719825,1.20914916675088,1.77827941003892
"222","S_1179_S105",1.42889598447071,0.0848842789673479,0,"222","1","222",-0.631535622980314,0.142896141330523,-0.546651344012966,0.882244640457744,2.51486685936587
"223","S_1200_S164",1.42889598447071,-0.125170634463714,0,"223","1","223",-0.0820106961669863,0.157466562632309,-0.207181330630701,1.22171465384001,2.34034731932072
"224","S_1202_S72_L003",1.42889598447071,0.0121701343290223,0,"224","1","224",-0.0146364530418439,0.124745129300239,-0.00246631871282163,1.42642966575789,2.51486685936587
"225","S_1203_S53",1.42889598447071,0.0360998359615714,0,"225","1","225",0.0182817197838795,0.14623228870929,0.0543815557454509,1.48327754021616,0
"226","S_1210_S120",1.42889598447071,0.0757304286301454,0,"226","1","226",-0.543835523121344,0.142449192188086,-0.468105094491198,0.960790889979511,1.25743342968294
"227","S_1213_S95_L003",1.42889598447071,-0.0170620008100621,0,"227","1","227",0.221498149037735,0.131384705688607,0.204436148227673,1.63333213269838,2.11474252688113
"228","S_122_S43_L003",1.42889598447071,-0.162632013147852,0,"228","1","228",-0.00500381944436247,0.199593572062477,-0.167635832592214,1.2612601518785,1.56508458007329
"229","S_1247_S133",1.42889598447071,0.0209843141931269,0,"229","1","229",-0.361151038026656,0.148962791719174,-0.340166723833529,1.08872926063718,0
"230","S_1257_S89",1.42889598447071,0.0589950889760972,0,"230","1","230",0.0870251521566835,0.152217206529136,0.146020241132781,1.57491622560349,1.49534878122122
"231","S_125_S163",1.42889598447071,-0.0314533747012678,0,"231","1","231",-0.53300930865283,0.138196206638564,-0.564462683354098,0.864433301116612,0
"232","S_1278_S20",1.42889598447071,-0.00906755153389992,0,"232","1","232",-0.198510895362722,0.149917821468767,-0.207578446896622,1.22131753757409,0
"233","S_1287_S146",1.42889598447071,-0.132359480206393,0,"233","1","233",0.367173839195552,0.148864077277073,0.23481435898916,1.66371034345987,2.34034731932072
"234","S_1289_S164",1.42889598447071,-0.221283341642719,0,"234","1","234",0.117032487781329,0.176164039835974,-0.10425085386139,1.32464513060932,2.21336383940064
"235","S_1308_S183",1.42889598447071,0.00686528929075451,0,"235","1","235",0.065033664807759,0.161260287774952,0.0718989540985135,1.50079493856922,1.49534878122122
"236","S_1323_S36",1.42889598447071,-0.130243576399731,0,"236","1","236",0.211783162187399,0.136957550793513,0.0815395857876679,1.51043557025838,1.96798967126543
"237","S_1326_S53_L003",1.42889598447071,-0.212980839499857,0,"237","1","237",0.475713652301238,0.156947053518365,0.262732812801382,1.69162879727209,2.78315768371374
"238","S_132_S41",1.42889598447071,-0.0949543146740698,0,"238","1","238",0.19121605320092,0.145171568958523,0.0962617385268497,1.52515772299756,0
"239","S_1370_S76",1.42889598447071,0.0126362960807015,0,"239","1","239",-0.665951088226878,0.129069436859492,-0.653314792146176,0.775581192324533,0
"240","S_1374_S132",1.42889598447071,-0.0505442538529462,0,"240","1","240",-0.338619398001901,0.123880554597165,-0.389163651854847,1.03973233261586,0
"241","S_1384_S78",1.42889598447071,-0.0300942815312262,0,"241","1","241",0.453053382621613,0.132516377017324,0.422959101090386,1.8518550855611,0
"242","S_1390_S94",1.42889598447071,-0.0629221848446,0,"242","1","242",0.287104083010272,0.139499896714526,0.224181898165672,1.65307788263638,2.65914794847249
"243","S_1393_S83_L003",1.42889598447071,0.0187197356802822,0,"243","1","243",0.46089221661919,0.137828339449475,0.479611952299472,1.90850793677018,0
"244","S_1395_S102",1.42889598447071,-0.0315605166224275,0,"244","1","244",0.19733389628336,0.121062898036232,0.165773379660932,1.59466936413164,1.49534878122122
"245","S_1403_S130",1.42889598447071,-0.0567906403979968,0,"245","1","245",-0.0172840492660374,0.15318917398774,-0.0740746896640342,1.35482129480668,1.31607401295249
"246","S_1405_S126",1.42889598447071,0.153543078092812,0,"246","1","246",-0.502674501050898,0.158375157542232,-0.349131422958087,1.07976456151262,0
"247","S_1408_S17_L003",1.42889598447071,0.00333501219219857,0,"247","1","247",0.00100637914287656,0.143675625715013,0.00434139133507513,1.43323737580579,2.89250760851908
"248","S_1412_S125",1.42889598447071,-0.0294366611196656,0,"248","1","248",-0.278551355867164,0.139896484604272,-0.30798801698683,1.12090796748388,0
"249","S_1413_S10_L003",1.42889598447071,0.0248252671755125,0,"249","1","249",0.335195801610972,0.130778833825954,0.360021068786484,1.78891705325719,1.56508458007329
"250","S_141_S188",1.42889598447071,-0.192296168562329,0,"250","1","250",-0.188163793466555,0.161753695846908,-0.380459962028884,1.04843602244183,1
"251","S_1434_S73_L003",1.42889598447071,0.0132942552238658,0,"251","1","251",-0.787655883511624,0.13981270832096,-0.774361628287758,0.654534356182952,0
"252","S_1443_S64_L003",1.42889598447071,-0.143370664425497,0,"252","1","252",-0.120592933079857,0.158949997447932,-0.263963597505355,1.16493238696535,1.56508458007329
"253","S_1462_S171",1.42889598447071,-0.111018249464944,0,"253","1","253",0.0138474523499667,0.139562516312429,-0.0971707971149773,1.33172518735573,2.05976714390712
"254","S_1464_S64",1.42889598447071,-0.0440637905124549,0,"254","1","254",0.109146513507696,0.128837141462623,0.0650827229952413,1.49397870746595,1.25743342968294
"255","S_1467_S106",1.42889598447071,0.0582027858925114,0,"255","1","255",0.125391168151812,0.137110599952318,0.183593954044323,1.61248993851503,1.56508458007329
"256","S_1468_S139",1.42889598447071,-0.107800725855423,0,"256","1","256",-0.318939339397548,0.15138382782457,-0.426740065252971,1.00215591921774,1.56508458007329
"257","S_1479_S2_L003",1.42889598447071,-0.0999913857612426,0,"257","1","257",0.333918111219733,0.136466169291371,0.23392672545849,1.6628227099292,1.31607401295249
"258","S_147_S19",1.42889598447071,0.0336771927564771,0,"258","1","258",-0.194290779162581,0.140849665745548,-0.160613586406103,1.26828239806461,1.49534878122122
"259","S_14_S3",1.42889598447071,-0.0729838028077434,0,"259","1","259",0.102926078775771,0.133544885299422,0.0299422759680279,1.45883826043874,0
"260","S_1506_S61",1.42889598447071,0.0770613514171422,0,"260","1","260",-0.563004290941931,0.148521397772061,-0.485942939524789,0.942953044945921,0
"261","S_1516_S148",1.42889598447071,-0.0941735018671279,0,"261","1","261",0.438704412999663,0.173458645587374,0.344530911132535,1.77342689560324,1.73205080756888
"262","S_151_S93",1.42889598447071,-0.238202488101335,0,"262","1","262",-0.0304678387716818,0.182732617267097,-0.268670326873017,1.16022565759769,0
"263","S_1521_S18",1.42889598447071,-0.0661880369980322,0,"263","1","263",-0.250367554973842,0.153078696890367,-0.316555591971874,1.11234039249884,2.11474252688113
"264","S_1528_S47",1.42889598447071,-0.0146446714412533,0,"264","1","264",0.173554264603726,0.140326833395675,0.158909593162472,1.58780557763318,2.11474252688113
"265","S_1531_S31_L003",1.42889598447071,0.0219961052037574,0,"265","1","265",-0.0927570540607993,0.130464937491743,-0.0707609488570419,1.35813503561367,0
"266","S_1532_S117",1.42889598447071,0.0255842974134727,0,"266","1","266",0.0382926336100883,0.140337613836996,0.063876931023561,1.49277291549427,2.65914794847249
"267","S_1542_S44",1.42889598447071,0.0505422609192643,0,"267","1","267",-0.120802667647026,0.132378937076732,-0.070260406727762,1.35863557774295,0
"268","S_154_S162",1.42889598447071,-0.0389202996356635,0,"268","1","268",-0.118934752170815,0.142683653089809,-0.157855051806479,1.27104093266423,1.65487545982344
"269","S_1552_S185",1.42889598447071,-0.00260650495924025,0,"269","1","269",-0.193688535861664,0.133476533312812,-0.196295040820904,1.23260094364981,1.31607401295249
"270","S_1561_S52",1.42889598447071,-0.149775727306391,0,"270","1","270",0.457226531650732,0.146852156021891,0.30745080434434,1.73634678881505,1.25743342968294
"271","S_1565_S74_L003",1.42889598447071,-0.0278792449063264,0,"271","1","271",0.49138372530058,0.131372254723973,0.463504480394253,1.89240046486496,1.4142135623731
"272","S_1567_S13_L003",1.42889598447071,-0.0934717311008006,0,"272","1","272",0.0910153739614378,0.167356271919067,-0.00245635713936275,1.42643962733135,1.49534878122122
"273","S_159_S190",1.42889598447071,0.0018417406098977,0,"273","1","273",0.62116157656824,0.154455022707581,0.623003317178137,2.05189930164885,2.34034731932072
"274","S_1604_S168",1.42889598447071,-0.0469340368842269,0,"274","1","274",0.0583025784563153,0.134803314487945,0.0113685415720884,1.4402645260428,2.44948974278318
"275","S_1620_S26",1.42889598447071,-0.0543742321982439,0,"275","1","275",0.434090675464672,0.144478311561116,0.379716443266428,1.80861242773714,0
"276","S_1651_S111",1.42889598447071,-0.0394588501492516,0,"276","1","276",-0.158609305530281,0.146659580584906,-0.198068155679532,1.23082782879118,1.49534878122122
"277","S_1660_S143",1.42889598447071,-0.0315774457609313,0,"277","1","277",0.650594810901121,0.118627195976289,0.61901736514019,2.0479133496109,2.51486685936587
"278","S_1674_S49_L003",1.42889598447071,-0.148639763541035,0,"278","1","278",0.218969600434758,0.156039393282384,0.0703298368937232,1.49922582136443,1.25743342968294
"279","S_1675_S175",1.42889598447071,-0.205270311351539,0,"279","1","279",0.325905561917683,0.162903878056059,0.120635250566143,1.54953123503685,1.4142135623731
"280","S_1678_S107",1.42889598447071,-0.092082241150954,0,"280","1","280",0.333053267941012,0.154143664073095,0.240971026790058,1.66986701126077,1.31607401295249
"281","S_1687_S90_L003",1.42889598447071,-0.13805436716661,0,"281","1","281",0.182530108322195,0.158978851079514,0.0444757411555853,1.4733717256263,0
"282","S_1691_S141",1.42889598447071,0.026701975296634,0,"282","1","282",-0.184539920395513,0.14625973617051,-0.157837945098879,1.27105803937183,1.39157884185687
"283","S_1697_S147",1.42889598447071,-0.160225147512726,0,"283","1","283",-0.04629277274923,0.21402109603691,-0.206517920261956,1.22237806420875,1.49534878122122
"284","S_169_S27",1.42889598447071,0.026856457500227,0,"284","1","284",0.339870909719295,0.130888897259307,0.366727367219522,1.79562335169023,1.31607401295249
"285","S_16_S56_L003",1.42889598447071,-0.0849834356302482,0,"285","1","285",0.119269932634175,0.155262416446622,0.0342864970039268,1.46318248147464,2.23606797749979
"286","S_1725_S144",1.42889598447071,-0.160225147512726,0,"286","1","286",5.93002770928885e-05,0.21402109603691,-0.160165847235633,1.26873013723508,0.840896415253715
"287","S_1727_S30",1.42889598447071,-0.248467070425899,0,"287","1","287",0.154860806186905,0.191151844645408,-0.0936062642389936,1.33528972023172,1.25743342968294
"288","S_1735_S172",1.42889598447071,-0.112385962853868,0,"288","1","288",0.548072545064694,0.126310613336474,0.435686582210826,1.86458256668154,1.56508458007329
"289","S_1740_S146",1.42889598447071,-0.182231934493508,0,"289","1","289",-0.224844498925069,0.158418649899876,-0.407076433418577,1.02181955105213,1.91682931273882
"290","S_1747_S48_L003",1.42889598447071,-0.0544555312091001,0,"290","1","290",-0.0662436729369942,0.127832854144252,-0.120699204146094,1.30819678032462,1.49534878122122
"291","S_1753_S75",1.42889598447071,0.0852808122820916,0,"291","1","291",0.0871746774329976,0.163643320666016,0.172455489715089,1.6013514741858,1.49534878122122
"292","S_1755_S134",1.42889598447071,-0.0684287576960515,0,"292","1","292",-0.0541174242821812,0.14558893834636,-0.122546181978233,1.30634980249248,1
"293","S_1757_S61_L003",1.42889598447071,0.046718552224423,0,"293","1","293",-0.0486621887233077,0.150115415203048,-0.00194363649888472,1.42695234797183,1.96798967126543
"294","S_177_S62",1.42889598447071,-0.05698560843137,0,"294","1","294",0.145751292796353,0.134053504194663,0.0887656843649829,1.51766166883569,1.49534878122122
"295","S_1780_S45_L003",1.42889598447071,-0.131676081751847,0,"295","1","295",-0.203767417999652,0.158305030946015,-0.335443499751499,1.09345248471921,1.8612097182042
"296","S_1781_S84",1.42889598447071,-0.166345136754312,0,"296","1","296",-0.133515170818732,0.191694334557398,-0.299860307573044,1.12903567689767,1.96798967126543
"297","S_1783_S150",1.42889598447071,-0.0929327970320637,0,"297","1","297",-0.454420700131594,0.153016869520968,-0.547353497163657,0.881542487307053,0.840896415253715
"298","S_1799_S86",1.42889598447071,-0.0803854190611351,0,"298","1","298",0.0454955993767867,0.150555258328955,-0.0348898196843484,1.39400616478636,1.31607401295249
"299","S_1800_S14_L003",1.42889598447071,-0.0552571884444992,0,"299","1","299",-0.144590295417503,0.149434069516635,-0.199847483862002,1.22904850060871,0
"300","S_1811_S148",1.42889598447071,-0.0529144372972122,0,"300","1","300",0.393979540134428,0.138089522364403,0.341065102837216,1.76996108730793,2.11474252688113
"301","S_181_S65",1.42889598447071,-0.037898088472551,0,"301","1","301",-0.251811634545145,0.128900862054185,-0.289709723017696,1.13918626145301,1.62657656169779
"302","S_1822_S37",1.42889598447071,0.0324614215041916,0,"302","1","302",0.397198227513846,0.125571210703863,0.429659649018037,1.85855563348875,1.77827941003892
"303","S_1823_S3_L003",1.42889598447071,-0.017241023458573,0,"303","1","303",-0.645077270686583,0.129318173853879,-0.662318294145156,0.766577690325554,1
"304","S_1824_S180",1.42889598447071,0.0372545316503797,0,"304","2","  1",-0.214079520562444,0.160510133576534,-0.176824988912064,1.25207099555865,NA
"305","S_1828_S156",1.42889598447071,-0.0614090962208284,0,"305","1","304",0.155539346857625,0.130377752230921,0.0941302506367969,1.52302623510751,1.18920711500272
"306","S_1834_S114",1.42889598447071,-0.200457886887749,0,"306","1","305",0.151010497692631,0.173440456027971,-0.0494473891951177,1.37944859527559,1.77827941003892
"307","S_1835_S57",1.42889598447071,-0.17197902735725,0,"307","1","306",-0.0170035124259505,0.14956977919533,-0.188982539783201,1.23991344468751,0
"308","S_1845_S34",1.42889598447071,-0.00708272539623322,0,"308","1","307",0.258681119857243,0.131017622311337,0.25159839446101,1.68049437893172,2.51486685936587
"309","S_1855_S49",1.42889598447071,-0.143670983853222,0,"309","1","308",-0.186777571176093,0.147767632514449,-0.330448555029315,1.09844742944139,1
"310","S_1856_S51",1.42889598447071,-0.0262220465323279,0,"310","1","309",0.0858969923642034,0.143020094261845,0.0596749458318756,1.48857093030259,0.840896415253715
"311","S_185_S72",1.42889598447071,-0.107044468508995,0,"311","1","310",0.381743298769226,0.148191193897949,0.274698830260232,1.70359481473094,0
"312","S_1861_S1_L003",1.42889598447071,0.0143793891806875,0,"312","1","311",0.0341379767802121,0.136318534887843,0.0485173659608996,1.47741335043161,2.51486685936587
"313","S_1871_S186",1.42889598447071,0.116642086699661,0,"313","1","312",0.304091204019711,0.156784456819222,0.420733290719372,1.84962927519008,1.73205080756888
"314","S_188_S79",1.42889598447071,-0.0759279133222588,0,"314","1","313",-0.558181571381233,0.150221307752524,-0.634109484703492,0.794786499767218,1.18920711500272
"315","S_1909_S132",1.42889598447071,-0.0423290721697635,0,"315","1","314",-0.323614646569978,0.13521829292374,-0.365943718739742,1.06295226573097,2.05976714390712
"316","S_190_S2",1.42889598447071,0.00542058541168004,0,"316","1","315",-0.41103641694294,0.137825527365445,-0.40561583153126,1.02328015293945,2.23606797749979
"317","S_1910_S23_L003",1.42889598447071,-0.0685742903903745,0,"317","1","316",0.176601446534583,0.133034231669306,0.108027156144208,1.53692314061492,1.49534878122122
"318","S_1921_S54",1.42889598447071,-0.172189692973488,0,"318","1","317",-0.403863732356514,0.156836790477061,-0.576053425330001,0.852842559140708,0
"319","S_1934_S21_L003",1.42889598447071,-0.114697902714358,0,"319","1","318",0.0756117620067496,0.161797595022806,-0.0390861407076089,1.3898098437631,2.89250760851908
"320","S_1935_S15",1.42889598447071,-0.0544548689444606,0,"320","1","319",-0.23565183374125,0.157955671506409,-0.290106702685711,1.138789281785,1.49534878122122
"321","S_1939_S59",1.42889598447071,-0.103305854088204,0,"321","1","320",-0.0983493315446409,0.156034171543296,-0.201655185632845,1.22724079883787,2.11474252688113
"322","S_1945_S21",1.42889598447071,0.0290623442933755,0,"322","1","321",-0.356467143735686,0.134044005826995,-0.327404799442311,1.1014911850284,2.21336383940064
"323","S_1946_S184",1.42889598447071,-0.0495554923787307,0,"323","1","322",-0.307209359126878,0.143364063400451,-0.356764851505609,1.0721311329651,1.31607401295249
"324","S_1950_S66",1.42889598447071,-0.200731185443179,0,"324","1","323",-0.477670536307977,0.158292039658244,-0.678401721751156,0.750494262719554,0
"325","S_1955_S145",1.42889598447071,-0.151545847669722,0,"325","1","324",-0.129532489974791,0.19278019829426,-0.281078337644513,1.1478176468262,1.45647531512197
"326","S_1956_S127",1.42889598447071,-0.193731222678931,0,"326","1","325",-0.0610500719638695,0.152385678956269,-0.2547812946428,1.17411468982791,0
"327","S_1971_S104",1.42889598447071,-0.179445019116895,0,"327","1","326",-0.108144698247648,0.155370615334526,-0.287589717364542,1.14130626710617,2.11474252688113
"328","S_1998_S79_L003",1.42889598447071,-0.152986578343916,0,"328","1","327",-0.237145860347333,0.167246898694684,-0.390132438691249,1.03876354577946,0
"329","S_199_S59_L003",1.42889598447071,-0.109634778728351,0,"329","1","328",-0.227866790421669,0.140297352931841,-0.337501569150021,1.09139441532069,1
"330","S_1_S123",1.42889598447071,0.00819721917767339,0,"330","1","329",0.0258469046160414,0.142107635580135,0.0340441237937148,1.46294010826442,0
"331","S_2005_S22",1.42889598447071,-0.139855907145886,0,"331","1","330",-0.612943129856326,0.138258420513497,-0.752799037002212,0.676096947468498,2.23606797749979
"332","S_2008_S85_L003",1.42889598447071,-0.222440107773634,0,"332","1","331",0.341659426108582,0.168860286632243,0.119219318334948,1.54811530280566,1.31607401295249
"333","S_2025_S28",1.42889598447071,-0.168717659962964,0,"333","1","332",0.213599436186621,0.171607371667981,0.0448817762236572,1.47377776069437,1.25743342968294
"334","S_2029_S18_L003",1.42889598447071,-0.0214348479989343,0,"334","1","333",-0.0923953644665599,0.128662788487988,-0.113830212465494,1.31506577200522,2.51486685936587
"335","S_2031_S70",1.42889598447071,-0.0270543675519217,0,"335","1","334",0.0678365310792773,0.125691664161169,0.0407821635273556,1.46967814799807,0
"336","S_2038_S118",1.42889598447071,-0.0743689640722902,0,"336","1","335",0.202926628837995,0.128604172681222,0.128557664765705,1.55745364923641,2.44948974278318
"337","S_2075_S187",1.42889598447071,-0.134451998360555,0,"337","1","336",0.031270586852709,0.182794830181598,-0.103181411507846,1.32571457296286,0
"338","S_2076_S5_L003",1.42889598447071,-0.0436868019781213,0,"338","1","337",-0.0739320880277519,0.146431777132968,-0.117618890005873,1.31127709446484,1.77827941003892
"339","S_2077_S82_L003",1.42889598447071,-0.143640361554781,0,"339","1","338",0.198795473611733,0.141213789647319,0.0551551120569528,1.48405109652766,0.840896415253715
"340","S_2080_S6_L003",1.42889598447071,-0.0374125833564521,0,"340","1","339",0.0517251148139514,0.173699320887029,0.0143125314574993,1.44320851592821,2.51486685936587
"341","S_2083_S65_L003",1.42889598447071,-0.119193895956065,0,"341","1","340",0.207239070484223,0.167201394150286,0.088045174528158,1.51694115899887,1.31607401295249
"342","S_2089_S17",1.42889598447071,-0.125984964114032,0,"342","1","341",-0.329879430653141,0.163769451971217,-0.455864394767173,0.973031589703536,0
"343","S_2096_S54_L003",1.42889598447071,-0.127258443861745,0,"343","1","342",0.250901551721227,0.146622885047784,0.123643107859483,1.55253909233019,2.51486685936587
"344","S_2098_S191",1.42889598447071,0.0337735793414107,0,"344","1","343",0.205589961324445,0.145437854801802,0.239363540665856,1.66825952513657,1.31607401295249
"345","S_2108_S154",1.42889598447071,-0.141099218374916,0,"345","1","344",0.0710204547293978,0.167217694134871,-0.0700787636455186,1.35881722082519,1.77827941003892
"346","S_210_S177",1.42889598447071,0.0385034915238271,0,"346","1","345",-0.359709760428339,0.135640785235633,-0.321206268904511,1.1076897155662,0
"347","S_2120_S134",1.42889598447071,-0.0897907149675338,0,"347","1","346",-0.0551426902790415,0.190257275504098,-0.144933405246575,1.28396257922413,0
"348","S_2124_S101",1.42889598447071,-0.282113452135419,0,"348","1","347",-0.136472370272709,0.210779686045208,-0.418585822408128,1.01031016206258,0
"349","S_2125_S140",1.42889598447071,-0.0474787553618993,0,"349","1","348",-0.122581366084125,0.165433611818256,-0.170060121446024,1.25883586302469,0
"350","S_2126_S35",1.42889598447071,0.00687451526888444,0,"350","1","349",-0.211987714673058,0.136097340840325,-0.205113199404174,1.22378278506654,1.31607401295249
"351","S_212_S12",1.42889598447071,-0.00980265951061651,0,"351","1","350",-0.354086316766347,0.165062323724481,-0.363888976276963,1.06500700819375,0
"352","S_2130_S16_L003",1.42889598447071,-0.115066601877489,0,"352","1","351",0.00261064794907105,0.147659071913477,-0.112455953928418,1.31644003054229,1.96798967126543
"353","S_2138_S112",1.42889598447071,0.0140801225049842,0,"353","1","352",0.916819839373718,0.143226470246909,0.930899961878702,2.35979594634941,2.23606797749979
"354","S_2139_S60",1.42889598447071,-0.179006920306881,0,"354","1","353",-0.121067007132188,0.173138096808507,-0.30007392743907,1.12882205703164,1.18920711500272
"355","S_2149_S9_L003",1.42889598447071,-0.154665300779548,0,"355","1","354",-0.0333713156294717,0.152023092797703,-0.18803661640902,1.24085936806169,0
"356","S_2157_S122",1.42889598447071,-0.00901074871128138,0,"356","1","355",-0.26400069274805,0.13942855262529,-0.273011441459331,1.15588454301138,1.18920711500272
"357","S_2162_S4_L003",1.42889598447071,0.00309696703916852,0,"357","1","356",0.273234749951762,0.147395482604745,0.27633171699093,1.70522770146164,2.05976714390712
"358","S_2167_S81_L003",1.42889598447071,-0.100180700000939,0,"358","1","357",-0.298908524625109,0.144553005000227,-0.399089224626048,1.02980675984466,0
"359","S_2177_S11_L003",1.42889598447071,-0.233205902830523,0,"359","1","358",-0.347174771103972,0.170218372845317,-0.580380673934494,0.848515310536215,1.25743342968294
"360","S_2194_S133",1.42889598447071,-0.144296505593584,0,"360","1","359",-0.0135352127516429,0.157721342985081,-0.157831718345227,1.27106426612548,1.8612097182042
"361","S_2195_S129",1.42889598447071,-0.176147865351324,0,"361","1","360",-0.2298374212855,0.146119969743841,-0.405985286636824,1.02291069783389,0
"362","S_2200_S5",1.42889598447071,-0.132433580818403,0,"362","1","361",0.14461799146765,0.156381614898571,0.0121844106492469,1.44108039511996,0.562341325190349
"363","S_2224_S161",1.42889598447071,-0.11601920865798,0,"363","1","362",-0.085577434505781,0.145283375345113,-0.201596643163761,1.22729934130695,2.34034731932072
"364","S_2225_S110",1.42889598447071,-0.128345600055067,0,"364","1","363",0.258115181698128,0.195422420749291,0.129769581643061,1.55866556611377,1.31607401295249
"365","S_2233_S80_L003",1.42889598447071,-0.0516336405124474,0,"365","1","364",0.0429606726370858,0.130088589923979,-0.00867296787536159,1.42022301659535,1.56508458007329
"366","S_2277_S189",1.42889598447071,-0.0897548091576,0,"366","1","365",-0.260040187465687,0.159519394678223,-0.349794996623287,1.07910098784742,2.05976714390712
"367","S_228_S138",1.42889598447071,0.0406507342097278,0,"367","1","366",-0.165210112520738,0.135883309863688,-0.12455937831101,1.3043366061597,0.840896415253715
"368","S_2296_S115",1.42889598447071,-0.148577923009098,0,"368","1","367",0.681465609642795,0.149873944644664,0.532887686633697,1.96178367110441,0
"369","S_229_S24_L003",1.42889598447071,-0.000318544406321865,0,"369","1","368",0.520718487128763,0.132226029107583,0.520399942722441,1.94929592719315,1.96798967126543
"370","S_2316_S149",1.42889598447071,-0.0920513862073043,0,"370","1","369",-0.037344006429122,0.149788871006904,-0.129395392636426,1.29950059183428,1
"371","S_2317_S77_L003",1.42889598447071,-0.0360726355324342,0,"371","1","370",0.243187091919259,0.133841529871057,0.207114456386825,1.63601044085753,1.49534878122122
"372","S_2318_S85",1.42889598447071,0.069920158466315,0,"372","1","371",-0.519861021418179,0.140318911271108,-0.449940862951864,0.978955121518845,2.44948974278318
"373","S_2326_S100",1.42889598447071,0.0915433180599886,0,"373","1","372",-0.541779942720453,0.13021493991281,-0.450236624660465,0.978659359810245,0
"374","S_2332_S35_L003",1.42889598447071,0.0140257681998535,0,"374","1","373",0.463169143046234,0.128388548243162,0.477194911246088,1.9060908957168,1.96798967126543
"375","S_2335_S96",1.42889598447071,-0.133235472052028,0,"375","1","374",0.0762936931529503,0.198432985605705,-0.0569417788990777,1.37195420557163,0
"376","S_2341_S56",1.42889598447071,-0.0323988466749422,0,"376","1","375",-0.459730834113431,0.129048054620444,-0.492129680788373,0.936766303682337,0
"377","S_2344_S156",1.42889598447071,-0.160225147512726,0,"377","1","376",0.0596164110376188,0.21402109603691,-0.100608736475107,1.3282872479956,0
"378","S_2346_S152",1.42889598447071,-0.107513194743438,0,"378","1","377",-0.236631063947896,0.136466200049804,-0.344144258691333,1.08475172577938,0
"379","S_2387_S147",1.42889598447071,-0.0230702599062997,0,"379","1","378",-0.531581726928512,0.126364231562483,-0.554651986834812,0.874243997635898,1.18920711500272
"380","S_2397_S166",1.42889598447071,-0.135205877759353,0,"380","1","379",-0.410378499211367,0.173644497505093,-0.54558437697072,0.88331160749999,1.56508458007329
"381","S_255_S45",1.42889598447071,-0.0472387026658595,0,"381","1","380",0.187992674035995,0.154414624847054,0.140753971370136,1.56964995584085,0
"382","S_256_S39_L003",1.42889598447071,-0.0439038899363662,0,"382","1","381",-0.170718986846621,0.140380492924086,-0.214622876782987,1.21427310768772,0
"383","S_274_S192",1.42889598447071,-0.0977758406834412,0,"383","1","382",0.108975670176518,0.147565355939333,0.0111998294930765,1.44009581396379,0
"384","S_276_S74",1.42889598447071,0.00166702438440249,0,"384","1","383",-0.076874850114902,0.140413175811186,-0.0752078257304995,1.35368815874021,1.49534878122122
"385","S_27_S7",1.42889598447071,-0.0613323881404532,0,"385","1","384",0.00454966719793257,0.14137580676249,-0.0567827209425206,1.37211326352819,0.840896415253715
"386","S_285_1_S191",1.42889598447071,-0.130074088725332,0,"386","1","385",0.254550310889309,0.148210791559164,0.124476222163977,1.55337220663469,2.05976714390712
"387","S_289_S32_L003",1.42889598447071,-0.170036781241038,0,"387","1","386",-0.0250589669308374,0.18376666062982,-0.195095748171875,1.23380023629883,1.31607401295249
"388","S_292_S80",1.42889598447071,-0.108482806980838,0,"388","1","387",-0.223788841053117,0.14846418933726,-0.332271648033955,1.09662433643675,1.31607401295249
"389","S_295_S46_L003",1.42889598447071,0.0596973915818421,0,"389","1","388",-0.50069505294621,0.14370887046681,-0.440997661364367,0.987898323106343,1.31607401295249
"390","S_297_S95",1.42889598447071,0.034198927057144,0,"390","1","389",0.279479734530849,0.148821778926089,0.313678661587993,1.7425746460587,2.51486685936587
"391","S_302_S182",1.42889598447071,-0.121440747117713,0,"391","1","390",0.706582326270964,0.147963701516481,0.585141579153251,2.01403756362396,2.11474252688113
"392","S_328_S179",1.42889598447071,-0.10259607999007,0,"392","1","391",0.193531335269019,0.169956664124581,0.0909352552789486,1.51983123974966,1.56508458007329
"393","S_32_S152",1.42889598447071,-0.172049043309067,0,"393","1","392",-0.22463192955659,0.175012936696503,-0.396680972865657,1.03221501160505,0
"394","S_331_S25",1.42889598447071,-0.0321037807478731,0,"394","1","393",0.263607875731592,0.145123361155599,0.231504094983718,1.66040007945443,0
"395","S_334_S137",1.42889598447071,-0.119855480283217,0,"395","1","394",-0.356968241840521,0.142409703923247,-0.476823722123738,0.952072262346972,0
"396","S_337_S8",1.42889598447071,0.0272113320717042,0,"396","1","395",0.0619145217196906,0.147455836414562,0.0891258537913947,1.5180218382621,2.99069756244244
"397","S_339_S28_L003",1.42889598447071,0.0352356514796961,0,"397","1","396",0.172871192987874,0.131665267217578,0.20810684446757,1.63700282893828,0
"398","S_341_S162",1.42889598447071,-0.0974276245351551,0,"398","1","397",0.277034761808761,0.159059498078613,0.179607137273606,1.60850312174432,1.83142075074235
"399","S_344_S160",1.42889598447071,-0.127969447869143,0,"399","1","398",0.222710578075081,0.197358282687756,0.0947411302059383,1.52363711467665,1.56508458007329
"400","S_357_S87",1.42889598447071,0.0448175069671764,0,"400","1","399",-0.307065112790528,0.143535803846569,-0.262247605823351,1.16664837864736,1.49534878122122
"401","S_371_S41_L003",1.42889598447071,-0.0869645473489354,0,"401","1","400",-0.14620056293353,0.139038234344183,-0.233165110282465,1.19573087418824,1
"402","S_373_S73",1.42889598447071,-0.196618872089255,0,"402","1","401",0.189886827537366,0.162876095531735,-0.00673204455188881,1.42216393991882,0
"403","S_377_S12_L003",1.42889598447071,-0.111925842116276,0,"403","1","402",0.293567933023452,0.144364302038342,0.181642090907176,1.61053807537789,2.78315768371374
"404","S_385_S62_L003",1.42889598447071,0.00490222877733951,0,"404","1","403",0.168145864527822,0.160352184438311,0.173048093305162,1.60194407777587,2.23606797749979
"405","S_393_S135",1.42889598447071,-0.0554530110645092,0,"405","2","  2",-0.365483493272506,0.152476220590975,-0.420936504337015,1.00795948013369,NA
"406","S_397_S176",1.42889598447071,-0.184299808574288,0,"406","1","404",-0.272769037006111,0.16839282638821,-0.457068845580399,0.971827138890311,1.18920711500272
"407","S_406_S140",1.42889598447071,-0.0897563257492557,0,"407","1","405",0.277269162344533,0.14215261515943,0.187512836595277,1.61640882106599,2.65914794847249
"408","S_407_S131",1.42889598447071,-0.114302188276773,0,"408","1","406",-0.3525914398083,0.151093183367238,-0.466893628085074,0.962002356385636,0
"409","S_413_S86_L003",1.42889598447071,-0.00578811321995686,0,"409","1","407",0.159297062067681,0.134398756576953,0.153508948847724,1.58240493331843,0
"410","S_419_S1",1.42889598447071,-0.0703330926451259,0,"410","1","408",-0.047246804314514,0.153600863779975,-0.11757989695964,1.31131608751107,1.49534878122122
"411","S_41_S124",1.42889598447071,-0.242854690803315,0,"411","1","409",0.472680283572296,0.197503924652416,0.229825592768981,1.65872157723969,0
"412","S_440_S128",1.42889598447071,-0.133290549475395,0,"412","1","410",-0.0781991845402717,0.16065983157043,-0.211489734015666,1.21740625045504,0
"413","S_450_S135",1.42889598447071,-0.220773064520597,0,"413","1","411",0.317294649147278,0.177844040555883,0.0965215846266813,1.52541756909739,0.840896415253715
"414","S_453_S63",1.42889598447071,-0.0783928538423437,0,"414","1","412",0.0204684151971927,0.14717036414342,-0.057924438645151,1.37097154582556,0
"415","S_454_S71_L003",1.42889598447071,-0.0962008180245225,0,"415","1","413",0.0930889606608535,0.136475329116073,-0.00311185736366905,1.42578412710704,2.54572989502183
"416","S_469_S119",1.42889598447071,-0.0745774327078003,0,"416","1","414",-0.39635225374969,0.156412321563017,-0.470929686457491,0.957966298013219,2.89250760851908
"417","S_474_S89_L003",1.42889598447071,-0.127969447869143,0,"417","1","415",0.329714357021875,0.197358282687756,0.201744909152733,1.63064089362344,0
"418","S_481_S27_L003",1.42889598447071,0.00685099235738114,0,"418","1","416",-0.118088060183478,0.133249783088169,-0.111237067826096,1.31765891664461,0.840896415253715
"419","S_487_S31",1.42889598447071,-0.183588496286701,0,"419","1","417",-0.240167789710855,0.161708335885849,-0.423756285997555,1.00513969847315,1.49534878122122
"420","S_501_S43",1.42889598447071,0.0130011196714294,0,"420","1","418",0.373141932586061,0.12959449718225,0.386143052257491,1.8150390367282,0
"421","S_509_S109",1.42889598447071,-0.0439306919957862,0,"421","1","419",-0.446396262832388,0.159147916921985,-0.490326954828175,0.938569029642535,0
"422","S_515_S58",1.42889598447071,-0.0749540747807632,0,"422","1","420",-0.137369799477591,0.13421807115053,-0.212323874258354,1.21657211021236,0
"423","S_516_S138",1.42889598447071,-0.117152089413657,0,"423","1","421",-0.141281642805624,0.198544503119818,-0.258433732219281,1.17046225225143,0
"424","S_517_S20_L003",1.42889598447071,-0.173013589480915,0,"424","1","422",-0.404607208010689,0.167816676550393,-0.577620797491604,0.851275186979106,2.89250760851908
"425","S_522_S10",1.42889598447071,-0.132919061190337,0,"425","1","423",0.549455709661396,0.154062363198885,0.416536648471058,1.84543263294177,2.34034731932072
"426","S_524_S33_L003",1.42889598447071,-0.0975543054393463,0,"426","1","424",-0.0162663609932301,0.154492261095092,-0.113820666432576,1.31507531803813,1.31607401295249
"427","S_528_S103",1.42889598447071,-0.122843014689388,0,"427","1","425",0.244317050048582,0.147577028042328,0.121474035359194,1.5503700198299,2.34034731932072
"428","S_533_S68",1.42889598447071,-0.0211092615426976,0,"428","1","426",0.0228676538395449,0.156449953665822,0.00175839229684729,1.43065437676756,1.56508458007329
"429","S_537_S78_L003",1.42889598447071,0.0175344371875236,0,"429","1","427",0.125893515469756,0.128980973519045,0.14342795265728,1.57232393712799,2.78315768371374
"430","S_545_S69",1.42889598447071,-0.190523468779705,0,"430","1","428",-0.186960141124307,0.154348746660157,-0.377483609904012,1.0514123745667,1.10668191970032
"431","S_565_S149",1.42889598447071,-0.0828668802351709,0,"431","1","429",0.244788491460989,0.155215174421784,0.161921611225818,1.59081759569653,2.05976714390712
"432","S_567_S165",1.42889598447071,0.0630896547385769,0,"432","1","430",-0.0176699309602046,0.128386305201858,0.0454197237783723,1.47431570824908,0
"433","S_574_S155",1.42889598447071,-0.109104710227428,0,"433","1","431",0.280460938361082,0.170665327361288,0.171356228133654,1.60025221260436,0
"434","S_591_S99",1.42889598447071,-0.090481782552853,0,"434","1","432",-0.452247128710885,0.143479227456576,-0.542728911263738,0.886167073206972,1.49534878122122
"435","S_5_S63_L003",1.42889598447071,-0.114894458972068,0,"435","1","433",-0.283901719121168,0.193019848612274,-0.398796178093237,1.03009980637747,2.51486685936587
"436","S_629_S113",1.42889598447071,-0.0686889295896025,0,"436","1","434",0.176516074649194,0.137513215635832,0.107827145059592,1.5367231295303,1.77827941003892
"437","S_630_S51_L003",1.42889598447071,-0.118670399639911,0,"437","1","435",0.0490346478149204,0.147918001307255,-0.0696357518249911,1.35926023264572,2.11474252688113
"438","S_631_S87_L003",1.42889598447071,0.0562355439819925,0,"438","1","436",0.222372399018359,0.147590263429396,0.278607943000352,1.70750392747106,1.96798967126543
"439","S_63_S170",1.42889598447071,0.0447396991262793,0,"439","1","437",0.165727843032441,0.151366388216085,0.210467542158721,1.63936352662943,0
"440","S_640_S178",1.42889598447071,-0.124999274514441,0,"440","1","438",-0.502242329156314,0.162699535840358,-0.627241603670755,0.801654380799955,0
"441","S_646_S142",1.42889598447071,-0.139778764648993,0,"441","1","439",0.429598074021689,0.146180629053675,0.289819309372696,1.71871529384341,1.25743342968294
"442","S_650_S129",1.42889598447071,-0.146169526615582,0,"442","1","440",0.126609044896804,0.150996876203628,-0.0195604817187784,1.40933550275193,2.17793858734643
"443","S_653_S6",1.42889598447071,0.0466584500702448,0,"443","1","441",0.192708692652499,0.13801239677883,0.239367142722744,1.66826312719345,2.34034731932072
"444","S_656_S181",1.42889598447071,0.0720665022540146,0,"444","1","442",0.0230914546600967,0.141933980333972,0.0951579569141112,1.52405394138482,2.34034731932072
"445","S_657_S154",1.42889598447071,-0.142887838064858,0,"445","1","443",-0.165735540790758,0.201048191422083,-0.308623378855616,1.12027260561509,2.23606797749979
"446","S_658_S33",1.42889598447071,0.120033557046358,0,"446","1","444",0.215775656359791,0.141983886579298,0.335809213406149,1.76470519787686,2.89250760851908
"447","S_65_S29_L003",1.42889598447071,-0.0669676335485717,0,"447","1","445",0.249565325421299,0.169813346011378,0.182597691872727,1.61149367634344,2.11474252688113
"448","S_662_S98",1.42889598447071,0.0479575899567994,0,"448","1","446",-0.0880608054390278,0.130856134086613,-0.0401032154822284,1.38879276898848,0.840896415253715
"449","S_673_S40_L003",1.42889598447071,0.145230269897745,0,"449","1","447",0.0289746111012579,0.170008399336828,0.174204880999003,1.60310086546971,1.4142135623731
"450","S_674_S130",1.42889598447071,-0.0326389581458162,0,"450","1","448",-0.126551264129304,0.124044890248038,-0.15919022227512,1.26970576219559,0
"451","S_679_S9",1.42889598447071,-0.0326881834072965,0,"451","1","449",-0.311998955948153,0.140599536111767,-0.34468713935545,1.08420884511526,1.25743342968294
"452","S_685_S121",1.42889598447071,-0.0984951229964183,0,"452","1","450",0.217699480554615,0.146557601617555,0.119204357558197,1.54810034202891,1.31607401295249
"453","S_695_S46",1.42889598447071,-0.0393371628256452,0,"453","1","451",-0.108185847078315,0.140797358395699,-0.14752300990396,1.28137297456675,2.51486685936587
"454","S_696_S88",1.42889598447071,-0.176973425574044,0,"454","1","452",0.100848182950073,0.15749309897,-0.0761252426239713,1.35277074184674,2.34034731932072
"455","S_706_S108",1.42889598447071,0.0506925228129065,0,"455","1","453",0.0530855388271043,0.136207908266462,0.103778061640011,1.53267404611072,1.25743342968294
"456","S_711_S50",1.42889598447071,-0.0898234744318652,0,"456","1","454",0.0314703671493347,0.133453742386206,-0.0583531072825305,1.37054287718818,1.49534878122122
"457","S_712_S136",1.42889598447071,-0.00902237314093336,0,"457","1","455",0.168944511234548,0.134280173046254,0.159922138093615,1.58881812256432,1.45647531512197
"458","S_713_S163",1.42889598447071,-0.135615271575491,0,"458","1","456",-0.0843499136023021,0.187596154526651,-0.219965185177793,1.20893079929292,1.77827941003892
"459","S_714_S34_L003",1.42889598447071,-0.0873908995859365,0,"459","1","457",-0.191125340806988,0.147139886654191,-0.278516240392925,1.15037974407779,1.56508458007329
"460","S_726_S69_L003",1.42889598447071,-0.0278834401213417,0,"460","1","458",0.32877124663591,0.140951765197583,0.300887806514568,1.72978379098528,2.78315768371374
"461","S_733_S67_L003",1.42889598447071,-0.10242548573128,0,"461","1","459",0.0309929017366912,0.134388826399278,-0.0714325839945889,1.35746340047612,1.25743342968294
"462","S_738_S39",1.42889598447071,0.163695872906298,0,"462","1","460",0.302666514529678,0.159120601471563,0.466362387435976,1.89525837190669,1.56508458007329
"463","S_758_S128",1.42889598447071,-0.0527857452393975,0,"463","1","461",0.661267164567348,0.134873658786581,0.608481419327951,2.03737740379866,2.65914794847249
"464","S_762_S173",1.42889598447071,0.0676251142170956,0,"464","1","462",0.189694316600803,0.143764174644269,0.257319430817899,1.68621541528861,2.11474252688113
"465","S_764_S93_L003",1.42889598447071,0.0842630339644876,0,"465","1","463",-0.381304098773356,0.144552497660251,-0.297041064808868,1.13185491966184,2.89250760851908
"466","S_765_S48",1.42889598447071,-0.0495709965300063,0,"466","1","464",0.268677898881345,0.133447160107072,0.219106902351339,1.64800288682205,1.31607401295249
"467","S_770_S57_L003",1.42889598447071,-0.15025538225745,0,"467","1","465",-0.11183396632428,0.139352621897213,-0.26208934858173,1.16680663588898,1.4142135623731
"468","S_772_S58_L003",1.42889598447071,0.00122961002477166,0,"468","1","466",-0.269796130358561,0.134265037114421,-0.268566520333789,1.16032946413692,0
"469","S_779_S94_L003",1.42889598447071,-0.0376736259668524,0,"469","1","467",-0.293368369634197,0.12778619267256,-0.33104199560105,1.09785398886966,0
"470","S_7_S141",1.42889598447071,0.0360249661739163,0,"470","1","468",0.27348572120975,0.137026965617847,0.309510687383666,1.73840667185438,1.31607401295249
"471","S_813_S44_L003",1.42889598447071,0.0611297525303327,0,"471","1","469",0.234153241454546,0.149990258196722,0.295282993984879,1.72417897845559,2.23606797749979
"472","S_824_S40",1.42889598447071,0.0490518027143433,0,"472","1","470",-0.267499275034054,0.182308552078988,-0.21844747231971,1.210448512151,0
"473","S_825_S71",1.42889598447071,-0.109750206733366,0,"473","1","471",0.31248683838427,0.155764021296136,0.202736631650904,1.63163261612161,1.25743342968294
"474","S_826_S8_L003",1.42889598447071,-0.135198138200198,0,"474","1","472",-0.312635053654696,0.159741458861019,-0.447833191854894,0.981062792615816,1.56508458007329
"475","S_837_S50_L003",1.42889598447071,0.0495905201034432,0,"475","1","473",-0.24500810871671,0.140974504287745,-0.195417588613267,1.23347839585744,2.65914794847249
"476","S_83_S14",1.42889598447071,-0.075431778920925,0,"476","1","474",-0.0280244758287751,0.146224898157985,-0.1034562547497,1.32543972972101,0
"477","S_840_S88_L003",1.42889598447071,-0.069006936123151,0,"477","1","475",-0.0184510902384742,0.171276789859988,-0.0874580263616252,1.34143795810908,1.77827941003892
"478","S_844_S151",1.42889598447071,-0.0771640607022559,0,"478","1","476",0.091712933355616,0.135551797921496,0.0145488726533601,1.44344485712407,0
"479","S_85_S36_L003",1.42889598447071,0.0128770350845043,0,"479","1","477",-0.191826959998602,0.128808333348709,-0.178949924914098,1.24994605955661,1.18920711500272
"480","S_861_S22_L003",1.42889598447071,-0.212459639250667,0,"480","1","478",-0.143652446837512,0.180140548654486,-0.35611208608818,1.07278389838253,2.51486685936587
"481","S_865_S82",1.42889598447071,0.0824158528260201,0,"481","1","479",-0.341804150435738,0.142734872246652,-0.259388297609718,1.16950768686099,1.77827941003892
"482","S_879_S97",1.42889598447071,-0.0773334250772925,0,"482","1","480",0.420779488289195,0.144250818959013,0.343446063211903,1.77234204768261,1.31607401295249
"483","S_87_S81",1.42889598447071,-0.116500453629254,0,"483","1","481",-0.353993331642003,0.139709065522305,-0.470493785271257,0.958402199199453,2.34034731932072
"484","S_885_S77",1.42889598447071,-0.0712397044972803,0,"484","1","482",0.406733216016917,0.157468788491906,0.335493511519636,1.76438949599035,0.840896415253715
"485","S_901_S136",1.42889598447071,-0.0712521628527838,0,"485","2","  3",-0.46473544522814,0.163539180612743,-0.535987608080924,0.892908376389786,NA
"486","S_932_S42_L003",1.42889598447071,-0.119552107545465,0,"486","1","483",0.0489489807444391,0.145845472035934,-0.0706031268010254,1.35829285766968,1.31607401295249
"487","S_961_S70_L003",1.42889598447071,-0.023363118018329,0,"487","1","484",0.0814566886374137,0.175021212835126,0.0580935706190847,1.48698955508979,2.63214802590498
"488","S_962_S42",1.42889598447071,-0.0138764081925627,0,"488","1","485",-0.0119218762433712,0.137543213977768,-0.0257982844359339,1.40309770003478,1.49534878122122
"489","S_972_S142",1.42889598447071,-0.0904621847502088,0,"489","1","486",-0.206249466149583,0.164100562726144,-0.296711650899792,1.13218433357092,0
"490","S_978_S90",1.42889598447071,-0.149803296152455,0,"490","1","487",0.0540666380541074,0.170869809279856,-0.0957366580983479,1.33315932637236,0
"491","S_983_S4",1.42889598447071,-0.0877746323209343,0,"491","1","488",-0.221640240308756,0.139291993232331,-0.30941487262969,1.11948111184102,0
"492","S_993_S55",1.42889598447071,0.0654170714033211,0,"492","1","489",-0.149081394000958,0.146682788697449,-0.083664322597637,1.34523166187307,0.840896415253715
"493","NSW1201426",1.42889598447071,0.0943239686063899,0,"493","2","  4",-0.0751008701656082,0.118617698043928,0.0192230984407818,1.44811908291149,NA
"494","NSW1212884",1.42889598447071,0.159174878687265,0,"494","2","  5",-0.216820273439656,0.122129253648431,-0.0576453947523902,1.37125058971832,NA
"495","NSW1200541",1.42889598447071,0.0852797487189182,0,"495","2","  6",-0.122701909658629,0.124553954760301,-0.0374221609397113,1.391473823531,NA
"496","NSW1190165",1.42889598447071,0.107114047680562,0,"496","2","  7",0.0288669605328384,0.130144299675112,0.1359810082134,1.56487699268411,NA
"497","NSW1166659",1.42889598447071,0.0702722067258892,0,"497","2","  8",-0.2599074594549,0.118736241059461,-0.189635252729011,1.2392607317417,NA
"498","NSW1213025",1.42889598447071,-0.00532801291867364,0,"498","2","  9",-0.131471722804206,0.133480452801782,-0.13679973572288,1.29209624874783,NA
"499","NSW1211446",1.42889598447071,0.166926414744138,0,"499","2"," 10",-0.162901605543263,0.114531893009834,0.00402480920087522,1.43292079367159,NA
"500","NSW1200628",1.42889598447071,0.129526063216021,0,"500","2"," 11",-0.243332928219679,0.123482154156119,-0.113806865003658,1.31508911946705,NA
"501","NSW1166664",1.42889598447071,0.102546247258734,0,"501","2"," 12",-0.113812146708733,0.132509337362046,-0.011265899449998,1.41763008502071,NA
"502","NSW1213021",1.42889598447071,0.0256136136782804,0,"502","2"," 13",0.0244655787363225,0.12603702104279,0.0500791924146029,1.47897517688531,NA
"503","NSW1201391",1.42889598447071,0.104754453297606,0,"503","2"," 14",0.229927324235974,0.131213215545805,0.33468177753358,1.76357776200429,NA
"504","NSW1201419",1.42889598447071,0.0950700764375066,0,"504","2"," 15",0.154139071483081,0.136144141738683,0.249209147920587,1.6781051323913,NA
"505","NSW1201415",1.42889598447071,0.114155827854826,0,"505","2"," 16",0.113900085127793,0.12358160843256,0.228055912982619,1.65695189745333,NA
"506","NSW1200364",1.42889598447071,0.13178617573962,0,"506","2"," 17",-0.580593901802248,0.137477509154069,-0.448807726062628,0.980088258408082,NA
"507","NSW1190167",1.42889598447071,0.139456215136781,0,"507","2"," 18",0.329041155426566,0.120660435892105,0.468497370563347,1.89739335503406,NA
"508","NSW1190204",1.42889598447071,0.169063751602162,0,"508","2"," 19",0.18815030381976,0.119438221636746,0.357214055421923,1.78611003989263,NA
"509","NSW1200834",1.42889598447071,0.170007177335422,0,"509","2"," 20",-0.221786845625368,0.121155998502728,-0.0517796682899458,1.37711631618076,NA
"510","NSW1200533",1.42889598447071,0.109054746145236,0,"510","2"," 21",0.108109951325513,0.127627411135134,0.217164697470749,1.64606068194146,NA
"511","NSW1200414",1.42889598447071,0.14326655558084,0,"511","2"," 22",-0.176764665073802,0.129507646702243,-0.0334981094929618,1.39539787497775,NA
"512","NSW1200759",1.42889598447071,0.122919716751483,0,"512","2"," 23",0.2562004252444,0.119152685409045,0.379120141995883,1.80801612646659,NA
"513","NSW1212889",1.42889598447071,0.0665842333986066,0,"513","2"," 24",-0.00246224810390753,0.124667841863956,0.064121985294699,1.49301796976541,NA
"514","NSW1211427",1.42889598447071,0.0806786209559542,0,"514","2"," 25",0.0564663601552635,0.138002128033857,0.137144981111218,1.56604096558193,NA
"515","NSW1200379",1.42889598447071,0.175581824644917,0,"515","2"," 26",0.0401948207831396,0.128362653827123,0.215776645428057,1.64467262989877,NA
"516","NSW1211455",1.42889598447071,0.0387933127100923,0,"516","2"," 27",0.16453913654214,0.123525483189678,0.203332449252232,1.63222843372294,NA
"517","NSW1213033",1.42889598447071,0.0142451749142266,0,"517","2"," 28",0.182080774202408,0.132622083507054,0.196325949116635,1.62522193358734,NA
"518","NSW1212980",1.42889598447071,-0.0197999144350268,0,"518","2"," 29",0.433753851491879,0.137360393270117,0.413953937056852,1.84284992152756,NA
"519","NSW1190213",1.42889598447071,0.0574291440522448,0,"519","2"," 30",-0.359013686677017,0.132758141731133,-0.301584542624772,1.12731144184594,NA
"520","NSW1201416",1.42889598447071,0.113045201070961,0,"520","2"," 31",0.327212019760029,0.118263528625746,0.44025722083099,1.8691532053017,NA
"521","NSW1200418",1.42889598447071,-0.0042589637928981,0,"521","2"," 32",-0.13975945605861,0.129414864969429,-0.144018419851508,1.2848775646192,NA
"522","NSW1211456",1.42889598447071,0.156238492194709,0,"522","2"," 33",0.311045875398773,0.119324195022572,0.467284367593482,1.89618035206419,NA
"523","NSW1211564",1.42889598447071,0.00167586039231839,0,"523","2"," 34",0.566881070896071,0.129570694047308,0.568556931288389,1.9974529157591,NA
"524","NSW1213016",1.42889598447071,0.13781340315732,0,"524","2"," 35",0.240286013512959,0.140227231028688,0.378099416670279,1.80699540114099,NA
"525","NSW1211583",1.42889598447071,0.222686938874255,0,"525","2"," 36",-0.323928038491629,0.129140236529785,-0.101241099617374,1.32765488485334,NA
"526","NSW1200839",1.42889598447071,0.170007177335422,0,"526","2"," 37",-0.221786845625368,0.121155998502728,-0.0517796682899458,1.37711631618076,NA
"527","NSW1211565",1.42889598447071,0.168515243405588,0,"527","2"," 38",-0.00151538925566236,0.118079603587863,0.166999854149925,1.59589583862064,NA
"528","NSW1200425",1.42889598447071,-0.0232030714360097,0,"528","2"," 39",0.0166315269240466,0.133397432165933,-0.00657154451196311,1.42232443995875,NA
"529","NSW1200662",1.42889598447071,0.102246324329761,0,"529","2"," 40",0.375652636883494,0.126740520007355,0.477898961213254,1.90679494568396,NA
"530","NSW1166655",1.42889598447071,0.0655306827234883,0,"530","2"," 41",0.0667853343077157,0.122692294224656,0.132316017031204,1.56121200150191,NA
"531","NSW1212948",1.42889598447071,-0.0571916085513767,0,"531","2"," 42",-0.251310317978078,0.144540843884122,-0.308501926529455,1.12039405794126,NA
"532","NSW1200528",1.42889598447071,0.0275006068727175,0,"532","2"," 43",0.448142083456884,0.13890659063687,0.475642690329602,1.90453867480031,NA
"533","NSW1200563",1.42889598447071,0.162645158170742,0,"533","2"," 44",-0.218183835508246,0.125546748845096,-0.0555386773375041,1.37335730713321,NA
"534","NSW1200351",1.42889598447071,0.0376979900466547,0,"534","2"," 45",0.236093909171811,0.132908832709969,0.273791899218466,1.70268788368918,NA
"535","NSW1213015",1.42889598447071,0.115331081803224,0,"535","2"," 46",0.221005915697583,0.122042136244211,0.336336997500807,1.76523298197152,NA
"536","NSW1200394",1.42889598447071,0.105730757988923,0,"536","2"," 47",-0.0443428287775989,0.120254535104129,0.0613879292113245,1.49028391368203,NA
"537","NSW1213011",1.42889598447071,-0.0139657468227022,0,"537","2"," 48",0.147360881243564,0.13098732882995,0.133395134420862,1.56229111889157,NA
"538","NSW1200664",1.42889598447071,0.132301303302722,0,"538","2"," 49",0.138516612920924,0.130031843353447,0.270817916223646,1.69971390069436,NA
"539","NSW1201655",1.42889598447071,0.130593833425058,0,"539","2"," 50",0.293739582537953,0.125493048071643,0.424333415963011,1.85322940043372,NA
"540","NSW1200536",1.42889598447071,0.0900471502534317,0,"540","2"," 51",0.0508687786793739,0.123555237341452,0.140915928932806,1.56981191340352,NA
"541","NSW1212943",1.42889598447071,0.0856387673115611,0,"541","2"," 52",-0.0109244561722752,0.128409268748776,0.0747143111392859,1.50361029561,NA
"542","NSW1200559",1.42889598447071,0.0711555476070903,0,"542","2"," 53",-0.163636217256175,0.135560674707485,-0.0924806696490845,1.33641531482163,NA
"543","NSW1200558",1.42889598447071,0.0800168669574852,0,"543","2"," 54",0.192995254627751,0.126483749532396,0.273012121585236,1.70190810605595,NA
"544","NSW1200524",1.42889598447071,0.088904405965539,0,"544","2"," 55",0.473000136526369,0.125720676413284,0.561904542491908,1.99080052696262,NA
"545","NSW1212795",1.42889598447071,0.109884918499221,0,"545","2"," 56",-0.496264097053256,0.121391806229164,-0.386379178554034,1.04251680591668,NA
"546","NSW1200787",1.42889598447071,0.189899140220796,0,"546","2"," 57",0.0168143818756664,0.118127721627212,0.206713522096463,1.63560950656717,NA
"547","NSW1200776",1.42889598447071,0.110516728512831,0,"547","2"," 58",-0.156229500343341,0.122927123884397,-0.0457127718305098,1.3831832126402,NA
"548","NSW1190216",1.42889598447071,0.0765144804181832,0,"548","2"," 59",0.24048936472916,0.132286566455435,0.317003845147343,1.74589982961805,NA
"549","NSW1201495",1.42889598447071,0.252248926305239,0,"549","2"," 60",-0.127779793563423,0.126181281798091,0.124469132741816,1.55336511721253,NA
"550","NSW1211582",1.42889598447071,0.070290808587065,0,"550","2"," 61",0.564106370618989,0.134342914779974,0.634397179206054,2.06329316367676,NA
"551","NSW1200362",1.42889598447071,0.0813549933214146,0,"551","2"," 62",-0.207360176630113,0.124018411847189,-0.126005183308698,1.30289080116201,NA
"552","NSW1212987",1.42889598447071,-0.160225147512726,0,"552","2"," 63",-0.0282381516523941,0.180891657304473,-0.18846329916512,1.24043268530559,NA
"553","NSW1190194",1.42889598447071,0.0106915265024538,0,"553","2"," 64",-0.0360602640765684,0.138459141484356,-0.0253687375741146,1.4035272468966,NA
"554","NSW1213030",1.42889598447071,0.113574084499321,0,"554","2"," 65",-0.19311049498844,0.12541129055894,-0.0795364104891185,1.34935957398159,NA
"555","NSW1190199",1.42889598447071,0.0492941542341716,0,"555","2"," 66",-0.0938896711299353,0.124249250915655,-0.0445955168957636,1.38430046757495,NA
"556","NSW1200372",1.42889598447071,0.00297495339438637,0,"556","2"," 67",0.298444973204185,0.127713802697725,0.301419926598571,1.73031591106928,NA
"557","NSW1211445",1.42889598447071,0.0217259416630835,0,"557","2"," 68",0.37121741315046,0.127027991790278,0.392943354813543,1.82183933928425,NA
"558","NSW1211558",1.42889598447071,0.157924084824717,0,"558","2"," 69",0.208615700225697,0.121765287722156,0.366539785050414,1.79543576952112,NA
"559","NSW1200764",1.42889598447071,0.108094186083648,0,"559","2"," 70",-0.136882279968823,0.139742921007367,-0.0287880938851756,1.40010789058553,NA
"560","NSW1200848",1.42889598447071,0.177394749465027,0,"560","2"," 71",-0.011398849786943,0.117244796396362,0.165995899678085,1.59489188414879,NA
"561","NSW1200661",1.42889598447071,0.0238760420045209,0,"561","2"," 72",0.0402363448352225,0.140179197517786,0.0641123868397434,1.49300837131045,NA
"562","NSW1211440",1.42889598447071,0.134497978491387,0,"562","2"," 73",-0.0376673154551729,0.118495514535961,0.0968306630362136,1.52572664750692,NA
"563","NSW1200356",1.42889598447071,0.0972123423752806,0,"563","2"," 74",-0.117498572985374,0.121330645092012,-0.0202862306100939,1.40860975386062,NA
"564","NSW1212992",1.42889598447071,-0.132548066303148,0,"564","2"," 75",-0.0693704513488538,0.133698078661519,-0.201918517652002,1.22697746681871,NA
"565","NSW1200905",1.42889598447071,0.0606386392706342,0,"565","2"," 76",0.359274712075885,0.120721954440764,0.419913351346519,1.84880933581723,NA
"566","NSW1200357",1.42889598447071,0.115211813881775,0,"566","2"," 77",0.482557923061116,0.126591706927056,0.597769736942891,2.0266657214136,NA
"567","NSW1200799",1.42889598447071,0.0716299707495748,0,"567","2"," 78",0.0809830889182142,0.114702917028663,0.152613059667789,1.5815090441385,NA
"568","NSW1166442",1.42889598447071,0.0810317204507172,0,"568","2"," 79",0.053263087279641,0.126144693670928,0.134294807730358,1.56319079220107,NA
"569","NSW1200539",1.42889598447071,0.101535830309662,0,"569","2"," 80",0.228127943578681,0.126383688646616,0.329663773888343,1.75855975835905,NA
"570","NSW1200543",1.42889598447071,-0.0185883290432549,0,"570","2"," 81",-0.182401756648678,0.155218689200928,-0.200990085691932,1.22790589877878,NA
"571","NSW1200529",1.42889598447071,0.136585365343525,0,"571","2"," 82",0.091770399605066,0.122428200525144,0.228355764948591,1.6572517494193,NA
"572","NSW1212866",1.42889598447071,0.0584523269271602,0,"572","2"," 83",0.104061018537459,0.130175114284065,0.162513345464619,1.59140932993533,NA
"573","NSW1200873",1.42889598447071,0.0637305190111302,0,"573","2"," 84",0.344563957046008,0.12490626127637,0.408294476057138,1.83719046052785,NA
"574","NSW1211541",1.42889598447071,0.0132999755408191,0,"574","2"," 85",0.252451105785842,0.121039542445043,0.265751081326661,1.69464706579737,NA
"575","NSW1190198",1.42889598447071,0.160939739550728,0,"575","2"," 86",-0.359604191250341,0.123262891044443,-0.198664451699613,1.2302315327711,NA
"576","NSW1213013",1.42889598447071,0.0152352546344931,0,"576","2"," 87",-0.0155929387741478,0.138032029192162,-0.000357684139654747,1.42853830033106,NA
"577","NSW1212970",1.42889598447071,-0.0190708110171561,0,"577","2"," 88",0.0358036747030872,0.137618680970196,0.0167328636859312,1.44562884815664,NA
"578","NSW1212997",1.42889598447071,0.0660441007316153,0,"578","2"," 89",0.281221928166864,0.135159799616325,0.347266028898479,1.77616201336919,NA
"579","NSW1211508",1.42889598447071,0.0411387712969809,0,"579","2"," 90",0.114513077335895,0.121610176393894,0.155651848632876,1.58454783310359,NA
"580","NSW1211552",1.42889598447071,0.0744155628039794,0,"580","2"," 91",0.339494557089145,0.119450059859456,0.413910119893124,1.84280610436383,NA
"581","NSW1211442",1.42889598447071,-0.0119290191825449,0,"581","2"," 92",0.284086918376386,0.137945489878258,0.272157899193841,1.70105388366455,NA
"582","NSW1211451",1.42889598447071,0.0693952811312823,0,"582","2"," 93",-0.0498812442863742,0.126474316378062,0.019514036844908,1.44841002131562,NA
"583","NSW1194456",1.42889598447071,0.104544785082221,0,"583","2"," 94",-0.3935716614397,0.126146687372991,-0.289026876357479,1.13986910811323,NA
"584","NSW1211546",1.42889598447071,0.0302862069998408,0,"584","2"," 95",0.232341721841903,0.121675594067188,0.262627928841744,1.69152391331245,NA
"585","NSW1213001",1.42889598447071,0.0472279349783783,0,"585","2"," 96",-0.434773101675649,0.145865406211683,-0.387545166697271,1.04135081777344,NA
"586","NSW1201431",1.42889598447071,0.116680814712228,0,"586","2"," 97",0.538420106396528,0.129064579702248,0.655100921108756,2.08399690557947,NA
"587","NSW1211568",1.42889598447071,0.146190476003042,0,"587","2"," 98",-0.0779136895011531,0.122173967453481,0.0682767865018889,1.4971727709726,NA
"588","NSW1211441",1.42889598447071,0.09272679331903,0,"588","2"," 99",-0.649447004365996,0.133170346876396,-0.556720211046966,0.872175773423743,NA
"589","NSW1190206",1.42889598447071,0.086052969881012,0,"589","2","100",0.0533076617606177,0.127910973721281,0.13936063164163,1.56825661611234,NA
"590","NSW1200389",1.42889598447071,0.118952640680775,0,"590","2","101",0.246160134185777,0.119234629230105,0.365112774866552,1.79400875933726,NA
"591","NSW1211534",1.42889598447071,0.0834221732293306,0,"591","2","102",-0.0653721788644866,0.121655916811114,0.0180499943648441,1.44694597883555,NA
"592","NSW1200346",1.42889598447071,-0.0110075176218863,0,"592","2","103",0.0551960547347286,0.134015982507982,0.0441885371128422,1.47308452158355,NA
"593","NSW1200505",1.42889598447071,0.0375385296512608,0,"593","2","104",0.415398733207127,0.125365663847795,0.452937262858387,1.8818332473291,NA
"594","NSW1200511",1.42889598447071,0.0408998313448832,0,"594","2","105",0.247091187307837,0.132795810682078,0.287991018652721,1.71688700312343,NA
"595","NSW1212790",1.42889598447071,0.030809792032836,0,"595","2","106",0.458902311041348,0.123922431526148,0.489712103074184,1.91860808754489,NA
"596","NSW1200361",1.42889598447071,0.0355769023256983,0,"596","2","107",-0.13047356853402,0.143314521880016,-0.0948966662083215,1.33399931826239,NA
"597","NSW1200514",1.42889598447071,0.0548444901618539,0,"597","2","108",0.502603024826408,0.129745044236944,0.557447514988261,1.98634349945897,NA
"598","NSW1200774",1.42889598447071,0.211915541991937,0,"598","2","109",0.235472793234027,0.132156989205962,0.447388335225964,1.87628431969667,NA
"599","NSW1212985",1.42889598447071,0.0660242603753674,0,"599","2","110",-0.0165897655569301,0.135876028530807,0.0494344948184374,1.47833047928915,NA
"600","NSW1201411",1.42889598447071,0.020336307321104,0,"600","2","111",-0.187970873007339,0.130960665451762,-0.167634565686235,1.26126141878448,NA
"601","NSW1200352",1.42889598447071,0.1748433066658,0,"601","2","112",0.0944118737314357,0.127274190067394,0.269255180397236,1.69815116486795,NA
"602","NSW1211570",1.42889598447071,0.126846644804078,0,"602","2","113",-0.00929742899147266,0.118735242152086,0.117549215812606,1.54644520028332,NA
"603","NSW1200549",1.42889598447071,0.10332026571395,0,"603","2","114",0.0714187986508214,0.114695022872398,0.174739064364772,1.60363504883548,NA
"604","NSW1200384",1.42889598447071,0.195393745513261,0,"604","2","115",-0.161146833616926,0.11956653067004,0.0342469118963347,1.46314289636704,NA
"605","NSW1211577",1.42889598447071,0.0834221732293306,0,"605","2","116",-0.0653721788644866,0.121655916811114,0.0180499943648441,1.44694597883555,NA
"606","NSW1200347",1.42889598447071,0.0161907107204046,0,"606","2","117",-0.729279717047531,0.13753997622282,-0.713089006327126,0.715806978143583,NA
"607","NSW1200829",1.42889598447071,0.144378773847502,0,"607","2","118",-0.433023609444164,0.126408297739516,-0.288644835596662,1.14025114887405,NA
"608","NSW1200657",1.42889598447071,0.0343855409788909,0,"608","2","119",0.76658955037032,0.134794620925857,0.800975091349211,2.22987107581992,NA
"609","NSW1212977",1.42889598447071,0.193917261015833,0,"609","2","120",0.0152756078834703,0.119741753256595,0.209192868899303,1.63808885337001,NA
"610","NSW1201414",1.42889598447071,0.0849498428692699,0,"610","2","121",0.228957037999659,0.118086282769218,0.313906880868929,1.74280286533964,NA
"611","NSW1200509",1.42889598447071,0.0447221086696864,0,"611","2","122",0.213423290001579,0.136790968794701,0.258145398671265,1.68704138314198,NA
"612","NSW1200521",1.42889598447071,0.19387133914856,0,"612","2","123",-0.148439959882527,0.116627170793459,0.0454313792660326,1.47432736373674,NA
"613","NSW1201631",1.42889598447071,0.0716299707495748,0,"613","2","124",0.0809830889182142,0.114702917028663,0.152613059667789,1.5815090441385,NA
"614","NSW1212856",1.42889598447071,0.120566774295963,0,"614","2","125",-0.472071430964982,0.126672464204301,-0.351504656669019,1.07739132780169,NA
"615","NSW1200647",1.42889598447071,0.118279797895199,0,"615","2","126",-0.355146965938162,0.123323690894611,-0.236867168042963,1.19202881642775,NA
"616","NSW1201396",1.42889598447071,0.151734207363264,0,"616","2","127",-0.120637030380629,0.117547456690579,0.0310971769826351,1.45999316145335,NA
"617","NSW1200554",1.42889598447071,0.139186432798386,0,"617","2","128",0.12907990277285,0.118980813859569,0.268266335571236,1.69716232004195,NA
"618","NSW1200544",1.42889598447071,0.225634696567031,0,"618","2","129",0.293834634797736,0.126567498061417,0.519469331364767,1.94836531583548,NA
"619","NSW1200429",1.42889598447071,-0.143341196154784,0,"619","2","130",-0.201086440246742,0.172018654996935,-0.344427636401526,1.08446834806918,NA
"620","NSW1190190",1.42889598447071,0.129337130670003,0,"620","2","131",0.17743599245756,0.122143885083174,0.306773123127562,1.73566910759827,NA
"621","NSW1200428",1.42889598447071,-0.0705361331791944,0,"621","2","132",0.159137718582715,0.139434403997623,0.088601585403521,1.51749756987423,NA
"622","NSW1190183",1.42889598447071,0.132571815775591,0,"622","2","133",-0.0403102219675652,0.131762517127122,0.0922615938080258,1.52115757827874,NA
"623","NSW1201400",1.42889598447071,-0.0161530944364237,0,"623","2","134",-0.0350780206850324,0.145074783366113,-0.0512311151214561,1.37766486934925,NA
"624","NSW1166447",1.42889598447071,0.111956221829736,0,"624","2","135",0.302288280741469,0.12541435784289,0.414244502571205,1.84314048704191,NA
"625","NSW1190182",1.42889598447071,0.105639878369141,0,"625","2","136",-0.321865402851335,0.136811752407713,-0.216225524482195,1.21267045998852,NA
"626","NSW1200666",1.42889598447071,0.0238760420045209,0,"626","2","137",0.0402363448352225,0.140179197517786,0.0641123868397434,1.49300837131045,NA
"627","NSW1190168",1.42889598447071,0.100616999394018,0,"627","2","138",0.0137130884065374,0.126498037900621,0.114330087800556,1.54322607227127,NA
"628","NSW1201641",1.42889598447071,0.0716299707495748,0,"628","2","139",0.0809830889182142,0.114702917028663,0.152613059667789,1.5815090441385,NA
"629","NSW1194450",1.42889598447071,0.258689106477915,0,"629","2","140",-0.223000396242932,0.133045948650297,0.0356887102349834,1.46458469470569,NA
"630","NSW1211020",1.42889598447071,0.0102155085580556,0,"630","2","141",-0.657719875151441,0.148520855861723,-0.647504366593386,0.781391617877324,NA
"631","NSW1200545",1.42889598447071,0.107079971053003,0,"631","2","142",0.08131270967519,0.128734463301701,0.188392680728193,1.6172886651989,NA
"632","NSW1200373",1.42889598447071,0.190623914281494,0,"632","2","143",-0.139399365485902,0.123307553483798,0.0512245487955917,1.4801205332663,NA
"633","NSW1211526",1.42889598447071,-0.0587621342365467,0,"633","2","144",0.16624831732478,0.134453575100173,0.107486183088233,1.53638216755894,NA
"634","NSW1212995",1.42889598447071,0.12667495212999,0,"634","2","145",0.156093897993995,0.127234790785696,0.282768850123985,1.71166483459469,NA
"635","NSW1212990",1.42889598447071,0.112246494052887,0,"635","2","146",0.0799932977992499,0.126979526055407,0.192239791852137,1.62113577632285,NA
"636","NSW1190212",1.42889598447071,0.0441487881672071,0,"636","2","147",0.23690980789962,0.134767891444349,0.281058596066827,1.70995458053754,NA
"637","NSW1200895",1.42889598447071,0.102866212860141,0,"637","2","148",0.0578453205203744,0.120342266806338,0.160711533380515,1.58960751785122,NA
"638","NSW1211539",1.42889598447071,0.0701732371706606,0,"638","2","149",-0.318935547571205,0.131015699892456,-0.248762310400544,1.18013367407017,NA
"639","NSW1200817",1.42889598447071,0.127656170802468,0,"639","2","150",0.0160749172507591,0.126535927353051,0.143731088053227,1.57262707252394,NA
"640","NSW1200388",1.42889598447071,0.191184234602482,0,"640","2","151",-0.0959492272377158,0.128510531972331,0.0952350073647665,1.52413099183548,NA
"641","NSW1200807",1.42889598447071,0.123489284770801,0,"641","2","152",-0.296660884204398,0.129567471492279,-0.173171599433597,1.25572438503711,NA
"642","NSW1200420",1.42889598447071,0.00440516110498523,0,"642","2","153",0.212328048981036,0.137183855131588,0.216733210086021,1.64562919455673,NA
"643","NSW1213005",1.42889598447071,0.0727144618489171,0,"643","2","154",0.0369070663554824,0.128951093135077,0.109621528204399,1.53851751267511,NA
"644","NSW1211533",1.42889598447071,-0.0105248109749063,0,"644","2","155",-0.293790274967842,0.142398773345341,-0.304315085942748,1.12458089852796,NA
"645","NSW1212991",1.42889598447071,0.096480357367902,0,"645","2","156",-0.604438026513812,0.130288209441738,-0.50795766914591,0.9209383153248,NA
"646","NSW1201650",1.42889598447071,0.133530825208851,0,"646","2","157",0.0366949306145498,0.128062090929389,0.170225755823401,1.59912174029411,NA
"647","NSW1213020",1.42889598447071,-0.0038938716415623,0,"647","2","158",-0.337451067905274,0.123757893025163,-0.341344939546836,1.08755104492387,NA
"648","NSW1190163",1.42889598447071,0.214535133440498,0,"648","2","159",-0.0303620969250649,0.126010937784378,0.184173036515433,1.61306902098614,NA
"649","NSW1200466",1.42889598447071,0.147254620173785,0,"649","2","160",-0.421093174306498,0.125822553518913,-0.273838554132713,1.155057430338,NA
"650","NSW1200623",1.42889598447071,0.0805381213195233,0,"650","2","161",-0.302122772284789,0.13611112915838,-0.221584650965265,1.20731133350544,NA
"651","NSW1211511",1.42889598447071,0.157937821902422,0,"651","2","162",-0.0364656593578993,0.118324381517757,0.121472162544523,1.55036814701523,NA
"652","NSW1200371",1.42889598447071,0.120907487754989,0,"652","2","163",0.00302870113212832,0.128252442204713,0.123936188887118,1.55283217335783,NA
"653","NSW1211592",1.42889598447071,0.146807286208598,0,"653","2","164",0.337580195408411,0.128508081841479,0.484387481617009,1.91328346608772,NA
"654","NSW1212785",1.42889598447071,0.172996756720648,0,"654","2","165",-0.133981237470252,0.128351496611763,0.0390155192503961,1.46791150372111,NA
"655","NSW1201616",1.42889598447071,0.0460015672616547,0,"655","2","166",-0.130253674900583,0.119955216265437,-0.0842521076389284,1.34464387683178,NA
"656","NSW1212959",1.42889598447071,-0.00946957827710228,0,"656","2","167",0.118515932146788,0.126990085474896,0.109046353869685,1.5379423383404,NA
"657","NSW1213034",1.42889598447071,0.109868457339189,0,"657","2","168",0.0347719001480322,0.133291246662501,0.144640357487221,1.57353634195793,NA
"658","NSW1211561",1.42889598447071,0.0640668099413036,0,"658","2","169",-0.00630566174727131,0.121235410066105,0.0577611481940323,1.48665713266474,NA
"659","NSW1211542",1.42889598447071,-0.0302432122994845,0,"659","2","170",-0.162688943285718,0.133115346098531,-0.192932155585203,1.23596382888551,NA
"660","NSW1200803",1.42889598447071,0.0755104419232701,0,"660","2","171",0.36640602779306,0.126258252312518,0.44191646971633,1.87081245418704,NA
"661","NSW1211578",1.42889598447071,0.131522303716576,0,"661","2","172",-0.142196265424488,0.127315307649731,-0.0106739617079123,1.4182220227628,NA
"662","NSW1190217",1.42889598447071,0.132892250371069,0,"662","2","173",-0.369364809723693,0.136942507336167,-0.236472559352624,1.19242342511809,NA
"663","NSW1211562",1.42889598447071,0.102999908711712,0,"663","2","174",0.47812935503538,0.126518486701057,0.581129263747092,2.0100252482178,NA
"664","NSW1200672",1.42889598447071,0.0802812416513832,0,"664","2","175",-0.363391309976499,0.130817970622648,-0.283110068325116,1.14578591614559,NA
"665","NSW1201375",1.42889598447071,0.0460015672616547,0,"665","2","176",-0.130253674900583,0.119955216265437,-0.0842521076389284,1.34464387683178,NA
"666","NSW1212972",1.42889598447071,-0.0198019452514757,0,"666","2","177",-0.303785196550893,0.136297723861293,-0.323587141802368,1.10530884266834,NA
"667","NSW1212982",1.42889598447071,0.0832671039623464,0,"667","2","178",-0.288489241178936,0.131130979171502,-0.20522213721659,1.22367384725412,NA
"668","NSW1166596",1.42889598447071,0.01525579751499,0,"668","2","179",0.0409396746657245,0.131107699374586,0.0561954721807145,1.48509145665142,NA
"669","NSW1190191",1.42889598447071,-0.0334276543821985,0,"669","2","180",0.382066434851916,0.142840713950288,0.348638780469718,1.77753476494043,NA
"670","NSW1200360",1.42889598447071,0.0388985657405667,0,"670","2","181",-0.0719122276288263,0.135761808543569,-0.0330136618882596,1.39588232258245,NA
"671","NSW1200363",1.42889598447071,0.116568605220417,0,"671","2","182",0.159763734339193,0.125510346728966,0.27633233955961,1.70522832403032,NA
"672","NSW1212979",1.42889598447071,0.0486270893447455,0,"672","2","183",-0.47984760574628,0.123598154444274,-0.431220516401535,0.997675468069175,NA
"673","NSW1190208",1.42889598447071,-0.0462726963087738,0,"673","2","184",0.136532117499835,0.128504022173815,0.0902594211910614,1.51915540566177,NA
"674","NSW1200358",1.42889598447071,0.103008306151601,0,"674","2","185",-0.189766059929003,0.121863196123013,-0.0867577537774019,1.34213823069331,NA
"675","NSW1190192",1.42889598447071,-0.0291040878265593,0,"675","2","186",0.178984919108695,0.129024573406569,0.149880831282136,1.57877681575285,NA
"676","NSW1211584",1.42889598447071,0.0623783800888702,0,"676","2","187",0.208226995276241,0.120062482993083,0.270605375365112,1.69950135983582,NA
"677","NSW1200622",1.42889598447071,-0.106853315303961,0,"677","2","188",0.0355633528444063,0.141304024394604,-0.0712899624595544,1.35760602201116,NA
"678","NSW1211430",1.42889598447071,0.177212904827854,0,"678","2","189",-0.0822413467147236,0.116331986954372,0.0949715581131303,1.52386754258384,NA
"679","NSW1200777",1.42889598447071,0.0623783800888702,0,"679","2","190",0.208226995276241,0.120062482993083,0.270605375365112,1.69950135983582,NA
"680","NSW1211426",1.42889598447071,0.0871083288083496,0,"680","2","191",0.33433770598266,0.119268117489158,0.42144603479101,1.85034201926172,NA
"681","NSW1211450",1.42889598447071,0.0801708209127269,0,"681","2","192",0.11602794818066,0.126629054322938,0.196198769093387,1.6250947535641,NA
"682","NSW1201381",1.42889598447071,0.178117865509801,0,"682","2","193",0.292028417140371,0.122324443807604,0.470146282650172,1.89904226712088,NA
"683","NSW1211527",1.42889598447071,0.193510847883805,0,"683","2","194",-0.219270930564137,0.12314651888035,-0.0257600826803322,1.40313590179038,NA
"684","NSW1194457",1.42889598447071,0.10247088013657,0,"684","2","195",-0.172314776843961,0.122499118895145,-0.0698438967073918,1.35905208776332,NA
"685","NSW1213006",1.42889598447071,0.0675425341903381,0,"685","2","196",-0.0897464149267803,0.126933862167192,-0.0222038807364422,1.40669210373427,NA
"686","NSW1190187",1.42889598447071,0.0440417326662403,0,"686","2","197",-0.18865088254366,0.124647235902836,-0.14460914987742,1.28428683459329,NA
"687","NSW1213010",1.42889598447071,0.0898891999934207,0,"687","2","198",-0.486870582017084,0.136239127804519,-0.396981382023663,1.03191460244705,NA
"688","NSW1201425",1.42889598447071,0.0702894726061871,0,"688","2","199",0.22127516992103,0.124898178125688,0.291564642527217,1.72046062699793,NA
"689","NSW1200504",1.42889598447071,0.0342023667290094,0,"689","2","200",-0.00249214480592993,0.140934004334174,0.0317102219230794,1.46060620639379,NA
"690","NSW1200920",1.42889598447071,-0.0623985690574591,0,"690","2","201",0.532286914645929,0.139727406114936,0.46988834558847,1.89878433005918,NA
"691","NSW1200341",1.42889598447071,0.0362354499822331,0,"691","2","202",-0.285358900084374,0.131335952457964,-0.249123450102141,1.17977253436857,NA
"692","NSW1200337",1.42889598447071,0.123673543504667,0,"692","2","203",-0.0647408106115479,0.115495370542578,0.0589327328931195,1.48782871736383,NA
"693","NSW1212988",1.42889598447071,-0.0853718491947899,0,"693","2","204",0.200117734085231,0.146422719977146,0.114745884890441,1.54364186936115,NA
"694","NSW1201430",1.42889598447071,0.0765611552464813,0,"694","2","205",-0.0726164120435704,0.130664906182168,0.00394474320291094,1.43284072767362,NA
"695","NSW1200824",1.42889598447071,0.199104909523004,0,"695","2","206",-0.140962632145081,0.134470032259825,0.0581422773779236,1.48703826184863,NA
"696","NSW1212969",1.42889598447071,0.0813036663070544,0,"696","2","207",-0.305917609417466,0.13074039588839,-0.224613943110411,1.2042820413603,NA
"697","NSW1190200",1.42889598447071,0.174315967446445,0,"697","2","208",-0.0267769248934453,0.126366308800167,0.147539042552999,1.57643502702371,NA
"698","NSW1210993",1.42889598447071,0.169738864876148,0,"698","2","209",-0.254720908940901,0.130979898907675,-0.0849820440647527,1.34391394040596,NA
"699","NSW1211586",1.42889598447071,0.115002733601273,0,"699","2","210",-0.0918190497954576,0.134120521376315,0.0231836838058152,1.45207966827653,NA
"700","NSW1201409",1.42889598447071,0.132860939965022,0,"700","2","211",0.0215232300545019,0.123179122077729,0.154384170019524,1.58328015449023,NA
"701","NSW1200853",1.42889598447071,-0.00553569940958942,0,"701","2","212",0.653543413478978,0.118287585748987,0.648007714069388,2.0769036985401,NA
"702","NSW1212960",1.42889598447071,0.0290018088215937,0,"702","2","213",0.16448596869792,0.130038323213821,0.193487777519513,1.62238376199022,NA
"703","NSW1200607",1.42889598447071,-0.12067272633169,0,"703","2","214",-0.0578531337739637,0.13670488172849,-0.178525860105653,1.25037012436506,NA
"704","NSW1212957",1.42889598447071,0.119446058588992,0,"704","2","215",-0.188322480637981,0.12754413466573,-0.0688764220489896,1.36001956242172,NA
"705","NSW1212983",1.42889598447071,0.110484988898352,0,"705","2","216",0.190032499492603,0.13119481924176,0.300517488390955,1.72941347286167,NA
"706","NSW1166654",1.42889598447071,0.0509466283714005,0,"706","2","217",-0.14208239320842,0.130834170940101,-0.0911357648370197,1.33776021963369,NA
"707","NSW1212993",1.42889598447071,0.047370162437209,0,"707","2","218",0.260485360450049,0.121819682553398,0.307855522887258,1.73675150735797,NA
"708","NSW1200374",1.42889598447071,0.0498369888358549,0,"708","2","219",-0.383003041928849,0.137678952444541,-0.333166053092994,1.09572993137772,NA
"709","NSW1200617",1.42889598447071,0.127994877608036,0,"709","2","220",-0.122474857072088,0.132522830877544,0.00552002053594781,1.43441600500666,NA
"710","NSW1212962",1.42889598447071,0.101262986361776,0,"710","2","221",-0.0853684755502992,0.126143264393258,0.0158945108114773,1.44479049528219,NA
"711","NSW1213029",1.42889598447071,-0.140572446307004,0,"711","2","222",-0.0435868518969529,0.145408554263779,-0.184159298203957,1.24473668626675,NA
"712","NSW1200393",1.42889598447071,0.136310644498033,0,"712","2","223",-0.0611269167858437,0.125290641798386,0.0751837277121891,1.5040797121829,NA
"713","NSW1211566",1.42889598447071,0.149072375395618,0,"713","2","224",-0.304300718082459,0.131447935774194,-0.155228342686841,1.27366764178387,NA
"714","NSW1200523",1.42889598447071,0.092340772965265,0,"714","2","225",0.265813981499772,0.12492392018351,0.358154754465037,1.78705073893575,NA
"715","NSW1201356",1.42889598447071,0.0128790451417415,0,"715","2","226",0.379031881704983,0.125657844835342,0.391910926846724,1.82080691131743,NA
"716","NSW1200534",1.42889598447071,0.109916572357422,0,"716","2","227",0.0687643809575656,0.134198631035345,0.178680953314988,1.6075769377857,NA
"717","NSW1200772",1.42889598447071,0.200843952021619,0,"717","2","228",-0.00582602774139343,0.120656928461927,0.195017924280226,1.62391390875094,NA
"718","NSW1200792",1.42889598447071,0.057375573918164,0,"718","2","229",-0.199315891475393,0.1290604984409,-0.141940317557229,1.28695566691348,NA
"719","NSW1200516",1.42889598447071,0.0713011632472821,0,"719","2","230",0.237972223143559,0.117951182335906,0.309273386390841,1.73816937086155,NA
"720","NSW1212967",1.42889598447071,0.128942026208114,0,"720","2","231",0.175548883429099,0.121199903974886,0.304490909637213,1.73338689410792,NA
"721","NSW1213036",1.42889598447071,0.0509197860970313,0,"721","2","232",-0.0257906993471038,0.132099521473324,0.0251290867499275,1.45402507122064,NA
"722","NSW1200610",1.42889598447071,0.101198215162238,0,"722","2","233",0.48029219518677,0.125908636510819,0.581490410349008,2.01038639481972,NA
"723","NSW1200812",1.42889598447071,0.0174046371048684,0,"723","2","234",0.230443672145496,0.1333228558235,0.247848309250364,1.67674429372107,NA
"724","NSW1166601",1.42889598447071,0.0949566906551475,0,"724","2","235",-0.289048464317094,0.123402979532667,-0.194091773661946,1.23480421080876,NA
"725","NSW1190184",1.42889598447071,-0.0705708107180192,0,"725","2","236",-0.0248476788961577,0.142347061243958,-0.0954184896141768,1.33347749485653,NA
"726","NSW1200597",1.42889598447071,-0.0947535104056633,0,"726","2","237",-0.419968914880303,0.14510437361935,-0.514722425285967,0.914173559184743,NA
"727","NSW1200616",1.42889598447071,0.00664516384856814,0,"727","2","238",0.175462287163835,0.12925023852791,0.182107451012403,1.61100343548311,NA
"728","NSW1201404",1.42889598447071,0.120907968498884,0,"728","2","239",0.380590197678084,0.127081424772103,0.501498166176968,1.93039415064768,NA
"729","NSW1200592",1.42889598447071,0.0142239351009759,0,"729","2","240",-0.245387006543525,0.139994874977772,-0.231163071442549,1.19773291302816,NA
"730","NSW1190203",1.42889598447071,0.128047453163242,0,"730","2","241",0.0108777604544021,0.115412644528668,0.138925213617644,1.56782119808835,NA
"731","NSW1211536",1.42889598447071,0.0502325076424947,0,"731","2","242",-0.236704587515741,0.134225271691321,-0.186472079873247,1.24242390459746,NA
"732","NSW1200424",1.42889598447071,0.0820931346097909,0,"732","2","243",-0.323030176450793,0.120062684477342,-0.240937041841002,1.18795894262971,NA
"733","NSW1212846",1.42889598447071,0.154771774645942,0,"733","2","244",0.0573093086457002,0.11921999055468,0.212081083291642,1.64097706776235,NA
"734","NSW1200804",1.42889598447071,0.252248926305239,0,"734","2","245",-0.127779793563423,0.126181281798091,0.124469132741816,1.55336511721253,NA
"735","NSW1210995",1.42889598447071,0.0587167931111369,0,"735","2","246",0.42825822548675,0.130535202989425,0.486975018597887,1.9158710030686,NA
"736","NSW1212968",1.42889598447071,-0.011359895557401,0,"736","2","247",-0.328073812494916,0.13251739430893,-0.339433708052317,1.08946227641839,NA
"737","NSW1200591",1.42889598447071,0.0200267643275825,0,"737","2","248",0.219298772203583,0.120202983745719,0.239325536531166,1.66822152100188,NA
"738","NSW1213000",1.42889598447071,0.00302527220324482,0,"738","2","249",0.31926072719792,0.128344299536462,0.322285999401165,1.75118198387187,NA
"739","NSW1200797",1.42889598447071,0.14022891747313,0,"739","2","250",0.0811658419255641,0.126135431066341,0.221394759398694,1.6502907438694,NA
"740","NSW1212964",1.42889598447071,0.0265372216031515,0,"740","2","251",0.379061321217979,0.124357157949045,0.405598542821131,1.83449452729184,NA
"741","NSW1200338",1.42889598447071,0.0711933315888957,0,"741","2","252",0.20506627003329,0.117850767063806,0.276259601622185,1.7051555860929,NA
"742","NSW1213003",1.42889598447071,0.0632339719186666,0,"742","2","253",-0.268051882875562,0.132639160943592,-0.204817910956895,1.22407807351381,NA
"743","NSW1190162",1.42889598447071,0.0405439832088667,0,"743","2","254",0.185712553758074,0.1331701491039,0.226256536966941,1.65515252143765,NA
"744","NSW1200769",1.42889598447071,0.0638658430981156,0,"744","2","255",-0.13554800974324,0.128647727310821,-0.071682166645124,1.35721381782559,NA
"745","NSW1200403",1.42889598447071,0.164243749160704,0,"745","2","256",-0.0512157134524058,0.12859923140495,0.113028035708298,1.54192402017901,NA
"746","NSW1200355",1.42889598447071,-0.142378329187989,0,"746","2","257",-0.0556163138911086,0.170926829377976,-0.197994643079097,1.23090134139161,NA
"747","NSW1212965",1.42889598447071,-0.0190708110171561,0,"747","2","258",0.0358036747030872,0.137618680970196,0.0167328636859312,1.44562884815664,NA
"748","NSW1200369",1.42889598447071,-0.0127821012521906,0,"748","2","259",-0.464481232827953,0.1309824538242,-0.477263334080144,0.951632650390566,NA
"749","NSW1211589",1.42889598447071,-0.083295669865912,0,"749","2","260",-0.00807077550051782,0.160103586891323,-0.0913664453664298,1.33752953910428,NA
"750","NSW1200611",1.42889598447071,-0.0382190366558815,0,"750","2","261",-0.0173043763726563,0.142391149585708,-0.0555234130285378,1.37337257144217,NA
"751","NSW1211538",1.42889598447071,0.0831190713585046,0,"751","2","262",0.453249618931292,0.127398859883729,0.536368690289797,1.96526467476051,NA
"752","NSW1190172",1.42889598447071,0.129972560631126,0,"752","2","263",-0.0466126340556497,0.128350432611957,0.0833599265754765,1.51225591104619,NA
"753","NSW1211437",1.42889598447071,0.113500097649584,0,"753","2","264",-0.0769733580475053,0.134231313487489,0.0365267396020792,1.46542272407279,NA
"754","NSW1200656",1.42889598447071,0.0575073864998556,0,"754","2","265",0.222050875563518,0.13332322460452,0.279558262063373,1.70845424653408,NA
"755","NSW1200823",1.42889598447071,0.00320761463998492,0,"755","2","266",0.803927619014207,0.1305901514761,0.807135233654191,2.2360312181249,NA
"756","NSW1200802",1.42889598447071,0.136827601310008,0,"756","2","267",0.216235553618211,0.121998548696566,0.353063154928219,1.78195913939893,NA
"757","NSW1211575",1.42889598447071,0.0162518187669806,0,"757","2","268",-0.0203671000129375,0.133575500851268,-0.00411528124595692,1.42478070322475,NA
"758","NSW1200430",1.42889598447071,-0.0370647815895487,0,"758","2","269",0.155917003690625,0.136985530137846,0.118852222101076,1.54774820657179,NA
"759","NSW1200378",1.42889598447071,0.0677564253811587,0,"759","2","270",0.381776255478856,0.115081865477917,0.449532680860015,1.87842866533072,NA
"760","NSW1200840",1.42889598447071,0.0716299707495748,0,"760","2","271",0.0809830889182142,0.114702917028663,0.152613059667789,1.5815090441385,NA
"761","NSW1201366",1.42889598447071,0.0514097758508552,0,"761","2","272",0.434549701116854,0.134307197412348,0.485959476967709,1.91485546143842,NA
"762","NSW1211569",1.42889598447071,0.14725609686446,0,"762","2","273",0.0189652548743167,0.125040153877301,0.166221351738777,1.59511733620949,NA
"763","NSW1210940",1.42889598447071,-0.0534424011690313,0,"763","2","274",0.375656175389884,0.128334735663521,0.322213774220852,1.75110975869156,NA
"764","NSW1200838",1.42889598447071,0.112842200273501,0,"764","2","275",-0.175665857833904,0.135003807382577,-0.0628236575604037,1.36607232691031,NA
"765","NSW1200419",1.42889598447071,0.0476355155516641,0,"765","2","276",0.327622729350444,0.132379011904347,0.375258244902108,1.80415422937282,NA
"766","NSW1200909",1.42889598447071,-0.0731603792165073,0,"766","2","277",0.657660358420535,0.136807384952874,0.584499979204028,2.01339596367474,NA
"767","NSW1211572",1.42889598447071,0.106795272569532,0,"767","2","278",-0.0199756515242271,0.12322443461273,0.0868196210453044,1.51571560551601,NA
"768","NSW1201401",1.42889598447071,0.0110179058494053,0,"768","2","279",-0.105567088266924,0.125421358332224,-0.0945491824175188,1.33434680205319,NA
"769","NSW1200893",1.42889598447071,-0.0163019097748293,0,"769","2","280",0.380044282113658,0.129671114967214,0.363742372338829,1.79263835680954,NA
"770","NSW1200879",1.42889598447071,0.0111800207838361,0,"770","2","281",0.488001924388132,0.127447294266769,0.499181945171968,1.92807792964268,NA
"771","NSW1200596",1.42889598447071,-0.0572309419401006,0,"771","2","282",-0.0907251162887889,0.157967716424464,-0.14795605822889,1.28093992624182,NA
"772","NSW1213023",1.42889598447071,0.144183954251947,0,"772","2","283",-0.0751140692612039,0.115452924127456,0.0690698849907427,1.49796586946145,NA
"773","NSW1211510",1.42889598447071,0.038528678897393,0,"773","2","284",-0.0768176997587221,0.130465807360173,-0.0382890208613291,1.39060696360938,NA
"774","NSW1200342",1.42889598447071,0.144427124848862,0,"774","2","285",-0.0178690176578653,0.127034034438224,0.126558107190997,1.55545409166171,NA
"775","NSW1200540",1.42889598447071,0.0670968254113788,0,"775","2","286",-0.123305704448092,0.135813806863172,-0.0562088790367128,1.372687105434,NA
"776","NSW1211585",1.42889598447071,-0.0203827513854651,0,"776","2","287",-0.104960054666646,0.133896764731745,-0.125342806052111,1.3035531784186,NA
"777","NSW1212958",1.42889598447071,0.0364832297986928,0,"777","2","288",-0.629599249840287,0.135290624660113,-0.593116020041594,0.835779964429116,NA
"778","NSW1201627",1.42889598447071,0.170236050207795,0,"778","2","289",0.203427782689166,0.130510183261131,0.373663832896961,1.80255981736767,NA
"779","NSW1210988",1.42889598447071,0.149717964610219,0,"779","2","290",-0.108683097507885,0.129220959011182,0.0410348671023336,1.46993085157304,NA
"780","NSW1200915",1.42889598447071,0.120426118637601,0,"780","2","291",-0.0557002162148967,0.122175753232916,0.0647259024227047,1.49362188689341,NA
"781","NSW1200398",1.42889598447071,0.142349725291949,0,"781","2","292",-0.391978303639046,0.132194240873787,-0.249628578347097,1.17926740612361,NA
"782","NSW1212963",1.42889598447071,-0.00402584424810269,0,"782","2","293",0.160127916884168,0.144317882234702,0.156102072636065,1.58499805710678,NA
"783","NSW1200519",1.42889598447071,0.172462440375699,0,"783","2","294",0.0765021966508621,0.123337830263833,0.248964637026561,1.67786062149727,NA
"784","NSW1211436",1.42889598447071,0.0971035743219641,0,"784","2","295",0.254096380021575,0.118390118662032,0.351199954343539,1.78009593881425,NA
"785","NSW1212984",1.42889598447071,0.0770496708836159,0,"785","2","296",-0.641673339415552,0.140500545978239,-0.564623668531936,0.864272315938773,NA
"786","NSW1211431",1.42889598447071,0.136402725410861,0,"786","2","297",-0.764918846109795,0.128164148479668,-0.628516120698934,0.800379863771776,NA
"787","NSW1211557",1.42889598447071,0.148392309285674,0,"787","2","298",-0.291541552858632,0.12904991954976,-0.143149243572958,1.28574674089775,NA
"788","NSW1190166",1.42889598447071,0.22165480193818,0,"788","2","299",0.06619835961133,0.124106554728855,0.28785316154951,1.71674914602022,NA
"789","NSW1200368",1.42889598447071,0.154446402838818,0,"789","2","300",-0.380908617894567,0.12413249617384,-0.226462215055749,1.20243376941496,NA
"790","NSW1200809",1.42889598447071,0.170236050207795,0,"790","2","301",0.203427782689166,0.130510183261131,0.373663832896961,1.80255981736767,NA
"791","NSW1213024",1.42889598447071,0.0093599701469873,0,"791","2","302",0.152909902742897,0.137419768143187,0.162269872889884,1.59116585736059,NA
"792","NSW1190169",1.42889598447071,0.0306744164548712,0,"792","2","303",-0.128629638174568,0.123839618951471,-0.0979552217196969,1.33094076275101,NA
"793","NSW1200348",1.42889598447071,0.0988651596837638,0,"793","2","304",0.0934258942257396,0.131069378842591,0.192291053909503,1.62118703838021,NA
"794","NSW1200383",1.42889598447071,0.148397923607137,0,"794","2","305",0.0169255041520511,0.121143758724779,0.165323427759188,1.5942194122299,NA
"795","NSW1212986",1.42889598447071,0.147123067738352,0,"795","2","306",0.0786945085529155,0.130610176741889,0.225817576291268,1.65471356076198,NA
"796","NSW1200602",1.42889598447071,0.206329907334985,0,"796","2","307",-0.246058078217266,0.126494353945478,-0.0397281708822813,1.38916781358843,NA
"797","NSW1211535",1.42889598447071,0.0670527008608996,0,"797","2","308",0.387833822574474,0.123371161876282,0.454886523435374,1.88378250790608,NA
"798","NSW1212953",1.42889598447071,0.0664865928787457,0,"798","2","309",0.402438651911625,0.13162779383196,0.46892524479037,1.89782122926108,NA
"799","NSW1200794",1.42889598447071,0.144919828420588,0,"799","2","310",-0.293578222080252,0.121958758668292,-0.148658393659664,1.28023759081105,NA
"800","NSW1201361",1.42889598447071,0.0488854398182444,0,"800","2","311",0.0139150450587752,0.127322720910625,0.0628004848770196,1.49169646934773,NA
"801","NSW1211537",1.42889598447071,0.0664592075455407,0,"801","2","312",-0.486110015419475,0.137810969719844,-0.419650807873934,1.00924517659678,NA
"802","NSW1200601",1.42889598447071,0.0230235219538771,0,"802","2","313",0.292469632516516,0.122283098824198,0.315493154470393,1.7443891389411,NA
"803","NSW1200538",1.42889598447071,0.0875120173828492,0,"803","2","314",0.236093379227119,0.116600470921937,0.323605396609968,1.75250138108068,NA
"804","NSW1212996",1.42889598447071,0.159092477183181,0,"804","2","315",-0.23062003696164,0.123364567246797,-0.0715275597784595,1.35736842469225,NA
"805","NSW1211574",1.42889598447071,0.0663040092456981,0,"805","2","316",-0.512123317618528,0.130229212606277,-0.44581930837283,0.98307667609788,NA
"806","NSW1200606",1.42889598447071,0.0556674900242579,0,"806","2","317",0.148572863293148,0.139335133519648,0.204240353317406,1.63313633778812,NA
"807","NSW1200844",1.42889598447071,0.0980714739624813,0,"807","2","318",0.0186383638437938,0.123759833971505,0.116709837806275,1.54560582227699,NA
"808","NSW1211432",1.42889598447071,0.0927165725533236,0,"808","2","319",-0.247827510708649,0.13769054360211,-0.155110938155326,1.27378504631538,NA
"809","NSW1201386",1.42889598447071,0.107108197807353,0,"809","2","320",-0.409855389939332,0.127746597964725,-0.302747192131979,1.12614879233873,NA
"810","NSW1212894",1.42889598447071,0.115605236162145,0,"810","2","321",-0.00361506829646771,0.125441373876214,0.111990167865677,1.54088615233639,NA
"811","NSW1211573",1.42889598447071,0.0207891295018915,0,"811","2","322",-0.317874517081913,0.132478345346248,-0.297085387580022,1.13181059689069,NA
"812","NSW1211567",1.42889598447071,0.120616345823996,0,"812","2","323",-0.19193690557311,0.125915285595592,-0.0713205597491144,1.3575754247216,NA
"813","NSW1201385",1.42889598447071,0.0935763880864616,0,"813","2","324",-0.14524466573893,0.123062210674643,-0.0516682776524685,1.37722770681824,NA
"814","NSW1201357",1.42889598447071,0.143038408097408,0,"814","2","325",0.0697292062417037,0.131041002221194,0.212767614339111,1.64166359880982,NA
"815","NSW1211435",1.42889598447071,0.0476236127996779,0,"815","2","326",0.437461648519412,0.119036847627275,0.48508526131909,1.9139812457898,NA
"816","NSW1200555",1.42889598447071,0.0810966988329608,0,"816","2","327",-0.376435667622064,0.127891615371296,-0.295338968789103,1.13355701568161,NA
"817","NSW1200399",1.42889598447071,0.0393554063827951,0,"817","2","328",-0.187366940634681,0.1275462321421,-0.148011534251886,1.28088445021882,NA
"818","NSW1200894",1.42889598447071,0.0919613396974141,0,"818","2","329",0.072183751437153,0.127087593483245,0.164145091134567,1.59304107560528,NA
"819","NSW1211457",1.42889598447071,0.222567181350709,0,"819","2","330",-0.0300276684502231,0.122992091762168,0.192539512900485,1.6214354973712,NA
"820","NSW1200854",1.42889598447071,0.0988973885493368,0,"820","2","331",-0.113692229193934,0.124424195549285,-0.0147948406445969,1.41410114382611,NA
"821","NSW1200888",1.42889598447071,0.122744835128862,0,"821","2","332",-0.0420923707301155,0.127254576139107,0.0806524643987464,1.50954844886946,NA
"822","NSW1201626",1.42889598447071,0.107969227041286,0,"822","2","333",0.370388274757641,0.122579610229478,0.478357501798926,1.90725348626964,NA
"823","NSW1200553",1.42889598447071,0.0379797039919235,0,"823","2","334",0.14172514775967,0.132740547386722,0.179704851751594,1.6086008362223,NA
"824","NSW1213008",1.42889598447071,0.0410941635758828,0,"824","2","335",0.404211838509133,0.123863610877756,0.445306002085016,1.87420198655573,NA
"825","NSW1200671",1.42889598447071,0.0918759316515507,0,"825","2","336",-0.0443552961654568,0.123730435854168,0.0475206354860939,1.4764166199568,NA
"826","NSW1212955",1.42889598447071,0.201575201918427,0,"826","2","337",-0.0833021458402748,0.12355589536123,0.118273056078153,1.54716904054886,NA
"827","NSW1212999",1.42889598447071,-0.0191526224935093,0,"827","2","338",-0.125371660259231,0.124913799196135,-0.144524282752741,1.28437170171797,NA
"828","NSW1213018",1.42889598447071,0.0300145889183708,0,"828","2","339",0.0723082061249914,0.131063599885584,0.102322795043362,1.53121877951407,NA
"829","NSW1212861",1.42889598447071,0.0982740177731904,0,"829","2","340",0.0413768521595693,0.125960908883919,0.13965086993276,1.56854685440347,NA
"830","NSW1200526",1.42889598447071,0.174571520169306,0,"830","2","341",-0.161322254536287,0.130315852335321,0.0132492656330186,1.44214525010373,NA
"831","NSW1212978",1.42889598447071,0.0605295599605713,0,"831","2","342",-0.0906171857117771,0.117817654079931,-0.0300876257512058,1.3988083587195,NA
"832","NSW1200548",1.42889598447071,0.147622055493496,0,"832","2","343",0.475327987007671,0.123023650083905,0.622950042501168,2.05184602697188,NA
"833","NSW1200843",1.42889598447071,0.211655491953482,0,"833","2","344",-0.076576050976689,0.11720783164212,0.135079440976793,1.5639754254475,NA
"834","NSW1200898",1.42889598447071,0.0053430030805306,0,"834","2","345",-0.112014799669217,0.136159248572884,-0.106671796588687,1.32222418788202,NA
"835","NSW1213031",1.42889598447071,0.0872003071985563,0,"835","2","346",0.53311485117647,0.12592658745182,0.620315158375026,2.04921114284574,NA
"836","NSW1211425",1.42889598447071,0.0108008294188363,0,"836","2","347",0.31707903081767,0.125114020742607,0.327879860236506,1.75677584470722,NA
"837","NSW1210966",1.42889598447071,0.110674611721291,0,"837","2","348",-0.222981079354838,0.123084892740595,-0.112306467633547,1.31658951683716,NA
"838","NSW1200899",1.42889598447071,0.172733317638375,0,"838","2","349",-0.382697490640597,0.12460708378271,-0.209964173002222,1.21893181146849,NA
"839","NSW1212973",1.42889598447071,0.113839956799212,0,"839","2","350",-0.0341685904373745,0.132348785380834,0.0796713663618376,1.50856735083255,NA
"840","NSW1211540",1.42889598447071,0.0142475959927212,0,"840","2","351",0.216556160494858,0.125960251950083,0.230803756487579,1.65969974095829,NA
"841","NSW1201406",1.42889598447071,0.0453500536716489,0,"841","2","352",0.214705777449593,0.134079397189995,0.260055831121242,1.68895181559195,NA
"842","NSW1200889",1.42889598447071,0.0929067349933865,0,"842","2","353",0.00699870559857811,0.129533637082175,0.0999054405919646,1.52880142506267,NA
"843","NSW1200904",1.42889598447071,0.143003047730095,0,"843","2","354",0.1252053358476,0.137806668408217,0.268208383577695,1.69710436804841,NA
"844","NSW1213014",1.42889598447071,0.128351434518096,0,"844","2","355",-0.141246049131095,0.115822101866148,-0.0128946146129989,1.41600136985771,NA
"845","NSW1211588",1.42889598447071,0.104594753947385,0,"845","2","356",0.409731057413886,0.133229572033368,0.514325811361271,1.94322179583198,NA
"846","NSW1213035",1.42889598447071,0.0292998312232237,0,"846","2","357",-0.267834140133666,0.128796463428161,-0.238534308910443,1.19036167556027,NA
"847","NSW1200510",1.42889598447071,0.109978498349962,0,"847","2","358",0.440112812851976,0.131044701556976,0.550091311201938,1.97898729567265,NA
"848","NSW1211532",1.42889598447071,0.0202302038882815,0,"848","2","359",-0.10976194465516,0.130057276840399,-0.0895317407668784,1.33936424370383,NA
"849","NSW1200924",1.42889598447071,0.0799097628980833,0,"849","2","360",-0.1922649923339,0.119030153395483,-0.112355229435817,1.31654075503489,NA
"850","NSW1200782",1.42889598447071,0.109038059014213,0,"850","2","361",-0.308568530790072,0.122157962260958,-0.199530471775859,1.22936551269485,NA
"851","NSW1212998",1.42889598447071,-0.0287734801369993,0,"851","2","362",0.063038546990955,0.133736453273413,0.0342650668539557,1.46316105132467,NA
"852","NSW1211587",1.42889598447071,0.123368637985249,0,"852","2","363",-0.176707319567689,0.126799024439615,-0.0533386815824398,1.37555730288827,NA
"853","NSW1200359",1.42889598447071,0.00728867528909371,0,"853","2","364",0.0788206358811899,0.137537915806641,0.0861093111702837,1.51500529564099,NA
"854","NSW1212989",1.42889598447071,-0.0480968776395563,0,"854","2","365",-0.137911722861034,0.134204109127323,-0.18600860050059,1.24288738397012,NA
"855","NSW1201429",1.42889598447071,0.033473552901531,0,"855","2","366",0.244885644718075,0.13225928893411,0.278359197619606,1.70725518209032,NA
"856","NSW1200918",1.42889598447071,0.0302255533697675,0,"856","2","367",0.10926572946517,0.124072446150075,0.139491282834937,1.56838726730565,NA
"857","NSW1190209",1.42889598447071,0.122728662687559,0,"857","2","368",-0.113817071742188,0.12620359422369,0.00891159094537053,1.43780757541608,NA
"858","NSW1200404",1.42889598447071,0.0900447153009058,0,"858","2","369",-0.193528442855742,0.122073176115015,-0.103483727554836,1.32541225691587,NA
"859","NSW1211509",1.42889598447071,0.0418802222549007,0,"859","2","370",0.190869663805853,0.128323201614503,0.232749886060754,1.66164587053146,NA
"860","NSW1200421",1.42889598447071,0.102060819788379,0,"860","2","371",0.0653879116214227,0.131175423730729,0.167448731409802,1.59634471588051,NA
"861","NSW1200908",1.42889598447071,0.101734856345567,0,"861","2","372",-0.0659694234134988,0.128718054408379,0.0357654329320687,1.46466141740278,NA
"862","NSW1213028",1.42889598447071,0.0627254201785776,0,"862","2","373",-0.504591090600566,0.130105398815592,-0.441865670421988,0.987030314048722,NA
"863","NSW1201632",1.42889598447071,0.252248926305239,0,"863","2","374",-0.127779793563423,0.126181281798091,0.124469132741816,1.55336511721253,NA
"864","NSW1200461",1.42889598447071,0.0309527101035265,0,"864","2","375",0.482351385860377,0.13504375093343,0.513304095963903,1.94220008043461,NA
"865","NSW1200590",1.42889598447071,0.00696085000386337,0,"865","2","376",0.434984382747954,0.130766868543845,0.441945232751817,1.87084121722253,NA
"866","NSW1212975",1.42889598447071,0.0756555718542009,0,"866","2","377",0.186935423092161,0.133877461340939,0.262590994946362,1.69148697941707,NA
"867","NSW1201621",1.42889598447071,0.0716299707495748,0,"867","2","378",0.0809830889182142,0.114702917028663,0.152613059667789,1.5815090441385,NA
"868","NSW1210994",1.42889598447071,-0.00742875067816021,0,"868","2","379",0.102794959739481,0.130927011935598,0.0953662090613213,1.52426219353203,NA
"869","NSW1190186",1.42889598447071,0.142272703380865,0,"869","2","380",0.0997660509082062,0.133628921632156,0.242038754289072,1.67093473875978,NA
"870","NSW1213009",1.42889598447071,0.216951066771879,0,"870","2","381",0.088279545621576,0.127043163979636,0.305230612393455,1.73412659686416,NA
"871","NSW1213004",1.42889598447071,0.047007306390176,0,"871","2","382",0.00625226068897123,0.131472855100142,0.0532595670791472,1.48215555154986,NA
"872","NSW1200595",1.42889598447071,0.0721863601892479,0,"872","2","383",-0.36770294727869,0.124438334410416,-0.295516587089442,1.13337939738127,NA
"873","NSW1211590",1.42889598447071,0.119465381019632,0,"873","2","384",0.107698680071341,0.121015676151562,0.227164061090973,1.65606004556168,NA
"874","NSW1213026",1.42889598447071,0.170326312764373,0,"874","2","385",-0.257392757059939,0.118033159719064,-0.0870664442955663,1.34182954017514,NA
"875","NSW1200798",1.42889598447071,0.0613051347261869,0,"875","2","386",0.20147679485977,0.127743087930381,0.262781929585956,1.69167791405667,NA
"876","NSW1190171",1.42889598447071,0.146897172300594,0,"876","2","387",0.314450636779795,0.124711540267749,0.461347809080389,1.8902437935511,NA
"877","NSW1211447",1.42889598447071,0.141163492457682,0,"877","2","388",0.235109823021968,0.132080898847052,0.376273315479649,1.80516929995036,NA
"878","NSW1200652",1.42889598447071,0.0815325253148812,0,"878","2","389",0.0657575991621662,0.124518813173122,0.147290124477047,1.57618610894776,NA
"879","NSW1211571",1.42889598447071,0.0804774542804347,0,"879","2","390",0.118693503002976,0.124694464939961,0.199170957283411,1.62806694175412,NA
"880","NSW1200612",1.42889598447071,0.081820443380386,0,"880","2","391",-0.0595123497199122,0.124230118024366,0.0223080936604738,1.45120407813118,NA
"881","NSW1213019",1.42889598447071,0.0307003005929666,0,"881","2","392",-0.118631203106304,0.12776353280906,-0.087930902513337,1.34096508195737,NA
"882","NSW1190193",1.42889598447071,0.0847712087651287,0,"882","2","393",0.165203732468016,0.136670108389093,0.249974941233145,1.67887092570385,NA
"883","NSW1200621",1.42889598447071,-0.042035247321737,0,"883","2","394",0.0674158463637372,0.14905767683684,0.0253805990420002,1.45427658351271,NA
"884","NSW1211452",1.42889598447071,0.145624029060948,0,"884","2","395",-0.32219911377595,0.13563886574787,-0.176575084715002,1.25232089975571,NA
"885","NSW1210997",1.42889598447071,0.0779465959397047,0,"885","2","396",0.0876262673755592,0.132053380873386,0.165572863315264,1.59446884778597,NA
"886","NSW1201424",1.42889598447071,0.0436481623827676,0,"886","2","397",0.175154423246008,0.1257900400061,0.218802585628776,1.64769857009949,NA
"887","NSW1213002",1.42889598447071,0.0254831402966075,0,"887","2","398",0.311945879701184,0.121777291250204,0.337429019997791,1.7663250044685,NA
"888","NSW1201367",1.42889598447071,-0.0162709569821625,0,"888","2","399",0.0719845121231539,0.130182687930741,0.0557135551409913,1.4846095396117,NA
"889","NSW1200903",1.42889598447071,0.0514411111523577,0,"889","2","400",0.424531425836981,0.132113089000968,0.475972536989338,1.90486852146005,NA
"890","NSW1212974",1.42889598447071,-0.151328785587924,0,"890","2","401",0.308160625847128,0.140891355868052,0.156831840259204,1.58572782472991,NA
"891","NSW1211531",1.42889598447071,-0.0514030043004709,0,"891","2","402",-0.292135222332018,0.13691738599002,-0.343538226632489,1.08535775783822,NA
"892","NSW1190170",1.42889598447071,0.129972560631126,0,"892","2","403",-0.0466126340556497,0.128350432611957,0.0833599265754765,1.51225591104619,NA
"893","NSW1211579",1.42889598447071,0.0111877985367281,0,"893","2","404",0.0666729449672034,0.125669210618654,0.0778607435039315,1.50675672797464,NA
"894","NSW1200913",1.42889598447071,-0.00581532836889308,0,"894","2","405",0.544251881470814,0.129363097250955,0.538436553101921,1.96733253757263,NA
"895","NSW1212899",1.42889598447071,0.0489218846702604,0,"895","2","406",-0.384410722546051,0.127445452102869,-0.33548883787579,1.09340714659492,NA
"896","NSW1212954",1.42889598447071,0.0553403649935362,0,"896","2","407",0.23333960130596,0.134008163234839,0.288679966299496,1.71757595077021,NA
"897","NSW1200874",1.42889598447071,0.148677349583627,0,"897","2","408",-0.0185748760447039,0.116424361154254,0.130102473538923,1.55899845800963,NA
"898","NSW1200367",1.42889598447071,0.014993471785503,0,"898","2","409",0.0714410943546327,0.142395126374246,0.0864345661401356,1.51533055061085,NA
"899","NSW1211563",1.42889598447071,0.128150450013632,0,"899","2","410",0.163510656431811,0.122563129635845,0.291661106445443,1.72055709091615,NA
"900","NSW1200667",1.42889598447071,0.0779418839514057,0,"900","2","411",0.174699675172476,0.129919337425699,0.252641559123881,1.68153754359459,NA
"901","NSW1200832",1.42889598447071,0.135212282927353,0,"901","2","412",-0.205996239639276,0.122686643640189,-0.0707839567119227,1.35811202775879,NA
"902","NSW1211580",1.42889598447071,0.0153377313786335,0,"902","2","413",0.229453937142266,0.132405293263993,0.2447916685209,1.67368765299161,NA
"903","NSW1201435",1.42889598447071,0.163339674199424,0,"903","2","414",-0.0747489080015569,0.133285363099236,0.0885907661978668,1.51748675066858,NA
"904","NSW1200600",1.42889598447071,0.157818377814604,0,"904","2","415",-0.164818834450085,0.121428395249472,-0.00700045663548093,1.42189552783523,NA
"905","NSW1212994",1.42889598447071,0.0617317130509365,0,"905","2","416",0.127979657107667,0.121775160336113,0.189711370158604,1.61860735462931,NA
"906","NSW1211591",1.42889598447071,0.0918284486247611,0,"906","2","417",-0.0932999930595683,0.124442765568981,-0.00147154443480722,1.4274244400359,NA
