"","Taxa","BLUE.N","BLUE.I","QTNs","Group","RefInf","ID","BLUP","PEV","gBreedingValue","Prediction","COI"
"1","S_1007_S311",1.33788540267205,0.09998122899732,0,"  1","1","  1",0.37269781787656,0.302555834025796,0.47267904687388,1.81056444954593,1.8612097182042
"2","S_102_S245",1.33788540267205,0.187790130151385,0,"  2","1","  2",0.411405370613623,0.376140869427925,0.599195500765008,1.93708090343706,1.65487545982344
"3","S_1031_S380",1.33788540267205,0.0756053888565946,0,"  3","1","  3",0.177390658572583,0.281529704928925,0.252996047429178,1.59088145010123,1
"4","S_1045_S231",1.33788540267205,0.0309428469941592,0,"  4","1","  4",-0.0284753812128659,0.348615907230559,0.00246746578129334,1.34035286845335,0
"5","S_1052_S227",1.33788540267205,0.0773192883198459,0,"  5","1","  5",0.0347173171621335,0.287429157793594,0.112036605481979,1.44992200815403,2.11474252688113
"6","S_1054_S345",1.33788540267205,0.0398971936024474,0,"  6","1","  6",0.335699032452767,0.320221205787898,0.375596226055215,1.71348162872727,0.840896415253715
"7","S_1057_S302",1.33788540267205,-0.0139456172020328,0,"  7","1","  7",-0.203207851487065,0.290848988585986,-0.217153468689097,1.12073193398296,0.840896415253715
"8","S_106_S223",1.33788540267205,0.234636777671669,0,"  8","1","  8",0.485437840936556,0.364285446850304,0.720074618608225,2.05796002128028,1.8612097182042
"9","S_1082_S287",1.33788540267205,0.0732183993609894,0,"  9","1","  9",-0.0248659944800398,0.3013367970476,0.0483524048809496,1.386237807553,1.56508458007329
"10","S_108_S258",1.33788540267205,0.105811451570326,0," 10","1"," 10",0.480108672201276,0.360729319079367,0.585920123771602,1.92380552644366,1.56508458007329
"11","S_109_S351",1.33788540267205,0.112244380943907,0," 11","1"," 11",0.521267326368547,0.312417751174468,0.633511707312454,1.97139710998451,1.49534878122122
"12","S_1124_S271",1.33788540267205,-0.152705863074734,0," 12","1"," 12",-0.271433974491362,0.42950933676812,-0.424139837566096,0.913745565105958,1.18920711500272
"13","S_1127_S332",1.33788540267205,-0.0528381391004463,0," 13","1"," 13",-0.949729971507631,0.308240052753419,-1.00256811060808,0.335317292063977,0
"14","S_1130_S319",1.33788540267205,0.110816660705416,0," 14","1"," 14",0.375030686327676,0.331709623917432,0.485847347033092,1.82373274970515,2.65914794847249
"15","S_1132_S315",1.33788540267205,0.118005835817396,0," 15","1"," 15",0.271950542903566,0.327618818200583,0.389956378720962,1.72784178139302,1.65487545982344
"16","S_1159_S297",1.33788540267205,0.0514854240322331,0," 16","1"," 16",0.0565811565719397,0.339594756647995,0.108066580604173,1.44595198327623,1.56508458007329
"17","S_1161_S254",1.33788540267205,0.0447303731952659,0," 17","1"," 17",0.0896817742209871,0.329614866976968,0.134412147416253,1.47229755008831,1.31607401295249
"18","S_1162_S384",1.33788540267205,-0.0597604635342297,0," 18","1"," 18",-0.186803703424421,0.291295705603815,-0.24656416695865,1.0913212357134,2.51486685936587
"19","S_1223_S229",1.33788540267205,0.0264166526025065,0," 19","1"," 19",0.153983647932016,0.303447458965657,0.180400300534522,1.51828570320658,1.4142135623731
"20","S_1237_S377",1.33788540267205,0.035401884404524,0," 20","1"," 20",-1.10682060311645,0.332403215298158,-1.07141871871193,0.266466683960129,0
"21","S_129_S310",1.33788540267205,0.0287364920784622,0," 21","1"," 21",-1.50958031976937,0.313359157077623,-1.48084382769091,0,0
"22","S_1305_S246",1.33788540267205,-0.00205454861916395,0," 22","1"," 22",-0.122050696923388,0.314910336248233,-0.124105245542552,1.2137801571295,1.77827941003892
"23","S_130_S333",1.33788540267205,0.0386161015110807,0," 23","1"," 23",-0.879539912233066,0.336916263988563,-0.840923810721986,0.496961591950068,0
"24","S_1315_S322",1.33788540267205,0.0891417811936014,0," 24","1"," 24",0.0448183699623139,0.30309713058776,0.133960151155915,1.47184555382797,1.49534878122122
"25","S_1317_S208",1.33788540267205,-0.012816463373357,0," 25","1"," 25",-0.436966652206907,0.285433937267765,-0.449783115580264,0.88810228709179,1.49534878122122
"26","S_1324_S206",1.33788540267205,-0.0444334230221418,0," 26","1"," 26",0.584144995762729,0.346536285958759,0.539711572740587,1.87759697541264,2.11474252688113
"27","S_1328_S372",1.33788540267205,0.0210303194182966,0," 27","1"," 27",0.78066104904238,0.308190882081574,0.801691368460677,2.13957677113273,2.34034731932072
"28","S_1343_S366",1.33788540267205,0.105502942029717,0," 28","1"," 28",-0.033814697330295,0.294439531044207,0.0716882446994222,1.40957364737148,1
"29","S_137_S285",1.33788540267205,0.0743384192958508,0," 29","1"," 29",-0.523014562236997,0.325803730876515,-0.448676142941147,0.889209259730907,1
"30","S_1383_S323",1.33788540267205,-0.311458362960213,0," 30","1"," 30",0.568708706046374,0.491832799613998,0.257250343086161,1.59513574575822,1.10668191970032
"31","S_1404_S202",1.33788540267205,-0.0463167528221288,0," 31","1"," 31",-0.631271937340242,0.292981655835316,-0.677588690162371,0.660296712509683,0
"32","S_1407_S312",1.33788540267205,0.0533644359535403,0," 32","1"," 32",-0.129913817649343,0.35205489585268,-0.0765493816958029,1.26133602097625,1.31607401295249
"33","S_140_S320",1.33788540267205,0.13417109339317,0," 33","1"," 33",0.737940913294713,0.334485350527354,0.872112006687883,2.20999740935994,2.51486685936587
"34","S_1423_S318",1.33788540267205,0.0803266056126385,0," 34","1"," 34",0.638939935682314,0.34191250060379,0.719266541294953,2.05715194396701,2.51486685936587
"35","S_1430_S329",1.33788540267205,0.0789488116736866,0," 35","1"," 35",-0.35353406737004,0.32308691942727,-0.274585255696353,1.0633001469757,1.4142135623731
"36","S_1431_S278",1.33788540267205,0.0627736462803212,0," 36","1"," 36",-0.716866701958031,0.293143967296512,-0.65409305567771,0.683792346994345,0
"37","S_1437_S292",1.33788540267205,0.0235654801132439,0," 37","1"," 37",-0.52142154719143,0.308923969673885,-0.497856067078186,0.840029335593868,1.18920711500272
"38","S_1441_S235",1.33788540267205,0.13415770177617,0," 38","1"," 38",-0.20659940072947,0.324449373497313,-0.0724416989532999,1.26544370371875,1.96798967126543
"39","S_1442_S328",1.33788540267205,0.0620573866731572,0," 39","1"," 39",-0.577874784150876,0.293002633798515,-0.515817397477719,0.822068005194335,0
"40","S_1452_S275",1.33788540267205,0.0824780955998199,0," 40","1"," 40",0.16082971994832,0.292647148068212,0.24330781554814,1.58119321822019,1.49534878122122
"41","S_1472_S295",1.33788540267205,0.0852116020526712,0," 41","1"," 41",-0.540781699904587,0.29286268622444,-0.455570097851915,0.882315304820139,0
"42","S_1488_S316",1.33788540267205,-0.00220376238450711,0," 42","1"," 42",0.346018061247641,0.307250709183791,0.343814298863134,1.68169970153519,1.62657656169779
"43","S_148_S249",1.33788540267205,0.16839663594085,0," 43","1"," 43",-0.270740805678522,0.385195520898196,-0.102344169737672,1.23554123293438,1
"44","S_1496_S272",1.33788540267205,0.091291575862116,0," 44","1"," 44",0.814222755869736,0.310619933715325,0.905514331731852,2.24339973440391,2.65914794847249
"45","S_150_S251",1.33788540267205,0.0950075548916973,0," 45","1"," 45",-0.547399336330728,0.314818336670141,-0.452391781439031,0.885493621233023,1.31607401295249
"46","S_1513_S327",1.33788540267205,0.0847012214377787,0," 46","1"," 46",-0.990237502155631,0.305789317723896,-0.905536280717853,0.432349121954201,0
"47","S_1518_S240",1.33788540267205,0.0262134242431306,0," 47","1"," 47",-0.00950225673097356,0.305253277714453,0.0167111675121571,1.35459657018421,1
"48","S_1549_S342",1.33788540267205,-0.00857913189468383,0," 48","1"," 48",-0.69080687925574,0.310007536423136,-0.699386011150424,0.63849939152163,0
"49","S_1573_S236",1.33788540267205,0.124760117541015,0," 49","1"," 49",-0.487706528678821,0.313364576471518,-0.362946411137806,0.974938991534248,1
"50","S_1584_S296",1.33788540267205,0.0719901994485365,0," 50","1"," 50",0.200693790370529,0.292031642373233,0.272683989819065,1.61056939249112,2.21336383940064
"51","S_1599_S343",1.33788540267205,0.0778099254221178,0," 51","1"," 51",0.482329269739934,0.292850130745677,0.560139195162052,1.89802459783411,2.65914794847249
"52","S_1619_S303",1.33788540267205,0.0994647016384464,0," 52","1"," 52",-0.0437641746485833,0.366029450274468,0.0557005269898631,1.39358592966192,1.77827941003892
"53","S_1621_S339",1.33788540267205,0.00941304841111425,0," 53","1"," 53",0.635529408773513,0.320699456038284,0.644942457184627,1.98282785985668,2.54572989502183
"54","S_1623_S378",1.33788540267205,-0.0125356340550571,0," 54","1"," 54",0.299396356173214,0.352202041728553,0.286860722118157,1.62474612479021,1.65487545982344
"55","S_1629_S373",1.33788540267205,-0.104655488134378,0," 55","1"," 55",0.757029928988308,0.316214927263068,0.65237444085393,1.99025984352598,1.77827941003892
"56","S_1631_S361",1.33788540267205,-0.0381592964931715,0," 56","1"," 56",0.320338208072571,0.292669597539881,0.2821789115794,1.62006431425145,2.65914794847249
"57","S_1637_S325",1.33788540267205,0.138105112119153,0," 57","1"," 57",0.681170324597703,0.331280196141674,0.819275436716856,2.15716083938891,2.44948974278318
"58","S_1639_S204",1.33788540267205,0.0525830780491538,0," 58","1"," 58",-0.236406494323837,0.299272551323294,-0.183823416274683,1.15406198639737,1.31607401295249
"59","S_1643_S375",1.33788540267205,0.0382621848838157,0," 59","1"," 59",-0.063426554580775,0.322156236631351,-0.0251643696969593,1.31272103297509,1
"60","S_1649_S331",1.33788540267205,0.000950120128855203,0," 60","1"," 60",-0.339610539448682,0.332538528725714,-0.338660419319826,0.999224983352228,1.49534878122122
"61","S_1653_S294",1.33788540267205,0.0892587497946813,0," 61","1"," 61",-0.0765886500988156,0.334556977701204,0.0126700996958657,1.35055550236792,1
"62","S_165_S284",1.33788540267205,0.121097471059373,0," 62","1"," 62",0.274669131608606,0.320786698291658,0.395766602667979,1.73365200534003,1.49534878122122
"63","S_1677_S221",1.33788540267205,0.116121752247615,0," 63","1"," 63",-0.276996932846884,0.323024980334926,-0.16087518059927,1.17701022207278,0
"64","S_1683_S338",1.33788540267205,0.0724140437276047,0," 64","1"," 64",-0.0689475064819603,0.318630178559773,0.00346653724564436,1.3413519399177,1.18920711500272
"65","S_1689_S192",1.33788540267205,0.144538716343528,0," 65","1"," 65",-0.206370301190056,0.339913116130927,-0.0618315848465279,1.27605381782553,0
"66","S_1699_S367",1.33788540267205,-0.0558867792143728,0," 66","1"," 66",0.341160864106788,0.357228770026139,0.285274084892415,1.62315948756447,1.18920711500272
"67","S_171_S219",1.33788540267205,0.116130365606807,0," 67","1"," 67",0.46609214988104,0.29850217453549,0.582222515487846,1.9201079181599,2.59002006411135
"68","S_1723_S369",1.33788540267205,0.000179087759230569,0," 68","1"," 68",-0.0679712141932536,0.341636122565237,-0.067792126434023,1.27009327623803,1.4142135623731
"69","S_1728_S376",1.33788540267205,0.0454988550756559,0," 69","1"," 69",0.373885447025269,0.349112491339422,0.419384302100925,1.75726970477298,2.78315768371374
"70","S_1736_S359",1.33788540267205,0.0540783189321713,0," 70","1"," 70",0.334655047384075,0.31433135957821,0.388733366316247,1.7266187689883,1.96798967126543
"71","S_1742_S357",1.33788540267205,0.107532741378389,0," 71","1"," 71",-0.00123027215696363,0.367976110689941,0.106302469221425,1.44418787189348,1.8612097182042
"72","S_1749_S247",1.33788540267205,0.0525704040291375,0," 72","1"," 72",-0.207109231128272,0.346325647025793,-0.154538827099134,1.18334657557292,1
"73","S_1779_S226",1.33788540267205,0.0797329144994507,0," 73","1"," 73",0.921361859287448,0.32630007548446,1.0010947737869,2.33898017645895,2.65914794847249
"74","S_1810_S213",1.33788540267205,0.039907012182115,0," 74","1"," 74",0.00958216529025263,0.338948635387333,0.0494891774723676,1.38737458014442,1.8612097182042
"75","S_1813_S253",1.33788540267205,0.108897076069536,0," 75","1"," 75",0.286568639738496,0.339900264994127,0.395465715808032,1.73335111848009,1.56508458007329
"76","S_1817_S210",1.33788540267205,0.106751676763433,0," 76","1"," 76",0.484122715510602,0.370043514206216,0.590874392274035,1.92875979494609,2.34034731932072
"77","S_1818_S238",1.33788540267205,0.122543193361559,0," 77","1"," 77",-0.398418631407269,0.356081779370672,-0.27587543804571,1.06200996462634,0
"78","S_1825_S198",1.33788540267205,0.0670891738552069,0," 78","1"," 78",-0.0535430777862377,0.300554245318046,0.0135460960689693,1.35143149874102,1.49534878122122
"79","S_1837_S256",1.33788540267205,0.123531690962216,0," 79","1"," 79",0.788674582190862,0.346624322754093,0.912206273153077,2.25009167582513,2.78315768371374
"80","S_1839_S299",1.33788540267205,0.125224777231041,0," 80","1"," 80",0.136750723059895,0.334999778602602,0.261975500290935,1.59986090296299,2.21336383940064
"81","S_183_S263",1.33788540267205,-0.0060444048400938,0," 81","1"," 81",0.875084159337735,0.342887913391829,0.869039754497641,2.2069251571697,2.65914794847249
"82","S_1841_S250",1.33788540267205,0.0967846648984789,0," 82","1"," 82",-0.0881541543767946,0.328200065762531,0.00863051052168431,1.34651591319374,0
"83","S_1865_S374",1.33788540267205,0.236558204998797,0," 83","1"," 83",0.856944423725066,0.341620529012449,1.09350262872386,2.43138803139592,2.21336383940064
"84","S_1874_S244",1.33788540267205,0.118346421708601,0," 84","1"," 84",0.492097556490585,0.309294483636398,0.610443978199186,1.94832938087124,2.34034731932072
"85","S_1877_S262",1.33788540267205,0.0702872969722582,0," 85","1"," 85",0.627198099581946,0.299218367766384,0.697485396554204,2.03537079922626,2.78315768371374
"86","S_1899_S193",1.33788540267205,0.00273888473498869,0," 86","1"," 86",-0.232873166567375,0.320714809783282,-0.230134281832386,1.10775112083967,1.62657656169779
"87","S_1900_S242",1.33788540267205,0.0626068869285492,0," 87","1"," 87",-0.110971967261654,0.311893780881588,-0.0483650803331052,1.28952032233895,1.56508458007329
"88","S_1936_S218",1.33788540267205,0.0881501634049402,0," 88","1"," 88",-0.27089854669698,0.309119133242983,-0.18274838329204,1.15513701938001,1.18920711500272
"89","S_1952_S293",1.33788540267205,0.114724391908787,0," 89","1"," 89",0.118234054737046,0.344128241321835,0.232958446645833,1.57084384931789,1.18920711500272
"90","S_1969_S291",1.33788540267205,0.0947933650970574,0," 90","1"," 90",0.0990675681436266,0.329979563945064,0.193860933240684,1.53174633591274,1.31607401295249
"91","S_1973_S267",1.33788540267205,0.141709726127961,0," 91","1"," 91",1.4424945153049,0.382483863791564,1.58420424143286,2.92208964410492,2.89250760851908
"92","S_197_S207",1.33788540267205,0.0704589386150469,0," 92","1"," 92",-0.541969014419622,0.31957849721298,-0.471510075804575,0.866375326867479,1.4142135623731
"93","S_198_S304",1.33788540267205,0.0352904056695462,0," 93","1"," 93",-0.957075607608219,0.301067515792949,-0.921785201938672,0.416100200733382,0
"94","S_2010_S200",1.33788540267205,0.119476128305419,0," 94","1"," 94",-0.854029310261447,0.33002357777816,-0.734553181956028,0.603332220716026,0
"95","S_2014_S264",1.33788540267205,0.0933732509688091,0," 95","1"," 95",-0.835077873987235,0.316892013280049,-0.741704623018426,0.596180779653628,1.25743342968294
"96","S_2015_S266",1.33788540267205,0.0627614817194957,0," 96","1"," 96",-0.850424515944606,0.293355810406806,-0.787663034225111,0.550222368446943,0
"97","S_2037_S371",1.33788540267205,0.0380137903013655,0," 97","1"," 97",-0.582357899466964,0.327732299943184,-0.544344109165599,0.793541293506456,0
"98","S_2073_S215",1.33788540267205,0.107546444938818,0," 98","1"," 98",0.649266148533677,0.370168895210112,0.756812593472495,2.09469799614455,1.49534878122122
"99","S_2099_S335",1.33788540267205,0.123154104391652,0," 99","1"," 99",-0.0175336221908561,0.331885985247961,0.105620482200796,1.44350588487285,0.840896415253715
"100","S_209_S379",1.33788540267205,-0.0805618139111861,0,"100","1","100",-0.423017656503222,0.350980207052015,-0.503579470414408,0.834305932257646,0
"101","S_2103_S301",1.33788540267205,0.177528124315445,0,"101","1","101",0.328663386282786,0.354626292636106,0.50619151059823,1.84407691327028,2.34034731932072
"102","S_2104_S224",1.33788540267205,0.110279763156326,0,"102","1","102",0.222275239617708,0.360901334275964,0.332555002774034,1.67044040544609,1.31607401295249
"103","S_2105_S269",1.33788540267205,0.15196794556866,0,"103","1","103",-0.341783674622429,0.33660136844655,-0.189815729053769,1.14806967361829,0
"104","S_2107_S349",1.33788540267205,0.120484534108906,0,"104","1","104",-0.796371669367604,0.33663543712286,-0.675887135258697,0.661998267413357,1.18920711500272
"105","S_2115_S280",1.33788540267205,-0.233596636785249,0,"105","1","105",0.288735263271296,0.404364427565454,0.0551386264860478,1.3930240291581,2.34034731932072
"106","S_2116_S350",1.33788540267205,0.0272350883473917,0,"106","1","106",-0.423918630782697,0.307184053813067,-0.396683542435306,0.941201860236748,1.31607401295249
"107","S_2135_S234",1.33788540267205,-0.0403280148864012,0,"107","1","107",0.416943566605956,0.331656902520903,0.376615551719555,1.71450095439161,1.31607401295249
"108","S_2140_S363",1.33788540267205,0.0467775808979228,0,"108","1","108",-1.44308158672901,0.31415893192091,-1.39630400583109,0,0
"109","S_2145_S212",1.33788540267205,0.0784976897643728,0,"109","1","109",-0.858541296200058,0.321905817015701,-0.780043606435686,0.557841796236369,0
"110","S_2155_S383",1.33788540267205,-0.0213677182713367,0,"110","1","110",0.114193530554655,0.339325270237054,0.0928258122833185,1.43071121495537,1.4142135623731
"111","S_2187_S360",1.33788540267205,-0.0446178910039901,0,"111","1","111",-0.581096308904507,0.304464973337451,-0.625714199908497,0.712171202763557,1.96798967126543
"112","S_2192_S307",1.33788540267205,0.0540095449214,0,"112","1","112",-0.190663624830625,0.315635012567852,-0.136654079909225,1.20123132276283,1.31607401295249
"113","S_2193_S216",1.33788540267205,0.104225974840304,0,"113","1","113",-0.112008797125611,0.303171460019901,-0.00778282228530644,1.33010258038675,1.65487545982344
"114","S_2201_S214",1.33788540267205,0.115810204901034,0,"114","1","114",-1.38804930252402,0.372351050538709,-1.27223909762299,0.0656463050490652,0
"115","S_2203_S277",1.33788540267205,0.144530715566123,0,"115","1","115",-0.855238801929501,0.343247226883452,-0.710708086363378,0.627177316308676,0
"116","S_2212_S230",1.33788540267205,0.0294860103258062,0,"116","1","116",-1.2449717557941,0.293020162004276,-1.2154857454683,0.122399657203755,0
"117","S_2214_S290",1.33788540267205,0.0879766852537695,0,"117","1","117",-0.613998606414385,0.320097226618264,-0.526021921160615,0.811863481511439,1.4142135623731
"118","S_2226_S298",1.33788540267205,0.0887752060277096,0,"118","1","118",0.0783075090078226,0.310640993710349,0.167082715035532,1.50496811770759,2.21336383940064
"119","S_2228_S346",1.33788540267205,0.0317181082695158,0,"119","1","119",-0.943641915802961,0.280890971739569,-0.911923807533445,0.425961595138609,0
"120","S_2232_S273",1.33788540267205,0.110103255126434,0,"120","1","120",-0.249758536303715,0.336280393027865,-0.139655281177282,1.19823012149477,1.31607401295249
"121","S_2271_S195",1.33788540267205,0.04069515189279,0,"121","1","121",0.0149279128920267,0.345003945577063,0.0556230647848167,1.39350846745687,1.49534878122122
"122","S_2299_S281",1.33788540267205,-0.086826399818191,0,"122","1","122",0.890011437254531,0.336676907161567,0.80318503743634,2.14107044010839,2.65914794847249
"123","S_2302_S259",1.33788540267205,-0.0505643975471259,0,"123","1","123",1.21952289460949,0.348693120340697,1.16895849706236,2.50684389973442,2.23606797749979
"124","S_2307_S288",1.33788540267205,-0.0678318546570205,0,"124","1","124",0.24588605986523,0.34258734632471,0.17805420520821,1.51593960788026,2.69178163547765
"125","S_2319_S337",1.33788540267205,0.0169937479095783,0,"125","1","125",-0.442302834570258,0.313012652398586,-0.42530908666068,0.912576316011375,0
"126","S_231_S260",1.33788540267205,0.0663388469303626,0,"126","1","126",0.837565576066045,0.331714433563811,0.903904422996408,2.24178982566846,2.11474252688113
"127","S_2323_S355",1.33788540267205,-0.0282689213797747,0,"127","1","127",-0.432454410925037,0.325518188449837,-0.460723332304812,0.877162070367242,1.25743342968294
"128","S_2351_S197",1.33788540267205,-0.02877602540268,0,"128","1","128",-1.18715145266752,0.328911196719447,-1.2159274780702,0.121957924601856,0
"129","S_2358_S289",1.33788540267205,-0.0794342299120297,0,"129","1","129",-0.0161887274470963,0.291332161537794,-0.095622957359126,1.24226244531293,1.49534878122122
"130","S_2370_S336",1.33788540267205,-0.00883149528581045,0,"130","1","130",-0.336924071933588,0.361318559204109,-0.345755567219398,0.992129835452656,1
"131","S_2375_S268",1.33788540267205,0.0433493968176615,0,"131","1","131",0.666850269025346,0.31981990054851,0.710199665843008,2.04808506851506,2.51486685936587
"132","S_2395_S194",1.33788540267205,0.00311839936721692,0,"132","1","132",-0.102335730193021,0.317793329726116,-0.0992173308258045,1.23866807184625,1.56508458007329
"133","S_242_S324",1.33788540267205,-0.00600788533934624,0,"133","1","133",-0.533628459494862,0.356588226868356,-0.539636344834208,0.798249057837846,0
"134","S_248_S252",1.33788540267205,-0.0233625571927926,0,"134","1","134",0.212054804251467,0.353583428495833,0.188692247058675,1.52657764973073,1.77827941003892
"135","S_261_S368",1.33788540267205,0.0986866095867851,0,"135","1","135",-0.161092274430084,0.29646776966366,-0.0624056648432989,1.27547973782876,1.96798967126543
"136","S_269_S228",1.33788540267205,0.104740252930624,0,"136","1","136",-0.613701112374025,0.322439240989195,-0.508960859443402,0.828924543228653,0.840896415253715
"137","S_272_S326",1.33788540267205,0.110541775820777,0,"137","1","137",0.162186887712178,0.373213455947031,0.272728663532955,1.61061406620501,2.11474252688113
"138","S_285_S191",1.33788540267205,0.175223309473599,0,"138","1","138",0.977916177986468,0.322515015699157,1.15313948746007,2.49102489013212,2.05976714390712
"139","S_28_S364",1.33788540267205,0.0887244677067873,0,"139","1","139",-1.2316349042749,0.304772692308838,-1.14291043656811,0.194974966103943,0
"140","S_294_S317",1.33788540267205,-0.0990405761740517,0,"140","1","140",-0.64900423759386,0.34821036517045,-0.748044813767912,0.589840588904142,0
"141","S_298_S354",1.33788540267205,-0.0398270518534502,0,"141","1","141",0.468757227098706,0.393445703118852,0.428930175245256,1.76681557791731,2.11474252688113
"142","S_304_S341",1.33788540267205,-0.0174359989249525,0,"142","1","142",-0.675292706015115,0.292384537721544,-0.692728704940068,0.645156697731987,0
"143","S_325_S347",1.33788540267205,-0.012261326362666,0,"143","1","143",-0.825332922923177,0.30224943533166,-0.837594249285843,0.500291153386211,0
"144","S_381_S205",1.33788540267205,0.143360974966921,0,"144","1","144",0.365601069782636,0.305398669528777,0.508962044749557,1.84684744742161,2.65914794847249
"145","S_382_S276",1.33788540267205,0.10614444478941,0,"145","1","145",0.631044472138633,0.305721477030679,0.737188916928043,2.0750743196001,2.89250760851908
"146","S_389_S330",1.33788540267205,-0.00202516219734801,0,"146","1","146",0.716043609365112,0.288641851853118,0.714018447167764,2.05190384983982,2.23606797749979
"147","S_394_S237",1.33788540267205,0.103717237532702,0,"147","1","147",-0.821900866411428,0.327193548257783,-0.718183628878726,0.619701773793329,0
"148","S_398_S239",1.33788540267205,0.104572954699961,0,"148","1","148",0.56850889058553,0.293711211527536,0.673081845285491,2.01096724795755,1.49534878122122
"149","S_402_S309",1.33788540267205,0.0919214300344509,0,"149","1","149",0.3013720040949,0.292354332403677,0.393293434129351,1.7311788368014,1.31607401295249
"150","S_415_S222",1.33788540267205,0.0716796963544423,0,"150","1","150",-1.60303289842231,0.356209880088432,-1.53135320206787,0,0
"151","S_421_S358",1.33788540267205,0.0677176033493146,0,"151","1","151",-0.694434592989456,0.312220602578911,-0.626716989640142,0.711168413031912,1.31607401295249
"152","S_437_S233",1.33788540267205,0.0456670051972126,0,"152","1","152",-0.296704539223038,0.285437311957191,-0.251037534025825,1.08684786864623,1.18920711500272
"153","S_449_S352",1.33788540267205,-0.00508373194451962,0,"153","1","153",0.664359682539392,0.317749040691113,0.659275950594872,1.99716135326693,2.05976714390712
"154","S_451_S261",1.33788540267205,0.131981287345537,0,"154","1","154",-1.26137694822816,0.351540796305152,-1.12939566088262,0.208489741789431,0
"155","S_471_S344",1.33788540267205,0.0743267790359257,0,"155","1","155",-0.0469752908241051,0.345212133256813,0.0273514882118206,1.36523689088387,0
"156","S_473_S362",1.33788540267205,0.0049640024380333,0,"156","1","156",-0.040881469726799,0.313910064166143,-0.0359174672887657,1.30196793538329,1.56508458007329
"157","S_477_S225",1.33788540267205,-0.296501655638356,0,"157","1","157",-0.302515389502306,0.474852326776348,-0.599017045140662,0.738868357531392,0
"158","S_494_S382",1.33788540267205,-0.0276593434109082,0,"158","1","158",0.0634198279705291,0.35845617123002,0.035760484559621,1.37364588723168,1.49534878122122
"159","S_496_S381",1.33788540267205,0.0980563078966349,0,"159","1","159",-0.543728853687448,0.329150813159829,-0.445672545790813,0.892212856881241,2.17793858734643
"160","S_499_S265",1.33788540267205,0.037666998717899,0,"160","1","160",0.403899355068689,0.307585685592862,0.441566353786588,1.77945175645864,2.05976714390712
"161","S_4_S313",1.33788540267205,0.079634820061241,0,"161","1","161",1.26753137813885,0.327813914517019,1.34716619820009,2.68505160087214,2.78315768371374
"162","S_525_S305",1.33788540267205,0.0580229892703263,0,"162","1","162",-0.109956495304884,0.310357967061153,-0.0519335060345575,1.2859518966375,0
"163","S_529_S314",1.33788540267205,0.0877593997245631,0,"163","1","163",0.0995730665757579,0.32388739832435,0.187332466300321,1.52521786897238,1.18920711500272
"164","S_550_S257",1.33788540267205,0.0889014114671767,0,"164","1","164",0.732824300185717,0.347843072258241,0.821725711652894,2.15961111432495,2.94283095638271
"165","S_552_S308",1.33788540267205,0.0606545910801069,0,"165","1","165",0.113139111004583,0.361453133384289,0.17379370208469,1.51167910475674,1.31607401295249
"166","S_564_S211",1.33788540267205,0.113453989551267,0,"166","1","166",-0.100031885843142,0.344631772908997,0.0134221037081245,1.35130750638018,1.73205080756888
"167","S_572_S203",1.33788540267205,0.0244848861093462,0,"167","1","167",-1.07721987374753,0.322905148978456,-1.05273498763818,0.28515041503387,0
"168","S_597_S255",1.33788540267205,0.0496131468495947,0,"168","1","168",0.140532850591577,0.318600622474151,0.190145997441172,1.52803140011323,1.8612097182042
"169","S_652_S232",1.33788540267205,-0.113772081941359,0,"169","1","169",0.666436880556364,0.344651773987339,0.552664798615005,1.89055020128706,2.51486685936587
"170","S_66_S321",1.33788540267205,0.112336297717997,0,"170","1","170",-0.127240327856622,0.327139138738019,-0.0149040301386254,1.32298137253343,2.65914794847249
"171","S_699_S356",1.33788540267205,-0.130483024164903,0,"171","1","171",-0.20770656790022,0.33285749367731,-0.338189592065123,0.999695810606931,1.49534878122122
"172","S_6_S348",1.33788540267205,0.0666358683687125,0,"172","1","172",0.0416393871894815,0.309362449483289,0.108275255558194,1.44616065823025,1.49534878122122
"173","S_701_S340",1.33788540267205,-0.0620079684730674,0,"173","1","173",0.20726394057437,0.336284470058466,0.145255972101303,1.48314137477336,2.11474252688113
"174","S_704_S282",1.33788540267205,-0.121623820409627,0,"174","1","174",0.699477397541868,0.30499799575956,0.57785357713224,1.91573897980429,2.34034731932072
"175","S_716_S283",1.33788540267205,-0.181552507756132,0,"175","1","175",0.257097363943797,0.351565497304781,0.0755448561876654,1.41343025885972,1.8612097182042
"176","S_732_S243",1.33788540267205,0.0758215472420417,0,"176","1","176",0.604223659039773,0.333577745954106,0.680045206281815,2.01793060895387,2.54572989502183
"177","S_737_S201",1.33788540267205,0.0318548596668013,0,"177","1","177",0.693675209260854,0.304118781307514,0.725530068927655,2.06341547159971,2.73861278752583
"178","S_769_S220",1.33788540267205,0.0963503949270696,0,"178","1","178",-0.712369049028074,0.321918019203262,-0.616018654101004,0.72186674857105,1
"179","S_797_S209",1.33788540267205,0.10342628192163,0,"179","1","179",-0.271441899706461,0.285268205382927,-0.168015617784831,1.16986978488722,0
"180","S_809_S270",1.33788540267205,0.0510494637566614,0,"180","1","180",1.05570787655271,0.291137795242472,1.10675734030937,2.44464274298143,2.65914794847249
"181","S_81_S279",1.33788540267205,0.0784763684332352,0,"181","1","181",-0.114621857115381,0.325797806998193,-0.0361454886821463,1.30173991398991,1.56508458007329
"182","S_829_S286",1.33788540267205,0.0613287409137159,0,"182","1","182",1.06024816309769,0.313118408605231,1.1215769040114,2.45946230668346,2.11474252688113
"183","S_831_S353",1.33788540267205,0.02486327349086,0,"183","1","183",1.07638650143796,0.299748718373441,1.10124977492882,2.43913517760087,2.65914794847249
"184","S_838_S306",1.33788540267205,0.00194076235779492,0,"184","1","184",0.796510991250912,0.303627369294245,0.798451753608707,2.13633715628076,2.23606797749979
"185","S_868_S274",1.33788540267205,0.0620482775890933,0,"185","1","185",-0.20628566250253,0.313475819752246,-0.144237384913436,1.19364801775862,1.10668191970032
"186","S_869_S241",1.33788540267205,0.100398983188558,0,"186","1","186",0.0139036999224511,0.310764230394203,0.114302683111009,1.45218808578306,1.56508458007329
"187","S_874_S217",1.33788540267205,0.0539896286397359,0,"187","1","187",1.0015239140944,0.318224622796398,1.05551354273413,2.39339894540619,2.34034731932072
"188","S_881_S365",1.33788540267205,0.0420912585960182,0,"188","1","188",0.935510470684779,0.327305522000996,0.977601729280797,2.31548713195285,2.78315768371374
"189","S_89_S199",1.33788540267205,0.0716156524445297,0,"189","1","189",-0.644164876500179,0.300766208078297,-0.572549224055649,0.765336178616405,0
"190","S_905_S248",1.33788540267205,0.033083998228325,0,"190","1","190",-0.601448966939478,0.265028421761186,-0.568364968711153,0.769520433960902,0.840896415253715
"191","S_927_S334",1.33788540267205,-0.0881794258574498,0,"191","1","191",-0.307070393085854,0.316901764875669,-0.395249818943304,0.94263558372875,0
"192","S_984_S370",1.33788540267205,0.0234814966371561,0,"192","1","192",-0.710290166656316,0.319270118281336,-0.68680867001916,0.651076732652894,1.49534878122122
"193","S_989_S196",1.33788540267205,-0.00423065265903337,0,"193","1","193",-0.677317612652319,0.342270049698648,-0.681548265311353,0.656337137360701,1.25743342968294
"194","S_9_S300",1.33788540267205,0.077455384602132,0,"194","1","194",0.87387559875648,0.323700717872275,0.951330983358612,2.28921638603067,2.78315768371374
"195","S_1001_S52_L003",1.33788540267205,0.0782075819608764,0,"195","1","195",0.910472914190109,0.344367417204495,0.988680496150985,2.32656589882304,2.65914794847249
"196","S_1004_S75_L003",1.33788540267205,0.033582908922034,0,"196","1","196",0.832235054330027,0.335308114662878,0.865817963252061,2.20370336592411,2.89250760851908
"197","S_1010_S144",1.33788540267205,0.0336933829915076,0,"197","1","197",0.030633769070317,0.274858219961706,0.0643271520618246,1.40221255473388,1.49534878122122
"198","S_1012_S150",1.33788540267205,-0.0771652222553774,0,"198","1","198",-0.0162155311883528,0.326835792740285,-0.0933807534437302,1.24450464922832,2.11474252688113
"199","S_1013_S145",1.33788540267205,0.116495292769514,0,"199","1","199",-0.607451941696848,0.298806977643238,-0.490956648927334,0.846928753744721,1.49534878122122
"200","S_101_S15_L003",1.33788540267205,0.150823067256982,0,"200","1","200",-0.145164477127127,0.323603704941583,0.00565859012985517,1.34354399280191,1
"201","S_1020_S139",1.33788540267205,0.0661191128407483,0,"201","1","201",-0.876976364034279,0.314320444972375,-0.810857251193531,0.527028151478523,1.22474487139159
"202","S_1022_S29",1.33788540267205,0.0794254372652351,0,"202","1","202",0.910266637437437,0.294066015752009,0.989692074702672,2.32757747737473,2.23606797749979
"203","S_1029_S66_L003",1.33788540267205,0.14874669236806,0,"203","1","203",-0.74360898066647,0.345223145806895,-0.594862288298409,0.743023114373645,0
"204","S_1030_S13",1.33788540267205,0.142742828643333,0,"204","1","204",0.0671505160664552,0.299207850214175,0.209893344709788,1.54777874738184,2.34034731932072
"205","S_1036_S32",1.33788540267205,-0.096522084514457,0,"205","1","205",0.989361177472529,0.31906989407287,0.892839092958072,2.23072449563013,1.77827941003892
"206","S_1041_S151",1.33788540267205,-0.00694844493438037,0,"206","1","206",1.58955028697164,0.280843124465678,1.58260184203726,2.92048724470931,2.89250760851908
"207","S_1053_S23",1.33788540267205,0.0129354839854243,0,"207","1","207",0.585122955800094,0.28460667254386,0.598058439785518,1.93594384245757,2.21336383940064
"208","S_1075_S38",1.33788540267205,-0.114152170778319,0,"208","1","208",0.833159390103485,0.348048058626027,0.719007219325166,2.05689262199722,2.11474252688113
"209","S_1076_S167",1.33788540267205,-0.240557894414833,0,"209","1","209",0.457435342348641,0.385469126704604,0.216877447933808,1.55476285060586,2.34034731932072
"210","S_107_S16",1.33788540267205,0.221955510678352,0,"210","1","210",0.399629435654994,0.391548512685206,0.621584946333345,1.9594703490054,2.34034731932072
"211","S_1093_S116",1.33788540267205,0.0257882938754377,0,"211","1","211",0.232812281722182,0.320218355857468,0.258600575597619,1.59648597826967,2.34034731932072
"212","S_10_S169",1.33788540267205,0.0133694717761103,0,"212","1","212",0.011988050349683,0.323065294154919,0.0253575221257933,1.36324292479785,1.8612097182042
"213","S_1118_S92",1.33788540267205,-0.18992636854311,0,"213","1","213",-0.0192719251833709,0.336294232866073,-0.209198293726481,1.12868710894557,1.49534878122122
"214","S_1125_S30_L003",1.33788540267205,-0.0702619381335777,0,"214","1","214",-0.72724777467033,0.334452836270194,-0.797509712803908,0.540375689868147,0
"215","S_1134_S91",1.33788540267205,-0.0459298350840217,0,"215","1","215",0.454688929692382,0.300173930476168,0.408759094608361,1.74664449728041,1.31607401295249
"216","S_1138_S159",1.33788540267205,-0.207427721897083,0,"216","1","216",0.388584621114082,0.411516564085307,0.181156899216999,1.51904230188905,2.34034731932072
"217","S_113_S7_L003",1.33788540267205,0.126831307686207,0,"217","1","217",-0.411529114485339,0.331877757648899,-0.284697806799133,1.05318759587292,1.18920711500272
"218","S_1140_S60_L003",1.33788540267205,0.07262535933071,0,"218","1","218",0.449432910584769,0.320004929647544,0.522058269915479,1.85994367258753,2.05976714390712
"219","S_1154_S161",1.33788540267205,0.0853480809548749,0,"219","1","219",0.246722287332743,0.334627742865421,0.332070368287618,1.66995577095967,1.96798967126543
"220","S_1160_S11",1.33788540267205,-0.0353771531723091,0,"220","1","220",0.733656098914874,0.333756589735929,0.698278945742565,2.03616434841462,2.89250760851908
"221","S_1177_S24",1.33788540267205,-0.120232354584803,0,"221","1","221",0.322639409286763,0.374171200246113,0.20240705470196,1.54029245737401,1.77827941003892
"222","S_1179_S105",1.33788540267205,-0.0716143266841616,0,"222","1","222",1.04935241746785,0.338326357876817,0.977738090783686,2.31562349345574,2.51486685936587
"223","S_1200_S164",1.33788540267205,-0.108889076360104,0,"223","1","223",0.213407392851143,0.355435564902184,0.104518316491039,1.44240371916309,2.34034731932072
"224","S_1202_S72_L003",1.33788540267205,0.109348477045196,0,"224","1","224",0.432049686020278,0.324653085004859,0.541398163065474,1.87928356573753,2.51486685936587
"225","S_1203_S53",1.33788540267205,0.00340852107348708,0,"225","1","225",-0.016571414591008,0.311558628406956,-0.013162893517521,1.32472250915453,0
"226","S_1210_S120",1.33788540267205,0.0895404107398043,0,"226","1","226",0.0279480218887942,0.317691559977205,0.117488432628598,1.45537383530065,1.25743342968294
"227","S_1213_S95_L003",1.33788540267205,0.0795327597045497,0,"227","1","227",0.400922543980114,0.307180908741311,0.480455303684664,1.81834070635672,2.11474252688113
"228","S_122_S43_L003",1.33788540267205,-0.242468213436261,0,"228","1","228",0.244987042945084,0.415975371845275,0.00251882950882357,1.34040423218088,1.56508458007329
"229","S_1247_S133",1.33788540267205,0.0211573811952261,0,"229","1","229",-1.29038017472219,0.346108812282233,-1.26922279352696,0.0686626091450904,0
"230","S_1257_S89",1.33788540267205,-0.047782677481423,0,"230","1","230",-0.361509062449672,0.296566483257996,-0.409291739931095,0.928593662740959,1.49534878122122
"231","S_125_S163",1.33788540267205,-0.0794984390109538,0,"231","1","231",-1.1811461824273,0.360287390772525,-1.26064462143825,0.0772407812338032,0
"232","S_1278_S20",1.33788540267205,0.0115264008491004,0,"232","1","232",-0.726220641999905,0.294800117759323,-0.714694241150805,0.623191161521249,0
"233","S_1287_S146",1.33788540267205,0.0699982967655859,0,"233","1","233",0.354599390429911,0.299060875773347,0.424597687195497,1.76248308986755,2.34034731932072
"234","S_1289_S164",1.33788540267205,0.102101121628019,0,"234","1","234",0.400614270821949,0.362412833996088,0.502715392449968,1.84060079512202,2.21336383940064
"235","S_1308_S183",1.33788540267205,-0.260648017457633,0,"235","1","235",0.606690977884102,0.391952970713894,0.346042960426469,1.68392836309852,1.49534878122122
"236","S_1323_S36",1.33788540267205,0.0217427290106964,0,"236","1","236",0.778686321846287,0.289410385069617,0.800429050856984,2.13831445352904,1.96798967126543
"237","S_1326_S53_L003",1.33788540267205,0.0767736646967288,0,"237","1","237",0.748571739180159,0.33281935131069,0.825345403876888,2.16323080654894,2.78315768371374
"238","S_132_S41",1.33788540267205,-0.00533045744568118,0,"238","1","238",-0.903481851255887,0.350730715654726,-0.908812308701568,0.429073093970486,0
"239","S_1370_S76",1.33788540267205,-0.0224636175972322,0,"239","1","239",-1.25802392190101,0.355947800343456,-1.28048753949825,0.0573978631738075,0
"240","S_1374_S132",1.33788540267205,-0.0158060550669409,0,"240","1","240",-1.16208284239956,0.314835988439097,-1.1778888974665,0.159996505205554,0
"241","S_1384_S78",1.33788540267205,-0.026276305892256,0,"241","1","241",-1.09303251458143,0.33802674827766,-1.11930882047369,0.218576582198365,0
"242","S_1390_S94",1.33788540267205,-0.109288439398302,0,"242","1","242",0.298055752926194,0.308392264545554,0.188767313527892,1.52665271619995,2.65914794847249
"243","S_1393_S83_L003",1.33788540267205,0.0613026394497558,0,"243","1","243",-0.963641579224731,0.301159943528887,-0.902338939774976,0.435546462897078,0
"244","S_1395_S102",1.33788540267205,0.0138403458398953,0,"244","1","244",-0.0376037857121031,0.352728777001507,-0.0237634398722078,1.31412196279985,1.49534878122122
"245","S_1403_S130",1.33788540267205,-0.049365235496552,0,"245","1","245",0.160171386337091,0.334765062493917,0.110806150840539,1.44869155351259,1.31607401295249
"246","S_1405_S126",1.33788540267205,0.0569480838177524,0,"246","1","246",-0.657205784121185,0.317392089204295,-0.600257700303433,0.737627702368621,0
"247","S_1408_S17_L003",1.33788540267205,0.0723340214816213,0,"247","1","247",1.06772225655392,0.330110620088276,1.14005627803554,2.4779416807076,2.89250760851908
"248","S_1412_S125",1.33788540267205,0.0418787429632904,0,"248","1","248",-0.833039981274525,0.305581278610023,-0.791161238311234,0.54672416436082,0
"249","S_1413_S10_L003",1.33788540267205,-0.0462347431479362,0,"249","1","249",0.172759579594143,0.330021190514628,0.126524836446206,1.46441023911826,1.56508458007329
"250","S_141_S188",1.33788540267205,0.0371918097948594,0,"250","1","250",-0.53732155970861,0.325631002591874,-0.50012974991375,0.837755652758304,1
"251","S_1434_S73_L003",1.33788540267205,0.109687631633926,0,"251","1","251",-0.827678880678551,0.310827619047813,-0.717991249044625,0.619894153627429,0
"252","S_1443_S64_L003",1.33788540267205,0.124721825103884,0,"252","1","252",-0.542056988810352,0.326931133035135,-0.417335163706468,0.920550238965586,1.56508458007329
"253","S_1462_S171",1.33788540267205,-0.0661171101654446,0,"253","1","253",0.49492855908944,0.332977043190266,0.428811448923995,1.76669685159605,2.05976714390712
"254","S_1464_S64",1.33788540267205,0.0270616223849133,0,"254","1","254",0.0914058221790934,0.307853236212958,0.118467444564007,1.45635284723606,1.25743342968294
"255","S_1467_S106",1.33788540267205,0.0822896115812859,0,"255","1","255",0.0689456974957043,0.283989307794496,0.15123530907699,1.48912071174904,1.56508458007329
"256","S_1468_S139",1.33788540267205,-0.092630428636166,0,"256","1","256",0.743713731099052,0.325928822356421,0.651083302462886,1.98896870513494,1.56508458007329
"257","S_1479_S2_L003",1.33788540267205,0.0263075085187931,0,"257","1","257",-0.215549585380066,0.322294537919525,-0.189242076861273,1.14864332581078,1.31607401295249
"258","S_147_S19",1.33788540267205,0.110949187306146,0,"258","1","258",0.0345556718532911,0.299734565978553,0.145504859159437,1.48339026183149,1.49534878122122
"259","S_14_S3",1.33788540267205,0.113756932638739,0,"259","1","259",-1.04153220953406,0.317005553654819,-0.927775276895319,0.410110125776735,0
"260","S_1506_S61",1.33788540267205,0.0475116778977571,0,"260","1","260",-0.687405377505032,0.311327880514409,-0.639893699607275,0.697991703064779,0
"261","S_1516_S148",1.33788540267205,-0.261441885310149,0,"261","1","261",-0.0989615824913353,0.497166769157322,-0.360403467801485,0.977481934870569,1.73205080756888
"262","S_151_S93",1.33788540267205,0.0775148026954123,0,"262","1","262",-0.850581982444579,0.315432086513569,-0.773067179749166,0.564818222922888,0
"263","S_1521_S18",1.33788540267205,0.0149139815017606,0,"263","1","263",-0.0922185765961482,0.313816826821018,-0.0773045950943875,1.26058080757767,2.11474252688113
"264","S_1528_S47",1.33788540267205,0.133448596455288,0,"264","1","264",0.0089439466004157,0.310227365458307,0.142392543055704,1.48027794572776,2.11474252688113
"265","S_1531_S31_L003",1.33788540267205,0.0481147249609155,0,"265","1","265",-0.52996717680417,0.321069217763944,-0.481852451843255,0.856032950828799,0
"266","S_1532_S117",1.33788540267205,0.111372723699059,0,"266","1","266",0.549636414218287,0.315774363634748,0.661009137917346,1.9988945405894,2.65914794847249
"267","S_1542_S44",1.33788540267205,0.0338899867113554,0,"267","1","267",-0.593328730552359,0.32444217899762,-0.559438743841004,0.77844665883105,0
"268","S_154_S162",1.33788540267205,0.0408134977721204,0,"268","1","268",0.538420695063305,0.292904269939731,0.579234192835425,1.91711959550748,1.65487545982344
"269","S_1552_S185",1.33788540267205,0.016051352416221,0,"269","1","269",-0.282114220759734,0.309312794491907,-0.266062868343513,1.07182253432854,1.31607401295249
"270","S_1561_S52",1.33788540267205,0.0400307567273794,0,"270","1","270",-0.128853660026359,0.303274628111994,-0.0888229032989793,1.24906249937308,1.25743342968294
"271","S_1565_S74_L003",1.33788540267205,0.109729444138718,0,"271","1","271",0.0615392066174383,0.305610255428189,0.171268650756157,1.50915405342821,1.4142135623731
"272","S_1567_S13_L003",1.33788540267205,0.109239558087575,0,"272","1","272",-0.057912259619228,0.325450551829524,0.0513272984683468,1.3892127011404,1.49534878122122
"273","S_159_S190",1.33788540267205,-0.0668989994723149,0,"273","1","273",0.699680007425601,0.3300303076594,0.632781007953286,1.97066641062534,2.34034731932072
"274","S_1604_S168",1.33788540267205,-0.0610274476037472,0,"274","1","274",0.713803484658488,0.320065373179897,0.652776037054741,1.9906614397268,2.44948974278318
"275","S_1620_S26",1.33788540267205,-0.0463298874212771,0,"275","1","275",-0.734851355963759,0.321587150721005,-0.781181243385036,0.556704159287018,0
"276","S_1651_S111",1.33788540267205,0.111151424475807,0,"276","1","276",0.117614212938328,0.336076333513078,0.228765637414135,1.56665104008619,1.49534878122122
"277","S_1660_S143",1.33788540267205,-0.00377071565439122,0,"277","1","277",0.692852172206335,0.351391652353687,0.689081456551944,2.026966859224,2.51486685936587
"278","S_1674_S49_L003",1.33788540267205,0.0882420683361911,0,"278","1","278",-0.307223401954232,0.289076145348205,-0.218981333618041,1.11890406905401,1.25743342968294
"279","S_1675_S175",1.33788540267205,0.118939311163485,0,"279","1","279",0.0508866149260866,0.3091225035118,0.169825926089572,1.50771132876163,1.4142135623731
"280","S_1678_S107",1.33788540267205,0.0687546287756069,0,"280","1","280",0.107869707906292,0.309658587958528,0.176624336681899,1.51450973935395,1.31607401295249
"281","S_1687_S90_L003",1.33788540267205,0.146130876431845,0,"281","1","281",-0.126568272143096,0.333362478336254,0.0195626042887494,1.3574480069608,0
"282","S_1691_S141",1.33788540267205,0.104796611132495,0,"282","1","282",0.145679184943749,0.328598952206757,0.250475796076244,1.5883611987483,1.39157884185687
"283","S_1697_S147",1.33788540267205,-0.293602333642897,0,"283","1","283",0.147351705884953,0.503091127846375,-0.146250627757944,1.19163477491411,1.49534878122122
"284","S_169_S27",1.33788540267205,0.188875904912728,0,"284","1","284",0.0586601181181319,0.334595299432287,0.24753602303086,1.58542142570291,1.31607401295249
"285","S_16_S56_L003",1.33788540267205,0.125168885920617,0,"285","1","285",0.429876473499488,0.359634855105874,0.555045359420105,1.89293076209216,2.23606797749979
"286","S_1725_S144",1.33788540267205,-0.290243177835138,0,"286","1","286",-0.0826695808312291,0.508082881352619,-0.372912758666367,0.964972644005687,0.840896415253715
"287","S_1727_S30",1.33788540267205,0.0884345227953152,0,"287","1","287",-0.0219868252742895,0.321231189695077,0.0664476975210257,1.40433310019308,1.25743342968294
"288","S_1735_S172",1.33788540267205,0.054032595175574,0,"288","1","288",0.235855098753771,0.313414812303124,0.289887693929345,1.6277730966014,1.56508458007329
"289","S_1740_S146",1.33788540267205,-0.148866260836292,0,"289","1","289",0.00860993470959395,0.356974801780989,-0.140256326126698,1.19762907654536,1.91682931273882
"290","S_1747_S48_L003",1.33788540267205,0.14887471649298,0,"290","1","290",0.0833070379657023,0.376179223455129,0.232181754458682,1.57006715713074,1.49534878122122
"291","S_1753_S75",1.33788540267205,0.145030687194977,0,"291","1","291",-0.183560189503864,0.328085659411674,-0.0385295023088862,1.29935590036317,1.49534878122122
"292","S_1755_S134",1.33788540267205,-0.0607552088233706,0,"292","1","292",0.223787350972012,0.329955957883673,0.163032142148642,1.5009175448207,1
"293","S_1757_S61_L003",1.33788540267205,0.0872137100086496,0,"293","1","293",0.268650709970544,0.338867114422692,0.355864419979194,1.69374982265125,1.96798967126543
"294","S_177_S62",1.33788540267205,0.0805815816981437,0,"294","1","294",0.188166493130737,0.316258527815464,0.268748074828881,1.60663347750094,1.49534878122122
"295","S_1780_S45_L003",1.33788540267205,0.0947506979121995,0,"295","1","295",0.363460850090476,0.303963738329675,0.458211548002676,1.79609695067473,1.8612097182042
"296","S_1781_S84",1.33788540267205,-0.27790013573518,0,"296","1","296",0.13132404617818,0.457681430101817,-0.146576089557,1.19130931311505,1.96798967126543
"297","S_1783_S150",1.33788540267205,-0.240110999095842,0,"297","1","297",0.305485385466351,0.408384373122914,0.0653743863705093,1.40325978904256,0.840896415253715
"298","S_1799_S86",1.33788540267205,0.0128783287173197,0,"298","1","298",-0.183406601311088,0.310371449773872,-0.170528272593769,1.16735713007829,1.31607401295249
"299","S_1800_S14_L003",1.33788540267205,0.101492069442836,0,"299","1","299",-0.825026256348808,0.347122235365426,-0.723534186905972,0.614351215766082,0
"300","S_1811_S148",1.33788540267205,0.0997062698121799,0,"300","1","300",0.169312608270818,0.308134891186091,0.269018878082997,1.60690428075505,2.11474252688113
"301","S_181_S65",1.33788540267205,-0.0157702252753979,0,"301","1","301",0.0601601471275615,0.332633689679745,0.0443899218521636,1.38227532452422,1.62657656169779
"302","S_1822_S37",1.33788540267205,0.125450687968876,0,"302","1","302",0.178509382763176,0.36116739353882,0.303960070732052,1.64184547340411,1.77827941003892
"303","S_1823_S3_L003",1.33788540267205,0.102347211411879,0,"303","1","303",-0.910173155637072,0.303956354335356,-0.807825944225194,0.53005945844686,1
"304","S_1824_S180",1.33788540267205,-0.0343941432958947,0,"304","2","  1",0.00497009155424507,0.343452314944109,-0.0294240517416496,1.3084613509304,NA
"305","S_1828_S156",1.33788540267205,-0.0448043321928122,0,"305","1","304",-0.0688588885208369,0.322871377879603,-0.113663220713649,1.2242221819584,1.18920711500272
"306","S_1834_S114",1.33788540267205,0.050473792765896,0,"306","1","305",-0.284629736035122,0.312759112844396,-0.234155943269226,1.10372945940283,1.77827941003892
"307","S_1835_S57",1.33788540267205,0.0247462162806867,0,"307","1","306",-0.864594644322175,0.299790381076307,-0.839848428041489,0.498036974630565,0
"308","S_1845_S34",1.33788540267205,0.126072793675559,0,"308","1","307",1.13779961844369,0.343345481277359,1.26387241211925,2.60175781479131,2.51486685936587
"309","S_1855_S49",1.33788540267205,0.1023486444777,0,"309","1","308",-0.279976466448077,0.314984345816647,-0.177627821970377,1.16025758070168,1
"310","S_1856_S51",1.33788540267205,0.139517043822196,0,"310","1","309",-0.0897973477470078,0.332653729835902,0.0497196960751883,1.38760509874724,0.840896415253715
"311","S_185_S72",1.33788540267205,-0.150392125459738,0,"311","1","310",-0.433346202003365,0.356268594750721,-0.583738327463103,0.754147075208951,0
"312","S_1861_S1_L003",1.33788540267205,0.245929779420742,0,"312","1","311",0.616460163873155,0.340303820556599,0.862389943293897,2.20027534596595,2.51486685936587
"313","S_1871_S186",1.33788540267205,0.227127216642164,0,"313","1","312",0.268352303476133,0.336557242425541,0.495479520118297,1.83336492279035,1.73205080756888
"314","S_188_S79",1.33788540267205,-0.0345697334138119,0,"314","1","313",0.496617914106899,0.339206054332846,0.462048180693087,1.79993358336514,1.18920711500272
"315","S_1909_S132",1.33788540267205,-0.0320971960326698,0,"315","1","314",0.0445076276436839,0.35617224422018,0.012410431611014,1.35029583428307,2.05976714390712
"316","S_190_S2",1.33788540267205,0.0639690999690275,0,"316","1","315",0.346424901578781,0.319765372247375,0.410394001547809,1.74827940421986,2.23606797749979
"317","S_1910_S23_L003",1.33788540267205,0.037813277795866,0,"317","1","316",0.253835397015723,0.298886035620365,0.291648674811589,1.62953407748364,1.49534878122122
"318","S_1921_S54",1.33788540267205,-7.73153073202679e-05,0,"318","1","317",-0.18898638202775,0.29158576441052,-0.18906369733507,1.14882170533698,0
"319","S_1934_S21_L003",1.33788540267205,0.0646134690345882,0,"319","1","318",0.422614369756089,0.309895656842916,0.487227838790677,1.82511324146273,2.89250760851908
"320","S_1935_S15",1.33788540267205,0.144278599963611,0,"320","1","319",0.450248971073475,0.349247933121478,0.594527571037085,1.93241297370914,1.49534878122122
"321","S_1939_S59",1.33788540267205,0.120293477285117,0,"321","1","320",0.00230653883411593,0.306203735060488,0.122600016119233,1.46048541879129,2.11474252688113
"322","S_1945_S21",1.33788540267205,0.119825537165608,0,"322","1","321",0.378390380105327,0.310417917316873,0.498215917270935,1.83610131994299,2.21336383940064
"323","S_1946_S184",1.33788540267205,-0.0887738957541594,0,"323","1","322",-0.0326969579127389,0.347518074057631,-0.121470853666898,1.21641454900516,1.31607401295249
"324","S_1950_S66",1.33788540267205,0.034598939447175,0,"324","1","323",-0.454374334538375,0.321096143221044,-0.419775395091199,0.918110007580855,0
"325","S_1955_S145",1.33788540267205,-0.302454181166498,0,"325","1","324",-0.00560696486087291,0.481436539602001,-0.308061146027371,1.02982425664468,1.45647531512197
"326","S_1956_S127",1.33788540267205,0.0981608509506412,0,"326","1","325",-0.130918344251069,0.293859115014824,-0.0327574933004281,1.30512790937163,0
"327","S_1971_S104",1.33788540267205,0.159003201814942,0,"327","1","326",0.36191277772605,0.38382515216285,0.520915979540992,1.85880138221305,2.11474252688113
"328","S_1998_S79_L003",1.33788540267205,0.0961246541009529,0,"328","1","327",-1.40451183615621,0.324545842072703,-1.30838718205526,0.0294982206167955,0
"329","S_199_S59_L003",1.33788540267205,0.0453964985884418,0,"329","1","328",-0.173383443462662,0.327150703862351,-0.12798694487422,1.20989845779783,1
"330","S_1_S123",1.33788540267205,-0.129950770914433,0,"330","1","329",-0.23862391997106,0.367727200037167,-0.368574690885493,0.969310711786561,0
"331","S_2005_S22",1.33788540267205,0.123034157984298,0,"331","1","330",-0.0139699772247091,0.342698872918379,0.109064180759588,1.44694958343164,2.23606797749979
"332","S_2008_S85_L003",1.33788540267205,0.176980900379348,0,"332","1","331",-0.0930334033288052,0.34014081192229,0.0839474970505428,1.4218328997226,1.31607401295249
"333","S_2025_S28",1.33788540267205,0.0735124059255163,0,"333","1","332",0.191776832041594,0.331893855629811,0.26528923796711,1.60317464063916,1.25743342968294
"334","S_2029_S18_L003",1.33788540267205,0.106871063327961,0,"334","1","333",0.858741164685809,0.303517113611238,0.96561222801377,2.30349763068582,2.51486685936587
"335","S_2031_S70",1.33788540267205,0.0803774859273421,0,"335","1","334",-0.748242220503354,0.297332929924622,-0.667864734576011,0.670020668096043,0
"336","S_2038_S118",1.33788540267205,-0.046813507939216,0,"336","1","335",0.341022711057073,0.346625988546778,0.294209203117857,1.63209460578991,2.44948974278318
"337","S_2075_S187",1.33788540267205,-0.244895707266426,0,"337","1","336",0.33411434969149,0.453334079814837,0.0892186424250636,1.42710404509712,0
"338","S_2076_S5_L003",1.33788540267205,0.0090053629352643,0,"338","1","337",0.132413506342044,0.346566546888084,0.141418869277308,1.47930427194936,1.77827941003892
"339","S_2077_S82_L003",1.33788540267205,0.0319682041034875,0,"339","1","338",-0.919107604267352,0.308922327753109,-0.887139400163864,0.45074600250819,0.840896415253715
"340","S_2080_S6_L003",1.33788540267205,0.0249592237659632,0,"340","1","339",0.405140434786442,0.323922637897174,0.430099658552405,1.76798506122446,2.51486685936587
"341","S_2083_S65_L003",1.33788540267205,0.0586287036578347,0,"341","1","340",0.404901777267584,0.303685320545034,0.463530480925419,1.80141588359747,1.31607401295249
"342","S_2089_S17",1.33788540267205,0.158444077397526,0,"342","1","341",-1.06535511757492,0.362309416296114,-0.906911040177393,0.430974362494662,0
"343","S_2096_S54_L003",1.33788540267205,-0.0486362769345098,0,"343","1","342",0.507925840016745,0.360584883300361,0.459289563082235,1.79717496575429,2.51486685936587
"344","S_2098_S191",1.33788540267205,0.0779520416757771,0,"344","1","343",0.389183522557837,0.310204461118857,0.467135564233614,1.80502096690567,1.31607401295249
"345","S_2108_S154",1.33788540267205,-0.176654839345511,0,"345","1","344",0.561344387668853,0.379505658340073,0.384689548323342,1.7225749509954,1.77827941003892
"346","S_210_S177",1.33788540267205,-0.0959905698028881,0,"346","1","345",-0.670007929608873,0.326443942215182,-0.765998499411761,0.571886903260293,0
"347","S_2120_S134",1.33788540267205,-0.103354156492053,0,"347","1","346",-0.304845432684359,0.416219726656068,-0.408199589176412,0.929685813495642,0
"348","S_2124_S101",1.33788540267205,0.0521475053332643,0,"348","1","347",-0.75076764993662,0.348365987233748,-0.698620144603356,0.639265258068699,0
"349","S_2125_S140",1.33788540267205,-0.0377623590679819,0,"349","1","348",-0.755510369661653,0.340840348030796,-0.793272728729635,0.544612673942419,0
"350","S_2126_S35",1.33788540267205,0.00527025429625368,0,"350","1","349",-0.390950848898972,0.329701098391569,-0.385680594602719,0.952204808069336,1.31607401295249
"351","S_212_S12",1.33788540267205,-0.0483891679325073,0,"351","1","350",-0.96020133536243,0.331725239751028,-1.00859050329494,0.329294899377117,0
"352","S_2130_S16_L003",1.33788540267205,0.0863221992118019,0,"352","1","351",-0.0685602561070206,0.356186973187606,0.0177619431047813,1.35564734577684,1.96798967126543
"353","S_2138_S112",1.33788540267205,0.0934270620873399,0,"353","1","352",0.50283172829719,0.329624152542075,0.59625879038453,1.93414419305658,2.23606797749979
"354","S_2139_S60",1.33788540267205,-0.0446084296166647,0,"354","1","353",-0.171900375022273,0.368348376915345,-0.216508804638938,1.12137659803312,1.18920711500272
"355","S_2149_S9_L003",1.33788540267205,-0.104925456297206,0,"355","1","354",-0.801956157812741,0.326318693143198,-0.906881614109947,0.431003788562107,0
"356","S_2157_S122",1.33788540267205,0.0606366292772507,0,"356","1","355",0.166243441429343,0.372490290215742,0.226880070706594,1.56476547337865,1.18920711500272
"357","S_2162_S4_L003",1.33788540267205,-0.015634256936344,0,"357","1","356",-0.00447744745423063,0.315309296807669,-0.0201117043905747,1.31777369828148,2.05976714390712
"358","S_2167_S81_L003",1.33788540267205,0.0957927163809601,0,"358","1","357",-0.288815710838922,0.314920440190881,-0.193022994457962,1.14486240821409,0
"359","S_2177_S11_L003",1.33788540267205,0.00470073124807813,0,"359","1","358",-0.219323947298303,0.327196694566622,-0.214623216050225,1.12326218662183,1.25743342968294
"360","S_2194_S133",1.33788540267205,0.107390807072191,0,"360","1","359",-0.513621074484212,0.313982613605444,-0.406230267412022,0.931655135260032,1.8612097182042
"361","S_2195_S129",1.33788540267205,0.0323697331831275,0,"361","1","360",-1.09488289072697,0.302467027076374,-1.06251315754384,0.275372245128212,0
"362","S_2200_S5",1.33788540267205,0.0883431452604208,0,"362","1","361",-0.796104963621291,0.336940440974087,-0.70776181836087,0.630123584311184,0.562341325190349
"363","S_2224_S161",1.33788540267205,0.0729249511392017,0,"363","1","362",0.208656780021506,0.291914844712404,0.281581731160707,1.61946713383276,2.34034731932072
"364","S_2225_S110",1.33788540267205,-0.235921249316515,0,"364","1","363",0.045863214882001,0.426684574215749,-0.190058034434514,1.14782736823754,1.31607401295249
"365","S_2233_S80_L003",1.33788540267205,0.0380041802952266,0,"365","1","364",0.423259083997209,0.28878468090326,0.461263264292435,1.79914866696449,1.56508458007329
"366","S_2277_S189",1.33788540267205,-0.262136988779059,0,"366","1","365",0.116389765030567,0.452725517170888,-0.145747223748492,1.19213817892356,2.05976714390712
"367","S_228_S138",1.33788540267205,-0.0805389859636765,0,"367","1","366",-0.750764935549912,0.357021608992587,-0.831303921513588,0.506581481158466,0.840896415253715
"368","S_2296_S115",1.33788540267205,-0.19389385399755,0,"368","1","367",0.0279866499746777,0.358047545951199,-0.165907204022872,1.17197819864918,0
"369","S_229_S24_L003",1.33788540267205,0.0529023606295154,0,"369","1","368",0.96497782601401,0.350293046391028,1.01788018664353,2.35576558931558,1.96798967126543
"370","S_2316_S149",1.33788540267205,-0.121078367539671,0,"370","1","369",0.0941121131424627,0.330064210244208,-0.0269662543972079,1.31091914827485,1
"371","S_2317_S77_L003",1.33788540267205,-0.0741649608394284,0,"371","1","370",0.736107347505823,0.326397026856805,0.661942386666394,1.99982778933845,1.49534878122122
"372","S_2318_S85",1.33788540267205,0.0256592653182114,0,"372","1","371",0.514407786172419,0.343927855963895,0.54006705149063,1.87795245416268,2.44948974278318
"373","S_2326_S100",1.33788540267205,-0.0377439402088422,0,"373","1","372",-1.04635162103715,0.297415185587394,-1.084095561246,0.253789841426058,0
"374","S_2332_S35_L003",1.33788540267205,0.0817897941405166,0,"374","1","373",-0.115482595066946,0.308256958639629,-0.0336928009264293,1.30419260174562,1.96798967126543
"375","S_2335_S96",1.33788540267205,-0.346342804339052,0,"375","1","374",0.0323732288801103,0.518811329575014,-0.313969575458941,1.02391582721311,0
"376","S_2341_S56",1.33788540267205,-0.028298421698593,0,"376","1","375",-0.842550033614895,0.314638495808446,-0.870848455313488,0.467036947358566,0
"377","S_2344_S156",1.33788540267205,-0.290888632937372,0,"377","1","376",-0.247154497773368,0.495488689442336,-0.538043130710741,0.799842271961313,0
"378","S_2346_S152",1.33788540267205,-0.0313772144398581,0,"378","1","377",-0.779768340080621,0.290519974822848,-0.811145554520479,0.526739848151575,0
"379","S_2387_S147",1.33788540267205,-0.0877263431860531,0,"379","1","378",0.323525759444706,0.313823848943103,0.235799416258653,1.57368481893071,1.18920711500272
"380","S_2397_S166",1.33788540267205,-0.116164105594375,0,"380","1","379",0.135544839251417,0.368456046647074,0.0193807336570421,1.3572661363291,1.56508458007329
"381","S_255_S45",1.33788540267205,0.154266777963459,0,"381","1","380",-0.294366049434955,0.376059764399233,-0.140099271471496,1.19778613120056,0
"382","S_256_S39_L003",1.33788540267205,0.0564310678338802,0,"382","1","381",-0.607867396378036,0.29660948525468,-0.551436328544156,0.786449074127899,0
"383","S_274_S192",1.33788540267205,-0.00709314749859704,0,"383","1","382",-1.02852694365711,0.340281853134177,-1.03562009115571,0.302265311516342,0
"384","S_276_S74",1.33788540267205,0.0614024646441888,0,"384","1","383",0.230764479038476,0.337193123454937,0.292166943682665,1.63005234635472,1.49534878122122
"385","S_27_S7",1.33788540267205,0.165133774983312,0,"385","1","384",-0.142219001430053,0.316192028361484,0.0229147735532588,1.36080017622531,0.840896415253715
"386","S_285_1_S191",1.33788540267205,0.160132070152794,0,"386","1","385",0.959436654425247,0.318116741318598,1.11956872457804,2.45745412725009,2.05976714390712
"387","S_289_S32_L003",1.33788540267205,-0.223404812727048,0,"387","1","386",0.0410944557368218,0.384451124566953,-0.182310356990227,1.15557504568183,1.31607401295249
"388","S_292_S80",1.33788540267205,-0.117112951310152,0,"388","1","387",-0.492515726877396,0.319274508480011,-0.609628678187548,0.728256724484506,1.31607401295249
"389","S_295_S46_L003",1.33788540267205,-0.131368961145128,0,"389","1","388",-0.287245092976471,0.448906494506073,-0.418614054121599,0.919271348550455,1.31607401295249
"390","S_297_S95",1.33788540267205,-0.0266799889518727,0,"390","1","389",0.898754497106741,0.381852414270514,0.872074508154868,2.20995991082692,2.51486685936587
"391","S_302_S182",1.33788540267205,0.0196310455039416,0,"391","1","390",0.211717469194329,0.343887997396148,0.23134851469827,1.56923391737032,2.11474252688113
"392","S_328_S179",1.33788540267205,-0.0145219984698691,0,"392","1","391",0.0483717076765023,0.299543726359427,0.0338497092066332,1.37173511187869,1.56508458007329
"393","S_32_S152",1.33788540267205,-0.0721648066743365,0,"393","1","392",-0.981379043023787,0.351093870539356,-1.05354384969812,0.28434155297393,0
"394","S_331_S25",1.33788540267205,0.0474728880135637,0,"394","1","393",-0.304697699693259,0.290355649383142,-0.257224811679696,1.08066059099236,0
"395","S_334_S137",1.33788540267205,0.0775632994466422,0,"395","1","394",-1.24948269553151,0.317687817962981,-1.17191939608487,0.165966006587186,0
"396","S_337_S8",1.33788540267205,-0.0102959313883908,0,"396","1","395",0.968651627983863,0.327696498940477,0.958355696595472,2.29624109926753,2.99069756244244
"397","S_339_S28_L003",1.33788540267205,-0.0859477188227143,0,"397","1","396",-0.536256239689417,0.361005331850989,-0.622203958512132,0.715681444159922,0
"398","S_341_S162",1.33788540267205,-0.246408423878252,0,"398","1","397",0.379287568045637,0.408979530587641,0.132879144167385,1.47076454683944,1.83142075074235
"399","S_344_S160",1.33788540267205,-0.321194457097986,0,"399","1","398",0.117927369173717,0.476941776100889,-0.203267087924269,1.13461831474778,1.56508458007329
"400","S_357_S87",1.33788540267205,-0.0362008207986912,0,"400","1","399",0.292388582068419,0.335192014561751,0.256187761269728,1.59407316394178,1.49534878122122
"401","S_371_S41_L003",1.33788540267205,-0.127707439255507,0,"401","1","400",0.31882807034539,0.354485208571338,0.191120631089883,1.52900603376194,1
"402","S_373_S73",1.33788540267205,0.0679374791175535,0,"402","1","401",-0.15539717210056,0.330764795917343,-0.0874596929830065,1.25042570968905,0
"403","S_377_S12_L003",1.33788540267205,0.0906656736399915,0,"403","1","402",0.568216635478956,0.345842196690634,0.658882309118947,1.996767711791,2.78315768371374
"404","S_385_S62_L003",1.33788540267205,0.00679998156900999,0,"404","1","403",0.210513420470981,0.317248137802072,0.217313402039991,1.55519880471205,2.23606797749979
"405","S_393_S135",1.33788540267205,-0.0799811523810161,0,"405","2","  2",-0.925737878425383,0.324024914343891,-1.0057190308064,0.332166371865655,NA
"406","S_397_S176",1.33788540267205,0.0762725677802703,0,"406","1","404",0.229207101185258,0.308254497638435,0.305479668965529,1.64336507163758,1.18920711500272
"407","S_406_S140",1.33788540267205,0.121926453849364,0,"407","1","405",-0.00201115258643179,0.301482613377043,0.119915301262933,1.45780070393499,2.65914794847249
"408","S_407_S131",1.33788540267205,0.0505591367645256,0,"408","1","406",-1.07998372120237,0.325724247561341,-1.02942458443784,0.308460818234213,0
"409","S_413_S86_L003",1.33788540267205,0.0944419784061732,0,"409","1","407",-0.737955636700755,0.303064353244189,-0.643513658294582,0.694371744377472,0
"410","S_419_S1",1.33788540267205,0.158124362563286,0,"410","1","408",-0.171585171797237,0.339209236419163,-0.0134608092339509,1.3244245934381,1.49534878122122
"411","S_41_S124",1.33788540267205,0.105232137678676,0,"411","1","409",-0.862852842512177,0.303469138735339,-0.757620704833501,0.580264697838553,0
"412","S_440_S128",1.33788540267205,-0.193930102837181,0,"412","1","410",0.27657557072311,0.404373387097609,0.082645467885929,1.42053087055798,0
"413","S_450_S135",1.33788540267205,0.102730556070251,0,"413","1","411",-0.0515160610096776,0.321861361484855,0.0512144950605729,1.38909989773263,0.840896415253715
"414","S_453_S63",1.33788540267205,-0.0671674719842944,0,"414","1","412",0.222443225009732,0.318748258680686,0.155275753025438,1.49316115569749,0
"415","S_454_S71_L003",1.33788540267205,0.0962200182109915,0,"415","1","413",0.590527473592374,0.357156459487969,0.686747491803366,2.02463289447542,2.54572989502183
"416","S_469_S119",1.33788540267205,0.0674916308962881,0,"416","1","414",0.0212923564546359,0.35446636189323,0.088783987350924,1.42666939002298,2.89250760851908
"417","S_474_S89_L003",1.33788540267205,-0.290749871029334,0,"417","1","415",0.293435637172949,0.471938612048499,0.00268576614361499,1.34057116881567,0
"418","S_481_S27_L003",1.33788540267205,0.102014129871806,0,"418","1","416",-0.658408761606064,0.365197429279432,-0.556394631734258,0.781490770937796,0.840896415253715
"419","S_487_S31",1.33788540267205,0.0657387916605505,0,"419","1","417",-0.555176239178797,0.376174957157838,-0.489437447518247,0.848447955153807,1.49534878122122
"420","S_501_S43",1.33788540267205,0.0879671008861613,0,"420","1","418",-0.658348188725173,0.302590832878706,-0.570381087839012,0.767504314833042,0
"421","S_509_S109",1.33788540267205,0.0811230987803097,0,"421","1","419",-0.57918675050502,0.294419265863534,-0.49806365172471,0.839821750947344,0
"422","S_515_S58",1.33788540267205,0.00189641203362403,0,"422","1","420",-0.262521703183659,0.307577674216042,-0.260625291150035,1.07726011152202,0
"423","S_516_S138",1.33788540267205,-0.253940207892756,0,"423","1","421",-0.0806470557861949,0.47360552200199,-0.334587263678951,1.0032981389931,0
"424","S_517_S20_L003",1.33788540267205,0.103184982399516,0,"424","1","422",0.421721624216239,0.336026159706233,0.524906606615756,1.86279200928781,2.89250760851908
"425","S_522_S10",1.33788540267205,0.0402371416608501,0,"425","1","423",0.4892090669056,0.311482065004907,0.52944620856645,1.8673316112385,2.34034731932072
"426","S_524_S33_L003",1.33788540267205,0.0403680787686526,0,"426","1","424",-0.274591970681076,0.332767065020318,-0.234223891912423,1.10366151075963,1.31607401295249
"427","S_528_S103",1.33788540267205,0.0828140194919001,0,"427","1","425",0.508894963555492,0.297248642024129,0.591708983047392,1.92959438571945,2.34034731932072
"428","S_533_S68",1.33788540267205,-0.110801398409051,0,"428","1","426",0.867797331523471,0.405449402943902,0.756995933114421,2.09488133578648,1.56508458007329
"429","S_537_S78_L003",1.33788540267205,0.141440512755841,0,"429","1","427",0.364779530586938,0.342425640577829,0.506220043342779,1.84410544601483,2.78315768371374
"430","S_545_S69",1.33788540267205,0.0470215888254098,0,"430","1","428",-0.230486456910356,0.356754916827598,-0.183464868084946,1.15442053458711,1.10668191970032
"431","S_565_S149",1.33788540267205,0.104820339004438,0,"431","1","429",0.0529178016312505,0.318252414132448,0.157738140635689,1.49562354330774,2.05976714390712
"432","S_567_S165",1.33788540267205,0.0537271523862943,0,"432","1","430",-0.33060972217506,0.324842408398841,-0.276882569788765,1.06100283288329,0
"433","S_574_S155",1.33788540267205,-0.268184059879769,0,"433","1","431",-0.0447905941084488,0.479915982413257,-0.312974653988217,1.02491074868384,0
"434","S_591_S99",1.33788540267205,0.00793683568351086,0,"434","1","432",-0.269145943411528,0.3294014331652,-0.261209107728017,1.07667629494404,1.49534878122122
"435","S_5_S63_L003",1.33788540267205,-0.194194675413098,0,"435","1","433",0.868359818526034,0.412668614656039,0.674165143112936,2.01205054578499,2.51486685936587
"436","S_629_S113",1.33788540267205,-0.0583445401806376,0,"436","1","434",0.202264999932439,0.33650371606712,0.143920459751802,1.48180586242386,1.77827941003892
"437","S_630_S51_L003",1.33788540267205,-0.0650039202748946,0,"437","1","435",0.523487188877835,0.338327130994478,0.458483268602941,1.79636867127499,2.11474252688113
"438","S_631_S87_L003",1.33788540267205,0.028534121977895,0,"438","1","436",0.778319348495776,0.308831241325894,0.806853470473671,2.14473887314572,1.96798967126543
"439","S_63_S170",1.33788540267205,0.119445707545317,0,"439","1","437",-0.190439814907558,0.339537550756292,-0.0709941073622409,1.26689129530981,0
"440","S_640_S178",1.33788540267205,-0.0696367253781856,0,"440","1","438",-0.871725029796421,0.30340671380289,-0.941361755174607,0.396523647497448,0
"441","S_646_S142",1.33788540267205,0.0212284347475613,0,"441","1","439",-0.292196106005372,0.321164222017715,-0.27096767125781,1.06691773141424,1.25743342968294
"442","S_650_S129",1.33788540267205,-0.285912042338182,0,"442","1","440",0.156519293105448,0.471254783893206,-0.129392749232734,1.20849265343932,2.17793858734643
"443","S_653_S6",1.33788540267205,-0.035142357467793,0,"443","1","441",1.34506671311087,0.373918056573735,1.30992435564308,2.64780975831513,2.34034731932072
"444","S_656_S181",1.33788540267205,0.0335752297364471,0,"444","1","442",0.371794617783854,0.361682286103494,0.405369847520301,1.74325525019236,2.34034731932072
"445","S_657_S154",1.33788540267205,-0.283025330714938,0,"445","1","443",0.119143944082591,0.456899989928818,-0.163881386632347,1.17400401603971,2.23606797749979
"446","S_658_S33",1.33788540267205,-0.0658290849260284,0,"446","1","444",1.3584930759891,0.387038989345739,1.29266399106308,2.63054939373513,2.89250760851908
"447","S_65_S29_L003",1.33788540267205,-0.00173320325217491,0,"447","1","445",1.04518502612054,0.327527064241325,1.04345182286836,2.38133722554042,2.11474252688113
"448","S_662_S98",1.33788540267205,-0.0363686216545945,0,"448","1","446",-0.31355562216077,0.301601618364989,-0.349924243815364,0.98796115885669,0.840896415253715
"449","S_673_S40_L003",1.33788540267205,-0.0362844512526979,0,"449","1","447",-0.505149986382172,0.33262404586584,-0.54143443763487,0.796450965037184,1.4142135623731
"450","S_674_S130",1.33788540267205,-0.0492807069404461,0,"450","1","448",-1.2876929607887,0.329123825544671,-1.33697366772915,0.000911734942905307,0
"451","S_679_S9",1.33788540267205,-0.0464310213072963,0,"451","1","449",-0.165446211383288,0.29081210974938,-0.211877232690585,1.12600816998147,1.25743342968294
"452","S_685_S121",1.33788540267205,0.00856484154482851,0,"452","1","450",0.521899188291178,0.368140495073821,0.530464029836007,1.86834943250806,1.31607401295249
"453","S_695_S46",1.33788540267205,-0.0189745442742766,0,"453","1","451",0.684843220081504,0.334986553122185,0.665868675807228,2.00375407847928,2.51486685936587
"454","S_696_S88",1.33788540267205,-0.0961716922430272,0,"454","1","452",0.217445393830706,0.292858554141691,0.121273701587678,1.45915910425973,2.34034731932072
"455","S_706_S108",1.33788540267205,-0.0971776586563103,0,"455","1","453",-0.0841970482023855,0.347551858148667,-0.181374706858696,1.15651069581336,1.25743342968294
"456","S_711_S50",1.33788540267205,-0.0680420524267378,0,"456","1","454",0.425625737768855,0.356938917905114,0.357583685342118,1.69546908801417,1.49534878122122
"457","S_712_S136",1.33788540267205,-0.114951035186152,0,"457","1","455",0.162886537391732,0.334503851561654,0.0479355022055801,1.38582090487763,1.45647531512197
"458","S_713_S163",1.33788540267205,-0.304052289390165,0,"458","1","456",0.668254192553912,0.471482953246454,0.364201903163747,1.7020873058358,1.77827941003892
"459","S_714_S34_L003",1.33788540267205,-0.0839246539150538,0,"459","1","457",0.194797758328018,0.377949134214335,0.110873104412964,1.44875850708502,1.56508458007329
"460","S_726_S69_L003",1.33788540267205,-0.0424889758008677,0,"460","1","458",0.442688938822054,0.31626701078378,0.400199963021187,1.73808536569324,2.78315768371374
"461","S_733_S67_L003",1.33788540267205,0.022054405652991,0,"461","1","459",0.631352178970709,0.303685348471529,0.6534065846237,1.99129198729575,1.25743342968294
"462","S_738_S39",1.33788540267205,-0.0772429189195912,0,"462","1","460",0.509575483653001,0.323562409469108,0.43233256473341,1.77021796740546,1.56508458007329
"463","S_758_S128",1.33788540267205,-0.124134100674292,0,"463","1","461",0.787681798789452,0.352852560573105,0.66354769811516,2.00143310078721,2.65914794847249
"464","S_762_S173",1.33788540267205,-0.0588649522220661,0,"464","1","462",0.803636666625741,0.395006608585897,0.744771714403675,2.08265711707573,2.11474252688113
"465","S_764_S93_L003",1.33788540267205,0.0212471529296488,0,"465","1","463",1.23711381720005,0.3421335841785,1.2583609701297,2.59624637280175,2.89250760851908
"466","S_765_S48",1.33788540267205,-0.0616004491285234,0,"466","1","464",0.697211491728412,0.308026667870031,0.635611042599889,1.97349644527194,1.31607401295249
"467","S_770_S57_L003",1.33788540267205,-0.145056821418053,0,"467","1","465",-0.536008343994877,0.338234822343834,-0.68106516541293,0.656820237259124,1.4142135623731
"468","S_772_S58_L003",1.33788540267205,-0.01570300458961,0,"468","1","466",-0.41663848864724,0.316351141857267,-0.432341493236851,0.905543909435204,0
"469","S_779_S94_L003",1.33788540267205,0.00172295058612843,0,"469","1","467",-0.780284699947999,0.294412727003321,-0.77856174936187,0.559323653310184,0
"470","S_7_S141",1.33788540267205,-0.0504874904597368,0,"470","1","468",0.0891722203926172,0.3267614591707,0.0386847299328803,1.37657013260493,1.31607401295249
"471","S_813_S44_L003",1.33788540267205,0.065602879744475,0,"471","1","469",0.621230683015229,0.285200220984131,0.686833562759704,2.02471896543176,2.23606797749979
"472","S_824_S40",1.33788540267205,-0.0461877281579526,0,"472","1","470",-0.770401207666141,0.327621973134191,-0.816588935824093,0.521296466847961,0
"473","S_825_S71",1.33788540267205,-0.130405606380318,0,"473","1","471",-0.484255208348147,0.375894875548599,-0.614660814728465,0.72322458794359,1.25743342968294
"474","S_826_S8_L003",1.33788540267205,-0.115461715743584,0,"474","1","472",0.206711681597396,0.339773067103609,0.0912499658538121,1.42913536852587,1.56508458007329
"475","S_837_S50_L003",1.33788540267205,0.0568896629349902,0,"475","1","473",0.785986810547424,0.291601452311861,0.842876473482414,2.18076187615447,2.65914794847249
"476","S_83_S14",1.33788540267205,0.0500413583886992,0,"476","1","474",-0.754691743964316,0.331650453912604,-0.704650385575617,0.633235017096437,0
"477","S_840_S88_L003",1.33788540267205,0.0611116779757406,0,"477","1","475",0.274017008758554,0.329845485838865,0.335128686734294,1.67301408940635,1.77827941003892
"478","S_844_S151",1.33788540267205,-0.0559804843494714,0,"478","1","476",-0.796565667400731,0.324465283353302,-0.852546151750203,0.485339250921851,0
"479","S_85_S36_L003",1.33788540267205,0.100241541478283,0,"479","1","477",0.469653279361222,0.323293690768738,0.569894820839505,1.90778022351156,1.18920711500272
"480","S_861_S22_L003",1.33788540267205,-0.186017358231213,0,"480","1","478",1.09389339526674,0.36695690126409,0.907876037035525,2.24576143970758,2.51486685936587
"481","S_865_S82",1.33788540267205,-0.0556023568286093,0,"481","1","479",-0.123209100896742,0.309291240140008,-0.178811457725352,1.1590739449467,1.77827941003892
"482","S_879_S97",1.33788540267205,-0.0111814734134849,0,"482","1","480",-0.00148283781185471,0.33695050556556,-0.0126643112253396,1.32522109144671,1.31607401295249
"483","S_87_S81",1.33788540267205,0.0434638585782849,0,"483","1","481",0.312332567190274,0.31390326793749,0.355796425768559,1.69368182844061,2.34034731932072
"484","S_885_S77",1.33788540267205,0.0593359008950663,0,"484","1","482",0.505384462938559,0.309546595886724,0.564720363833625,1.90260576650568,0.840896415253715
"485","S_901_S136",1.33788540267205,-0.14391694851048,0,"485","2","  3",0.00160684058539,0.372171656679813,-0.14231010792509,1.19557529474696,NA
"486","S_932_S42_L003",1.33788540267205,0.0726648629661091,0,"486","1","483",-0.0964227736841017,0.326178973865866,-0.0237579107179925,1.31412749195406,1.31607401295249
"487","S_961_S70_L003",1.33788540267205,0.0672482001919985,0,"487","1","484",0.630166811025665,0.324352409648188,0.697415011217664,2.03530041388972,2.63214802590498
"488","S_962_S42",1.33788540267205,0.0107218726273792,0,"488","1","485",0.130467648530265,0.30835947990733,0.141189521157644,1.4790749238297,1.49534878122122
"489","S_972_S142",1.33788540267205,-0.298879440465225,0,"489","1","486",-0.289557246197265,0.484617528897616,-0.58843668666249,0.749448716009564,0
"490","S_978_S90",1.33788540267205,-0.219345007680367,0,"490","1","487",-0.237519484937258,0.383704774069637,-0.456864492617625,0.881020910054429,0
"491","S_983_S4",1.33788540267205,0.035755820827724,0,"491","1","488",-0.572424880445019,0.294710968855743,-0.536669059617295,0.80121634305476,0
"492","S_993_S55",1.33788540267205,0.0297233991002963,0,"492","1","489",-0.314488541302177,0.369725318251927,-0.28476514220188,1.05312026047017,0.840896415253715
"493","NSW1201426",1.33788540267205,-0.169967424715314,0,"493","2","  4",0.107977364026218,0.214307703503015,-0.061990060689096,1.27589534198296,NA
"494","NSW1212884",1.33788540267205,0.0409993234706862,0,"494","2","  5",0.224262013932609,0.219002130901808,0.265261337403295,1.60314674007535,NA
"495","NSW1200541",1.33788540267205,0.0465000888515178,0,"495","2","  6",-0.112080196718416,0.222625589205306,-0.0655801078668985,1.27230529480516,NA
"496","NSW1190165",1.33788540267205,-0.0320291896487235,0,"496","2","  7",0.174991136254687,0.203300816648429,0.142961946605964,1.48084734927802,NA
"497","NSW1166659",1.33788540267205,0.0798698273448908,0,"497","2","  8",0.671231116799773,0.221092028948031,0.751100944144664,2.08898634681672,NA
"498","NSW1213025",1.33788540267205,-0.0246513692879569,0,"498","2","  9",-0.294397585073705,0.202664173296994,-0.319048954361662,1.01883644831039,NA
"499","NSW1211446",1.33788540267205,-0.121804223190011,0,"499","2"," 10",-0.785070160797114,0.216165277756219,-0.906874383987125,0.431011018684929,NA
"500","NSW1200628",1.33788540267205,-0.0796116257007258,0,"500","2"," 11",-0.455005493350429,0.198694696135031,-0.534617119051155,0.803268283620899,NA
"501","NSW1166664",1.33788540267205,0.0442298699211698,0,"501","2"," 12",0.363190701785726,0.212623575587564,0.407420571706896,1.74530597437895,NA
"502","NSW1213021",1.33788540267205,0.0314305189018286,0,"502","2"," 13",0.351076659219032,0.189726286608352,0.382507178120861,1.72039258079292,NA
"503","NSW1201391",1.33788540267205,-0.043582358249499,0,"503","2"," 14",0.0490094628474174,0.240280081259686,0.00542710459791838,1.34331250726997,NA
"504","NSW1201419",1.33788540267205,-0.0686491373539225,0,"504","2"," 15",0.122013534773613,0.186431762582597,0.0533643974196909,1.39124980009175,NA
"505","NSW1201415",1.33788540267205,-0.00860960814273801,0,"505","2"," 16",1.19388819575803,0.242775371821752,1.18527858761529,2.52316399028734,NA
"506","NSW1200364",1.33788540267205,0.0815254355303576,0,"506","2"," 17",0.810163779510566,0.20339644135354,0.891689215040923,2.22957461771298,NA
"507","NSW1190167",1.33788540267205,-0.169081270648033,0,"507","2"," 18",-0.0287633721209896,0.231798116829864,-0.197844642769022,1.14004075990303,NA
"508","NSW1190204",1.33788540267205,-0.107034597130203,0,"508","2"," 19",-0.000479083344824167,0.209095286367033,-0.107513680475027,1.23037172219703,NA
"509","NSW1200834",1.33788540267205,-0.0569496649453157,0,"509","2"," 20",0.446027790766201,0.212574142850015,0.389078125820885,1.72696352849294,NA
"510","NSW1200533",1.33788540267205,-0.0625636609015197,0,"510","2"," 21",0.65609815055834,0.241726478943905,0.593534489656821,1.93141989232887,NA
"511","NSW1200414",1.33788540267205,-0.022025446754113,0,"511","2"," 22",-0.153925396334831,0.190225134846068,-0.175950843088944,1.16193455958311,NA
"512","NSW1200759",1.33788540267205,-0.069717888758284,0,"512","2"," 23",-0.0551125804370765,0.20376617551537,-0.12483046919536,1.21305493347669,NA
"513","NSW1212889",1.33788540267205,0.0131243361043557,0,"513","2"," 24",-0.322005703073677,0.182226753130515,-0.308881366969321,1.02900403570273,NA
"514","NSW1211427",1.33788540267205,-0.0557182304139769,0,"514","2"," 25",0.158315260104851,0.231920935521797,0.102597029690874,1.44048243236293,NA
"515","NSW1200379",1.33788540267205,-0.00184452882631287,0,"515","2"," 26",-0.127157844883426,0.221852352821295,-0.129002373709739,1.20888302896232,NA
"516","NSW1211455",1.33788540267205,0.0175964358698999,0,"516","2"," 27",-0.253634161539304,0.222137289646223,-0.236037725669404,1.10184767700265,NA
"517","NSW1213033",1.33788540267205,0.024700014598086,0,"517","2"," 28",0.819394356453454,0.221309631475995,0.84409437105154,2.18197977372359,NA
"518","NSW1212980",1.33788540267205,-0.0118059502603655,0,"518","2"," 29",0.173750081488085,0.199234336024644,0.16194413122772,1.49982953389977,NA
"519","NSW1190213",1.33788540267205,0.0589387407912204,0,"519","2"," 30",0.466470547865035,0.171080953773484,0.525409288656256,1.86329469132831,NA
"520","NSW1201416",1.33788540267205,-0.0749147586029671,0,"520","2"," 31",-0.0621292671193953,0.206287562177114,-0.137044025722362,1.20084137694969,NA
"521","NSW1200418",1.33788540267205,-0.0327071170349776,0,"521","2"," 32",-1.16885426959509,0.191898088729557,-1.20156138663007,0.136324016041988,NA
"522","NSW1211456",1.33788540267205,-0.184928341142223,0,"522","2"," 33",0.0533903358717567,0.24927746850767,-0.131538005270466,1.20634739740159,NA
"523","NSW1211564",1.33788540267205,0.00529754430601173,0,"523","2"," 34",-0.343758464816296,0.189279866499003,-0.338460920510285,0.999424482161769,NA
"524","NSW1213016",1.33788540267205,0.0572143162777883,0,"524","2"," 35",0.579048445456577,0.240762246425749,0.636262761734365,1.97414816440642,NA
"525","NSW1211583",1.33788540267205,0.0168472705676836,0,"525","2"," 36",-0.254920571654034,0.181693452929456,-0.238073301086351,1.0998121015857,NA
"526","NSW1200839",1.33788540267205,-0.0335361429015358,0,"526","2"," 37",0.433727404154545,0.219250637139956,0.400191261253009,1.73807666392506,NA
"527","NSW1211565",1.33788540267205,-0.0978666418155272,0,"527","2"," 38",-0.610465111817068,0.186783941897821,-0.708331753632595,0.629553649039459,NA
"528","NSW1200425",1.33788540267205,0.08721661308128,0,"528","2"," 39",0.606227501361491,0.19520073067415,0.693444114442771,2.03132951711483,NA
"529","NSW1200662",1.33788540267205,-0.0495124821225085,0,"529","2"," 40",0.305243563646263,0.196438981922717,0.255731081523755,1.59361648419581,NA
"530","NSW1166655",1.33788540267205,0.000241267248609824,0,"530","2"," 41",0.13347583317116,0.150784338053667,0.13371710041977,1.47160250309182,NA
"531","NSW1212948",1.33788540267205,0.00154948524516742,0,"531","2"," 42",-0.303233662795367,0.244364992039091,-0.301684177550199,1.03620122512185,NA
"532","NSW1200528",1.33788540267205,-0.07728798646145,0,"532","2"," 43",-0.320353229712802,0.225489048280413,-0.397641216174252,0.940244186497802,NA
"533","NSW1200563",1.33788540267205,-0.127993564693165,0,"533","2"," 44",0.00608861629742193,0.242828898005385,-0.121904948395743,1.21598045427631,NA
"534","NSW1200351",1.33788540267205,0.0670834660386473,0,"534","2"," 45",-0.307085870647329,0.171950794349846,-0.240002404608681,1.09788299806337,NA
"535","NSW1213015",1.33788540267205,0.0574468702268944,0,"535","2"," 46",0.147398773677297,0.205044150401624,0.204845643904191,1.54273104657625,NA
"536","NSW1200394",1.33788540267205,0.0571408557131616,0,"536","2"," 47",-0.274291945437614,0.193450407973312,-0.217151089724452,1.1207343129476,NA
"537","NSW1213011",1.33788540267205,-0.00107921661522668,0,"537","2"," 48",0.276193269761115,0.204149199475933,0.275114053145888,1.61299945581794,NA
"538","NSW1200664",1.33788540267205,-0.0526223854232371,0,"538","2"," 49",-1.20209825678524,0.187091117275836,-1.25472064220848,0.0831647604635788,NA
"539","NSW1201655",1.33788540267205,-0.0880701993515268,0,"539","2"," 50",0.160280386094194,0.189104259488122,0.0722101867426674,1.41009558941472,NA
"540","NSW1200536",1.33788540267205,0.0413525116661628,0,"540","2"," 51",-0.117645036785389,0.236497659876402,-0.0762925251192265,1.26159287755283,NA
"541","NSW1212943",1.33788540267205,0.00901959538544973,0,"541","2"," 52",0.192785476280243,0.21237869655709,0.201805071665693,1.53969047433775,NA
"542","NSW1200559",1.33788540267205,-0.102511219899228,0,"542","2"," 53",0.213834795955106,0.219448266931573,0.111323576055879,1.44920897872793,NA
"543","NSW1200558",1.33788540267205,-0.134306327808331,0,"543","2"," 54",-0.281199227519531,0.212131227892825,-0.415505555327862,0.922379847344192,NA
"544","NSW1200524",1.33788540267205,-0.0629895556472003,0,"544","2"," 55",-0.589364799674053,0.186958661442592,-0.652354355321254,0.685531047350801,NA
"545","NSW1212795",1.33788540267205,0.0081584598005072,0,"545","2"," 56",-0.894568725780401,0.20279855979575,-0.886410265979893,0.451475136692161,NA
"546","NSW1200787",1.33788540267205,-0.0429814233826913,0,"546","2"," 57",0.147029101588659,0.167944259363752,0.104047678205968,1.44193308087802,NA
"547","NSW1200776",1.33788540267205,0.0347049205377199,0,"547","2"," 58",0.225670253483164,0.167222637650542,0.260375174020884,1.59826057669294,NA
"548","NSW1190216",1.33788540267205,-0.0530971839170971,0,"548","2"," 59",-1.2166437969572,0.247808942173628,-1.26974098087429,0.0681444217977609,NA
"549","NSW1201495",1.33788540267205,-0.111058657659077,0,"549","2"," 60",-0.532725755854825,0.193239284919079,-0.643784413513903,0.694100989158151,NA
"550","NSW1211582",1.33788540267205,-0.0835104318596465,0,"550","2"," 61",-0.279914198889597,0.194678272482522,-0.363424630749243,0.974460771922811,NA
"551","NSW1200362",1.33788540267205,-0.0552613992007993,0,"551","2"," 62",-0.123446533431629,0.186459361596065,-0.178707932632428,1.15917747003963,NA
"552","NSW1212987",1.33788540267205,-0.357827182202919,0,"552","2"," 63",0.407552089925476,0.461901957542109,0.0497249077225569,1.38761031039461,NA
"553","NSW1190194",1.33788540267205,-0.0772212217627741,0,"553","2"," 64",0.187555059753575,0.240693492320682,0.110333837990801,1.44821924066286,NA
"554","NSW1213030",1.33788540267205,-0.0186836638112199,0,"554","2"," 65",-0.476862362803801,0.175734928967522,-0.495546026615021,0.842339376057033,NA
"555","NSW1190199",1.33788540267205,-0.0357543038947957,0,"555","2"," 66",-0.309862514066467,0.188868094530284,-0.345616817961263,0.992268584710791,NA
"556","NSW1200372",1.33788540267205,-0.0461188531232615,0,"556","2"," 67",0.224935292452095,0.217817436723084,0.178816439328834,1.51670184200089,NA
"557","NSW1211445",1.33788540267205,-0.0154451830390843,0,"557","2"," 68",0.210688636020797,0.189827035527559,0.195243452981713,1.53312885565377,NA
"558","NSW1211558",1.33788540267205,0.00388715390056276,0,"558","2"," 69",-0.146705497607943,0.189151886608528,-0.142818343707381,1.19506705896467,NA
"559","NSW1200764",1.33788540267205,0.0141589284465557,0,"559","2"," 70",-0.19777525020117,0.22861512263081,-0.183616321754614,1.15426908091744,NA
"560","NSW1200848",1.33788540267205,-0.0410519564895643,0,"560","2"," 71",-0.151118963211442,0.178450770980959,-0.192170919701006,1.14571448297105,NA
"561","NSW1200661",1.33788540267205,0.0333373537446411,0,"561","2"," 72",-0.181388731256056,0.200753180703272,-0.148051377511415,1.18983402516064,NA
"562","NSW1211440",1.33788540267205,-0.0523743242364102,0,"562","2"," 73",-0.496311207299607,0.221931690174291,-0.548685531536017,0.789199871136037,NA
"563","NSW1200356",1.33788540267205,0.0503056493971517,0,"563","2"," 74",0.207216339623459,0.207753866488351,0.257521989020611,1.59540739169266,NA
"564","NSW1212992",1.33788540267205,-0.0517473024707779,0,"564","2"," 75",-0.266197561597164,0.220532421641135,-0.317944864067942,1.01994053860411,NA
"565","NSW1200905",1.33788540267205,-0.0457782361273444,0,"565","2"," 76",0.0290914238185394,0.210951388986135,-0.0166868123088049,1.32119859036325,NA
"566","NSW1200357",1.33788540267205,0.0724738682631223,0,"566","2"," 77",0.0117372680749387,0.19259515530923,0.084211136338061,1.42209653901012,NA
"567","NSW1200799",1.33788540267205,-0.0358465795689612,0,"567","2"," 78",-0.989072650288896,0.163333433537152,-1.02491922985786,0.312966172814197,NA
"568","NSW1166442",1.33788540267205,-0.0188413289393012,0,"568","2"," 79",0.0972245662673378,0.189459417132489,0.0783832373280366,1.41626864000009,NA
"569","NSW1200539",1.33788540267205,-0.168189944247228,0,"569","2"," 80",-0.170721027329409,0.224549956197253,-0.338910971576637,0.998974431095418,NA
"570","NSW1200543",1.33788540267205,-0.229690407035093,0,"570","2"," 81",-0.123996606774222,0.404230214024763,-0.353687013809315,0.98419838886274,NA
"571","NSW1200529",1.33788540267205,-0.0522165369892569,0,"571","2"," 82",0.207935787454316,0.18992467605749,0.155719250465059,1.49360465313711,NA
"572","NSW1212866",1.33788540267205,0.0509411231841636,0,"572","2"," 83",0.385975296832247,0.218368108952643,0.436916420016411,1.77480182268847,NA
"573","NSW1200873",1.33788540267205,-0.00655105098908616,0,"573","2"," 84",0.186550186613398,0.209484729726339,0.179999135624312,1.51788453829637,NA
"574","NSW1211541",1.33788540267205,0.0047607767488362,0,"574","2"," 85",-0.178705474282385,0.215935115711144,-0.173944697533549,1.1639407051385,NA
"575","NSW1190198",1.33788540267205,-0.0756537338715746,0,"575","2"," 86",0.0706204445727162,0.196962612538368,-0.00503328929885841,1.3328521133732,NA
"576","NSW1213013",1.33788540267205,-0.0208724822835635,0,"576","2"," 87",0.363844828112457,0.217777141642578,0.342972345828894,1.68085774850095,NA
"577","NSW1212970",1.33788540267205,-0.000799500498606456,0,"577","2"," 88",0.950977977957112,0.234217674122771,0.950178477458505,2.28806388013056,NA
"578","NSW1212997",1.33788540267205,0.0846980639368057,0,"578","2"," 89",-0.20197938117964,0.216172468954773,-0.117281317242834,1.22060408542922,NA
"579","NSW1211508",1.33788540267205,-0.0737691330936306,0,"579","2"," 90",-0.424376750819678,0.193764531511326,-0.498145883913309,0.839739518758745,NA
"580","NSW1211552",1.33788540267205,-0.000659995312997966,0,"580","2"," 91",-0.232017022950459,0.239261140613569,-0.232677018263457,1.1052083844086,NA
"581","NSW1211442",1.33788540267205,-0.116791272267555,0,"581","2"," 92",0.474956397412989,0.229146721969298,0.358165125145434,1.69605052781749,NA
"582","NSW1211451",1.33788540267205,-0.0761748041455539,0,"582","2"," 93",0.0119797275927963,0.175961540925076,-0.0641950765527576,1.2736903261193,NA
"583","NSW1194456",1.33788540267205,0.0210603266722769,0,"583","2"," 94",-0.129315753606261,0.200751737803459,-0.108255426933984,1.22962997573807,NA
"584","NSW1211546",1.33788540267205,-0.0349976599159025,0,"584","2"," 95",0.602277382365232,0.208926861352115,0.567279722449329,1.90516512512138,NA
"585","NSW1213001",1.33788540267205,-0.00123229488131017,0,"585","2"," 96",0.19265802650502,0.216930709305758,0.19142573162371,1.52931113429576,NA
"586","NSW1201431",1.33788540267205,-0.0631093595897727,0,"586","2"," 97",0.449456851536303,0.204505918756544,0.38634749194653,1.72423289461858,NA
"587","NSW1211568",1.33788540267205,0.0303968898409205,0,"587","2"," 98",0.0971013260272254,0.194639428963848,0.127498215868146,1.4653836185402,NA
"588","NSW1211441",1.33788540267205,-0.0745620561255994,0,"588","2"," 99",0.27429626332931,0.212546488618827,0.19973420720371,1.53761960987576,NA
"589","NSW1190206",1.33788540267205,-0.0459643642120104,0,"589","2","100",-0.193884309327367,0.208785404763954,-0.239848673539377,1.09803672913268,NA
"590","NSW1200389",1.33788540267205,-0.000421610778798091,0,"590","2","101",-0.810571030924394,0.212091940429855,-0.810992641703192,0.526892760968862,NA
"591","NSW1211534",1.33788540267205,0.0366573421975586,0,"591","2","102",-0.234332811403308,0.16432970589046,-0.197675469205749,1.1402099334663,NA
"592","NSW1200346",1.33788540267205,0.0925904354176051,0,"592","2","103",0.583903931407689,0.205607889049714,0.676494366825295,2.01437976949735,NA
"593","NSW1200505",1.33788540267205,0.0545966573497946,0,"593","2","104",0.44845437280373,0.158426318880852,0.503051030153525,1.84093643282558,NA
"594","NSW1200511",1.33788540267205,-0.0489642768771118,0,"594","2","105",0.904003888671434,0.183211984260669,0.855039611794323,2.19292501446638,NA
"595","NSW1212790",1.33788540267205,0.0104062963337495,0,"595","2","106",0.0880647148862412,0.19627986550032,0.0984710112199907,1.43635641389204,NA
"596","NSW1200361",1.33788540267205,-0.011273639734787,0,"596","2","107",-0.661545615781105,0.18469070299919,-0.672819255515892,0.665066147156162,NA
"597","NSW1200514",1.33788540267205,-0.0771322253967859,0,"597","2","108",0.0757000007906048,0.199238471166907,-0.00143222460618103,1.33645317806587,NA
"598","NSW1200774",1.33788540267205,-0.086244254483457,0,"598","2","109",-0.119169269546686,0.204116321862395,-0.205413524030143,1.13247187864191,NA
"599","NSW1212985",1.33788540267205,-0.0157420569196566,0,"599","2","110",-0.422819359772919,0.209839867613503,-0.438561416692576,0.899323985979478,NA
"600","NSW1201411",1.33788540267205,-0.00975492918952645,0,"600","2","111",0.320153106775812,0.20735516951685,0.310398177586285,1.64828358025834,NA
"601","NSW1200352",1.33788540267205,0.0539174845218571,0,"601","2","112",0.285397252615195,0.231910592258034,0.339314737137052,1.67720013980911,NA
"602","NSW1211570",1.33788540267205,-0.060867712777946,0,"602","2","113",-0.297660938753283,0.191810433482024,-0.358528651531229,0.979356751140825,NA
"603","NSW1200549",1.33788540267205,-0.060504295321863,0,"603","2","114",0.162675970803389,0.201829030135541,0.102171675481526,1.44005707815358,NA
"604","NSW1200384",1.33788540267205,-0.0519150908070169,0,"604","2","115",-0.424843961432625,0.204124549873845,-0.476759052239642,0.861126350432412,NA
"605","NSW1211577",1.33788540267205,0.0366573421975586,0,"605","2","116",-0.234332811403308,0.16432970589046,-0.197675469205749,1.1402099334663,NA
"606","NSW1200347",1.33788540267205,-0.00569658866770677,0,"606","2","117",-0.10507686599614,0.215424538037472,-0.110773454663847,1.22711194800821,NA
"607","NSW1200829",1.33788540267205,-0.0414414272156116,0,"607","2","118",0.41242375121976,0.213790166891224,0.370982324004148,1.7088677266762,NA
"608","NSW1200657",1.33788540267205,0.0079741035543653,0,"608","2","119",-0.27822632887335,0.265579092419529,-0.270252225318985,1.06763317735307,NA
"609","NSW1212977",1.33788540267205,-0.027249130239656,0,"609","2","120",0.18458686190878,0.221389865909131,0.157337731669124,1.49522313434118,NA
"610","NSW1201414",1.33788540267205,-0.103376761857053,0,"610","2","121",0.543292342002576,0.189647001558355,0.439915580145523,1.77780098281758,NA
"611","NSW1200509",1.33788540267205,-0.0505996681590297,0,"611","2","122",-0.391602041130187,0.20003974992232,-0.442201709289216,0.895683693382838,NA
"612","NSW1200521",1.33788540267205,-0.0551569511172193,0,"612","2","123",-0.847763572519411,0.195079923923653,-0.902920523636631,0.434964879035423,NA
"613","NSW1201631",1.33788540267205,-0.0362237581335163,0,"613","2","124",-0.778912699705316,0.168653959841963,-0.815136457838832,0.522748944833222,NA
"614","NSW1212856",1.33788540267205,-0.0433683043229912,0,"614","2","125",-0.793809684721769,0.199647437018721,-0.83717798904476,0.500707413627294,NA
"615","NSW1200647",1.33788540267205,-0.0262886901011954,0,"615","2","126",0.0810342470801807,0.213872646828165,0.0547455569789853,1.39263095965104,NA
"616","NSW1201396",1.33788540267205,0.00144699316628552,0,"616","2","127",0.465015500360996,0.212384751666366,0.466462493527281,1.80434789619934,NA
"617","NSW1200554",1.33788540267205,-0.118731497832932,0,"617","2","128",0.467273114680878,0.231761629113817,0.348541616847946,1.68642701952,NA
"618","NSW1200544",1.33788540267205,-0.116851215841314,0,"618","2","129",0.19489329506072,0.217381197230944,0.0780420792194065,1.41592748189146,NA
"619","NSW1200429",1.33788540267205,-0.334662134218298,0,"619","2","130",0.202878156912529,0.442421244468374,-0.131783977305769,1.20610142536628,NA
"620","NSW1190190",1.33788540267205,-0.0565159540491784,0,"620","2","131",-0.291101221957359,0.249740589719775,-0.347617176006537,0.990268226665517,NA
"621","NSW1200428",1.33788540267205,0.00206666502066243,0,"621","2","132",-0.15596161780729,0.193519768841461,-0.153894952786628,1.18399044988543,NA
"622","NSW1190183",1.33788540267205,0.0240195377278224,0,"622","2","133",-0.0544319364551505,0.209674491089867,-0.0304123987273281,1.30747300394473,NA
"623","NSW1201400",1.33788540267205,-0.0478461865073299,0,"623","2","134",0.158869159246472,0.218408899838567,0.111022972739142,1.4489083754112,NA
"624","NSW1166447",1.33788540267205,-0.0562835562097312,0,"624","2","135",-0.973669252213761,0.198671206347289,-1.02995280842349,0.307932594248562,NA
"625","NSW1190182",1.33788540267205,-0.0192088538558289,0,"625","2","136",0.224370474479025,0.218868906705095,0.205161620623196,1.54304702329525,NA
"626","NSW1200666",1.33788540267205,0.0324335311034631,0,"626","2","137",-0.198869504005877,0.206413931697955,-0.166435972902414,1.17144942976964,NA
"627","NSW1190168",1.33788540267205,-0.0866282162834088,0,"627","2","138",-0.532361624098471,0.18839251567859,-0.61898984038188,0.718895562290174,NA
"628","NSW1201641",1.33788540267205,-0.0328047303457951,0,"628","2","139",-0.79031478171906,0.163191718836358,-0.823119512064855,0.514765890607199,NA
"629","NSW1194450",1.33788540267205,0.00935197014193131,0,"629","2","140",0.0189155127457269,0.181891582541154,0.0282674828876582,1.36615288555971,NA
"630","NSW1211020",1.33788540267205,-0.0199884656248849,0,"630","2","141",-0.442984215846152,0.189920952319539,-0.462972681471036,0.874912721201018,NA
"631","NSW1200545",1.33788540267205,0.0463810974372481,0,"631","2","142",-0.00733145603916615,0.188620085947346,0.0390496413980819,1.37693504407014,NA
"632","NSW1200373",1.33788540267205,-0.0686037502404669,0,"632","2","143",-0.937789616514333,0.193025576855077,-1.0063933667548,0.331492035917254,NA
"633","NSW1211526",1.33788540267205,-0.0387889745160077,0,"633","2","144",-0.196498724064798,0.22181393550917,-0.235287698580805,1.10259770409125,NA
"634","NSW1212995",1.33788540267205,0.0302131921925622,0,"634","2","145",0.342521445962946,0.197008019945874,0.372734638155508,1.71062004082756,NA
"635","NSW1212990",1.33788540267205,0.0180170553209438,0,"635","2","146",-0.135265418598991,0.1758297225379,-0.117248363278048,1.22063703939401,NA
"636","NSW1190212",1.33788540267205,-0.0522091765677441,0,"636","2","147",-0.42563246600783,0.212989589013854,-0.477841642575574,0.86004376009648,NA
"637","NSW1200895",1.33788540267205,-0.115680192833642,0,"637","2","148",0.461466616927292,0.197053349236144,0.34578642409365,1.6836718267657,NA
"638","NSW1211539",1.33788540267205,0.0564473650428999,0,"638","2","149",-0.0682082657795001,0.18423963824361,-0.0117609007366003,1.32612450193545,NA
"639","NSW1200817",1.33788540267205,0.00623081822805986,0,"639","2","150",0.420756112614028,0.201175636171573,0.426986930842088,1.76487233351414,NA
"640","NSW1200388",1.33788540267205,-0.0297391067029428,0,"640","2","151",0.137972809266079,0.218334488028841,0.108233702563136,1.44611910523519,NA
"641","NSW1200807",1.33788540267205,0.0564037134954817,0,"641","2","152",0.480402823007915,0.175088918341985,0.536806536503396,1.87469193917545,NA
"642","NSW1200420",1.33788540267205,0.0251230241104564,0,"642","2","153",0.166988172813264,0.197653263416309,0.19211119692372,1.52999659959577,NA
"643","NSW1213005",1.33788540267205,0.0918096319862841,0,"643","2","154",0.633132888228311,0.202247309870898,0.724942520214595,2.06282792288665,NA
"644","NSW1211533",1.33788540267205,0.0162729522952212,0,"644","2","155",0.0211415930044754,0.168515635492603,0.0374145452996966,1.37529994797175,NA
"645","NSW1212991",1.33788540267205,0.0489309610893474,0,"645","2","156",1.10440732831959,0.216836666665424,1.15333828940894,2.49122369208099,NA
"646","NSW1201650",1.33788540267205,-0.0805687789860376,0,"646","2","157",0.285350879972777,0.223973567358667,0.204782100986739,1.54266750365879,NA
"647","NSW1213020",1.33788540267205,-0.00438297425577976,0,"647","2","158",-0.142685734270701,0.243685702195178,-0.147068708526481,1.19081669414557,NA
"648","NSW1190163",1.33788540267205,-0.0163216597005195,0,"648","2","159",-0.876665610838319,0.180127844833289,-0.892987270538838,0.444898132133216,NA
"649","NSW1200466",1.33788540267205,0.0321704955986618,0,"649","2","160",0.183891412460429,0.215710904902683,0.21606190805909,1.55394731073114,NA
"650","NSW1200623",1.33788540267205,-0.0332281252078471,0,"650","2","161",-0.710355289984863,0.227901476067211,-0.74358341519271,0.594301987479344,NA
"651","NSW1211511",1.33788540267205,0.0241793344900812,0,"651","2","162",0.449051396796648,0.162807116052876,0.47323073128673,1.81111613395878,NA
"652","NSW1200371",1.33788540267205,-0.117308830361606,0,"652","2","163",0.196328822413431,0.22163275349519,0.0790199920518251,1.41690539472388,NA
"653","NSW1211592",1.33788540267205,-0.137627040802083,0,"653","2","164",-1.46977405743586,0.205449439856145,-1.60740109823794,0,NA
"654","NSW1212785",1.33788540267205,0.0273987843620365,0,"654","2","165",0.50359058748559,0.198090673739324,0.530989371847627,1.86887477451968,NA
"655","NSW1201616",1.33788540267205,-0.0342168695580829,0,"655","2","166",-0.69985271030202,0.163667033288081,-0.734069579860103,0.603815822811952,NA
"656","NSW1212959",1.33788540267205,0.0701473040486694,0,"656","2","167",0.352557434007406,0.222135408461025,0.422704738056075,1.76059014072813,NA
"657","NSW1213034",1.33788540267205,0.0275339838856548,0,"657","2","168",-0.363452907014447,0.243517162027786,-0.335918923128792,1.00196647954326,NA
"658","NSW1211561",1.33788540267205,-0.0680025472064549,0,"658","2","169",0.107933157509188,0.203669571427576,0.039930610302733,1.37781601297479,NA
"659","NSW1211542",1.33788540267205,0.0153628848236855,0,"659","2","170",0.824872666234929,0.169781165231504,0.840235551058615,2.17812095373067,NA
"660","NSW1200803",1.33788540267205,-0.0741472806699487,0,"660","2","171",-0.15289583350402,0.195796389182739,-0.227043114173968,1.11084228849809,NA
"661","NSW1211578",1.33788540267205,-0.0312371786609108,0,"661","2","172",0.292697668909241,0.185110147746452,0.26146049024833,1.59934589292038,NA
"662","NSW1190217",1.33788540267205,-0.0292448718121773,0,"662","2","173",-0.36621878583987,0.190167793288582,-0.395463657652047,0.942421745020007,NA
"663","NSW1211562",1.33788540267205,0.0185272343412493,0,"663","2","174",0.405929337063484,0.213191543779686,0.424456571404734,1.76234197407679,NA
"664","NSW1200672",1.33788540267205,0.00900594464715213,0,"664","2","175",-0.138079534737028,0.210545157793979,-0.129073590089876,1.20881181258218,NA
"665","NSW1201375",1.33788540267205,-0.0328047303457951,0,"665","2","176",-0.79031478171906,0.163191718836358,-0.823119512064855,0.514765890607199,NA
"666","NSW1212972",1.33788540267205,-0.0532225011756152,0,"666","2","177",-0.0352418358318954,0.247816028517316,-0.0884643370075106,1.24942106566454,NA
"667","NSW1212982",1.33788540267205,0.0366322723218178,0,"667","2","178",0.0211723475307897,0.223585530740301,0.0578046198526076,1.39569002252466,NA
"668","NSW1166596",1.33788540267205,0.0610762388790634,0,"668","2","179",-0.193051387241506,0.213889183003339,-0.131975148362443,1.20591025430961,NA
"669","NSW1190191",1.33788540267205,0.106845948741086,0,"669","2","180",0.126150697084034,0.202339983423969,0.232996645825121,1.57088204849717,NA
"670","NSW1200360",1.33788540267205,0.050436688954073,0,"670","2","181",0.725926698025861,0.217015953445371,0.776363386979934,2.11424878965199,NA
"671","NSW1200363",1.33788540267205,0.0406404676785479,0,"671","2","182",0.00884915063288744,0.189976595634616,0.0494896183114354,1.38737502098349,NA
"672","NSW1212979",1.33788540267205,0.0624702390083217,0,"672","2","183",0.140857131170598,0.227144504191697,0.20332737017892,1.54121277285097,NA
"673","NSW1190208",1.33788540267205,0.0467948806118881,0,"673","2","184",-0.206111498818485,0.240773807312583,-0.159316618206597,1.17856878446546,NA
"674","NSW1200358",1.33788540267205,-0.0280795423225181,0,"674","2","185",0.23398477922066,0.170803321191991,0.205905236898142,1.5437906395702,NA
"675","NSW1190192",1.33788540267205,0.0326721866371282,0,"675","2","186",-0.310379150810014,0.193432030096763,-0.277706964172886,1.06017843849917,NA
"676","NSW1211584",1.33788540267205,-0.0432165919270331,0,"676","2","187",0.654181202495142,0.169279626855248,0.610964610568109,1.94885001324016,NA
"677","NSW1200622",1.33788540267205,-0.0100968512148991,0,"677","2","188",0.261583522290146,0.211016193846437,0.251486671075247,1.5893720737473,NA
"678","NSW1211430",1.33788540267205,-0.12854027263342,0,"678","2","189",-0.482941267254564,0.189265377704095,-0.611481539887985,0.726403862784069,NA
"679","NSW1200777",1.33788540267205,-0.0418044527147453,0,"679","2","190",0.563719131078153,0.168804312403628,0.521914678363408,1.85980008103546,NA
"680","NSW1211426",1.33788540267205,-0.00430917617600322,0,"680","2","191",0.0417830499591416,0.152755684889108,0.0374738737831384,1.37535927645519,NA
"681","NSW1211450",1.33788540267205,-0.100568567438644,0,"681","2","192",-0.107021343687904,0.199001300116914,-0.207589911126547,1.13029549154551,NA
"682","NSW1201381",1.33788540267205,-0.0738710388991476,0,"682","2","193",0.224701215587973,0.193813404290815,0.150830176688825,1.48871557936088,NA
"683","NSW1211527",1.33788540267205,0.00612816175987456,0,"683","2","194",0.583799015678932,0.171414520095586,0.589927177438806,1.92781258011086,NA
"684","NSW1194457",1.33788540267205,-0.00771529338767654,0,"684","2","195",0.697807276618793,0.226776751204373,0.690091983231117,2.02797738590317,NA
"685","NSW1213006",1.33788540267205,0.0578998950091116,0,"685","2","196",0.350979688235572,0.229299731153713,0.408879583244683,1.74676498591674,NA
"686","NSW1190187",1.33788540267205,0.00156889327992703,0,"686","2","197",-0.637218169054493,0.199820345934976,-0.635649275774566,0.702236126897488,NA
"687","NSW1213010",1.33788540267205,-0.00655778923151964,0,"687","2","198",-0.289274532849454,0.213713645707053,-0.295832322080974,1.04205308059108,NA
"688","NSW1201425",1.33788540267205,-0.0412550310591825,0,"688","2","199",-0.0467547790427237,0.241596400440657,-0.0880098101019062,1.24987559257015,NA
"689","NSW1200504",1.33788540267205,-0.105501356615945,0,"689","2","200",0.326511004557665,0.16957550444341,0.221009647941721,1.55889505061377,NA
"690","NSW1200920",1.33788540267205,-0.0844633281803945,0,"690","2","201",-0.0506028404084718,0.207474386031122,-0.135066168588866,1.20281923408319,NA
"691","NSW1200341",1.33788540267205,0.0644105755601812,0,"691","2","202",0.389267943989556,0.208236375331528,0.453678519549737,1.79156392222179,NA
"692","NSW1200337",1.33788540267205,0.0704598903125837,0,"692","2","203",0.93387305642672,0.218741607067919,1.0043329467393,2.34221834941136,NA
"693","NSW1212988",1.33788540267205,0.0863900527203189,0,"693","2","204",0.509185395529469,0.203486089524534,0.595575448249788,1.93346085092184,NA
"694","NSW1201430",1.33788540267205,-0.146586638978556,0,"694","2","205",-0.378472109371171,0.220435130146053,-0.525058748349728,0.812826654322326,NA
"695","NSW1200824",1.33788540267205,-0.0667815847403457,0,"695","2","206",0.606143629005291,0.209417062360303,0.539362044264945,1.877247446937,NA
"696","NSW1212969",1.33788540267205,0.017084245776598,0,"696","2","207",-0.508802590806664,0.196588214976203,-0.491718345030066,0.846167057641988,NA
"697","NSW1190200",1.33788540267205,-0.0327542964995005,0,"697","2","208",0.434826995758105,0.201775967589834,0.402072699258605,1.73995810193066,NA
"698","NSW1210993",1.33788540267205,-0.00150590780921659,0,"698","2","209",-0.499830418234516,0.223343127652798,-0.501336326043733,0.836549076628321,NA
"699","NSW1211586",1.33788540267205,-0.0523075809701086,0,"699","2","210",-0.208255443007638,0.21931868995509,-0.260563023977746,1.07732237869431,NA
"700","NSW1201409",1.33788540267205,-0.0310323625400653,0,"700","2","211",0.774721376510421,0.197930141202454,0.743689013970355,2.08157441664241,NA
"701","NSW1200853",1.33788540267205,-0.0966762658459923,0,"701","2","212",-0.560777526063699,0.205571535292992,-0.657453791909692,0.680431610762363,NA
"702","NSW1212960",1.33788540267205,0.0407253672146723,0,"702","2","213",-0.483102721305201,0.185066320084125,-0.442377354090529,0.895508048581525,NA
"703","NSW1200607",1.33788540267205,-0.09139848151128,0,"703","2","214",0.543491908143316,0.283905204709734,0.452093426632036,1.78997882930409,NA
"704","NSW1212957",1.33788540267205,0.0312392309951534,0,"704","2","215",-0.121207475035022,0.207182476253533,-0.0899682440398682,1.24791715863219,NA
"705","NSW1212983",1.33788540267205,-0.0219935901928029,0,"705","2","216",0.0471623492722631,0.209665456379969,0.0251687590794602,1.36305416175151,NA
"706","NSW1166654",1.33788540267205,0.0581695654777253,0,"706","2","217",0.106477276846203,0.249423264109301,0.164646842323928,1.50253224499598,NA
"707","NSW1212993",1.33788540267205,-0.00459517399402264,0,"707","2","218",0.719384675051532,0.219673269358828,0.714789501057509,2.05267490372956,NA
"708","NSW1200374",1.33788540267205,0.0192046950810114,0,"708","2","219",-0.0453629648931074,0.250026543525118,-0.026158269812096,1.31172713285996,NA
"709","NSW1200617",1.33788540267205,0.0236575756220586,0,"709","2","220",0.261041189945451,0.207869928313106,0.28469876556751,1.62258416823956,NA
"710","NSW1212962",1.33788540267205,-0.0374509346345422,0,"710","2","221",0.765144447531737,0.225224968934565,0.727693512897195,2.06557891556925,NA
"711","NSW1213029",1.33788540267205,0.0494269578039392,0,"711","2","222",-0.0303319783824786,0.189354249160587,0.0190949794214606,1.35698038209351,NA
"712","NSW1200393",1.33788540267205,-0.0477158136617694,0,"712","2","223",-0.489259019187873,0.194710221378685,-0.536974832849642,0.800910569822412,NA
"713","NSW1211566",1.33788540267205,-0.0338831023450676,0,"713","2","224",-0.222570565115415,0.199387994021052,-0.256453667460482,1.08143173521157,NA
"714","NSW1200523",1.33788540267205,-0.0591265053095912,0,"714","2","225",0.51394183778886,0.18214908256842,0.454815332479268,1.79270073515132,NA
"715","NSW1201356",1.33788540267205,-0.120570513224261,0,"715","2","226",0.524831884016225,0.229869346144779,0.404261370791964,1.74214677346402,NA
"716","NSW1200534",1.33788540267205,-0.127660376811649,0,"716","2","227",0.20612345788493,0.223583659541377,0.0784630810732812,1.41634848374534,NA
"717","NSW1200772",1.33788540267205,0.0219812814943395,0,"717","2","228",0.524768255795314,0.182351336783043,0.546749537289654,1.88463493996171,NA
"718","NSW1200792",1.33788540267205,0.0106272682255976,0,"718","2","229",0.777517919640375,0.200495839096171,0.788145187865972,2.12603059053803,NA
"719","NSW1200516",1.33788540267205,-0.0389536038330786,0,"719","2","230",-0.466064682368658,0.180817013055066,-0.505018286201737,0.832867116470317,NA
"720","NSW1212967",1.33788540267205,0.085754304680983,0,"720","2","231",0.335120064342876,0.223777949916306,0.420874369023859,1.75875977169591,NA
"721","NSW1213036",1.33788540267205,0.0671580387675464,0,"721","2","232",-0.100365120854329,0.186974642235827,-0.0332070820867828,1.30467832058527,NA
"722","NSW1200610",1.33788540267205,-0.117750813520824,0,"722","2","233",0.155119949062424,0.204196544593567,0.0373691355416005,1.37525453821365,NA
"723","NSW1200812",1.33788540267205,0.0292092250437844,0,"723","2","234",-0.258321436678978,0.146718816723799,-0.229112211635194,1.10877319103686,NA
"724","NSW1166601",1.33788540267205,0.00173748572950608,0,"724","2","235",-0.46166520589641,0.203456673989835,-0.459927720166903,0.877957682505151,NA
"725","NSW1190184",1.33788540267205,0.0372144240863796,0,"725","2","236",0.15715884401119,0.21629720703248,0.194373268097569,1.53225867076962,NA
"726","NSW1200597",1.33788540267205,0.00358968594080818,0,"726","2","237",0.0673956057855177,0.198610673954131,0.0709852917263259,1.40887069439838,NA
"727","NSW1200616",1.33788540267205,0.084870199085239,0,"727","2","238",0.6419729133292,0.203734463796227,0.726843112414439,2.06472851508649,NA
"728","NSW1201404",1.33788540267205,-0.0433031859939368,0,"728","2","239",0.0138303754578312,0.216216279878803,-0.0294728105361056,1.30841259213595,NA
"729","NSW1200592",1.33788540267205,0.00563398608693186,0,"729","2","240",-0.244812852755546,0.184874426551809,-0.239178866668614,1.09870653600344,NA
"730","NSW1190203",1.33788540267205,-0.019497306549169,0,"730","2","241",0.217942164735276,0.184328151177394,0.198444858186107,1.53633026085816,NA
"731","NSW1211536",1.33788540267205,-0.0151430060740426,0,"731","2","242",0.669826165993411,0.219224632530714,0.654683159919368,1.99256856259142,NA
"732","NSW1200424",1.33788540267205,0.0319607652087969,0,"732","2","243",-0.320019621504596,0.203073401399406,-0.288058856295799,1.04982654637626,NA
"733","NSW1212846",1.33788540267205,-0.0278901781804153,0,"733","2","244",0.248098177708348,0.255001149540635,0.220207999527933,1.55809340219999,NA
"734","NSW1200804",1.33788540267205,-0.0915280685965856,0,"734","2","245",-0.537868601410241,0.193208141232873,-0.629396670006827,0.708488732665227,NA
"735","NSW1210995",1.33788540267205,0.104826801156298,0,"735","2","246",-0.216101561368112,0.16672771320271,-0.111274760211814,1.22661064246024,NA
"736","NSW1212968",1.33788540267205,0.0812101561110992,0,"736","2","247",0.325009174878151,0.185198304916748,0.40621933098925,1.7441047336613,NA
"737","NSW1200591",1.33788540267205,0.00879171145115486,0,"737","2","248",0.244816952343349,0.193114478553392,0.253608663794504,1.59149406646656,NA
"738","NSW1213000",1.33788540267205,0.00728050635462053,0,"738","2","249",0.277621439114401,0.177648192123506,0.284901945469021,1.62278734814108,NA
"739","NSW1200797",1.33788540267205,0.0347799998970683,0,"739","2","250",-0.50930786508632,0.15964225884568,-0.474527865189251,0.863357537482803,NA
"740","NSW1212964",1.33788540267205,0.0600777132725931,0,"740","2","251",0.189105303283302,0.205723599552112,0.249183016555895,1.58706841922795,NA
"741","NSW1200338",1.33788540267205,-0.0803063325537908,0,"741","2","252",-0.226041177168479,0.198708630203621,-0.306347509722269,1.03153789294978,NA
"742","NSW1213003",1.33788540267205,0.0037032361905353,0,"742","2","253",0.273626950352198,0.209719601165015,0.277330186542733,1.61521558921479,NA
"743","NSW1190162",1.33788540267205,-0.00974695614607716,0,"743","2","254",-0.0511409701361043,0.189764483776788,-0.0608879262821815,1.27699747638987,NA
"744","NSW1200769",1.33788540267205,-0.0268852616307823,0,"744","2","255",-0.487901297192187,0.183130238994006,-0.514786558822969,0.823098843849085,NA
"745","NSW1200403",1.33788540267205,-0.0767530235163922,0,"745","2","256",0.0682355229550184,0.235655438004754,-0.00851750056137374,1.32936790211068,NA
"746","NSW1200355",1.33788540267205,-0.337701954551762,0,"746","2","257",0.319919655888723,0.442846878785595,-0.0177822986630394,1.32010310400901,NA
"747","NSW1212965",1.33788540267205,0.0159379050836587,0,"747","2","258",0.634410971846616,0.224949709904171,0.650348876930275,1.98823427960233,NA
"748","NSW1200369",1.33788540267205,0.0502665682022168,0,"748","2","259",0.260737587691686,0.204038211678083,0.311004155893903,1.64888955856596,NA
"749","NSW1211589",1.33788540267205,-0.243500351776264,0,"749","2","260",0.173062958555813,0.372909839740954,-0.070437393220451,1.2674480094516,NA
"750","NSW1200611",1.33788540267205,0.0537712863063329,0,"750","2","261",0.0340176287117195,0.226576137033676,0.0877889150180524,1.42567431769011,NA
"751","NSW1211538",1.33788540267205,0.12072516125517,0,"751","2","262",0.10982339028395,0.180584046596608,0.23054855153912,1.56843395421117,NA
"752","NSW1190172",1.33788540267205,-0.0796826292516752,0,"752","2","263",0.301363517540145,0.212435205561117,0.22168088828847,1.55956629096052,NA
"753","NSW1211437",1.33788540267205,-0.0127872324986323,0,"753","2","264",-0.0989227081322526,0.219185588108761,-0.111709940630885,1.22617546204117,NA
"754","NSW1200656",1.33788540267205,-0.0261743235029634,0,"754","2","265",-1.01545132596459,0.243731514345156,-1.04162564946756,0.296259753204498,NA
"755","NSW1200823",1.33788540267205,-0.15251653748993,0,"755","2","266",-0.235241316270268,0.225143744878124,-0.387757853760198,0.950127548911856,NA
"756","NSW1200802",1.33788540267205,-0.00171321724677819,0,"756","2","267",-0.704361546685989,0.203887151532656,-0.706074763932768,0.631810638739286,NA
"757","NSW1211575",1.33788540267205,0.016734584670066,0,"757","2","268",-0.982423134562912,0.197971276625145,-0.965688549892846,0.372196852779208,NA
"758","NSW1200430",1.33788540267205,0.00951950399806027,0,"758","2","269",-0.394628880428001,0.199363220593608,-0.385109376429941,0.952776026242113,NA
"759","NSW1200378",1.33788540267205,-0.0975298287778682,0,"759","2","270",0.738011498927414,0.223116491775969,0.640481670149546,1.9783670728216,NA
"760","NSW1200840",1.33788540267205,-0.0504110894956235,0,"760","2","271",-0.894902015661382,0.1652131790636,-0.945313105157005,0.392572297515049,NA
"761","NSW1201366",1.33788540267205,0.000257271772141792,0,"761","2","272",-0.142947675706823,0.174268433606223,-0.142690403934681,1.19519499873737,NA
"762","NSW1211569",1.33788540267205,-0.109905323172417,0,"762","2","273",-0.00999792195825339,0.222911720237862,-0.119903245130671,1.21798215754138,NA
"763","NSW1210940",1.33788540267205,0.107782370442114,0,"763","2","274",-0.362016269283475,0.201014888899715,-0.254233898841361,1.08365150383069,NA
"764","NSW1200838",1.33788540267205,-0.0555446550933192,0,"764","2","275",-1.07191690129783,0.238973031081576,-1.12746155639115,0.210423846280907,NA
"765","NSW1200419",1.33788540267205,-0.00311202085558141,0,"765","2","276",0.0785289605350202,0.212061204378549,0.0754169396794388,1.41330234235149,NA
"766","NSW1200909",1.33788540267205,-0.00122277102036642,0,"766","2","277",-0.124227244621505,0.232812094267195,-0.125450015641872,1.21243538703018,NA
"767","NSW1211572",1.33788540267205,0.00202585468832886,0,"767","2","278",-0.473478119142451,0.199284233252552,-0.471452264454122,0.866433138217932,NA
"768","NSW1201401",1.33788540267205,0.079891529530595,0,"768","2","279",0.110457515471481,0.228575518812733,0.190349045002076,1.52823444767413,NA
"769","NSW1200893",1.33788540267205,0.0371238692775285,0,"769","2","280",-0.951263645021764,0.199229579534928,-0.914139775744235,0.423745626927819,NA
"770","NSW1200879",1.33788540267205,0.0272876628612135,0,"770","2","281",0.692081949898074,0.217405259562843,0.719369612759288,2.05725501543134,NA
"771","NSW1200596",1.33788540267205,-0.137303499189119,0,"771","2","282",-0.193890867589662,0.328009460186239,-0.331194366778781,1.00669103589327,NA
"772","NSW1213023",1.33788540267205,0.0456896314097494,0,"772","2","283",0.583897864331017,0.208999420202444,0.629587495740767,1.96747289841282,NA
"773","NSW1211510",1.33788540267205,0.0907867489420115,0,"773","2","284",0.450317165840728,0.226212322341934,0.541103914782739,1.87898931745479,NA
"774","NSW1200342",1.33788540267205,0.0141419548670266,0,"774","2","285",-0.533365859890307,0.206994537965287,-0.51922390502328,0.818661497648774,NA
"775","NSW1200540",1.33788540267205,0.0207020435073587,0,"775","2","286",0.190795135665294,0.232297062671542,0.211497179172653,1.54938258184471,NA
"776","NSW1211585",1.33788540267205,0.0345114865876829,0,"776","2","287",-0.0998064570388228,0.17880381579855,-0.0652949704511398,1.27259043222091,NA
"777","NSW1212958",1.33788540267205,-0.00347830707355383,0,"777","2","288",-0.119437007383128,0.212190248326579,-0.122915314456682,1.21497008821537,NA
"778","NSW1201627",1.33788540267205,-0.0730580738355688,0,"778","2","289",0.858037415310388,0.214785718559243,0.784979341474819,2.12286474414687,NA
"779","NSW1210988",1.33788540267205,0.0553318069774843,0,"779","2","290",-0.437925687218148,0.206102488644774,-0.382593880240664,0.95529152243139,NA
"780","NSW1200915",1.33788540267205,0.00708100332496876,0,"780","2","291",0.564999716908005,0.18021960211826,0.572080720232974,1.90996612290503,NA
"781","NSW1200398",1.33788540267205,-0.0600813471350891,0,"781","2","292",-0.20634896559371,0.195474702710948,-0.2664303127288,1.07145508994325,NA
"782","NSW1212963",1.33788540267205,0.0582968703195362,0,"782","2","293",0.452033424003345,0.222058163900799,0.510330294322881,1.84821569699494,NA
"783","NSW1200519",1.33788540267205,-0.135365572264631,0,"783","2","294",0.243741972388174,0.196205354938113,0.108376400123543,1.4462618027956,NA
"784","NSW1211436",1.33788540267205,-0.120454893458638,0,"784","2","295",0.10997774394912,0.190351675698717,-0.0104771495095182,1.32740825316254,NA
"785","NSW1212984",1.33788540267205,0.139936862233707,0,"785","2","296",0.125763300621945,0.188291831443927,0.265700162855652,1.60358556552771,NA
"786","NSW1211431",1.33788540267205,-0.0673267021253947,0,"786","2","297",0.453644201662524,0.231286097849948,0.38631749953713,1.72420290220918,NA
"787","NSW1211557",1.33788540267205,-0.047144896043372,0,"787","2","298",0.351176931092027,0.202937942281237,0.304032035048655,1.64191743772071,NA
"788","NSW1190166",1.33788540267205,-0.0602754749599963,0,"788","2","299",-0.819327187809276,0.186149574623659,-0.879602662769272,0.458282739902782,NA
"789","NSW1200368",1.33788540267205,-0.0566524299817005,0,"789","2","300",-0.249122233097622,0.225684102991752,-0.305774663079322,1.03211073959273,NA
"790","NSW1200809",1.33788540267205,-0.0340532539308093,0,"790","2","301",0.518938653557734,0.204759408169147,0.484885399626924,1.82277080229898,NA
"791","NSW1213024",1.33788540267205,0.0396063411233426,0,"791","2","302",0.635397302616746,0.222784232574795,0.675003643740089,2.01288904641214,NA
"792","NSW1190169",1.33788540267205,-0.0884014233117131,0,"792","2","303",-0.353435316643175,0.184512037344067,-0.441836739954888,0.896048662717166,NA
"793","NSW1200348",1.33788540267205,-0.0423758107786816,0,"793","2","304",-0.65570125176507,0.184023383076687,-0.698077062543752,0.639808340128303,NA
"794","NSW1200383",1.33788540267205,0.00440563217752808,0,"794","2","305",-0.713293147266341,0.186563125511302,-0.708887515088812,0.628997887583242,NA
"795","NSW1212986",1.33788540267205,0.0131643634426088,0,"795","2","306",1.15795971811412,0.227081983857261,1.17112408155673,2.50900948422878,NA
"796","NSW1200602",1.33788540267205,0.072131869742376,0,"796","2","307",0.0254079032037072,0.207475324293463,0.0975397729460832,1.43542517561814,NA
"797","NSW1211535",1.33788540267205,0.0539428587764978,0,"797","2","308",0.155849172335304,0.175741052952249,0.209792031111802,1.54767743378386,NA
"798","NSW1212953",1.33788540267205,0.0342698332161443,0,"798","2","309",0.174150098296755,0.195519349713411,0.2084199315129,1.54630533418495,NA
"799","NSW1200794",1.33788540267205,0.000873261106988725,0,"799","2","310",0.171729964845189,0.199686196889245,0.172603225952178,1.51048862862423,NA
"800","NSW1201361",1.33788540267205,-0.0915046571752663,0,"800","2","311",0.257527241626545,0.201288372205117,0.166022584451278,1.50390798712333,NA
"801","NSW1211537",1.33788540267205,0.0360154518077557,0,"801","2","312",0.345948788973296,0.206415678278807,0.381964240781052,1.71984964345311,NA
"802","NSW1200601",1.33788540267205,0.061177064188037,0,"802","2","313",0.290309164009498,0.190827158093375,0.351486228197535,1.68937163086959,NA
"803","NSW1200538",1.33788540267205,-0.117678086720568,0,"803","2","314",0.095611729558147,0.2117313312446,-0.0220663571624214,1.31581904550963,NA
"804","NSW1212996",1.33788540267205,-0.0266789560894883,0,"804","2","315",0.149454580631277,0.211117837752232,0.122775624541789,1.46066102721384,NA
"805","NSW1211574",1.33788540267205,-0.0428312314208794,0,"805","2","316",0.045523381538508,0.209010144385659,0.00269215011762852,1.34057755278968,NA
"806","NSW1200606",1.33788540267205,-0.0159760410681805,0,"806","2","317",-0.143534419875122,0.178642803772949,-0.159510460943303,1.17837494172875,NA
"807","NSW1200844",1.33788540267205,0.0593536641617212,0,"807","2","318",0.0331121607897648,0.210450553275376,0.092465824951486,1.43035122762354,NA
"808","NSW1211432",1.33788540267205,-0.148241907154863,0,"808","2","319",-0.273276246259206,0.181563908824038,-0.421518153414069,0.916367249257985,NA
"809","NSW1201386",1.33788540267205,-0.134649098783814,0,"809","2","320",0.580107293904278,0.195326812686381,0.445458195120464,1.78334359779252,NA
"810","NSW1212894",1.33788540267205,-0.0109217766693823,0,"810","2","321",0.206159444876522,0.249561030990158,0.19523766820714,1.53312307087919,NA
"811","NSW1211573",1.33788540267205,-0.0419946393446363,0,"811","2","322",0.516441377066103,0.252925913727071,0.474446737721467,1.81233214039352,NA
"812","NSW1211567",1.33788540267205,-0.095474911522931,0,"812","2","323",0.0549264317732506,0.222420524656577,-0.0405484797496804,1.29733692292237,NA
"813","NSW1201385",1.33788540267205,-0.0787349184201979,0,"813","2","324",-0.748525005994069,0.215900623645932,-0.827259924414267,0.510625478257787,NA
"814","NSW1201357",1.33788540267205,-0.0388769184188155,0,"814","2","325",0.0730395599015417,0.249430562826199,0.0341626414827261,1.37204804415478,NA
"815","NSW1211435",1.33788540267205,-0.0935200571218436,0,"815","2","326",0.522137607356528,0.227875202872475,0.428617550234685,1.76650295290674,NA
"816","NSW1200555",1.33788540267205,0.019646053406012,0,"816","2","327",-0.937047980582961,0.17613847009022,-0.917401927176949,0.420483475495105,NA
"817","NSW1200399",1.33788540267205,0.0277745739668009,0,"817","2","328",-0.0915399847620892,0.167979502313744,-0.0637654107952883,1.27411999187677,NA
"818","NSW1200894",1.33788540267205,-0.052205346643386,0,"818","2","329",-0.215847200077664,0.168488276932695,-0.26805254672105,1.069832855951,NA
"819","NSW1211457",1.33788540267205,0.0188394193442428,0,"819","2","330",-0.0820237433770059,0.201599889163858,-0.0631843240327632,1.27470107863929,NA
"820","NSW1200854",1.33788540267205,-0.0259789842790067,0,"820","2","331",-0.152531119538613,0.200931112266079,-0.178510103817619,1.15937529885443,NA
"821","NSW1200888",1.33788540267205,-0.0235984315718448,0,"821","2","332",0.334453392112072,0.184662854600704,0.310854960540227,1.64874036321228,NA
"822","NSW1201626",1.33788540267205,-0.114048246407491,0,"822","2","333",0.648215608031718,0.226997266973356,0.534167361624227,1.87205276429628,NA
"823","NSW1200553",1.33788540267205,-0.161868649686416,0,"823","2","334",-0.0611353500481117,0.240268504156477,-0.223003999734527,1.11488140293753,NA
"824","NSW1213008",1.33788540267205,0.0201358338088407,0,"824","2","335",0.0267797188051024,0.19602934062407,0.0469155526139431,1.384800955286,NA
"825","NSW1200671",1.33788540267205,0.0188380668900231,0,"825","2","336",-0.85885600029624,0.169546117092964,-0.840017933406217,0.497867469265837,NA
"826","NSW1212955",1.33788540267205,0.0770518515086856,0,"826","2","337",0.136101839259445,0.227918096401638,0.213153690768131,1.55103909344018,NA
"827","NSW1212999",1.33788540267205,0.0838215826930385,0,"827","2","338",1.22316765409585,0.255539027245041,1.30698923678889,2.64487463946094,NA
"828","NSW1213018",1.33788540267205,0.0920901740510549,0,"828","2","339",-0.387145692487191,0.186132603662648,-0.295055518436137,1.04282988423592,NA
"829","NSW1212861",1.33788540267205,0.0158276767001591,0,"829","2","340",0.00362575718135635,0.238399998081977,0.0194534338815155,1.35733883655357,NA
"830","NSW1200526",1.33788540267205,0.0475421697377322,0,"830","2","341",0.194331317040238,0.195235336330601,0.24187348677797,1.57975888945002,NA
"831","NSW1212978",1.33788540267205,0.0209453923183637,0,"831","2","342",-0.325722473941378,0.179302114746591,-0.304777081623015,1.03310832104904,NA
"832","NSW1200548",1.33788540267205,-0.080154017404769,0,"832","2","343",-0.254195320893455,0.207810517482314,-0.334349338298224,1.00353606437383,NA
"833","NSW1200843",1.33788540267205,-0.00414653514405059,0,"833","2","344",0.00176080674077822,0.199846609169444,-0.00238572840327237,1.33549967426878,NA
"834","NSW1200898",1.33788540267205,-0.0708123027189982,0,"834","2","345",-0.35064596181798,0.174866822351703,-0.421458264536978,0.916427138135076,NA
"835","NSW1213031",1.33788540267205,0.0561743032982453,0,"835","2","346",-0.118576365652937,0.23990561548776,-0.062402062354692,1.27548334031736,NA
"836","NSW1211425",1.33788540267205,-0.0565605564529579,0,"836","2","347",0.0324639498947757,0.161698371309687,-0.0240966065581822,1.31378879611387,NA
"837","NSW1210966",1.33788540267205,-0.00661679081132654,0,"837","2","348",0.175875331875397,0.242870714067205,0.169258541064071,1.50714394373612,NA
"838","NSW1200899",1.33788540267205,-0.127562759090382,0,"838","2","349",-0.545697066720508,0.228269366117692,-0.673259825810889,0.664625576861165,NA
"839","NSW1212973",1.33788540267205,-0.0562335396499868,0,"839","2","350",-0.0680568806587133,0.218035828896402,-0.1242904203087,1.21359498236335,NA
"840","NSW1211540",1.33788540267205,0.0234809171268879,0,"840","2","351",-0.1178170147565,0.175959837104958,-0.0943360976296124,1.24354930504244,NA
"841","NSW1201406",1.33788540267205,-0.0558576402164005,0,"841","2","352",-0.294042314416644,0.202679940794406,-0.349899954633044,0.98798544803901,NA
"842","NSW1200889",1.33788540267205,-0.0784565058103131,0,"842","2","353",-0.62562713803499,0.16253725043649,-0.704083643845303,0.633801758826751,NA
"843","NSW1200904",1.33788540267205,-0.0401215104278625,0,"843","2","354",0.0697608980984543,0.208982421364386,0.0296393876705918,1.36752479034265,NA
"844","NSW1213014",1.33788540267205,0.0138809043111823,0,"844","2","355",-0.416088834388197,0.195041726218387,-0.402207930077015,0.935677472595039,NA
"845","NSW1211588",1.33788540267205,0.0182243200211917,0,"845","2","356",-0.247664883031399,0.221766306472457,-0.229440563010207,1.10844483966185,NA
"846","NSW1213035",1.33788540267205,0.0016091805648363,0,"846","2","357",0.293194191952307,0.197684171056018,0.294803372517144,1.6326887751892,NA
"847","NSW1200510",1.33788540267205,0.081938763287216,0,"847","2","358",0.0315916958571886,0.170077021232477,0.113530459144405,1.45141586181646,NA
"848","NSW1211532",1.33788540267205,0.0498482823126376,0,"848","2","359",0.567508402998186,0.219444801686201,0.617356685310823,1.95524208798288,NA
"849","NSW1200924",1.33788540267205,-0.0598144062618539,0,"849","2","360",0.113345180521357,0.207275469680505,0.0535307742595036,1.39141617693156,NA
"850","NSW1200782",1.33788540267205,0.0381690171903314,0,"850","2","361",0.67770087704361,0.21700564115372,0.715869894233941,2.053755296906,NA
"851","NSW1212998",1.33788540267205,0.106282937314246,0,"851","2","362",0.181059787743722,0.204686568265266,0.287342725057968,1.62522812773002,NA
"852","NSW1211587",1.33788540267205,0.0576004917414839,0,"852","2","363",0.0694706894409753,0.215088980384539,0.127071181182459,1.46495658385451,NA
"853","NSW1200359",1.33788540267205,0.0479447493998092,0,"853","2","364",0.393695114005726,0.205850798255638,0.441639863405535,1.77952526607759,NA
"854","NSW1212989",1.33788540267205,0.0865547135194678,0,"854","2","365",-0.298022623296783,0.202086359709125,-0.211467909777315,1.12641749289474,NA
"855","NSW1201429",1.33788540267205,-0.0617621491650047,0,"855","2","366",-0.83256265774142,0.237406824308892,-0.894324806906425,0.44356059576563,NA
"856","NSW1200918",1.33788540267205,-0.0128073860482135,0,"856","2","367",-0.07817342041805,0.184992048366569,-0.0909808064662635,1.24690459620579,NA
"857","NSW1190209",1.33788540267205,-0.155287986357647,0,"857","2","368",0.000556196437119877,0.241271673196398,-0.154731789920527,1.18315361275153,NA
"858","NSW1200404",1.33788540267205,-0.00392622266368256,0,"858","2","369",0.221274557638453,0.162485066179679,0.21734833497477,1.55523373764682,NA
"859","NSW1211509",1.33788540267205,0.0203004717605495,0,"859","2","370",-0.440437165506829,0.173596494136426,-0.42013669374628,0.917748708925774,NA
"860","NSW1200421",1.33788540267205,0.0400707744592733,0,"860","2","371",0.447813709520649,0.184550645417893,0.487884483979922,1.82576988665198,NA
"861","NSW1200908",1.33788540267205,-0.0167468340637451,0,"861","2","372",-0.0953372834581322,0.203794669791265,-0.112084117521877,1.22580128515018,NA
"862","NSW1213028",1.33788540267205,-0.0779432480028913,0,"862","2","373",0.0804721213962105,0.20670617610968,0.00252887339331917,1.34041427606537,NA
"863","NSW1201632",1.33788540267205,-0.0990250906071435,0,"863","2","374",-0.537157283471606,0.18307779648769,-0.63618237407875,0.701703028593305,NA
"864","NSW1200461",1.33788540267205,0.0126650398649729,0,"864","2","375",-0.176920853319275,0.217297368613644,-0.164255813454302,1.17362958921775,NA
"865","NSW1200590",1.33788540267205,0.0393675905831416,0,"865","2","376",0.419339534685993,0.222127504732695,0.458707125269135,1.79659252794119,NA
"866","NSW1212975",1.33788540267205,-0.0456392069077346,0,"866","2","377",0.0338081971486723,0.233176726478424,-0.0118310097590623,1.32605439291299,NA
"867","NSW1201621",1.33788540267205,-0.0328047303457951,0,"867","2","378",-0.79031478171906,0.163191718836358,-0.823119512064855,0.514765890607199,NA
"868","NSW1210994",1.33788540267205,0.0473346809497009,0,"868","2","379",1.04933193776599,0.24396174427375,1.09666661871569,2.43455202138775,NA
"869","NSW1190186",1.33788540267205,0.0620624191368421,0,"869","2","380",-0.456280390897912,0.198224802968618,-0.39421797176107,0.943667430910984,NA
"870","NSW1213009",1.33788540267205,0.0844052025087604,0,"870","2","381",0.874324218400795,0.231900451455756,0.958729420909555,2.29661482358161,NA
"871","NSW1213004",1.33788540267205,0.0637157739959061,0,"871","2","382",0.35014415240444,0.210058654230972,0.413859926400346,1.7517453290724,NA
"872","NSW1200595",1.33788540267205,0.0337142523247128,0,"872","2","383",-0.186350698514156,0.194198073975784,-0.152636446189443,1.18524895648261,NA
"873","NSW1211590",1.33788540267205,0.0592878311633111,0,"873","2","384",0.104068434736358,0.219557931633889,0.163356265899669,1.50124166857172,NA
"874","NSW1213026",1.33788540267205,0.0330590146456057,0,"874","2","385",0.0895943124718833,0.241982583856865,0.122653327117489,1.46053872978954,NA
"875","NSW1200798",1.33788540267205,0.040440018394311,0,"875","2","386",0.0360043659036363,0.274418173012339,0.0764443842979473,1.41432978697,NA
"876","NSW1190171",1.33788540267205,-0.113142510810378,0,"876","2","387",-0.32590305971773,0.207618415087782,-0.439045570528108,0.898839832143946,NA
"877","NSW1211447",1.33788540267205,-0.131623741946769,0,"877","2","388",0.349571943537737,0.191776982752259,0.217948201590968,1.55583360426302,NA
"878","NSW1200652",1.33788540267205,-0.0347787413639176,0,"878","2","389",-0.828604166867351,0.243973457564948,-0.863382908231268,0.474502494440786,NA
"879","NSW1211571",1.33788540267205,0.0532572784065456,0,"879","2","390",0.393950376810709,0.195089833719744,0.447207655217254,1.78509305788931,NA
"880","NSW1200612",1.33788540267205,0.0126022565861847,0,"880","2","391",0.0960780781706354,0.207048247695165,0.10868033475682,1.44656573742887,NA
"881","NSW1213019",1.33788540267205,0.0499610571132686,0,"881","2","392",0.683512627508372,0.244159752981449,0.73347368462164,2.07135908729369,NA
"882","NSW1190193",1.33788540267205,-0.0753742069908566,0,"882","2","393",0.599405831126092,0.20969764798423,0.524031624135236,1.86191702680729,NA
"883","NSW1200621",1.33788540267205,-0.0603510064964851,0,"883","2","394",0.171888383757443,0.190913288055081,0.111537377260958,1.44942277993301,NA
"884","NSW1211452",1.33788540267205,0.0626332060496836,0,"884","2","395",0.949102918394123,0.200447918662805,1.01173612444381,2.34962152711586,NA
"885","NSW1210997",1.33788540267205,-0.0172535731273712,0,"885","2","396",0.3906938119897,0.212944619727789,0.373440238862329,1.71132564153438,NA
"886","NSW1201424",1.33788540267205,-0.0575223929195101,0,"886","2","397",-0.00114356277321747,0.20299748017009,-0.0586659556927275,1.27921944697933,NA
"887","NSW1213002",1.33788540267205,-0.0456403073846309,0,"887","2","398",-0.193693273829758,0.233274432874971,-0.239333581214389,1.09855182145766,NA
"888","NSW1201367",1.33788540267205,-0.056374504476222,0,"888","2","399",-0.0534860781784891,0.204153169059824,-0.109860582654711,1.22802482001734,NA
"889","NSW1200903",1.33788540267205,0.00569708756950772,0,"889","2","400",0.162677145446177,0.195812135689161,0.168374233015685,1.50625963568774,NA
"890","NSW1212974",1.33788540267205,0.0640346429627978,0,"890","2","401",0.382356626212972,0.211614567748433,0.44639126917577,1.78427667184782,NA
"891","NSW1211531",1.33788540267205,0.10218673058411,0,"891","2","402",0.213764285268552,0.177006525395481,0.315951015852662,1.65383641852472,NA
"892","NSW1190170",1.33788540267205,-0.072513269568674,0,"892","2","403",0.321729536339624,0.221526375403946,0.24921626677095,1.587101669443,NA
"893","NSW1211579",1.33788540267205,0.0654619534169083,0,"893","2","404",-0.0659885790105657,0.177698270172772,-0.000526625593657348,1.3373587770784,NA
"894","NSW1200913",1.33788540267205,-0.0597182260315587,0,"894","2","405",0.46547432838751,0.218455487856848,0.405756102355951,1.743641505028,NA
"895","NSW1212899",1.33788540267205,-0.0340309804260473,0,"895","2","406",-0.483048979641065,0.235499344222684,-0.517079960067113,0.820805442604942,NA
"896","NSW1212954",1.33788540267205,0.100797626612354,0,"896","2","407",-0.173093492366602,0.224753943068587,-0.0722958657542478,1.26558953691781,NA
"897","NSW1200874",1.33788540267205,-0.103356376786915,0,"897","2","408",-0.174532933782024,0.211936844997717,-0.277889310568938,1.05999609210312,NA
"898","NSW1200367",1.33788540267205,-0.0867427919297887,0,"898","2","409",-0.503653314012227,0.217122746089866,-0.590396105942016,0.747489296730038,NA
"899","NSW1211563",1.33788540267205,-0.0901867771010928,0,"899","2","410",-0.182256011559777,0.199153867000372,-0.27244278866087,1.06544261401118,NA
"900","NSW1200667",1.33788540267205,-0.0585066370860175,0,"900","2","411",-1.0574165131241,0.221998604922244,-1.11592315021012,0.221962252461937,NA
"901","NSW1200832",1.33788540267205,-0.0246265789291873,0,"901","2","412",-0.179182950764884,0.174470155669493,-0.203809529694071,1.13407587297798,NA
"902","NSW1211580",1.33788540267205,2.06573639844471e-05,0,"902","2","413",0.267131881263736,0.212609614487422,0.26715253862772,1.60503794129977,NA
"903","NSW1201435",1.33788540267205,-0.108223983808128,0,"903","2","414",0.490452348373738,0.201317447007475,0.38222836456561,1.72011376723766,NA
"904","NSW1200600",1.33788540267205,0.0231870760820679,0,"904","2","415",-0.162520148558969,0.225242555049364,-0.139333072476902,1.19855233019515,NA
"905","NSW1212994",1.33788540267205,0.0742433999182835,0,"905","2","416",-0.803057762706336,0.24530521357948,-0.728814362788052,0.609071039884002,NA
"906","NSW1211591",1.33788540267205,-0.120493959708227,0,"906","2","417",-0.00998713559305929,0.173109277894349,-0.130481095301286,1.20740430737077,NA
