"","Taxa","BLUE.N","BLUE.I","QTNs","Group","RefInf","ID","BLUP","PEV","gBreedingValue","Prediction","COI"
"1","S_1007_S311",1.46987177874545,0.0948410403696986,0,"  1","1","  1",0.59054737852306,0.289684412395969,0.685388418892758,2.1552601976382,1.8612097182042
"2","S_102_S245",1.46987177874545,-0.166701489860826,0,"  2","1","  2",0.392327330895503,0.323902537415012,0.225625841034678,1.69549761978012,1.65487545982344
"3","S_1031_S380",1.46987177874545,-0.24176286012081,0,"  3","1","  3",-0.300471905531298,0.305520156000497,-0.542234765652108,0.927637013093338,1
"4","S_1045_S231",1.46987177874545,0.0802420902918162,0,"  4","1","  4",-0.26586709909222,0.315956569346254,-0.185625008800403,1.28424676994504,0
"5","S_1052_S227",1.46987177874545,0.102493181431402,0,"  5","1","  5",-0.0629092077564445,0.273045471691345,0.0395839736749579,1.5094557524204,2.11474252688113
"6","S_1054_S345",1.46987177874545,-0.0962791167531505,0,"  6","1","  6",-0.179029188038616,0.30880962748608,-0.275308304791767,1.19456347395368,0.840896415253715
"7","S_1057_S302",1.46987177874545,0.0349971785737645,0,"  7","1","  7",-0.218996760625409,0.270091747640357,-0.183999582051645,1.2858721966938,0.840896415253715
"8","S_106_S223",1.46987177874545,-0.208810265983625,0,"  8","1","  8",0.457148273071435,0.327616589435723,0.24833800708781,1.71820978583326,1.8612097182042
"9","S_1082_S287",1.46987177874545,-0.134135016697434,0,"  9","1","  9",0.00866747103952809,0.285923086127898,-0.125467545657906,1.34440423308754,1.56508458007329
"10","S_108_S258",1.46987177874545,-0.0861953293377402,0," 10","1"," 10",0.277889377675075,0.299632364390433,0.191694048337335,1.66156582708278,1.56508458007329
"11","S_109_S351",1.46987177874545,-0.326155688162921,0," 11","1"," 11",-0.0674267776874026,0.308843734894184,-0.393582465850323,1.07628931289512,1.49534878122122
"12","S_1124_S271",1.46987177874545,0.102047151981428,0," 12","1"," 12",-0.719315267575874,0.330469040564074,-0.617268115594446,0.852603663151,1.18920711500272
"13","S_1127_S332",1.46987177874545,0.0792841262902753,0," 13","1"," 13",-1.66201081105684,0.31321035016052,-1.58272668476656,0,0
"14","S_1130_S319",1.46987177874545,-0.0165749251218964,0," 14","1"," 14",1.22635163040928,0.370266365195125,1.20977670528738,2.67964848403283,2.65914794847249
"15","S_1132_S315",1.46987177874545,0.00946297775035984,0," 15","1"," 15",0.0958357628758248,0.343569704507768,0.105298740626185,1.57517051937163,1.65487545982344
"16","S_1159_S297",1.46987177874545,-0.165217110304657,0," 16","1"," 16",0.732168443552369,0.287589196505574,0.566951333247712,2.03682311199316,1.56508458007329
"17","S_1161_S254",1.46987177874545,-0.1505456124812,0," 17","1"," 17",0.538702565275622,0.285174731628139,0.388156952794422,1.85802873153987,1.31607401295249
"18","S_1162_S384",1.46987177874545,-0.101655901210888,0," 18","1"," 18",0.437019106073452,0.267327516786092,0.335363204862563,1.80523498360801,2.51486685936587
"19","S_1223_S229",1.46987177874545,-0.214153906061753,0," 19","1"," 19",-0.129015522685766,0.283013882681847,-0.343169428747519,1.12670234999793,1.4142135623731
"20","S_1237_S377",1.46987177874545,-0.123786858757777,0," 20","1"," 20",-1.03649610241385,0.280477828358683,-1.16028296117163,0.309588817573818,0
"21","S_129_S310",1.46987177874545,-0.30637163574273,0," 21","1"," 21",-0.789508684064831,0.298195013631213,-1.09588031980756,0.373991458937885,0
"22","S_1305_S246",1.46987177874545,0.0961107575689149,0," 22","1"," 22",0.0169102845402765,0.339359679551657,0.113021042109191,1.58289282085464,1.77827941003892
"23","S_130_S333",1.46987177874545,-0.330613476099333,0," 23","1"," 23",-0.783230818793338,0.296443293624875,-1.11384429489267,0.356027483852775,0
"24","S_1315_S322",1.46987177874545,-0.108596564526536,0," 24","1"," 24",0.119218394417097,0.312274617843101,0.0106218298905612,1.48049360863601,1.49534878122122
"25","S_1317_S208",1.46987177874545,-0.201293125396506,0," 25","1"," 25",0.387755721122058,0.287137680768223,0.186462595725553,1.656334374471,1.49534878122122
"26","S_1324_S206",1.46987177874545,-0.131641216354183,0," 26","1"," 26",0.897109976724098,0.289233027012985,0.765468760369915,2.23534053911536,2.11474252688113
"27","S_1328_S372",1.46987177874545,-0.11370012542753,0," 27","1"," 27",1.11084312659752,0.279242447735966,0.997143001169993,2.46701477991544,2.34034731932072
"28","S_1343_S366",1.46987177874545,-0.0938108110751869,0," 28","1"," 28",-0.184905626073165,0.295291470592152,-0.278716437148352,1.19115534159709,1
"29","S_137_S285",1.46987177874545,-0.328389503481696,0," 29","1"," 29",-0.368877929680831,0.315525911745035,-0.697267433162527,0.772604345582919,1
"30","S_1383_S323",1.46987177874545,-0.339656093810766,0," 30","1"," 30",0.0770311968945086,0.418512793974202,-0.262624896916257,1.20724688182919,1.10668191970032
"31","S_1404_S202",1.46987177874545,-0.109389091707629,0," 31","1"," 31",-0.644420098015501,0.284650650761772,-0.75380918972313,0.716062589022316,0
"32","S_1407_S312",1.46987177874545,-0.156302462230697,0," 32","1"," 32",-0.0366325030799549,0.29993753559631,-0.192934965310652,1.27693681343479,1.31607401295249
"33","S_140_S320",1.46987177874545,-0.273584413737666,0," 33","1"," 33",0.542895851223958,0.298615345332359,0.269311437486292,1.73918321623174,2.51486685936587
"34","S_1423_S318",1.46987177874545,-0.106443831402057,0," 34","1"," 34",0.539539985610676,0.292217842509292,0.433096154208618,1.90296793295406,2.51486685936587
"35","S_1430_S329",1.46987177874545,-0.207702475505825,0," 35","1"," 35",0.0464013193827639,0.293100517424709,-0.161301156123061,1.30857062262239,1.4142135623731
"36","S_1431_S278",1.46987177874545,-0.230022155302569,0," 36","1"," 36",-0.39687129620305,0.291055802666795,-0.626893451505619,0.842978327239827,0
"37","S_1437_S292",1.46987177874545,-0.213567060033964,0," 37","1"," 37",-0.557381399059787,0.279850652056104,-0.770948459093752,0.698923319651694,1.18920711500272
"38","S_1441_S235",1.46987177874545,-0.147903041764159,0," 38","1"," 38",0.0826815370781251,0.307221148518886,-0.0652215046860336,1.40465027405941,1.96798967126543
"39","S_1442_S328",1.46987177874545,-0.118307208184804,0," 39","1"," 39",-0.828267818931404,0.30236240689872,-0.946575027116208,0.523296751629238,0
"40","S_1452_S275",1.46987177874545,-0.124207771941529,0," 40","1"," 40",0.170132611823044,0.342861658567892,0.0459248398815145,1.51579661862696,1.49534878122122
"41","S_1472_S295",1.46987177874545,0.0949294965599481,0," 41","1"," 41",-0.851659110894254,0.319904347133875,-0.756729614334306,0.71314216441114,0
"42","S_1488_S316",1.46987177874545,-0.137645012298995,0," 42","1"," 42",0.0517932774800419,0.271946870814898,-0.0858517348189535,1.38402004392649,1.62657656169779
"43","S_148_S249",1.46987177874545,-0.182128704552647,0," 43","1"," 43",0.0933988103888173,0.311548676965271,-0.0887298941638293,1.38114188458162,1
"44","S_1496_S272",1.46987177874545,-0.116819805422185,0," 44","1"," 44",0.896347951383495,0.281851349228575,0.77952814596131,2.24939992470676,2.65914794847249
"45","S_150_S251",1.46987177874545,-0.315314554103268,0," 45","1"," 45",0.359672467265392,0.292354053576721,0.0443579131621249,1.51422969190757,1.31607401295249
"46","S_1513_S327",1.46987177874545,-0.205559089602392,0," 46","1"," 46",-0.987484130750925,0.322398435450482,-1.19304322035332,0.276828558392129,0
"47","S_1518_S240",1.46987177874545,-0.175999461769932,0," 47","1"," 47",0.0546815593328426,0.289283532252697,-0.121317902437089,1.34855387630836,1
"48","S_1549_S342",1.46987177874545,-0.00179754649567408,0," 48","1"," 48",-0.202930096686362,0.330352599911869,-0.204727643182036,1.26514413556341,0
"49","S_1573_S236",1.46987177874545,-0.126871335549663,0," 49","1"," 49",-0.696843185717155,0.291095044641538,-0.823714521266818,0.646157257478629,1
"50","S_1584_S296",1.46987177874545,-0.102553206861055,0," 50","1"," 50",0.20765679363656,0.296205564829442,0.105103586775505,1.57497536552095,2.21336383940064
"51","S_1599_S343",1.46987177874545,-0.0992934436681059,0," 51","1"," 51",0.622999181011769,0.310047114117019,0.523705737343663,1.99357751608911,2.65914794847249
"52","S_1619_S303",1.46987177874545,-0.0771066864419634,0," 52","1"," 52",0.133393066307491,0.316477759148447,0.0562863798655272,1.52615815861097,1.77827941003892
"53","S_1621_S339",1.46987177874545,0.0415068276235243,0," 53","1"," 53",0.619072551276741,0.290295094106608,0.660579378900265,2.13045115764571,2.54572989502183
"54","S_1623_S378",1.46987177874545,0.0266730848719035,0," 54","1"," 54",0.187432325118158,0.27440293351721,0.214105409990061,1.68397718873551,1.65487545982344
"55","S_1629_S373",1.46987177874545,-0.0384557728602382,0," 55","1"," 55",0.313994293941039,0.257889433917882,0.275538521080801,1.74541029982625,1.77827941003892
"56","S_1631_S361",1.46987177874545,-0.154663909090097,0," 56","1"," 56",0.240349067555087,0.291773763467036,0.0856851584649899,1.55555693721044,2.65914794847249
"57","S_1637_S325",1.46987177874545,-0.0846763812723101,0," 57","1"," 57",0.72183528773381,0.276716798453097,0.6371589064615,2.10703068520695,2.44948974278318
"58","S_1639_S204",1.46987177874545,-0.178841133676183,0," 58","1"," 58",-0.114955230894755,0.307714742900251,-0.293796364570939,1.17607541417451,1.31607401295249
"59","S_1643_S375",1.46987177874545,-0.188897334186585,0," 59","1"," 59",-0.280375877698919,0.28297147836458,-0.469273211885503,1.00059856685994,1
"60","S_1649_S331",1.46987177874545,-0.202522004561002,0," 60","1"," 60",-0.0767238287299075,0.315000726684319,-0.279245833290909,1.19062594545454,1.49534878122122
"61","S_1653_S294",1.46987177874545,-0.140619806831453,0," 61","1"," 61",0.0436414641679239,0.309222739877082,-0.0969783426635295,1.37289343608192,1
"62","S_165_S284",1.46987177874545,-0.21397478476327,0," 62","1"," 62",0.608673282860183,0.294569880147484,0.394698498096913,1.86457027684236,1.49534878122122
"63","S_1677_S221",1.46987177874545,-0.215903011951013,0," 63","1"," 63",-0.409487987968809,0.301665875465111,-0.625390999919822,0.844480778825624,0
"64","S_1683_S338",1.46987177874545,-0.157136310569552,0," 64","1"," 64",-0.233430572946404,0.263689094238052,-0.390566883515956,1.07930489522949,1.18920711500272
"65","S_1689_S192",1.46987177874545,-0.267517609728228,0," 65","1"," 65",-1.25692480641563,0.311522840346304,-1.52444241614386,0,0
"66","S_1699_S367",1.46987177874545,0.017704041757041,0," 66","1"," 66",-0.126046220617023,0.288660773820162,-0.108342178859982,1.36152959988546,1.18920711500272
"67","S_171_S219",1.46987177874545,-0.340849349570013,0," 67","1"," 67",0.766606879636943,0.31101601500127,0.42575753006693,1.89562930881238,2.59002006411135
"68","S_1723_S369",1.46987177874545,-0.213692555537486,0," 68","1"," 68",0.300760215578255,0.281352423916835,0.087067660040769,1.55693943878621,1.4142135623731
"69","S_1728_S376",1.46987177874545,-0.20338256138291,0," 69","1"," 69",1.09742501789287,0.283964127503861,0.894042456509965,2.36391423525541,2.78315768371374
"70","S_1736_S359",1.46987177874545,-0.147831578996914,0," 70","1"," 70",0.335186059837161,0.27183411746205,0.187354480840247,1.65722625958569,1.96798967126543
"71","S_1742_S357",1.46987177874545,-0.140677864212967,0," 71","1"," 71",0.233138885382583,0.283497341903748,0.0924610211696159,1.56233279991506,1.8612097182042
"72","S_1749_S247",1.46987177874545,-0.199562584335908,0," 72","1"," 72",-0.0898144875170475,0.275347230849931,-0.289377071852956,1.18049470689249,1
"73","S_1779_S226",1.46987177874545,-0.116637532386627,0," 73","1"," 73",0.781637623369127,0.270934159226097,0.6650000909825,2.13487186972795,2.65914794847249
"74","S_1810_S213",1.46987177874545,-0.0451325064717068,0," 74","1"," 74",0.07589020814879,0.338881284837899,0.0307577016770832,1.50062948042253,1.8612097182042
"75","S_1813_S253",1.46987177874545,-0.15687448881586,0," 75","1"," 75",0.406297122552939,0.27403669122714,0.249422633737079,1.71929441248253,1.56508458007329
"76","S_1817_S210",1.46987177874545,-0.214844029653929,0," 76","1"," 76",0.339603777531413,0.294717919218826,0.124759747877483,1.59463152662293,2.34034731932072
"77","S_1818_S238",1.46987177874545,-0.23558688207827,0," 77","1"," 77",-0.604903864524584,0.281449929957275,-0.840490746602854,0.629381032142592,0
"78","S_1825_S198",1.46987177874545,-0.21672574133604,0," 78","1"," 78",-0.0572276056660345,0.328882827225944,-0.273953347002075,1.19591843174337,1.49534878122122
"79","S_1837_S256",1.46987177874545,-0.292477081979455,0," 79","1"," 79",0.419541757852591,0.304221938537155,0.127064675873136,1.59693645461858,2.78315768371374
"80","S_1839_S299",1.46987177874545,-0.118897808954142,0," 80","1"," 80",0.493249612406137,0.311128320078183,0.374351803451994,1.84422358219744,2.21336383940064
"81","S_183_S263",1.46987177874545,-0.212151174343291,0," 81","1"," 81",0.665002417774128,0.339210824793411,0.452851243430837,1.92272302217628,2.65914794847249
"82","S_1841_S250",1.46987177874545,-0.322155251551625,0," 82","1"," 82",-0.858786631527911,0.294699056260285,-1.18094188307954,0.288929895665909,0
"83","S_1865_S374",1.46987177874545,-0.274628291710963,0," 83","1"," 83",1.28256314365684,0.309370523296494,1.00793485194587,2.47780663069132,2.21336383940064
"84","S_1874_S244",1.46987177874545,-0.229271506228911,0," 84","1"," 84",1.12325537189133,0.297296378231124,0.893983865662416,2.36385564440786,2.34034731932072
"85","S_1877_S262",1.46987177874545,-0.246759561415467,0," 85","1"," 85",0.832778539395931,0.296734855702155,0.586018977980464,2.05589075672591,2.78315768371374
"86","S_1899_S193",1.46987177874545,-0.182581815928061,0," 86","1"," 86",-0.270484585202828,0.298776617268373,-0.453066401130889,1.01680537761456,1.62657656169779
"87","S_1900_S242",1.46987177874545,-0.086946034883055,0," 87","1"," 87",0.408555623398662,0.314545517754261,0.321609588515607,1.79148136726105,1.56508458007329
"88","S_1936_S218",1.46987177874545,-0.0600943290087439,0," 88","1"," 88",0.22787045863831,0.279913472299157,0.167776129629566,1.63764790837501,1.18920711500272
"89","S_1952_S293",1.46987177874545,-0.302180702327889,0," 89","1"," 89",0.349543658337923,0.313386159686191,0.0473629560100345,1.51723473475548,1.18920711500272
"90","S_1969_S291",1.46987177874545,-0.34354546576985,0," 90","1"," 90",0.804300401327592,0.335478168457505,0.460754935557741,1.93062671430319,1.31607401295249
"91","S_1973_S267",1.46987177874545,-0.293186901477215,0," 91","1"," 91",1.36784732903014,0.310155437432178,1.07466042755293,2.54453220629837,2.89250760851908
"92","S_197_S207",1.46987177874545,-0.19380022367911,0," 92","1"," 92",-0.444178088760023,0.323301585557845,-0.637978312439133,0.831893466306313,1.4142135623731
"93","S_198_S304",1.46987177874545,-0.136130045108786,0," 93","1"," 93",-0.952567602159758,0.301974534555783,-1.08869764726854,0.381174131476902,0
"94","S_2010_S200",1.46987177874545,-0.210317830646707,0," 94","1"," 94",-0.412639003485189,0.308351542382532,-0.622956834131896,0.84691494461355,0
"95","S_2014_S264",1.46987177874545,-0.170319472635097,0," 95","1"," 95",-0.0853540476614189,0.28991750946865,-0.255673520296516,1.21419825844893,1.25743342968294
"96","S_2015_S266",1.46987177874545,-0.242839483105435,0," 96","1"," 96",-0.690639880537319,0.291854280255927,-0.933479363642754,0.536392415102692,0
"97","S_2037_S371",1.46987177874545,-0.235862439350798,0," 97","1"," 97",-0.820688830640867,0.303587812021777,-1.05655126999166,0.413320508753781,0
"98","S_2073_S215",1.46987177874545,-0.183680881773046,0," 98","1"," 98",-0.262637605739152,0.308226570828204,-0.446318487512198,1.02355329123325,1.49534878122122
"99","S_2099_S335",1.46987177874545,-0.30270072310095,0," 99","1"," 99",-0.09435410767481,0.338724144134764,-0.39705483077576,1.07281694796969,0.840896415253715
"100","S_209_S379",1.46987177874545,0.181196537463826,0,"100","1","100",-0.745035206568536,0.291646434496072,-0.56383866910471,0.906033109640736,0
"101","S_2103_S301",1.46987177874545,-0.172777948517723,0,"101","1","101",-0.0770431216481859,0.314620820043076,-0.249821070165908,1.22005070857954,2.34034731932072
"102","S_2104_S224",1.46987177874545,-0.213357918737766,0,"102","1","102",0.00707685253546647,0.330528026186534,-0.206281066202299,1.26359071254315,1.31607401295249
"103","S_2105_S269",1.46987177874545,-0.0289471736842802,0,"103","1","103",-0.58630336779157,0.299122005813481,-0.615250541475851,0.854621237269595,0
"104","S_2107_S349",1.46987177874545,-0.360761788275198,0,"104","1","104",-0.180554687466059,0.330230615362834,-0.541316475741257,0.928555303004189,1.18920711500272
"105","S_2115_S280",1.46987177874545,-0.328147049995563,0,"105","1","105",-0.0281077680162618,0.37058110292664,-0.356254818011824,1.11361696073362,2.34034731932072
"106","S_2116_S350",1.46987177874545,-0.267338135968316,0,"106","1","106",-0.0330045509774045,0.300683204395344,-0.300342686945721,1.16952909179972,1.31607401295249
"107","S_2135_S234",1.46987177874545,-0.100291292267427,0,"107","1","107",-0.300156092457667,0.298796983303025,-0.400447384725094,1.06942439402035,1.31607401295249
"108","S_2140_S363",1.46987177874545,-0.386485540261323,0,"108","1","108",-0.779450630088613,0.353317226626392,-1.16593617034994,0.303935608395509,0
"109","S_2145_S212",1.46987177874545,-0.297680120174195,0,"109","1","109",-0.769216313758932,0.309719025543924,-1.06689643393313,0.402975344812319,0
"110","S_2155_S383",1.46987177874545,-0.239597395159209,0,"110","1","110",-0.197473884400385,0.284445551163075,-0.437071279559594,1.03280049918585,1.4142135623731
"111","S_2187_S360",1.46987177874545,-0.254813992904306,0,"111","1","111",-0.122021821611228,0.302893015118268,-0.376835814515534,1.09303596422991,1.96798967126543
"112","S_2192_S307",1.46987177874545,-0.271017558390101,0,"112","1","112",-0.0786357241148329,0.315823862497879,-0.349653282504934,1.12021849624051,1.31607401295249
"113","S_2193_S216",1.46987177874545,-0.0758059995110727,0,"113","1","113",0.354357659135302,0.295826663364317,0.278551659624229,1.74842343836968,1.65487545982344
"114","S_2201_S214",1.46987177874545,-0.428400047167479,0,"114","1","114",-0.704922790954703,0.331501520164959,-1.13332283812218,0.336548940623264,0
"115","S_2203_S277",1.46987177874545,-0.411223778509263,0,"115","1","115",-0.223998883178258,0.324126469313911,-0.63522266168752,0.834649117057926,0
"116","S_2212_S230",1.46987177874545,-0.279498563396461,0,"116","1","116",-0.842106212329347,0.2903067230534,-1.12160477572581,0.348267003019639,0
"117","S_2214_S290",1.46987177874545,-0.38389395533859,0,"117","1","117",-0.0211439543681299,0.316232437636995,-0.40503790970672,1.06483386903873,1.4142135623731
"118","S_2226_S298",1.46987177874545,-0.240801244185668,0,"118","1","118",0.514456198881498,0.281638802535811,0.273654954695829,1.74352673344128,2.21336383940064
"119","S_2228_S346",1.46987177874545,-0.224937850844296,0,"119","1","119",-0.707674872688154,0.286955939045645,-0.932612723532449,0.537259055212997,0
"120","S_2232_S273",1.46987177874545,-0.158841940352434,0,"120","1","120",-0.199553757841644,0.299782006696096,-0.358395698194078,1.11147608055137,1.31607401295249
"121","S_2271_S195",1.46987177874545,-0.277335013488499,0,"121","1","121",0.579426374893823,0.301007675639859,0.302091361405325,1.77196314015077,1.49534878122122
"122","S_2299_S281",1.46987177874545,0.0163125547163599,0,"122","1","122",0.519934851305286,0.312267801664513,0.536247406021646,2.00611918476709,2.65914794847249
"123","S_2302_S259",1.46987177874545,-0.0561420227047882,0,"123","1","123",0.476095803837459,0.2955635606078,0.419953781132671,1.88982555987812,2.23606797749979
"124","S_2307_S288",1.46987177874545,-0.146863083239571,0,"124","1","124",0.350702304305746,0.301912795588781,0.203839221066174,1.67371099981162,2.69178163547765
"125","S_2319_S337",1.46987177874545,-0.153188024960334,0,"125","1","125",-0.455835129305072,0.274974669815524,-0.609023154265406,0.86084862448004,0
"126","S_231_S260",1.46987177874545,0.199632409151003,0,"126","1","126",0.311541924411079,0.354874872453869,0.511174333562082,1.98104611230753,2.11474252688113
"127","S_2323_S355",1.46987177874545,-0.0240969299511319,0,"127","1","127",-0.71979260112265,0.321969838657317,-0.743889531073782,0.725982247671664,1.25743342968294
"128","S_2351_S197",1.46987177874545,-0.00869442473274479,0,"128","1","128",-0.640140030848968,0.316789113258804,-0.648834455581713,0.821037323163733,0
"129","S_2358_S289",1.46987177874545,0.0436622724339033,0,"129","1","129",0.48498814673036,0.279842708071235,0.528650419164263,1.99852219790971,1.49534878122122
"130","S_2370_S336",1.46987177874545,0.13897448259674,0,"130","1","130",-0.376387713117363,0.3025251363698,-0.237413230520623,1.23245854822482,1
"131","S_2375_S268",1.46987177874545,0.213822558662048,0,"131","1","131",1.22753586689191,0.307564563561105,1.44135842555396,2.9112302042994,2.51486685936587
"132","S_2395_S194",1.46987177874545,0.132583843231883,0,"132","1","132",0.778213793443283,0.307638195934203,0.910797636675165,2.38066941542061,1.56508458007329
"133","S_242_S324",1.46987177874545,-0.000656325296193763,0,"133","1","133",-0.47676858401307,0.282796231193159,-0.477424909309264,0.992446869436182,0
"134","S_248_S252",1.46987177874545,0.0133806053915218,0,"134","1","134",0.00838043883019052,0.281731658185023,0.0217610442217123,1.49163282296716,1.77827941003892
"135","S_261_S368",1.46987177874545,-0.23733772721777,0,"135","1","135",0.899158611902339,0.301249303369607,0.661820884684568,2.13169266343001,1.96798967126543
"136","S_269_S228",1.46987177874545,-0.07484246203286,0,"136","1","136",-0.084349636315234,0.2701458873536,-0.159192098348094,1.31067968039735,0.840896415253715
"137","S_272_S326",1.46987177874545,-0.20086737914217,0,"137","1","137",0.29755444934532,0.325842431322303,0.09668707020315,1.5665588489486,2.11474252688113
"138","S_285_S191",1.46987177874545,-0.26754903470221,0,"138","1","138",0.638085640968614,0.300467968853789,0.370536606266404,1.84040838501185,2.05976714390712
"139","S_28_S364",1.46987177874545,-0.295363530853856,0,"139","1","139",-0.43058137241905,0.298661721098585,-0.725944903272906,0.74392687547254,0
"140","S_294_S317",1.46987177874545,0.208172828227132,0,"140","1","140",-0.960272324718124,0.304681182850011,-0.752099496490992,0.717772282254454,0
"141","S_298_S354",1.46987177874545,0.250615859096936,0,"141","1","141",-0.0256515727257263,0.328754773582002,0.224964286371209,1.69483606511666,2.11474252688113
"142","S_304_S341",1.46987177874545,0.0176193830019233,0,"142","1","142",-0.366446730165908,0.272587412342801,-0.348827347163984,1.12104443158146,0
"143","S_325_S347",1.46987177874545,-0.210272644701227,0,"143","1","143",-1.26225824506038,0.31238099217176,-1.4725308897616,0,0
"144","S_381_S205",1.46987177874545,-0.222547914305194,0,"144","1","144",0.711227882765401,0.271557487889511,0.488679968460208,1.95855174720565,2.65914794847249
"145","S_382_S276",1.46987177874545,-0.312084742123678,0,"145","1","145",0.652401866897501,0.327973541319362,0.340317124773823,1.81018890351927,2.89250760851908
"146","S_389_S330",1.46987177874545,-0.249451549800794,0,"146","1","146",0.893878205540414,0.287442688244926,0.644426655739621,2.11429843448507,2.23606797749979
"147","S_394_S237",1.46987177874545,-0.301450160500463,0,"147","1","147",-0.624718801750824,0.319513899484115,-0.926168962251287,0.54370281649416,0
"148","S_398_S239",1.46987177874545,-0.114349100319603,0,"148","1","148",0.658724678450035,0.262994395515875,0.544375578130433,2.01424735687588,1.49534878122122
"149","S_402_S309",1.46987177874545,-0.270330987341022,0,"149","1","149",-0.139650003740641,0.298114485199706,-0.409980991081662,1.05989078766378,1.31607401295249
"150","S_415_S222",1.46987177874545,-0.275867907210547,0,"150","1","150",-0.851376722075473,0.329316954066267,-1.12724462928602,0.342627149459427,0
"151","S_421_S358",1.46987177874545,-0.279811587891127,0,"151","1","151",0.239715524076463,0.295617103527733,-0.0400960638146635,1.42977571493078,1.31607401295249
"152","S_437_S233",1.46987177874545,-0.284739054106796,0,"152","1","152",0.32111760317277,0.294266434632369,0.0363785490659743,1.50625032781142,1.18920711500272
"153","S_449_S352",1.46987177874545,-0.306527932006027,0,"153","1","153",0.717204125035772,0.306177035635279,0.410676193029745,1.88054797177519,2.05976714390712
"154","S_451_S261",1.46987177874545,-0.285427374011441,0,"154","1","154",-0.906182621492672,0.301397219298679,-1.19160999550411,0.278261783241334,0
"155","S_471_S344",1.46987177874545,-0.338303075059714,0,"155","1","155",-0.210372415844603,0.316621739546524,-0.548675490904317,0.921196287841129,0
"156","S_473_S362",1.46987177874545,-0.139359092685773,0,"156","1","156",0.331074504681855,0.289301517212388,0.191715411996083,1.66158719074153,1.56508458007329
"157","S_477_S225",1.46987177874545,-0.330447430625667,0,"157","1","157",-0.171601320519245,0.418090349442686,-0.502048751144912,0.967823027600534,0
"158","S_494_S382",1.46987177874545,-0.299677292468847,0,"158","1","158",0.465613296497341,0.306400540746775,0.165936004028494,1.63580778277394,1.49534878122122
"159","S_496_S381",1.46987177874545,-0.229119587293091,0,"159","1","159",0.45465074060778,0.297090327915168,0.225531153314689,1.69540293206014,2.17793858734643
"160","S_499_S265",1.46987177874545,-0.194733575893222,0,"160","1","160",0.889864012873321,0.272838862103996,0.695130436980098,2.16500221572554,2.05976714390712
"161","S_4_S313",1.46987177874545,-0.330780626667124,0,"161","1","161",0.926739919070398,0.33769636186265,0.595959292403273,2.06583107114872,2.78315768371374
"162","S_525_S305",1.46987177874545,-0.348558571543191,0,"162","1","162",-0.634063068736332,0.307418287638256,-0.982621640279523,0.487250138465923,0
"163","S_529_S314",1.46987177874545,-0.0974636928392297,0,"163","1","163",0.042732512759777,0.303783343252316,-0.0547311800794527,1.41514059866599,1.18920711500272
"164","S_550_S257",1.46987177874545,-0.215168952857492,0,"164","1","164",0.470813809830694,0.289587804520129,0.255644856973202,1.72551663571865,2.94283095638271
"165","S_552_S308",1.46987177874545,-0.342046178690931,0,"165","1","165",0.336344770790637,0.335612741843199,-0.00570140790029439,1.46417037084515,1.31607401295249
"166","S_564_S211",1.46987177874545,-0.325506041766593,0,"166","1","166",-0.0657191230569973,0.359604149264165,-0.39122516482359,1.07864661392186,1.73205080756888
"167","S_572_S203",1.46987177874545,-0.271426760958794,0,"167","1","167",-1.10484961970048,0.296578652503535,-1.37627638065927,0.0935953980861748,0
"168","S_597_S255",1.46987177874545,-0.298833542678002,0,"168","1","168",-0.0642576382279187,0.294261298863964,-0.363091180905921,1.10678059783953,1.8612097182042
"169","S_652_S232",1.46987177874545,0.0644391065986909,0,"169","1","169",0.149197701924979,0.290254438116576,0.213636808523669,1.68350858726912,2.51486685936587
"170","S_66_S321",1.46987177874545,-0.181848619860295,0,"170","1","170",0.726796742154757,0.288300933985895,0.544948122294462,2.01481990103991,2.65914794847249
"171","S_699_S356",1.46987177874545,0.102807073044263,0,"171","1","171",-0.373869099291084,0.282174336112442,-0.271062026246821,1.19880975249862,1.49534878122122
"172","S_6_S348",1.46987177874545,-0.124618360665558,0,"172","1","172",-0.19020924494645,0.30629764214286,-0.314827605612008,1.15504417313344,1.49534878122122
"173","S_701_S340",1.46987177874545,0.0906297135902257,0,"173","1","173",0.312454284582026,0.301593284584699,0.403083998172251,1.8729557769177,2.11474252688113
"174","S_704_S282",1.46987177874545,0.0342017849942691,0,"174","1","174",0.701883444783655,0.278958195618583,0.736085229777924,2.20595700852337,2.34034731932072
"175","S_716_S283",1.46987177874545,-0.0198970910361873,0,"175","1","175",0.400645770677715,0.312006528483345,0.380748679641528,1.85062045838697,1.8612097182042
"176","S_732_S243",1.46987177874545,0.149845701578216,0,"176","1","176",0.798869471304746,0.365227153485771,0.948715172882962,2.41858695162841,2.54572989502183
"177","S_737_S201",1.46987177874545,0.0801573547262915,0,"177","1","177",0.599409453807934,0.285516094359967,0.679566808534225,2.14943858727967,2.73861278752583
"178","S_769_S220",1.46987177874545,0.0922141659486789,0,"178","1","178",-0.529313019894723,0.288694643782932,-0.437098853946044,1.0327729247994,1
"179","S_797_S209",1.46987177874545,-0.0322077128649571,0,"179","1","179",-0.591341518887795,0.270218012284411,-0.623549231752752,0.846322546992694,0
"180","S_809_S270",1.46987177874545,0.0138184423799955,0,"180","1","180",0.775797232475853,0.274551788274803,0.789615674855848,2.25948745360129,2.65914794847249
"181","S_81_S279",1.46987177874545,-0.233208614559356,0,"181","1","181",0.206845355061704,0.31714357752109,-0.0263632594976522,1.44350851924779,1.56508458007329
"182","S_829_S286",1.46987177874545,0.121927011301477,0,"182","1","182",0.620944647919728,0.333120778892572,0.742871659221205,2.21274343796665,2.11474252688113
"183","S_831_S353",1.46987177874545,-0.0684763023408821,0,"183","1","183",1.13996563940548,0.28061433480151,1.0714893370646,2.54136111581004,2.65914794847249
"184","S_838_S306",1.46987177874545,0.0597860848113104,0,"184","1","184",0.864332254712527,0.264137784873846,0.924118339523837,2.39399011826928,2.23606797749979
"185","S_868_S274",1.46987177874545,0.131737684869096,0,"185","1","185",-0.0654306190041621,0.322045332500323,0.066307065864934,1.53617884461038,1.10668191970032
"186","S_869_S241",1.46987177874545,0.162785872922064,0,"186","1","186",0.259493634677077,0.310807956584705,0.422279507599141,1.89215128634459,1.56508458007329
"187","S_874_S217",1.46987177874545,0.213755065488944,0,"187","1","187",0.0695420063261872,0.322090070678412,0.283297071815131,1.75316885056058,2.34034731932072
"188","S_881_S365",1.46987177874545,0.0591213544147599,0,"188","1","188",0.878326587016659,0.278002495808005,0.937447941431419,2.40731972017687,2.78315768371374
"189","S_89_S199",1.46987177874545,-0.316756175142762,0,"189","1","189",-0.489298897254351,0.304011301459028,-0.806055072397112,0.663816706348334,0
"190","S_905_S248",1.46987177874545,0.0503741936768027,0,"190","1","190",-1.0017506490117,0.275871071506495,-0.951376455334902,0.518495323410544,0.840896415253715
"191","S_927_S334",1.46987177874545,-0.0906881516411421,0,"191","1","191",-0.71906656679082,0.303767189305474,-0.809754718431962,0.660117060313484,0
"192","S_984_S370",1.46987177874545,-0.0106530115428083,0,"192","1","192",0.504965312775865,0.313620045051072,0.494312301233056,1.9641840799785,1.49534878122122
"193","S_989_S196",1.46987177874545,0.0929589352959574,0,"193","1","193",-0.35352689809068,0.273473816235333,-0.260567962794723,1.20930381595072,1.25743342968294
"194","S_9_S300",1.46987177874545,-0.170198601117074,0,"194","1","194",1.10868730839631,0.289274163622363,0.93848870727924,2.40836048602469,2.78315768371374
"195","S_1001_S52_L003",1.46987177874545,0.0140603452857174,0,"195","1","195",1.14085826784742,0.282435232634888,1.15491861313313,2.62479039187858,2.65914794847249
"196","S_1004_S75_L003",1.46987177874545,0.147828806350938,0,"196","1","196",0.958979659623068,0.307656257256228,1.10680846597401,2.57668024471945,2.89250760851908
"197","S_1010_S144",1.46987177874545,-0.0544274234338273,0,"197","1","197",-0.0141807541955582,0.266862242570406,-0.0686081776293855,1.40126360111606,1.49534878122122
"198","S_1012_S150",1.46987177874545,-0.144290434127789,0,"198","1","198",0.38340908810339,0.275642388999762,0.239118653975601,1.70899043272105,2.11474252688113
"199","S_1013_S145",1.46987177874545,0.0189279946355643,0,"199","1","199",-0.105701350517358,0.295283199256438,-0.0867733558817934,1.38309842286365,1.49534878122122
"200","S_101_S15_L003",1.46987177874545,-0.216980388844004,0,"200","1","200",-0.0889601460167855,0.317266482074775,-0.30594053486079,1.16393124388466,1
"201","S_1020_S139",1.46987177874545,0.0283002354851435,0,"201","1","201",-0.636093858155561,0.333200998178497,-0.607793622670418,0.862078156075028,1.22474487139159
"202","S_1022_S29",1.46987177874545,-0.202558987343979,0,"202","1","202",0.729955256587173,0.290375572117905,0.527396269243194,1.99726804798864,2.23606797749979
"203","S_1029_S66_L003",1.46987177874545,-0.145709503245966,0,"203","1","203",-0.932030145093366,0.319497108466574,-1.07773964833933,0.392132130406115,0
"204","S_1030_S13",1.46987177874545,-0.291877623668511,0,"204","1","204",0.539523047599808,0.295041441713471,0.247645423931297,1.71751720267674,2.34034731932072
"205","S_1036_S32",1.46987177874545,0.0290192900679888,0,"205","1","205",0.170293093211028,0.259204292515424,0.199312383279017,1.66918416202446,1.77827941003892
"206","S_1041_S151",1.46987177874545,-0.056821489521545,0,"206","1","206",0.653606420755441,0.272929903838011,0.596784931233896,2.06665670997934,2.89250760851908
"207","S_1053_S23",1.46987177874545,0.0456508097731647,0,"207","1","207",0.388763569720021,0.28785052696556,0.434414379493185,1.90428615823863,2.21336383940064
"208","S_1075_S38",1.46987177874545,-0.190754314260422,0,"208","1","208",0.775771810912494,0.277734402857049,0.585017496652072,2.05488927539752,2.11474252688113
"209","S_1076_S167",1.46987177874545,-0.262035261506176,0,"209","1","209",0.208141198490752,0.377332897796076,-0.0538940630154236,1.41597771573002,2.34034731932072
"210","S_107_S16",1.46987177874545,-0.169135254272676,0,"210","1","210",0.35192230690432,0.341842183897651,0.182787052631644,1.65265883137709,2.34034731932072
"211","S_1093_S116",1.46987177874545,0.123685088510547,0,"211","1","211",0.471500005864993,0.310537902696362,0.59518509437554,2.06505687312099,2.34034731932072
"212","S_10_S169",1.46987177874545,-0.168748272606639,0,"212","1","212",-0.234924132989465,0.305137564994432,-0.403672405596103,1.06619937314934,1.8612097182042
"213","S_1118_S92",1.46987177874545,-0.0732064619409281,0,"213","1","213",0.0956557771127334,0.318110897964256,0.0224493151718053,1.49232109391725,1.49534878122122
"214","S_1125_S30_L003",1.46987177874545,-0.0299680444642209,0,"214","1","214",-1.27210862735314,0.326590045779385,-1.30207667181737,0.16779510692808,0
"215","S_1134_S91",1.46987177874545,-0.149683208066465,0,"215","1","215",0.506182889701141,0.311557451348506,0.356499681634676,1.82637146038012,1.31607401295249
"216","S_1138_S159",1.46987177874545,-0.270598639129973,0,"216","1","216",0.782361127676657,0.368448395478167,0.511762488546683,1.98163426729213,2.34034731932072
"217","S_113_S7_L003",1.46987177874545,-0.280497419611219,0,"217","1","217",-0.214656296940325,0.305194225260397,-0.495153716551544,0.974718062193902,1.18920711500272
"218","S_1140_S60_L003",1.46987177874545,0.0229136102463617,0,"218","1","218",0.615509379813705,0.286097982231732,0.638422990060067,2.10829476880551,2.05976714390712
"219","S_1154_S161",1.46987177874545,-0.129673096024057,0,"219","1","219",0.700908092466227,0.272662462367717,0.571234996442171,2.04110677518762,1.96798967126543
"220","S_1160_S11",1.46987177874545,-0.119080701030669,0,"220","1","220",1.24026908754884,0.277662705666195,1.12118838651818,2.59106016526362,2.89250760851908
"221","S_1177_S24",1.46987177874545,0.0981367692324001,0,"221","1","221",0.321609231362692,0.335178730661825,0.419746000595092,1.88961777934054,1.77827941003892
"222","S_1179_S105",1.46987177874545,0.059527957317353,0,"222","1","222",0.727701135071705,0.351798991656588,0.787229092389058,2.2571008711345,2.51486685936587
"223","S_1200_S164",1.46987177874545,-0.212701750917271,0,"223","1","223",0.216887559739663,0.326201527661848,0.00418580882239267,1.47405758756784,2.34034731932072
"224","S_1202_S72_L003",1.46987177874545,0.146864375873867,0,"224","1","224",0.200770638343483,0.325455947439562,0.347635014217351,1.8175067929628,2.51486685936587
"225","S_1203_S53",1.46987177874545,0.0358107552862101,0,"225","1","225",-1.00178176432964,0.318756548759937,-0.965971009043433,0.503900769702013,0
"226","S_1210_S120",1.46987177874545,-0.0524684844104592,0,"226","1","226",-0.0677325411485113,0.335664345546172,-0.120201025558971,1.34967075318648,1.25743342968294
"227","S_1213_S95_L003",1.46987177874545,-0.0624626883288984,0,"227","1","227",1.1985913862888,0.306930557376949,1.1361286979599,2.60600047670535,2.11474252688113
"228","S_122_S43_L003",1.46987177874545,-0.313760845242467,0,"228","1","228",-0.328343754722621,0.382544015218631,-0.642104599965088,0.827767178780358,1.56508458007329
"229","S_1247_S133",1.46987177874545,-0.160853986874326,0,"229","1","229",-0.970558494558631,0.310163462945535,-1.13141248143296,0.338459297312489,0
"230","S_1257_S89",1.46987177874545,-0.0482727867110377,0,"230","1","230",-0.214975792251205,0.295887386805289,-0.263248578962242,1.2066231997832,1.49534878122122
"231","S_125_S163",1.46987177874545,-0.440534011491741,0,"231","1","231",-0.60784508147725,0.322596281921156,-1.04837909296899,0.421492685776454,0
"232","S_1278_S20",1.46987177874545,-0.136705343344408,0,"232","1","232",-0.465736193354646,0.286203981093491,-0.602441536699055,0.867430242046391,0
"233","S_1287_S146",1.46987177874545,-0.13677772367568,0,"233","1","233",0.676312851230909,0.278828695710709,0.53953512755523,2.00940690630068,2.34034731932072
"234","S_1289_S164",1.46987177874545,0.0433131511029966,0,"234","1","234",0.43166863427122,0.303271465859125,0.474981785374216,1.94485356411966,2.21336383940064
"235","S_1308_S183",1.46987177874545,-0.260001525558937,0,"235","1","235",0.362916608840239,0.365189798822627,0.102915083281302,1.57278686202675,1.49534878122122
"236","S_1323_S36",1.46987177874545,-0.152061205189266,0,"236","1","236",0.407466037525977,0.284768725858018,0.255404832336711,1.72527661108216,1.96798967126543
"237","S_1326_S53_L003",1.46987177874545,-0.125352519920369,0,"237","1","237",0.301569418012452,0.27907593200496,0.176216898092083,1.64608867683753,2.78315768371374
"238","S_132_S41",1.46987177874545,-0.206349434099926,0,"238","1","238",-0.836927029257785,0.290712672253818,-1.04327646335771,0.426595315387735,0
"239","S_1370_S76",1.46987177874545,-0.103199567173704,0,"239","1","239",-1.16884262736461,0.329822804882071,-1.27204219453832,0.19782958420713,0
"240","S_1374_S132",1.46987177874545,0.110570173696546,0,"240","1","240",-1.36610059237373,0.322732059346761,-1.25553041867718,0.214341360068264,0
"241","S_1384_S78",1.46987177874545,-0.113196996360634,0,"241","1","241",-0.5139758930583,0.315418706682342,-0.627172889418935,0.842698889326511,0
"242","S_1390_S94",1.46987177874545,-0.139007593089155,0,"242","1","242",-0.00693210481382822,0.29769471859094,-0.145939697902983,1.32393208084246,2.65914794847249
"243","S_1393_S83_L003",1.46987177874545,-0.207237964072413,0,"243","1","243",-0.957370000649081,0.300070232799937,-1.16460796472149,0.305263814023952,0
"244","S_1395_S102",1.46987177874545,-0.0614702255488813,0,"244","1","244",-0.292562343694966,0.310614683678229,-0.354032569243847,1.1158392095016,1.49534878122122
"245","S_1403_S130",1.46987177874545,-0.192625810327336,0,"245","1","245",-0.0476943347331251,0.297932996386291,-0.240320145060461,1.22955163368498,1.31607401295249
"246","S_1405_S126",1.46987177874545,-0.219075462204792,0,"246","1","246",0.0538363711226071,0.299111728543918,-0.165239091082185,1.30463268766326,0
"247","S_1408_S17_L003",1.46987177874545,-0.0301367137348558,0,"247","1","247",0.625570295953578,0.323080333724761,0.595433582218722,2.06530536096417,2.89250760851908
"248","S_1412_S125",1.46987177874545,-0.193480171424298,0,"248","1","248",-0.838698182929484,0.325890617518381,-1.03217835435378,0.437693424391664,0
"249","S_1413_S10_L003",1.46987177874545,-0.170273619926113,0,"249","1","249",0.0127246800159111,0.27815424646914,-0.157548939910202,1.31232283883524,1.56508458007329
"250","S_141_S188",1.46987177874545,-0.330092718664411,0,"250","1","250",-0.646454999245726,0.296855779270449,-0.976547717910137,0.493324060835309,1
"251","S_1434_S73_L003",1.46987177874545,-0.171419825614927,0,"251","1","251",-0.840924461830911,0.287849111262872,-1.01234428744584,0.457527491299608,0
"252","S_1443_S64_L003",1.46987177874545,-0.108698755452084,0,"252","1","252",-0.071268738043753,0.301865037231158,-0.179967493495837,1.28990428524961,1.56508458007329
"253","S_1462_S171",1.46987177874545,-0.269885782197728,0,"253","1","253",0.821756146862595,0.306330906402926,0.551870364664867,2.02174214341031,2.05976714390712
"254","S_1464_S64",1.46987177874545,-0.207190155347823,0,"254","1","254",0.481603479489723,0.313589718149045,0.274413324141901,1.74428510288735,1.25743342968294
"255","S_1467_S106",1.46987177874545,0.0580981846774751,0,"255","1","255",-0.0428999250166884,0.275135814601334,0.0151982596607868,1.48507003840623,1.56508458007329
"256","S_1468_S139",1.46987177874545,-0.16916031708854,0,"256","1","256",0.0331013914865679,0.316299902900481,-0.136058925601973,1.33381285314347,1.56508458007329
"257","S_1479_S2_L003",1.46987177874545,-0.0949721303187067,0,"257","1","257",-0.345705277902806,0.287000275046182,-0.440677408221513,1.02919437052393,1.31607401295249
"258","S_147_S19",1.46987177874545,-0.120684602841109,0,"258","1","258",0.506909475463277,0.286754152800933,0.386224872622168,1.85609665136761,1.49534878122122
"259","S_14_S3",1.46987177874545,-0.29880846056603,0,"259","1","259",-0.540055233222841,0.326488049254634,-0.83886369378887,0.631008084956576,0
"260","S_1506_S61",1.46987177874545,-0.103735699607256,0,"260","1","260",-0.779098526867703,0.294307254049831,-0.88283422647496,0.587037552270486,0
"261","S_1516_S148",1.46987177874545,-0.344404710505275,0,"261","1","261",0.16766098395373,0.388940261261786,-0.176743726551545,1.2931280521939,1.73205080756888
"262","S_151_S93",1.46987177874545,-0.125852104992467,0,"262","1","262",-0.602767101139176,0.286022752403702,-0.728619206131643,0.741252572613804,0
"263","S_1521_S18",1.46987177874545,-0.240576469189975,0,"263","1","263",0.075442200910742,0.33762283077726,-0.165134268279233,1.30473751046621,2.11474252688113
"264","S_1528_S47",1.46987177874545,-0.178697430289774,0,"264","1","264",0.308298975021665,0.315547733308071,0.12960154473189,1.59947332347734,2.11474252688113
"265","S_1531_S31_L003",1.46987177874545,-0.166278325348883,0,"265","1","265",-0.681024766250473,0.31992323050654,-0.847303091599356,0.62256868714609,0
"266","S_1532_S117",1.46987177874545,-0.148164472197706,0,"266","1","266",0.461737180816336,0.313133304937943,0.313572708618631,1.78344448736408,2.65914794847249
"267","S_1542_S44",1.46987177874545,-0.149191718506373,0,"267","1","267",-1.2006119063123,0.296899077914846,-1.34980362481867,0.120068153926773,0
"268","S_154_S162",1.46987177874545,-0.0891115162819001,0,"268","1","268",0.678284143689331,0.285239006295633,0.589172627407431,2.05904440615288,1.65487545982344
"269","S_1552_S185",1.46987177874545,-0.108934894877516,0,"269","1","269",-0.0368837675250266,0.294737533719501,-0.145818662402543,1.3240531163429,1.31607401295249
"270","S_1561_S52",1.46987177874545,-0.248738826587121,0,"270","1","270",0.406785236064679,0.285600989265332,0.158046409477558,1.627918188223,1.25743342968294
"271","S_1565_S74_L003",1.46987177874545,-0.18202970583481,0,"271","1","271",-0.0804033027829349,0.288436731682861,-0.262433008617745,1.2074387701277,1.4142135623731
"272","S_1567_S13_L003",1.46987177874545,-0.156626644306488,0,"272","1","272",0.20742877975759,0.274243852263713,0.0508021354511021,1.52067391419655,1.49534878122122
"273","S_159_S190",1.46987177874545,-0.309151223093012,0,"273","1","273",0.238406809202173,0.326952738434025,-0.070744413890839,1.39912736485461,2.34034731932072
"274","S_1604_S168",1.46987177874545,-0.0676633803792861,0,"274","1","274",0.749978527312607,0.270469421108837,0.682315146933321,2.15218692567877,2.44948974278318
"275","S_1620_S26",1.46987177874545,-0.123955455921479,0,"275","1","275",-0.582668847862643,0.288708234873309,-0.706624303784122,0.763247474961324,0
"276","S_1651_S111",1.46987177874545,0.043608911326315,0,"276","1","276",-0.216414719816947,0.277572732617718,-0.172805808490632,1.29706597025481,1.49534878122122
"277","S_1660_S143",1.46987177874545,0.0872930703637123,0,"277","1","277",-0.000312215895407308,0.371385915686834,0.0869808544683049,1.55685263321375,2.51486685936587
"278","S_1674_S49_L003",1.46987177874545,-0.185449427717217,0,"278","1","278",0.0299776434371819,0.28833710443431,-0.155471784280035,1.31439999446541,1.25743342968294
"279","S_1675_S175",1.46987177874545,-0.292509576036012,0,"279","1","279",0.0948593344589156,0.299812807523963,-0.197650241577096,1.27222153716835,1.4142135623731
"280","S_1678_S107",1.46987177874545,-0.157417814698504,0,"280","1","280",0.065290003725931,0.280868822983702,-0.0921278109725727,1.37774396777287,1.31607401295249
"281","S_1687_S90_L003",1.46987177874545,-0.254972942976953,0,"281","1","281",-0.816028048753269,0.342129869028382,-1.07100099173022,0.398870787015224,0
"282","S_1691_S141",1.46987177874545,-0.247498210888829,0,"282","1","282",0.289112918816764,0.296208601386875,0.0416147079279357,1.51148648667338,1.39157884185687
"283","S_1697_S147",1.46987177874545,-0.361277044985766,0,"283","1","283",0.172736644494469,0.443215812087178,-0.188540400491297,1.28133137825415,1.49534878122122
"284","S_169_S27",1.46987177874545,-0.272436150389793,0,"284","1","284",0.499726968056313,0.306155939675393,0.22729081766652,1.69716259641197,1.31607401295249
"285","S_16_S56_L003",1.46987177874545,-0.088284254545942,0,"285","1","285",0.39483591997876,0.306411977913236,0.306551665432818,1.77642344417826,2.23606797749979
"286","S_1725_S144",1.46987177874545,-0.380175677084943,0,"286","1","286",-0.0755731230340838,0.420654131788994,-0.455748800119026,1.01412297862642,0.840896415253715
"287","S_1727_S30",1.46987177874545,-0.243866552923335,0,"287","1","287",0.320060054031826,0.296342658939936,0.0761935011084905,1.54606527985394,1.25743342968294
"288","S_1735_S172",1.46987177874545,-0.182510085835442,0,"288","1","288",0.751321951975796,0.299194373926787,0.568811866140354,2.0386836448858,1.56508458007329
"289","S_1740_S146",1.46987177874545,-0.224681035060764,0,"289","1","289",-0.0172280247131638,0.313532128837782,-0.241909059773928,1.22796271897152,1.91682931273882
"290","S_1747_S48_L003",1.46987177874545,-0.130193943234981,0,"290","1","290",-0.223367720461311,0.302536827152166,-0.353561663696292,1.11631011504915,1.49534878122122
"291","S_1753_S75",1.46987177874545,-0.161370112944988,0,"291","1","291",0.0212651649518216,0.304307079404246,-0.140104947993166,1.32976683075228,1.49534878122122
"292","S_1755_S134",1.46987177874545,-0.190865169978075,0,"292","1","292",0.133422759248398,0.297744315814156,-0.0574424107296775,1.41242936801577,1
"293","S_1757_S61_L003",1.46987177874545,-0.0896662400996932,0,"293","1","293",-0.111823500020518,0.297140365010129,-0.201489740120211,1.26838203862523,1.96798967126543
"294","S_177_S62",1.46987177874545,-0.315244815396231,0,"294","1","294",0.237006987301246,0.305321050954012,-0.0782378280949844,1.39163395065046,1.49534878122122
"295","S_1780_S45_L003",1.46987177874545,-0.195435832719093,0,"295","1","295",0.749597195357385,0.282228451448243,0.554161362638292,2.02403314138374,1.8612097182042
"296","S_1781_S84",1.46987177874545,-0.318210514039665,0,"296","1","296",0.207256304258245,0.386117617562283,-0.11095420978142,1.35891756896403,1.96798967126543
"297","S_1783_S150",1.46987177874545,-0.297306490165653,0,"297","1","297",0.0438768602374122,0.348689392760455,-0.25342962992824,1.21644214881721,0.840896415253715
"298","S_1799_S86",1.46987177874545,-0.271786340406232,0,"298","1","298",0.0423822469376119,0.295597317951212,-0.22940409346862,1.24046768527683,1.31607401295249
"299","S_1800_S14_L003",1.46987177874545,-0.158852011061926,0,"299","1","299",-0.572370556869794,0.337991951301544,-0.73122256793172,0.738649210813726,0
"300","S_1811_S148",1.46987177874545,-0.132534966001128,0,"300","1","300",0.374260181550859,0.303620181488386,0.241725215549731,1.71159699429518,2.11474252688113
"301","S_181_S65",1.46987177874545,-0.27657533311813,0,"301","1","301",0.516930573546874,0.288471386738667,0.240355240428744,1.71022701917419,1.62657656169779
"302","S_1822_S37",1.46987177874545,-0.207021140318785,0,"302","1","302",0.583007074483032,0.298778246664616,0.375985934164247,1.84585771290969,1.77827941003892
"303","S_1823_S3_L003",1.46987177874545,-0.285402268371741,0,"303","1","303",-0.231878561033358,0.315039331633959,-0.517280829405098,0.952590949340348,1
"304","S_1824_S180",1.46987177874545,-0.146592579766286,0,"304","2","  1",0.0689703806675641,0.331437999904598,-0.0776221990987219,1.39224957964672,NA
"305","S_1828_S156",1.46987177874545,-0.182713670108163,0,"305","1","304",0.30458479278546,0.275073286152383,0.121871122677297,1.59174290142274,1.18920711500272
"306","S_1834_S114",1.46987177874545,-0.243254364248057,0,"306","1","305",-0.0583369725374164,0.312713249079169,-0.301591336785474,1.16828044195997,1.77827941003892
"307","S_1835_S57",1.46987177874545,-0.169117848307758,0,"307","1","306",-1.15431385677528,0.303264671322765,-1.32343170508304,0.146440073662403,0
"308","S_1845_S34",1.46987177874545,-0.0674223306473586,0,"308","1","307",0.41141577140867,0.294276061109615,0.343993440761312,1.81386521950676,2.51486685936587
"309","S_1855_S49",1.46987177874545,-0.210885215466931,0,"309","1","308",-0.2225685047765,0.285287633472828,-0.433453720243431,1.03641805850202,1
"310","S_1856_S51",1.46987177874545,-0.243509450190312,0,"310","1","309",-0.3014020649375,0.310935344265454,-0.544911515127812,0.924960263617634,0.840896415253715
"311","S_185_S72",1.46987177874545,-0.255982513672262,0,"311","1","310",0.0611706295536802,0.30747191418585,-0.194811884118582,1.27505989462686,0
"312","S_1861_S1_L003",1.46987177874545,-0.230901947756782,0,"312","1","311",1.52042933827566,0.283477223001518,1.28952739051887,2.75939916926432,2.51486685936587
"313","S_1871_S186",1.46987177874545,-0.149559553846235,0,"313","1","312",0.392807553051578,0.306069207063026,0.243247999205343,1.71311977795079,1.73205080756888
"314","S_188_S79",1.46987177874545,-0.108299715329734,0,"314","1","313",-0.096198824809793,0.349391722706848,-0.204498540139527,1.26537323860592,1.18920711500272
"315","S_1909_S132",1.46987177874545,-0.0216945637279992,0,"315","1","314",-0.0108723695272211,0.318071841862909,-0.0325669332552203,1.43730484549023,2.05976714390712
"316","S_190_S2",1.46987177874545,-0.168884546765903,0,"316","1","315",0.59440809407771,0.342366985816016,0.425523547311808,1.89539532605725,2.23606797749979
"317","S_1910_S23_L003",1.46987177874545,-0.0891182370128329,0,"317","1","316",0.239619562240005,0.285454205822377,0.150501325227172,1.62037310397262,1.49534878122122
"318","S_1921_S54",1.46987177874545,-0.209300487762093,0,"318","1","317",-0.0817333119399915,0.328312146286806,-0.291033799702085,1.17883797904336,0
"319","S_1934_S21_L003",1.46987177874545,-0.21139564911098,0,"319","1","318",1.08294338848274,0.332032264325056,0.871547739371763,2.34141951811721,2.89250760851908
"320","S_1935_S15",1.46987177874545,-0.279023521535532,0,"320","1","319",1.14145899769987,0.361346053831695,0.862435476164334,2.33230725490978,1.49534878122122
"321","S_1939_S59",1.46987177874545,-0.136686618828013,0,"321","1","320",0.726981804819161,0.302740457729728,0.590295185991148,2.06016696473659,2.11474252688113
"322","S_1945_S21",1.46987177874545,-0.243217849671124,0,"322","1","321",0.151676222218615,0.319239045802373,-0.0915416274525094,1.37833015129294,2.21336383940064
"323","S_1946_S184",1.46987177874545,-0.219214889237836,0,"323","1","322",0.179675631710996,0.310926903642188,-0.0395392575268398,1.43033252121861,1.31607401295249
"324","S_1950_S66",1.46987177874545,-0.136177031044641,0,"324","1","323",-0.978195509737885,0.315755167536554,-1.11437254078253,0.35549923796292,0
"325","S_1955_S145",1.46987177874545,-0.348980350588522,0,"325","1","324",0.152533534375618,0.438072533202402,-0.196446816212904,1.27342496253254,1.45647531512197
"326","S_1956_S127",1.46987177874545,-0.242904614803696,0,"326","1","325",-0.371243973050934,0.314160170479818,-0.61414858785463,0.855723190890816,0
"327","S_1971_S104",1.46987177874545,-0.436747858086244,0,"327","1","326",1.29755576937043,0.404594668089195,0.860807911284183,2.33067969002963,2.11474252688113
"328","S_1998_S79_L003",1.46987177874545,-0.25565446192967,0,"328","1","327",-1.0169742554338,0.328022930424304,-1.27262871736347,0.197243061381973,0
"329","S_199_S59_L003",1.46987177874545,-0.166430114233472,0,"329","1","328",-0.329679405150725,0.282103179704788,-0.496109519384197,0.973762259361249,1
"330","S_1_S123",1.46987177874545,-0.271866054024123,0,"330","1","329",-0.3113928489927,0.298863770051422,-0.583258903016822,0.886612875728624,0
"331","S_2005_S22",1.46987177874545,-0.151532113546714,0,"331","1","330",0.543169020674767,0.302099099815593,0.391636907128053,1.8615086858735,2.23606797749979
"332","S_2008_S85_L003",1.46987177874545,-0.136030659619693,0,"332","1","331",0.31156749380918,0.276781212150439,0.175536834189487,1.64540861293493,1.31607401295249
"333","S_2025_S28",1.46987177874545,-0.310425241661787,0,"333","1","332",-0.466570235109602,0.317849549506244,-0.776995476771389,0.692876301974057,1.25743342968294
"334","S_2029_S18_L003",1.46987177874545,-0.230625369404454,0,"334","1","333",0.68601897247724,0.329189158981034,0.455393603072785,1.92526538181823,2.51486685936587
"335","S_2031_S70",1.46987177874545,-0.136996985797012,0,"335","1","334",-0.560024558754941,0.30830393565764,-0.697021544551953,0.772850234193493,0
"336","S_2038_S118",1.46987177874545,-0.176899088568229,0,"336","1","335",0.374839211660152,0.287575299200107,0.197940123091923,1.66781190183737,2.44948974278318
"337","S_2075_S187",1.46987177874545,-0.334614889594698,0,"337","1","336",-0.169239123254453,0.377688993379077,-0.503854012849151,0.966017765896295,0
"338","S_2076_S5_L003",1.46987177874545,-0.258629609989519,0,"338","1","337",0.280514141629105,0.298270325814295,0.0218845316395867,1.49175631038503,1.77827941003892
"339","S_2077_S82_L003",1.46987177874545,-0.133107027739274,0,"339","1","338",-0.628456413077936,0.316223969955776,-0.76156344081721,0.708308337928236,0.840896415253715
"340","S_2080_S6_L003",1.46987177874545,-0.169430131616563,0,"340","1","339",0.563912218112669,0.30679752601062,0.394482086496105,1.86435386524155,2.51486685936587
"341","S_2083_S65_L003",1.46987177874545,-0.270834579264079,0,"341","1","340",-0.125504020516139,0.316003170973546,-0.396338599780218,1.07353317896523,1.31607401295249
"342","S_2089_S17",1.46987177874545,-0.258908349022145,0,"342","1","341",-0.734501961605161,0.345411217692768,-0.993410310627306,0.47646146811814,0
"343","S_2096_S54_L003",1.46987177874545,-0.293659038577736,0,"343","1","342",0.353780512849471,0.315503464906967,0.0601214742717356,1.52999325301718,2.51486685936587
"344","S_2098_S191",1.46987177874545,-0.227686556883531,0,"344","1","343",0.381982938927532,0.299978295055378,0.154296382044001,1.62416816078945,1.31607401295249
"345","S_2108_S154",1.46987177874545,-0.341207961455427,0,"345","1","344",0.0921864744540912,0.365518834240537,-0.249021487001336,1.22085029174411,1.77827941003892
"346","S_210_S177",1.46987177874545,-0.17670982723573,0,"346","1","345",-0.792462310777619,0.332167202466683,-0.969172138013349,0.500699640732097,0
"347","S_2120_S134",1.46987177874545,-0.3851570832757,0,"347","1","346",-0.562916529098787,0.391285093439423,-0.948073612374487,0.521798166370959,0
"348","S_2124_S101",1.46987177874545,-0.29749865467895,0,"348","1","347",-0.27156271723962,0.346479369628048,-0.56906137191857,0.900810406826876,0
"349","S_2125_S140",1.46987177874545,-0.278235447333863,0,"349","1","348",-0.713373590019047,0.314884993135852,-0.99160903735291,0.478262741392536,0
"350","S_2126_S35",1.46987177874545,-0.308055066889209,0,"350","1","349",0.044420712940019,0.308321414337373,-0.26363435394919,1.20623742479626,1.31607401295249
"351","S_212_S12",1.46987177874545,-0.17182829278153,0,"351","1","350",-1.4623583443233,0.37983752470307,-1.63418663710483,0,0
"352","S_2130_S16_L003",1.46987177874545,-0.299615741929157,0,"352","1","351",0.29609270102163,0.304207350117552,-0.00352304090752648,1.46634873783792,1.96798967126543
"353","S_2138_S112",1.46987177874545,-0.223488341813429,0,"353","1","352",0.644701280579388,0.277297427356682,0.421212938765959,1.8910847175114,2.23606797749979
"354","S_2139_S60",1.46987177874545,-0.337592312478664,0,"354","1","353",0.331994658091821,0.32780520767294,-0.0055976543868424,1.4642741243586,1.18920711500272
"355","S_2149_S9_L003",1.46987177874545,-0.225213235291997,0,"355","1","354",-0.53003553643422,0.278948118402819,-0.755248771726217,0.714623007019229,0
"356","S_2157_S122",1.46987177874545,-0.334568084502381,0,"356","1","355",-0.0342744228084921,0.353362310876088,-0.368842507310873,1.10102927143457,1.18920711500272
"357","S_2162_S4_L003",1.46987177874545,-0.295779051093166,0,"357","1","356",0.340525605759673,0.308887319028486,0.0447465546665071,1.51461833341195,2.05976714390712
"358","S_2167_S81_L003",1.46987177874545,-0.387096805641334,0,"358","1","357",-0.135705837471228,0.331622802916846,-0.522802643112562,0.947069135632884,0
"359","S_2177_S11_L003",1.46987177874545,-0.262951467572696,0,"359","1","358",-0.383310520825703,0.299706085121561,-0.646261988398399,0.823609790347047,1.25743342968294
"360","S_2194_S133",1.46987177874545,-0.190664063876578,0,"360","1","359",0.367709357356384,0.306246741222216,0.177045293479807,1.64691707222525,1.8612097182042
"361","S_2195_S129",1.46987177874545,-0.243596586458677,0,"361","1","360",-0.804008151368036,0.318973689670526,-1.04760473782671,0.422267040918733,0
"362","S_2200_S5",1.46987177874545,-0.301311279963886,0,"362","1","361",-0.498192685889992,0.325890981847833,-0.799503965853877,0.670367812891569,0.562341325190349
"363","S_2224_S161",1.46987177874545,-0.2463273518436,0,"363","1","362",0.467311694382735,0.296066959362554,0.220984342539135,1.69085612128458,2.34034731932072
"364","S_2225_S110",1.46987177874545,-0.310540005163627,0,"364","1","363",0.246583236932907,0.347937708878414,-0.0639567682307194,1.40591501051473,1.31607401295249
"365","S_2233_S80_L003",1.46987177874545,-0.172676039524915,0,"365","1","364",0.0982347074134272,0.30126641552566,-0.0744413321114875,1.39543044663396,1.56508458007329
"366","S_2277_S189",1.46987177874545,-0.28815573822506,0,"366","1","365",-0.0212665242545296,0.379583389215521,-0.30942226247959,1.16044951626586,2.05976714390712
"367","S_228_S138",1.46987177874545,-0.230932819817415,0,"367","1","366",-0.38957215479506,0.333595961321786,-0.620504974612476,0.849366804132971,0.840896415253715
"368","S_2296_S115",1.46987177874545,-0.096311971993489,0,"368","1","367",-0.674786176547575,0.295006379726893,-0.771098148541064,0.698773630204382,0
"369","S_229_S24_L003",1.46987177874545,0.219449096650747,0,"369","1","368",0.30835741333073,0.348224500846624,0.527806509981477,1.99767828872692,1.96798967126543
"370","S_2316_S149",1.46987177874545,-0.167166138849676,0,"370","1","369",-0.28364858526494,0.308569009243822,-0.450814724114617,1.01905705463083,1
"371","S_2317_S77_L003",1.46987177874545,0.0933293672638754,0,"371","1","370",0.155169367147446,0.324329241476461,0.248498734411322,1.71837051315677,1.49534878122122
"372","S_2318_S85",1.46987177874545,0.107491442330665,0,"372","1","371",0.73081749015909,0.327516193077975,0.838308932489754,2.3081807112352,2.44948974278318
"373","S_2326_S100",1.46987177874545,-0.0725952879381712,0,"373","1","372",-1.19016341551387,0.281191820915681,-1.26275870345205,0.207113075293401,0
"374","S_2332_S35_L003",1.46987177874545,0.160883157559853,0,"374","1","373",0.675064930767804,0.276624315266903,0.835948088327658,2.3058198670731,1.96798967126543
"375","S_2335_S96",1.46987177874545,-0.334272988804562,0,"375","1","374",0.136678053566681,0.446408228762058,-0.197594935237881,1.27227684350757,0
"376","S_2341_S56",1.46987177874545,0.0769722419091838,0,"376","1","375",-1.11001637989125,0.301840588174444,-1.03304413798206,0.436827640763381,0
"377","S_2344_S156",1.46987177874545,-0.352270738162431,0,"377","1","376",-0.396329193714968,0.437464753971752,-0.748599931877398,0.721271846868048,0
"378","S_2346_S152",1.46987177874545,-0.00871636651030175,0,"378","1","377",-1.01775603392613,0.29213177713684,-1.02647240043644,0.44339937830901,0
"379","S_2387_S147",1.46987177874545,-0.107709072793464,0,"379","1","378",-0.294240732107144,0.309172516606458,-0.401949804900608,1.06792197384484,1.18920711500272
"380","S_2397_S166",1.46987177874545,-0.14202988374119,0,"380","1","379",-0.000555237520736857,0.332043945978684,-0.142585121261926,1.32728665748352,1.56508458007329
"381","S_255_S45",1.46987177874545,-0.117700112195974,0,"381","1","380",-0.363822903941349,0.359682834760774,-0.481523016137323,0.988348762608123,0
"382","S_256_S39_L003",1.46987177874545,-0.196343820926325,0,"382","1","381",-0.998766786243084,0.307917726905817,-1.19511060716941,0.274761171576037,0
"383","S_274_S192",1.46987177874545,-0.260777853356585,0,"383","1","382",-0.859974631937019,0.288834516885861,-1.1207524852936,0.349119293451842,0
"384","S_276_S74",1.46987177874545,-0.253511618416303,0,"384","1","383",0.242397588507974,0.292347584113682,-0.0111140299083286,1.45875774883712,1.49534878122122
"385","S_27_S7",1.46987177874545,-0.300876011910862,0,"385","1","384",-0.833359199904625,0.344938350556806,-1.13423521181549,0.335636566929959,0.840896415253715
"386","S_285_1_S191",1.46987177874545,-0.304597160758054,0,"386","1","385",0.893726209420025,0.303115860889431,0.589129048661971,2.05900082740742,2.05976714390712
"387","S_289_S32_L003",1.46987177874545,-0.318162111994282,0,"387","1","386",-0.432073935632371,0.364641319172253,-0.750236047626653,0.719635731118793,1.31607401295249
"388","S_292_S80",1.46987177874545,0.0275364369338235,0,"388","1","387",-0.0765638101819159,0.321673408241511,-0.0490273732480924,1.42084440549735,1.31607401295249
"389","S_295_S46_L003",1.46987177874545,0.254935694495139,0,"389","1","388",-0.582745609410349,0.349953700656321,-0.32780991491521,1.14206186383024,1.31607401295249
"390","S_297_S95",1.46987177874545,0.167426194715509,0,"390","1","389",0.191612060865979,0.303559658675296,0.359038255581489,1.82891003432693,2.51486685936587
"391","S_302_S182",1.46987177874545,-0.0741243174160338,0,"391","1","390",0.176910416216893,0.30238717113853,0.102786098800859,1.57265787754631,2.11474252688113
"392","S_328_S179",1.46987177874545,-0.236027645953642,0,"392","1","391",0.089484449634089,0.327596205900171,-0.146543196319553,1.32332858242589,1.56508458007329
"393","S_32_S152",1.46987177874545,-0.293605445104606,0,"393","1","392",-0.43636875012326,0.304302955984208,-0.729974195227866,0.73989758351758,0
"394","S_331_S25",1.46987177874545,-0.188655584403539,0,"394","1","393",-0.758680023689525,0.300149362306613,-0.947335608093064,0.522536170652382,0
"395","S_334_S137",1.46987177874545,-0.221939638850205,0,"395","1","394",-1.29422695862586,0.353856367209029,-1.51616659747606,0,0
"396","S_337_S8",1.46987177874545,0.138631169177645,0,"396","1","395",0.742351061868564,0.281573600275093,0.880982231046209,2.35085400979166,2.99069756244244
"397","S_339_S28_L003",1.46987177874545,0.163154627683735,0,"397","1","396",-0.498717973682474,0.305347414520397,-0.335563345998739,1.13430843274671,0
"398","S_341_S162",1.46987177874545,-0.179338788336719,0,"398","1","397",0.25532273634644,0.349801956663624,0.0759839480097217,1.54585572675517,1.83142075074235
"399","S_344_S160",1.46987177874545,-0.333677879364191,0,"399","1","398",-0.227045132285843,0.4118962721538,-0.560723011650034,0.909148767095412,1.56508458007329
"400","S_357_S87",1.46987177874545,0.18987250122712,0,"400","1","399",0.340746627797514,0.283215886549572,0.530619129024634,2.00049090777008,1.49534878122122
"401","S_371_S41_L003",1.46987177874545,-0.00265265210354429,0,"401","1","400",-0.60979025759472,0.31674240042767,-0.612442909698265,0.857428869047181,1
"402","S_373_S73",1.46987177874545,-0.260226667739826,0,"402","1","401",-0.186758843112249,0.357563813192589,-0.446985510852075,1.02288626789337,0
"403","S_377_S12_L003",1.46987177874545,-0.287921454015403,0,"403","1","402",0.49073356971186,0.309212731860818,0.202812115696457,1.6726838944419,2.78315768371374
"404","S_385_S62_L003",1.46987177874545,-0.196858704569896,0,"404","1","403",0.136938542665821,0.291806672266997,-0.0599201619040743,1.40995161684137,2.23606797749979
"405","S_393_S135",1.46987177874545,-0.191032487664371,0,"405","2","  2",-0.116795501942907,0.350040090368947,-0.307827989607278,1.16204378913817,NA
"406","S_397_S176",1.46987177874545,-0.311017599963355,0,"406","1","404",0.186992339400962,0.30360142523513,-0.124025260562393,1.34584651818305,1.18920711500272
"407","S_406_S140",1.46987177874545,-0.177350625843263,0,"407","1","405",0.719332944408366,0.298895007969102,0.541982318565104,2.01185409731055,2.65914794847249
"408","S_407_S131",1.46987177874545,-0.224702360916511,0,"408","1","406",-0.779718798254432,0.300899209836425,-1.00442115917094,0.465450619574504,0
"409","S_413_S86_L003",1.46987177874545,-0.195328408015321,0,"409","1","407",-0.580092486526845,0.302481716427411,-0.775420894542166,0.69445088420328,0
"410","S_419_S1",1.46987177874545,-0.0898078340696159,0,"410","1","408",0.204130505682906,0.282460984520517,0.11432267161329,1.58419445035874,1.49534878122122
"411","S_41_S124",1.46987177874545,-0.268364018666886,0,"411","1","409",-0.91081642829043,0.306764410148913,-1.17918044695732,0.290691331788131,0
"412","S_440_S128",1.46987177874545,-0.345408471863722,0,"412","1","410",-0.429763700557939,0.373012698080398,-0.77517217242166,0.694699606323786,0
"413","S_450_S135",1.46987177874545,-0.251481241131225,0,"413","1","411",-0.0659693095678074,0.300509120243748,-0.317450550699032,1.15242122804641,0.840896415253715
"414","S_453_S63",1.46987177874545,-0.25283899840894,0,"414","1","412",-0.49828536107651,0.309340909237452,-0.75112435948545,0.718747419259996,0
"415","S_454_S71_L003",1.46987177874545,-0.32595306780441,0,"415","1","413",0.278525798047586,0.331388264626534,-0.0474272697568233,1.42244450898862,2.54572989502183
"416","S_469_S119",1.46987177874545,-0.248333486735468,0,"416","1","414",0.424420129673768,0.302693738938861,0.1760866429383,1.64595842168375,2.89250760851908
"417","S_474_S89_L003",1.46987177874545,-0.372587328080564,0,"417","1","415",-0.190935455655836,0.414134666828361,-0.563522783736401,0.906348995009045,0
"418","S_481_S27_L003",1.46987177874545,-0.240528806661348,0,"418","1","416",-0.23159420689921,0.325956860936978,-0.472123013560558,0.997748765184888,0.840896415253715
"419","S_487_S31",1.46987177874545,-0.246718562468789,0,"419","1","417",-0.327743954025906,0.321993634659793,-0.574462516494695,0.895409262250751,1.49534878122122
"420","S_501_S43",1.46987177874545,-0.224807717145511,0,"420","1","418",-0.0734425606101301,0.286869130076456,-0.298250277755641,1.1716215009898,0
"421","S_509_S109",1.46987177874545,-0.394358193665183,0,"421","1","419",-0.774627679858104,0.333429080694365,-1.16898587352329,0.300885905222158,0
"422","S_515_S58",1.46987177874545,-0.368241712720673,0,"422","1","420",-0.353288250100768,0.320275994270619,-0.721529962821441,0.748341815924005,0
"423","S_516_S138",1.46987177874545,-0.417184871169286,0,"423","1","421",-0.292941884924576,0.415802783265247,-0.710126756093862,0.759745022651584,0
"424","S_517_S20_L003",1.46987177874545,-0.326940853137073,0,"424","1","422",0.979973603242442,0.31501497547611,0.653032750105369,2.12290452885081,2.89250760851908
"425","S_522_S10",1.46987177874545,-0.275170649641442,0,"425","1","423",0.957623617532934,0.313620561854502,0.682452967891492,2.15232474663694,2.34034731932072
"426","S_524_S33_L003",1.46987177874545,-0.244076334152755,0,"426","1","424",-0.0593143609843139,0.313376750791043,-0.303390695137069,1.16648108360838,1.31607401295249
"427","S_528_S103",1.46987177874545,-0.220215336130543,0,"427","1","425",1.05622592110531,0.322518166037601,0.836010584974763,2.30588236372021,2.34034731932072
"428","S_533_S68",1.46987177874545,-0.339481606662666,0,"428","1","426",0.36118472216001,0.343732687120968,0.0217031154973437,1.49157489424279,1.56508458007329
"429","S_537_S78_L003",1.46987177874545,-0.134474762987145,0,"429","1","427",1.57886968992718,0.321262031195291,1.44439492694004,2.91426670568548,2.78315768371374
"430","S_545_S69",1.46987177874545,-0.195552961838626,0,"430","1","428",0.196468620704298,0.298564825359547,0.00091565886567152,1.47078743761112,1.10668191970032
"431","S_565_S149",1.46987177874545,-0.180265515931449,0,"431","1","429",0.505282011197059,0.288708477375066,0.32501649526561,1.79488827401106,2.05976714390712
"432","S_567_S165",1.46987177874545,-0.213346418429855,0,"432","1","430",-0.578749007538195,0.30082735681021,-0.79209542596805,0.677776352777396,0
"433","S_574_S155",1.46987177874545,-0.370536497959134,0,"433","1","431",-0.0501349155630297,0.444335564744601,-0.420671413522164,1.04920036522328,0
"434","S_591_S99",1.46987177874545,-0.187125640287532,0,"434","1","432",0.334651277212892,0.293822444688317,0.147525636925361,1.61739741567081,1.49534878122122
"435","S_5_S63_L003",1.46987177874545,-0.327117183307124,0,"435","1","433",0.619848438113673,0.365443793327735,0.292731254806549,1.76260303355199,2.51486685936587
"436","S_629_S113",1.46987177874545,0.1131761269651,0,"436","1","434",-0.0506066531889972,0.284459811673995,0.0625694737761027,1.53244125252155,1.77827941003892
"437","S_630_S51_L003",1.46987177874545,-0.131706151634033,0,"437","1","435",0.297909472628322,0.30237245115948,0.166203320994289,1.63607509973974,2.11474252688113
"438","S_631_S87_L003",1.46987177874545,0.151644865294193,0,"438","1","436",-0.0623961648008002,0.324394577003879,0.0892487004933931,1.55912047923884,1.96798967126543
"439","S_63_S170",1.46987177874545,-0.211538316121908,0,"439","1","437",0.433553225266303,0.285639579147694,0.222014909144394,1.69188668788984,0
"440","S_640_S178",1.46987177874545,-0.0634058844819637,0,"440","1","438",-0.973824063361692,0.302427228831611,-1.03722994784366,0.43264183090179,0
"441","S_646_S142",1.46987177874545,0.0407448155062371,0,"441","1","439",-0.554307069301064,0.307656216222884,-0.513562253794827,0.956309524950619,1.25743342968294
"442","S_650_S129",1.46987177874545,-0.334955663907091,0,"442","1","440",0.294738531401097,0.439913059484935,-0.0402171325059942,1.42965464623945,2.17793858734643
"443","S_653_S6",1.46987177874545,0.227615324349711,0,"443","1","441",1.097006342919,0.357217077370951,1.32462166726871,2.79449344601415,2.34034731932072
"444","S_656_S181",1.46987177874545,0.10743906506366,0,"444","1","442",0.638472035140647,0.330685727956095,0.745911100204307,2.21578287894975,2.34034731932072
"445","S_657_S154",1.46987177874545,-0.312221501531444,0,"445","1","443",0.360772356419226,0.435589835272033,0.0485508548877816,1.51842263363323,2.23606797749979
"446","S_658_S33",1.46987177874545,0.17102678302608,0,"446","1","444",0.797598081214405,0.360660377359319,0.968624864240486,2.43849664298593,2.89250760851908
"447","S_65_S29_L003",1.46987177874545,-0.177785493505849,0,"447","1","445",0.361742252484168,0.268195467464566,0.183956758978319,1.65382853772376,2.11474252688113
"448","S_662_S98",1.46987177874545,0.0478380576753232,0,"448","1","446",-0.16626196610209,0.306227366682895,-0.118423908426767,1.35144787031868,0.840896415253715
"449","S_673_S40_L003",1.46987177874545,0.0165248129316451,0,"449","1","447",-0.097644642790098,0.296864617844298,-0.081119829858453,1.38875194888699,1.4142135623731
"450","S_674_S130",1.46987177874545,0.0543849900687119,0,"450","1","448",-1.38227586323453,0.305043141996257,-1.32789087316582,0.141980905579627,0
"451","S_679_S9",1.46987177874545,0.0158667730798213,0,"451","1","449",-0.293261768317726,0.282510766252165,-0.277394995237905,1.19247678350754,1.25743342968294
"452","S_685_S121",1.46987177874545,0.231827586361479,0,"452","1","450",-0.468790835476846,0.340746885372839,-0.236963249115367,1.23290852963008,1.31607401295249
"453","S_695_S46",1.46987177874545,0.284310807309052,0,"453","1","451",-0.271405041831441,0.3351269522607,0.0129057654776102,1.48277754422306,2.51486685936587
"454","S_696_S88",1.46987177874545,-0.0932390774212274,0,"454","1","452",0.307004748888466,0.307210343698922,0.213765671467238,1.68363745021268,2.34034731932072
"455","S_706_S108",1.46987177874545,0.134352356541675,0,"455","1","453",-0.0688858826309249,0.331694443359393,0.0654664739107501,1.5353382526562,1.25743342968294
"456","S_711_S50",1.46987177874545,-0.0436517650732249,0,"456","1","454",0.443140563858514,0.318077014215938,0.399488798785289,1.86936057753074,1.49534878122122
"457","S_712_S136",1.46987177874545,0.129087422661579,0,"457","1","455",0.115519132898051,0.277947951308671,0.24460655555963,1.71447833430508,1.45647531512197
"458","S_713_S163",1.46987177874545,-0.339460618004629,0,"458","1","456",0.228655708572914,0.386396804492612,-0.110804909431715,1.35906686931373,1.77827941003892
"459","S_714_S34_L003",1.46987177874545,0.0709971227289873,0,"459","1","457",-0.0698489003127221,0.301760937009307,0.00114822241626515,1.47102000116171,1.56508458007329
"460","S_726_S69_L003",1.46987177874545,0.150309005391321,0,"460","1","458",0.791731882978102,0.32929122457483,0.942040888369424,2.41191266711487,2.78315768371374
"461","S_733_S67_L003",1.46987177874545,0.177853828628116,0,"461","1","459",-0.274812037599999,0.277139527452849,-0.0969582089718834,1.37291356977356,1.25743342968294
"462","S_738_S39",1.46987177874545,0.0630224283819461,0,"462","1","460",0.709787471739809,0.29336878433719,0.772809900121755,2.2426816788672,1.56508458007329
"463","S_758_S128",1.46987177874545,0.17510696133786,0,"463","1","461",0.541084604362694,0.345267098810514,0.716191565700554,2.186063344446,2.65914794847249
"464","S_762_S173",1.46987177874545,0.224224247329503,0,"464","1","462",0.657580337500465,0.379206401524824,0.881804584829968,2.35167636357541,2.11474252688113
"465","S_764_S93_L003",1.46987177874545,0.194129799263226,0,"465","1","463",0.91704630542041,0.32661538918381,1.11117610468364,2.58104788342908,2.89250760851908
"466","S_765_S48",1.46987177874545,0.155245684562756,0,"466","1","464",0.536669832379997,0.317014493439007,0.691915516942753,2.1617872956882,1.31607401295249
"467","S_770_S57_L003",1.46987177874545,-0.140114657638542,0,"467","1","465",-0.254772023662714,0.280098769812245,-0.394886681301256,1.07498509744419,1.4142135623731
"468","S_772_S58_L003",1.46987177874545,0.0173907006740879,0,"468","1","466",-1.22310341211485,0.305362362708127,-1.20571271144076,0.264159067304689,0
"469","S_779_S94_L003",1.46987177874545,-0.019507892722207,0,"469","1","467",-0.633658370229083,0.28356294625796,-0.65316626295129,0.816705515794156,0
"470","S_7_S141",1.46987177874545,-0.186731959424288,0,"470","1","468",0.222759259637502,0.295094163321227,0.0360273002132138,1.50589907895866,1.31607401295249
"471","S_813_S44_L003",1.46987177874545,-0.06417546090304,0,"471","1","469",0.573602386368537,0.275235237112779,0.509426925465497,1.97929870421094,2.23606797749979
"472","S_824_S40",1.46987177874545,0.00852253216819146,0,"472","1","470",-1.22320960780095,0.309339765524541,-1.21468707563275,0.255184703112691,0
"473","S_825_S71",1.46987177874545,0.0269107919579286,0,"473","1","471",-0.908158404504252,0.354173712066587,-0.881247612546323,0.588624166199123,1.25743342968294
"474","S_826_S8_L003",1.46987177874545,0.00437193856727666,0,"474","1","472",-0.0439714981618568,0.306911938868083,-0.0395995595945801,1.43027221915087,1.56508458007329
"475","S_837_S50_L003",1.46987177874545,0.00467507605834836,0,"475","1","473",0.631864662548233,0.275348591551928,0.636539738606581,2.10641151735203,2.65914794847249
"476","S_83_S14",1.46987177874545,-0.174299184114637,0,"476","1","474",-0.994371810862569,0.355552561361831,-1.16867099497721,0.30120078376824,0
"477","S_840_S88_L003",1.46987177874545,-0.0473789942129671,0,"477","1","475",0.444017326195034,0.280996386852312,0.396638331982067,1.86651011072751,1.77827941003892
"478","S_844_S151",1.46987177874545,0.0886498737987134,0,"478","1","476",-0.513199545669612,0.31787504084971,-0.424549671870899,1.04532210687455,0
"479","S_85_S36_L003",1.46987177874545,-0.247819360138218,0,"479","1","477",-0.15775287044064,0.366186349922897,-0.405572230578858,1.06429954816659,1.18920711500272
"480","S_861_S22_L003",1.46987177874545,-0.00945923729333595,0,"480","1","478",0.585711711142742,0.277891604164128,0.576252473849406,2.04612425259485,2.51486685936587
"481","S_865_S82",1.46987177874545,0.0446050943868184,0,"481","1","479",0.199886743976771,0.266590599806715,0.24449183836359,1.71436361710904,1.77827941003892
"482","S_879_S97",1.46987177874545,0.00100826967022809,0,"482","1","480",0.0490951506805754,0.296932280361505,0.0501034203508035,1.51997519909625,1.31607401295249
"483","S_87_S81",1.46987177874545,-0.286970986870238,0,"483","1","481",-0.275856587220817,0.295184269849434,-0.562827574091055,0.907044204654391,2.34034731932072
"484","S_885_S77",1.46987177874545,0.0897118452915178,0,"484","1","482",-0.124792405136269,0.29352342695739,-0.0350805598447511,1.4347912189007,0.840896415253715
"485","S_901_S136",1.46987177874545,-0.160201067741163,0,"485","2","  3",-0.310790960394945,0.371253322461394,-0.470992028136107,0.998879750609339,NA
"486","S_932_S42_L003",1.46987177874545,-0.107183768914304,0,"486","1","483",0.24013187210934,0.290303345006041,0.132948103195036,1.60281988194048,1.31607401295249
"487","S_961_S70_L003",1.46987177874545,0.145874325672592,0,"487","1","484",0.340491302854035,0.348743782481407,0.486365628526628,1.95623740727207,2.63214802590498
"488","S_962_S42",1.46987177874545,0.125887925834806,0,"488","1","485",0.443384615726095,0.332799725226872,0.569272541560901,2.03914432030635,1.49534878122122
"489","S_972_S142",1.46987177874545,-0.345516377245646,0,"489","1","486",-0.193993975969899,0.396287546764969,-0.539510353215545,0.930361425529901,0
"490","S_978_S90",1.46987177874545,-0.183252485909684,0,"490","1","487",-1.05919193432388,0.319002723473575,-1.24244442023356,0.227427358511886,0
"491","S_983_S4",1.46987177874545,0.130085132024209,0,"491","1","488",-0.88455910996014,0.316554970082766,-0.754473977935931,0.715397800809515,0
"492","S_993_S55",1.46987177874545,-0.0516286189051561,0,"492","1","489",-0.0148091487361365,0.28969009048815,-0.0664377676412926,1.40343401110415,0.840896415253715
"493","NSW1201426",1.46987177874545,0.386544768890465,0,"493","2","  4",0.5625436476408,0.161632353530041,0.949088416531265,2.41896019527671,NA
"494","NSW1212884",1.46987177874545,0.0395369533408403,0,"494","2","  5",0.305929211732311,0.219056024764957,0.345466165073151,1.8153379438186,NA
"495","NSW1200541",1.46987177874545,0.309584491488697,0,"495","2","  6",-0.514390747947598,0.144452882512143,-0.2048062564589,1.26506552228655,NA
"496","NSW1190165",1.46987177874545,0.222811974179046,0,"496","2","  7",-0.456699830309682,0.185338958546204,-0.233887856130636,1.23598392261481,NA
"497","NSW1166659",1.46987177874545,-0.00215198547324402,0,"497","2","  8",-0.490751467455389,0.214546238620712,-0.492903452928633,0.976968325816813,NA
"498","NSW1213025",1.46987177874545,-0.0190656111757925,0,"498","2","  9",-0.545918496862494,0.23428384404472,-0.564984108038286,0.90488767070716,NA
"499","NSW1211446",1.46987177874545,0.368751326927756,0,"499","2"," 10",-0.230035990078002,0.232301493570567,0.138715336849754,1.6085871155952,NA
"500","NSW1200628",1.46987177874545,0.23537101094023,0,"500","2"," 11",-0.0459776535522987,0.216859675426423,0.189393357387931,1.65926513613338,NA
"501","NSW1166664",1.46987177874545,-0.0631140190147216,0,"501","2"," 12",0.361590724395002,0.211404108096101,0.29847670538028,1.76834848412573,NA
"502","NSW1213021",1.46987177874545,0.0563468723525544,0,"502","2"," 13",0.447098032459679,0.211380018182951,0.503444904812233,1.97331668355768,NA
"503","NSW1201391",1.46987177874545,0.189484676996292,0,"503","2"," 14",-0.366262507014671,0.191245053011465,-0.176777830018379,1.29309394872707,NA
"504","NSW1201419",1.46987177874545,0.441766220000249,0,"504","2"," 15",-0.0676589697121626,0.196512129218777,0.374107250288087,1.84397902903353,NA
"505","NSW1201415",1.46987177874545,0.455947620087666,0,"505","2"," 16",0.369997252314934,0.169743076843126,0.8259448724026,2.29581665114805,NA
"506","NSW1200364",1.46987177874545,-0.0202264164098322,0,"506","2"," 17",0.396525189666584,0.242403681518575,0.376298773256752,1.8461705520022,NA
"507","NSW1190167",1.46987177874545,0.383075102103152,0,"507","2"," 18",0.211198324311473,0.193172941751542,0.594273426414625,2.06414520516007,NA
"508","NSW1190204",1.46987177874545,0.363646772792555,0,"508","2"," 19",-0.242455801497237,0.219940404138977,0.121190971295318,1.59106275004076,NA
"509","NSW1200834",1.46987177874545,0.394200175110716,0,"509","2"," 20",-0.347296669151993,0.208143026369944,0.0469035059587232,1.51677528470417,NA
"510","NSW1200533",1.46987177874545,0.507130110697844,0,"510","2"," 21",0.399738489817606,0.207346544719325,0.90686860051545,2.3767403792609,NA
"511","NSW1200414",1.46987177874545,0.339653981184483,0,"511","2"," 22",0.142538470155862,0.128912360643379,0.482192451340345,1.95206423008579,NA
"512","NSW1200759",1.46987177874545,0.384990114250651,0,"512","2"," 23",-0.178692660454093,0.193000553458187,0.206297453796558,1.676169232542,NA
"513","NSW1212889",1.46987177874545,-0.0542633047056278,0,"513","2"," 24",-0.128115158764096,0.248682875510528,-0.182378463469723,1.28749331527572,NA
"514","NSW1211427",1.46987177874545,-0.112756536939938,0,"514","2"," 25",-0.493502054227684,0.247008864711428,-0.606258591167622,0.863613187577824,NA
"515","NSW1200379",1.46987177874545,0.328291760229729,0,"515","2"," 26",0.920511586713613,0.180436352765015,1.24880334694334,2.71867512568879,NA
"516","NSW1211455",1.46987177874545,0.329572708240191,0,"516","2"," 27",-0.325840063636814,0.210971471331843,0.00373264460337758,1.47360442334882,NA
"517","NSW1213033",1.46987177874545,0.0798870725226589,0,"517","2"," 28",-0.113721811454817,0.212219532820523,-0.033834738932158,1.43603703981329,NA
"518","NSW1212980",1.46987177874545,-0.0449386094340288,0,"518","2"," 29",-0.260191240988079,0.159976181959091,-0.305129850422107,1.16474192832334,NA
"519","NSW1190213",1.46987177874545,0.0265314287072737,0,"519","2"," 30",-0.149306927684799,0.199149333071136,-0.122775498977525,1.34709627976792,NA
"520","NSW1201416",1.46987177874545,0.370953579143905,0,"520","2"," 31",0.491363648401435,0.21236485256001,0.862317227545339,2.33218900629079,NA
"521","NSW1200418",1.46987177874545,-0.0436203699364359,0,"521","2"," 32",-0.793823819637566,0.257713361688085,-0.837444189574001,0.632427589171445,NA
"522","NSW1211456",1.46987177874545,0.307700031280722,0,"522","2"," 33",-0.153524686329046,0.229712579615015,0.154175344951677,1.62404712369712,NA
"523","NSW1211564",1.46987177874545,0.214570821384843,0,"523","2"," 34",-0.286470874563336,0.220483212651776,-0.071900053178493,1.39797172556695,NA
"524","NSW1213016",1.46987177874545,0.0254379422582407,0,"524","2"," 35",-0.00558581379721158,0.235695782724297,0.0198521284610291,1.48972390720648,NA
"525","NSW1211583",1.46987177874545,0.161179641617749,0,"525","2"," 36",0.281361154504391,0.173092878725602,0.44254079612214,1.91241257486759,NA
"526","NSW1200839",1.46987177874545,0.390080282092282,0,"526","2"," 37",-0.411944637702047,0.210434546954576,-0.0218643556097652,1.44800742313568,NA
"527","NSW1211565",1.46987177874545,0.272689253396733,0,"527","2"," 38",-0.675210404520043,0.196498485102143,-0.40252115112331,1.06735062762214,NA
"528","NSW1200425",1.46987177874545,0.200667104053215,0,"528","2"," 39",0.109417739431398,0.173000511418016,0.310084843484613,1.77995662223006,NA
"529","NSW1200662",1.46987177874545,0.0142197984160806,0,"529","2"," 40",0.791792670259989,0.216335343230516,0.806012468676069,2.27588424742152,NA
"530","NSW1166655",1.46987177874545,0.00762257539779621,0,"530","2"," 41",0.0103071428367207,0.203353700726,0.0179297182345169,1.48780149697996,NA
"531","NSW1212948",1.46987177874545,-0.0406306229868003,0,"531","2"," 42",-0.552462910858708,0.202699360017624,-0.593093533845508,0.876778244899938,NA
"532","NSW1200528",1.46987177874545,0.416479772471697,0,"532","2"," 43",-0.657495353872887,0.187422885660661,-0.24101558140119,1.22885619734426,NA
"533","NSW1200563",1.46987177874545,0.518503897963885,0,"533","2"," 44",0.543619218054397,0.226966021908603,1.06212311601828,2.53199489476373,NA
"534","NSW1200351",1.46987177874545,-0.0688016281222505,0,"534","2"," 45",-0.348288733555826,0.255703834859085,-0.417090361678077,1.05278141706737,NA
"535","NSW1213015",1.46987177874545,0.013524744493699,0,"535","2"," 46",-0.598273504746607,0.243664603201073,-0.584748760252908,0.885123018492538,NA
"536","NSW1200394",1.46987177874545,0.255405456189556,0,"536","2"," 47",-0.0893259390103618,0.172655011895576,0.166079517179194,1.63595129592464,NA
"537","NSW1213011",1.46987177874545,-0.0451568421770726,0,"537","2"," 48",0.678117521704515,0.220797560319377,0.632960679527442,2.10283245827289,NA
"538","NSW1200664",1.46987177874545,0.358906404501691,0,"538","2"," 49",0.141636109120157,0.205769292573018,0.500542513621848,1.97041429236729,NA
"539","NSW1201655",1.46987177874545,0.467365184307567,0,"539","2"," 50",0.551145639306621,0.176478053272739,1.01851082361419,2.48838260235963,NA
"540","NSW1200536",1.46987177874545,0.178399872803962,0,"540","2"," 51",-0.459413526602531,0.1962681423746,-0.281013653798568,1.18885812494688,NA
"541","NSW1212943",1.46987177874545,0.0556829672162598,0,"541","2"," 52",-0.774008662552035,0.221683166105342,-0.718325695335775,0.751546083409671,NA
"542","NSW1200559",1.46987177874545,0.43504476873307,0,"542","2"," 53",-0.143713230853442,0.221827253738145,0.291331537879627,1.76120331662507,NA
"543","NSW1200558",1.46987177874545,0.504670356684353,0,"543","2"," 54",0.352160711686877,0.211624922544174,0.85683106837123,2.32670284711668,NA
"544","NSW1200524",1.46987177874545,0.377952520657788,0,"544","2"," 55",0.00584213318721425,0.239207661830421,0.383794653845003,1.85366643259045,NA
"545","NSW1212795",1.46987177874545,-0.0511177553771009,0,"545","2"," 56",0.221130955949658,0.23528724974132,0.170013200572558,1.639884979318,NA
"546","NSW1200787",1.46987177874545,0.145225205586624,0,"546","2"," 57",0.4294948598839,0.172251424650864,0.574720065470524,2.04459184421597,NA
"547","NSW1200776",1.46987177874545,0.147969007518401,0,"547","2"," 58",0.129044633280111,0.158041176801445,0.277013640798512,1.74688541954396,NA
"548","NSW1190216",1.46987177874545,0.349391247398414,0,"548","2"," 59",0.615124367472213,0.234745934635663,0.964515614870627,2.43438739361607,NA
"549","NSW1201495",1.46987177874545,0.51210669401478,0,"549","2"," 60",0.137655890648212,0.200516371005076,0.649762584662992,2.11963436340844,NA
"550","NSW1211582",1.46987177874545,0.36483473331193,0,"550","2"," 61",-0.144230031256194,0.228224213431145,0.220604702055736,1.69047648080118,NA
"551","NSW1200362",1.46987177874545,0.364495294480616,0,"551","2"," 62",-0.37057417179589,0.20937347304223,-0.00607887731527473,1.46379290143017,NA
"552","NSW1212987",1.46987177874545,-0.395942724758977,0,"552","2"," 63",0.186814976398429,0.408120575555594,-0.209127748360548,1.2607440303849,NA
"553","NSW1190194",1.46987177874545,0.270269783326621,0,"553","2"," 64",-0.240114633741361,0.185310389520426,0.0301551495852595,1.50002692833071,NA
"554","NSW1213030",1.46987177874545,-0.012921678133582,0,"554","2"," 65",-0.355743799587298,0.199385335306381,-0.36866547772088,1.10120630102457,NA
"555","NSW1190199",1.46987177874545,0.191016233341901,0,"555","2"," 66",-0.993461500497522,0.193589194015642,-0.802445267155622,0.667426511589824,NA
"556","NSW1200372",1.46987177874545,0.327486862625095,0,"556","2"," 67",-0.0134543261755793,0.195895205147848,0.314032536449516,1.78390431519496,NA
"557","NSW1211445",1.46987177874545,0.385153603370103,0,"557","2"," 68",0.428156261745065,0.184539601935638,0.813309865115168,2.28318164386061,NA
"558","NSW1211558",1.46987177874545,0.26872060708672,0,"558","2"," 69",-0.171611209458063,0.246295945695474,0.0971093976286569,1.5669811763741,NA
"559","NSW1200764",1.46987177874545,-0.0924279316915521,0,"559","2"," 70",-0.751077622781545,0.274677174962116,-0.843505554473097,0.626366224272349,NA
"560","NSW1200848",1.46987177874545,0.315144032189041,0,"560","2"," 71",-0.329859823901946,0.250410485410875,-0.0147157917129045,1.45515598703254,NA
"561","NSW1200661",1.46987177874545,0.0513367905151706,0,"561","2"," 72",-0.0208433850975988,0.242563714767927,0.0304934054175718,1.50036518416302,NA
"562","NSW1211440",1.46987177874545,0.259599344818855,0,"562","2"," 73",-0.112909275954313,0.197452621383058,0.146690068864542,1.61656184760999,NA
"563","NSW1200356",1.46987177874545,0.0418157561660256,0,"563","2"," 74",-0.312854576823718,0.220429149594609,-0.271038820657692,1.19883295808775,NA
"564","NSW1212992",1.46987177874545,0.0143349397971686,0,"564","2"," 75",0.810985192344745,0.233936595208401,0.825320132141913,2.29519191088736,NA
"565","NSW1200905",1.46987177874545,0.409889340075712,0,"565","2"," 76",0.421500246392224,0.218439262071436,0.831389586467936,2.30126136521338,NA
"566","NSW1200357",1.46987177874545,0.200621851313042,0,"566","2"," 77",0.0537502370714313,0.157508142644189,0.254372088384474,1.72424386712992,NA
"567","NSW1200799",1.46987177874545,0.355349971417407,0,"567","2"," 78",0.0961205715522763,0.207956767683407,0.451470542969683,1.92134232171513,NA
"568","NSW1166442",1.46987177874545,0.000626071564360259,0,"568","2"," 79",-0.312362131921035,0.255231049885266,-0.311736060356674,1.15813571838877,NA
"569","NSW1200539",1.46987177874545,0.317271044747887,0,"569","2"," 80",0.540002568402745,0.191087099939765,0.857273613150632,2.32714539189608,NA
"570","NSW1200543",1.46987177874545,-0.0841023804494511,0,"570","2"," 81",-1.03552808034735,0.370049582491129,-1.1196304607968,0.350241317948647,NA
"571","NSW1200529",1.46987177874545,0.386854443679003,0,"571","2"," 82",0.204731162032515,0.186420414316107,0.591585605711518,2.06145738445696,NA
"572","NSW1212866",1.46987177874545,-0.0645645916327814,0,"572","2"," 83",0.136023257417857,0.211852267120954,0.0714586657850753,1.54133044453052,NA
"573","NSW1200873",1.46987177874545,0.15567493102066,0,"573","2"," 84",0.560564938195935,0.184624846915148,0.716239869216594,2.18611164796204,NA
"574","NSW1211541",1.46987177874545,0.148667285533305,0,"574","2"," 85",0.0725285855122177,0.205605169033031,0.221195871045523,1.69106764979097,NA
"575","NSW1190198",1.46987177874545,0.241600779248012,0,"575","2"," 86",-0.53356058325098,0.167476268039058,-0.291959804002968,1.17791197474248,NA
"576","NSW1213013",1.46987177874545,-0.0248411376771087,0,"576","2"," 87",-0.523034468549547,0.239138960124521,-0.547875606226656,0.92199617251879,NA
"577","NSW1212970",1.46987177874545,-0.155817829067231,0,"577","2"," 88",-0.140620316844188,0.225884398889111,-0.296438145911419,1.17343363283403,NA
"578","NSW1212997",1.46987177874545,0.077504562300013,0,"578","2"," 89",0.535320909278794,0.213823887320497,0.612825471578807,2.08269725032425,NA
"579","NSW1211508",1.46987177874545,0.128574160035258,0,"579","2"," 90",0.135047529409039,0.155165142993041,0.263621689444297,1.73349346818974,NA
"580","NSW1211552",1.46987177874545,0.308820955204534,0,"580","2"," 91",0.198524304057459,0.2102488001137,0.507345259261993,1.97721703800744,NA
"581","NSW1211442",1.46987177874545,0.437828475691288,0,"581","2"," 92",0.637595975264332,0.199978941680109,1.07542445095562,2.54529622970107,NA
"582","NSW1211451",1.46987177874545,0.362617925471299,0,"582","2"," 93",-0.405091059416583,0.215593477695079,-0.0424731339452833,1.42739864480016,NA
"583","NSW1194456",1.46987177874545,0.131356282321867,0,"583","2"," 94",-0.151626442241159,0.234884288784669,-0.0202701599192919,1.44960161882615,NA
"584","NSW1211546",1.46987177874545,0.0902740623589992,0,"584","2"," 95",0.882159510037842,0.19561368099052,0.972433572396841,2.44230535114229,NA
"585","NSW1213001",1.46987177874545,0.0481733125518009,0,"585","2"," 96",0.209797079424216,0.259225791017154,0.257970391976017,1.72784217072146,NA
"586","NSW1201431",1.46987177874545,0.401530844946744,0,"586","2"," 97",-0.0863243662351932,0.237587063326317,0.315206478711551,1.785078257457,NA
"587","NSW1211568",1.46987177874545,0.147507832160654,0,"587","2"," 98",0.341607003274249,0.1883793528569,0.489114835434903,1.95898661418035,NA
"588","NSW1211441",1.46987177874545,0.265494141449581,0,"588","2"," 99",-0.0986325456342598,0.222727076272716,0.166861595815321,1.63673337456077,NA
"589","NSW1190206",1.46987177874545,0.249997979228047,0,"589","2","100",0.0255855742052142,0.178850591525073,0.275583553433261,1.74545533217871,NA
"590","NSW1200389",1.46987177874545,0.200221791815626,0,"590","2","101",-0.600591680613456,0.143383711340643,-0.40036988879783,1.06950188994762,NA
"591","NSW1211534",1.46987177874545,0.150370726868501,0,"591","2","102",-0.234809406824103,0.187291542770756,-0.0844386799556023,1.38543309878984,NA
"592","NSW1200346",1.46987177874545,-0.0717327878591562,0,"592","2","103",0.389160984128199,0.215519106659646,0.317428196269043,1.78729997501449,NA
"593","NSW1200505",1.46987177874545,0.128934320989259,0,"593","2","104",-0.0387981779805069,0.188521232980791,0.0901361430087518,1.5600079217542,NA
"594","NSW1200511",1.46987177874545,0.23649306137417,0,"594","2","105",0.36228277995778,0.169039530224351,0.59877584133195,2.0686476200774,NA
"595","NSW1212790",1.46987177874545,0.00588491825804299,0,"595","2","106",0.631165813996326,0.173737120361931,0.637050732254369,2.10692251099981,NA
"596","NSW1200361",1.46987177874545,0.194110994163883,0,"596","2","107",0.768734474676499,0.181872048474636,0.962845468840383,2.43271724758583,NA
"597","NSW1200514",1.46987177874545,0.367630052413312,0,"597","2","108",0.678536797798567,0.150860044635092,1.04616685021188,2.51603862895733,NA
"598","NSW1200774",1.46987177874545,0.358031314652958,0,"598","2","109",0.136858581952959,0.151065878628036,0.494889896605917,1.96476167535136,NA
"599","NSW1212985",1.46987177874545,-0.0686154383699745,0,"599","2","110",-0.912281999033416,0.173992380252944,-0.980897437403391,0.488974341342055,NA
"600","NSW1201411",1.46987177874545,0.361475794253008,0,"600","2","111",-0.301826118953848,0.181422260515513,0.0596496752991603,1.52952145404461,NA
"601","NSW1200352",1.46987177874545,-0.0683273997178643,0,"601","2","112",-0.00116592756247817,0.242935090056264,-0.0694933272803425,1.4003784514651,NA
"602","NSW1211570",1.46987177874545,0.290603946724336,0,"602","2","113",-0.454488627720876,0.234631630831878,-0.16388468099654,1.30598709774891,NA
"603","NSW1200549",1.46987177874545,0.434717959092881,0,"603","2","114",0.124619297406108,0.192285376229629,0.559337256498989,2.02920903524443,NA
"604","NSW1200384",1.46987177874545,0.281612741913162,0,"604","2","115",-0.172523544980323,0.174855819417897,0.109089196932839,1.57896097567828,NA
"605","NSW1211577",1.46987177874545,0.120562462147976,0,"605","2","116",-0.300829066276951,0.186238434711515,-0.180266604128975,1.28960517461647,NA
"606","NSW1200347",1.46987177874545,-0.00732505555573196,0,"606","2","117",-0.142845473036681,0.214965900970292,-0.150170528592413,1.31970125015303,NA
"607","NSW1200829",1.46987177874545,0.388744140380047,0,"607","2","118",-0.400393458536107,0.206100098801286,-0.0116493181560606,1.45822246058939,NA
"608","NSW1200657",1.46987177874545,-0.0304443445457162,0,"608","2","119",-0.526200597264424,0.252442164523554,-0.55664494181014,0.913226836935306,NA
"609","NSW1212977",1.46987177874545,0.0222871079442333,0,"609","2","120",-0.234951634451266,0.267160610727813,-0.212664526507032,1.25720725223841,NA
"610","NSW1201414",1.46987177874545,0.392218151811481,0,"610","2","121",-0.255107173553942,0.23476440610926,0.137110978257539,1.60698275700299,NA
"611","NSW1200509",1.46987177874545,0.332929092211679,0,"611","2","122",-0.0754514188351492,0.217050443604887,0.25747767337653,1.72734945212198,NA
"612","NSW1200521",1.46987177874545,0.215105880289981,0,"612","2","123",-0.118327674068614,0.172153387251597,0.0967782062213669,1.56664998496681,NA
"613","NSW1201631",1.46987177874545,0.351928008797293,0,"613","2","124",0.0588776755198249,0.211896464189713,0.410805684317117,1.88067746306256,NA
"614","NSW1212856",1.46987177874545,0.0280383185574121,0,"614","2","125",0.129238844146383,0.212532959475768,0.157277162703795,1.62714894144924,NA
"615","NSW1200647",1.46987177874545,0.26539852992245,0,"615","2","126",0.454427095187964,0.183483074614475,0.719825625110414,2.18969740385586,NA
"616","NSW1201396",1.46987177874545,0.284142347386129,0,"616","2","127",-0.500470635958665,0.147066449410907,-0.216328288572536,1.25354349017291,NA
"617","NSW1200554",1.46987177874545,0.408189635319268,0,"617","2","128",0.691456594682527,0.206395915174058,1.0996462300018,2.56951800874724,NA
"618","NSW1200544",1.46987177874545,0.464133020212554,0,"618","2","129",-0.705092941286381,0.182728117893409,-0.240959921073827,1.22891185767162,NA
"619","NSW1200429",1.46987177874545,-0.366961851656263,0,"619","2","130",0.348021342716571,0.436020362702788,-0.0189405089396911,1.45093126980576,NA
"620","NSW1190190",1.46987177874545,-0.0535490419564913,0,"620","2","131",-0.295297174165007,0.244360118584635,-0.348846216121498,1.12102556262395,NA
"621","NSW1200428",1.46987177874545,0.0284471251903947,0,"621","2","132",-0.429365917115107,0.268132458460079,-0.400918791924712,1.06895298682073,NA
"622","NSW1190183",1.46987177874545,-0.129572120598554,0,"622","2","133",-0.028164111278403,0.224708952197354,-0.157736231876957,1.31213554686849,NA
"623","NSW1201400",1.46987177874545,0.43818581510418,0,"623","2","134",0.0228268560769018,0.165880456982193,0.461012671181082,1.93088444992653,NA
"624","NSW1166447",1.46987177874545,0.0958410719774121,0,"624","2","135",-0.120503979068752,0.192727274869575,-0.0246629070913401,1.44520887165411,NA
"625","NSW1190182",1.46987177874545,0.0399319565366214,0,"625","2","136",-0.744969290673427,0.206858366888354,-0.705037334136806,0.76483444460864,NA
"626","NSW1200666",1.46987177874545,0.0528774366140981,0,"626","2","137",-0.131874538501196,0.234496762099869,-0.0789971018870981,1.39087467685835,NA
"627","NSW1190168",1.46987177874545,0.252251736600455,0,"627","2","138",-0.695183000234904,0.191477499544565,-0.442931263634449,1.026940515111,NA
"628","NSW1201641",1.46987177874545,0.351928008797293,0,"628","2","139",0.0588776755198249,0.211896464189713,0.410805684317117,1.88067746306256,NA
"629","NSW1194450",1.46987177874545,0.343435864563692,0,"629","2","140",-0.103565527692488,0.21764973832602,0.239870336871204,1.70974211561665,NA
"630","NSW1211020",1.46987177874545,-0.109639056446953,0,"630","2","141",0.255818138127598,0.275825139128107,0.146179081680644,1.61605086042609,NA
"631","NSW1200545",1.46987177874545,0.126467738631923,0,"631","2","142",-0.0934380971693805,0.169512693809577,0.0330296414625422,1.50290142020799,NA
"632","NSW1200373",1.46987177874545,0.376242902924713,0,"632","2","143",-0.1642395704709,0.175168059304257,0.212003332453813,1.68187511119926,NA
"633","NSW1211526",1.46987177874545,0.241975708944702,0,"633","2","144",-0.441312532763035,0.213774475255173,-0.199336823818333,1.27053495492711,NA
"634","NSW1212995",1.46987177874545,0.105750122528024,0,"634","2","145",1.00111895561232,0.261889839505303,1.10686907814034,2.57674085688579,NA
"635","NSW1212990",1.46987177874545,-0.0287386131672364,0,"635","2","146",-0.362213117999536,0.205842497684222,-0.390951731166772,1.07892004757867,NA
"636","NSW1190212",1.46987177874545,0.295165162824783,0,"636","2","147",0.239477952853953,0.205826058539055,0.534643115678736,2.00451489442418,NA
"637","NSW1200895",1.46987177874545,0.374174645254447,0,"637","2","148",0.279921144752148,0.215914945340741,0.654095790006595,2.12396756875204,NA
"638","NSW1211539",1.46987177874545,0.151772409070099,0,"638","2","149",-0.241407896519936,0.235513185058038,-0.0896354874498373,1.38023629129561,NA
"639","NSW1200817",1.46987177874545,0.201260985295124,0,"639","2","150",-0.530504658644277,0.210257495056663,-0.329243673349153,1.14062810539629,NA
"640","NSW1200388",1.46987177874545,0.348878031123635,0,"640","2","151",-0.588465618158944,0.208947253105254,-0.239587587035309,1.23028419171014,NA
"641","NSW1200807",1.46987177874545,0.0941309362363147,0,"641","2","152",0.526584720130964,0.197332550660751,0.620715656367279,2.09058743511272,NA
"642","NSW1200420",1.46987177874545,-0.0752955744405802,0,"642","2","153",-0.639335581843298,0.192753273491716,-0.714631156283878,0.755240622461568,NA
"643","NSW1213005",1.46987177874545,0.00525960523669061,0,"643","2","154",-0.15571171537123,0.217828659628336,-0.150452110134539,1.31941966861091,NA
"644","NSW1211533",1.46987177874545,0.014924324914549,0,"644","2","155",-0.325982827485404,0.22576296543028,-0.311058502570855,1.15881327617459,NA
"645","NSW1212991",1.46987177874545,0.0420601385554663,0,"645","2","156",0.360407680382701,0.208570903802658,0.402467818938167,1.87233959768361,NA
"646","NSW1201650",1.46987177874545,0.458447160652144,0,"646","2","157",0.00295013534520316,0.216810352352565,0.461397295997347,1.93126907474279,NA
"647","NSW1213020",1.46987177874545,-0.0330296399572609,0,"647","2","158",-0.117939549531752,0.207367829707485,-0.150969189489013,1.31890258925643,NA
"648","NSW1190163",1.46987177874545,0.37882539732152,0,"648","2","159",-0.631192761844387,0.182890742798928,-0.252367364522867,1.21750441422258,NA
"649","NSW1200466",1.46987177874545,0.297663702109346,0,"649","2","160",-0.248811057463535,0.168662484956956,0.0488526446458116,1.51872442339126,NA
"650","NSW1200623",1.46987177874545,0.195669971690168,0,"650","2","161",-0.869411866365672,0.203848028903927,-0.673741894675503,0.796129884069943,NA
"651","NSW1211511",1.46987177874545,0.110294271827816,0,"651","2","162",-0.675314722282524,0.190441661684771,-0.565020450454708,0.904851328290739,NA
"652","NSW1200371",1.46987177874545,0.249293173122704,0,"652","2","163",-0.0208132815561712,0.174618826682001,0.228479891566533,1.69835167031198,NA
"653","NSW1211592",1.46987177874545,0.367268672436329,0,"653","2","164",-0.42446231232797,0.189727556417495,-0.0571936398916404,1.41267813885381,NA
"654","NSW1212785",1.46987177874545,0.0677382912822255,0,"654","2","165",0.477218329592944,0.189031571530097,0.544956620875169,2.01482839962062,NA
"655","NSW1201616",1.46987177874545,0.341685415201278,0,"655","2","166",0.115196222238238,0.215415261400477,0.456881637439516,1.92675341618496,NA
"656","NSW1212959",1.46987177874545,-0.0316720099892331,0,"656","2","167",-0.366907607209779,0.198919991454985,-0.398579617199012,1.07129216154643,NA
"657","NSW1213034",1.46987177874545,0.0772915417253923,0,"657","2","168",-0.0104282329491509,0.254443745558757,0.0668633087762414,1.53673508752169,NA
"658","NSW1211561",1.46987177874545,0.356704100978172,0,"658","2","169",0.450725525021034,0.219379766570411,0.807429625999206,2.27730140474465,NA
"659","NSW1211542",1.46987177874545,0.0863433063774264,0,"659","2","170",-0.525116796876532,0.197101860442485,-0.438773490499105,1.03109828824634,NA
"660","NSW1200803",1.46987177874545,0.383030439401316,0,"660","2","171",-0.0921815592112546,0.222716816805757,0.290848880190061,1.76072065893551,NA
"661","NSW1211578",1.46987177874545,0.138125321874214,0,"661","2","172",-0.103462324236106,0.16695241185172,0.0346629976381078,1.50453477638355,NA
"662","NSW1190217",1.46987177874545,0.185879411490578,0,"662","2","173",-0.565987380985488,0.205501186044821,-0.38010796949491,1.08976380925054,NA
"663","NSW1211562",1.46987177874545,0.463127451223805,0,"663","2","174",0.0760550871604107,0.169582947901774,0.539182538384216,2.00905431712966,NA
"664","NSW1200672",1.46987177874545,0.0994607502856222,0,"664","2","175",-0.212807489672714,0.244203768144726,-0.113346739387092,1.35652503935835,NA
"665","NSW1201375",1.46987177874545,0.346471974066623,0,"665","2","176",0.0057808861357258,0.20985353662105,0.352252860202349,1.82212463894779,NA
"666","NSW1212972",1.46987177874545,0.00807494491195662,0,"666","2","177",0.741749971843791,0.332593062644295,0.749824916755748,2.21969669550119,NA
"667","NSW1212982",1.46987177874545,-0.049888962482441,0,"667","2","178",0.671999823504766,0.198515580863442,0.622110861022325,2.09198263976777,NA
"668","NSW1166596",1.46987177874545,0.0424742723707985,0,"668","2","179",0.315202782821922,0.230178437216611,0.35767705519272,1.82754883393817,NA
"669","NSW1190191",1.46987177874545,-0.0364294281156691,0,"669","2","180",-0.0138699295513489,0.228412543749375,-0.0502993576670179,1.41957242107843,NA
"670","NSW1200360",1.46987177874545,-0.0666459300090864,0,"670","2","181",-0.0948204322343547,0.177552218730182,-0.161466362243441,1.308405416502,NA
"671","NSW1200363",1.46987177874545,0.223824969241513,0,"671","2","182",-0.591768002748164,0.215017729498595,-0.367943033506651,1.1019287452388,NA
"672","NSW1212979",1.46987177874545,-0.0228111863049165,0,"672","2","183",0.0921285256578308,0.211629599669657,0.0693173393529142,1.53918911809836,NA
"673","NSW1190208",1.46987177874545,0.19525992378443,0,"673","2","184",-0.296199978370464,0.198727696468459,-0.100940054586034,1.36893172415941,NA
"674","NSW1200358",1.46987177874545,0.322244622086589,0,"674","2","185",-0.29307665552865,0.18341439984574,0.0291679665579388,1.49903974530339,NA
"675","NSW1190192",1.46987177874545,-0.000213209444999113,0,"675","2","186",0.270976381842951,0.208108003937273,0.270763172397952,1.7406349511434,NA
"676","NSW1211584",1.46987177874545,0.21208921915474,0,"676","2","187",0.088025835836021,0.196980053330474,0.300115054990761,1.76998683373621,NA
"677","NSW1200622",1.46987177874545,0.00253870762460134,0,"677","2","188",0.355587677922411,0.209200141066249,0.358126385547012,1.82799816429246,NA
"678","NSW1211430",1.46987177874545,0.412652681775105,0,"678","2","189",0.338778985525168,0.196405630862134,0.751431667300272,2.22130344604572,NA
"679","NSW1200777",1.46987177874545,0.221330260350365,0,"679","2","190",0.183231514866727,0.202485640410835,0.404561775217092,1.87443355396254,NA
"680","NSW1211426",1.46987177874545,0.285358860703391,0,"680","2","191",-0.689256630237693,0.180346177695639,-0.403897769534302,1.06597400921114,NA
"681","NSW1211450",1.46987177874545,0.462071568310127,0,"681","2","192",0.155926186395904,0.193837827567418,0.617997754706031,2.08786953345148,NA
"682","NSW1201381",1.46987177874545,0.455537721796776,0,"682","2","193",0.493947324885361,0.178264901979479,0.949485046682137,2.41935682542758,NA
"683","NSW1211527",1.46987177874545,0.0223907639096606,0,"683","2","194",-0.29068760292674,0.165443247173965,-0.26829683901708,1.20157493972837,NA
"684","NSW1194457",1.46987177874545,0.409486023654218,0,"684","2","195",-0.409652333229558,0.208272961257593,-0.000166309575339474,1.46970546917011,NA
"685","NSW1213006",1.46987177874545,-0.0102451982159936,0,"685","2","196",0.582398640063303,0.219055253569309,0.572153441847309,2.04202522059276,NA
"686","NSW1190187",1.46987177874545,0.0533340943324451,0,"686","2","197",-0.7648393342511,0.21180687846974,-0.711505239918655,0.758366538826791,NA
"687","NSW1213010",1.46987177874545,0.032626669196874,0,"687","2","198",-0.0738791825980923,0.207766316537238,-0.0412525134012184,1.42861926534423,NA
"688","NSW1201425",1.46987177874545,0.303769562422518,0,"688","2","199",-0.229250647618724,0.224284679834027,0.0745189148037942,1.54439069354924,NA
"689","NSW1200504",1.46987177874545,0.418851602279457,0,"689","2","200",0.597767740979446,0.213393443766207,1.0166193432589,2.48649112200435,NA
"690","NSW1200920",1.46987177874545,0.266610647823929,0,"690","2","201",0.170723500758427,0.169701171527717,0.437334148582356,1.9072059273278,NA
"691","NSW1200341",1.46987177874545,-0.0140718714597346,0,"691","2","202",0.14142180622857,0.188375172378872,0.127349934768835,1.59722171351428,NA
"692","NSW1200337",1.46987177874545,0.0341521381154064,0,"692","2","203",0.577350917805838,0.251636286105117,0.611503055921245,2.08137483466669,NA
"693","NSW1212988",1.46987177874545,0.059642947952952,0,"693","2","204",0.0411786277141139,0.226535345387958,0.100821575667066,1.57069335441251,NA
"694","NSW1201430",1.46987177874545,0.432729296504187,0,"694","2","205",-0.515103231003863,0.17180070153185,-0.0823739344996753,1.38749784424577,NA
"695","NSW1200824",1.46987177874545,0.368889617083895,0,"695","2","206",0.602530519345277,0.231994814278407,0.971420136429172,2.44129191517462,NA
"696","NSW1212969",1.46987177874545,-0.00791947051934058,0,"696","2","207",0.15902448247339,0.205841191152609,0.151105011954049,1.6209767906995,NA
"697","NSW1190200",1.46987177874545,0.299430899256779,0,"697","2","208",0.172975675705744,0.159561348812311,0.472406574962524,1.94227835370797,NA
"698","NSW1210993",1.46987177874545,-0.0330758190465377,0,"698","2","209",-0.139202276408598,0.259632948549037,-0.172278095455135,1.29759368329031,NA
"699","NSW1211586",1.46987177874545,0.342540802277463,0,"699","2","210",0.0307025521834153,0.198593119173676,0.373243354460878,1.84311513320632,NA
"700","NSW1201409",1.46987177874545,0.410534563478051,0,"700","2","211",0.130328951854227,0.225942181865531,0.540863515332277,2.01073529407772,NA
"701","NSW1200853",1.46987177874545,0.288271040534525,0,"701","2","212",-0.10357110530454,0.195482055328703,0.184699935229985,1.65457171397543,NA
"702","NSW1212960",1.46987177874545,-0.07751102773035,0,"702","2","213",-0.221416983093522,0.228543947299264,-0.298928010823872,1.17094376792157,NA
"703","NSW1200607",1.46987177874545,0.114650765381773,0,"703","2","214",-0.041207804685947,0.210596527284578,0.073442960695826,1.54331473944127,NA
"704","NSW1212957",1.46987177874545,0.0493481122604672,0,"704","2","215",0.345643689481054,0.263707454127483,0.394991801741521,1.86486358048697,NA
"705","NSW1212983",1.46987177874545,0.139542321496784,0,"705","2","216",-0.0176981335602994,0.233807375733012,0.121844187936485,1.59171596668193,NA
"706","NSW1166654",1.46987177874545,0.161749052716181,0,"706","2","217",0.381829214367016,0.224403229164068,0.543578267083196,2.01345004582864,NA
"707","NSW1212993",1.46987177874545,0.0346547008925141,0,"707","2","218",0.588031365664352,0.246207633737943,0.622686066556866,2.09255784530231,NA
"708","NSW1200374",1.46987177874545,-0.0541013655316692,0,"708","2","219",0.133295254867047,0.241441325497512,0.0791938893353777,1.54906566808082,NA
"709","NSW1200617",1.46987177874545,0.176673857167989,0,"709","2","220",-0.26207066555387,0.224928598104324,-0.0853968083858816,1.38447497035956,NA
"710","NSW1212962",1.46987177874545,0.0578821172674998,0,"710","2","221",0.660048007538859,0.198130251182968,0.717930124806359,2.18780190355181,NA
"711","NSW1213029",1.46987177874545,-0.0179133871029074,0,"711","2","222",-0.4626807564622,0.201707722783837,-0.480594143565107,0.989277635180339,NA
"712","NSW1200393",1.46987177874545,0.226582449517815,0,"712","2","223",0.0914063297229773,0.201025943762302,0.317988779240792,1.78786055798624,NA
"713","NSW1211566",1.46987177874545,0.329987188964984,0,"713","2","224",-0.50737015084244,0.240389704414207,-0.177382961877456,1.29248881686799,NA
"714","NSW1200523",1.46987177874545,0.340592149944043,0,"714","2","225",0.26652602509813,0.210489761847622,0.607118175042173,2.07698995378762,NA
"715","NSW1201356",1.46987177874545,0.463081500561966,0,"715","2","226",0.221654929690663,0.252927589579265,0.684736430252629,2.15460820899808,NA
"716","NSW1200534",1.46987177874545,0.408341655889769,0,"716","2","227",0.0956505633879757,0.236719943379949,0.503992219277745,1.97386399802319,NA
"717","NSW1200772",1.46987177874545,0.242148968632689,0,"717","2","228",0.274123742423415,0.208360395019281,0.516272711056105,1.98614448980155,NA
"718","NSW1200792",1.46987177874545,0.199642343466938,0,"718","2","229",-0.181396524911826,0.217452902591085,0.0182458185551126,1.48811759730056,NA
"719","NSW1200516",1.46987177874545,0.230177616291475,0,"719","2","230",-0.268272606445948,0.130916738428922,-0.0380949901544724,1.43177678859097,NA
"720","NSW1212967",1.46987177874545,-0.154675026406713,0,"720","2","231",0.401165735228179,0.211239660341377,0.246490708821465,1.71636248756691,NA
"721","NSW1213036",1.46987177874545,-0.0757512965577729,0,"721","2","232",-0.00487472905429234,0.23544458965442,-0.0806260256120653,1.38924575313338,NA
"722","NSW1200610",1.46987177874545,0.307604434839456,0,"722","2","233",-0.129603388163463,0.221188246756289,0.178001046675994,1.64787282542144,NA
"723","NSW1200812",1.46987177874545,0.0715093332936569,0,"723","2","234",-0.0264611576147994,0.182047134985687,0.0450481756788575,1.5149199544243,NA
"724","NSW1166601",1.46987177874545,-0.0486541080059287,0,"724","2","235",-0.21269639193945,0.173001467637254,-0.261350499945379,1.20852127880007,NA
"725","NSW1190184",1.46987177874545,-0.0128324636721911,0,"725","2","236",-0.230450600011325,0.251673574843908,-0.243283063683516,1.22658871506193,NA
"726","NSW1200597",1.46987177874545,0.0758810198732808,0,"726","2","237",-0.135212684560632,0.180750884833351,-0.0593316646873513,1.41054011405809,NA
"727","NSW1200616",1.46987177874545,0.123763784181936,0,"727","2","238",0.208206858148092,0.19204944886822,0.331970642330028,1.80184242107547,NA
"728","NSW1201404",1.46987177874545,0.218899979942351,0,"728","2","239",0.163377989079296,0.194360841551947,0.382277969021648,1.85214974776709,NA
"729","NSW1200592",1.46987177874545,0.033941768541263,0,"729","2","240",0.291528737511496,0.208344740276329,0.325470506052759,1.79534228479821,NA
"730","NSW1190203",1.46987177874545,0.359552380497339,0,"730","2","241",0.426155278197764,0.19886106821908,0.785707658695103,2.25557943744055,NA
"731","NSW1211536",1.46987177874545,0.216255889405589,0,"731","2","242",-0.0746670534371825,0.169171900748806,0.141588835968407,1.61146061471385,NA
"732","NSW1200424",1.46987177874545,-0.0555396941886385,0,"732","2","243",0.0434285929568751,0.24944641907576,-0.0121111012317634,1.45776067751368,NA
"733","NSW1212846",1.46987177874545,-0.0212995591440724,0,"733","2","244",0.472231089100916,0.243164669568866,0.450931529956843,1.92080330870229,NA
"734","NSW1200804",1.46987177874545,0.51210669401478,0,"734","2","245",0.137655890648212,0.200516371005076,0.649762584662992,2.11963436340844,NA
"735","NSW1210995",1.46987177874545,0.0229907840162546,0,"735","2","246",0.280829420104798,0.173044161578711,0.303820204121052,1.7736919828665,NA
"736","NSW1212968",1.46987177874545,-0.0597558802702413,0,"736","2","247",0.730821219415967,0.214784650588618,0.671065339145725,2.14093711789117,NA
"737","NSW1200591",1.46987177874545,0.0368638927867637,0,"737","2","248",0.447346981477532,0.201855949470559,0.484210874264296,1.95408265300974,NA
"738","NSW1213000",1.46987177874545,0.0143161675382361,0,"738","2","249",0.464098110091327,0.219954826153378,0.478414277629563,1.94828605637501,NA
"739","NSW1200797",1.46987177874545,0.133035839614733,0,"739","2","250",0.186507485815622,0.154210443772369,0.319543325430356,1.7894151041758,NA
"740","NSW1212964",1.46987177874545,-0.0451477749246188,0,"740","2","251",-0.698869373107537,0.20894950921235,-0.744017148032156,0.725854630713291,NA
"741","NSW1200338",1.46987177874545,0.262029844719031,0,"741","2","252",-0.135590854225368,0.204372458780519,0.126438990493663,1.59631076923911,NA
"742","NSW1213003",1.46987177874545,0.110426368205606,0,"742","2","253",0.182072477546755,0.216433232224672,0.292498845752361,1.76237062449781,NA
"743","NSW1190162",1.46987177874545,0.158600215678824,0,"743","2","254",-0.728847515031072,0.241221608980266,-0.570247299352248,0.899624479393198,NA
"744","NSW1200769",1.46987177874545,0.290312035838871,0,"744","2","255",-0.0544175133605448,0.16378837887206,0.235894522478326,1.70576630122377,NA
"745","NSW1200403",1.46987177874545,0.232083988909054,0,"745","2","256",-0.24875781404682,0.18299189388004,-0.0166738251377651,1.45319795360768,NA
"746","NSW1200355",1.46987177874545,-0.371651552976238,0,"746","2","257",0.254993954857587,0.421646520985494,-0.116657598118652,1.35321418062679,NA
"747","NSW1212965",1.46987177874545,-0.181461195691712,0,"747","2","258",-0.117652692090103,0.230092587407745,-0.299113887781815,1.17075789096363,NA
"748","NSW1200369",1.46987177874545,-0.0987114380708794,0,"748","2","259",0.270145835262118,0.213681559644837,0.171434397191239,1.64130617593668,NA
"749","NSW1211589",1.46987177874545,-0.202544414941628,0,"749","2","260",0.250602433325693,0.361086595088881,0.0480580183840647,1.51792979712951,NA
"750","NSW1200611",1.46987177874545,0.182868766258685,0,"750","2","261",-0.117957350924494,0.161486562946626,0.0649114153341912,1.53478319407964,NA
"751","NSW1211538",1.46987177874545,0.110963704512393,0,"751","2","262",-0.521838704723628,0.147904277930181,-0.410875000211235,1.05899677853421,NA
"752","NSW1190172",1.46987177874545,0.410730087339719,0,"752","2","263",-0.212184825029521,0.199235226248389,0.198545262310198,1.66841704105564,NA
"753","NSW1211437",1.46987177874545,0.344915277215194,0,"753","2","264",0.0303336407166232,0.241516142659571,0.375248917931817,1.84512069667726,NA
"754","NSW1200656",1.46987177874545,0.0169837891435437,0,"754","2","265",-0.193687665495404,0.21839006020008,-0.17670387635186,1.29316790239359,NA
"755","NSW1200823",1.46987177874545,0.356985157173157,0,"755","2","266",0.409438666987989,0.234894903165669,0.766423824161146,2.23629560290659,NA
"756","NSW1200802",1.46987177874545,0.195550353567313,0,"756","2","267",0.278792569524957,0.230581666087524,0.47434292309227,1.94421470183772,NA
"757","NSW1211575",1.46987177874545,-0.0123535987050879,0,"757","2","268",-0.573263443902272,0.167599926641267,-0.58561704260736,0.884254736138087,NA
"758","NSW1200430",1.46987177874545,-0.0217637967117893,0,"758","2","269",0.28092661112007,0.154432659199024,0.25916281440828,1.72903459315373,NA
"759","NSW1200378",1.46987177874545,0.190210734377294,0,"759","2","270",0.34978680779007,0.201088140776269,0.539997542167364,2.00986932091281,NA
"760","NSW1200840",1.46987177874545,0.344162034838438,0,"760","2","271",0.122978907167941,0.218492018116902,0.46714094200638,1.93701272075183,NA
"761","NSW1201366",1.46987177874545,0.291612549069737,0,"761","2","272",-0.0835459980908601,0.203149848594828,0.208066550978877,1.67793832972432,NA
"762","NSW1211569",1.46987177874545,0.328414791755396,0,"762","2","273",-0.510952927017971,0.193391804431099,-0.182538135262575,1.28733364348287,NA
"763","NSW1210940",1.46987177874545,-0.00736031178351532,0,"763","2","274",0.327352487443293,0.211912164180733,0.319992175659778,1.78986395440522,NA
"764","NSW1200838",1.46987177874545,0.0151225555314439,0,"764","2","275",-0.491309397839361,0.226721188303187,-0.476186842307917,0.993684936437529,NA
"765","NSW1200419",1.46987177874545,-0.0310026876904957,0,"765","2","276",-0.276220622718555,0.233527120782284,-0.30722331040905,1.1626484683364,NA
"766","NSW1200909",1.46987177874545,0.436158484148597,0,"766","2","277",0.223739113205603,0.21393297801351,0.659897597354201,2.12976937609965,NA
"767","NSW1211572",1.46987177874545,0.225880955547797,0,"767","2","278",0.748693440195056,0.216784943283563,0.974574395742853,2.4444461744883,NA
"768","NSW1201401",1.46987177874545,0.260351068091328,0,"768","2","279",0.791566235929488,0.235905675323629,1.05191730402082,2.52178908276626,NA
"769","NSW1200893",1.46987177874545,0.14500887976096,0,"769","2","280",-0.854064279150092,0.212190666561196,-0.709055399389132,0.760816379356314,NA
"770","NSW1200879",1.46987177874545,0.155047527211558,0,"770","2","281",0.420257051905542,0.155508303305105,0.5753045791171,2.04517635786255,NA
"771","NSW1200596",1.46987177874545,-0.119953359898235,0,"771","2","282",-0.353386144805283,0.293167781864933,-0.473339504703518,0.996532274041928,NA
"772","NSW1213023",1.46987177874545,-0.0133176168024096,0,"772","2","283",0.410660745395736,0.258154992303037,0.397343128593326,1.86721490733877,NA
"773","NSW1211510",1.46987177874545,0.00757773204110102,0,"773","2","284",-0.232294129305438,0.235836807818295,-0.224716397264337,1.24515538148111,NA
"774","NSW1200342",1.46987177874545,-0.0689248957193097,0,"774","2","285",-0.33968566654079,0.233873851192003,-0.408610562260099,1.06126121648535,NA
"775","NSW1200540",1.46987177874545,0.12413395953251,0,"775","2","286",-0.591756827297596,0.180669336349554,-0.467622867765086,1.00224891098036,NA
"776","NSW1211585",1.46987177874545,-0.0821510388341148,0,"776","2","287",-0.423241260667415,0.237444471799263,-0.50539229950153,0.964479479243916,NA
"777","NSW1212958",1.46987177874545,-0.0616169850906311,0,"777","2","288",0.0759581530199289,0.209325307886739,0.0143411679292978,1.48421294667474,NA
"778","NSW1201627",1.46987177874545,0.462488459660463,0,"778","2","289",-0.108792409188609,0.22023835458056,0.353696050471855,1.8235678292173,NA
"779","NSW1210988",1.46987177874545,0.0424175375643273,0,"779","2","290",-1.33969583371565,0.263614902366008,-1.29727829615132,0.172593482594126,NA
"780","NSW1200915",1.46987177874545,0.297113913205057,0,"780","2","291",0.147309195244899,0.177660919013263,0.444423108449957,1.9142948871954,NA
"781","NSW1200398",1.46987177874545,0.272434541071116,0,"781","2","292",-0.96948773135854,0.194035695039298,-0.697053190287423,0.772818588458023,NA
"782","NSW1212963",1.46987177874545,-0.0639191423243404,0,"782","2","293",0.650774142984873,0.255544334144529,0.586855000660533,2.05672677940598,NA
"783","NSW1200519",1.46987177874545,0.37423296169374,0,"783","2","294",-0.537270700118896,0.230878358960289,-0.163037738425156,1.30683404032029,NA
"784","NSW1211436",1.46987177874545,0.408730537204987,0,"784","2","295",-0.0355494390296875,0.203153241697771,0.373181098175299,1.84305287692075,NA
"785","NSW1212984",1.46987177874545,0.00768435235673243,0,"785","2","296",-0.507908002739204,0.171938959663334,-0.500223650382472,0.969648128362975,NA
"786","NSW1211431",1.46987177874545,0.309944144673762,0,"786","2","297",-0.035089983846364,0.256723155723015,0.274854160827398,1.74472593957284,NA
"787","NSW1211557",1.46987177874545,0.251810200625374,0,"787","2","298",0.217478594130696,0.217815012921428,0.46928879475607,1.93916057350152,NA
"788","NSW1190166",1.46987177874545,0.353043815089875,0,"788","2","299",0.100650187572984,0.203712051917359,0.453694002662858,1.9235657814083,NA
"789","NSW1200368",1.46987177874545,0.276911729336547,0,"789","2","300",-0.366991144156887,0.218736093453259,-0.0900794148203405,1.37979236392511,NA
"790","NSW1200809",1.46987177874545,0.444914018510472,0,"790","2","301",-0.0911348024962535,0.200193892085591,0.353779216014218,1.82365099475966,NA
"791","NSW1213024",1.46987177874545,0.0586268330159933,0,"791","2","302",0.461687982973121,0.205152733581406,0.520314815989114,1.99018659473456,NA
"792","NSW1190169",1.46987177874545,0.33209853057466,0,"792","2","303",0.172942010332173,0.163392032551006,0.505040540906833,1.97491231965228,NA
"793","NSW1200348",1.46987177874545,0.106709523126945,0,"793","2","304",-0.543718632341218,0.204224759314078,-0.437009109214272,1.03286266953117,NA
"794","NSW1200383",1.46987177874545,0.306298253594614,0,"794","2","305",0.188679127008306,0.214684295032915,0.49497738060292,1.96484915934837,NA
"795","NSW1212986",1.46987177874545,0.027138790818214,0,"795","2","306",-0.495035440417705,0.205810254964355,-0.467896649599491,1.00197512914596,NA
"796","NSW1200602",1.46987177874545,0.208926365406007,0,"796","2","307",-0.084713087418828,0.21367105604441,0.124213277987179,1.59408505673263,NA
"797","NSW1211535",1.46987177874545,0.0593533425428711,0,"797","2","308",0.11122811467706,0.228850517834149,0.170581457219931,1.64045323596538,NA
"798","NSW1212953",1.46987177874545,-0.0401795696062846,0,"798","2","309",-0.292923229852938,0.24753159239645,-0.333102799459222,1.13676897928622,NA
"799","NSW1200794",1.46987177874545,0.398056787435841,0,"799","2","310",-0.235369090519457,0.227696667387377,0.162687696916384,1.63255947566183,NA
"800","NSW1201361",1.46987177874545,0.30259824607327,0,"800","2","311",-0.0819110378484932,0.195982122219619,0.220687208224777,1.69055898697022,NA
"801","NSW1211537",1.46987177874545,-0.000594474653193205,0,"801","2","312",-0.390411483014436,0.218578386980337,-0.391005957667629,1.07886582107782,NA
"802","NSW1200601",1.46987177874545,0.100658847475005,0,"802","2","313",0.402965755112853,0.230670450280644,0.503624602587858,1.9734963813333,NA
"803","NSW1200538",1.46987177874545,0.371887180026459,0,"803","2","314",-0.0366552044449703,0.235314063477577,0.335231975581488,1.80510375432693,NA
"804","NSW1212996",1.46987177874545,-0.00335303160700709,0,"804","2","315",-0.22832238944084,0.190332511333753,-0.231675421047847,1.2381963576976,NA
"805","NSW1211574",1.46987177874545,0.232036175882523,0,"805","2","316",0.13527643162659,0.196322544147335,0.367312607509113,1.83718438625456,NA
"806","NSW1200606",1.46987177874545,0.106666416869981,0,"806","2","317",-0.0598829392009316,0.259302406221743,0.0467834776690496,1.5166552564145,NA
"807","NSW1200844",1.46987177874545,0.222820456742168,0,"807","2","318",-0.290385550731552,0.134819647313184,-0.0675650939893845,1.40230668475606,NA
"808","NSW1211432",1.46987177874545,0.44372215256319,0,"808","2","319",0.269008069131755,0.242518588077444,0.712730221694945,2.18260200044039,NA
"809","NSW1201386",1.46987177874545,0.321930009409397,0,"809","2","320",-0.282554669346311,0.214114887063947,0.0393753400630867,1.50924711880853,NA
"810","NSW1212894",1.46987177874545,-0.168871669349684,0,"810","2","321",0.976976270029384,0.316516719747595,0.8081046006797,2.27797637942515,NA
"811","NSW1211573",1.46987177874545,0.152869005229905,0,"811","2","322",-0.0791901006061939,0.235856459197019,0.0736789046237112,1.54355068336916,NA
"812","NSW1211567",1.46987177874545,0.317849658016191,0,"812","2","323",-0.200485088132481,0.18668245840837,0.11736456988371,1.58723634862916,NA
"813","NSW1201385",1.46987177874545,0.275664389187638,0,"813","2","324",0.179578326260421,0.225628125881194,0.455242715448059,1.92511449419351,NA
"814","NSW1201357",1.46987177874545,0.385353096631279,0,"814","2","325",0.399505383660362,0.24242038973564,0.784858480291641,2.25473025903709,NA
"815","NSW1211435",1.46987177874545,0.373779985383256,0,"815","2","326",-0.202365916972286,0.178505965877645,0.17141406841097,1.64128584715642,NA
"816","NSW1200555",1.46987177874545,0.170654197437311,0,"816","2","327",-0.733476671900092,0.184322940518993,-0.56282247446278,0.907049304282666,NA
"817","NSW1200399",1.46987177874545,0.227983876516964,0,"817","2","328",-0.535275198725996,0.178358575196643,-0.307291322209032,1.16258045653641,NA
"818","NSW1200894",1.46987177874545,0.290866114337056,0,"818","2","329",0.182557455804683,0.191065157192511,0.473423570141739,1.94329534888719,NA
"819","NSW1211457",1.46987177874545,0.385349254865874,0,"819","2","330",0.313190071007213,0.173173196827241,0.698539325873087,2.16841110461853,NA
"820","NSW1200854",1.46987177874545,0.24145351094291,0,"820","2","331",-0.142511537860102,0.226381661630782,0.0989419730828075,1.56881375182825,NA
"821","NSW1200888",1.46987177874545,0.176437962763095,0,"821","2","332",0.953042053963465,0.171155097287255,1.12948001672656,2.59935179547201,NA
"822","NSW1201626",1.46987177874545,0.413933749419132,0,"822","2","333",0.229450619557579,0.221219008603198,0.643384368976711,2.11325614772216,NA
"823","NSW1200553",1.46987177874545,0.407802890300605,0,"823","2","334",0.322923596597863,0.222735454980175,0.730726486898468,2.20059826564391,NA
"824","NSW1213008",1.46987177874545,-0.0364893974646135,0,"824","2","335",0.221857286223482,0.233836296397062,0.185367888758868,1.65523966750431,NA
"825","NSW1200671",1.46987177874545,-0.0549805578023602,0,"825","2","336",-0.285755283040608,0.238654774410619,-0.340735840842968,1.12913593790248,NA
"826","NSW1212955",1.46987177874545,-0.0896148702256562,0,"826","2","337",-0.18677546068476,0.184929364623864,-0.276390330910416,1.19348144783503,NA
"827","NSW1212999",1.46987177874545,-0.0301625556058886,0,"827","2","338",-0.0509867473192009,0.229442524561333,-0.0811493029250895,1.38872247582036,NA
"828","NSW1213018",1.46987177874545,0.0487797105542404,0,"828","2","339",0.307587367254549,0.242320267302609,0.356367077808789,1.82623885655424,NA
"829","NSW1212861",1.46987177874545,0.0811627426299546,0,"829","2","340",0.520808004517461,0.198475118990687,0.601970747147416,2.07184252589286,NA
"830","NSW1200526",1.46987177874545,0.113067471377141,0,"830","2","341",-0.300551893289885,0.19967091692199,-0.187484421912744,1.2823873568327,NA
"831","NSW1212978",1.46987177874545,0.0470617410041783,0,"831","2","342",0.589695547835818,0.219788476416887,0.636757288839997,2.10662906758544,NA
"832","NSW1200548",1.46987177874545,0.442367382264092,0,"832","2","343",-0.575270850698561,0.17587860048328,-0.132903468434468,1.33696831031098,NA
"833","NSW1200843",1.46987177874545,0.351340511513001,0,"833","2","344",0.369531287126768,0.259496584067616,0.720871798639769,2.19074357738522,NA
"834","NSW1200898",1.46987177874545,0.178504862334004,0,"834","2","345",0.748111174287486,0.197138912518777,0.92661603662149,2.39648781536694,NA
"835","NSW1213031",1.46987177874545,-0.0132700161100427,0,"835","2","346",-0.114333368100133,0.23001291810054,-0.127603384210176,1.34226839453527,NA
"836","NSW1211425",1.46987177874545,0.358312258160733,0,"836","2","347",-0.191709732595102,0.217363999209276,0.166602525565631,1.63647430431108,NA
"837","NSW1210966",1.46987177874545,0.207130404398248,0,"837","2","348",-0.00152362778033367,0.22228972972173,0.205606776617914,1.67547855536336,NA
"838","NSW1200899",1.46987177874545,0.268927025705405,0,"838","2","349",0.0926470090004173,0.207391920809596,0.361574034705823,1.83144581345127,NA
"839","NSW1212973",1.46987177874545,-0.0485717506796982,0,"839","2","350",0.120614991969312,0.26173234142919,0.0720432412896134,1.54191502003506,NA
"840","NSW1211540",1.46987177874545,0.147207608113768,0,"840","2","351",-0.245050148455473,0.191722681138943,-0.0978425403417049,1.37202923840374,NA
"841","NSW1201406",1.46987177874545,0.420361493269404,0,"841","2","352",-0.23178574926324,0.230994320816352,0.188575744006164,1.65844752275161,NA
"842","NSW1200889",1.46987177874545,0.314332616140167,0,"842","2","353",0.147905382014998,0.188468957086976,0.462237998155165,1.93210977690061,NA
"843","NSW1200904",1.46987177874545,0.420720248538636,0,"843","2","354",0.33392598703083,0.216966151458587,0.754646235569466,2.22451801431491,NA
"844","NSW1213014",1.46987177874545,0.00574747376194626,0,"844","2","355",-0.382035715887323,0.226747946332322,-0.376288242125377,1.09358353662007,NA
"845","NSW1211588",1.46987177874545,0.172795505243233,0,"845","2","356",-0.349817355744013,0.213419075157898,-0.17702185050078,1.29284992824467,NA
"846","NSW1213035",1.46987177874545,-0.000120389125685461,0,"846","2","357",0.555524397547285,0.152853668331934,0.555404008421599,2.02527578716705,NA
"847","NSW1200510",1.46987177874545,0.132534691146533,0,"847","2","358",-0.0613798672706614,0.16270826560966,0.0711548238758715,1.54102660262132,NA
"848","NSW1211532",1.46987177874545,-0.045477074972374,0,"848","2","359",0.635467245468683,0.249118647482465,0.589990170496309,2.05986194924176,NA
"849","NSW1200924",1.46987177874545,0.409201780702223,0,"849","2","360",0.502642168613959,0.217096368295822,0.911843949316182,2.38171572806163,NA
"850","NSW1200782",1.46987177874545,0.0476716810078955,0,"850","2","361",-0.318724730833148,0.20384763583105,-0.271053049825252,1.19881872892019,NA
"851","NSW1212998",1.46987177874545,-0.0384844598971953,0,"851","2","362",0.720898756143904,0.186957599843732,0.682414296246708,2.15228607499215,NA
"852","NSW1211587",1.46987177874545,0.148552687068564,0,"852","2","363",0.538168423532018,0.198397070794677,0.686721110600582,2.15659288934603,NA
"853","NSW1200359",1.46987177874545,0.00190363187565484,0,"853","2","364",0.627904753167836,0.256044832603547,0.629808385043491,2.09968016378894,NA
"854","NSW1212989",1.46987177874545,0.0369599096490158,0,"854","2","365",-0.0185218976034414,0.227210641458248,0.0184380120455743,1.48830979079102,NA
"855","NSW1201429",1.46987177874545,0.3293739945468,0,"855","2","366",-0.158606415436184,0.212591023385575,0.170767579110615,1.64063935785606,NA
"856","NSW1200918",1.46987177874545,0.188664923435443,0,"856","2","367",0.309505446445329,0.202955430468825,0.498170369880772,1.96804214862622,NA
"857","NSW1190209",1.46987177874545,0.282764749882833,0,"857","2","368",0.146904432757317,0.192453538346726,0.429669182640149,1.8995409613856,NA
"858","NSW1200404",1.46987177874545,0.0895685572332,0,"858","2","369",-0.127181958803455,0.173644991247478,-0.0376134015702552,1.43225837717519,NA
"859","NSW1211509",1.46987177874545,0.013510477094282,0,"859","2","370",-0.402526436634213,0.169336453700245,-0.389015959539931,1.08085581920552,NA
"860","NSW1200421",1.46987177874545,0.0615903246087333,0,"860","2","371",-0.67534172613552,0.203776037545515,-0.613751401526787,0.856120377218659,NA
"861","NSW1200908",1.46987177874545,0.15793309132913,0,"861","2","372",-0.0856859428266699,0.16373786533211,0.0722471485024598,1.54211892724791,NA
"862","NSW1213028",1.46987177874545,-0.056435213960245,0,"862","2","373",-0.0361485614383588,0.200131756915205,-0.0925837753986038,1.37728800334684,NA
"863","NSW1201632",1.46987177874545,0.50201470576057,0,"863","2","374",0.125083759586509,0.203724694497069,0.627098465347079,2.09697024409253,NA
"864","NSW1200461",1.46987177874545,0.269077527448113,0,"864","2","375",0.189722821434233,0.200620346107368,0.458800348882345,1.92867212762779,NA
"865","NSW1200590",1.46987177874545,-0.0082518512197397,0,"865","2","376",-0.331076413258539,0.149958681181235,-0.339328264478279,1.13054351426717,NA
"866","NSW1212975",1.46987177874545,0.0776175949166874,0,"866","2","377",0.0955849014356267,0.214281358051615,0.173202496352314,1.64307427509776,NA
"867","NSW1201621",1.46987177874545,0.351928008797293,0,"867","2","378",0.0588776755198249,0.211896464189713,0.410805684317117,1.88067746306256,NA
"868","NSW1210994",1.46987177874545,0.0625755313272093,0,"868","2","379",-0.564200638724059,0.184475439980624,-0.50162510739685,0.968246671348596,NA
"869","NSW1190186",1.46987177874545,0.0424756038661051,0,"869","2","380",0.123095282362743,0.213344304598481,0.165570886228848,1.63544266497429,NA
"870","NSW1213009",1.46987177874545,0.0537549143311213,0,"870","2","381",0.154029416896077,0.216560599352071,0.207784331227199,1.67765610997264,NA
"871","NSW1213004",1.46987177874545,0.0709320915142372,0,"871","2","382",0.351270685694324,0.230213936784493,0.422202777208561,1.89207455595401,NA
"872","NSW1200595",1.46987177874545,-0.00763775533923244,0,"872","2","383",-0.37260384063264,0.224977666465946,-0.380241595971872,1.08963018277357,NA
"873","NSW1211590",1.46987177874545,0.0331965681846381,0,"873","2","384",-0.13162477604755,0.223618526492893,-0.0984282078629119,1.37144357088253,NA
"874","NSW1213026",1.46987177874545,0.0787813022856836,0,"874","2","385",0.487518377469836,0.215080502326992,0.56629967975552,2.03617145850097,NA
"875","NSW1200798",1.46987177874545,-0.0413784179117251,0,"875","2","386",-0.0765683304520341,0.250035990923684,-0.117946748363759,1.35192503038169,NA
"876","NSW1190171",1.46987177874545,0.340408029213613,0,"876","2","387",-0.331717871272369,0.159455528906994,0.00869015794124478,1.47856193668669,NA
"877","NSW1211447",1.46987177874545,0.331678276308865,0,"877","2","388",0.203616660576481,0.181224361101242,0.535294936885346,2.00516671563079,NA
"878","NSW1200652",1.46987177874545,0.0313999892565772,0,"878","2","389",-0.77778382595978,0.253273146071234,-0.746383836703203,0.723487942042243,NA
"879","NSW1211571",1.46987177874545,0.255403455729466,0,"879","2","390",0.235082004988296,0.201936299242845,0.490485460717762,1.96035723946321,NA
"880","NSW1200612",1.46987177874545,0.115813958633159,0,"880","2","391",-0.103571339647452,0.187075973581315,0.0122426189857072,1.48211439773115,NA
"881","NSW1213019",1.46987177874545,0.0327452567462586,0,"881","2","392",-0.364337227879351,0.191554974128103,-0.331591971133093,1.13827980761235,NA
"882","NSW1190193",1.46987177874545,0.308114457989381,0,"882","2","393",0.630311186468106,0.198596381804411,0.938425644457487,2.40829742320293,NA
"883","NSW1200621",1.46987177874545,0.0934928519035363,0,"883","2","394",0.258838361119655,0.179422714764941,0.352331213023191,1.82220299176864,NA
"884","NSW1211452",1.46987177874545,-0.0178551996219081,0,"884","2","395",-0.469206490305495,0.224066634924018,-0.487061689927403,0.982810088818043,NA
"885","NSW1210997",1.46987177874545,0.124554365861956,0,"885","2","396",0.0863273677721578,0.177584120275659,0.210881733634113,1.68075351237956,NA
"886","NSW1201424",1.46987177874545,0.374505433938035,0,"886","2","397",-0.676761588233263,0.252517764934298,-0.302256154295229,1.16761562445022,NA
"887","NSW1213002",1.46987177874545,0.0432884202992427,0,"887","2","398",0.472423465903663,0.204704273934506,0.515711886202906,1.98558366494835,NA
"888","NSW1201367",1.46987177874545,0.415402155585112,0,"888","2","399",-0.814098559481154,0.200399621893842,-0.398696403896042,1.0711753748494,NA
"889","NSW1200903",1.46987177874545,0.158352245329481,0,"889","2","400",-0.145616078775032,0.211880116701533,0.0127361665544488,1.48260794529989,NA
"890","NSW1212974",1.46987177874545,0.00909255094807146,0,"890","2","401",-0.113380351710832,0.226287310790346,-0.104287800762761,1.36558397798269,NA
"891","NSW1211531",1.46987177874545,0.165175172802476,0,"891","2","402",0.0425002487387277,0.140209849792482,0.207675421541203,1.67754720028665,NA
"892","NSW1190170",1.46987177874545,0.408204664101712,0,"892","2","403",-0.205388516934083,0.194889501002706,0.202816147167628,1.67268792591307,NA
"893","NSW1211579",1.46987177874545,0.112291364635628,0,"893","2","404",-0.00163570333506968,0.239818025786269,0.110655661300558,1.580527440046,NA
"894","NSW1200913",1.46987177874545,0.171091653662156,0,"894","2","405",-0.557737762904468,0.265821108703006,-0.386646109242312,1.08322566950313,NA
"895","NSW1212899",1.46987177874545,-0.0138046070591329,0,"895","2","406",-0.0431481038936583,0.225363803175395,-0.0569527109527912,1.41291906779265,NA
"896","NSW1212954",1.46987177874545,0.143286605463754,0,"896","2","407",-0.0652321667237351,0.239125749320417,0.0780544387400191,1.54792621748547,NA
"897","NSW1200874",1.46987177874545,0.289825148366717,0,"897","2","408",0.365864734519069,0.177449216231554,0.655689882885786,2.12556166163123,NA
"898","NSW1200367",1.46987177874545,0.221927161324264,0,"898","2","409",-0.632266882647967,0.183416163444818,-0.410339721323703,1.05953205742174,NA
"899","NSW1211563",1.46987177874545,0.387245688854282,0,"899","2","410",-0.939911957934173,0.172550630236593,-0.552666269079891,0.917205509665555,NA
"900","NSW1200667",1.46987177874545,-0.124415861958309,0,"900","2","411",-0.746670007504302,0.21047156116566,-0.871085869462611,0.598785909282835,NA
"901","NSW1200832",1.46987177874545,0.160170889928094,0,"901","2","412",0.0127977340479223,0.169095706289193,0.172968623976017,1.64284040272146,NA
"902","NSW1211580",1.46987177874545,-0.00571372255199773,0,"902","2","413",-0.157573486065183,0.239051269160043,-0.163287208617181,1.30658457012827,NA
"903","NSW1201435",1.46987177874545,0.328321069669462,0,"903","2","414",-0.492495961745694,0.20437932889685,-0.164174892076232,1.30569688666921,NA
"904","NSW1200600",1.46987177874545,0.0640860594530311,0,"904","2","415",0.0915607966650154,0.21711999067726,0.155646856118047,1.62551863486349,NA
"905","NSW1212994",1.46987177874545,0.0549260788777511,0,"905","2","416",0.0134349810046639,0.215259279376412,0.068361059882415,1.53823283862786,NA
"906","NSW1211591",1.46987177874545,0.258108393374009,0,"906","2","417",0.430934393947175,0.22732143895094,0.689042787321184,2.15891456606663,NA
