"","Taxa","BLUE.N","BLUE.I","QTNs","Group","RefInf","ID","BLUP","PEV","gBreedingValue","Prediction","COI"
"1","S_1007_S311",1.34261074516499,0.134234522444757,0,"  1","1","  1",0.524067317121308,0.321914403041933,0.658301839566065,2.00091258473106,1.8612097182042
"2","S_102_S245",1.34261074516499,-0.0478128086049669,0,"  2","1","  2",0.689747149004549,0.34416435600625,0.641934340399582,1.98454508556458,1.65487545982344
"3","S_1031_S380",1.34261074516499,0.0978054105146393,0,"  3","1","  3",-0.0445424880648104,0.314702889654547,0.0532629224498289,1.39587366761482,1
"4","S_1045_S231",1.34261074516499,0.171353346157457,0,"  4","1","  4",-0.945034010251129,0.329475950603463,-0.773680664093673,0.568930081071321,0
"5","S_1052_S227",1.34261074516499,0.158612920538103,0,"  5","1","  5",0.450523717608837,0.313989296747463,0.609136638146941,1.95174738331193,2.11474252688113
"6","S_1054_S345",1.34261074516499,0.18599147868224,0,"  6","1","  6",0.180727953168833,0.351905331766235,0.366719431851073,1.70933017701607,0.840896415253715
"7","S_1057_S302",1.34261074516499,0.105374871709522,0,"  7","1","  7",-0.489403505865127,0.304381445838148,-0.384028634155606,0.958582111009388,0.840896415253715
"8","S_106_S223",1.34261074516499,0.0133844388034503,0,"  8","1","  8",-0.0894710116841141,0.337144676088872,-0.0760865728806638,1.26652417228433,1.8612097182042
"9","S_1082_S287",1.34261074516499,0.0797368043350093,0,"  9","1","  9",-0.20456068779451,0.320198723973545,-0.1248238834595,1.21778686170549,1.56508458007329
"10","S_108_S258",1.34261074516499,0.0044638418581059,0," 10","1"," 10",0.827283431271175,0.341423431950973,0.831747273129281,2.17435801829427,1.56508458007329
"11","S_109_S351",1.34261074516499,-0.0278067607265736,0," 11","1"," 11",-0.356086588704495,0.316233312864831,-0.383893349431069,0.958717395733925,1.49534878122122
"12","S_1124_S271",1.34261074516499,0.165926303308803,0," 12","1"," 12",-0.943859457656385,0.332467964010062,-0.777933154347582,0.564677590817412,1.18920711500272
"13","S_1127_S332",1.34261074516499,0.087156853447348,0," 13","1"," 13",-1.32604551513706,0.297448612023975,-1.23888866168971,0.103722083475279,0
"14","S_1130_S319",1.34261074516499,0.12677645023261,0," 14","1"," 14",0.95679612987188,0.297655579978173,1.08357258010449,2.42618332526948,2.65914794847249
"15","S_1132_S315",1.34261074516499,0.119239514365081,0," 15","1"," 15",0.582293190349762,0.324482513833812,0.701532704714843,2.04414344987984,1.65487545982344
"16","S_1159_S297",1.34261074516499,0.0279612825780012,0," 16","1"," 16",0.52930082844593,0.318521700083263,0.557262111023932,1.89987285618893,1.56508458007329
"17","S_1161_S254",1.34261074516499,0.0615482711791939,0," 17","1"," 17",0.235026036605188,0.318353297626168,0.296574307784382,1.63918505294938,1.31607401295249
"18","S_1162_S384",1.34261074516499,-0.0485000408087118,0," 18","1"," 18",0.7886829854273,0.295540321294389,0.740182944618589,2.08279368978358,2.51486685936587
"19","S_1223_S229",1.34261074516499,0.022148633102212,0," 19","1"," 19",-0.0391888662052216,0.316018731168518,-0.0170402331030095,1.32557051206198,1.4142135623731
"20","S_1237_S377",1.34261074516499,0.0646287216427093,0," 20","1"," 20",-1.15957503010116,0.31452289148052,-1.09494630845845,0.247664436706547,0
"21","S_129_S310",1.34261074516499,-0.112617775624802,0," 21","1"," 21",-1.01846650321877,0.297929528800287,-1.13108427884357,0.211526466321425,0
"22","S_1305_S246",1.34261074516499,0.0574507104428554,0," 22","1"," 22",-0.288471496943374,0.293481042546491,-0.231020786500519,1.11158995866448,1.77827941003892
"23","S_130_S333",1.34261074516499,-0.0634372153158029,0," 23","1"," 23",-1.64857101390857,0.304013399008201,-1.71200822922437,0,0
"24","S_1315_S322",1.34261074516499,-0.0352753686527473,0," 24","1"," 24",0.00734561672407336,0.31278162794096,-0.0279297519286739,1.31468099323632,1.49534878122122
"25","S_1317_S208",1.34261074516499,0.0152164721961254,0," 25","1"," 25",0.0303582036332793,0.289791062048788,0.0455746758294047,1.3881854209944,1.49534878122122
"26","S_1324_S206",1.34261074516499,-0.0481133596336591,0," 26","1"," 26",0.811290216957366,0.32104322261926,0.763176857323707,2.1057876024887,2.11474252688113
"27","S_1328_S372",1.34261074516499,0.0632611648421341,0," 27","1"," 27",0.962349596062579,0.325483014515866,1.02561076090471,2.36822150606971,2.34034731932072
"28","S_1343_S366",1.34261074516499,0.128961188489784,0," 28","1"," 28",0.0493925502075543,0.326195323290405,0.178353738697339,1.52096448386233,1
"29","S_137_S285",1.34261074516499,-0.00727874868235917,0," 29","1"," 29",-0.411188969657612,0.316260343925563,-0.418467718339971,0.924143026825023,1
"30","S_1383_S323",1.34261074516499,-0.345664844553032,0," 30","1"," 30",-0.00197957983120442,0.503645006317935,-0.347644424384237,0.994966320780757,1.10668191970032
"31","S_1404_S202",1.34261074516499,-0.10698311082588,0," 31","1"," 31",-0.563946237917984,0.295779267566755,-0.670929348743863,0.67168139642113,0
"32","S_1407_S312",1.34261074516499,-0.0674817303734019,0," 32","1"," 32",-0.299363280265921,0.320111847123288,-0.366845010639323,0.975765734525671,1.31607401295249
"33","S_140_S320",1.34261074516499,0.0071799031478879,0," 33","1"," 33",0.710966629699692,0.305926044262947,0.71814653284758,2.06075727801257,2.51486685936587
"34","S_1423_S318",1.34261074516499,0.122699641722189,0," 34","1"," 34",0.222064772813292,0.320907075051424,0.344764414535481,1.68737515970047,2.51486685936587
"35","S_1430_S329",1.34261074516499,0.0372376260035742,0," 35","1"," 35",-0.502839802637262,0.31401273951163,-0.465602176633688,0.877008568531306,1.4142135623731
"36","S_1431_S278",1.34261074516499,0.0144876238508835,0," 36","1"," 36",-0.932224722342231,0.300952806758508,-0.917737098491347,0.424873646673646,0
"37","S_1437_S292",1.34261074516499,-0.0410099365979347,0," 37","1"," 37",-0.576866376558631,0.31111580067831,-0.617876313156565,0.724734432008429,1.18920711500272
"38","S_1441_S235",1.34261074516499,-0.0407529786646394,0," 38","1"," 38",0.0549750219454893,0.31721946526298,0.0142220432808499,1.35683278844584,1.96798967126543
"39","S_1442_S328",1.34261074516499,-0.0108319117260585,0," 39","1"," 39",-0.460892767309881,0.296485429598165,-0.47172467903594,0.870886066129054,0
"40","S_1452_S275",1.34261074516499,0.0369964455722221,0," 40","1"," 40",0.247640725503136,0.311239945068129,0.284637171075358,1.62724791624035,1.49534878122122
"41","S_1472_S295",1.34261074516499,-0.0114763690518371,0," 41","1"," 41",-1.41096620227792,0.299636714054008,-1.42244257132975,0,0
"42","S_1488_S316",1.34261074516499,0.118681412319641,0," 42","1"," 42",0.138586330605119,0.298713926441778,0.25726774292476,1.59987848808975,1.62657656169779
"43","S_148_S249",1.34261074516499,0.0817194533391798,0," 43","1"," 43",-0.538556191170136,0.334081075687397,-0.456836737830956,0.885774007334037,1
"44","S_1496_S272",1.34261074516499,0.11286866134904,0," 44","1"," 44",0.575547709743464,0.3114858401886,0.688416371092504,2.0310271162575,2.65914794847249
"45","S_150_S251",1.34261074516499,-0.0779873230676926,0," 45","1"," 45",0.419785267072953,0.298465714595137,0.34179794400526,1.68440868917025,1.31607401295249
"46","S_1513_S327",1.34261074516499,0.0738439425204144,0," 46","1"," 46",-0.72967632502657,0.335923913529577,-0.655832382506155,0.686778362658839,0
"47","S_1518_S240",1.34261074516499,-0.0420571046252278,0," 47","1"," 47",0.123666147863842,0.291135594194288,0.0816090432386146,1.42421978840361,1
"48","S_1549_S342",1.34261074516499,0.162032318851972,0," 48","1"," 48",-0.581007921427802,0.336379832044775,-0.41897560257583,0.923635142589164,0
"49","S_1573_S236",1.34261074516499,-0.0454171186872977,0," 49","1"," 49",-0.069475385659482,0.33241322724745,-0.11489250434678,1.22771824081821,1
"50","S_1584_S296",1.34261074516499,0.0852254545070931,0," 50","1"," 50",0.497958203965881,0.310724812262483,0.583183658472974,1.92579440363797,2.21336383940064
"51","S_1599_S343",1.34261074516499,0.143264708594622,0," 51","1"," 51",0.861003586197347,0.31586562290377,1.00426829479197,2.34687903995696,2.65914794847249
"52","S_1619_S303",1.34261074516499,0.0148815456521569,0," 52","1"," 52",0.20279443126528,0.314209035231544,0.217675976917437,1.56028672208243,1.77827941003892
"53","S_1621_S339",1.34261074516499,0.039286304908772,0," 53","1"," 53",0.603868646760083,0.298773752619376,0.643154951668855,1.98576569683385,2.54572989502183
"54","S_1623_S378",1.34261074516499,0.0490848564421873,0," 54","1"," 54",0.14665934148256,0.278111565631322,0.195744197924747,1.53835494308974,1.65487545982344
"55","S_1629_S373",1.34261074516499,-0.000782940638131096,0," 55","1"," 55",0.59978820844628,0.285671915943687,0.599005267808148,1.94161601297314,1.77827941003892
"56","S_1631_S361",1.34261074516499,0.0220554801357774,0," 56","1"," 56",0.783071610344082,0.298684347259507,0.80512709047986,2.14773783564485,2.65914794847249
"57","S_1637_S325",1.34261074516499,0.000695245105302014,0," 57","1"," 57",1.04747744424068,0.319916047143838,1.04817268934598,2.39078343451097,2.44948974278318
"58","S_1639_S204",1.34261074516499,-0.0754848557867484,0," 58","1"," 58",-0.216871534508722,0.321166364521682,-0.29235639029547,1.05025435486952,1.31607401295249
"59","S_1643_S375",1.34261074516499,0.0170901511459948,0," 59","1"," 59",-0.322012133810575,0.308100362392517,-0.304921982664581,1.03768876250041,1
"60","S_1649_S331",1.34261074516499,-0.0877127211339325,0," 60","1"," 60",-0.0260930744414189,0.2919966400471,-0.113805795575351,1.22880494958964,1.49534878122122
"61","S_1653_S294",1.34261074516499,0.0631107328822205,0," 61","1"," 61",0.0981491759158648,0.311259808611443,0.161259908798085,1.50387065396308,1
"62","S_165_S284",1.34261074516499,0.0181955789159683,0," 62","1"," 62",0.180283557825115,0.327677271451104,0.198479136741084,1.54108988190608,1.49534878122122
"63","S_1677_S221",1.34261074516499,0.0120002604185033,0," 63","1"," 63",-0.628635073380897,0.303456211640863,-0.616634812962394,0.7259759322026,0
"64","S_1683_S338",1.34261074516499,0.0076064591798199,0," 64","1"," 64",0.119968978768208,0.333841099476151,0.127575437948028,1.47018618311302,1.18920711500272
"65","S_1689_S192",1.34261074516499,0.0540816559980522,0," 65","1"," 65",-0.627294211362781,0.32948674164732,-0.573212555364729,0.769398189800265,0
"66","S_1699_S367",1.34261074516499,0.090184555593604,0," 66","1"," 66",0.0103104972663415,0.285074588342437,0.100495052859946,1.44310579802494,1.18920711500272
"67","S_171_S219",1.34261074516499,-0.00926527974444851,0," 67","1"," 67",0.718873616753551,0.294390931363584,0.709608337009102,2.0522190821741,2.59002006411135
"68","S_1723_S369",1.34261074516499,-0.0697582591886357,0," 68","1"," 68",-0.132907106411572,0.308275508164358,-0.202665365600208,1.13994537956479,1.4142135623731
"69","S_1728_S376",1.34261074516499,0.0557454221417309,0," 69","1"," 69",0.498991043796045,0.323014815285575,0.554736465937776,1.89734721110277,2.78315768371374
"70","S_1736_S359",1.34261074516499,0.0142948823412455,0," 70","1"," 70",0.183914121928501,0.289887589714823,0.198209004269746,1.54081974943474,1.96798967126543
"71","S_1742_S357",1.34261074516499,0.0658992731731736,0," 71","1"," 71",-0.0879940426947453,0.311234869591838,-0.0220947695215718,1.32051597564342,1.8612097182042
"72","S_1749_S247",1.34261074516499,-0.086003082135597,0," 72","1"," 72",0.0973036075839848,0.317902967100533,0.0113005254483878,1.35391127061338,1
"73","S_1779_S226",1.34261074516499,0.0392253955057416,0," 73","1"," 73",0.289904508912961,0.304844208995208,0.329129904418702,1.6717406495837,2.65914794847249
"74","S_1810_S213",1.34261074516499,0.062749189101503,0," 74","1"," 74",-0.218435494983169,0.362679476883626,-0.155686305881666,1.18692443928333,1.8612097182042
"75","S_1813_S253",1.34261074516499,0.0598874668474869,0," 75","1"," 75",-0.277763232150175,0.320631314453053,-0.217875765302688,1.12473497986231,1.56508458007329
"76","S_1817_S210",1.34261074516499,-0.0233415857046348,0," 76","1"," 76",-0.133898690891364,0.319145107272641,-0.157240276595999,1.18537046856899,2.34034731932072
"77","S_1818_S238",1.34261074516499,0.0430248488656699,0," 77","1"," 77",-0.0536681227954875,0.325827862276136,-0.0106432739298176,1.33196747123518,0
"78","S_1825_S198",1.34261074516499,0.0260507659161969,0," 78","1"," 78",0.348590495285065,0.328020387903826,0.374641261201262,1.71725200636626,1.49534878122122
"79","S_1837_S256",1.34261074516499,0.0276735382610857,0," 79","1"," 79",0.592498358264282,0.341456541186438,0.620171896525368,1.96278264169036,2.78315768371374
"80","S_1839_S299",1.34261074516499,-0.000312563903609845,0," 80","1"," 80",0.572872955116882,0.31353688070966,0.572560391213272,1.91517113637827,2.21336383940064
"81","S_183_S263",1.34261074516499,0.0981869544387146,0," 81","1"," 81",0.618302131534877,0.322415642148747,0.716489085973592,2.05909983113859,2.65914794847249
"82","S_1841_S250",1.34261074516499,-0.0219991092197351,0," 82","1"," 82",-0.737556033661036,0.318073425030852,-0.759555142880771,0.583055602284223,0
"83","S_1865_S374",1.34261074516499,0.0465177794012896,0," 83","1"," 83",0.711969371039738,0.325664003318971,0.758487150441028,2.10109789560602,2.21336383940064
"84","S_1874_S244",1.34261074516499,0.0118232284414709,0," 84","1"," 84",1.0145062388845,0.31943549897679,1.02632946732597,2.36894021249096,2.34034731932072
"85","S_1877_S262",1.34261074516499,0.0472854636673972,0," 85","1"," 85",0.93774490219471,0.303635133755297,0.985030365862107,2.3276411110271,2.78315768371374
"86","S_1899_S193",1.34261074516499,0.0223880825037845,0," 86","1"," 86",0.413599279025416,0.277106940666148,0.4359873615292,1.77859810669419,1.62657656169779
"87","S_1900_S242",1.34261074516499,0.064080691622269,0," 87","1"," 87",-0.00272868308438809,0.304344615292453,0.0613520085378809,1.40396275370287,1.56508458007329
"88","S_1936_S218",1.34261074516499,-0.026773305190463,0," 88","1"," 88",-0.528573851793578,0.309956254074972,-0.555347156984041,0.787263588180953,1.18920711500272
"89","S_1952_S293",1.34261074516499,0.00448913329883444,0," 89","1"," 89",0.459811665843553,0.33184329560609,0.464300799142387,1.80691154430738,1.18920711500272
"90","S_1969_S291",1.34261074516499,-0.0748194463118769,0," 90","1"," 90",0.517339548072784,0.306811206977792,0.442520101760908,1.7851308469259,1.31607401295249
"91","S_1973_S267",1.34261074516499,-0.060039379091073,0," 91","1"," 91",1.23822114309301,0.327519604979274,1.17818176400194,2.52079250916693,2.89250760851908
"92","S_197_S207",1.34261074516499,0.0337649325547306,0," 92","1"," 92",-0.508319809410407,0.300027297669761,-0.474554876855676,0.868055868309318,1.4142135623731
"93","S_198_S304",1.34261074516499,-0.0445911985163528,0," 93","1"," 93",-1.03829131652811,0.302542420423994,-1.08288251504446,0.259728230120535,0
"94","S_2010_S200",1.34261074516499,-0.0945075043544444,0," 94","1"," 94",-0.439732394243655,0.301196316124629,-0.534239898598099,0.808370846566895,0
"95","S_2014_S264",1.34261074516499,-0.137075804165723,0," 95","1"," 95",-0.646596750441586,0.325990473151706,-0.783672554607309,0.558938190557685,1.25743342968294
"96","S_2015_S266",1.34261074516499,-0.120862328388536,0," 96","1"," 96",-0.673634343343729,0.303893916553694,-0.794496671732266,0.548114073432728,0
"97","S_2037_S371",1.34261074516499,-0.0514856361565997,0," 97","1"," 97",-0.810584504884704,0.31806353838908,-0.862070141041303,0.48054060412369,0
"98","S_2073_S215",1.34261074516499,-0.00493325153022636,0," 98","1"," 98",0.23741221471822,0.330625286030983,0.232478963187994,1.57508970835299,1.49534878122122
"99","S_2099_S335",1.34261074516499,0.0734496506304804,0," 99","1"," 99",-0.624863597404052,0.326103559548124,-0.551413946773571,0.791196798391423,0.840896415253715
"100","S_209_S379",1.34261074516499,0.165477541597995,0,"100","1","100",-0.672423645963826,0.323540253209631,-0.506946104365831,0.835664640799163,0
"101","S_2103_S301",1.34261074516499,-0.0436732011050796,0,"101","1","101",-0.215735623432724,0.344890203759166,-0.259408824537804,1.08320192062719,2.34034731932072
"102","S_2104_S224",1.34261074516499,0.0201850575461018,0,"102","1","102",0.017114774086498,0.298681418178371,0.0372998316325998,1.37991057679759,1.31607401295249
"103","S_2105_S269",1.34261074516499,0.0320134760318722,0,"103","1","103",-0.37603596429272,0.320544545199767,-0.344022488260848,0.998588256904146,0
"104","S_2107_S349",1.34261074516499,-0.0623180582365026,0,"104","1","104",0.151700311054728,0.297140409208647,0.0893822528182254,1.43199299798322,1.18920711500272
"105","S_2115_S280",1.34261074516499,-0.21800874231748,0,"105","1","105",0.986448845713736,0.392923164848958,0.768440103396256,2.11105084856125,2.34034731932072
"106","S_2116_S350",1.34261074516499,-0.0938316736503552,0,"106","1","106",-0.311416595432958,0.299913215137197,-0.405248269083314,0.93736247608168,1.31607401295249
"107","S_2135_S234",1.34261074516499,-0.108476346197584,0,"107","1","107",-0.238626610779941,0.298544070847685,-0.347102956977524,0.995507788187469,1.31607401295249
"108","S_2140_S363",1.34261074516499,-0.0751663770166152,0,"108","1","108",-1.17427362553693,0.317517754653317,-1.24944000255355,0.0931707426114488,0
"109","S_2145_S212",1.34261074516499,-0.0270865029560136,0,"109","1","109",-0.929891344787981,0.292792159321631,-0.956977847743994,0.385632897420999,0
"110","S_2155_S383",1.34261074516499,-0.075689393264067,0,"110","1","110",-0.0432796109558268,0.29579741509089,-0.118969004219894,1.2236417409451,1.4142135623731
"111","S_2187_S360",1.34261074516499,-0.10599308520472,0,"111","1","111",0.30727446324491,0.298391818531341,0.20128137804019,1.54389212320518,1.96798967126543
"112","S_2192_S307",1.34261074516499,-0.0379874093974515,0,"112","1","112",-0.216882118559853,0.319475580593306,-0.254869527957304,1.08774121720769,1.31607401295249
"113","S_2193_S216",1.34261074516499,0.0010400281791089,0,"113","1","113",0.182534899143942,0.297515599567975,0.18357492732305,1.52618567248804,1.65487545982344
"114","S_2201_S214",1.34261074516499,-0.111629019332761,0,"114","1","114",-1.42442798643151,0.318726592021388,-1.53605700576427,0,0
"115","S_2203_S277",1.34261074516499,-0.00921478065229002,0,"115","1","115",-0.835544344514298,0.319144207364823,-0.844759125166588,0.497851619998406,0
"116","S_2212_S230",1.34261074516499,-0.0707549208591742,0,"116","1","116",-0.817217077457153,0.294230027188461,-0.887971998316327,0.454638746848667,0
"117","S_2214_S290",1.34261074516499,-0.0901632229006046,0,"117","1","117",-0.122449709848298,0.314693764727027,-0.212612932748903,1.12999781241609,1.4142135623731
"118","S_2226_S298",1.34261074516499,-0.086986894194217,0,"118","1","118",0.731514012159506,0.303822397511431,0.644527117965288,1.98713786313028,2.21336383940064
"119","S_2228_S346",1.34261074516499,-0.0728180423195946,0,"119","1","119",-0.78178715422722,0.299892830435067,-0.854605196546815,0.488005548618179,0
"120","S_2232_S273",1.34261074516499,-0.024035790116534,0,"120","1","120",0.278785220950893,0.331977405599035,0.254749430834359,1.59736017599935,1.31607401295249
"121","S_2271_S195",1.34261074516499,-0.0935397821736867,0,"121","1","121",0.377723309769875,0.350845502144529,0.284183527596189,1.62679427276118,1.49534878122122
"122","S_2299_S281",1.34261074516499,0.14534206703628,0,"122","1","122",0.341384771850408,0.31533167797107,0.486726838886688,1.82933758405168,2.65914794847249
"123","S_2302_S259",1.34261074516499,0.130968337953087,0,"123","1","123",0.265693260213958,0.307336312845201,0.396661598167045,1.73927234333204,2.23606797749979
"124","S_2307_S288",1.34261074516499,0.110087746624492,0,"124","1","124",0.770630478161132,0.323107784976425,0.880718224785624,2.22332896995062,2.69178163547765
"125","S_2319_S337",1.34261074516499,-0.0559103681856226,0,"125","1","125",-0.962279086357532,0.29031275701249,-1.01818945454315,0.324421290621839,0
"126","S_231_S260",1.34261074516499,0.187680295842646,0,"126","1","126",0.811643708815694,0.332426678876673,0.99932400465834,2.34193474982333,2.11474252688113
"127","S_2323_S355",1.34261074516499,0.145391429686878,0,"127","1","127",-0.602805373289504,0.318173025217631,-0.457413943602626,0.885196801562368,1.25743342968294
"128","S_2351_S197",1.34261074516499,0.119509663907437,0,"128","1","128",-1.10513225488703,0.347228247328738,-0.985622590979592,0.356988154185402,0
"129","S_2358_S289",1.34261074516499,0.0585479456522233,0,"129","1","129",-0.0701158687737838,0.298004249452841,-0.0115679231215605,1.33104282204343,1.49534878122122
"130","S_2370_S336",1.34261074516499,0.10281544030782,0,"130","1","130",-0.532923095651576,0.318253999436576,-0.430107655343755,0.912503089821239,1
"131","S_2375_S268",1.34261074516499,0.125091722207265,0,"131","1","131",0.64863494764006,0.309718667736201,0.773726669847325,2.11633741501232,2.51486685936587
"132","S_2395_S194",1.34261074516499,0.079233938534698,0,"132","1","132",0.517043208951414,0.323009031460102,0.596277147486112,1.93888789265111,1.56508458007329
"133","S_242_S324",1.34261074516499,0.129099284263264,0,"133","1","133",-0.993338505190371,0.298481815909177,-0.864239220927107,0.478371524237886,0
"134","S_248_S252",1.34261074516499,0.113481779128835,0,"134","1","134",0.254662969802912,0.303052860189026,0.368144748931746,1.71075549409674,1.77827941003892
"135","S_261_S368",1.34261074516499,0.0506898420524333,0,"135","1","135",0.169681799745023,0.31720435570678,0.220371641797456,1.56298238696245,1.96798967126543
"136","S_269_S228",1.34261074516499,0.0849894947782015,0,"136","1","136",-0.869818063885479,0.304876368782052,-0.784828569107277,0.557782176057717,0.840896415253715
"137","S_272_S326",1.34261074516499,-0.055836770541004,0,"137","1","137",0.566427222268935,0.308338244620963,0.510590451727931,1.85320119689292,2.11474252688113
"138","S_285_S191",1.34261074516499,0.0277213402905519,0,"138","1","138",0.375085546397542,0.304176733980398,0.402806886688093,1.74541763185309,2.05976714390712
"139","S_28_S364",1.34261074516499,-0.066616995437255,0,"139","1","139",-1.22204807209287,0.337451026693718,-1.28866506753012,0.0539456776348703,0
"140","S_294_S317",1.34261074516499,0.146304932934077,0,"140","1","140",-1.30748371434926,0.30936910160069,-1.16117878141518,0.181431963749815,0
"141","S_298_S354",1.34261074516499,0.165180762732202,0,"141","1","141",0.122664375337402,0.327148432836296,0.287845138069604,1.6304558832346,2.11474252688113
"142","S_304_S341",1.34261074516499,0.0474476677248827,0,"142","1","142",-0.916995182001361,0.296343283661957,-0.869547514276478,0.473063230888516,0
"143","S_325_S347",1.34261074516499,0.0651467281675906,0,"143","1","143",-1.14131621277144,0.3112820006925,-1.07616948460384,0.266441260561149,0
"144","S_381_S205",1.34261074516499,-0.0887896156514667,0,"144","1","144",1.21868811702009,0.305129352758299,1.12989850136862,2.47250924653361,2.65914794847249
"145","S_382_S276",1.34261074516499,-0.0335850885565116,0,"145","1","145",0.93814161480744,0.308544357575466,0.904556526250928,2.24716727141592,2.89250760851908
"146","S_389_S330",1.34261074516499,-0.0478315902127127,0,"146","1","146",0.898143978787704,0.318387593496596,0.850312388574992,2.19292313373999,2.23606797749979
"147","S_394_S237",1.34261074516499,-0.0726757459527527,0,"147","1","147",-0.606951035640409,0.350549395326394,-0.679626781593161,0.662983963571833,0
"148","S_398_S239",1.34261074516499,-0.0891721331046166,0,"148","1","148",0.459775669245664,0.325838941110886,0.370603536141047,1.71321428130604,1.49534878122122
"149","S_402_S309",1.34261074516499,-0.0574732648648584,0,"149","1","149",0.0952302254190327,0.339008647358679,0.0377569605541743,1.38036770571917,1.31607401295249
"150","S_415_S222",1.34261074516499,-0.129628488912268,0,"150","1","150",-1.18381188151204,0.327295842811667,-1.31344037042431,0.0291703747406846,0
"151","S_421_S358",1.34261074516499,-0.130637546901758,0,"151","1","151",0.0935095921900326,0.336896265813603,-0.0371279547117253,1.30548279045327,1.31607401295249
"152","S_437_S233",1.34261074516499,-0.0707752782477779,0,"152","1","152",0.0359139010449451,0.306323817454231,-0.0348613772028328,1.30774936796216,1.18920711500272
"153","S_449_S352",1.34261074516499,-0.104030134631094,0,"153","1","153",0.549224945393728,0.309797836351179,0.445194810762633,1.78780555592763,2.05976714390712
"154","S_451_S261",1.34261074516499,-0.0999142645773975,0,"154","1","154",-1.29207122163468,0.349614653397973,-1.39198548621208,0,0
"155","S_471_S344",1.34261074516499,-0.127981808736865,0,"155","1","155",-0.21928682445708,0.327545154202731,-0.347268633193945,0.995342111971049,0
"156","S_473_S362",1.34261074516499,-0.0273910239569248,0,"156","1","156",0.538632426034746,0.324267992183502,0.511241402077821,1.85385214724281,1.56508458007329
"157","S_477_S225",1.34261074516499,-0.357251646595993,0,"157","1","157",-0.220241234075085,0.473053582309455,-0.577492880671078,0.765117864493916,0
"158","S_494_S382",1.34261074516499,-0.150084473347122,0,"158","1","158",0.641578531730434,0.320381701056921,0.491494058383312,1.83410480354831,1.49534878122122
"159","S_496_S381",1.34261074516499,-0.023619067778409,0,"159","1","159",0.369151967706019,0.312752234497852,0.34553289992761,1.6881436450926,2.17793858734643
"160","S_499_S265",1.34261074516499,-0.0355854432000557,0,"160","1","160",0.797207644485229,0.313610070851072,0.761622201285174,2.10423294645017,2.05976714390712
"161","S_4_S313",1.34261074516499,0.0544625945672224,0,"161","1","161",0.640231731843933,0.307661120683535,0.694694326411155,2.03730507157615,2.78315768371374
"162","S_525_S305",1.34261074516499,-0.0890825071171755,0,"162","1","162",-0.0861471156883871,0.306086480991616,-0.175229622805563,1.16738112235943,0
"163","S_529_S314",1.34261074516499,-0.164095042206915,0,"163","1","163",-0.449832784302603,0.340317717449543,-0.613927826509518,0.728682918655476,1.18920711500272
"164","S_550_S257",1.34261074516499,-0.069918486389501,0,"164","1","164",1.15565066366964,0.33525942430324,1.08573217728014,2.42834292244513,2.94283095638271
"165","S_552_S308",1.34261074516499,-0.0189110787965808,0,"165","1","165",0.135040360214478,0.345472715695665,0.116129281417898,1.45874002658289,1.31607401295249
"166","S_564_S211",1.34261074516499,-0.018162945444683,0,"166","1","166",0.386578171260759,0.322339057351767,0.368415225816076,1.71102597098107,1.73205080756888
"167","S_572_S203",1.34261074516499,-0.0550320412983152,0,"167","1","167",-0.863030574506264,0.316523198333842,-0.918062615804579,0.424548129360415,0
"168","S_597_S255",1.34261074516499,-0.0873787025867627,0,"168","1","168",0.0453944960799017,0.322156897138257,-0.041984206506861,1.30062653865813,1.8612097182042
"169","S_652_S232",1.34261074516499,0.0684460678609303,0,"169","1","169",1.24677409626167,0.294307591261192,1.3152201641226,2.65783090928759,2.51486685936587
"170","S_66_S321",1.34261074516499,0.120629403414812,0,"170","1","170",0.369561919818132,0.3230847622103,0.490191323232944,1.83280206839794,2.65914794847249
"171","S_699_S356",1.34261074516499,0.203804171719353,0,"171","1","171",-0.298480752808672,0.309134139371628,-0.0946765810893186,1.24793416407568,1.49534878122122
"172","S_6_S348",1.34261074516499,0.0354659179337158,0,"172","1","172",0.253112511264204,0.307135840987142,0.28857842919792,1.63118917436291,1.49534878122122
"173","S_701_S340",1.34261074516499,0.173858609777856,0,"173","1","173",0.502944352010942,0.299660821597258,0.676802961788798,2.01941370695379,2.11474252688113
"174","S_704_S282",1.34261074516499,0.0249035405943215,0,"174","1","174",0.742440266975186,0.28159022444537,0.767343807569507,2.1099545527345,2.34034731932072
"175","S_716_S283",1.34261074516499,0.00806265246909688,0,"175","1","175",0.782521076569833,0.334148524781051,0.79058372903893,2.13319447420392,1.8612097182042
"176","S_732_S243",1.34261074516499,0.192572259945665,0,"176","1","176",-0.0564002640649073,0.34050817383893,0.136171995880757,1.47878274104575,2.54572989502183
"177","S_737_S201",1.34261074516499,0.103763952421203,0,"177","1","177",0.759176183987702,0.300563585995468,0.862940136408905,2.2055508815739,2.73861278752583
"178","S_769_S220",1.34261074516499,0.11451423602866,0,"178","1","178",-0.506471046787661,0.313848222157406,-0.391956810759001,0.950653934405993,1
"179","S_797_S209",1.34261074516499,0.0870278599974799,0,"179","1","179",-0.784017877637503,0.286884318569657,-0.696990017640023,0.645620727524971,0
"180","S_809_S270",1.34261074516499,0.156740975558364,0,"180","1","180",0.409467671356079,0.301126847581472,0.566208646914443,1.90881939207944,2.65914794847249
"181","S_81_S279",1.34261074516499,0.0213129763416468,0,"181","1","181",0.0591341797095892,0.306404700539526,0.080447156051236,1.42305790121623,1.56508458007329
"182","S_829_S286",1.34261074516499,0.221214816966543,0,"182","1","182",1.08231910602475,0.34493145460654,1.30353392299129,2.64614466815628,2.11474252688113
"183","S_831_S353",1.34261074516499,0.140325206418476,0,"183","1","183",0.802583860107826,0.30050000422061,0.942909066526302,2.2855198116913,2.65914794847249
"184","S_838_S306",1.34261074516499,0.1410209888395,0,"184","1","184",0.349312026523555,0.303176555960238,0.490333015363055,1.83294376052805,2.23606797749979
"185","S_868_S274",1.34261074516499,0.161078684463699,0,"185","1","185",0.106025837167168,0.314959225980154,0.267104521630867,1.60971526679586,1.10668191970032
"186","S_869_S241",1.34261074516499,0.211804596396214,0,"186","1","186",0.179217184106875,0.361172516757746,0.391021780503089,1.73363252566808,1.56508458007329
"187","S_874_S217",1.34261074516499,0.221602979281411,0,"187","1","187",0.368764345389094,0.339247819424669,0.590367324670505,1.9329780698355,2.34034731932072
"188","S_881_S365",1.34261074516499,0.1312573119622,0,"188","1","188",1.25609016961311,0.316456769945271,1.38734748157531,2.7299582267403,2.78315768371374
"189","S_89_S199",1.34261074516499,-0.0192539670981549,0,"189","1","189",-0.038152377311081,0.294103437236898,-0.0574063444092359,1.28520440075576,0
"190","S_905_S248",1.34261074516499,0.0456744513916768,0,"190","1","190",-0.514914788275073,0.305943797673289,-0.469240336883396,0.873370408281598,0.840896415253715
"191","S_927_S334",1.34261074516499,-0.0898646280244746,0,"191","1","191",-0.875102205395473,0.337443924896009,-0.964966833419947,0.377643911745047,0
"192","S_984_S370",1.34261074516499,0.135671917601005,0,"192","1","192",0.0108894608550409,0.302987160976293,0.146561378456046,1.48917212362104,1.49534878122122
"193","S_989_S196",1.34261074516499,0.165471114585561,0,"193","1","193",-0.589536993179306,0.325289944495987,-0.424065878593746,0.918544866571248,1.25743342968294
"194","S_9_S300",1.34261074516499,0.0572314906495505,0,"194","1","194",0.86550449998533,0.312429427488629,0.92273599063488,2.26534673579987,2.78315768371374
"195","S_1001_S52_L003",1.34261074516499,0.163696718066697,0,"195","1","195",0.551152217991315,0.354738625499802,0.714848936058013,2.05745968122301,2.65914794847249
"196","S_1004_S75_L003",1.34261074516499,0.171165640588572,0,"196","1","196",1.5250840776775,0.343602059374914,1.69624971826607,3.03886046343107,2.89250760851908
"197","S_1010_S144",1.34261074516499,0.06944515469234,0,"197","1","197",0.102715327959287,0.320804442937912,0.172160482651627,1.51477122781662,1.49534878122122
"198","S_1012_S150",1.34261074516499,-0.0234782486485582,0,"198","1","198",0.133952880175033,0.329106326335905,0.110474631526474,1.45308537669147,2.11474252688113
"199","S_1013_S145",1.34261074516499,0.111576325430831,0,"199","1","199",-0.452732676246117,0.305037582083148,-0.341156350815286,1.00145439434971,1.49534878122122
"200","S_101_S15_L003",1.34261074516499,0.0216504580210246,0,"200","1","200",-0.132347320972354,0.324443939777624,-0.110696862951329,1.23191388221366,1
"201","S_1020_S139",1.34261074516499,0.148261432398811,0,"201","1","201",0.309465594240342,0.335257455657942,0.457727026639154,1.80033777180415,1.22474487139159
"202","S_1022_S29",1.34261074516499,0.0580826886097244,0,"202","1","202",0.417948044621379,0.307062806704657,0.476030733231103,1.8186414783961,2.23606797749979
"203","S_1029_S66_L003",1.34261074516499,-0.00983584252767671,0,"203","1","203",-0.597748003336926,0.311382592821412,-0.607583845864602,0.735026899300391,0
"204","S_1030_S13",1.34261074516499,0.054175300165596,0,"204","1","204",0.814001738246881,0.292023807282171,0.868177038412477,2.21078778357747,2.34034731932072
"205","S_1036_S32",1.34261074516499,0.188846380019634,0,"205","1","205",0.459470003112939,0.324736101386875,0.648316383132573,1.99092712829757,1.77827941003892
"206","S_1041_S151",1.34261074516499,0.00103728663594083,0,"206","1","206",0.77368598407034,0.278895129925351,0.774723270706281,2.11733401587127,2.89250760851908
"207","S_1053_S23",1.34261074516499,0.15108475148672,0,"207","1","207",0.41545570384481,0.294158588466875,0.56654045533153,1.90915120049652,2.21336383940064
"208","S_1075_S38",1.34261074516499,-0.17275519793219,0,"208","1","208",0.459391415013407,0.343684012008268,0.286636217081217,1.62924696224621,2.11474252688113
"209","S_1076_S167",1.34261074516499,-0.238933969992476,0,"209","1","209",0.766937843118422,0.41125152266898,0.528003873125946,1.87061461829094,2.34034731932072
"210","S_107_S16",1.34261074516499,-0.00573865341938629,0,"210","1","210",0.594368316540869,0.325546682495967,0.588629663121483,1.93124040828648,2.34034731932072
"211","S_1093_S116",1.34261074516499,0.092333827727639,0,"211","1","211",0.394150568486144,0.303254610501001,0.486484396213783,1.82909514137878,2.34034731932072
"212","S_10_S169",1.34261074516499,0.0116185784313569,0,"212","1","212",0.229624739465479,0.32067098860381,0.241243317896836,1.58385406306183,1.8612097182042
"213","S_1118_S92",1.34261074516499,-0.0745236179985474,0,"213","1","213",-0.361428998356501,0.334359026773575,-0.435952616355049,0.906658128809945,1.49534878122122
"214","S_1125_S30_L003",1.34261074516499,0.144659592449159,0,"214","1","214",-0.904933419217654,0.337230664918329,-0.760273826768495,0.582336918396498,0
"215","S_1134_S91",1.34261074516499,0.0105135225890752,0,"215","1","215",0.500485978645972,0.29570194338957,0.510999501235047,1.85361024640004,1.31607401295249
"216","S_1138_S159",1.34261074516499,-0.152208753866297,0,"216","1","216",0.946704445161957,0.37080777473307,0.794495691295661,2.13710643646065,2.34034731932072
"217","S_113_S7_L003",1.34261074516499,0.00166477165089966,0,"217","1","217",-0.206403821576502,0.32844372901166,-0.204739049925603,1.13787169523939,1.18920711500272
"218","S_1140_S60_L003",1.34261074516499,0.117639899584651,0,"218","1","218",0.536003087793796,0.305060629924244,0.653642987378447,1.99625373254344,2.05976714390712
"219","S_1154_S161",1.34261074516499,0.047996312805703,0,"219","1","219",0.372725845661139,0.290945276698423,0.420722158466842,1.76333290363184,1.96798967126543
"220","S_1160_S11",1.34261074516499,0.0687660414361778,0,"220","1","220",1.20940709428247,0.315242011657323,1.27817313571865,2.62078388088364,2.89250760851908
"221","S_1177_S24",1.34261074516499,0.19564959891384,0,"221","1","221",0.271481834761028,0.332685459802798,0.467131433674868,1.80974217883986,1.77827941003892
"222","S_1179_S105",1.34261074516499,0.15628060057403,0,"222","1","222",0.723998141089512,0.36193484691346,0.880278741663543,2.22288948682854,2.51486685936587
"223","S_1200_S164",1.34261074516499,-0.154736338607687,0,"223","1","223",0.407067855297244,0.39250688995194,0.252331516689556,1.59494226185455,2.34034731932072
"224","S_1202_S72_L003",1.34261074516499,0.0852793340820552,0,"224","1","224",0.838002372635938,0.314851166126472,0.923281706717993,2.26589245188299,2.51486685936587
"225","S_1203_S53",1.34261074516499,0.0787740292803515,0,"225","1","225",-0.808430983802149,0.307744005529386,-0.729656954521797,0.612953790643197,0
"226","S_1210_S120",1.34261074516499,0.0997802109962024,0,"226","1","226",0.171051281358609,0.297762325470676,0.270831492354811,1.61344223751981,1.25743342968294
"227","S_1213_S95_L003",1.34261074516499,0.128233181939839,0,"227","1","227",0.465582253215185,0.326724284759532,0.593815435155024,1.93642618032002,2.11474252688113
"228","S_122_S43_L003",1.34261074516499,-0.311563063110317,0,"228","1","228",0.338971402333345,0.431636669547951,0.027408339223028,1.37001908438802,1.56508458007329
"229","S_1247_S133",1.34261074516499,0.095069428657901,0,"229","1","229",-0.738151611985322,0.342514508365048,-0.643082183327421,0.699528561837572,0
"230","S_1257_S89",1.34261074516499,0.011017523727143,0,"230","1","230",-0.388361977771415,0.295966985635836,-0.377344454044272,0.965266291120722,1.49534878122122
"231","S_125_S163",1.34261074516499,-0.0728416873065391,0,"231","1","231",-0.679123152884123,0.29059463704728,-0.751964840190662,0.590645904974332,0
"232","S_1278_S20",1.34261074516499,0.0728122671863499,0,"232","1","232",-0.604778346938743,0.316581108667808,-0.531966079752394,0.8106446654126,0
"233","S_1287_S146",1.34261074516499,0.000730392309458938,0,"233","1","233",0.795150760639503,0.314017777321969,0.795881152948962,2.13849189811396,2.34034731932072
"234","S_1289_S164",1.34261074516499,0.0486305946891822,0,"234","1","234",0.787340243068926,0.313493738249419,0.835970837758108,2.1785815829231,2.21336383940064
"235","S_1308_S183",1.34261074516499,-0.262829511050921,0,"235","1","235",0.213518694416624,0.417127307041312,-0.0493108166342973,1.2932999285307,1.49534878122122
"236","S_1323_S36",1.34261074516499,0.0961170630390447,0,"236","1","236",0.610894712312332,0.293999670033,0.707011775351377,2.04962252051637,1.96798967126543
"237","S_1326_S53_L003",1.34261074516499,0.107870578139478,0,"237","1","237",0.421145858057125,0.324322308660481,0.529016436196603,1.8716271813616,2.78315768371374
"238","S_132_S41",1.34261074516499,-0.136931393665581,0,"238","1","238",-0.924817144108466,0.315736220451646,-1.06174853777405,0.280862207390947,0
"239","S_1370_S76",1.34261074516499,0.00241653729921085,0,"239","1","239",-0.920380124163129,0.29073613078945,-0.917963586863918,0.424647158301075,0
"240","S_1374_S132",1.34261074516499,0.0872085766839401,0,"240","1","240",-1.01795126411668,0.281780810926979,-0.930742687432742,0.411868057732252,0
"241","S_1384_S78",1.34261074516499,0.0317130067396349,0,"241","1","241",-0.823727616570635,0.309365577474057,-0.792014609831,0.550596135333994,0
"242","S_1390_S94",1.34261074516499,-0.0152384467416366,0,"242","1","242",0.30354982431858,0.280663380985077,0.288311377576943,1.63092212274194,2.65914794847249
"243","S_1393_S83_L003",1.34261074516499,0.0139427785903376,0,"243","1","243",-0.376659883877484,0.311519301948407,-0.362717105287146,0.979893639877847,0
"244","S_1395_S102",1.34261074516499,-0.0334526793215378,0,"244","1","244",-0.30102688743611,0.347859138563568,-0.334479566757648,1.00813117840735,1.49534878122122
"245","S_1403_S130",1.34261074516499,-0.181650780571176,0,"245","1","245",-0.30534415911217,0.347304896702249,-0.486994939683346,0.855615805481648,1.31607401295249
"246","S_1405_S126",1.34261074516499,-0.0105344606616152,0,"246","1","246",-0.685744168115682,0.295214121464193,-0.696278628777297,0.646332116387697,0
"247","S_1408_S17_L003",1.34261074516499,0.0713637240360201,0,"247","1","247",0.813058332521599,0.320529232271662,0.884422056557619,2.22703280172261,2.89250760851908
"248","S_1412_S125",1.34261074516499,0.0710232532191954,0,"248","1","248",-0.866199990986899,0.308587842034474,-0.795176737767703,0.54743400739729,0
"249","S_1413_S10_L003",1.34261074516499,-0.0948491099831834,0,"249","1","249",0.100254538094332,0.316874334732013,0.00540542811114848,1.34801617327614,1.56508458007329
"250","S_141_S188",1.34261074516499,-0.0321528821071477,0,"250","1","250",-0.151058549687522,0.326444909146443,-0.183211431794669,1.15939931337032,1
"251","S_1434_S73_L003",1.34261074516499,0.0290143802843754,0,"251","1","251",-0.85987804068746,0.311392209985498,-0.830863660403084,0.511747084761909,0
"252","S_1443_S64_L003",1.34261074516499,0.0126128661025028,0,"252","1","252",0.162586300674466,0.291231718561735,0.175199166776969,1.51780991194196,1.56508458007329
"253","S_1462_S171",1.34261074516499,-0.130620750963844,0,"253","1","253",0.124122333014674,0.299400586302992,-0.00649841794916961,1.33611232721582,2.05976714390712
"254","S_1464_S64",1.34261074516499,-0.106950986985182,0,"254","1","254",0.254845663404741,0.288246302260663,0.147894676419559,1.49050542158455,1.25743342968294
"255","S_1467_S106",1.34261074516499,0.111361681369719,0,"255","1","255",-0.137480893984113,0.300641217925761,-0.0261192126143932,1.3164915325506,1.56508458007329
"256","S_1468_S139",1.34261074516499,-0.0802032221467167,0,"256","1","256",0.10306514946198,0.320135084188466,0.0228619273152628,1.36547267248026,1.56508458007329
"257","S_1479_S2_L003",1.34261074516499,0.0594722248066852,0,"257","1","257",-0.331238245580136,0.30683897698968,-0.271766020773451,1.07084472439154,1.31607401295249
"258","S_147_S19",1.34261074516499,-0.0324271761465463,0,"258","1","258",-0.0133028222612197,0.324234857429644,-0.045729998407766,1.29688074675723,1.49534878122122
"259","S_14_S3",1.34261074516499,0.0779782348424999,0,"259","1","259",-0.327473629375314,0.296656007301144,-0.249495394532814,1.09311535063218,0
"260","S_1506_S61",1.34261074516499,0.00560721038697384,0,"260","1","260",-0.95904119359037,0.298401750437658,-0.953433983203396,0.389176761961598,0
"261","S_1516_S148",1.34261074516499,-0.306108149457062,0,"261","1","261",0.263076146014271,0.456458163907695,-0.0430320034427912,1.2995787417222,1.73205080756888
"262","S_151_S93",1.34261074516499,0.0423367879235482,0,"262","1","262",-0.547628713513276,0.301330990028437,-0.505291925589728,0.837318819575265,0
"263","S_1521_S18",1.34261074516499,0.0180405404489142,0,"263","1","263",0.578558525489322,0.327916374128057,0.596599065938236,1.93920981110323,2.11474252688113
"264","S_1528_S47",1.34261074516499,-0.000917787572800782,0,"264","1","264",0.258194080167662,0.312034255252012,0.257276292594861,1.59988703775985,2.11474252688113
"265","S_1531_S31_L003",1.34261074516499,0.0543079481213337,0,"265","1","265",-0.696665569562638,0.348914160432999,-0.642357621441305,0.700253123723689,0
"266","S_1532_S117",1.34261074516499,0.0572362617052049,0,"266","1","266",1.48363354841303,0.323025649952658,1.54086981011823,2.88348055528322,2.65914794847249
"267","S_1542_S44",1.34261074516499,0.0146589248973844,0,"267","1","267",-1.01362347341599,0.339523693778163,-0.998964548518601,0.343646196646393,0
"268","S_154_S162",1.34261074516499,-0.0322338153974624,0,"268","1","268",0.154987327712253,0.298551910618929,0.122753512314791,1.46536425747978,1.65487545982344
"269","S_1552_S185",1.34261074516499,0.121529218667832,0,"269","1","269",-0.545249298957697,0.324778753751181,-0.423720080289865,0.918890664875129,1.31607401295249
"270","S_1561_S52",1.34261074516499,0.0832129255899923,0,"270","1","270",0.00502252268720935,0.312493118761726,0.0882354482772017,1.4308461934422,1.25743342968294
"271","S_1565_S74_L003",1.34261074516499,0.0908637732451529,0,"271","1","271",-0.336086266604142,0.362383133947848,-0.245222493358989,1.097388251806,1.4142135623731
"272","S_1567_S13_L003",1.34261074516499,0.0417327268085892,0,"272","1","272",-0.353879991427607,0.348614214336773,-0.312147264619018,1.03046348054598,1.49534878122122
"273","S_159_S190",1.34261074516499,-0.0885225994761256,0,"273","1","273",0.468012038719139,0.305898569625808,0.379489439243013,1.72210018440801,2.34034731932072
"274","S_1604_S168",1.34261074516499,0.0728492523943055,0,"274","1","274",0.426037314518278,0.29658350418348,0.498886566912584,1.84149731207758,2.44948974278318
"275","S_1620_S26",1.34261074516499,0.0568888591568067,0,"275","1","275",-0.686816665158901,0.305832671638899,-0.629927806002094,0.712682939162899,0
"276","S_1651_S111",1.34261074516499,0.0062880386141155,0,"276","1","276",0.0428382247349962,0.308760066410839,0.0491262633491117,1.39173700851411,1.49534878122122
"277","S_1660_S143",1.34261074516499,0.251758527959783,0,"277","1","277",0.417513621479339,0.355577176143386,0.669272149439122,2.01188289460412,2.51486685936587
"278","S_1674_S49_L003",1.34261074516499,0.0178050711112645,0,"278","1","278",0.17096761917462,0.300309753818312,0.188772690285884,1.53138343545088,1.25743342968294
"279","S_1675_S175",1.34261074516499,-0.0545809922317661,0,"279","1","279",0.049732661613421,0.328246593306218,-0.0048483306183451,1.33776241454665,1.4142135623731
"280","S_1678_S107",1.34261074516499,0.0310885425724724,0,"280","1","280",-0.430371918432662,0.298513796287401,-0.399283375860189,0.943327369304804,1.31607401295249
"281","S_1687_S90_L003",1.34261074516499,0.0518203036089942,0,"281","1","281",-0.925703314265694,0.317328777458648,-0.8738830106567,0.468727734508294,0
"282","S_1691_S141",1.34261074516499,-0.00483945179866535,0,"282","1","282",-0.443307898746389,0.318897279311254,-0.448147350545054,0.894463394619939,1.39157884185687
"283","S_1697_S147",1.34261074516499,-0.348594948604256,0,"283","1","283",0.277536900369544,0.504587025287514,-0.0710580482347127,1.27155269693028,1.49534878122122
"284","S_169_S27",1.34261074516499,-0.0649637986078251,0,"284","1","284",0.392143314099896,0.3296222162561,0.32717951549207,1.66979026065706,1.31607401295249
"285","S_16_S56_L003",1.34261074516499,0.018440240250155,0,"285","1","285",0.668057822160253,0.305379660994056,0.686498062410408,2.0291088075754,2.23606797749979
"286","S_1725_S144",1.34261074516499,-0.379031987866576,0,"286","1","286",-0.0120908152038469,0.499144509578234,-0.391122803070423,0.951487942094571,0.840896415253715
"287","S_1727_S30",1.34261074516499,0.0211553490360377,0,"287","1","287",-0.416784581769323,0.31377900342503,-0.395629232733286,0.946981512431708,1.25743342968294
"288","S_1735_S172",1.34261074516499,0.0782822882051428,0,"288","1","288",0.581871615127077,0.3109027578377,0.66015390333222,2.00276464849721,1.56508458007329
"289","S_1740_S146",1.34261074516499,-0.170763039862454,0,"289","1","289",0.325764106263531,0.335098204208437,0.155001066401077,1.49761181156607,1.91682931273882
"290","S_1747_S48_L003",1.34261074516499,-0.00930370120937275,0,"290","1","290",-0.45615955726217,0.325119979446446,-0.465463258471543,0.877147486693451,1.49534878122122
"291","S_1753_S75",1.34261074516499,0.107792044425833,0,"291","1","291",-0.16266956382596,0.308032137979274,-0.0548775194001266,1.28773322576487,1.49534878122122
"292","S_1755_S134",1.34261074516499,-0.123071913413311,0,"292","1","292",0.391751448535935,0.315939112623237,0.268679535122624,1.61129028028762,1
"293","S_1757_S61_L003",1.34261074516499,0.0256992577739045,0,"293","1","293",-0.0559210135373897,0.282054056128552,-0.0302217557634851,1.31238898940151,1.96798967126543
"294","S_177_S62",1.34261074516499,-0.086283922960132,0,"294","1","294",1.09621611471274,0.314281869397767,1.00993219175261,2.3525429369176,1.49534878122122
"295","S_1780_S45_L003",1.34261074516499,-0.0591358949178969,0,"295","1","295",0.359208570433888,0.323743943331843,0.300072675515991,1.64268342068098,1.8612097182042
"296","S_1781_S84",1.34261074516499,-0.350934374093542,0,"296","1","296",0.564177199547556,0.471591217824044,0.213242825454013,1.55585357061901,1.96798967126543
"297","S_1783_S150",1.34261074516499,-0.226070525924511,0,"297","1","297",-0.516430486303734,0.399793078853931,-0.742501012228245,0.600109732936749,0.840896415253715
"298","S_1799_S86",1.34261074516499,-0.0447688583965846,0,"298","1","298",0.461411935732742,0.290629472031629,0.416643077336157,1.75925382250115,1.31607401295249
"299","S_1800_S14_L003",1.34261074516499,0.0510465118309455,0,"299","1","299",-0.984892712371197,0.315494340314785,-0.933846200540252,0.408764544624742,0
"300","S_1811_S148",1.34261074516499,0.062649334595897,0,"300","1","300",0.365397334213906,0.298909852734706,0.428046668809803,1.7706574139748,2.11474252688113
"301","S_181_S65",1.34261074516499,-0.0197484987267037,0,"301","1","301",-0.144985839888476,0.303755204794526,-0.16473433861518,1.17787640654981,1.62657656169779
"302","S_1822_S37",1.34261074516499,0.0334414481729014,0,"302","1","302",0.261003748353794,0.315225138527468,0.294445196526696,1.63705594169169,1.77827941003892
"303","S_1823_S3_L003",1.34261074516499,-0.0336000279734501,0,"303","1","303",-0.025157201327713,0.331916066395493,-0.0587572293011631,1.28385351586383,1
"304","S_1824_S180",1.34261074516499,-0.0406245746135882,0,"304","2","  1",-0.293033570634825,0.33423886879377,-0.333658145248414,1.00895259991658,NA
"305","S_1828_S156",1.34261074516499,-0.0329288900531435,0,"305","1","304",0.0602330219944374,0.323796265832594,0.0273041319412939,1.36991487710629,1.18920711500272
"306","S_1834_S114",1.34261074516499,-0.0408599156406947,0,"306","1","305",0.170688735504791,0.316879687363884,0.129828819864097,1.47243956502909,1.77827941003892
"307","S_1835_S57",1.34261074516499,0.0832643976303887,0,"307","1","306",-0.616752209461575,0.323109903066561,-0.533487811831186,0.809122933333807,0
"308","S_1845_S34",1.34261074516499,0.0200026766099084,0,"308","1","307",0.922546523904448,0.333879588292604,0.942549200514356,2.28515994567935,2.51486685936587
"309","S_1855_S49",1.34261074516499,0.0392940655825464,0,"309","1","308",-0.274439297525971,0.311977542295073,-0.235145231943424,1.10746551322157,1
"310","S_1856_S51",1.34261074516499,0.0734925641242196,0,"310","1","309",-0.395273178113124,0.338732245448226,-0.321780613988905,1.02083013117609,0.840896415253715
"311","S_185_S72",1.34261074516499,-0.141412932949563,0,"311","1","310",-0.375444914941534,0.348892769934043,-0.516857847891097,0.825752897273897,0
"312","S_1861_S1_L003",1.34261074516499,0.0593601946626925,0,"312","1","311",1.05605581093036,0.342273563898644,1.11541600559306,2.45802675075805,2.51486685936587
"313","S_1871_S186",1.34261074516499,0.0868344151692785,0,"313","1","312",0.904026425036081,0.321264599220411,0.990860840205359,2.33347158537035,1.73205080756888
"314","S_188_S79",1.34261074516499,0.118993903516676,0,"314","1","313",0.243216827224375,0.33195603197108,0.362210730741052,1.70482147590605,1.18920711500272
"315","S_1909_S132",1.34261074516499,-0.0773574731225431,0,"315","1","314",0.360682841708301,0.289141042511729,0.283325368585757,1.62593611375075,2.05976714390712
"316","S_190_S2",1.34261074516499,0.0799692768577164,0,"316","1","315",0.227434867131964,0.356688871134037,0.307404143989681,1.65001488915467,2.23606797749979
"317","S_1910_S23_L003",1.34261074516499,0.110621009525811,0,"317","1","316",-0.02148124999159,0.316310306334095,0.0891397595342214,1.43175050469922,1.49534878122122
"318","S_1921_S54",1.34261074516499,0.013787589378683,0,"318","1","317",-0.674420383448279,0.322396138172856,-0.660632794069596,0.681977951095398,0
"319","S_1934_S21_L003",1.34261074516499,0.0210332337587312,0,"319","1","318",1.00133045823984,0.334483244607637,1.02236369199857,2.36497443716356,2.89250760851908
"320","S_1935_S15",1.34261074516499,0.0439975574432471,0,"320","1","319",0.131152740708008,0.298946353612388,0.175150298151255,1.51776104331625,1.49534878122122
"321","S_1939_S59",1.34261074516499,0.115087287935779,0,"321","1","320",0.159599437423318,0.337474179760378,0.274686725359096,1.61729747052409,2.11474252688113
"322","S_1945_S21",1.34261074516499,0.100065153970438,0,"322","1","321",0.697123985680557,0.327870530359885,0.797189139650995,2.13979988481599,2.21336383940064
"323","S_1946_S184",1.34261074516499,-0.176119065643777,0,"323","1","322",0.301527651937319,0.341987189050086,0.125408586293543,1.46801933145854,1.31607401295249
"324","S_1950_S66",1.34261074516499,-0.0226946634907019,0,"324","1","323",-0.516313353066815,0.301800820709,-0.539008016557517,0.803602728607477,0
"325","S_1955_S145",1.34261074516499,-0.334544980890774,0,"325","1","324",0.284493552748653,0.471050132016819,-0.0500514281421215,1.29255931702287,1.45647531512197
"326","S_1956_S127",1.34261074516499,0.0188201105404172,0,"326","1","325",-0.47973401463297,0.325642985409279,-0.460913904092553,0.881696841072441,0
"327","S_1971_S104",1.34261074516499,-0.040331300323853,0,"327","1","326",0.906395822914699,0.338517761738783,0.866064522590846,2.20867526775584,2.11474252688113
"328","S_1998_S79_L003",1.34261074516499,-0.0980799435848277,0,"328","1","327",-1.10883786985438,0.330194042382871,-1.20691781343921,0.135692931725788,0
"329","S_199_S59_L003",1.34261074516499,-0.103255070286902,0,"329","1","328",0.0820442330386189,0.310378362924592,-0.0212108372482829,1.32139990791671,1
"330","S_1_S123",1.34261074516499,-0.196995924818592,0,"330","1","329",-0.592509457443164,0.363014748614393,-0.789505382261756,0.553105362903238,0
"331","S_2005_S22",1.34261074516499,-0.12498250699462,0,"331","1","330",0.281032831371845,0.310737927832211,0.156050324377225,1.49866106954222,2.23606797749979
"332","S_2008_S85_L003",1.34261074516499,-0.0377519475918964,0,"332","1","331",0.55236241853901,0.324213411145463,0.514610470947114,1.85722121611211,1.31607401295249
"333","S_2025_S28",1.34261074516499,0.0227279018788175,0,"333","1","332",-0.0274539292174709,0.334041060724646,-0.00472602733865344,1.33788471782634,1.25743342968294
"334","S_2029_S18_L003",1.34261074516499,-0.0124887370770064,0,"334","1","333",0.533974444900753,0.354118599730916,0.521485707823746,1.86409645298874,2.51486685936587
"335","S_2031_S70",1.34261074516499,-0.016834382786896,0,"335","1","334",-0.314406544836247,0.338384784551232,-0.331240927623143,1.01136981754185,0
"336","S_2038_S118",1.34261074516499,-0.0479408459269919,0,"336","1","335",0.791763358096282,0.328918338942186,0.74382251216929,2.08643325733428,2.44948974278318
"337","S_2075_S187",1.34261074516499,-0.272731237379428,0,"337","1","336",-0.086996633013849,0.405385387820416,-0.359727870393277,0.982882874771717,0
"338","S_2076_S5_L003",1.34261074516499,-0.0810173245153231,0,"338","1","337",-0.0548877601285605,0.295081588401159,-0.135905084643884,1.20670566052111,1.77827941003892
"339","S_2077_S82_L003",1.34261074516499,0.0909111370237049,0,"339","1","338",-0.596677904697157,0.319443103730608,-0.505766767673452,0.836843977491541,0.840896415253715
"340","S_2080_S6_L003",1.34261074516499,0.028206342879277,0,"340","1","339",0.444596242634338,0.311141464186321,0.472802585513614,1.81541333067861,2.51486685936587
"341","S_2083_S65_L003",1.34261074516499,0.0538384682583378,0,"341","1","340",-0.51620252634259,0.346678285867924,-0.462364058084252,0.880246687080741,1.31607401295249
"342","S_2089_S17",1.34261074516499,0.0914087255431156,0,"342","1","341",-1.33071056531386,0.310529702053013,-1.23930183977075,0.103308905394246,0
"343","S_2096_S54_L003",1.34261074516499,-0.172633931393482,0,"343","1","342",0.244215540817679,0.343972216676383,0.0715816094241975,1.41419235458919,2.51486685936587
"344","S_2098_S191",1.34261074516499,-0.005896950590474,0,"344","1","343",-0.166018451082016,0.307155248808144,-0.17191540167249,1.1706953434925,1.31607401295249
"345","S_2108_S154",1.34261074516499,-0.254081797719414,0,"345","1","344",0.144607394237199,0.40402615242217,-0.109474403482215,1.23313634168278,1.77827941003892
"346","S_210_S177",1.34261074516499,-0.0219889655416846,0,"346","1","345",-0.878543868630545,0.3225603227543,-0.90053283417223,0.442077910992764,0
"347","S_2120_S134",1.34261074516499,-0.246500463832722,0,"347","1","346",-0.994278111723461,0.415986868580884,-1.24077857555618,0.10183216960881,0
"348","S_2124_S101",1.34261074516499,-0.0442638784049975,0,"348","1","347",-0.863350877470622,0.315194142190758,-0.90761475587562,0.434995989289374,0
"349","S_2125_S140",1.34261074516499,-0.235412321273324,0,"349","1","348",-1.00004823748798,0.337644628687572,-1.2354605587613,0.107150186403693,0
"350","S_2126_S35",1.34261074516499,-0.15791300466017,0,"350","1","349",0.181757300097309,0.324811761214894,0.0238442954371395,1.36645504060213,1.31607401295249
"351","S_212_S12",1.34261074516499,0.109143994256538,0,"351","1","350",-1.14664292419271,0.326258305092188,-1.03749892993617,0.305111815228823,0
"352","S_2130_S16_L003",1.34261074516499,-0.134067174501373,0,"352","1","351",0.18623436273541,0.331344252614758,0.0521671882340377,1.39477793339903,1.96798967126543
"353","S_2138_S112",1.34261074516499,-0.00621986160906368,0,"353","1","352",0.579370949583106,0.303560459815144,0.573151087974042,1.91576183313904,2.23606797749979
"354","S_2139_S60",1.34261074516499,-0.184818735795621,0,"354","1","353",-0.501900358421418,0.31578728263157,-0.686719094217039,0.655891650947954,1.18920711500272
"355","S_2149_S9_L003",1.34261074516499,-0.121362278125983,0,"355","1","354",-1.16369793919835,0.330492925835247,-1.28506021732433,0.0575505278406627,0
"356","S_2157_S122",1.34261074516499,0.01482497516287,0,"356","1","355",-0.277827198813211,0.324523410784267,-0.263002223650341,1.07960852151465,1.18920711500272
"357","S_2162_S4_L003",1.34261074516499,-0.0801831281090094,0,"357","1","356",0.724932424999055,0.320243346992807,0.644749296890046,1.98736004205504,2.05976714390712
"358","S_2167_S81_L003",1.34261074516499,-0.0468940988718507,0,"358","1","357",-0.982116636516744,0.301159583573411,-1.02901073538859,0.313600009776399,0
"359","S_2177_S11_L003",1.34261074516499,-0.00843347660552604,0,"359","1","358",-0.742284245223189,0.294182088968848,-0.750717721828715,0.591893023336278,1.25743342968294
"360","S_2194_S133",1.34261074516499,0.0393781420409282,0,"360","1","359",0.053689654578917,0.312858585159073,0.0930677966198452,1.43567854178484,1.8612097182042
"361","S_2195_S129",1.34261074516499,0.0076693075132149,0,"361","1","360",-0.520501646679232,0.320131759893589,-0.512832339166018,0.829778405998976,0
"362","S_2200_S5",1.34261074516499,-0.0779709605226265,0,"362","1","361",-0.68739274471643,0.324423969853382,-0.765363705239056,0.577247039925937,0.562341325190349
"363","S_2224_S161",1.34261074516499,-0.0904508866895979,0,"363","1","362",0.356529864589441,0.296850429586176,0.266078977899843,1.60868972306484,2.34034731932072
"364","S_2225_S110",1.34261074516499,-0.275730141110647,0,"364","1","363",0.244289083975952,0.383998406281318,-0.0314410571346947,1.3111696880303,1.31607401295249
"365","S_2233_S80_L003",1.34261074516499,0.00315511288368447,0,"365","1","364",-0.220843806020156,0.298429059484957,-0.217688693136471,1.12492205202852,1.56508458007329
"366","S_2277_S189",1.34261074516499,-0.273406277917556,0,"366","1","365",0.248769252124917,0.400207440879669,-0.0246370257926394,1.31797371937235,2.05976714390712
"367","S_228_S138",1.34261074516499,0.0686027955893601,0,"367","1","366",-0.660938955135854,0.327590883952758,-0.592336159546494,0.750274585618499,0.840896415253715
"368","S_2296_S115",1.34261074516499,-0.0584033820641834,0,"368","1","367",-0.585315237891744,0.301729882947572,-0.643718619955928,0.698892125209066,0
"369","S_229_S24_L003",1.34261074516499,0.224900966443247,0,"369","1","368",0.821450165677505,0.329366599825897,1.04635113212075,2.38896187728575,1.96798967126543
"370","S_2316_S149",1.34261074516499,-0.0888910177216872,0,"370","1","369",-0.174052462756892,0.325523346283846,-0.262943480478579,1.07966726468641,1
"371","S_2317_S77_L003",1.34261074516499,0.20493071341178,0,"371","1","370",0.336234533527255,0.325270558302937,0.541165246939035,1.88377599210403,1.49534878122122
"372","S_2318_S85",1.34261074516499,0.209209692095308,0,"372","1","371",0.380330051290347,0.326048851142703,0.589539743385655,1.93215048855065,2.44948974278318
"373","S_2326_S100",1.34261074516499,0.142507700274753,0,"373","1","372",-1.29063485091517,0.30971278966733,-1.14812715064042,0.194483594524578,0
"374","S_2332_S35_L003",1.34261074516499,0.257588853682741,0,"374","1","373",0.357592585960508,0.334020752658035,0.615181439643249,1.95779218480824,1.96798967126543
"375","S_2335_S96",1.34261074516499,-0.358079374232727,0,"375","1","374",-0.105463235456453,0.501236965600691,-0.46354260968918,0.879068135475813,0
"376","S_2341_S56",1.34261074516499,0.0753821906772611,0,"376","1","375",-1.36171206084917,0.303283036646699,-1.28632987017191,0.0562808749930874,0
"377","S_2344_S156",1.34261074516499,-0.387133601232791,0,"377","1","376",-0.252364482176732,0.522459913276216,-0.639498083409523,0.70311266175547,0
"378","S_2346_S152",1.34261074516499,0.064868949341854,0,"378","1","377",-0.783752948430789,0.304876354989991,-0.718883999088935,0.623726746076059,0
"379","S_2387_S147",1.34261074516499,0.0394009543137854,0,"379","1","378",0.345448988082789,0.299267529967929,0.384849942396574,1.72746068756157,1.18920711500272
"380","S_2397_S166",1.34261074516499,-0.0861357214146486,0,"380","1","379",-0.0271488456345129,0.333196273314699,-0.113284567049162,1.22932617811583,1.56508458007329
"381","S_255_S45",1.34261074516499,-0.0451534830828121,0,"381","1","380",-0.894849740395859,0.381752723505751,-0.940003223478671,0.402607521686322,0
"382","S_256_S39_L003",1.34261074516499,-0.0500140646998975,0,"382","1","381",-0.474632623104456,0.313764115499979,-0.524646687804354,0.81796405736064,0
"383","S_274_S192",1.34261074516499,-0.0824846779897899,0,"383","1","382",-0.644085445986638,0.3435007745378,-0.726570123976428,0.616040621188566,0
"384","S_276_S74",1.34261074516499,0.00273438906874977,0,"384","1","383",-0.0586137838286464,0.324957142281603,-0.0558793947598966,1.2867313504051,1.49534878122122
"385","S_27_S7",1.34261074516499,-0.0250904003538904,0,"385","1","384",-0.506045925528375,0.32510818614362,-0.531136325882266,0.811474419282728,0.840896415253715
"386","S_285_1_S191",1.34261074516499,0.0525509684189423,0,"386","1","385",0.25142651630006,0.290556585430659,0.303977484719002,1.646588229884,2.05976714390712
"387","S_289_S32_L003",1.34261074516499,-0.242853258163917,0,"387","1","386",-0.193109917798342,0.407733590839214,-0.435963175962259,0.906647569202735,1.31607401295249
"388","S_292_S80",1.34261074516499,0.0556355214414319,0,"388","1","387",-0.0905221949210871,0.307862704466985,-0.0348866734796552,1.30772407168534,1.31607401295249
"389","S_295_S46_L003",1.34261074516499,0.145262058925309,0,"389","1","388",-0.380692136645954,0.318893833666143,-0.235430077720645,1.10718066744435,1.31607401295249
"390","S_297_S95",1.34261074516499,0.197443859166136,0,"390","1","389",0.426723099055746,0.336031909378885,0.624166958221881,1.96677770338688,2.51486685936587
"391","S_302_S182",1.34261074516499,0.0545214890096117,0,"391","1","390",0.31936080437749,0.289111031656843,0.373882293387101,1.7164930385521,2.11474252688113
"392","S_328_S179",1.34261074516499,-0.114705237394491,0,"392","1","391",-0.44780621555945,0.328668045651779,-0.562511452953941,0.780099292211053,1.56508458007329
"393","S_32_S152",1.34261074516499,-0.151982966071558,0,"393","1","392",-1.12307303366034,0.315217764943095,-1.2750559997319,0.0675547454330987,0
"394","S_331_S25",1.34261074516499,0.0420775565697709,0,"394","1","393",-0.773225103769582,0.334807712332252,-0.731147547199811,0.611463197965183,0
"395","S_334_S137",1.34261074516499,0.0967467414151603,0,"395","1","394",-1.29249862702971,0.307266834288058,-1.19575188561455,0.146858859550444,0
"396","S_337_S8",1.34261074516499,0.14410302805585,0,"396","1","395",1.66319502563493,0.308279867716028,1.80729805369078,3.14990879885578,2.99069756244244
"397","S_339_S28_L003",1.34261074516499,0.122272382508783,0,"397","1","396",-0.434881552606632,0.301045324511743,-0.312609170097848,1.03000157506715,0
"398","S_341_S162",1.34261074516499,-0.275025100772121,0,"398","1","397",0.521636841050174,0.422902002574572,0.246611740278053,1.58922248544305,1.83142075074235
"399","S_344_S160",1.34261074516499,-0.328805999691221,0,"399","1","398",-0.0134488177811942,0.480605177176643,-0.342254817472415,1.00035592769258,1.56508458007329
"400","S_357_S87",1.34261074516499,0.22227814498676,0,"400","1","399",0.088101524959822,0.339427106661577,0.310379669946582,1.65299041511158,1.49534878122122
"401","S_371_S41_L003",1.34261074516499,0.0611804452174761,0,"401","1","400",-0.342362800723659,0.301796927338217,-0.281182355506183,1.06142838965881,1
"402","S_373_S73",1.34261074516499,-0.0671945004804723,0,"402","1","401",-0.234274011065145,0.340467570129534,-0.301468511545617,1.04114223361938,0
"403","S_377_S12_L003",1.34261074516499,-0.0830188564145692,0,"403","1","402",1.11944447847397,0.35133575866791,1.0364256220594,2.3790363672244,2.78315768371374
"404","S_385_S62_L003",1.34261074516499,-0.0982183039789926,0,"404","1","403",0.282191077444898,0.320371750179015,0.183972773465905,1.5265835186309,2.23606797749979
"405","S_393_S135",1.34261074516499,-0.124408218352856,0,"405","2","  2",-0.0301596180487793,0.338844590286499,-0.154567836401636,1.18804290876336,NA
"406","S_397_S176",1.34261074516499,-0.115385545067793,0,"406","1","404",0.0169159542956757,0.323475538559362,-0.0984695907721168,1.24414115439288,1.18920711500272
"407","S_406_S140",1.34261074516499,-0.0388095652598204,0,"407","1","405",1.35580356809323,0.333036552850513,1.31699400283341,2.6596047479984,2.65914794847249
"408","S_407_S131",1.34261074516499,-0.0803700701051621,0,"408","1","406",-0.868123040979192,0.325112094305402,-0.948493111084354,0.39411763408064,0
"409","S_413_S86_L003",1.34261074516499,-0.0993654897085961,0,"409","1","407",-0.667028838461114,0.345169443360324,-0.76639432816971,0.576216416995284,0
"410","S_419_S1",1.34261074516499,-0.092514832660661,0,"410","1","408",-0.164880564693127,0.346536513508853,-0.257395397353788,1.08521534781121,1.49534878122122
"411","S_41_S124",1.34261074516499,-0.0620690337310582,0,"411","1","409",-0.368585123720912,0.321644321761042,-0.43065415745197,0.911956587713024,0
"412","S_440_S128",1.34261074516499,-0.357968325848758,0,"412","1","410",-0.277390306168911,0.455884096169114,-0.635358632017669,0.707252113147325,0
"413","S_450_S135",1.34261074516499,0.043028848185814,0,"413","1","411",-0.145954862015212,0.320195214956793,-0.102926013829398,1.2396847313356,0.840896415253715
"414","S_453_S63",1.34261074516499,-0.213819722583558,0,"414","1","412",-0.337166208319275,0.325110446431743,-0.550985930902832,0.791624814262161,0
"415","S_454_S71_L003",1.34261074516499,-0.0209798648533207,0,"415","1","413",0.240311066442639,0.31988822751042,0.219331201589318,1.56194194675431,2.54572989502183
"416","S_469_S119",1.34261074516499,-0.173444402014339,0,"416","1","414",0.932448018623716,0.380010601898322,0.759003616609377,2.10161436177437,2.89250760851908
"417","S_474_S89_L003",1.34261074516499,-0.372104536830904,0,"417","1","415",-0.0204157100753817,0.509798112520473,-0.392520246906286,0.950090498258708,0
"418","S_481_S27_L003",1.34261074516499,-0.0663242291093704,0,"418","1","416",-0.841949702170462,0.327555779955599,-0.908273931279832,0.434336813885162,0.840896415253715
"419","S_487_S31",1.34261074516499,-0.09432066572931,0,"419","1","417",-0.367603788996793,0.33007452259651,-0.461924454726103,0.880686290438891,1.49534878122122
"420","S_501_S43",1.34261074516499,-0.0354956114771212,0,"420","1","418",-0.659583632866927,0.351087741643484,-0.695079244344048,0.647531500820945,0
"421","S_509_S109",1.34261074516499,-0.0385004755799272,0,"421","1","419",-0.571705979406164,0.336280769417643,-0.610206454986092,0.732404290178902,0
"422","S_515_S58",1.34261074516499,-0.176627972722752,0,"422","1","420",-1.0449223871807,0.325339149870567,-1.22155035990345,0.121060385261539,0
"423","S_516_S138",1.34261074516499,-0.345517626660716,0,"423","1","421",-0.146589420246429,0.465846584784112,-0.492107046907145,0.850503698257849,0
"424","S_517_S20_L003",1.34261074516499,-0.0556520929573847,0,"424","1","422",1.05873908266506,0.317395228326006,1.00308698970768,2.34569773487267,2.89250760851908
"425","S_522_S10",1.34261074516499,0.0240415654288336,0,"425","1","423",0.852027679413094,0.320603432150109,0.876069244841928,2.21867999000692,2.34034731932072
"426","S_524_S33_L003",1.34261074516499,-0.130954841138799,0,"426","1","424",0.102872086595625,0.342248249841916,-0.0280827545431737,1.31452799062182,1.31607401295249
"427","S_528_S103",1.34261074516499,-0.0681787980314857,0,"427","1","425",0.330190064782583,0.321918859213621,0.262011266751097,1.60462201191609,2.34034731932072
"428","S_533_S68",1.34261074516499,-0.218936474309374,0,"428","1","426",0.303607486973205,0.373512618827424,0.0846710126638309,1.42728175782882,1.56508458007329
"429","S_537_S78_L003",1.34261074516499,-0.061598885803799,0,"429","1","427",1.12406677448097,0.331297552640488,1.06246788867717,2.40507863384216,2.78315768371374
"430","S_545_S69",1.34261074516499,-0.0161325431881201,0,"430","1","428",0.403938758902689,0.321790012273816,0.387806215714569,1.73041696087956,1.10668191970032
"431","S_565_S149",1.34261074516499,-0.0928716746287851,0,"431","1","429",0.962853403068719,0.31765232777998,0.869981728439934,2.21259247360493,2.05976714390712
"432","S_567_S165",1.34261074516499,-0.0382202863750051,0,"432","1","430",-0.27601452666434,0.31991440931202,-0.314234813039345,1.02837593212565,0
"433","S_574_S155",1.34261074516499,-0.348488314093422,0,"433","1","431",0.327574921765944,0.478013291556764,-0.0209133923274775,1.32169735283752,0
"434","S_591_S99",1.34261074516499,-0.0859800153494059,0,"434","1","432",-0.212549695286289,0.344851870990922,-0.298529710635695,1.0440810345293,1.49534878122122
"435","S_5_S63_L003",1.34261074516499,-0.281902383598943,0,"435","1","433",0.691566900681062,0.416199492037843,0.409664517082119,1.75227526224711,2.51486685936587
"436","S_629_S113",1.34261074516499,0.135938722012765,0,"436","1","434",0.181651648537868,0.311384032134467,0.317590370550633,1.66020111571563,1.77827941003892
"437","S_630_S51_L003",1.34261074516499,-0.00633886600160376,0,"437","1","435",0.161340436058146,0.299141941409571,0.155001570056542,1.49761231522154,2.11474252688113
"438","S_631_S87_L003",1.34261074516499,0.184719136937962,0,"438","1","436",0.271140620843458,0.31319747702752,0.45585975778142,1.79847050294641,1.96798967126543
"439","S_63_S170",1.34261074516499,0.108265033688158,0,"439","1","437",-0.0671400373411892,0.321628236130905,0.0411249963469688,1.38373574151196,0
"440","S_640_S178",1.34261074516499,0.0570207055507901,0,"440","1","438",-0.301528585427299,0.283543843678743,-0.244507879876509,1.09810286528848,0
"441","S_646_S142",1.34261074516499,0.105739380507847,0,"441","1","439",-0.193926764507215,0.298840637007588,-0.0881873839993678,1.25442336116563,1.25743342968294
"442","S_650_S129",1.34261074516499,-0.324663990711893,0,"442","1","440",0.420598626604069,0.475780182406762,0.0959346358921758,1.43854538105717,2.17793858734643
"443","S_653_S6",1.34261074516499,0.260166809934032,0,"443","1","441",1.38628003438304,0.34316486095407,1.64644684431707,2.98905758948207,2.34034731932072
"444","S_656_S181",1.34261074516499,0.208922554553901,0,"444","1","442",0.967918965156347,0.321177425707172,1.17684151971025,2.51945226487524,2.34034731932072
"445","S_657_S154",1.34261074516499,-0.354817929766819,0,"445","1","443",0.640186521593392,0.510122994961773,0.285368591826573,1.62797933699157,2.23606797749979
"446","S_658_S33",1.34261074516499,0.211552164123528,0,"446","1","444",1.3084509511342,0.355173965487178,1.52000311525773,2.86261386042272,2.89250760851908
"447","S_65_S29_L003",1.34261074516499,-0.0763187655586678,0,"447","1","445",0.60530136998271,0.277681083614341,0.528982604424043,1.87159334958904,2.11474252688113
"448","S_662_S98",1.34261074516499,0.0765717343464758,0,"448","1","446",0.152501605633447,0.282234667443069,0.229073339979923,1.57168408514492,0.840896415253715
"449","S_673_S40_L003",1.34261074516499,0.0816110216376733,0,"449","1","447",-0.285470025598619,0.329992013741794,-0.203859003960946,1.13875174120405,1.4142135623731
"450","S_674_S130",1.34261074516499,0.133795661707669,0,"450","1","448",-1.03262553075653,0.296442016904409,-0.898829869048866,0.443780876116128,0
"451","S_679_S9",1.34261074516499,0.118188873522536,0,"451","1","449",-0.149009859630735,0.310851603492823,-0.0308209861081989,1.31178975905679,1.25743342968294
"452","S_685_S121",1.34261074516499,0.10872635531751,0,"452","1","450",-0.123901342309302,0.311134748993523,-0.0151749869917929,1.3274357581732,1.31607401295249
"453","S_695_S46",1.34261074516499,0.21412958242188,0,"453","1","451",0.0696835669897592,0.308124973124454,0.283813149411639,1.62642389457663,2.51486685936587
"454","S_696_S88",1.34261074516499,-0.0267624111287387,0,"454","1","452",0.500149728450023,0.320461309743307,0.473387317321284,1.81599806248628,2.34034731932072
"455","S_706_S108",1.34261074516499,0.204816907454727,0,"455","1","453",-0.229124329326785,0.304847187012216,-0.0243074218720586,1.31830332329294,1.25743342968294
"456","S_711_S50",1.34261074516499,0.106853415650233,0,"456","1","454",0.470723680656985,0.320475122699657,0.577577096307218,1.92018784147221,1.49534878122122
"457","S_712_S136",1.34261074516499,0.132755661081011,0,"457","1","455",-0.273356174774843,0.282512088333061,-0.140600513693832,1.20201023147116,1.45647531512197
"458","S_713_S163",1.34261074516499,-0.224757705330322,0,"458","1","456",0.201952495045721,0.407465612310938,-0.0228052102846011,1.31980553488039,1.77827941003892
"459","S_714_S34_L003",1.34261074516499,0.215611430719585,0,"459","1","457",-0.0689678583678326,0.342280823615252,0.146643572351753,1.48925431751675,1.56508458007329
"460","S_726_S69_L003",1.34261074516499,0.199226234127111,0,"460","1","458",0.758653829342737,0.309611491984323,0.957880063469849,2.30049080863484,2.78315768371374
"461","S_733_S67_L003",1.34261074516499,0.150591182177947,0,"461","1","459",-0.105174950792337,0.302240713701306,0.0454162313856092,1.3880269765506,1.25743342968294
"462","S_738_S39",1.34261074516499,0.158266763136963,0,"462","1","460",0.433637199386797,0.325998136005402,0.59190396252376,1.93451470768875,1.56508458007329
"463","S_758_S128",1.34261074516499,0.0930395578580879,0,"463","1","461",0.927580060644171,0.301642082418205,1.02061961850226,2.36323036366725,2.65914794847249
"464","S_762_S173",1.34261074516499,0.234670573212489,0,"464","1","462",0.105434349839617,0.338233298266584,0.340104923052105,1.6827156682171,2.11474252688113
"465","S_764_S93_L003",1.34261074516499,0.202939135608922,0,"465","1","463",1.00230530692891,0.326183312005623,1.20524444253784,2.54785518770283,2.89250760851908
"466","S_765_S48",1.34261074516499,0.128286639835747,0,"466","1","464",0.484043585021253,0.320245538779137,0.612330224857001,1.95494097002199,1.31607401295249
"467","S_770_S57_L003",1.34261074516499,-0.0954065496818392,0,"467","1","465",-0.527478503133184,0.358443906521183,-0.622885052815024,0.71972569234997,1.4142135623731
"468","S_772_S58_L003",1.34261074516499,0.149720483811213,0,"468","1","466",-0.950686089578476,0.317129476720659,-0.800965605767263,0.54164513939773,0
"469","S_779_S94_L003",1.34261074516499,0.00293675219746548,0,"469","1","467",-1.02798566014882,0.295528717034961,-1.02504890795135,0.317561837213643,0
"470","S_7_S141",1.34261074516499,-0.0711848709290724,0,"470","1","468",0.0443074260044052,0.291885036042153,-0.0268774449246673,1.31573330024033,1.31607401295249
"471","S_813_S44_L003",1.34261074516499,0.0762688067096188,0,"471","1","469",0.848482832027285,0.305486800235729,0.924751638736904,2.2673623839019,2.23606797749979
"472","S_824_S40",1.34261074516499,0.150666425482325,0,"472","1","470",-0.531250479977525,0.334066703654754,-0.3805840544952,0.962026690669794,0
"473","S_825_S71",1.34261074516499,0.269281748255891,0,"473","1","471",-0.415747133688864,0.35651662326383,-0.146465385432973,1.19614535973202,1.25743342968294
"474","S_826_S8_L003",1.34261074516499,0.0868625219712454,0,"474","1","472",0.0494384190331938,0.304014902496175,0.136300941004439,1.47891168616943,1.56508458007329
"475","S_837_S50_L003",1.34261074516499,0.175154763930207,0,"475","1","473",0.54743797486537,0.306983620037479,0.722592738795577,2.06520348396057,2.65914794847249
"476","S_83_S14",1.34261074516499,0.0774165267025234,0,"476","1","474",-1.04561575388732,0.33750473036927,-0.968199227184798,0.374411517980195,0
"477","S_840_S88_L003",1.34261074516499,0.146291945239402,0,"477","1","475",0.586451907486481,0.316962735111248,0.732743852725883,2.07535459789088,1.77827941003892
"478","S_844_S151",1.34261074516499,0.12925546195516,0,"478","1","476",-0.938559751977002,0.327053885757312,-0.809304290021842,0.533306455143152,0
"479","S_85_S36_L003",1.34261074516499,-0.0493598239246342,0,"479","1","477",0.230966500540631,0.324129363642996,0.181606676615997,1.52421742178099,1.18920711500272
"480","S_861_S22_L003",1.34261074516499,0.0404427011036869,0,"480","1","478",0.642197374418275,0.299297137264528,0.682640075521962,2.02525082068696,2.51486685936587
"481","S_865_S82",1.34261074516499,0.128984457958155,0,"481","1","479",-0.477394812838327,0.315178701333602,-0.348410354880173,0.994200390284821,1.77827941003892
"482","S_879_S97",1.34261074516499,0.113457820310763,0,"482","1","480",0.25719281255965,0.313631144213514,0.370650632870412,1.71326137803541,1.31607401295249
"483","S_87_S81",1.34261074516499,-0.0752722104155095,0,"483","1","481",0.0148947342030154,0.312953268235452,-0.0603774762124941,1.2822332689525,2.34034731932072
"484","S_885_S77",1.34261074516499,0.15125976493525,0,"484","1","482",-0.336399645875355,0.307304562043105,-0.185139880940105,1.15747086422489,0.840896415253715
"485","S_901_S136",1.34261074516499,-0.147565955734423,0,"485","2","  3",-0.217248511608933,0.367960157659769,-0.364814467343356,0.977796277821638,NA
"486","S_932_S42_L003",1.34261074516499,0.0512095920272762,0,"486","1","483",-0.086899136186417,0.326032250479382,-0.0356895441591408,1.30692120100585,1.31607401295249
"487","S_961_S70_L003",1.34261074516499,0.208985330420113,0,"487","1","484",0.943970851390628,0.336201835614106,1.15295618181074,2.49556692697573,2.63214802590498
"488","S_962_S42",1.34261074516499,0.069993382123876,0,"488","1","485",0.742207211160095,0.29588191326084,0.812200593283971,2.15481133844896,1.49534878122122
"489","S_972_S142",1.34261074516499,-0.318409670197755,0,"489","1","486",-0.198079171366056,0.475627095207121,-0.516488841563811,0.826121903601183,0
"490","S_978_S90",1.34261074516499,-0.158206446468792,0,"490","1","487",-0.661697402650145,0.398243340434013,-0.819903849118937,0.522706896046056,0
"491","S_983_S4",1.34261074516499,0.121151508387897,0,"491","1","488",-0.781683755153612,0.285833665571107,-0.660532246765715,0.682078498399279,0
"492","S_993_S55",1.34261074516499,0.171613190387025,0,"492","1","489",-0.331978538109077,0.358699450195353,-0.160365347722052,1.18224539744294,0.840896415253715
"493","NSW1201426",1.34261074516499,0.0945591076798286,0,"493","2","  4",0.0176282767743725,0.120297323145084,0.112187384454201,1.45479812961919,NA
"494","NSW1212884",1.34261074516499,-0.140860901859762,0,"494","2","  5",0.335151453622393,0.19560155363059,0.194290551762631,1.53690129692762,NA
"495","NSW1200541",1.34261074516499,0.0352750119934585,0,"495","2","  6",0.520968483067792,0.168171595068749,0.55624349506125,1.89885424022624,NA
"496","NSW1190165",1.34261074516499,0.015976376891668,0,"496","2","  7",-0.13649115207666,0.182821374267923,-0.120514775184992,1.22209596998,NA
"497","NSW1166659",1.34261074516499,-0.120934046140652,0,"497","2","  8",-0.0542700325576723,0.184340355943947,-0.175204078698325,1.16740666646667,NA
"498","NSW1213025",1.34261074516499,-0.0699996761886176,0,"498","2","  9",-0.448443053057406,0.164162324650172,-0.518442729246024,0.82416801591897,NA
"499","NSW1211446",1.34261074516499,0.160816687513079,0,"499","2"," 10",0.316213066189776,0.225850769792877,0.477029753702855,1.81964049886785,NA
"500","NSW1200628",1.34261074516499,0.118921561363858,0,"500","2"," 11",-0.203675811615808,0.193595208865782,-0.0847542502519503,1.25785649491304,NA
"501","NSW1166664",1.34261074516499,-0.228770178244166,0,"501","2"," 12",0.344301100372513,0.220858594092131,0.115530922128348,1.45814166729334,NA
"502","NSW1213021",1.34261074516499,-0.0881952235436845,0,"502","2"," 13",0.047358384460714,0.171001114814476,-0.0408368390829705,1.30177390608202,NA
"503","NSW1201391",1.34261074516499,0.0235109969598565,0,"503","2"," 14",-0.160348762920297,0.209584613446954,-0.136837765960441,1.20577297920455,NA
"504","NSW1201419",1.34261074516499,0.159456883237655,0,"504","2"," 15",-0.139431504106409,0.127158647465064,0.0200253791312459,1.36263612429624,NA
"505","NSW1201415",1.34261074516499,0.108301407123785,0,"505","2"," 16",0.530782002770115,0.174493545960063,0.6390834098939,1.98169415505889,NA
"506","NSW1200364",1.34261074516499,-0.101044198441431,0,"506","2"," 17",-0.250849551730795,0.194905269955471,-0.351893750172226,0.990716994992768,NA
"507","NSW1190167",1.34261074516499,0.0906012712454362,0,"507","2"," 18",0.0656862451747183,0.130094966911421,0.156287516420154,1.49889826158515,NA
"508","NSW1190204",1.34261074516499,0.0531598704396304,0,"508","2"," 19",0.0502429787664313,0.172397171549289,0.103402849206062,1.44601359437106,NA
"509","NSW1200834",1.34261074516499,0.192629250556653,0,"509","2"," 20",-0.396167167903655,0.181732120437186,-0.203537917347001,1.13907282781799,NA
"510","NSW1200533",1.34261074516499,0.127571770811359,0,"510","2"," 21",0.604602025746517,0.109731517674645,0.732173796557876,2.07478454172287,NA
"511","NSW1200414",1.34261074516499,0.0741898553474003,0,"511","2"," 22",-0.447286753699738,0.176200326246857,-0.373096898352338,0.969513846812656,NA
"512","NSW1200759",1.34261074516499,0.0834005878050554,0,"512","2"," 23",-0.54937485897662,0.166518592347508,-0.465974271171565,0.876636473993429,NA
"513","NSW1212889",1.34261074516499,-0.16696306577773,0,"513","2"," 24",0.159236601346168,0.215201277134934,-0.00772646443156194,1.33488428073343,NA
"514","NSW1211427",1.34261074516499,-0.26326606809951,0,"514","2"," 25",-0.635430337821099,0.271587900530763,-0.898696405920609,0.443914339244385,NA
"515","NSW1200379",1.34261074516499,0.121888868974874,0,"515","2"," 26",-0.106172216135469,0.228783486642732,0.0157166528394053,1.3583273980044,NA
"516","NSW1211455",1.34261074516499,0.104947413842419,0,"516","2"," 27",-0.335152505404135,0.150320148181603,-0.230205091561716,1.11240565360328,NA
"517","NSW1213033",1.34261074516499,-0.205272043838353,0,"517","2"," 28",0.474094566151527,0.212221884622044,0.268822522313174,1.61143326747817,NA
"518","NSW1212980",1.34261074516499,-0.202477363628061,0,"518","2"," 29",0.0822599632768168,0.174618821412863,-0.120217400351244,1.22239334481375,NA
"519","NSW1190213",1.34261074516499,0.0214452334825212,0,"519","2"," 30",0.98723539483476,0.163502752861848,1.00868062831728,2.35129137348227,NA
"520","NSW1201416",1.34261074516499,0.10034928762034,0,"520","2"," 31",-0.379296969466886,0.185045241391059,-0.278947681846546,1.06366306331845,NA
"521","NSW1200418",1.34261074516499,-0.0642619933272299,0,"521","2"," 32",0.128163253833064,0.164200859950476,0.0639012605058339,1.40651200567083,NA
"522","NSW1211456",1.34261074516499,0.114421809084571,0,"522","2"," 33",-0.322738900706167,0.16347139499355,-0.208317091621595,1.1342936535434,NA
"523","NSW1211564",1.34261074516499,0.0521915287915861,0,"523","2"," 34",0.269701984212418,0.163815478107475,0.321893513004004,1.664504258169,NA
"524","NSW1213016",1.34261074516499,-0.16047748451151,0,"524","2"," 35",-0.378059759398237,0.185348020714518,-0.538537243909746,0.804073501255248,NA
"525","NSW1211583",1.34261074516499,0.0177074763357338,0,"525","2"," 36",-0.0527305866516492,0.216764987130172,-0.0350231103159154,1.30758763484908,NA
"526","NSW1200839",1.34261074516499,0.179164814340148,0,"526","2"," 37",-0.546808567068511,0.182346095112934,-0.367643752728363,0.974966992436631,NA
"527","NSW1211565",1.34261074516499,0.0664142315364003,0,"527","2"," 38",-0.522263635247242,0.187386194171145,-0.455849403710842,0.886761341454152,NA
"528","NSW1200425",1.34261074516499,-0.0830189155521949,0,"528","2"," 39",-0.294757428117821,0.214858844921305,-0.377776343670016,0.964834401494977,NA
"529","NSW1200662",1.34261074516499,-0.109468677391784,0,"529","2"," 40",0.248095412951187,0.195105867339925,0.138626735559403,1.4812374807244,NA
"530","NSW1166655",1.34261074516499,-0.126576128758542,0,"530","2"," 41",0.45085681298623,0.159083561103161,0.324280684227689,1.66689142939268,NA
"531","NSW1212948",1.34261074516499,-0.18664343697798,0,"531","2"," 42",0.428902016919361,0.222396655461207,0.242258579941381,1.58486932510637,NA
"532","NSW1200528",1.34261074516499,0.179616753867081,0,"532","2"," 43",-0.18977785346927,0.217030929095096,-0.0101610996021889,1.3324496455628,NA
"533","NSW1200563",1.34261074516499,0.149054173665143,0,"533","2"," 44",0.70765103853062,0.146853518486473,0.856705212195763,2.19931595736076,NA
"534","NSW1200351",1.34261074516499,-0.100182861547906,0,"534","2"," 45",-0.992645198793994,0.214185034500417,-1.0928280603419,0.249782684823094,NA
"535","NSW1213015",1.34261074516499,-0.074279277239745,0,"535","2"," 46",0.67442126648117,0.175518320591767,0.600141989241425,1.94275273440642,NA
"536","NSW1200394",1.34261074516499,-0.00142908288868571,0,"536","2"," 47",0.00201124066845962,0.149536632998819,0.000582157779773912,1.34319290294477,NA
"537","NSW1213011",1.34261074516499,-0.156560526341981,0,"537","2"," 48",0.7239809836857,0.163932936616905,0.567420457343719,1.91003120250871,NA
"538","NSW1200664",1.34261074516499,0.072376360036965,0,"538","2"," 49",-0.268585592180278,0.191273102553283,-0.196209232143313,1.14640151302168,NA
"539","NSW1201655",1.34261074516499,0.146066252141852,0,"539","2"," 50",-0.224998094090113,0.154928919846677,-0.0789318419482605,1.26367890321673,NA
"540","NSW1200536",1.34261074516499,0.0613049431280117,0,"540","2"," 51",-0.305897214816589,0.126580188339622,-0.244592271688578,1.09801847347642,NA
"541","NSW1212943",1.34261074516499,-0.178489896350312,0,"541","2"," 52",-0.142482520593522,0.214688955055779,-0.320972416943834,1.02163832822116,NA
"542","NSW1200559",1.34261074516499,0.151569195164185,0,"542","2"," 53",-0.205263157059502,0.140575855205936,-0.0536939618953172,1.28891678326968,NA
"543","NSW1200558",1.34261074516499,0.0983265949772995,0,"543","2"," 54",-0.0360049076108257,0.181257982357667,0.0623216873664737,1.40493243253147,NA
"544","NSW1200524",1.34261074516499,0.20147095828141,0,"544","2"," 55",-0.237705881176211,0.145333594381373,-0.036234922894801,1.30637582227019,NA
"545","NSW1212795",1.34261074516499,-0.17619662546297,0,"545","2"," 56",0.0679964868492197,0.181921369777507,-0.108200138613751,1.23441060655124,NA
"546","NSW1200787",1.34261074516499,0.061339071108997,0,"546","2"," 57",0.0150143532325275,0.190885390597901,0.0763534243415245,1.41896416950652,NA
"547","NSW1200776",1.34261074516499,-0.000379473668671123,0,"547","2"," 58",0.334029721324379,0.165772125640082,0.333650247655708,1.6762609928207,NA
"548","NSW1190216",1.34261074516499,0.070483899249721,0,"548","2"," 59",0.0496476112252722,0.192198613729325,0.120131510474993,1.46274225563999,NA
"549","NSW1201495",1.34261074516499,0.173443141261617,0,"549","2"," 60",0.714894137799089,0.198614105985649,0.888337279060705,2.2309480242257,NA
"550","NSW1211582",1.34261074516499,0.138522019187436,0,"550","2"," 61",-0.473999239203551,0.145197847175467,-0.335477220016116,1.00713352514888,NA
"551","NSW1200362",1.34261074516499,0.057791802022262,0,"551","2"," 62",0.474543997290618,0.172270732319168,0.53233579931288,1.87494654447787,NA
"552","NSW1212987",1.34261074516499,-0.415937727739412,0,"552","2"," 63",-0.00250608611767871,0.493189733029727,-0.41844381385709,0.924166931307904,NA
"553","NSW1190194",1.34261074516499,0.0664396022511088,0,"553","2"," 64",0.527485868170053,0.14804437719338,0.593925470421162,1.93653621558616,NA
"554","NSW1213030",1.34261074516499,-0.137846393826238,0,"554","2"," 65",0.0211077846968139,0.148655965532692,-0.116738609129424,1.22587213603557,NA
"555","NSW1190199",1.34261074516499,0.0957040384136857,0,"555","2"," 66",-0.482805035637491,0.128600679620099,-0.387100997223805,0.955509747941188,NA
"556","NSW1200372",1.34261074516499,0.0781172078860974,0,"556","2"," 67",0.500811768863287,0.130867004334715,0.578928976749384,1.92153972191438,NA
"557","NSW1211445",1.34261074516499,0.0337967821966521,0,"557","2"," 68",-0.0857481711673507,0.182327830981954,-0.0519513889706986,1.2906593561943,NA
"558","NSW1211558",1.34261074516499,0.0750497658750979,0,"558","2"," 69",0.34238649666332,0.145217634994747,0.417436262538418,1.76004700770341,NA
"559","NSW1200764",1.34261074516499,-0.218141427255598,0,"559","2"," 70",-0.789513326250387,0.173964751058982,-1.00765475350599,0.334955991659008,NA
"560","NSW1200848",1.34261074516499,0.100358956460265,0,"560","2"," 71",0.305343892037946,0.198798156563688,0.405702848498211,1.74831359366321,NA
"561","NSW1200661",1.34261074516499,-0.12505829204427,0,"561","2"," 72",-0.23285068925768,0.193490519575049,-0.35790898130195,0.984701763863044,NA
"562","NSW1211440",1.34261074516499,0.129964843733653,0,"562","2"," 73",-0.71788247835785,0.13775049236414,-0.587917634624197,0.754693110540797,NA
"563","NSW1200356",1.34261074516499,-0.119883318898653,0,"563","2"," 74",0.432993546687131,0.226828095173948,0.313110227788478,1.65572097295347,NA
"564","NSW1212992",1.34261074516499,-0.195474372809868,0,"564","2"," 75",-0.121741988900474,0.221027841574676,-0.317216361710342,1.02539438345465,NA
"565","NSW1200905",1.34261074516499,0.0738190462399521,0,"565","2"," 76",-0.0828557130742344,0.178561205253198,-0.00903666683428236,1.33357407833071,NA
"566","NSW1200357",1.34261074516499,0.046311975957834,0,"566","2"," 77",0.463708907884932,0.148370564896767,0.510020883842766,1.85263162900776,NA
"567","NSW1200799",1.34261074516499,0.126259336521445,0,"567","2"," 78",-0.957617576522124,0.190908970002031,-0.831358240000679,0.511252505164314,NA
"568","NSW1166442",1.34261074516499,-0.18953957921266,0,"568","2"," 79",0.258786340982045,0.182347124954513,0.069246761769385,1.41185750693438,NA
"569","NSW1200539",1.34261074516499,0.0706525705297099,0,"569","2"," 80",-0.206717991514541,0.153217485901497,-0.136065420984831,1.20654532418016,NA
"570","NSW1200543",1.34261074516499,-0.267880527650511,0,"570","2"," 81",0.0977294015424071,0.381614324762418,-0.170151126108104,1.17245961905689,NA
"571","NSW1200529",1.34261074516499,0.102039369145822,0,"571","2"," 82",-0.00680145880639694,0.109483530647207,0.095237910339425,1.43784865550442,NA
"572","NSW1212866",1.34261074516499,-0.21561558655937,0,"572","2"," 83",-0.260621359829865,0.247015491600011,-0.476236946389236,0.866373798775758,NA
"573","NSW1200873",1.34261074516499,-0.0609274306090635,0,"573","2"," 84",0.230048031107509,0.138899325933914,0.169120600498446,1.51173134566344,NA
"574","NSW1211541",1.34261074516499,0.00281704255195523,0,"574","2"," 85",-0.469110830926969,0.18170931386323,-0.466293788375013,0.87631695678998,NA
"575","NSW1190198",1.34261074516499,0.13897221509941,0,"575","2"," 86",0.192792027708491,0.108396300122958,0.331764242807901,1.67437498797289,NA
"576","NSW1213013",1.34261074516499,-0.114888969205205,0,"576","2"," 87",0.493258340078251,0.155483380770999,0.378369370873047,1.72098011603804,NA
"577","NSW1212970",1.34261074516499,-0.135419149371525,0,"577","2"," 88",0.223629712405162,0.234725670783808,0.088210563033637,1.43082130819863,NA
"578","NSW1212997",1.34261074516499,-0.150219346978686,0,"578","2"," 89",-0.0203005229556186,0.203135887273696,-0.170519869934305,1.17209087523069,NA
"579","NSW1211508",1.34261074516499,0.0373420339184023,0,"579","2"," 90",-0.485999316666193,0.132537028217732,-0.448657282747791,0.893953462417203,NA
"580","NSW1211552",1.34261074516499,0.0129772561970624,0,"580","2"," 91",0.344241698447658,0.159230911590647,0.357218954644721,1.69982969980971,NA
"581","NSW1211442",1.34261074516499,0.108988173929874,0,"581","2"," 92",0.62619634542586,0.182404034832143,0.735184519355735,2.07779526452073,NA
"582","NSW1211451",1.34261074516499,0.123553350372851,0,"582","2"," 93",0.000180108461558845,0.16440504400317,0.123733458834409,1.4663442039994,NA
"583","NSW1194456",1.34261074516499,0.0112348222139696,0,"583","2"," 94",0.527865887079645,0.148067891987902,0.539100709293614,1.88171145445861,NA
"584","NSW1211546",1.34261074516499,-0.0861349485759137,0,"584","2"," 95",0.950555346588338,0.154392436096669,0.864420398012424,2.20703114317742,NA
"585","NSW1213001",1.34261074516499,-0.147336884991567,0,"585","2"," 96",0.592168094208319,0.235401325348945,0.444831209216752,1.78744195438175,NA
"586","NSW1201431",1.34261074516499,0.14250040489934,0,"586","2"," 97",-0.473647986788525,0.121577237414605,-0.331147581889185,1.01146316327581,NA
"587","NSW1211568",1.34261074516499,0.122039143626322,0,"587","2"," 98",0.581690709585376,0.177939979855422,0.703729853211698,2.04634059837669,NA
"588","NSW1211441",1.34261074516499,0.0774711114479704,0,"588","2"," 99",-0.39756434913866,0.138922391079647,-0.320093237690689,1.0225175074743,NA
"589","NSW1190206",1.34261074516499,0.0386559172456846,0,"589","2","100",-0.0884178873386849,0.117564044041321,-0.0497619700930003,1.29284877507199,NA
"590","NSW1200389",1.34261074516499,0.0261484812122082,0,"590","2","101",0.241709270823587,0.169753179893423,0.267857752035795,1.61046849720079,NA
"591","NSW1211534",1.34261074516499,0.0398411596316291,0,"591","2","102",0.300615258056306,0.16131227409891,0.340456417687935,1.68306716285293,NA
"592","NSW1200346",1.34261074516499,-0.117416973069467,0,"592","2","103",0.459064498528662,0.154287607603089,0.341647525459195,1.68425827062419,NA
"593","NSW1200505",1.34261074516499,-0.00826855404024166,0,"593","2","104",0.467812447126446,0.164321074235641,0.459543893086204,1.8021546382512,NA
"594","NSW1200511",1.34261074516499,0.0271322841729673,0,"594","2","105",0.176584792086309,0.147383164422664,0.203717076259276,1.54632782142427,NA
"595","NSW1212790",1.34261074516499,-0.163749839517484,0,"595","2","106",-0.532290525603709,0.227798010516523,-0.696040365121193,0.646570380043801,NA
"596","NSW1200361",1.34261074516499,-0.00179261727971607,0,"596","2","107",-0.713978093489376,0.192110494664255,-0.715770710769092,0.626840034395902,NA
"597","NSW1200514",1.34261074516499,0.133488250312433,0,"597","2","108",-0.436088323350368,0.175486279973719,-0.302600073037936,1.04001067212706,NA
"598","NSW1200774",1.34261074516499,0.0479756439418925,0,"598","2","109",0.224922097941709,0.132261354977174,0.272897741883601,1.61550848704859,NA
"599","NSW1212985",1.34261074516499,-0.253246777434878,0,"599","2","110",0.149588225314915,0.186561446653821,-0.103658552119962,1.23895219304503,NA
"600","NSW1201411",1.34261074516499,0.0539325733530691,0,"600","2","111",0.379851621774889,0.193464521441399,0.433784195127958,1.77639494029295,NA
"601","NSW1200352",1.34261074516499,-0.176102816131651,0,"601","2","112",0.336603730281804,0.224315707726791,0.160500914150152,1.50311165931515,NA
"602","NSW1211570",1.34261074516499,0.025378405446574,0,"602","2","113",-0.287076558445781,0.190673527064035,-0.261698152999207,1.08091259216579,NA
"603","NSW1200549",1.34261074516499,0.186633654268083,0,"603","2","114",0.648280423993239,0.201611901115221,0.834914078261321,2.17752482342631,NA
"604","NSW1200384",1.34261074516499,0.0397744066712943,0,"604","2","115",0.468877303647029,0.152201818862502,0.508651710318323,1.85126245548332,NA
"605","NSW1211577",1.34261074516499,0.0170578562246024,0,"605","2","116",0.486724104395881,0.155736041130549,0.503781960620483,1.84639270578548,NA
"606","NSW1200347",1.34261074516499,-0.12096342821244,0,"606","2","117",0.10958200725587,0.18461086087008,-0.0113814209565702,1.33122932420842,NA
"607","NSW1200829",1.34261074516499,0.199636165362153,0,"607","2","118",-0.542085559616043,0.183664165341646,-0.34244939425389,1.0001613509111,NA
"608","NSW1200657",1.34261074516499,-0.122189440934189,0,"608","2","119",-0.0893417803514735,0.117686264859939,-0.211531221285662,1.13107952387933,NA
"609","NSW1212977",1.34261074516499,-0.164214802240769,0,"609","2","120",-0.399499272295995,0.215599348550489,-0.563714074536764,0.77889667062823,NA
"610","NSW1201414",1.34261074516499,0.15854807946238,0,"610","2","121",-0.561284415458571,0.151975169627181,-0.402736335996191,0.939874409168803,NA
"611","NSW1200509",1.34261074516499,0.11630978347534,0,"611","2","122",-0.594226743255465,0.205823126748262,-0.477916959780126,0.864693785384868,NA
"612","NSW1200521",1.34261074516499,0.0395982776061918,0,"612","2","123",0.461911279065445,0.161106054215224,0.501509556671637,1.84412030183663,NA
"613","NSW1201631",1.34261074516499,0.126259336521445,0,"613","2","124",-0.957617576522124,0.190908970002031,-0.831358240000679,0.511252505164314,NA
"614","NSW1212856",1.34261074516499,-0.162818636099898,0,"614","2","125",-0.109863736409656,0.237982761807193,-0.272682372509554,1.06992837265544,NA
"615","NSW1200647",1.34261074516499,0.0633880290249699,0,"615","2","126",0.416329244666482,0.191249392597581,0.479717273691452,1.82232801885645,NA
"616","NSW1201396",1.34261074516499,-0.0208897915691387,0,"616","2","127",0.755111779210114,0.17309490210404,0.734221987640976,2.07683273280597,NA
"617","NSW1200554",1.34261074516499,0.137520131515261,0,"617","2","128",0.527846360960486,0.147791051862832,0.665366492475747,2.00797723764074,NA
"618","NSW1200544",1.34261074516499,0.0315695268492683,0,"618","2","129",-0.219622467374091,0.162776103986734,-0.188052940524823,1.15455780464017,NA
"619","NSW1200429",1.34261074516499,-0.414352216049322,0,"619","2","130",0.0676082860277425,0.48769056407183,-0.346743930021579,0.995866815143415,NA
"620","NSW1190190",1.34261074516499,-0.0447089273053362,0,"620","2","131",0.024891659935642,0.177396177618065,-0.0198172673696943,1.3227934777953,NA
"621","NSW1200428",1.34261074516499,-0.0490258954776276,0,"621","2","132",0.140968917648144,0.111245651122566,0.0919430221705163,1.43455376733551,NA
"622","NSW1190183",1.34261074516499,-0.0329870978725847,0,"622","2","133",0.145185595267293,0.167753235887326,0.112198497394709,1.4548092425597,NA
"623","NSW1201400",1.34261074516499,0.146123921932344,0,"623","2","134",-0.419678140189607,0.146927476158305,-0.273554218257263,1.06905652690773,NA
"624","NSW1166447",1.34261074516499,-0.164226885681006,0,"624","2","135",0.285504384534368,0.202576235894299,0.121277498853362,1.46388824401836,NA
"625","NSW1190182",1.34261074516499,-0.0412249404187983,0,"625","2","136",-0.00146881604112366,0.172956241071357,-0.0426937564599219,1.29991698870507,NA
"626","NSW1200666",1.34261074516499,-0.133693959222659,0,"626","2","137",0.068782847047453,0.190497705499035,-0.0649111121752064,1.27769963298979,NA
"627","NSW1190168",1.34261074516499,0.158743562865064,0,"627","2","138",-0.494832928815513,0.197499644185229,-0.336089365950449,1.00652137921454,NA
"628","NSW1201641",1.34261074516499,0.126259336521445,0,"628","2","139",-0.957617576522124,0.190908970002031,-0.831358240000679,0.511252505164314,NA
"629","NSW1194450",1.34261074516499,0.0872683200578313,0,"629","2","140",-0.0456053990322103,0.181119146557179,0.041662921025621,1.38427366619061,NA
"630","NSW1211020",1.34261074516499,-0.0979601309751993,0,"630","2","141",0.237965975404187,0.175410094376641,0.140005844428988,1.48261658959398,NA
"631","NSW1200545",1.34261074516499,0.000734512588594746,0,"631","2","142",1.12345828636079,0.165227514713399,1.12419279894938,2.46680354411438,NA
"632","NSW1200373",1.34261074516499,0.0716221399855118,0,"632","2","143",-0.633744660158491,0.167786216121028,-0.562122520172979,0.780488224992015,NA
"633","NSW1211526",1.34261074516499,0.0442304568562197,0,"633","2","144",-0.154442588039714,0.20687931387338,-0.110212131183494,1.2323986139815,NA
"634","NSW1212995",1.34261074516499,-0.121541292093913,0,"634","2","145",0.555996474116366,0.180431444886217,0.434455182022453,1.77706592718745,NA
"635","NSW1212990",1.34261074516499,-0.188218501420758,0,"635","2","146",-0.307523454654956,0.168858688943128,-0.495741956075714,0.84686878908928,NA
"636","NSW1190212",1.34261074516499,0.123459909106,0,"636","2","147",0.168836116306634,0.189174559601984,0.292296025412634,1.63490677057763,NA
"637","NSW1200895",1.34261074516499,0.0851994765088102,0,"637","2","148",0.599746349075192,0.144601578387394,0.684945825584002,2.027556570749,NA
"638","NSW1211539",1.34261074516499,0.00740267259268289,0,"638","2","149",-0.462982041995132,0.172848582384933,-0.455579369402449,0.887031375762544,NA
"639","NSW1200817",1.34261074516499,0.0757090226560065,0,"639","2","150",0.278436176330448,0.146664149274096,0.354145198986454,1.69675594415145,NA
"640","NSW1200388",1.34261074516499,0.0558606294923298,0,"640","2","151",-0.135070080940499,0.170233372208625,-0.079209451448169,1.26340129371682,NA
"641","NSW1200807",1.34261074516499,0.0263615997535434,0,"641","2","152",1.29902760750221,0.188715619127728,1.32538920725576,2.66799995242075,NA
"642","NSW1200420",1.34261074516499,-0.0987429632908693,0,"642","2","153",-0.711741016568848,0.180735520771222,-0.810483979859718,0.532126765305276,NA
"643","NSW1213005",1.34261074516499,-0.145989153144884,0,"643","2","154",0.545828909644896,0.188207798314083,0.399839756500011,1.74245050166501,NA
"644","NSW1211533",1.34261074516499,0.0270042476974363,0,"644","2","155",-0.16283596819093,0.166963258647089,-0.135831720493494,1.2067790246715,NA
"645","NSW1212991",1.34261074516499,-0.0840978769588002,0,"645","2","156",0.106841801923681,0.178787862845755,0.0227439249648807,1.36535467012987,NA
"646","NSW1201650",1.34261074516499,0.145298879307237,0,"646","2","157",-0.41207400268934,0.168152561830673,-0.266775123382102,1.07583562178289,NA
"647","NSW1213020",1.34261074516499,-0.0796173966604327,0,"647","2","158",-1.1926116613907,0.219274486359479,-1.27222905805114,0.0703816871138569,NA
"648","NSW1190163",1.34261074516499,0.134052208428249,0,"648","2","159",-0.330385817363694,0.143455906213879,-0.196333608935445,1.14627713622955,NA
"649","NSW1200466",1.34261074516499,0.0380569075945391,0,"649","2","160",-0.0544004940615677,0.143297647616215,-0.0163435864670285,1.32626715869797,NA
"650","NSW1200623",1.34261074516499,0.0999161676315,0,"650","2","161",-0.137465215443339,0.210771982692201,-0.0375490478118394,1.30506169735315,NA
"651","NSW1211511",1.34261074516499,0.016027405280685,0,"651","2","162",0.608648324194307,0.160224665287805,0.624675729474992,1.96728647463999,NA
"652","NSW1200371",1.34261074516499,0.0545513122936173,0,"652","2","163",-0.468468516642587,0.183248984843093,-0.41391720434897,0.928693540816024,NA
"653","NSW1211592",1.34261074516499,0.163896089474481,0,"653","2","164",-0.278802914310378,0.16302960547635,-0.114906824835896,1.2277039203291,NA
"654","NSW1212785",1.34261074516499,-0.226855030082781,0,"654","2","165",0.0843355781510175,0.195965318412101,-0.142519451931763,1.20009129323323,NA
"655","NSW1201616",1.34261074516499,0.134410665576053,0,"655","2","166",-1.00930214431975,0.18866544268212,-0.8748914787437,0.467719266421294,NA
"656","NSW1212959",1.34261074516499,-0.169278554186233,0,"656","2","167",0.924114550333992,0.189438324653751,0.754835996147759,2.09744674131275,NA
"657","NSW1213034",1.34261074516499,-0.180952074271527,0,"657","2","168",0.205615327407653,0.179329480102493,0.0246632531361266,1.36727399830112,NA
"658","NSW1211561",1.34261074516499,0.119807203187595,0,"658","2","169",-0.409286497682394,0.162879012084057,-0.289479294494799,1.05313145067019,NA
"659","NSW1211542",1.34261074516499,-0.0796448672149812,0,"659","2","170",0.3774565508801,0.170420909430848,0.297811683665118,1.64042242883011,NA
"660","NSW1200803",1.34261074516499,0.15246962142393,0,"660","2","171",-0.00651708532501856,0.213799192385336,0.145952536098911,1.4885632812639,NA
"661","NSW1211578",1.34261074516499,0.00288849955875557,0,"661","2","172",0.19865007878976,0.159719938500334,0.201538578348515,1.54414932351351,NA
"662","NSW1190217",1.34261074516499,0.0839465772546822,0,"662","2","173",-0.49245562093309,0.20837062977579,-0.408509043678408,0.934101701486585,NA
"663","NSW1211562",1.34261074516499,0.195076660436926,0,"663","2","174",0.0427260522638425,0.210876477753784,0.237802712700769,1.58041345786576,NA
"664","NSW1200672",1.34261074516499,-0.0855713324169558,0,"664","2","175",0.320543446935692,0.176906626638088,0.234972114518737,1.57758285968373,NA
"665","NSW1201375",1.34261074516499,0.134410665576053,0,"665","2","176",-1.00930214431975,0.18866544268212,-0.8748914787437,0.467719266421294,NA
"666","NSW1212972",1.34261074516499,-0.112452064005927,0,"666","2","177",0.00454477396216978,0.300278645762145,-0.107907290043758,1.23470345512124,NA
"667","NSW1212982",1.34261074516499,-0.0706316208962312,0,"667","2","178",-0.429206094013411,0.223201414217504,-0.499837714909642,0.842773030255352,NA
"668","NSW1166596",1.34261074516499,-0.0752094910710661,0,"668","2","179",0.589789929476948,0.209850364102248,0.514580438405882,1.85719118357088,NA
"669","NSW1190191",1.34261074516499,-0.0402027176628939,0,"669","2","180",0.602533348502777,0.234457597182105,0.562330630839883,1.90494137600488,NA
"670","NSW1200360",1.34261074516499,-0.048658810829762,0,"670","2","181",0.177144657696612,0.182122043025615,0.12848584686685,1.47109659203184,NA
"671","NSW1200363",1.34261074516499,0.124783915802923,0,"671","2","182",-0.32187493406034,0.191874406074927,-0.197091018257417,1.14551972690758,NA
"672","NSW1212979",1.34261074516499,-0.156697306672409,0,"672","2","183",-0.635641867160368,0.113533006019288,-0.792339173832776,0.550271571332218,NA
"673","NSW1190208",1.34261074516499,-0.00891362333870725,0,"673","2","184",0.179020017245187,0.148382631513896,0.170106393906479,1.51271713907147,NA
"674","NSW1200358",1.34261074516499,0.139673140757201,0,"674","2","185",0.478615486698168,0.0889812889273935,0.618288627455368,1.96089937262036,NA
"675","NSW1190192",1.34261074516499,-0.0887039974615449,0,"675","2","186",0.0727341463893697,0.207108247921401,-0.0159698510721751,1.32664089409282,NA
"676","NSW1211584",1.34261074516499,0.0297012453087413,0,"676","2","187",-0.182413043384285,0.135070256238714,-0.152711798075544,1.18989894708945,NA
"677","NSW1200622",1.34261074516499,-0.0353501869633643,0,"677","2","188",0.372017175395703,0.165190394236124,0.336666988432339,1.67927773359733,NA
"678","NSW1211430",1.34261074516499,0.175660554076754,0,"678","2","189",-0.348913602158723,0.186485831186429,-0.173253048081969,1.16935769708302,NA
"679","NSW1200777",1.34261074516499,0.0338268403281431,0,"679","2","190",-0.213247967626334,0.138337053340894,-0.179421127298191,1.1631896178668,NA
"680","NSW1211426",1.34261074516499,0.119406341272606,0,"680","2","191",-0.275832062179126,0.158067591553618,-0.15642572090652,1.18618502425847,NA
"681","NSW1211450",1.34261074516499,0.0752316754474475,0,"681","2","192",-0.328562350297713,0.139415932947615,-0.253330674850266,1.08928007031473,NA
"682","NSW1201381",1.34261074516499,0.0879813772236708,0,"682","2","193",-0.487882855736432,0.233193114183782,-0.399901478512762,0.942709266652232,NA
"683","NSW1211527",1.34261074516499,0.0733672072100721,0,"683","2","194",0.278284812630463,0.158314588833091,0.351652019840536,1.69426276500553,NA
"684","NSW1194457",1.34261074516499,0.111295416216489,0,"684","2","195",0.0866727661476446,0.134253851525797,0.197968182364133,1.54057892752913,NA
"685","NSW1213006",1.34261074516499,-0.142075035453654,0,"685","2","196",0.0749411776559134,0.230176774011912,-0.0671338577977404,1.27547688736725,NA
"686","NSW1190187",1.34261074516499,-0.102002874314108,0,"686","2","197",-0.0379532150514744,0.212132111177955,-0.139956089365583,1.20265465579941,NA
"687","NSW1213010",1.34261074516499,-0.0883016076173423,0,"687","2","198",-0.062640887461174,0.151522258060049,-0.150942495078516,1.19166825008648,NA
"688","NSW1201425",1.34261074516499,0.102487271594838,0,"688","2","199",-0.504064209625545,0.1451626690343,-0.401576938030706,0.941033807134287,NA
"689","NSW1200504",1.34261074516499,0.214305950850164,0,"689","2","200",-0.0208963281441934,0.18034843258409,0.19340962270597,1.53602036787096,NA
"690","NSW1200920",1.34261074516499,0.0582730597399177,0,"690","2","201",0.0151237579552342,0.199887648494223,0.0733968176951519,1.41600756286015,NA
"691","NSW1200341",1.34261074516499,-0.0474276891370087,0,"691","2","202",-0.822467390341172,0.200754885705528,-0.869895079478181,0.472715665686813,NA
"692","NSW1200337",1.34261074516499,-0.215602865859129,0,"692","2","203",0.555199209047465,0.160183197819495,0.339596343188336,1.68220708835333,NA
"693","NSW1212988",1.34261074516499,-0.0926394913550838,0,"693","2","204",-0.159299907992398,0.203857052697598,-0.251939399347482,1.09067134581751,NA
"694","NSW1201430",1.34261074516499,0.169500567247492,0,"694","2","205",-0.658574821609224,0.168705476934138,-0.489074254361732,0.853536490803262,NA
"695","NSW1200824",1.34261074516499,0.151123044957938,0,"695","2","206",-0.0828337013518495,0.144338967798662,0.0682893436060887,1.41090008877108,NA
"696","NSW1212969",1.34261074516499,-0.0673965641663603,0,"696","2","207",0.000554079595042761,0.23117508921204,-0.0668424845713176,1.27576826059368,NA
"697","NSW1190200",1.34261074516499,0.0753852972510077,0,"697","2","208",0.237731349161052,0.175184969863515,0.31311664641206,1.65572739157705,NA
"698","NSW1210993",1.34261074516499,-0.157664608540139,0,"698","2","209",0.0887665472633151,0.159580052662006,-0.0688980612768241,1.27371268388817,NA
"699","NSW1211586",1.34261074516499,0.0422374831092616,0,"699","2","210",-0.766903484407861,0.195996957294526,-0.724666001298599,0.617944743866394,NA
"700","NSW1201409",1.34261074516499,0.188946009815836,0,"700","2","211",-0.44316572625073,0.198107470652472,-0.254219716434895,1.0883910287301,NA
"701","NSW1200853",1.34261074516499,0.0835592339129767,0,"701","2","212",0.297828345950405,0.18321501703488,0.381387579863382,1.72399832502838,NA
"702","NSW1212960",1.34261074516499,-0.11037794994462,0,"702","2","213",-0.0580301235571651,0.133475911680293,-0.168408073501785,1.17420267166321,NA
"703","NSW1200607",1.34261074516499,-0.144643678643119,0,"703","2","214",0.156885468371237,0.265023890954082,0.0122417897281182,1.35485253489311,NA
"704","NSW1212957",1.34261074516499,-0.0801481409163285,0,"704","2","215",0.222046497240578,0.2380632004595,0.14189835632425,1.48450910148924,NA
"705","NSW1212983",1.34261074516499,-0.0353800920033519,0,"705","2","216",0.389664563614934,0.190358790520593,0.354284471611582,1.69689521677658,NA
"706","NSW1166654",1.34261074516499,-0.0778194625466643,0,"706","2","217",0.47094966905657,0.18423586472649,0.393130206509906,1.7357409516749,NA
"707","NSW1212993",1.34261074516499,-0.131849001859327,0,"707","2","218",-0.0675342850602944,0.137732928716153,-0.199383286919621,1.14322745824537,NA
"708","NSW1200374",1.34261074516499,-0.151552829228367,0,"708","2","219",0.304308333269752,0.160580097022767,0.152755504041385,1.49536624920638,NA
"709","NSW1200617",1.34261074516499,-0.00884928175561901,0,"709","2","220",-0.743846377737722,0.172673685958033,-0.752695659493341,0.589915085671653,NA
"710","NSW1212962",1.34261074516499,-0.0814693661991707,0,"710","2","221",-0.025338732384427,0.146453062973072,-0.106808098583598,1.2358026465814,NA
"711","NSW1213029",1.34261074516499,-0.0729166561526226,0,"711","2","222",-0.416138291517471,0.179662337528542,-0.489054947670094,0.8535557974949,NA
"712","NSW1200393",1.34261074516499,0.100772986501435,0,"712","2","223",0.487746334985725,0.191738847410876,0.58851932148716,1.93113006665215,NA
"713","NSW1211566",1.34261074516499,0.13155483482686,0,"713","2","224",0.331057405648256,0.155973811841827,0.462612240475116,1.80522298564011,NA
"714","NSW1200523",1.34261074516499,0.109530165830741,0,"714","2","225",0.00573659045912107,0.148263466460163,0.115266756289863,1.45787750145486,NA
"715","NSW1201356",1.34261074516499,0.0789865504424086,0,"715","2","226",-0.103970829700913,0.163103110266792,-0.0249842792585046,1.31762646590649,NA
"716","NSW1200534",1.34261074516499,0.115747751084854,0,"716","2","227",-0.416305248229171,0.180480546669001,-0.300557497144316,1.04205324802068,NA
"717","NSW1200772",1.34261074516499,0.00759722103447474,0,"717","2","228",0.16847059132,0.203345404979437,0.176067812354475,1.51867855751947,NA
"718","NSW1200792",1.34261074516499,0.0263464461863667,0,"718","2","229",0.215012141843907,0.15241924458699,0.241358588030274,1.58396933319527,NA
"719","NSW1200516",1.34261074516499,0.0720257936738484,0,"719","2","230",0.60308537050588,0.143289598547465,0.675111164179728,2.01772190934472,NA
"720","NSW1212967",1.34261074516499,-0.146179978126,0,"720","2","231",-0.351573552507795,0.247208234561431,-0.497753530633796,0.844857214531198,NA
"721","NSW1213036",1.34261074516499,-0.111913411894825,0,"721","2","232",0.68215179645089,0.113317386079499,0.570238384556065,1.91284912972106,NA
"722","NSW1200610",1.34261074516499,0.12397655024492,0,"722","2","233",0.19541085478211,0.201605413740553,0.31938740502703,1.66199815019202,NA
"723","NSW1200812",1.34261074516499,0.0196375348768624,0,"723","2","234",-0.00196154018653892,0.0972254196314301,0.0176759946903235,1.36028673985532,NA
"724","NSW1166601",1.34261074516499,-0.140004546680625,0,"724","2","235",-0.338421505864544,0.223029737171914,-0.478426052545169,0.864184692619825,NA
"725","NSW1190184",1.34261074516499,-0.0791711291179407,0,"725","2","236",-0.476159806166389,0.165075379006406,-0.555330935284329,0.787279809880664,NA
"726","NSW1200597",1.34261074516499,-7.4146865626401e-05,0,"726","2","237",-0.333692198649668,0.161922499475102,-0.333766345515294,1.0088443996497,NA
"727","NSW1200616",1.34261074516499,-0.0643560289338975,0,"727","2","238",0.0376519571326006,0.127569117462152,-0.0267040718012969,1.3159066733637,NA
"728","NSW1201404",1.34261074516499,0.0900150345978047,0,"728","2","239",-0.0442266111138485,0.184233735468589,0.0457884234839563,1.38839916864895,NA
"729","NSW1200592",1.34261074516499,-0.112113665356447,0,"729","2","240",0.389872757237257,0.207194471912089,0.27775909188081,1.6203698370458,NA
"730","NSW1190203",1.34261074516499,0.0831139721959213,0,"730","2","241",0.153885821591878,0.187151189911107,0.236999793787799,1.57961053895279,NA
"731","NSW1211536",1.34261074516499,0.0515904068554281,0,"731","2","242",0.287796213779938,0.181620975084459,0.339386620635366,1.68199736580036,NA
"732","NSW1200424",1.34261074516499,-0.0947642705248159,0,"732","2","243",-0.487204844898169,0.210937567155229,-0.581969115422985,0.760641629742009,NA
"733","NSW1212846",1.34261074516499,-0.0732343257110667,0,"733","2","244",0.7718746022022,0.224191434275139,0.698640276491134,2.04125102165613,NA
"734","NSW1200804",1.34261074516499,0.167574233883544,0,"734","2","245",0.530840759057613,0.203232318489338,0.698414992941156,2.04102573810615,NA
"735","NSW1210995",1.34261074516499,-0.129534068952706,0,"735","2","246",-0.00681298820979569,0.167902677059113,-0.136347057162502,1.20626368800249,NA
"736","NSW1212968",1.34261074516499,-0.098543855943154,0,"736","2","247",0.364436700607589,0.219150073361212,0.265892844664435,1.60850358982943,NA
"737","NSW1200591",1.34261074516499,-0.06778210326846,0,"737","2","248",-0.233590103846432,0.160311077945272,-0.301372207114892,1.0412385380501,NA
"738","NSW1213000",1.34261074516499,-0.0777727016043929,0,"738","2","249",0.590285791249366,0.183104795164072,0.512513089644973,1.85512383480997,NA
"739","NSW1200797",1.34261074516499,-0.00360711534179088,0,"739","2","250",-0.196798397115904,0.150224749551263,-0.200405512457695,1.1422052327073,NA
"740","NSW1212964",1.34261074516499,-0.0469754631138858,0,"740","2","251",0.150682442990949,0.154961945575349,0.103706979877063,1.44631772504206,NA
"741","NSW1200338",1.34261074516499,0.0938533520359355,0,"741","2","252",0.0609693186726269,0.197337936796783,0.154822670708562,1.49743341587356,NA
"742","NSW1213003",1.34261074516499,-0.0636470062508893,0,"742","2","253",0.111503969315954,0.159224423418646,0.0478569630650644,1.39046770823006,NA
"743","NSW1190162",1.34261074516499,0.1470802311028,0,"743","2","254",-0.498167531219797,0.196828998928537,-0.351087300116997,0.991523445047996,NA
"744","NSW1200769",1.34261074516499,0.143547842384854,0,"744","2","255",-0.857139248193281,0.163958866833099,-0.713591405808427,0.629019339356567,NA
"745","NSW1200403",1.34261074516499,0.0385742785583463,0,"745","2","256",1.05212596409605,0.173743472892956,1.0907002426544,2.43331098781939,NA
"746","NSW1200355",1.34261074516499,-0.407606480860069,0,"746","2","257",-0.200032052528609,0.483494826322685,-0.607638533388678,0.734972211776316,NA
"747","NSW1212965",1.34261074516499,-0.139625423500262,0,"747","2","258",0.201678756679719,0.237666132334256,0.0620533331794575,1.40466407834445,NA
"748","NSW1200369",1.34261074516499,-0.0189993229567093,0,"748","2","259",-0.291440824959014,0.230520325395357,-0.310440147915723,1.03217059724927,NA
"749","NSW1211589",1.34261074516499,-0.201583408560821,0,"749","2","260",-0.0743842854834557,0.33195024392987,-0.275967694044276,1.06664305112072,NA
"750","NSW1200611",1.34261074516499,-0.0487985061293146,0,"750","2","261",-0.970985614731927,0.143352422852431,-1.01978412086124,0.322826624303753,NA
"751","NSW1211538",1.34261074516499,0.0211259006713413,0,"751","2","262",-0.144076211247287,0.186141175830789,-0.122950310575945,1.21966043458905,NA
"752","NSW1190172",1.34261074516499,0.153340762405618,0,"752","2","263",1.18467863993705,0.1818741049405,1.33801940234267,2.68063014750766,NA
"753","NSW1211437",1.34261074516499,0.0860009520292714,0,"753","2","264",0.0453545856739135,0.113616006281108,0.131355537703185,1.47396628286818,NA
"754","NSW1200656",1.34261074516499,-0.00533312535700511,0,"754","2","265",0.500127175955681,0.140391239597451,0.494794050598676,1.83740479576367,NA
"755","NSW1200823",1.34261074516499,0.124608531792116,0,"755","2","266",-0.139657082895969,0.197320602243997,-0.0150485511038525,1.32756219406114,NA
"756","NSW1200802",1.34261074516499,0.0894789718430043,0,"756","2","267",0.374977423923153,0.138724875395445,0.464456395766157,1.80706714093115,NA
"757","NSW1211575",1.34261074516499,-0.0230438362320042,0,"757","2","268",-0.264294223449671,0.144493920961826,-0.287338059681676,1.05527268548332,NA
"758","NSW1200430",1.34261074516499,-0.101976504919263,0,"758","2","269",0.103410346558622,0.11671366092891,0.00143384163935893,1.34404458680435,NA
"759","NSW1200378",1.34261074516499,0.162334074942637,0,"759","2","270",-0.585838308388912,0.175990248696873,-0.423504233446275,0.919106511718719,NA
"760","NSW1200840",1.34261074516499,0.130396268566508,0,"760","2","271",-0.966848668265504,0.186534373662729,-0.836452399698995,0.506158345465999,NA
"761","NSW1201366",1.34261074516499,0.0175752267163213,0,"761","2","272",0.328090359419039,0.139693407912012,0.34566558613536,1.68827633130035,NA
"762","NSW1211569",1.34261074516499,0.0664176767527781,0,"762","2","273",-0.170256424171164,0.131487474563079,-0.103838747418386,1.23877199774661,NA
"763","NSW1210940",1.34261074516499,-0.0298998897696225,0,"763","2","274",-0.678481852506393,0.152814722019466,-0.708381742276016,0.634229002888978,NA
"764","NSW1200838",1.34261074516499,-0.182217320130854,0,"764","2","275",-1.18570333116819,0.168975772924822,-1.36792065129904,0,NA
"765","NSW1200419",1.34261074516499,-0.101193316562367,0,"765","2","276",0.0584017635831397,0.237666726579078,-0.0427915529792268,1.29981919218577,NA
"766","NSW1200909",1.34261074516499,0.0359296585358621,0,"766","2","277",-0.274762056544595,0.169009689426696,-0.238832398008733,1.10377834715626,NA
"767","NSW1211572",1.34261074516499,0.0949428855058402,0,"767","2","278",-0.362694242199065,0.16416551317307,-0.267751356693225,1.07485938847177,NA
"768","NSW1201401",1.34261074516499,0.125915051564391,0,"768","2","279",-0.271000812616722,0.151633595126798,-0.145085761052332,1.19752498411266,NA
"769","NSW1200893",1.34261074516499,0.109430052426116,0,"769","2","280",-0.895023056503054,0.167401579617731,-0.785593004076939,0.557017741088055,NA
"770","NSW1200879",1.34261074516499,-0.0071073934121833,0,"770","2","281",0.32126996078866,0.184059827611099,0.314162567376477,1.65677331254147,NA
"771","NSW1200596",1.34261074516499,-0.203975532579615,0,"771","2","282",0.728982547383999,0.32691262332953,0.525007014804383,1.86761775996938,NA
"772","NSW1213023",1.34261074516499,-0.0935264148653688,0,"772","2","283",-0.0635296123654514,0.199781640951472,-0.15705602723082,1.18555471793417,NA
"773","NSW1211510",1.34261074516499,-0.135995948540493,0,"773","2","284",-0.346469971410611,0.204026047966689,-0.482465919951105,0.860144825213889,NA
"774","NSW1200342",1.34261074516499,-0.08752368718399,0,"774","2","285",-0.648181819007067,0.191640002571715,-0.735705506191057,0.606905238973937,NA
"775","NSW1200540",1.34261074516499,-0.00841012378211775,0,"775","2","286",0.106856164220481,0.170085127035029,0.0984460404383632,1.44105678560336,NA
"776","NSW1211585",1.34261074516499,-0.0466697553658798,0,"776","2","287",0.0786455415803397,0.167730987294769,0.0319757862144599,1.37458653137945,NA
"777","NSW1212958",1.34261074516499,-0.164311853056157,0,"777","2","288",-0.130818298401854,0.198316410353762,-0.29513015145801,1.04748059370698,NA
"778","NSW1201627",1.34261074516499,0.108663597241548,0,"778","2","289",0.134560320438582,0.207844411162133,0.24322391768013,1.58583466284512,NA
"779","NSW1210988",1.34261074516499,-0.125589216013599,0,"779","2","290",0.498213942722507,0.19222394752161,0.372624726708908,1.7152354718739,NA
"780","NSW1200915",1.34261074516499,0.0387079040876667,0,"780","2","291",-0.0158836686292097,0.168424654080201,0.0228242354584569,1.36543498062345,NA
"781","NSW1200398",1.34261074516499,-0.00793786427755253,0,"781","2","292",-0.343006475744726,0.163595129717901,-0.350944340022278,0.991666405142716,NA
"782","NSW1212963",1.34261074516499,-0.101612936776313,0,"782","2","293",0.0475937280969398,0.257753902850946,-0.0540192086793734,1.28859153648562,NA
"783","NSW1200519",1.34261074516499,0.128704233141731,0,"783","2","294",0.228065841237394,0.128752934648704,0.356770074379125,1.69938081954412,NA
"784","NSW1211436",1.34261074516499,0.0884935426931164,0,"784","2","295",0.185473640520613,0.157699495008241,0.27396718321373,1.61657792837872,NA
"785","NSW1212984",1.34261074516499,-0.094739890275791,0,"785","2","296",-0.0463232404398451,0.187171777398373,-0.141063130715636,1.20154761444936,NA
"786","NSW1211431",1.34261074516499,0.0663509414725584,0,"786","2","297",0.510879725604091,0.226507613009011,0.57723066707665,1.91984141224164,NA
"787","NSW1211557",1.34261074516499,0.00342627635687027,0,"787","2","298",-0.161654503267003,0.153652871162382,-0.158228226910133,1.18438251825486,NA
"788","NSW1190166",1.34261074516499,0.0486691344529269,0,"788","2","299",-0.198541149832225,0.197596909923941,-0.149872015379298,1.1927387297857,NA
"789","NSW1200368",1.34261074516499,0.130976438250706,0,"789","2","300",-0.0382545314391028,0.184768688592793,0.0927219068116034,1.4353326519766,NA
"790","NSW1200809",1.34261074516499,0.105384356034898,0,"790","2","301",0.0707540974478957,0.201767666614256,0.176138453482794,1.51874919864779,NA
"791","NSW1213024",1.34261074516499,-0.0838631420754995,0,"791","2","302",0.669369773004941,0.202804540218321,0.585506630929441,1.92811737609444,NA
"792","NSW1190169",1.34261074516499,0.129023656562072,0,"792","2","303",0.281047468470055,0.118850890339997,0.410071125032127,1.75268187019712,NA
"793","NSW1200348",1.34261074516499,0.108185386787839,0,"793","2","304",-0.0487281745305439,0.183480917079556,0.0594572122572947,1.40206795742229,NA
"794","NSW1200383",1.34261074516499,0.0873465292862177,0,"794","2","305",-0.00403238486419775,0.172488197586825,0.08331414442202,1.42592488958701,NA
"795","NSW1212986",1.34261074516499,-0.105081578847819,0,"795","2","306",-0.282418218485745,0.133664372035697,-0.387499797333563,0.955110947831431,NA
"796","NSW1200602",1.34261074516499,0.0747961596533632,0,"796","2","307",0.240723817705503,0.200904109673189,0.315519977358866,1.65813072252386,NA
"797","NSW1211535",1.34261074516499,0.0174912869899506,0,"797","2","308",0.319676772147412,0.198742123970384,0.337168059137363,1.67977880430236,NA
"798","NSW1212953",1.34261074516499,-0.182146319270044,0,"798","2","309",-0.25460342412872,0.140885055863571,-0.436749743398764,0.90586100176623,NA
"799","NSW1200794",1.34261074516499,0.076184238849837,0,"799","2","310",0.15104888823558,0.159522520556122,0.227233127085417,1.56984387225041,NA
"800","NSW1201361",1.34261074516499,0.0642296167590787,0,"800","2","311",-0.180824135101371,0.125355068631323,-0.116594518342293,1.2260162268227,NA
"801","NSW1211537",1.34261074516499,-0.0920035636497005,0,"801","2","312",-0.0228470212433215,0.139830309776325,-0.114850584893022,1.22776016027197,NA
"802","NSW1200601",1.34261074516499,-0.0687566459976253,0,"802","2","313",0.309810561394071,0.170002043986174,0.241053915396446,1.58366466056144,NA
"803","NSW1200538",1.34261074516499,0.10376662535818,0,"803","2","314",-0.609879428861729,0.140654063644192,-0.506112803503549,0.836497941661445,NA
"804","NSW1212996",1.34261074516499,-0.152477693334328,0,"804","2","315",0.39552420605928,0.20184710895068,0.243046512724952,1.58565725788995,NA
"805","NSW1211574",1.34261074516499,0.00891813251822014,0,"805","2","316",0.0856863995072197,0.1607565343225,0.0946045320254398,1.43721527719043,NA
"806","NSW1200606",1.34261074516499,-0.00144891185733291,0,"806","2","317",0.0841144665649139,0.163721526728837,0.082665554707581,1.42527629987257,NA
"807","NSW1200844",1.34261074516499,0.0254991642447799,0,"807","2","318",-0.796415097080061,0.165730915638643,-0.770915932835281,0.571694812329713,NA
"808","NSW1211432",1.34261074516499,0.0752008866139659,0,"808","2","319",-0.427299057907656,0.180400143708954,-0.35209817129369,0.990512573871304,NA
"809","NSW1201386",1.34261074516499,0.125690778645451,0,"809","2","320",0.07021244674873,0.17547374209669,0.195903225394181,1.53851397055917,NA
"810","NSW1212894",1.34261074516499,-0.16754611571772,0,"810","2","321",0.374350517451171,0.217733314435028,0.206804401733451,1.54941514689844,NA
"811","NSW1211573",1.34261074516499,-0.01265312224205,0,"811","2","322",0.101543759427204,0.212193011598728,0.0888906371851545,1.43150138235015,NA
"812","NSW1211567",1.34261074516499,0.017209146476234,0,"812","2","323",-0.248966161137567,0.131788260673524,-0.231757014661333,1.11085373050366,NA
"813","NSW1201385",1.34261074516499,0.0412319062690407,0,"813","2","324",-1.24691752038092,0.239498546550682,-1.20568561411188,0.136925131053116,NA
"814","NSW1201357",1.34261074516499,0.118276563216179,0,"814","2","325",-0.28690741336902,0.157868297041643,-0.168630850152841,1.17397989501215,NA
"815","NSW1211435",1.34261074516499,0.194479956551937,0,"815","2","326",0.407580891405173,0.146348991979718,0.60206084795711,1.9446715931221,NA
"816","NSW1200555",1.34261074516499,0.0918866079950335,0,"816","2","327",-0.147074980368778,0.120715737524501,-0.0551883723737442,1.28742237279125,NA
"817","NSW1200399",1.34261074516499,0.0106731139924102,0,"817","2","328",-0.011517257668264,0.147191492423391,-0.000844143675853733,1.34176660148914,NA
"818","NSW1200894",1.34261074516499,0.12422943037355,0,"818","2","329",-0.54933145445179,0.189735865624495,-0.425102024078241,0.917508721086753,NA
"819","NSW1211457",1.34261074516499,0.0638408940174764,0,"819","2","330",0.430048725144151,0.126414485475029,0.493889619161628,1.83650036432662,NA
"820","NSW1200854",1.34261074516499,0.0266066189503767,0,"820","2","331",-0.413187767719732,0.157592773598387,-0.386581148769356,0.956029596395638,NA
"821","NSW1200888",1.34261074516499,-0.00292167598931555,0,"821","2","332",-0.134466471190759,0.160773154201885,-0.137388147180075,1.20522259798492,NA
"822","NSW1201626",1.34261074516499,0.106761038698724,0,"822","2","333",-0.463840483427662,0.227400075465588,-0.357079444728938,0.985531300436056,NA
"823","NSW1200553",1.34261074516499,0.128244744525764,0,"823","2","334",0.0323153829817975,0.165600659680619,0.160560127507562,1.50317087267256,NA
"824","NSW1213008",1.34261074516499,-0.160352972154706,0,"824","2","335",-0.575614623570698,0.142240068902513,-0.735967595725404,0.60664314943959,NA
"825","NSW1200671",1.34261074516499,0.00954963854737294,0,"825","2","336",-0.19332399336049,0.193978342399548,-0.183774354813117,1.15883639035188,NA
"826","NSW1212955",1.34261074516499,-0.121880066502835,0,"826","2","337",-0.0609620334222711,0.140415328695201,-0.182842099925106,1.15976864523989,NA
"827","NSW1212999",1.34261074516499,-0.0450691025338729,0,"827","2","338",-0.09688629131561,0.13684850730943,-0.141955393849483,1.20065535131551,NA
"828","NSW1213018",1.34261074516499,-0.0970442770878901,0,"828","2","339",-0.376741124751115,0.205173613454565,-0.473785401839005,0.868825343325989,NA
"829","NSW1212861",1.34261074516499,-0.179259099059669,0,"829","2","340",-0.471385183270142,0.180400272423636,-0.650644282329811,0.691966462835183,NA
"830","NSW1200526",1.34261074516499,0.0631610906366416,0,"830","2","341",0.528415619810537,0.159130056653036,0.591576710447179,1.93418745561217,NA
"831","NSW1212978",1.34261074516499,-0.148351772797422,0,"831","2","342",0.613685375567317,0.185919662158267,0.465333602769894,1.80794434793489,NA
"832","NSW1200548",1.34261074516499,0.0911930804810667,0,"832","2","343",0.0410110844765103,0.154754300970199,0.132204164957577,1.47481491012257,NA
"833","NSW1200843",1.34261074516499,0.118180384813698,0,"833","2","344",-0.388131297981457,0.200065846516473,-0.269950913167759,1.07265983199723,NA
"834","NSW1200898",1.34261074516499,-0.00133438258126568,0,"834","2","345",0.0355696553992029,0.127669793268083,0.0342352728179372,1.37684601798293,NA
"835","NSW1213031",1.34261074516499,-0.0829814823018849,0,"835","2","346",0.466844822910245,0.105703827149875,0.38386334060836,1.72647408577335,NA
"836","NSW1211425",1.34261074516499,0.138180144926267,0,"836","2","347",-0.0532977690837575,0.155580488369404,0.0848823758425099,1.4274931210075,NA
"837","NSW1210966",1.34261074516499,-0.0689397627226888,0,"837","2","348",0.0249442125046482,0.173487848360778,-0.0439955502180405,1.29861519494695,NA
"838","NSW1200899",1.34261074516499,0.0961955820513501,0,"838","2","349",-0.266150620214978,0.136866843081492,-0.169955038163628,1.17265570700137,NA
"839","NSW1212973",1.34261074516499,-0.212049379925829,0,"839","2","350",-0.0107506026846407,0.202768024618659,-0.22279998261047,1.11981076255452,NA
"840","NSW1211540",1.34261074516499,-0.0877292038948799,0,"840","2","351",0.154361240854337,0.146690352215836,0.0666320369594568,1.40924278212445,NA
"841","NSW1201406",1.34261074516499,0.178575413939154,0,"841","2","352",-0.293958641307951,0.166285739347401,-0.115383227368797,1.2272275177962,NA
"842","NSW1200889",1.34261074516499,0.111110364568277,0,"842","2","353",-0.0899847212277947,0.166079362548681,0.0211256433404822,1.36373638850548,NA
"843","NSW1200904",1.34261074516499,0.145399924272636,0,"843","2","354",-0.125834597743382,0.17713846970466,0.0195653265292537,1.36217607169425,NA
"844","NSW1213014",1.34261074516499,-0.178111429559433,0,"844","2","355",0.0758454096296494,0.143187778033713,-0.102266019929784,1.24034472523521,NA
"845","NSW1211588",1.34261074516499,-0.0022971934387259,0,"845","2","356",0.455450958193602,0.175570037217602,0.453153764754877,1.79576450991987,NA
"846","NSW1213035",1.34261074516499,-0.0335168299655411,0,"846","2","357",-0.461254779271334,0.149120200225801,-0.494771609236875,0.847839135928119,NA
"847","NSW1200510",1.34261074516499,0.020893491241205,0,"847","2","358",0.335860795566933,0.206918883636516,0.356754286808138,1.69936503197313,NA
"848","NSW1211532",1.34261074516499,-0.10204095389248,0,"848","2","359",0.131899828671757,0.20651879242324,0.0298588747792769,1.37246961994427,NA
"849","NSW1200924",1.34261074516499,0.0324022699454216,0,"849","2","360",-0.416642462356672,0.151324866201466,-0.384240192411251,0.958370552753743,NA
"850","NSW1200782",1.34261074516499,-0.03249467249683,0,"850","2","361",-0.339607203033556,0.203927085442342,-0.372101875530386,0.970508869634608,NA
"851","NSW1212998",1.34261074516499,-0.125140942961706,0,"851","2","362",-0.362968605332718,0.202716797320243,-0.488109548294424,0.85450119687057,NA
"852","NSW1211587",1.34261074516499,-0.0883586005772014,0,"852","2","363",0.626210265390564,0.153033610813261,0.537851664813363,1.88046240997836,NA
"853","NSW1200359",1.34261074516499,-0.147277962958281,0,"853","2","364",-0.227190869874309,0.163139004954947,-0.37446883283259,0.968141912332404,NA
"854","NSW1212989",1.34261074516499,-0.0954409708866282,0,"854","2","365",-0.274624450069801,0.170840168068355,-0.370065420956429,0.972545324208564,NA
"855","NSW1201429",1.34261074516499,0.0950369702853899,0,"855","2","366",-0.992182919896254,0.203106664308009,-0.897145949610864,0.44546479555413,NA
"856","NSW1200918",1.34261074516499,0.0461897058686879,0,"856","2","367",-0.493086460715026,0.155656533033141,-0.446896754846338,0.895713990318656,NA
"857","NSW1190209",1.34261074516499,0.0324324251815925,0,"857","2","368",0.4727812850761,0.143767941630025,0.505213710257693,1.84782445542269,NA
"858","NSW1200404",1.34261074516499,0.0289411303132326,0,"858","2","369",0.0940374220965177,0.11155310746101,0.12297855240975,1.46558929757474,NA
"859","NSW1211509",1.34261074516499,-0.035713743052371,0,"859","2","370",-0.0787634998836915,0.114149410524945,-0.114477242936063,1.22813350222893,NA
"860","NSW1200421",1.34261074516499,-0.0998889194946115,0,"860","2","371",0.451676079169077,0.171104969463701,0.351787159674466,1.69439790483946,NA
"861","NSW1200908",1.34261074516499,0.0545309563065637,0,"861","2","372",0.10652667792282,0.154847305512795,0.161057634229384,1.50366837939438,NA
"862","NSW1213028",1.34261074516499,-0.172312015800092,0,"862","2","373",0.590913810145889,0.18549444436127,0.418601794345797,1.76121253951079,NA
"863","NSW1201632",1.34261074516499,0.18009652809652,0,"863","2","374",0.62522053700293,0.198003717634788,0.80531706509945,2.14792781026444,NA
"864","NSW1200461",1.34261074516499,0.00226180951202964,0,"864","2","375",0.585378940606638,0.195031902544943,0.587640750118668,1.93025149528366,NA
"865","NSW1200590",1.34261074516499,-0.0996849930650219,0,"865","2","376",0.974736269723693,0.180786495516084,0.875051276658671,2.21766202182366,NA
"866","NSW1212975",1.34261074516499,-0.10054301719164,0,"866","2","377",0.151173721192133,0.258806719865297,0.0506307040004921,1.39324144916549,NA
"867","NSW1201621",1.34261074516499,0.134410665576053,0,"867","2","378",-1.00930214431975,0.18866544268212,-0.8748914787437,0.467719266421294,NA
"868","NSW1210994",1.34261074516499,-0.126703263754261,0,"868","2","379",-0.198034997031345,0.14763714374593,-0.324738260785606,1.01787248437939,NA
"869","NSW1190186",1.34261074516499,-0.0594747277010107,0,"869","2","380",-0.0187722370611764,0.161240560396103,-0.078246964762187,1.26436378040281,NA
"870","NSW1213009",1.34261074516499,-0.11772708666959,0,"870","2","381",0.312604472050815,0.197913019482114,0.194877385381224,1.53748813054622,NA
"871","NSW1213004",1.34261074516499,-0.112304001526302,0,"871","2","382",-0.366469575750969,0.254509250592997,-0.478773577277272,0.863837167887722,NA
"872","NSW1200595",1.34261074516499,-0.09100148182155,0,"872","2","383",-0.0021382525697523,0.140234608193079,-0.0931397343913023,1.24947101077369,NA
"873","NSW1211590",1.34261074516499,0.0155803028888541,0,"873","2","384",-0.306624751811461,0.140211004467554,-0.291044448922607,1.05156629624239,NA
"874","NSW1213026",1.34261074516499,-0.0671361403919764,0,"874","2","385",-0.0595352799486335,0.149132499202785,-0.12667142034061,1.21593932482438,NA
"875","NSW1200798",1.34261074516499,-0.111121071945885,0,"875","2","386",0.298275893540599,0.173454632607597,0.187154821594714,1.52976556675971,NA
"876","NSW1190171",1.34261074516499,0.114431410905478,0,"876","2","387",0.122448895583052,0.150005881463154,0.23688030648853,1.57949105165352,NA
"877","NSW1211447",1.34261074516499,0.132756694790198,0,"877","2","388",-0.161667538537475,0.170152854186314,-0.0289108437472765,1.31369990141772,NA
"878","NSW1200652",1.34261074516499,-0.0805174570212222,0,"878","2","389",0.237807934744875,0.164437203943832,0.157290477723653,1.49990122288865,NA
"879","NSW1211571",1.34261074516499,-0.0190504927053455,0,"879","2","390",0.77384087838914,0.167005847303951,0.754790385683794,2.09740113084879,NA
"880","NSW1200612",1.34261074516499,-0.0663287506480108,0,"880","2","391",0.102686819598743,0.12049235937586,0.0363580689507322,1.37896881411573,NA
"881","NSW1213019",1.34261074516499,-0.0828693336502039,0,"881","2","392",-0.405663733832378,0.171351580963943,-0.488533067482582,0.854077677682412,NA
"882","NSW1190193",1.34261074516499,0.112918553446358,0,"882","2","393",0.450160671300967,0.163274669720172,0.563079224747325,1.90568996991232,NA
"883","NSW1200621",1.34261074516499,-0.0427685096131876,0,"883","2","394",0.0651736869376946,0.128542738194304,0.022405177324507,1.3650159224895,NA
"884","NSW1211452",1.34261074516499,-0.121206695882682,0,"884","2","395",-0.459100795774862,0.140052907060239,-0.580307491657544,0.76230325350745,NA
"885","NSW1210997",1.34261074516499,-0.0192852133707523,0,"885","2","396",0.115273706457255,0.220259643037976,0.0959884930865027,1.4385992382515,NA
"886","NSW1201424",1.34261074516499,0.0444197895897378,0,"886","2","397",-0.194367203049676,0.225326754471223,-0.149947413459938,1.19266333170506,NA
"887","NSW1213002",1.34261074516499,-0.0546089484608366,0,"887","2","398",-0.473320668702014,0.198991593790994,-0.52792961716285,0.814681128002143,NA
"888","NSW1201367",1.34261074516499,0.0796223850493805,0,"888","2","399",0.207150200766732,0.142989491172159,0.286772585816113,1.62938333098111,NA
"889","NSW1200903",1.34261074516499,0.010936964748338,0,"889","2","400",0.00416163449921563,0.20287887344547,0.0150985992475536,1.35770934441255,NA
"890","NSW1212974",1.34261074516499,-0.0488419875235275,0,"890","2","401",-0.158790862076685,0.173498846671576,-0.207632849600213,1.13497789556478,NA
"891","NSW1211531",1.34261074516499,-0.0496342110213088,0,"891","2","402",0.389857250532358,0.166285904963712,0.34022303951105,1.68283378467604,NA
"892","NSW1190170",1.34261074516499,0.148913729764631,0,"892","2","403",1.27263876378196,0.18877186777796,1.42155249354659,2.76416323871159,NA
"893","NSW1211579",1.34261074516499,-0.00484262283860443,0,"893","2","404",-0.0248109712028767,0.160017654413689,-0.0296535940414811,1.31295715112351,NA
"894","NSW1200913",1.34261074516499,0.0420217823854273,0,"894","2","405",0.111421032028366,0.166500910811178,0.153442814413793,1.49605355957879,NA
"895","NSW1212899",1.34261074516499,-0.130223311312692,0,"895","2","406",0.120357425973096,0.233431213126847,-0.00986588533959595,1.3327448598254,NA
"896","NSW1212954",1.34261074516499,-0.0510235384658853,0,"896","2","407",0.648804290097085,0.154107954935154,0.597780751631199,1.94039149679619,NA
"897","NSW1200874",1.34261074516499,0.113317838106753,0,"897","2","408",-0.18212731486042,0.16034195028421,-0.0688094767536669,1.27380126841133,NA
"898","NSW1200367",1.34261074516499,0.124491598788438,0,"898","2","409",-0.0300637324241764,0.135224980739052,0.0944278663642612,1.43703861152926,NA
"899","NSW1211563",1.34261074516499,0.0853115504344849,0,"899","2","410",-0.176379293454352,0.138058279605914,-0.0910677430198668,1.25154300214513,NA
"900","NSW1200667",1.34261074516499,-0.130075437340442,0,"900","2","411",0.348278970372699,0.164941399003467,0.218203533032256,1.56081427819725,NA
"901","NSW1200832",1.34261074516499,0.091998812917178,0,"901","2","412",0.638189906359458,0.168444813717481,0.730188719276636,2.07279946444163,NA
"902","NSW1211580",1.34261074516499,-0.044628100051195,0,"902","2","413",-0.088014952522496,0.107158969125302,-0.132643052573691,1.2099676925913,NA
"903","NSW1201435",1.34261074516499,0.102747654111808,0,"903","2","414",-0.434542807891746,0.165185097536558,-0.331795153779938,1.01081559138506,NA
"904","NSW1200600",1.34261074516499,-0.110925238037192,0,"904","2","415",-0.222211458495283,0.137878153179464,-0.333136696532475,1.00947404863252,NA
"905","NSW1212994",1.34261074516499,-0.0552838197125429,0,"905","2","416",-0.0577539736521564,0.198840007209519,-0.113037793364699,1.22957295180029,NA
"906","NSW1211591",1.34261074516499,0.124703644205015,0,"906","2","417",0.457337594105858,0.196111678469759,0.582041238310873,1.92465198347587,NA
