"","intercept_indiv_original","intercept_MR_mean","time","mean_sumsize"
"1",1000,0.1,1,5711
"2",1000,0.1,2,5982.6
"3",1000,0.1,3,6134.8
"4",1000,0.1,4,6315.3
"5",1000,0.1,5,6663.8
"6",1000,0.1,6,6740.1
"7",1000,0.1,7,6742.3
"8",1000,0.1,8,6893.3
"9",1000,0.1,9,6911.4
"10",1000,0.1,10,7223.9
"11",1000,0.1,11,7524.2
"12",1000,0.1,12,7488.9
"13",1000,0.1,13,7659.5
"14",1000,0.1,14,7903.9
"15",1000,0.1,15,8020.1
"16",1000,0.1,16,8099
"17",1000,0.1,17,8276.3
"18",1000,0.1,18,8314.8
"19",1000,0.1,19,8419.6
"20",1000,0.1,20,8536.6
"21",1000,0.1,21,8599.2
"22",1000,0.1,22,8896.2
"23",1000,0.1,23,8904.9
"24",1000,0.1,24,9130.1
"25",1000,0.1,25,9315
"26",1000,0.1,26,9259.3
"27",1000,0.1,27,9469.9
"28",1000,0.1,28,9471.3
"29",1000,0.1,29,9742.3
"30",1000,0.1,30,9774
"31",1000,0.1,31,9796.9
"32",1000,0.1,32,9985.7
"33",1000,0.1,33,10161.9
"34",1000,0.1,34,10295
"35",1000,0.1,35,10318.2
"36",1000,0.1,36,10473.3
"37",1000,0.1,37,10626.2
"38",1000,0.1,38,10725.9
"39",1000,0.1,39,11067.5
"40",1000,0.1,40,11153.1
"41",1000,0.1,41,11360.8
"42",1000,0.1,42,11342.3
"43",1000,0.1,43,11341.1
"44",1000,0.1,44,11392.7
"45",1000,0.1,45,11817.1
"46",1000,0.1,46,11779.7
"47",1000,0.1,47,11717.8
"48",1000,0.1,48,11590.5
"49",1000,0.1,49,11969.5
"50",1000,0.1,50,11993.5
"51",1000,0.1,51,12138.9
"52",1000,0.1,52,12219.4
"53",1000,0.1,53,12281.2
"54",1000,0.1,54,12253.6
"55",1000,0.1,55,12552.5
"56",1000,0.1,56,12803.8
"57",1000,0.1,57,12952.6
"58",1000,0.1,58,13073.5
"59",1000,0.1,59,13185.8
"60",1000,0.1,60,13218.9
"61",1000,0.1,61,13295.8
"62",1000,0.1,62,13420.3
"63",1000,0.1,63,13438.1
"64",1000,0.1,64,13899.3
"65",1000,0.1,65,14080.6
"66",1000,0.1,66,14011.2
"67",1000,0.1,67,14215.6
"68",1000,0.1,68,14407.4
"69",1000,0.1,69,14579.9
"70",1000,0.1,70,14682.6
"71",1000,0.1,71,14745.4
"72",1000,0.1,72,14751.4
"73",1000,0.1,73,14830.5
"74",1000,0.1,74,14972.4
"75",1000,0.1,75,14964.8
"76",1000,0.1,76,15139.5
"77",1000,0.1,77,15488.9
"78",1000,0.1,78,15540.9
"79",1000,0.1,79,15715.6
"80",1000,0.1,80,16025.3
"81",1000,0.1,81,16286
"82",1000,0.1,82,16276.9
"83",1000,0.1,83,16532.5
"84",1000,0.1,84,16318.6
"85",1000,0.1,85,16930.3
"86",1000,0.1,86,16992.3
"87",1000,0.1,87,16899.8
"88",1000,0.1,88,17201.3
"89",1000,0.1,89,17176.5
"90",1000,0.1,90,17144.4
"91",1000,0.1,91,17542.7
"92",1000,0.1,92,17935.6
"93",1000,0.1,93,17828.7
"94",1000,0.1,94,18171.4
"95",1000,0.1,95,18361.4
"96",1000,0.1,96,18788.3
"97",1000,0.1,97,18675.8
"98",1000,0.1,98,18967.2
"99",1000,0.1,99,19201.8
"100",1000,0.1,100,19314.9
"101",1000,0.1,101,19543.4
"102",1000,0.1,102,19970
"103",1000,0.1,103,20386.2
"104",1000,0.1,104,20533.3
"105",1000,0.1,105,20775.1
"106",1000,0.1,106,20976.9
"107",1000,0.1,107,21384.6
"108",1000,0.1,108,21713.3
"109",1000,0.1,109,21957.1
"110",1000,0.1,110,22487.6
"111",1000,0.1,111,22746
"112",1000,0.1,112,22939.9
"113",1000,0.1,113,23168.2
"114",1000,0.1,114,23290.5
"115",1000,0.1,115,23517.9
"116",1000,0.1,116,23673.2
"117",1000,0.1,117,23720
"118",1000,0.1,118,23925
"119",1000,0.1,119,24296.4
"120",1000,0.1,120,24832.7
"121",1000,0.1,121,24640.3
"122",1000,0.1,122,24741.2
"123",1000,0.1,123,24678.3
"124",1000,0.1,124,24676.4
"125",1000,0.1,125,24707.7
"126",1000,0.1,126,24762.2
"127",1000,0.1,127,25094.3
"128",1000,0.1,128,24699.6
"129",1000,0.1,129,24428.4
"130",1000,0.1,130,24617.3
"131",1000,0.1,131,24860.8
"132",1000,0.1,132,25067.7
"133",1000,0.1,133,24743.3
"134",1000,0.1,134,24717.2
"135",1000,0.1,135,24875.9
"136",1000,0.1,136,24598.5
"137",1000,0.1,137,24140.5
"138",1000,0.1,138,24155.8
"139",1000,0.1,139,24625.4
"140",1000,0.1,140,24720.9
"141",1000,0.1,141,24939.2
"142",1000,0.1,142,24460.3
"143",1000,0.1,143,24766.7
"144",1000,0.1,144,24803.8
"145",1000,0.1,145,24387.9
"146",1000,0.1,146,24158.7
"147",1000,0.1,147,24673.9
"148",1000,0.1,148,24472.1
"149",1000,0.1,149,24408.9
"150",1000,0.1,150,24220.6
"151",1000,0.1,151,24453.8
"152",1000,0.1,152,24871.9
"153",1000,0.1,153,24859
"154",1000,0.1,154,24803.4
"155",1000,0.1,155,24813.9
"156",1000,0.1,156,24499
"157",1000,0.1,157,24414.7
"158",1000,0.1,158,24551.1
"159",1000,0.1,159,24777.6
"160",1000,0.1,160,24327.2
"161",1000,0.1,161,24637.9
"162",1000,0.1,162,24634.7
"163",1000,0.1,163,24382.6
"164",1000,0.1,164,24584.8
"165",1000,0.1,165,24363.5
"166",1000,0.1,166,24315.7
"167",1000,0.1,167,24499.3
"168",1000,0.1,168,24709.1
"169",1000,0.1,169,24513.8
"170",1000,0.1,170,24507.2
"171",1000,0.1,171,24532.7
"172",1000,0.1,172,24761.7
"173",1000,0.1,173,24706.9
"174",1000,0.1,174,24487.2
"175",1000,0.1,175,24697.8
"176",1000,0.1,176,24595.7
"177",1000,0.1,177,24686.7
"178",1000,0.1,178,24947.2
"179",1000,0.1,179,24790.5
"180",1000,0.1,180,24766.2
"181",1000,0.1,181,24681.5
"182",1000,0.1,182,24740.5
"183",1000,0.1,183,24709.1
"184",1000,0.1,184,24716
"185",1000,0.1,185,24991.9
"186",1000,0.1,186,24403.5
"187",1000,0.1,187,24497.2
"188",1000,0.1,188,24727.4
"189",1000,0.1,189,24762.2
"190",1000,0.1,190,24961.4
"191",1000,0.1,191,24944.4
"192",1000,0.1,192,25070.8
"193",1000,0.1,193,24873.7
"194",1000,0.1,194,24286.9
"195",1000,0.1,195,24542.7
"196",1000,0.1,196,24409.6
"197",1000,0.1,197,24943.9
"198",1000,0.1,198,24520.5
"199",1000,0.1,199,24558.1
"200",1000,0.1,200,24952.7
"201",1000,0.1,201,24806.3
"202",1000,0.1,202,24804.3
"203",1000,0.1,203,24702.2
"204",1000,0.1,204,24600.6
"205",1000,0.1,205,24738.7
"206",1000,0.1,206,24526.3
"207",1000,0.1,207,24678.2
"208",1000,0.1,208,24735.6
"209",1000,0.1,209,24533.8
"210",1000,0.1,210,24367.2
"211",1000,0.1,211,24487.5
"212",1000,0.1,212,24479.5
"213",1000,0.1,213,24610.4
"214",1000,0.1,214,24763.5
"215",1000,0.1,215,24754.3
"216",1000,0.1,216,24826.3
"217",1000,0.1,217,24649.1
"218",1000,0.1,218,24423.5
"219",1000,0.1,219,24467.2
"220",1000,0.1,220,24661.3
"221",1000,0.1,221,24441.3
"222",1000,0.1,222,24456.9
"223",1000,0.1,223,24570
"224",1000,0.1,224,24534.4
"225",1000,0.1,225,24501.6
"226",1000,0.1,226,24742.6
"227",1000,0.1,227,24782.8
"228",1000,0.1,228,24753.4
"229",1000,0.1,229,24796.9
"230",1000,0.1,230,25252.2
"231",1000,0.1,231,24479.1
"232",1000,0.1,232,24192.7
"233",1000,0.1,233,24150.5
"234",1000,0.1,234,24358.4
"235",1000,0.1,235,24670.9
"236",1000,0.1,236,23716.1
"237",1000,0.1,237,24395.9
"238",1000,0.1,238,24275.3
"239",1000,0.1,239,24301.8
"240",1000,0.1,240,24614.9
"241",1000,0.1,241,24637.8
"242",1000,0.1,242,24622.5
"243",1000,0.1,243,24149.2
"244",1000,0.1,244,24583.5
"245",1000,0.1,245,24870.5
"246",1000,0.1,246,24321.3
"247",1000,0.1,247,24337.6
"248",1000,0.1,248,24241.4
"249",1000,0.1,249,24412.3
"250",1000,0.1,250,24486.8
"251",1000,0.1,251,24629
"252",1000,0.1,252,24599.6
"253",1000,0.1,253,25111.4
"254",1000,0.1,254,24801
"255",1000,0.1,255,24661
"256",1000,0.1,256,24495.8
"257",1000,0.1,257,24343.4
"258",1000,0.1,258,24420.3
"259",1000,0.1,259,24317.3
"260",1000,0.1,260,24344.1
"261",1000,0.1,261,23992.3
"262",1000,0.1,262,24184.1
"263",1000,0.1,263,24424.1
"264",1000,0.1,264,24406.1
"265",1000,0.1,265,24380.8
"266",1000,0.1,266,24756
"267",1000,0.1,267,24439.1
"268",1000,0.1,268,24760.8
"269",1000,0.1,269,24839
"270",1000,0.1,270,24682.5
"271",1000,0.1,271,25000.5
"272",1000,0.1,272,24360.5
"273",1000,0.1,273,24237.1
"274",1000,0.1,274,24371.3
"275",1000,0.1,275,24385.8
"276",1000,0.1,276,24943.8
"277",1000,0.1,277,24962
"278",1000,0.1,278,24931.2
"279",1000,0.1,279,24256.5
"280",1000,0.1,280,24595.4
"281",1000,0.1,281,24401.4
"282",1000,0.1,282,24274.4
"283",1000,0.1,283,24700
"284",1000,0.1,284,24525.5
"285",1000,0.1,285,24493.6
"286",1000,0.1,286,24739.1
"287",1000,0.1,287,24694.8
"288",1000,0.1,288,24458
"289",1000,0.1,289,24634.2
"290",1000,0.1,290,24786.9
"291",1000,0.1,291,24787.3
"292",1000,0.1,292,24822.4
"293",1000,0.1,293,24895.3
"294",1000,0.1,294,24527.3
"295",1000,0.1,295,24751.9
"296",1000,0.1,296,24500.9
"297",1000,0.1,297,24495.6
"298",1000,0.1,298,25147.9
"299",1000,0.1,299,24829.3
"300",1000,0.1,300,24925.4
"301",1000,0.1,301,24910.4
"302",1000,0.1,302,24932
"303",1000,0.1,303,24681.7
"304",1000,0.1,304,24317.6
"305",1000,0.1,305,24921.6
"306",1000,0.1,306,24786
"307",1000,0.1,307,24430.9
"308",1000,0.1,308,24396
"309",1000,0.1,309,24318.3
"310",1000,0.1,310,24341.3
"311",1000,0.1,311,24074.7
"312",1000,0.1,312,24698.6
"313",1000,0.1,313,24495.1
"314",1000,0.1,314,24512.8
"315",1000,0.1,315,24121.4
"316",1000,0.1,316,24492.3
"317",1000,0.1,317,24325.8
"318",1000,0.1,318,24092.4
"319",1000,0.1,319,24898
"320",1000,0.1,320,25179.5
"321",1000,0.1,321,24602.8
"322",1000,0.1,322,24882.4
"323",1000,0.1,323,24774.9
"324",1000,0.1,324,24749.7
"325",1000,0.1,325,24539.3
"326",1000,0.1,326,24615.6
"327",1000,0.1,327,24509
"328",1000,0.1,328,25020.7
"329",1000,0.1,329,24205.8
"330",1000,0.1,330,24535.2
"331",1000,0.1,331,24080.4
"332",1000,0.1,332,24094.9
"333",1000,0.1,333,24374.9
"334",1000,0.1,334,24631.9
"335",1000,0.1,335,24520.6
"336",1000,0.1,336,24507.6
"337",1000,0.1,337,24739.8
"338",1000,0.1,338,24494.2
"339",1000,0.1,339,24629.5
"340",1000,0.1,340,24502
"341",1000,0.1,341,24561.9
"342",1000,0.1,342,24378.3
"343",1000,0.1,343,24692.8
"344",1000,0.1,344,24468.2
"345",1000,0.1,345,24430.2
"346",1000,0.1,346,24592.1
"347",1000,0.1,347,24514.1
"348",1000,0.1,348,24241.6
"349",1000,0.1,349,24465.6
"350",1000,0.1,350,24793.8
"351",1000,0.1,351,25022.2
"352",1000,0.1,352,24792.7
"353",1000,0.1,353,24620.6
"354",1000,0.1,354,24674.5
"355",1000,0.1,355,24769.3
"356",1000,0.1,356,24527.1
"357",1000,0.1,357,24592.1
"358",1000,0.1,358,24248.1
"359",1000,0.1,359,24246.4
"360",1000,0.1,360,23956.5
"361",1000,0.1,361,24046.1
"362",1000,0.1,362,24435.6
"363",1000,0.1,363,24780.1
"364",1000,0.1,364,25008.4
"365",1000,0.1,365,25021.6
"366",1000,0.1,366,24918.1
"367",1000,0.1,367,24986.9
"368",1000,0.1,368,24786.8
"369",1000,0.1,369,24615.1
"370",1000,0.1,370,24808.5
"371",1000,0.1,371,24259.6
"372",1000,0.1,372,24329.1
"373",1000,0.1,373,24463.5
"374",1000,0.1,374,24513.8
"375",1000,0.1,375,24701.3
"376",1000,0.1,376,24738.6
"377",1000,0.1,377,24652.8
"378",1000,0.1,378,24984
"379",1000,0.1,379,24779.2
"380",1000,0.1,380,24572.2
"381",1000,0.1,381,24775.8
"382",1000,0.1,382,25187.5
"383",1000,0.1,383,24327.8
"384",1000,0.1,384,24476.8
"385",1000,0.1,385,25148.6
"386",1000,0.1,386,24762.5
"387",1000,0.1,387,24566.4
"388",1000,0.1,388,24641.2
"389",1000,0.1,389,24325.2
"390",1000,0.1,390,24829.3
"391",1000,0.1,391,24653.9
"392",1000,0.1,392,24668.6
"393",1000,0.1,393,24813.5
"394",1000,0.1,394,24816.5
"395",1000,0.1,395,25067.4
"396",1000,0.1,396,25127.2
"397",1000,0.1,397,24472.6
"398",1000,0.1,398,24935.6
"399",1000,0.1,399,24460.5
"400",1000,0.1,400,24308.8
"401",1000,0.1,401,24514.2
"402",1000,0.1,402,24202.3
"403",1000,0.1,403,24370.5
"404",1000,0.1,404,24828.8
"405",1000,0.1,405,24848.3
"406",1000,0.1,406,24597.8
"407",1000,0.1,407,24876.2
"408",1000,0.1,408,24880.8
"409",1000,0.1,409,24037.4
"410",1000,0.1,410,24525.7
"411",1000,0.1,411,24080.7
"412",1000,0.1,412,24163.9
"413",1000,0.1,413,24293.7
"414",1000,0.1,414,24459.6
"415",1000,0.1,415,24833
"416",1000,0.1,416,25098.5
"417",1000,0.1,417,24464.3
"418",1000,0.1,418,24816.3
"419",1000,0.1,419,24326.1
"420",1000,0.1,420,24312.6
"421",1000,0.1,421,24154.6
"422",1000,0.1,422,24283.8
"423",1000,0.1,423,24819.3
"424",1000,0.1,424,24322.6
"425",1000,0.1,425,24737.1
"426",1000,0.1,426,24486.8
"427",1000,0.1,427,24334.2
"428",1000,0.1,428,24845.6
"429",1000,0.1,429,24922.5
"430",1000,0.1,430,24345.5
"431",1000,0.1,431,24467.5
"432",1000,0.1,432,24362.5
"433",1000,0.1,433,24394.8
"434",1000,0.1,434,24840.6
"435",1000,0.1,435,24744.8
"436",1000,0.1,436,24664.9
"437",1000,0.1,437,24590.9
"438",1000,0.1,438,24496.2
"439",1000,0.1,439,24731.7
"440",1000,0.1,440,24625.3
"441",1000,0.1,441,24749
"442",1000,0.1,442,24713.2
"443",1000,0.1,443,24728
"444",1000,0.1,444,24383.8
"445",1000,0.1,445,23954.1
"446",1000,0.1,446,24162.2
"447",1000,0.1,447,24607.6
"448",1000,0.1,448,24260
"449",1000,0.1,449,24407.3
"450",1000,0.1,450,24456.4
"451",1000,0.1,451,24586.7
"452",1000,0.1,452,24730.1
"453",1000,0.1,453,24379.3
"454",1000,0.1,454,24837.9
"455",1000,0.1,455,24581.5
"456",1000,0.1,456,24781
"457",1000,0.1,457,24826.5
"458",1000,0.1,458,24514.5
"459",1000,0.1,459,24560.7
"460",1000,0.1,460,24778.7
"461",1000,0.1,461,24563.9
"462",1000,0.1,462,24636.3
"463",1000,0.1,463,24547.3
"464",1000,0.1,464,24456.4
"465",1000,0.1,465,24264.3
"466",1000,0.1,466,24557.9
"467",1000,0.1,467,24481.9
"468",1000,0.1,468,24280.6
"469",1000,0.1,469,24273.5
"470",1000,0.1,470,24752.4
"471",1000,0.1,471,24993.5
"472",1000,0.1,472,25177.8
"473",1000,0.1,473,24962.7
"474",1000,0.1,474,24541.2
"475",1000,0.1,475,24636
"476",1000,0.1,476,24864.5
"477",1000,0.1,477,24772.4
"478",1000,0.1,478,25107.6
"479",1000,0.1,479,24792.2
"480",1000,0.1,480,24852.9
"481",1000,0.1,481,25060.6
"482",1000,0.1,482,24689.4
"483",1000,0.1,483,24400.8
"484",1000,0.1,484,24586.8
"485",1000,0.1,485,24200.1
"486",1000,0.1,486,24853.9
"487",1000,0.1,487,24781.7
"488",1000,0.1,488,24681
"489",1000,0.1,489,24434.5
"490",1000,0.1,490,24863.8
"491",1000,0.1,491,24647.1
"492",1000,0.1,492,24736.1
"493",1000,0.1,493,24894.4
"494",1000,0.1,494,24386
"495",1000,0.1,495,24499.1
"496",1000,0.1,496,24487.5
"497",1000,0.1,497,24603.1
"498",1000,0.1,498,24513.2
"499",1000,0.1,499,25010.8
"500",1000,0.1,500,24659.8
"501",1000,0.1,501,24686.3
"502",1000,0.1,502,24543.5
"503",1000,0.1,503,24867.6
"504",1000,0.1,504,24462.6
"505",1000,0.1,505,24167.8
"506",1000,0.1,506,24711
"507",1000,0.1,507,24489.1
"508",1000,0.1,508,24815
"509",1000,0.1,509,24803.6
"510",1000,0.1,510,24792.5
"511",1000,0.1,511,24555.2
"512",1000,0.1,512,24800.5
"513",1000,0.1,513,24460.4
"514",1000,0.1,514,24654.7
"515",1000,0.1,515,24603.1
"516",1000,0.1,516,24877.7
"517",1000,0.1,517,25007.9
"518",1000,0.1,518,24237.9
"519",1000,0.1,519,24330.9
"520",1000,0.1,520,24543.4
"521",1000,0.1,521,24944.2
"522",1000,0.1,522,24670.2
"523",1000,0.1,523,24720.9
"524",1000,0.1,524,24746.8
"525",1000,0.1,525,24927.8
"526",1000,0.1,526,24290.6
"527",1000,0.1,527,24625.3
"528",1000,0.1,528,24953.7
"529",1000,0.1,529,24818
"530",1000,0.1,530,24932.5
"531",1000,0.1,531,24276.4
"532",1000,0.1,532,24538.6
"533",1000,0.1,533,24181.4
"534",1000,0.1,534,24448.3
"535",1000,0.1,535,24434.1
"536",1000,0.1,536,24609.1
"537",1000,0.1,537,24325.9
"538",1000,0.1,538,24901
"539",1000,0.1,539,24902.2
"540",1000,0.1,540,24589.2
"541",1000,0.1,541,24349.1
"542",1000,0.1,542,24860.3
"543",1000,0.1,543,24555.3
"544",1000,0.1,544,24242.4
"545",1000,0.1,545,24733.3
"546",1000,0.1,546,24774.1
"547",1000,0.1,547,24632
"548",1000,0.1,548,24674.2
"549",1000,0.1,549,24697.3
"550",1000,0.1,550,24656.3
"551",1000,0.1,551,24315.8
"552",1000,0.1,552,24398.6
"553",1000,0.1,553,24642
"554",1000,0.1,554,24807.5
"555",1000,0.1,555,24598.1
"556",1000,0.1,556,24525.4
"557",1000,0.1,557,24508.7
"558",1000,0.1,558,24871.5
"559",1000,0.1,559,24623.8
"560",1000,0.1,560,24476.2
"561",1000,0.1,561,24366.4
"562",1000,0.1,562,24381
"563",1000,0.1,563,24150.6
"564",1000,0.1,564,24617.8
"565",1000,0.1,565,24500.9
"566",1000,0.1,566,24632.5
"567",1000,0.1,567,24453.6
"568",1000,0.1,568,24399.2
"569",1000,0.1,569,24675.9
"570",1000,0.1,570,24509.1
"571",1000,0.1,571,24615
"572",1000,0.1,572,25032.6
"573",1000,0.1,573,24610.9
"574",1000,0.1,574,24700.1
"575",1000,0.1,575,24412.5
"576",1000,0.1,576,24346.2
"577",1000,0.1,577,24240.2
"578",1000,0.1,578,24614
"579",1000,0.1,579,24925.1
"580",1000,0.1,580,24604.8
"581",1000,0.1,581,24442.1
"582",1000,0.1,582,24642.6
"583",1000,0.1,583,24638.3
"584",1000,0.1,584,24513.9
"585",1000,0.1,585,24409.3
"586",1000,0.1,586,24055.3
"587",1000,0.1,587,24171.7
"588",1000,0.1,588,24363
"589",1000,0.1,589,24940.4
"590",1000,0.1,590,24187.2
"591",1000,0.1,591,24669.2
"592",1000,0.1,592,24709
"593",1000,0.1,593,24639.8
"594",1000,0.1,594,24714
"595",1000,0.1,595,24873.1
"596",1000,0.1,596,24587.1
"597",1000,0.1,597,24487.9
"598",1000,0.1,598,24467.7
"599",1000,0.1,599,24375.5
"600",1000,0.1,600,24910.7
"601",1000,0.1,601,24917.9
"602",1000,0.1,602,24552.4
"603",1000,0.1,603,24695.1
"604",1000,0.1,604,24339.8
"605",1000,0.1,605,24684.9
"606",1000,0.1,606,24773.4
"607",1000,0.1,607,24731.2
"608",1000,0.1,608,24734.8
"609",1000,0.1,609,24447.3
"610",1000,0.1,610,24625.7
"611",1000,0.1,611,24472.5
"612",1000,0.1,612,24436.2
"613",1000,0.1,613,25135.9
"614",1000,0.1,614,24616
"615",1000,0.1,615,24523
"616",1000,0.1,616,24722.5
"617",1000,0.1,617,24210
"618",1000,0.1,618,24639.7
"619",1000,0.1,619,24774.6
"620",1000,0.1,620,24857.2
"621",1000,0.1,621,24686
"622",1000,0.1,622,24582.3
"623",1000,0.1,623,24655.6
"624",1000,0.1,624,24874.5
"625",1000,0.1,625,24810.9
"626",1000,0.1,626,24519.4
"627",1000,0.1,627,24642.6
"628",1000,0.1,628,24443.6
"629",1000,0.1,629,24867.1
"630",1000,0.1,630,24652.4
"631",1000,0.1,631,24344.7
"632",1000,0.1,632,24332.8
"633",1000,0.1,633,24350.6
"634",1000,0.1,634,24327.3
"635",1000,0.1,635,24501.8
"636",1000,0.1,636,24793.9
"637",1000,0.1,637,24582.8
"638",1000,0.1,638,24860.4
"639",1000,0.1,639,24892
"640",1000,0.1,640,24629.4
"641",1000,0.1,641,24631.4
"642",1000,0.1,642,24202.6
"643",1000,0.1,643,23857.5
"644",1000,0.1,644,24264.7
"645",1000,0.1,645,24084.9
"646",1000,0.1,646,24207
"647",1000,0.1,647,24264.2
"648",1000,0.1,648,23875.5
"649",1000,0.1,649,24406.3
"650",1000,0.1,650,24414.1
"651",1000,0.1,651,24464.3
"652",1000,0.1,652,24671.9
"653",1000,0.1,653,24887
"654",1000,0.1,654,24503.5
"655",1000,0.1,655,24708.4
"656",1000,0.1,656,24679.3
"657",1000,0.1,657,24755.9
"658",1000,0.1,658,24531.3
"659",1000,0.1,659,24561.6
"660",1000,0.1,660,24502.3
"661",1000,0.1,661,24646.1
"662",1000,0.1,662,24785.8
"663",1000,0.1,663,24812.7
"664",1000,0.1,664,24686.3
"665",1000,0.1,665,24660.1
"666",1000,0.1,666,24436.7
"667",1000,0.1,667,24422.8
"668",1000,0.1,668,24809.5
"669",1000,0.1,669,24765.1
"670",1000,0.1,670,24405.5
"671",1000,0.1,671,24398.7
"672",1000,0.1,672,24603.3
"673",1000,0.1,673,24429.6
"674",1000,0.1,674,24331.1
"675",1000,0.1,675,24435.3
"676",1000,0.1,676,24578.9
"677",1000,0.1,677,24794.2
"678",1000,0.1,678,24908
"679",1000,0.1,679,24604.8
"680",1000,0.1,680,24568
"681",1000,0.1,681,24769.4
"682",1000,0.1,682,24622.8
"683",1000,0.1,683,24589.9
"684",1000,0.1,684,24350.4
"685",1000,0.1,685,24217.3
"686",1000,0.1,686,24446.6
"687",1000,0.1,687,24069.2
"688",1000,0.1,688,24366.4
"689",1000,0.1,689,24622.9
"690",1000,0.1,690,24686
"691",1000,0.1,691,24576.8
"692",1000,0.1,692,24712.3
"693",1000,0.1,693,24762.9
"694",1000,0.1,694,24772.3
"695",1000,0.1,695,24943.6
"696",1000,0.1,696,24751.6
"697",1000,0.1,697,24250
"698",1000,0.1,698,24547.4
"699",1000,0.1,699,24428.4
"700",1000,0.1,700,24160.9
"701",1000,0.1,701,24218.9
"702",1000,0.1,702,24110.4
"703",1000,0.1,703,24761.3
"704",1000,0.1,704,24617
"705",1000,0.1,705,24948.6
"706",1000,0.1,706,24263.7
"707",1000,0.1,707,24447.7
"708",1000,0.1,708,24240.6
"709",1000,0.1,709,24973.1
"710",1000,0.1,710,24607.1
"711",1000,0.1,711,24604.2
"712",1000,0.1,712,24380
"713",1000,0.1,713,24590.2
"714",1000,0.1,714,24779.2
"715",1000,0.1,715,24516.2
"716",1000,0.1,716,24476.7
"717",1000,0.1,717,24558.9
"718",1000,0.1,718,24695
"719",1000,0.1,719,24777.1
"720",1000,0.1,720,24701.1
"721",1000,0.1,721,24886.2
"722",1000,0.1,722,24317.2
"723",1000,0.1,723,24270.6
"724",1000,0.1,724,24385.8
"725",1000,0.1,725,24593.1
"726",1000,0.1,726,24666.8
"727",1000,0.1,727,25217.2
"728",1000,0.1,728,24771.4
"729",1000,0.1,729,24402.5
"730",1000,0.1,730,24683
"731",1000,0.1,731,24550
"732",1000,0.1,732,24459.8
"733",1000,0.1,733,24506.1
"734",1000,0.1,734,24845.4
"735",1000,0.1,735,24960.7
"736",1000,0.1,736,24611
"737",1000,0.1,737,24869.7
"738",1000,0.1,738,24794.1
"739",1000,0.1,739,24669.1
"740",1000,0.1,740,24572.9
"741",1000,0.1,741,24703.1
"742",1000,0.1,742,24803.9
"743",1000,0.1,743,24618.8
"744",1000,0.1,744,24562.5
"745",1000,0.1,745,24702.2
"746",1000,0.1,746,24965.7
"747",1000,0.1,747,24825.6
"748",1000,0.1,748,24946.6
"749",1000,0.1,749,24220.3
"750",1000,0.1,750,24289.3
"751",1000,0.1,751,24604.5
"752",1000,0.1,752,24411.8
"753",1000,0.1,753,24154.5
"754",1000,0.1,754,24377.3
"755",1000,0.1,755,24431.2
"756",1000,0.1,756,24582.7
"757",1000,0.1,757,24484.3
"758",1000,0.1,758,24546.4
"759",1000,0.1,759,24510.6
"760",1000,0.1,760,24919.6
"761",1000,0.1,761,24573.8
"762",1000,0.1,762,24528.5
"763",1000,0.1,763,24314.5
"764",1000,0.1,764,24112.7
"765",1000,0.1,765,24185
"766",1000,0.1,766,24390.1
"767",1000,0.1,767,24777.5
"768",1000,0.1,768,24725.1
"769",1000,0.1,769,24486
"770",1000,0.1,770,24399.8
"771",1000,0.1,771,23975.4
"772",1000,0.1,772,24159.4
"773",1000,0.1,773,24346.4
"774",1000,0.1,774,24685.2
"775",1000,0.1,775,24589.5
"776",1000,0.1,776,24922.9
"777",1000,0.1,777,24727.5
"778",1000,0.1,778,25046
"779",1000,0.1,779,24716.1
"780",1000,0.1,780,24610.5
"781",1000,0.1,781,24890.1
"782",1000,0.1,782,24866.2
"783",1000,0.1,783,24700
"784",1000,0.1,784,24911
"785",1000,0.1,785,24789.4
"786",1000,0.1,786,24976.1
"787",1000,0.1,787,24477.5
"788",1000,0.1,788,25024.1
"789",1000,0.1,789,24595.2
"790",1000,0.1,790,24812.4
"791",1000,0.1,791,24351.7
"792",1000,0.1,792,24677.5
"793",1000,0.1,793,24314.2
"794",1000,0.1,794,24718.8
"795",1000,0.1,795,24696.9
"796",1000,0.1,796,24550.3
"797",1000,0.1,797,24546.4
"798",1000,0.1,798,24510.8
"799",1000,0.1,799,24572
"800",1000,0.1,800,24506.3
"801",1000,0.1,801,24362.3
"802",1000,0.1,802,24488.8
"803",1000,0.1,803,24610.9
"804",1000,0.1,804,24951.9
"805",1000,0.1,805,24450.1
"806",1000,0.1,806,24510.1
"807",1000,0.1,807,24682.7
"808",1000,0.1,808,24779.4
"809",1000,0.1,809,24763.6
"810",1000,0.1,810,24700.8
"811",1000,0.1,811,24433.4
"812",1000,0.1,812,24610.8
"813",1000,0.1,813,24610.5
"814",1000,0.1,814,24487.1
"815",1000,0.1,815,24596.9
"816",1000,0.1,816,24578
"817",1000,0.1,817,24806.7
"818",1000,0.1,818,24802.3
"819",1000,0.1,819,24771.8
"820",1000,0.1,820,24589
"821",1000,0.1,821,24445.1
"822",1000,0.1,822,24484.1
"823",1000,0.1,823,24669.7
"824",1000,0.1,824,24680.4
"825",1000,0.1,825,24742.2
"826",1000,0.1,826,24819
"827",1000,0.1,827,24635.9
"828",1000,0.1,828,24691.4
"829",1000,0.1,829,24460.7
"830",1000,0.1,830,24598.5
"831",1000,0.1,831,25024.9
"832",1000,0.1,832,24967.3
"833",1000,0.1,833,24705.4
"834",1000,0.1,834,24905.2
"835",1000,0.1,835,24578.2
"836",1000,0.1,836,24491.2
"837",1000,0.1,837,24880.8
"838",1000,0.1,838,24894.1
"839",1000,0.1,839,24642.4
"840",1000,0.1,840,24789.3
"841",1000,0.1,841,24708
"842",1000,0.1,842,24676.9
"843",1000,0.1,843,25109
"844",1000,0.1,844,24827.4
"845",1000,0.1,845,24977.7
"846",1000,0.1,846,24601.5
"847",1000,0.1,847,24409.3
"848",1000,0.1,848,24832.1
"849",1000,0.1,849,24620.8
"850",1000,0.1,850,24508.1
"851",1000,0.1,851,24690
"852",1000,0.1,852,24560.1
"853",1000,0.1,853,24774.4
"854",1000,0.1,854,24755.9
"855",1000,0.1,855,24906.4
"856",1000,0.1,856,24453.5
"857",1000,0.1,857,24364.6
"858",1000,0.1,858,24339.9
"859",1000,0.1,859,24490.5
"860",1000,0.1,860,24207.8
"861",1000,0.1,861,24431.7
"862",1000,0.1,862,24130.3
"863",1000,0.1,863,24571.8
"864",1000,0.1,864,24599
"865",1000,0.1,865,25086.8
"866",1000,0.1,866,24693.2
"867",1000,0.1,867,24943.8
"868",1000,0.1,868,24313.9
"869",1000,0.1,869,25090.7
"870",1000,0.1,870,24479.8
"871",1000,0.1,871,24067.3
"872",1000,0.1,872,23769.6
"873",1000,0.1,873,23900
"874",1000,0.1,874,23806
"875",1000,0.1,875,24203.5
"876",1000,0.1,876,24582.7
"877",1000,0.1,877,24698.7
"878",1000,0.1,878,24825.6
"879",1000,0.1,879,24691.3
"880",1000,0.1,880,24598.3
"881",1000,0.1,881,24649.7
"882",1000,0.1,882,24327.6
"883",1000,0.1,883,24685.4
"884",1000,0.1,884,24558.6
"885",1000,0.1,885,24404.8
"886",1000,0.1,886,24610.9
"887",1000,0.1,887,24769.6
"888",1000,0.1,888,24650.9
"889",1000,0.1,889,24502.5
"890",1000,0.1,890,24745.4
"891",1000,0.1,891,24675.8
"892",1000,0.1,892,24369.3
"893",1000,0.1,893,24734.3
"894",1000,0.1,894,24467.2
"895",1000,0.1,895,24929.6
"896",1000,0.1,896,24549.3
"897",1000,0.1,897,25125
"898",1000,0.1,898,24472.4
"899",1000,0.1,899,24563.7
"900",1000,0.1,900,24619.6
"901",1000,0.1,901,24554.2
"902",1000,0.1,902,24605.5
"903",1000,0.1,903,24641.1
"904",1000,0.1,904,24194.4
"905",1000,0.1,905,25015.5
"906",1000,0.1,906,24636.4
"907",1000,0.1,907,24526
"908",1000,0.1,908,24840.4
"909",1000,0.1,909,24840.4
"910",1000,0.1,910,24623.2
"911",1000,0.1,911,24541.8
"912",1000,0.1,912,24605.4
"913",1000,0.1,913,24972.9
"914",1000,0.1,914,24965.5
"915",1000,0.1,915,24537.7
"916",1000,0.1,916,24410
"917",1000,0.1,917,24573.4
"918",1000,0.1,918,24709.9
"919",1000,0.1,919,24710.2
"920",1000,0.1,920,24846.6
"921",1000,0.1,921,24875.4
"922",1000,0.1,922,24970.2
"923",1000,0.1,923,24612.4
"924",1000,0.1,924,24622.6
"925",1000,0.1,925,24763.2
"926",1000,0.1,926,24807.5
"927",1000,0.1,927,24911.2
"928",1000,0.1,928,24617.7
"929",1000,0.1,929,24832.7
"930",1000,0.1,930,24309.8
"931",1000,0.1,931,24692.6
"932",1000,0.1,932,24361.4
"933",1000,0.1,933,24776.6
"934",1000,0.1,934,24776.5
"935",1000,0.1,935,24967.5
"936",1000,0.1,936,25051.9
"937",1000,0.1,937,24675
"938",1000,0.1,938,24290.6
"939",1000,0.1,939,24494.1
"940",1000,0.1,940,24371
"941",1000,0.1,941,24718.6
"942",1000,0.1,942,24783.3
"943",1000,0.1,943,24592.1
"944",1000,0.1,944,25202.4
"945",1000,0.1,945,24667.2
"946",1000,0.1,946,25020.1
"947",1000,0.1,947,24874
"948",1000,0.1,948,24636.9
"949",1000,0.1,949,24166.2
"950",1000,0.1,950,24253.7
"951",1000,0.1,951,23987.7
"952",1000,0.1,952,24441.9
"953",1000,0.1,953,24284
"954",1000,0.1,954,24706.4
"955",1000,0.1,955,24727.9
"956",1000,0.1,956,24760.8
"957",1000,0.1,957,24903.1
"958",1000,0.1,958,25146.5
"959",1000,0.1,959,24599.2
"960",1000,0.1,960,24306.3
"961",1000,0.1,961,24678.5
"962",1000,0.1,962,24684.7
"963",1000,0.1,963,24300.9
"964",1000,0.1,964,24340.5
"965",1000,0.1,965,24313
"966",1000,0.1,966,24593.5
"967",1000,0.1,967,24697.2
"968",1000,0.1,968,24643.4
"969",1000,0.1,969,24848.8
"970",1000,0.1,970,24936.2
"971",1000,0.1,971,24695.2
"972",1000,0.1,972,24757
"973",1000,0.1,973,24853.5
"974",1000,0.1,974,25330.6
"975",1000,0.1,975,24673.7
"976",1000,0.1,976,24591.1
"977",1000,0.1,977,24394.6
"978",1000,0.1,978,24257.9
"979",1000,0.1,979,24403.7
"980",1000,0.1,980,24619
"981",1000,0.1,981,24798.1
"982",1000,0.1,982,24674.4
"983",1000,0.1,983,24279.9
"984",1000,0.1,984,24552.8
"985",1000,0.1,985,24340.2
"986",1000,0.1,986,24490.7
"987",1000,0.1,987,24663.6
"988",1000,0.1,988,24523.6
"989",1000,0.1,989,24445.7
"990",1000,0.1,990,24878.2
"991",1000,0.1,991,24831
"992",1000,0.1,992,24913.6
"993",1000,0.1,993,24728.1
"994",1000,0.1,994,24509.4
"995",1000,0.1,995,24452.4
"996",1000,0.1,996,24908.8
"997",1000,0.1,997,24881.5
"998",1000,0.1,998,24669.9
"999",1000,0.1,999,24696.2
"1000",1000,0.1,1000,23289
"1001",1000,0.1,1001,22088.6
"1002",1000,0.1,1002,21359.4
"1003",1000,0.1,1003,20245.1
"1004",1000,0.1,1004,19617.6
"1005",1000,0.1,1005,18848.9
"1006",1000,0.1,1006,18314.6
"1007",1000,0.1,1007,17682
"1008",1000,0.1,1008,17026.8
"1009",1000,0.1,1009,16624.3
"1010",1000,0.1,1010,16351.3
"1011",1000,0.1,1011,15890.5
"1012",1000,0.1,1012,15448.2
"1013",1000,0.1,1013,15597
"1014",1000,0.1,1014,15170.9
"1015",1000,0.1,1015,14894.3
"1016",1000,0.1,1016,14424.7
"1017",1000,0.1,1017,14084.8
"1018",1000,0.1,1018,13717.1
"1019",1000,0.1,1019,13691.1
"1020",1000,0.1,1020,13435.5
"1021",1000,0.1,1021,13143.6
"1022",1000,0.1,1022,13080
"1023",1000,0.1,1023,12713.4
"1024",1000,0.1,1024,12561.4
"1025",1000,0.1,1025,13339
"1026",1000,0.1,1026,13065.8
"1027",1000,0.1,1027,12872.9
"1028",1000,0.1,1028,12708.1
"1029",1000,0.1,1029,12563.6
"1030",1000,0.1,1030,12487.7
"1031",1000,0.1,1031,12642.9
"1032",1000,0.1,1032,12493.7
"1033",1000,0.1,1033,12500.7
"1034",1000,0.1,1034,12111
"1035",1000,0.1,1035,11858.8
"1036",1000,0.1,1036,11839.7
"1037",1000,0.1,1037,11509.8
"1038",1000,0.1,1038,11461
"1039",1000,0.1,1039,11519.7
"1040",1000,0.1,1040,11682.1
"1041",1000,0.1,1041,11362.7
"1042",1000,0.1,1042,11257.5
"1043",1000,0.1,1043,11080.6
"1044",1000,0.1,1044,11343.7
"1045",1000,0.1,1045,11144
"1046",1000,0.1,1046,11123.5
"1047",1000,0.1,1047,11106.2
"1048",1000,0.1,1048,10825.3
"1049",1000,0.1,1049,10834.6
"1050",1000,0.1,1050,10759.7
"1051",1000,0.1,1051,10770.7
"1052",1000,0.1,1052,10766.7
"1053",1000,0.1,1053,10741.3
"1054",1000,0.1,1054,10557.2
"1055",1000,0.1,1055,10752.7
"1056",1000,0.1,1056,10693
"1057",1000,0.1,1057,10900.4
"1058",1000,0.1,1058,10707.9
"1059",1000,0.1,1059,10878
"1060",1000,0.1,1060,10677.4
"1061",1000,0.1,1061,10719.4
"1062",1000,0.1,1062,10736.4
"1063",1000,0.1,1063,10818.3
"1064",1000,0.1,1064,10801.1
"1065",1000,0.1,1065,10986
"1066",1000,0.1,1066,10901.4
"1067",1000,0.1,1067,10924.2
"1068",1000,0.1,1068,10820.6
"1069",1000,0.1,1069,11019.2
"1070",1000,0.1,1070,10993.3
"1071",1000,0.1,1071,11205.9
"1072",1000,0.1,1072,11148.7
"1073",1000,0.1,1073,11232
"1074",1000,0.1,1074,11190.5
"1075",1000,0.1,1075,11163.4
"1076",1000,0.1,1076,11084
"1077",1000,0.1,1077,11031.6
"1078",1000,0.1,1078,11168.8
"1079",1000,0.1,1079,11328.1
"1080",1000,0.1,1080,11324.5
"1081",1000,0.1,1081,11448.6
"1082",1000,0.1,1082,11397.4
"1083",1000,0.1,1083,11848.8
"1084",1000,0.1,1084,11935.5
"1085",1000,0.1,1085,11940.5
"1086",1000,0.1,1086,12030.5
"1087",1000,0.1,1087,11965.7
"1088",1000,0.1,1088,12119.9
"1089",1000,0.1,1089,12425
"1090",1000,0.1,1090,12598.7
"1091",1000,0.1,1091,12610.9
"1092",1000,0.1,1092,12700.5
"1093",1000,0.1,1093,12731.8
"1094",1000,0.1,1094,12938.3
"1095",1000,0.1,1095,13349.3
"1096",1000,0.1,1096,13485.3
"1097",1000,0.1,1097,13620.5
"1098",1000,0.1,1098,13690.8
"1099",1000,0.1,1099,13854.8
"1100",1000,0.1,1100,14095.9
"1101",1000,0.1,1101,14457.2
"1102",1000,0.1,1102,14553.3
"1103",1000,0.1,1103,14623.4
"1104",1000,0.1,1104,14904.6
"1105",1000,0.1,1105,15230.3
"1106",1000,0.1,1106,15433
"1107",1000,0.1,1107,15610.1
"1108",1000,0.1,1108,15724.9
"1109",1000,0.1,1109,16280.3
"1110",1000,0.1,1110,16710.3
"1111",1000,0.1,1111,16769.1
"1112",1000,0.1,1112,17026.2
"1113",1000,0.1,1113,16983.6
"1114",1000,0.1,1114,17282.6
"1115",1000,0.1,1115,17586.3
"1116",1000,0.1,1116,17895.8
"1117",1000,0.1,1117,17881.9
"1118",1000,0.1,1118,18463.6
"1119",1000,0.1,1119,18982.5
"1120",1000,0.1,1120,19018.8
"1121",1000,0.1,1121,19357
"1122",1000,0.1,1122,19948.4
"1123",1000,0.1,1123,20340.1
"1124",1000,0.1,1124,20314.2
"1125",1000,0.1,1125,20488.4
"1126",1000,0.1,1126,20859.3
"1127",1000,0.1,1127,20985
"1128",1000,0.1,1128,21465.3
"1129",1000,0.1,1129,21694.9
"1130",1000,0.1,1130,21910.2
"1131",1000,0.1,1131,21933.9
"1132",1000,0.1,1132,22601.6
"1133",1000,0.1,1133,22673.9
"1134",1000,0.1,1134,22532.5
"1135",1000,0.1,1135,22625.4
"1136",1000,0.1,1136,22917.7
"1137",1000,0.1,1137,23218.9
"1138",1000,0.1,1138,23723.6
"1139",1000,0.1,1139,24240.2
"1140",1000,0.1,1140,23266
"1141",1000,0.1,1141,24022
"1142",1000,0.1,1142,24232.4
"1143",1000,0.1,1143,23977.3
"1144",1000,0.1,1144,24040.5
"1145",1000,0.1,1145,23976.4
"1146",1000,0.1,1146,23969.1
"1147",1000,0.1,1147,24543.2
"1148",1000,0.1,1148,24564.7
"1149",1000,0.1,1149,24520.3
"1150",1000,0.1,1150,24349.7
"1151",1000,0.1,1151,24165.8
"1152",1000,0.1,1152,24285.1
"1153",1000,0.1,1153,24276.6
"1154",1000,0.1,1154,25002
"1155",1000,0.1,1155,24507.3
"1156",1000,0.1,1156,24698.7
"1157",1000,0.1,1157,24211.3
"1158",1000,0.1,1158,24459.4
"1159",1000,0.1,1159,24435
"1160",1000,0.1,1160,24655.1
"1161",1000,0.1,1161,24724
"1162",1000,0.1,1162,24562.5
"1163",1000,0.1,1163,25284.6
"1164",1000,0.1,1164,24612.2
"1165",1000,0.1,1165,24396.8
"1166",1000,0.1,1166,24899.2
"1167",1000,0.1,1167,24488.8
"1168",1000,0.1,1168,24691.5
"1169",1000,0.1,1169,24972.8
"1170",1000,0.1,1170,25180.2
"1171",1000,0.1,1171,24317.7
"1172",1000,0.1,1172,24580.7
"1173",1000,0.1,1173,24313.5
"1174",1000,0.1,1174,24322.7
"1175",1000,0.1,1175,24542.5
"1176",1000,0.1,1176,24487.2
"1177",1000,0.1,1177,24646
"1178",1000,0.1,1178,24787.7
"1179",1000,0.1,1179,24804.8
"1180",1000,0.1,1180,24815
"1181",1000,0.1,1181,24588
"1182",1000,0.1,1182,24878.1
"1183",1000,0.1,1183,24888.5
"1184",1000,0.1,1184,24953.1
"1185",1000,0.1,1185,25091.9
"1186",1000,0.1,1186,24931.6
"1187",1000,0.1,1187,24580.3
"1188",1000,0.1,1188,24902.8
"1189",1000,0.1,1189,24545.5
"1190",1000,0.1,1190,24939.6
"1191",1000,0.1,1191,24563.1
"1192",1000,0.1,1192,24775.5
"1193",1000,0.1,1193,25232.3
"1194",1000,0.1,1194,24097.3
"1195",1000,0.1,1195,24325.4
"1196",1000,0.1,1196,24625.3
"1197",1000,0.1,1197,24417.3
"1198",1000,0.1,1198,25058.3
"1199",1000,0.1,1199,24778.6
"1200",1000,0.1,1200,24480.1
"1201",1000,0.1,1201,24719.9
"1202",1000,0.1,1202,24797.9
"1203",1000,0.1,1203,24958.4
"1204",1000,0.1,1204,24978.6
"1205",1000,0.1,1205,25124.6
"1206",1000,0.1,1206,24723
"1207",1000,0.1,1207,24250
"1208",1000,0.1,1208,24661.1
"1209",1000,0.1,1209,24602.2
"1210",1000,0.1,1210,24643.8
"1211",1000,0.1,1211,24381.2
"1212",1000,0.1,1212,24908.9
"1213",1000,0.1,1213,24995.4
"1214",1000,0.1,1214,24361.5
"1215",1000,0.1,1215,24247.5
"1216",1000,0.1,1216,24588.9
"1217",1000,0.1,1217,24872.9
"1218",1000,0.1,1218,25132
"1219",1000,0.1,1219,24594.5
"1220",1000,0.1,1220,24470.5
"1221",1000,0.1,1221,24349.2
"1222",1000,0.1,1222,24707.1
"1223",1000,0.1,1223,25265
"1224",1000,0.1,1224,25017.6
"1225",1000,0.1,1225,24991
"1226",1000,0.1,1226,24466.9
"1227",1000,0.1,1227,24851.9
"1228",1000,0.1,1228,25083.7
"1229",1000,0.1,1229,25509.1
"1230",1000,0.1,1230,25361.6
"1231",1000,0.1,1231,24672.4
"1232",1000,0.1,1232,24371.6
"1233",1000,0.1,1233,24418.6
"1234",1000,0.1,1234,24543.7
"1235",1000,0.1,1235,24498.6
"1236",1000,0.1,1236,24515.6
"1237",1000,0.1,1237,24660.8
"1238",1000,0.1,1238,24872.4
"1239",1000,0.1,1239,24833.1
"1240",1000,0.1,1240,24960.1
"1241",1000,0.1,1241,24782.2
"1242",1000,0.1,1242,23996.5
"1243",1000,0.1,1243,24243.9
"1244",1000,0.1,1244,24577
"1245",1000,0.1,1245,24616
"1246",1000,0.1,1246,24824.4
"1247",1000,0.1,1247,25449.9
"1248",1000,0.1,1248,25168.2
"1249",1000,0.1,1249,24746.4
"1250",1000,0.1,1250,24641.4
"1251",1000,0.1,1251,24913.1
"1252",1000,0.1,1252,24674.6
"1253",1000,0.1,1253,25053.3
"1254",1000,0.1,1254,24481.3
"1255",1000,0.1,1255,24540.5
"1256",1000,0.1,1256,24293
"1257",1000,0.1,1257,24708.3
"1258",1000,0.1,1258,24831.1
"1259",1000,0.1,1259,24386.2
"1260",1000,0.1,1260,24461.2
"1261",1000,0.1,1261,24602.6
"1262",1000,0.1,1262,24665.1
"1263",1000,0.1,1263,24398.9
"1264",1000,0.1,1264,25234.9
"1265",1000,0.1,1265,24874.3
"1266",1000,0.1,1266,24679.1
"1267",1000,0.1,1267,24915.9
"1268",1000,0.1,1268,25036.7
"1269",1000,0.1,1269,24469
"1270",1000,0.1,1270,24037.5
"1271",1000,0.1,1271,23864.1
"1272",1000,0.1,1272,24101.6
"1273",1000,0.1,1273,24683.1
"1274",1000,0.1,1274,24584.5
"1275",1000,0.1,1275,24699.5
"1276",1000,0.1,1276,24871.9
"1277",1000,0.1,1277,24639.6
"1278",1000,0.1,1278,24737.7
"1279",1000,0.1,1279,24931.8
"1280",1000,0.1,1280,24722.1
"1281",1000,0.1,1281,24414.4
"1282",1000,0.1,1282,25027.8
"1283",1000,0.1,1283,24801.7
"1284",1000,0.1,1284,25025.1
"1285",1000,0.1,1285,24582
"1286",1000,0.1,1286,24893.2
"1287",1000,0.1,1287,24736.9
"1288",1000,0.1,1288,24625.5
"1289",1000,0.1,1289,24255
"1290",1000,0.1,1290,24523.1
"1291",1000,0.1,1291,24778.8
"1292",1000,0.1,1292,24497.5
"1293",1000,0.1,1293,24454.3
"1294",1000,0.1,1294,24963.7
"1295",1000,0.1,1295,24294.8
"1296",1000,0.1,1296,24889.7
"1297",1000,0.1,1297,24593.8
"1298",1000,0.1,1298,24898.8
"1299",1000,0.1,1299,24810.5
"1300",1000,0.1,1300,24824.4
"1301",1000,0.1,1301,24547.9
"1302",1000,0.1,1302,24634.5
"1303",1000,0.1,1303,24813
"1304",1000,0.1,1304,25371.5
"1305",1000,0.1,1305,24446.4
"1306",1000,0.1,1306,24578.2
"1307",1000,0.1,1307,24842.2
"1308",1000,0.1,1308,24515.3
"1309",1000,0.1,1309,24800.6
"1310",1000,0.1,1310,24624.6
"1311",1000,0.1,1311,24674.5
"1312",1000,0.1,1312,25085.2
"1313",1000,0.1,1313,24894
"1314",1000,0.1,1314,24755.9
"1315",1000,0.1,1315,24674.8
"1316",1000,0.1,1316,24890.7
"1317",1000,0.1,1317,24685
"1318",1000,0.1,1318,24857.5
"1319",1000,0.1,1319,24697.1
"1320",1000,0.1,1320,24622.6
"1321",1000,0.1,1321,24269.5
"1322",1000,0.1,1322,24290.2
"1323",1000,0.1,1323,25049.4
"1324",1000,0.1,1324,25069.9
"1325",1000,0.1,1325,24787.7
"1326",1000,0.1,1326,25271.9
"1327",1000,0.1,1327,24283.6
"1328",1000,0.1,1328,24362.1
"1329",1000,0.1,1329,24390.5
"1330",1000,0.1,1330,24178.5
"1331",1000,0.1,1331,24350.8
"1332",1000,0.1,1332,24673.1
"1333",1000,0.1,1333,24892.7
"1334",1000,0.1,1334,24684.7
"1335",1000,0.1,1335,24795.5
"1336",1000,0.1,1336,24633.7
"1337",1000,0.1,1337,24926
"1338",1000,0.1,1338,24710.3
"1339",1000,0.1,1339,25147.8
"1340",1000,0.1,1340,24708.2
"1341",1000,0.1,1341,24638.3
"1342",1000,0.1,1342,25023.1
"1343",1000,0.1,1343,24787.1
"1344",1000,0.1,1344,24878.7
"1345",1000,0.1,1345,24440.4
"1346",1000,0.1,1346,24699.2
"1347",1000,0.1,1347,25016.7
"1348",1000,0.1,1348,24321.5
"1349",1000,0.1,1349,24817.2
"1350",1000,0.1,1350,24858.6
"1351",1000,0.1,1351,24727
"1352",1000,0.1,1352,24399.1
"1353",1000,0.1,1353,24332.3
"1354",1000,0.1,1354,24446.9
"1355",1000,0.1,1355,24281.4
"1356",1000,0.1,1356,24721.6
"1357",1000,0.1,1357,24531.6
"1358",1000,0.1,1358,24636.7
"1359",1000,0.1,1359,24984
"1360",1000,0.1,1360,25360
"1361",1000,0.1,1361,24466.6
"1362",1000,0.1,1362,24080.6
"1363",1000,0.1,1363,24696.2
"1364",1000,0.1,1364,24756.4
"1365",1000,0.1,1365,24324.6
"1366",1000,0.1,1366,24785.4
"1367",1000,0.1,1367,24591
"1368",1000,0.1,1368,24618.2
"1369",1000,0.1,1369,24633.2
"1370",1000,0.1,1370,25707
"1371",1000,0.1,1371,24716.3
"1372",1000,0.1,1372,24651.3
"1373",1000,0.1,1373,24400.1
"1374",1000,0.1,1374,24616.7
"1375",1000,0.1,1375,24573.3
"1376",1000,0.1,1376,24430.8
"1377",1000,0.1,1377,24680.9
"1378",1000,0.1,1378,24995.7
"1379",1000,0.1,1379,25127
"1380",1000,0.1,1380,24331.8
"1381",1000,0.1,1381,24436.2
"1382",1000,0.1,1382,24221.4
"1383",1000,0.1,1383,24473.6
"1384",1000,0.1,1384,24493.3
"1385",1000,0.1,1385,25042.8
"1386",1000,0.1,1386,25352.5
"1387",1000,0.1,1387,24098.2
"1388",1000,0.1,1388,24852.4
"1389",1000,0.1,1389,24172.8
"1390",1000,0.1,1390,24537.1
"1391",1000,0.1,1391,24878.3
"1392",1000,0.1,1392,25061.5
"1393",1000,0.1,1393,24737.2
"1394",1000,0.1,1394,24451.8
"1395",1000,0.1,1395,24978.2
"1396",1000,0.1,1396,25477.4
"1397",1000,0.1,1397,24625.3
"1398",1000,0.1,1398,24269.7
"1399",1000,0.1,1399,24687.4
"1400",1000,0.1,1400,24537.4
"1401",1000,0.1,1401,24777.2
"1402",1000,0.1,1402,24210.3
"1403",1000,0.1,1403,24746.9
"1404",1000,0.1,1404,24336.8
"1405",1000,0.1,1405,24272.2
"1406",1000,0.1,1406,24753.6
"1407",1000,0.1,1407,24619
"1408",1000,0.1,1408,24559.4
"1409",1000,0.1,1409,24386.9
"1410",1000,0.1,1410,24485
"1411",1000,0.1,1411,24645
"1412",1000,0.1,1412,24389.1
"1413",1000,0.1,1413,24769
"1414",1000,0.1,1414,25227.9
"1415",1000,0.1,1415,24960.2
"1416",1000,0.1,1416,24290.3
"1417",1000,0.1,1417,23707.2
"1418",1000,0.1,1418,24342.7
"1419",1000,0.1,1419,24469.8
"1420",1000,0.1,1420,24400.5
"1421",1000,0.1,1421,24495.3
"1422",1000,0.1,1422,24982.4
"1423",1000,0.1,1423,25079.6
"1424",1000,0.1,1424,24907.8
"1425",1000,0.1,1425,24665.1
"1426",1000,0.1,1426,24855.5
"1427",1000,0.1,1427,24677.2
"1428",1000,0.1,1428,24742.7
"1429",1000,0.1,1429,24832.8
"1430",1000,0.1,1430,24146.9
"1431",1000,0.1,1431,24779.7
"1432",1000,0.1,1432,24804.4
"1433",1000,0.1,1433,25062.8
"1434",1000,0.1,1434,24767.2
"1435",1000,0.1,1435,24634
"1436",1000,0.1,1436,25094
"1437",1000,0.1,1437,24782.6
"1438",1000,0.1,1438,25417.2
"1439",1000,0.1,1439,24947.2
"1440",1000,0.1,1440,25054.8
"1441",1000,0.1,1441,24303.1
"1442",1000,0.1,1442,24605.2
"1443",1000,0.1,1443,24740.7
"1444",1000,0.1,1444,24766
"1445",1000,0.1,1445,24680.5
"1446",1000,0.1,1446,24670.8
"1447",1000,0.1,1447,25169.5
"1448",1000,0.1,1448,25023.7
"1449",1000,0.1,1449,24677.4
"1450",1000,0.1,1450,24777.3
"1451",1000,0.1,1451,24308.2
"1452",1000,0.1,1452,24713.9
"1453",1000,0.1,1453,25272
"1454",1000,0.1,1454,25015.3
"1455",1000,0.1,1455,24959.5
"1456",1000,0.1,1456,24390.3
"1457",1000,0.1,1457,24645.3
"1458",1000,0.1,1458,24497.2
"1459",1000,0.1,1459,24897
"1460",1000,0.1,1460,25102.9
"1461",1000,0.1,1461,24822.2
"1462",1000,0.1,1462,24861.3
"1463",1000,0.1,1463,24716
"1464",1000,0.1,1464,25027.7
"1465",1000,0.1,1465,24727.4
"1466",1000,0.1,1466,25018.4
"1467",1000,0.1,1467,25200.1
"1468",1000,0.1,1468,24790.9
"1469",1000,0.1,1469,24552.7
"1470",1000,0.1,1470,24714.6
"1471",1000,0.1,1471,24651.8
"1472",1000,0.1,1472,24832.9
"1473",1000,0.1,1473,24758.6
"1474",1000,0.1,1474,24720.5
"1475",1000,0.1,1475,24834.1
"1476",1000,0.1,1476,24498.8
"1477",1000,0.1,1477,25012.7
"1478",1000,0.1,1478,24774.9
"1479",1000,0.1,1479,24474.1
"1480",1000,0.1,1480,24513.6
"1481",1000,0.1,1481,24893
"1482",1000,0.1,1482,24965.2
"1483",1000,0.1,1483,24512.3
"1484",1000,0.1,1484,24492.9
"1485",1000,0.1,1485,25095.6
"1486",1000,0.1,1486,24531.3
"1487",1000,0.1,1487,24885.2
"1488",1000,0.1,1488,24828.4
"1489",1000,0.1,1489,24790.8
"1490",1000,0.1,1490,24801
"1491",1000,0.1,1491,24323.5
"1492",1000,0.1,1492,24447
"1493",1000,0.1,1493,24962.4
"1494",1000,0.1,1494,24913.5
"1495",1000,0.1,1495,24748
"1496",1000,0.1,1496,24614.4
"1497",1000,0.1,1497,25296.2
"1498",1000,0.1,1498,24769.9
"1499",1000,0.1,1499,24677.3
"1500",1000,0.1,1500,24643.8
"1501",1000,0.1,1501,24301.6
"1502",1000,0.1,1502,24548.1
"1503",1000,0.1,1503,24805.9
"1504",1000,0.1,1504,24570.6
"1505",1000,0.1,1505,25259
"1506",1000,0.1,1506,24567.8
"1507",1000,0.1,1507,24833.5
"1508",1000,0.1,1508,24481.5
"1509",1000,0.1,1509,24046.8
"1510",1000,0.1,1510,24362.8
"1511",1000,0.1,1511,24587.9
"1512",1000,0.1,1512,25016.7
"1513",1000,0.1,1513,24648.6
"1514",1000,0.1,1514,24581.6
"1515",1000,0.1,1515,24691.8
"1516",1000,0.1,1516,24055.8
"1517",1000,0.1,1517,24388
"1518",1000,0.1,1518,25017.5
"1519",1000,0.1,1519,24696.2
"1520",1000,0.1,1520,24894.6
"1521",1000,0.1,1521,24435.2
"1522",1000,0.1,1522,24664.2
"1523",1000,0.1,1523,24543.6
"1524",1000,0.1,1524,24591.6
"1525",1000,0.1,1525,24917.7
"1526",1000,0.1,1526,24788.6
"1527",1000,0.1,1527,24970.9
"1528",1000,0.1,1528,24808.4
"1529",1000,0.1,1529,24360.9
"1530",1000,0.1,1530,24867
"1531",1000,0.1,1531,24847.9
"1532",1000,0.1,1532,24499.9
"1533",1000,0.1,1533,24715.6
"1534",1000,0.1,1534,24559.7
"1535",1000,0.1,1535,24612.2
"1536",1000,0.1,1536,25090.4
"1537",1000,0.1,1537,25105.7
"1538",1000,0.1,1538,24735.2
"1539",1000,0.1,1539,24937.2
"1540",1000,0.1,1540,24689.8
"1541",1000,0.1,1541,24695.8
"1542",1000,0.1,1542,24749.6
"1543",1000,0.1,1543,25117.5
"1544",1000,0.1,1544,24547.5
"1545",1000,0.1,1545,24497.4
"1546",1000,0.1,1546,24177.5
"1547",1000,0.1,1547,24521.1
"1548",1000,0.1,1548,24224.9
"1549",1000,0.1,1549,23903.8
"1550",1000,0.1,1550,24150.9
"1551",1000,0.1,1551,24666.5
"1552",1000,0.1,1552,24315.2
"1553",1000,0.1,1553,24322.9
"1554",1000,0.1,1554,24275.3
"1555",1000,0.1,1555,24585.1
"1556",1000,0.1,1556,24631.5
"1557",1000,0.1,1557,24752.8
"1558",1000,0.1,1558,24821.7
"1559",1000,0.1,1559,24767.6
"1560",1000,0.1,1560,25042.6
"1561",1000,0.1,1561,24561.9
"1562",1000,0.1,1562,24547.5
"1563",1000,0.1,1563,24863.9
"1564",1000,0.1,1564,24852.7
"1565",1000,0.1,1565,24712
"1566",1000,0.1,1566,25076.1
"1567",1000,0.1,1567,24871.3
"1568",1000,0.1,1568,24430.1
"1569",1000,0.1,1569,24598.3
"1570",1000,0.1,1570,24711.3
"1571",1000,0.1,1571,25175.3
"1572",1000,0.1,1572,25409.5
"1573",1000,0.1,1573,24237.4
"1574",1000,0.1,1574,24155.3
"1575",1000,0.1,1575,24695
"1576",1000,0.1,1576,24569.9
"1577",1000,0.1,1577,24303.7
"1578",1000,0.1,1578,24991
"1579",1000,0.1,1579,24915.5
"1580",1000,0.1,1580,24762.6
"1581",1000,0.1,1581,24645.6
"1582",1000,0.1,1582,25549.5
"1583",1000,0.1,1583,24551.3
"1584",1000,0.1,1584,24164.6
"1585",1000,0.1,1585,24200.6
"1586",1000,0.1,1586,24703
"1587",1000,0.1,1587,24772.8
"1588",1000,0.1,1588,24941.9
"1589",1000,0.1,1589,24680.8
"1590",1000,0.1,1590,24360.1
"1591",1000,0.1,1591,24309.4
"1592",1000,0.1,1592,24977.7
"1593",1000,0.1,1593,24546.8
"1594",1000,0.1,1594,25097
"1595",1000,0.1,1595,25238.8
"1596",1000,0.1,1596,24182
"1597",1000,0.1,1597,24074.6
"1598",1000,0.1,1598,23840.6
"1599",1000,0.1,1599,24417.7
"1600",1000,0.1,1600,24063
"1601",1000,0.1,1601,24429.5
"1602",1000,0.1,1602,24778.2
"1603",1000,0.1,1603,25234.9
"1604",1000,0.1,1604,24570.1
"1605",1000,0.1,1605,24205.3
"1606",1000,0.1,1606,23702.7
"1607",1000,0.1,1607,23869.1
"1608",1000,0.1,1608,23942.5
"1609",1000,0.1,1609,24524.3
"1610",1000,0.1,1610,24448
"1611",1000,0.1,1611,24551.2
"1612",1000,0.1,1612,24838.1
"1613",1000,0.1,1613,24699.8
"1614",1000,0.1,1614,25027.6
"1615",1000,0.1,1615,24716.4
"1616",1000,0.1,1616,25031.9
"1617",1000,0.1,1617,25189.9
"1618",1000,0.1,1618,24051.2
"1619",1000,0.1,1619,24058.6
"1620",1000,0.1,1620,24390.3
"1621",1000,0.1,1621,25401.2
"1622",1000,0.1,1622,24424.2
"1623",1000,0.1,1623,24598.6
"1624",1000,0.1,1624,24607.2
"1625",1000,0.1,1625,24949.2
"1626",1000,0.1,1626,24485.6
"1627",1000,0.1,1627,24507.7
"1628",1000,0.1,1628,24040.1
"1629",1000,0.1,1629,24142.7
"1630",1000,0.1,1630,24685.8
"1631",1000,0.1,1631,25017.3
"1632",1000,0.1,1632,24452.6
"1633",1000,0.1,1633,24837.4
"1634",1000,0.1,1634,24554.3
"1635",1000,0.1,1635,24548.7
"1636",1000,0.1,1636,24906.2
"1637",1000,0.1,1637,24486.8
"1638",1000,0.1,1638,24534.9
"1639",1000,0.1,1639,24511.7
"1640",1000,0.1,1640,24275.4
"1641",1000,0.1,1641,24273.4
"1642",1000,0.1,1642,24213.1
"1643",1000,0.1,1643,24972.4
"1644",1000,0.1,1644,24842.6
"1645",1000,0.1,1645,24597.7
"1646",1000,0.1,1646,24987.9
"1647",1000,0.1,1647,24431.4
"1648",1000,0.1,1648,24671.5
"1649",1000,0.1,1649,24497.9
"1650",1000,0.1,1650,24875.6
"1651",1000,0.1,1651,24542.6
"1652",1000,0.1,1652,24886.9
"1653",1000,0.1,1653,24869.2
"1654",1000,0.1,1654,24695.5
"1655",1000,0.1,1655,24950.3
"1656",1000,0.1,1656,24312
"1657",1000,0.1,1657,24618.2
"1658",1000,0.1,1658,24933.2
"1659",1000,0.1,1659,25046.4
"1660",1000,0.1,1660,24527.7
"1661",1000,0.1,1661,24497.6
"1662",1000,0.1,1662,23940.3
"1663",1000,0.1,1663,24236.1
"1664",1000,0.1,1664,24445.6
"1665",1000,0.1,1665,24934.7
"1666",1000,0.1,1666,24743.3
"1667",1000,0.1,1667,24631.5
"1668",1000,0.1,1668,24480.5
"1669",1000,0.1,1669,24540.6
"1670",1000,0.1,1670,24712.7
"1671",1000,0.1,1671,24813.8
"1672",1000,0.1,1672,24786.2
"1673",1000,0.1,1673,25285.7
"1674",1000,0.1,1674,24655.6
"1675",1000,0.1,1675,24230.9
"1676",1000,0.1,1676,24662.9
"1677",1000,0.1,1677,24685.1
"1678",1000,0.1,1678,24690.5
"1679",1000,0.1,1679,25115.2
"1680",1000,0.1,1680,24754.5
"1681",1000,0.1,1681,24812.5
"1682",1000,0.1,1682,25117.9
"1683",1000,0.1,1683,24617
"1684",1000,0.1,1684,24777
"1685",1000,0.1,1685,24653.8
"1686",1000,0.1,1686,24725.6
"1687",1000,0.1,1687,24637.9
"1688",1000,0.1,1688,24129.9
"1689",1000,0.1,1689,24760.4
"1690",1000,0.1,1690,24565.9
"1691",1000,0.1,1691,24620.1
"1692",1000,0.1,1692,25638.3
"1693",1000,0.1,1693,24490.3
"1694",1000,0.1,1694,24079
"1695",1000,0.1,1695,24553.9
"1696",1000,0.1,1696,24676
"1697",1000,0.1,1697,24831.5
"1698",1000,0.1,1698,24584.8
"1699",1000,0.1,1699,24758.8
"1700",1000,0.1,1700,24812.5
"1701",1000,0.1,1701,25137.8
"1702",1000,0.1,1702,25140.8
"1703",1000,0.1,1703,24698.4
"1704",1000,0.1,1704,25040.5
"1705",1000,0.1,1705,24629.1
"1706",1000,0.1,1706,24395.4
"1707",1000,0.1,1707,24321.5
"1708",1000,0.1,1708,24895.2
"1709",1000,0.1,1709,24560.2
"1710",1000,0.1,1710,24526.1
"1711",1000,0.1,1711,24395.8
"1712",1000,0.1,1712,24624.8
"1713",1000,0.1,1713,24655.1
"1714",1000,0.1,1714,24421.1
"1715",1000,0.1,1715,24484
"1716",1000,0.1,1716,24389.1
"1717",1000,0.1,1717,24538.1
"1718",1000,0.1,1718,24821.1
"1719",1000,0.1,1719,24407.7
"1720",1000,0.1,1720,25162.7
"1721",1000,0.1,1721,25009.9
"1722",1000,0.1,1722,25097.2
"1723",1000,0.1,1723,25064.4
"1724",1000,0.1,1724,24895
"1725",1000,0.1,1725,24865.3
"1726",1000,0.1,1726,24382.8
"1727",1000,0.1,1727,24260.3
"1728",1000,0.1,1728,24606.9
"1729",1000,0.1,1729,24921.7
"1730",1000,0.1,1730,24549.3
"1731",1000,0.1,1731,25045.1
"1732",1000,0.1,1732,24889.2
"1733",1000,0.1,1733,24937.8
"1734",1000,0.1,1734,24694.1
"1735",1000,0.1,1735,25191.6
"1736",1000,0.1,1736,24978.5
"1737",1000,0.1,1737,24908.9
"1738",1000,0.1,1738,24786.5
"1739",1000,0.1,1739,24513.9
"1740",1000,0.1,1740,24689.9
"1741",1000,0.1,1741,25289.6
"1742",1000,0.1,1742,24058.2
"1743",1000,0.1,1743,24428.3
"1744",1000,0.1,1744,24406.5
"1745",1000,0.1,1745,24537.8
"1746",1000,0.1,1746,24799
"1747",1000,0.1,1747,24475.8
"1748",1000,0.1,1748,24307.1
"1749",1000,0.1,1749,24513.2
"1750",1000,0.1,1750,24924
"1751",1000,0.1,1751,24758
"1752",1000,0.1,1752,24729.1
"1753",1000,0.1,1753,25128.4
"1754",1000,0.1,1754,24902.7
"1755",1000,0.1,1755,25070.6
"1756",1000,0.1,1756,24153.2
"1757",1000,0.1,1757,24817.5
"1758",1000,0.1,1758,24550.2
"1759",1000,0.1,1759,24494.1
"1760",1000,0.1,1760,24447.2
"1761",1000,0.1,1761,24722.7
"1762",1000,0.1,1762,24522.1
"1763",1000,0.1,1763,24629.5
"1764",1000,0.1,1764,24758.7
"1765",1000,0.1,1765,24596.6
"1766",1000,0.1,1766,25147.3
"1767",1000,0.1,1767,24954.2
"1768",1000,0.1,1768,24456.2
"1769",1000,0.1,1769,24711.5
"1770",1000,0.1,1770,24232
"1771",1000,0.1,1771,24289.8
"1772",1000,0.1,1772,24178.3
"1773",1000,0.1,1773,24694.9
"1774",1000,0.1,1774,24658.1
"1775",1000,0.1,1775,24414.4
"1776",1000,0.1,1776,24551.1
"1777",1000,0.1,1777,23972.3
"1778",1000,0.1,1778,24437.1
"1779",1000,0.1,1779,24549.3
"1780",1000,0.1,1780,24390.6
"1781",1000,0.1,1781,25215.8
"1782",1000,0.1,1782,24943.3
"1783",1000,0.1,1783,24619.7
"1784",1000,0.1,1784,24482.5
"1785",1000,0.1,1785,24770.9
"1786",1000,0.1,1786,24589.4
"1787",1000,0.1,1787,25234.3
"1788",1000,0.1,1788,24916.3
"1789",1000,0.1,1789,24779.8
"1790",1000,0.1,1790,24337.2
"1791",1000,0.1,1791,24714.4
"1792",1000,0.1,1792,24505.9
"1793",1000,0.1,1793,24239.7
"1794",1000,0.1,1794,24325.5
"1795",1000,0.1,1795,24092.7
"1796",1000,0.1,1796,24311.9
"1797",1000,0.1,1797,24811.2
"1798",1000,0.1,1798,24358.6
"1799",1000,0.1,1799,24550.4
"1800",1000,0.1,1800,25058.7
"1801",1000,0.1,1801,24583
"1802",1000,0.1,1802,24925.1
"1803",1000,0.1,1803,24011.4
"1804",1000,0.1,1804,24884.5
"1805",1000,0.1,1805,24378.3
"1806",1000,0.1,1806,24306.8
"1807",1000,0.1,1807,24849.6
"1808",1000,0.1,1808,24306.3
"1809",1000,0.1,1809,24070
"1810",1000,0.1,1810,24661.4
"1811",1000,0.1,1811,24349.9
"1812",1000,0.1,1812,24929.5
"1813",1000,0.1,1813,24630.7
"1814",1000,0.1,1814,24342.6
"1815",1000,0.1,1815,24561.5
"1816",1000,0.1,1816,24829.6
"1817",1000,0.1,1817,24547.9
"1818",1000,0.1,1818,24736.8
"1819",1000,0.1,1819,24848
"1820",1000,0.1,1820,24784.4
"1821",1000,0.1,1821,25372.8
"1822",1000,0.1,1822,24912.1
"1823",1000,0.1,1823,24525.8
"1824",1000,0.1,1824,24975.7
"1825",1000,0.1,1825,25049.6
"1826",1000,0.1,1826,24431.4
"1827",1000,0.1,1827,24705.7
"1828",1000,0.1,1828,25059.3
"1829",1000,0.1,1829,24593.5
"1830",1000,0.1,1830,24828.6
"1831",1000,0.1,1831,25028.1
"1832",1000,0.1,1832,24283.8
"1833",1000,0.1,1833,24966.7
"1834",1000,0.1,1834,24690.8
"1835",1000,0.1,1835,25342.6
"1836",1000,0.1,1836,24256
"1837",1000,0.1,1837,24411
"1838",1000,0.1,1838,24736.2
"1839",1000,0.1,1839,24482.5
"1840",1000,0.1,1840,24513.4
"1841",1000,0.1,1841,24902.5
"1842",1000,0.1,1842,24736.2
"1843",1000,0.1,1843,24572.3
"1844",1000,0.1,1844,24348.2
"1845",1000,0.1,1845,24557.2
"1846",1000,0.1,1846,25169.5
"1847",1000,0.1,1847,24557.9
"1848",1000,0.1,1848,24907.2
"1849",1000,0.1,1849,24699.3
"1850",1000,0.1,1850,24232.7
"1851",1000,0.1,1851,24966.8
"1852",1000,0.1,1852,24709.1
"1853",1000,0.1,1853,24699.7
"1854",1000,0.1,1854,24767.5
"1855",1000,0.1,1855,24858.6
"1856",1000,0.1,1856,24642.5
"1857",1000,0.1,1857,24322.8
"1858",1000,0.1,1858,24872.3
"1859",1000,0.1,1859,24622.7
"1860",1000,0.1,1860,25308.8
"1861",1000,0.1,1861,24899.8
"1862",1000,0.1,1862,24826.9
"1863",1000,0.1,1863,24781.1
"1864",1000,0.1,1864,24843.2
"1865",1000,0.1,1865,25258.2
"1866",1000,0.1,1866,24786.6
"1867",1000,0.1,1867,24946.2
"1868",1000,0.1,1868,25000.3
"1869",1000,0.1,1869,24816.4
"1870",1000,0.1,1870,24397.9
"1871",1000,0.1,1871,24931.1
"1872",1000,0.1,1872,24513.6
"1873",1000,0.1,1873,24535.6
"1874",1000,0.1,1874,24333.1
"1875",1000,0.1,1875,24816.4
"1876",1000,0.1,1876,24732.3
"1877",1000,0.1,1877,24610.9
"1878",1000,0.1,1878,24677.8
"1879",1000,0.1,1879,24302.1
"1880",1000,0.1,1880,24568.5
"1881",1000,0.1,1881,24506.9
"1882",1000,0.1,1882,25097.6
"1883",1000,0.1,1883,24754.2
"1884",1000,0.1,1884,24446.5
"1885",1000,0.1,1885,24400.8
"1886",1000,0.1,1886,25194.7
"1887",1000,0.1,1887,24788.5
"1888",1000,0.1,1888,24712.9
"1889",1000,0.1,1889,24658.4
"1890",1000,0.1,1890,24870.2
"1891",1000,0.1,1891,24042.5
"1892",1000,0.1,1892,24628.4
"1893",1000,0.1,1893,24682.1
"1894",1000,0.1,1894,24750.4
"1895",1000,0.1,1895,24933.2
"1896",1000,0.1,1896,24689.5
"1897",1000,0.1,1897,24938.4
"1898",1000,0.1,1898,25340.4
"1899",1000,0.1,1899,25086.4
"1900",1000,0.1,1900,24561
"1901",1000,0.1,1901,24370
"1902",1000,0.1,1902,24357.9
"1903",1000,0.1,1903,24894.8
"1904",1000,0.1,1904,24811.7
"1905",1000,0.1,1905,24553.1
"1906",1000,0.1,1906,24848.7
"1907",1000,0.1,1907,24238.7
"1908",1000,0.1,1908,24085
"1909",1000,0.1,1909,24038.8
"1910",1000,0.1,1910,24111.2
"1911",1000,0.1,1911,24572.6
"1912",1000,0.1,1912,24859.4
"1913",1000,0.1,1913,24406.5
"1914",1000,0.1,1914,24670
"1915",1000,0.1,1915,24642.5
"1916",1000,0.1,1916,25230.7
"1917",1000,0.1,1917,24742.6
"1918",1000,0.1,1918,24567.2
"1919",1000,0.1,1919,25024.9
"1920",1000,0.1,1920,24885.9
"1921",1000,0.1,1921,24821.7
"1922",1000,0.1,1922,25013.4
"1923",1000,0.1,1923,25105.8
"1924",1000,0.1,1924,24897.5
"1925",1000,0.1,1925,24556.8
"1926",1000,0.1,1926,24792.8
"1927",1000,0.1,1927,24728.1
"1928",1000,0.1,1928,24808
"1929",1000,0.1,1929,24413.6
"1930",1000,0.1,1930,24454.1
"1931",1000,0.1,1931,24744.3
"1932",1000,0.1,1932,24681.4
"1933",1000,0.1,1933,25464.4
"1934",1000,0.1,1934,24823.3
"1935",1000,0.1,1935,25120.3
"1936",1000,0.1,1936,24947
"1937",1000,0.1,1937,24531.1
"1938",1000,0.1,1938,24932.2
"1939",1000,0.1,1939,25216.3
"1940",1000,0.1,1940,25082.7
"1941",1000,0.1,1941,24809.4
"1942",1000,0.1,1942,24893.8
"1943",1000,0.1,1943,24395.4
"1944",1000,0.1,1944,24798.4
"1945",1000,0.1,1945,24947.9
"1946",1000,0.1,1946,24851.8
"1947",1000,0.1,1947,24527.6
"1948",1000,0.1,1948,24914.7
"1949",1000,0.1,1949,24639.7
"1950",1000,0.1,1950,25181.2
"1951",1000,0.1,1951,24842.1
"1952",1000,0.1,1952,24844.3
"1953",1000,0.1,1953,24666
"1954",1000,0.1,1954,24142.6
"1955",1000,0.1,1955,24487.3
"1956",1000,0.1,1956,24412.1
"1957",1000,0.1,1957,24786.4
"1958",1000,0.1,1958,24892.7
"1959",1000,0.1,1959,25252
"1960",1000,0.1,1960,24923.7
"1961",1000,0.1,1961,24783.6
"1962",1000,0.1,1962,24648.6
"1963",1000,0.1,1963,24597.8
"1964",1000,0.1,1964,24333.5
"1965",1000,0.1,1965,24740.2
"1966",1000,0.1,1966,25298.7
"1967",1000,0.1,1967,25230.3
"1968",1000,0.1,1968,24181.4
"1969",1000,0.1,1969,24096.7
"1970",1000,0.1,1970,24505
"1971",1000,0.1,1971,24112.6
"1972",1000,0.1,1972,24379.8
"1973",1000,0.1,1973,24784.9
"1974",1000,0.1,1974,24927.5
"1975",1000,0.1,1975,24958.9
"1976",1000,0.1,1976,24694
"1977",1000,0.1,1977,24786.4
"1978",1000,0.1,1978,25178.9
"1979",1000,0.1,1979,25107.3
"1980",1000,0.1,1980,24406.6
"1981",1000,0.1,1981,24342.4
"1982",1000,0.1,1982,24714.3
"1983",1000,0.1,1983,24661
"1984",1000,0.1,1984,25257.5
"1985",1000,0.1,1985,24900.6
"1986",1000,0.1,1986,24724.2
"1987",1000,0.1,1987,24279.9
"1988",1000,0.1,1988,24649.3
"1989",1000,0.1,1989,24707
"1990",1000,0.1,1990,24730
"1991",1000,0.1,1991,24449.6
"1992",1000,0.1,1992,24493.2
"1993",1000,0.1,1993,24768.6
"1994",1000,0.1,1994,25164.6
"1995",1000,0.1,1995,24579.9
"1996",1000,0.1,1996,24666.5
"1997",1000,0.1,1997,25113.5
"1998",1000,0.1,1998,24934.6
"1999",1000,0.1,1999,24437.7
"2000",1000,0.1,2000,24410.5
"2001",1000,0.5,1,5609
"2002",1000,0.5,2,6059.5
"2003",1000,0.5,3,6234.4
"2004",1000,0.5,4,6272.4
"2005",1000,0.5,5,6559.6
"2006",1000,0.5,6,6849.3
"2007",1000,0.5,7,6895
"2008",1000,0.5,8,7123.4
"2009",1000,0.5,9,7059.9
"2010",1000,0.5,10,7236.3
"2011",1000,0.5,11,7211.2
"2012",1000,0.5,12,7480.2
"2013",1000,0.5,13,7672.9
"2014",1000,0.5,14,7700.8
"2015",1000,0.5,15,7904.3
"2016",1000,0.5,16,7916
"2017",1000,0.5,17,7932.9
"2018",1000,0.5,18,8020.4
"2019",1000,0.5,19,8294.3
"2020",1000,0.5,20,8579.7
"2021",1000,0.5,21,8623.3
"2022",1000,0.5,22,8748.4
"2023",1000,0.5,23,9029.8
"2024",1000,0.5,24,9199.2
"2025",1000,0.5,25,9529
"2026",1000,0.5,26,9575
"2027",1000,0.5,27,9666.5
"2028",1000,0.5,28,9831.4
"2029",1000,0.5,29,9999.7
"2030",1000,0.5,30,10142
"2031",1000,0.5,31,10092.5
"2032",1000,0.5,32,10305.9
"2033",1000,0.5,33,10300.6
"2034",1000,0.5,34,10495.7
"2035",1000,0.5,35,10696.9
"2036",1000,0.5,36,10690.3
"2037",1000,0.5,37,10863.3
"2038",1000,0.5,38,10835.2
"2039",1000,0.5,39,10875.1
"2040",1000,0.5,40,11110.5
"2041",1000,0.5,41,11103.4
"2042",1000,0.5,42,11077.3
"2043",1000,0.5,43,11243.3
"2044",1000,0.5,44,11335.2
"2045",1000,0.5,45,11697.6
"2046",1000,0.5,46,11737.9
"2047",1000,0.5,47,11865.8
"2048",1000,0.5,48,12127.7
"2049",1000,0.5,49,12228.9
"2050",1000,0.5,50,12161.3
"2051",1000,0.5,51,12254.7
"2052",1000,0.5,52,12518
"2053",1000,0.5,53,12756.4
"2054",1000,0.5,54,12896.4
"2055",1000,0.5,55,12706.5
"2056",1000,0.5,56,12651.5
"2057",1000,0.5,57,12879.1
"2058",1000,0.5,58,12636.5
"2059",1000,0.5,59,12984.9
"2060",1000,0.5,60,13059.5
"2061",1000,0.5,61,13278.2
"2062",1000,0.5,62,13261.4
"2063",1000,0.5,63,13557.1
"2064",1000,0.5,64,13722.2
"2065",1000,0.5,65,13841.4
"2066",1000,0.5,66,13906.6
"2067",1000,0.5,67,14096.9
"2068",1000,0.5,68,13772
"2069",1000,0.5,69,14181.6
"2070",1000,0.5,70,14515.3
"2071",1000,0.5,71,14695.3
"2072",1000,0.5,72,14870.8
"2073",1000,0.5,73,15082
"2074",1000,0.5,74,15202.5
"2075",1000,0.5,75,15195.9
"2076",1000,0.5,76,15468.2
"2077",1000,0.5,77,15585.9
"2078",1000,0.5,78,15723.7
"2079",1000,0.5,79,16038.3
"2080",1000,0.5,80,16271.4
"2081",1000,0.5,81,16468.5
"2082",1000,0.5,82,16500.4
"2083",1000,0.5,83,16655.5
"2084",1000,0.5,84,16599.1
"2085",1000,0.5,85,16828
"2086",1000,0.5,86,16963
"2087",1000,0.5,87,17481.3
"2088",1000,0.5,88,17503
"2089",1000,0.5,89,17804.6
"2090",1000,0.5,90,17668.9
"2091",1000,0.5,91,18063.9
"2092",1000,0.5,92,18344
"2093",1000,0.5,93,18398
"2094",1000,0.5,94,18711.7
"2095",1000,0.5,95,18919.6
"2096",1000,0.5,96,19055.1
"2097",1000,0.5,97,19312.7
"2098",1000,0.5,98,19628.4
"2099",1000,0.5,99,19595
"2100",1000,0.5,100,19671.2
"2101",1000,0.5,101,20008
"2102",1000,0.5,102,20185.5
"2103",1000,0.5,103,20546.7
"2104",1000,0.5,104,20974
"2105",1000,0.5,105,21187.6
"2106",1000,0.5,106,21632.5
"2107",1000,0.5,107,21813
"2108",1000,0.5,108,21952.5
"2109",1000,0.5,109,22392.3
"2110",1000,0.5,110,22652.3
"2111",1000,0.5,111,22842.1
"2112",1000,0.5,112,23149.1
"2113",1000,0.5,113,23475.7
"2114",1000,0.5,114,23561.3
"2115",1000,0.5,115,24048.3
"2116",1000,0.5,116,24316.7
"2117",1000,0.5,117,24349.6
"2118",1000,0.5,118,23971.9
"2119",1000,0.5,119,24147.9
"2120",1000,0.5,120,24254.7
"2121",1000,0.5,121,24636.2
"2122",1000,0.5,122,24615.5
"2123",1000,0.5,123,24183.1
"2124",1000,0.5,124,23948.4
"2125",1000,0.5,125,24222.4
"2126",1000,0.5,126,24692.9
"2127",1000,0.5,127,24785.4
"2128",1000,0.5,128,24078.5
"2129",1000,0.5,129,24231.5
"2130",1000,0.5,130,24503.4
"2131",1000,0.5,131,24860.4
"2132",1000,0.5,132,24652.2
"2133",1000,0.5,133,24488.4
"2134",1000,0.5,134,24579.3
"2135",1000,0.5,135,24493
"2136",1000,0.5,136,24550.9
"2137",1000,0.5,137,24422.9
"2138",1000,0.5,138,24868
"2139",1000,0.5,139,24829.7
"2140",1000,0.5,140,24747.6
"2141",1000,0.5,141,24517.5
"2142",1000,0.5,142,24406.7
"2143",1000,0.5,143,24506.5
"2144",1000,0.5,144,24663
"2145",1000,0.5,145,24721.9
"2146",1000,0.5,146,24940.6
"2147",1000,0.5,147,24861.4
"2148",1000,0.5,148,24812.1
"2149",1000,0.5,149,24489.3
"2150",1000,0.5,150,24911.3
"2151",1000,0.5,151,24274.2
"2152",1000,0.5,152,24863.5
"2153",1000,0.5,153,24448.4
"2154",1000,0.5,154,24626.9
"2155",1000,0.5,155,24540.9
"2156",1000,0.5,156,24409.3
"2157",1000,0.5,157,24349.6
"2158",1000,0.5,158,24408.9
"2159",1000,0.5,159,24520.2
"2160",1000,0.5,160,24407.5
"2161",1000,0.5,161,24684.9
"2162",1000,0.5,162,25041
"2163",1000,0.5,163,24262.6
"2164",1000,0.5,164,24159.9
"2165",1000,0.5,165,24429.2
"2166",1000,0.5,166,24653.7
"2167",1000,0.5,167,24229.8
"2168",1000,0.5,168,24209.9
"2169",1000,0.5,169,24519.6
"2170",1000,0.5,170,24409.3
"2171",1000,0.5,171,24332.2
"2172",1000,0.5,172,24375.3
"2173",1000,0.5,173,24178.6
"2174",1000,0.5,174,24471.9
"2175",1000,0.5,175,24739.7
"2176",1000,0.5,176,24631.4
"2177",1000,0.5,177,24504.2
"2178",1000,0.5,178,24834.1
"2179",1000,0.5,179,24854.7
"2180",1000,0.5,180,25192.5
"2181",1000,0.5,181,24822.5
"2182",1000,0.5,182,24903.9
"2183",1000,0.5,183,24401.8
"2184",1000,0.5,184,24590.6
"2185",1000,0.5,185,24628.7
"2186",1000,0.5,186,24703.5
"2187",1000,0.5,187,24458
"2188",1000,0.5,188,24438.5
"2189",1000,0.5,189,25038.3
"2190",1000,0.5,190,24373.6
"2191",1000,0.5,191,24209.5
"2192",1000,0.5,192,24493.2
"2193",1000,0.5,193,24729.2
"2194",1000,0.5,194,24492
"2195",1000,0.5,195,24688.3
"2196",1000,0.5,196,24785.9
"2197",1000,0.5,197,24745.9
"2198",1000,0.5,198,24832.9
"2199",1000,0.5,199,24593.3
"2200",1000,0.5,200,24689.6
"2201",1000,0.5,201,24339.1
"2202",1000,0.5,202,24468.4
"2203",1000,0.5,203,24831.2
"2204",1000,0.5,204,24801.1
"2205",1000,0.5,205,24591.2
"2206",1000,0.5,206,24530.1
"2207",1000,0.5,207,24582.3
"2208",1000,0.5,208,24637.1
"2209",1000,0.5,209,24483.8
"2210",1000,0.5,210,24614
"2211",1000,0.5,211,25243.7
"2212",1000,0.5,212,24702.2
"2213",1000,0.5,213,24621.8
"2214",1000,0.5,214,24721.7
"2215",1000,0.5,215,24829.3
"2216",1000,0.5,216,24302.7
"2217",1000,0.5,217,24164.9
"2218",1000,0.5,218,24535.1
"2219",1000,0.5,219,24380
"2220",1000,0.5,220,24270.9
"2221",1000,0.5,221,24520.1
"2222",1000,0.5,222,24702
"2223",1000,0.5,223,24502.6
"2224",1000,0.5,224,24462.5
"2225",1000,0.5,225,24752
"2226",1000,0.5,226,24565
"2227",1000,0.5,227,24833.5
"2228",1000,0.5,228,25229.3
"2229",1000,0.5,229,24694.7
"2230",1000,0.5,230,24913.1
"2231",1000,0.5,231,24365
"2232",1000,0.5,232,24424.7
"2233",1000,0.5,233,24902.5
"2234",1000,0.5,234,24384.8
"2235",1000,0.5,235,24594
"2236",1000,0.5,236,24666.3
"2237",1000,0.5,237,24438.2
"2238",1000,0.5,238,24674.1
"2239",1000,0.5,239,24947.3
"2240",1000,0.5,240,24700.1
"2241",1000,0.5,241,24760.8
"2242",1000,0.5,242,24866.5
"2243",1000,0.5,243,24781.4
"2244",1000,0.5,244,24937.1
"2245",1000,0.5,245,24876.3
"2246",1000,0.5,246,24768
"2247",1000,0.5,247,24280.7
"2248",1000,0.5,248,24474.7
"2249",1000,0.5,249,24685.7
"2250",1000,0.5,250,24725.4
"2251",1000,0.5,251,24559.1
"2252",1000,0.5,252,24666
"2253",1000,0.5,253,24744.3
"2254",1000,0.5,254,24266.1
"2255",1000,0.5,255,24427
"2256",1000,0.5,256,24648.4
"2257",1000,0.5,257,24807.2
"2258",1000,0.5,258,24835.1
"2259",1000,0.5,259,24985
"2260",1000,0.5,260,24302.7
"2261",1000,0.5,261,24754.6
"2262",1000,0.5,262,24524.3
"2263",1000,0.5,263,24687.2
"2264",1000,0.5,264,24396.2
"2265",1000,0.5,265,24459.4
"2266",1000,0.5,266,24804.3
"2267",1000,0.5,267,24488.8
"2268",1000,0.5,268,24351.3
"2269",1000,0.5,269,24702.2
"2270",1000,0.5,270,24319.7
"2271",1000,0.5,271,24243.3
"2272",1000,0.5,272,24789.4
"2273",1000,0.5,273,24156.6
"2274",1000,0.5,274,24100
"2275",1000,0.5,275,24518.4
"2276",1000,0.5,276,24622.3
"2277",1000,0.5,277,24342.5
"2278",1000,0.5,278,24869.2
"2279",1000,0.5,279,24262.8
"2280",1000,0.5,280,24165.8
"2281",1000,0.5,281,24433.7
"2282",1000,0.5,282,24554.3
"2283",1000,0.5,283,24659.8
"2284",1000,0.5,284,24752.1
"2285",1000,0.5,285,24894.2
"2286",1000,0.5,286,24407.1
"2287",1000,0.5,287,24588.8
"2288",1000,0.5,288,24804.2
"2289",1000,0.5,289,24768.2
"2290",1000,0.5,290,25145.8
"2291",1000,0.5,291,24883.9
"2292",1000,0.5,292,24823.7
"2293",1000,0.5,293,24904.2
"2294",1000,0.5,294,24082.6
"2295",1000,0.5,295,24337
"2296",1000,0.5,296,24632.8
"2297",1000,0.5,297,24557.1
"2298",1000,0.5,298,24368.7
"2299",1000,0.5,299,24608.8
"2300",1000,0.5,300,24605.5
"2301",1000,0.5,301,25007.9
"2302",1000,0.5,302,25072.1
"2303",1000,0.5,303,24557.8
"2304",1000,0.5,304,24673.7
"2305",1000,0.5,305,24219.3
"2306",1000,0.5,306,24941.7
"2307",1000,0.5,307,24392.3
"2308",1000,0.5,308,24086.3
"2309",1000,0.5,309,24318.1
"2310",1000,0.5,310,24509.6
"2311",1000,0.5,311,24398.6
"2312",1000,0.5,312,24628.9
"2313",1000,0.5,313,24856.9
"2314",1000,0.5,314,24443.3
"2315",1000,0.5,315,24460.5
"2316",1000,0.5,316,24646.3
"2317",1000,0.5,317,24370.9
"2318",1000,0.5,318,24419.6
"2319",1000,0.5,319,24488.7
"2320",1000,0.5,320,24741.1
"2321",1000,0.5,321,25029.8
"2322",1000,0.5,322,24891.3
"2323",1000,0.5,323,24920.6
"2324",1000,0.5,324,24905.6
"2325",1000,0.5,325,24436.8
"2326",1000,0.5,326,24745.1
"2327",1000,0.5,327,24598
"2328",1000,0.5,328,24858.5
"2329",1000,0.5,329,24823.6
"2330",1000,0.5,330,25247.2
"2331",1000,0.5,331,24621.4
"2332",1000,0.5,332,24345.5
"2333",1000,0.5,333,24576.3
"2334",1000,0.5,334,24344.5
"2335",1000,0.5,335,24422.1
"2336",1000,0.5,336,24754.6
"2337",1000,0.5,337,24387.7
"2338",1000,0.5,338,24493
"2339",1000,0.5,339,24338
"2340",1000,0.5,340,24519
"2341",1000,0.5,341,24477.8
"2342",1000,0.5,342,24357.5
"2343",1000,0.5,343,24594.3
"2344",1000,0.5,344,24453.9
"2345",1000,0.5,345,24675
"2346",1000,0.5,346,24689.3
"2347",1000,0.5,347,25109.3
"2348",1000,0.5,348,24708.8
"2349",1000,0.5,349,24710.1
"2350",1000,0.5,350,24953.9
"2351",1000,0.5,351,24740.2
"2352",1000,0.5,352,24777.4
"2353",1000,0.5,353,24972
"2354",1000,0.5,354,24912.7
"2355",1000,0.5,355,24733.5
"2356",1000,0.5,356,24866.4
"2357",1000,0.5,357,24797.6
"2358",1000,0.5,358,24280.6
"2359",1000,0.5,359,24272.3
"2360",1000,0.5,360,24629.6
"2361",1000,0.5,361,24531.4
"2362",1000,0.5,362,24777.7
"2363",1000,0.5,363,24832.1
"2364",1000,0.5,364,25050.9
"2365",1000,0.5,365,24850.7
"2366",1000,0.5,366,24377.8
"2367",1000,0.5,367,24508.1
"2368",1000,0.5,368,24423.2
"2369",1000,0.5,369,23806.8
"2370",1000,0.5,370,24454.4
"2371",1000,0.5,371,24517.3
"2372",1000,0.5,372,24274.7
"2373",1000,0.5,373,24299.4
"2374",1000,0.5,374,24648.4
"2375",1000,0.5,375,24583.3
"2376",1000,0.5,376,24828.6
"2377",1000,0.5,377,24872.1
"2378",1000,0.5,378,24576.4
"2379",1000,0.5,379,24803.1
"2380",1000,0.5,380,24974.5
"2381",1000,0.5,381,24865
"2382",1000,0.5,382,24685.5
"2383",1000,0.5,383,24515
"2384",1000,0.5,384,24922.1
"2385",1000,0.5,385,24394.8
"2386",1000,0.5,386,24562.5
"2387",1000,0.5,387,24016.7
"2388",1000,0.5,388,24368.1
"2389",1000,0.5,389,24711
"2390",1000,0.5,390,24345.5
"2391",1000,0.5,391,24488.1
"2392",1000,0.5,392,24918.2
"2393",1000,0.5,393,24845
"2394",1000,0.5,394,24595.9
"2395",1000,0.5,395,24618.9
"2396",1000,0.5,396,25154.2
"2397",1000,0.5,397,24731.3
"2398",1000,0.5,398,24714.1
"2399",1000,0.5,399,24457.4
"2400",1000,0.5,400,24008.7
"2401",1000,0.5,401,24159.2
"2402",1000,0.5,402,24400
"2403",1000,0.5,403,24377.9
"2404",1000,0.5,404,24311.8
"2405",1000,0.5,405,24452
"2406",1000,0.5,406,24856.8
"2407",1000,0.5,407,24755.5
"2408",1000,0.5,408,24924.8
"2409",1000,0.5,409,24773
"2410",1000,0.5,410,24488.5
"2411",1000,0.5,411,24778.8
"2412",1000,0.5,412,24298.2
"2413",1000,0.5,413,24517.7
"2414",1000,0.5,414,24306.6
"2415",1000,0.5,415,24718.4
"2416",1000,0.5,416,24491.8
"2417",1000,0.5,417,24854.9
"2418",1000,0.5,418,24929.1
"2419",1000,0.5,419,24380.7
"2420",1000,0.5,420,24629.9
"2421",1000,0.5,421,24334.3
"2422",1000,0.5,422,24701.4
"2423",1000,0.5,423,24395.5
"2424",1000,0.5,424,24919.7
"2425",1000,0.5,425,24733.2
"2426",1000,0.5,426,24495.6
"2427",1000,0.5,427,24697.2
"2428",1000,0.5,428,24911.9
"2429",1000,0.5,429,24363.1
"2430",1000,0.5,430,24435.6
"2431",1000,0.5,431,24648.5
"2432",1000,0.5,432,24729.7
"2433",1000,0.5,433,24471
"2434",1000,0.5,434,24776
"2435",1000,0.5,435,24742.8
"2436",1000,0.5,436,24425.1
"2437",1000,0.5,437,24599.1
"2438",1000,0.5,438,24836.3
"2439",1000,0.5,439,24589
"2440",1000,0.5,440,24548.4
"2441",1000,0.5,441,24806.3
"2442",1000,0.5,442,25129.2
"2443",1000,0.5,443,25044.5
"2444",1000,0.5,444,24464.9
"2445",1000,0.5,445,24718.4
"2446",1000,0.5,446,24360.7
"2447",1000,0.5,447,24635.8
"2448",1000,0.5,448,24693.4
"2449",1000,0.5,449,24748.2
"2450",1000,0.5,450,24830.4
"2451",1000,0.5,451,24615.3
"2452",1000,0.5,452,24183.4
"2453",1000,0.5,453,24597.2
"2454",1000,0.5,454,24688.7
"2455",1000,0.5,455,25185.1
"2456",1000,0.5,456,24556.3
"2457",1000,0.5,457,24597.2
"2458",1000,0.5,458,24584.9
"2459",1000,0.5,459,24985.5
"2460",1000,0.5,460,24954.4
"2461",1000,0.5,461,24728.9
"2462",1000,0.5,462,24686.3
"2463",1000,0.5,463,24673.6
"2464",1000,0.5,464,25003.4
"2465",1000,0.5,465,24487.6
"2466",1000,0.5,466,24653.6
"2467",1000,0.5,467,24317.8
"2468",1000,0.5,468,24482.5
"2469",1000,0.5,469,24750.1
"2470",1000,0.5,470,24651.6
"2471",1000,0.5,471,24599.3
"2472",1000,0.5,472,24887.9
"2473",1000,0.5,473,24750.1
"2474",1000,0.5,474,24509
"2475",1000,0.5,475,24478.9
"2476",1000,0.5,476,24845.1
"2477",1000,0.5,477,24510.7
"2478",1000,0.5,478,24889.2
"2479",1000,0.5,479,24688.7
"2480",1000,0.5,480,24748.8
"2481",1000,0.5,481,25347.7
"2482",1000,0.5,482,24692.5
"2483",1000,0.5,483,24232
"2484",1000,0.5,484,24119.2
"2485",1000,0.5,485,24016.6
"2486",1000,0.5,486,24362.4
"2487",1000,0.5,487,24580.2
"2488",1000,0.5,488,24340.2
"2489",1000,0.5,489,24535.6
"2490",1000,0.5,490,24525
"2491",1000,0.5,491,24777.2
"2492",1000,0.5,492,24980.9
"2493",1000,0.5,493,24453.7
"2494",1000,0.5,494,24837.7
"2495",1000,0.5,495,24604.2
"2496",1000,0.5,496,24873.5
"2497",1000,0.5,497,24742.9
"2498",1000,0.5,498,24768.6
"2499",1000,0.5,499,24605
"2500",1000,0.5,500,24325.8
"2501",1000,0.5,501,24344.2
"2502",1000,0.5,502,24903.3
"2503",1000,0.5,503,24576
"2504",1000,0.5,504,24879.4
"2505",1000,0.5,505,24779.4
"2506",1000,0.5,506,24333.3
"2507",1000,0.5,507,24559.7
"2508",1000,0.5,508,24493.7
"2509",1000,0.5,509,24744.5
"2510",1000,0.5,510,24507.7
"2511",1000,0.5,511,24795.9
"2512",1000,0.5,512,24452.4
"2513",1000,0.5,513,24510.2
"2514",1000,0.5,514,24602.4
"2515",1000,0.5,515,24634.7
"2516",1000,0.5,516,24550
"2517",1000,0.5,517,24628.4
"2518",1000,0.5,518,25090.5
"2519",1000,0.5,519,24833.4
"2520",1000,0.5,520,24579.5
"2521",1000,0.5,521,24456.6
"2522",1000,0.5,522,24443.7
"2523",1000,0.5,523,24715.8
"2524",1000,0.5,524,24839
"2525",1000,0.5,525,24697.8
"2526",1000,0.5,526,24507.2
"2527",1000,0.5,527,24731.2
"2528",1000,0.5,528,24889.7
"2529",1000,0.5,529,24510.6
"2530",1000,0.5,530,24603.9
"2531",1000,0.5,531,24607.3
"2532",1000,0.5,532,24669.3
"2533",1000,0.5,533,24467.9
"2534",1000,0.5,534,24258.3
"2535",1000,0.5,535,24540.7
"2536",1000,0.5,536,25036.6
"2537",1000,0.5,537,24380.9
"2538",1000,0.5,538,24503.7
"2539",1000,0.5,539,24628.1
"2540",1000,0.5,540,24578.5
"2541",1000,0.5,541,24776.3
"2542",1000,0.5,542,24723.3
"2543",1000,0.5,543,24878.5
"2544",1000,0.5,544,24454.9
"2545",1000,0.5,545,24318.8
"2546",1000,0.5,546,24271.5
"2547",1000,0.5,547,24667.1
"2548",1000,0.5,548,24617.6
"2549",1000,0.5,549,24373.2
"2550",1000,0.5,550,24605.4
"2551",1000,0.5,551,24865
"2552",1000,0.5,552,24956.3
"2553",1000,0.5,553,24525
"2554",1000,0.5,554,24238.1
"2555",1000,0.5,555,24418.9
"2556",1000,0.5,556,24605.2
"2557",1000,0.5,557,24192.7
"2558",1000,0.5,558,24788.5
"2559",1000,0.5,559,24923.6
"2560",1000,0.5,560,25129.3
"2561",1000,0.5,561,24597.3
"2562",1000,0.5,562,24644
"2563",1000,0.5,563,24323.5
"2564",1000,0.5,564,24539.5
"2565",1000,0.5,565,24338.8
"2566",1000,0.5,566,24373.1
"2567",1000,0.5,567,24811.3
"2568",1000,0.5,568,24448.7
"2569",1000,0.5,569,24776.8
"2570",1000,0.5,570,24446.6
"2571",1000,0.5,571,24597.2
"2572",1000,0.5,572,24751.6
"2573",1000,0.5,573,24558
"2574",1000,0.5,574,24401.6
"2575",1000,0.5,575,24725.7
"2576",1000,0.5,576,24343.3
"2577",1000,0.5,577,24384.7
"2578",1000,0.5,578,24553.6
"2579",1000,0.5,579,24592.6
"2580",1000,0.5,580,24418.3
"2581",1000,0.5,581,24826.1
"2582",1000,0.5,582,24987.1
"2583",1000,0.5,583,24705
"2584",1000,0.5,584,24610.2
"2585",1000,0.5,585,24430.2
"2586",1000,0.5,586,24722.2
"2587",1000,0.5,587,24823.9
"2588",1000,0.5,588,24622.4
"2589",1000,0.5,589,24596.6
"2590",1000,0.5,590,24465.6
"2591",1000,0.5,591,24786.1
"2592",1000,0.5,592,24870.5
"2593",1000,0.5,593,24591.4
"2594",1000,0.5,594,24580.8
"2595",1000,0.5,595,24936.3
"2596",1000,0.5,596,24518.6
"2597",1000,0.5,597,24739
"2598",1000,0.5,598,24722.9
"2599",1000,0.5,599,24767.7
"2600",1000,0.5,600,24826.5
"2601",1000,0.5,601,24629.5
"2602",1000,0.5,602,24532.1
"2603",1000,0.5,603,24700.9
"2604",1000,0.5,604,24932.8
"2605",1000,0.5,605,25061.3
"2606",1000,0.5,606,24716
"2607",1000,0.5,607,24827.2
"2608",1000,0.5,608,24571.1
"2609",1000,0.5,609,24879.8
"2610",1000,0.5,610,25030.5
"2611",1000,0.5,611,24387.5
"2612",1000,0.5,612,24757.8
"2613",1000,0.5,613,24851.8
"2614",1000,0.5,614,24471.7
"2615",1000,0.5,615,24994.5
"2616",1000,0.5,616,24628.4
"2617",1000,0.5,617,24768.7
"2618",1000,0.5,618,24593.7
"2619",1000,0.5,619,24787.4
"2620",1000,0.5,620,24745.2
"2621",1000,0.5,621,24857.7
"2622",1000,0.5,622,24532.3
"2623",1000,0.5,623,24680.6
"2624",1000,0.5,624,24711.4
"2625",1000,0.5,625,24425.9
"2626",1000,0.5,626,24762.2
"2627",1000,0.5,627,24883.9
"2628",1000,0.5,628,24484.4
"2629",1000,0.5,629,24958.9
"2630",1000,0.5,630,24995.7
"2631",1000,0.5,631,24492.3
"2632",1000,0.5,632,24678
"2633",1000,0.5,633,24373.6
"2634",1000,0.5,634,24716.9
"2635",1000,0.5,635,24624.8
"2636",1000,0.5,636,24194.7
"2637",1000,0.5,637,24363.6
"2638",1000,0.5,638,24667.6
"2639",1000,0.5,639,24824.8
"2640",1000,0.5,640,25066
"2641",1000,0.5,641,25051.3
"2642",1000,0.5,642,24753.9
"2643",1000,0.5,643,24712.7
"2644",1000,0.5,644,24571.2
"2645",1000,0.5,645,24673.6
"2646",1000,0.5,646,24979.8
"2647",1000,0.5,647,24623.6
"2648",1000,0.5,648,24645
"2649",1000,0.5,649,24547.6
"2650",1000,0.5,650,24593.5
"2651",1000,0.5,651,25019
"2652",1000,0.5,652,24533.4
"2653",1000,0.5,653,24655.5
"2654",1000,0.5,654,24867.7
"2655",1000,0.5,655,24927.4
"2656",1000,0.5,656,24574.3
"2657",1000,0.5,657,24582.1
"2658",1000,0.5,658,24988.6
"2659",1000,0.5,659,24446.2
"2660",1000,0.5,660,24436.8
"2661",1000,0.5,661,24170.2
"2662",1000,0.5,662,24419.9
"2663",1000,0.5,663,24595.9
"2664",1000,0.5,664,24510.7
"2665",1000,0.5,665,24746.1
"2666",1000,0.5,666,24278.4
"2667",1000,0.5,667,24508.5
"2668",1000,0.5,668,24662.2
"2669",1000,0.5,669,24690.5
"2670",1000,0.5,670,24438
"2671",1000,0.5,671,24682.7
"2672",1000,0.5,672,24239.7
"2673",1000,0.5,673,24473.9
"2674",1000,0.5,674,24572.4
"2675",1000,0.5,675,24811.9
"2676",1000,0.5,676,24271.7
"2677",1000,0.5,677,24828.7
"2678",1000,0.5,678,24408.2
"2679",1000,0.5,679,24768.6
"2680",1000,0.5,680,24299
"2681",1000,0.5,681,24991.2
"2682",1000,0.5,682,24604.4
"2683",1000,0.5,683,24923.9
"2684",1000,0.5,684,24387.4
"2685",1000,0.5,685,24330.6
"2686",1000,0.5,686,24652.9
"2687",1000,0.5,687,24687.3
"2688",1000,0.5,688,24744.6
"2689",1000,0.5,689,24184.7
"2690",1000,0.5,690,24291.5
"2691",1000,0.5,691,24499
"2692",1000,0.5,692,24292.6
"2693",1000,0.5,693,24696.1
"2694",1000,0.5,694,24546.1
"2695",1000,0.5,695,24975.8
"2696",1000,0.5,696,25016.8
"2697",1000,0.5,697,24418.8
"2698",1000,0.5,698,24494.3
"2699",1000,0.5,699,24583.5
"2700",1000,0.5,700,24896.2
"2701",1000,0.5,701,24691.6
"2702",1000,0.5,702,24677
"2703",1000,0.5,703,24270.5
"2704",1000,0.5,704,24541
"2705",1000,0.5,705,24410.7
"2706",1000,0.5,706,24437.7
"2707",1000,0.5,707,24985.1
"2708",1000,0.5,708,24366.4
"2709",1000,0.5,709,24192.5
"2710",1000,0.5,710,24800.5
"2711",1000,0.5,711,24535.7
"2712",1000,0.5,712,24431.2
"2713",1000,0.5,713,24730.5
"2714",1000,0.5,714,24659.4
"2715",1000,0.5,715,24918.2
"2716",1000,0.5,716,25198
"2717",1000,0.5,717,24876.4
"2718",1000,0.5,718,24698.9
"2719",1000,0.5,719,24063.7
"2720",1000,0.5,720,24147.4
"2721",1000,0.5,721,24798.7
"2722",1000,0.5,722,24246.6
"2723",1000,0.5,723,24517.4
"2724",1000,0.5,724,24253.4
"2725",1000,0.5,725,24375.1
"2726",1000,0.5,726,24838.4
"2727",1000,0.5,727,25087.1
"2728",1000,0.5,728,24935.9
"2729",1000,0.5,729,24594.9
"2730",1000,0.5,730,24515.5
"2731",1000,0.5,731,24575.3
"2732",1000,0.5,732,24697.1
"2733",1000,0.5,733,24389.3
"2734",1000,0.5,734,24441.9
"2735",1000,0.5,735,24765.2
"2736",1000,0.5,736,24462.4
"2737",1000,0.5,737,25052.4
"2738",1000,0.5,738,24460
"2739",1000,0.5,739,24900.2
"2740",1000,0.5,740,24450
"2741",1000,0.5,741,24510.6
"2742",1000,0.5,742,24760.9
"2743",1000,0.5,743,24308.8
"2744",1000,0.5,744,24772.5
"2745",1000,0.5,745,25064.2
"2746",1000,0.5,746,24371.7
"2747",1000,0.5,747,24293.1
"2748",1000,0.5,748,24474.8
"2749",1000,0.5,749,24766.1
"2750",1000,0.5,750,24186
"2751",1000,0.5,751,24597.3
"2752",1000,0.5,752,24862.9
"2753",1000,0.5,753,25404
"2754",1000,0.5,754,24474.9
"2755",1000,0.5,755,24375.3
"2756",1000,0.5,756,24687.1
"2757",1000,0.5,757,24293.2
"2758",1000,0.5,758,24048.9
"2759",1000,0.5,759,24415.8
"2760",1000,0.5,760,24626
"2761",1000,0.5,761,24377.6
"2762",1000,0.5,762,24713.8
"2763",1000,0.5,763,24772.3
"2764",1000,0.5,764,24810.4
"2765",1000,0.5,765,24558
"2766",1000,0.5,766,24614.2
"2767",1000,0.5,767,24961.3
"2768",1000,0.5,768,24551.4
"2769",1000,0.5,769,24554.2
"2770",1000,0.5,770,24748.5
"2771",1000,0.5,771,24713.5
"2772",1000,0.5,772,24890.1
"2773",1000,0.5,773,24777.4
"2774",1000,0.5,774,24764
"2775",1000,0.5,775,24513
"2776",1000,0.5,776,24973.5
"2777",1000,0.5,777,24533.2
"2778",1000,0.5,778,24711.3
"2779",1000,0.5,779,25012.1
"2780",1000,0.5,780,24842.7
"2781",1000,0.5,781,24416.3
"2782",1000,0.5,782,24265
"2783",1000,0.5,783,24646.9
"2784",1000,0.5,784,24561.8
"2785",1000,0.5,785,24574.1
"2786",1000,0.5,786,24927.8
"2787",1000,0.5,787,25075.4
"2788",1000,0.5,788,24950.9
"2789",1000,0.5,789,24888.8
"2790",1000,0.5,790,24893.4
"2791",1000,0.5,791,24973.3
"2792",1000,0.5,792,24675.9
"2793",1000,0.5,793,24841
"2794",1000,0.5,794,24852.2
"2795",1000,0.5,795,24592.2
"2796",1000,0.5,796,25001.4
"2797",1000,0.5,797,24880.3
"2798",1000,0.5,798,24668.4
"2799",1000,0.5,799,24644.9
"2800",1000,0.5,800,24860
"2801",1000,0.5,801,24590.1
"2802",1000,0.5,802,24466.1
"2803",1000,0.5,803,24517.1
"2804",1000,0.5,804,24796.5
"2805",1000,0.5,805,24495.4
"2806",1000,0.5,806,24586.4
"2807",1000,0.5,807,25024.6
"2808",1000,0.5,808,24772.2
"2809",1000,0.5,809,24744.2
"2810",1000,0.5,810,24471.1
"2811",1000,0.5,811,25066.7
"2812",1000,0.5,812,24817.8
"2813",1000,0.5,813,24316.5
"2814",1000,0.5,814,24118.8
"2815",1000,0.5,815,24514.3
"2816",1000,0.5,816,24725.3
"2817",1000,0.5,817,24322.5
"2818",1000,0.5,818,24303.9
"2819",1000,0.5,819,24572.5
"2820",1000,0.5,820,24787.2
"2821",1000,0.5,821,24668.2
"2822",1000,0.5,822,24990.9
"2823",1000,0.5,823,24259.6
"2824",1000,0.5,824,24696.4
"2825",1000,0.5,825,23959.2
"2826",1000,0.5,826,23990.3
"2827",1000,0.5,827,24478.1
"2828",1000,0.5,828,24538
"2829",1000,0.5,829,24253.4
"2830",1000,0.5,830,24692.6
"2831",1000,0.5,831,24637
"2832",1000,0.5,832,24764
"2833",1000,0.5,833,24979.8
"2834",1000,0.5,834,24685.3
"2835",1000,0.5,835,24352.1
"2836",1000,0.5,836,24652.6
"2837",1000,0.5,837,24572
"2838",1000,0.5,838,24503.1
"2839",1000,0.5,839,24678.2
"2840",1000,0.5,840,24643.5
"2841",1000,0.5,841,24616.7
"2842",1000,0.5,842,24959
"2843",1000,0.5,843,24280.5
"2844",1000,0.5,844,24419.6
"2845",1000,0.5,845,24608.3
"2846",1000,0.5,846,24302.2
"2847",1000,0.5,847,24534.5
"2848",1000,0.5,848,24935.6
"2849",1000,0.5,849,24527
"2850",1000,0.5,850,24488.3
"2851",1000,0.5,851,24483.5
"2852",1000,0.5,852,24287.4
"2853",1000,0.5,853,24577
"2854",1000,0.5,854,24818.8
"2855",1000,0.5,855,24935.3
"2856",1000,0.5,856,24841.3
"2857",1000,0.5,857,24872.3
"2858",1000,0.5,858,25001.5
"2859",1000,0.5,859,24693.4
"2860",1000,0.5,860,24608.1
"2861",1000,0.5,861,24635.9
"2862",1000,0.5,862,24291.5
"2863",1000,0.5,863,25051.6
"2864",1000,0.5,864,24639.1
"2865",1000,0.5,865,24785.4
"2866",1000,0.5,866,24414.1
"2867",1000,0.5,867,24900.8
"2868",1000,0.5,868,24780.2
"2869",1000,0.5,869,24925.9
"2870",1000,0.5,870,24535
"2871",1000,0.5,871,24560.1
"2872",1000,0.5,872,24374.5
"2873",1000,0.5,873,24664.3
"2874",1000,0.5,874,24837.3
"2875",1000,0.5,875,24356.3
"2876",1000,0.5,876,24295
"2877",1000,0.5,877,24396.3
"2878",1000,0.5,878,24576.5
"2879",1000,0.5,879,24819.2
"2880",1000,0.5,880,23973.9
"2881",1000,0.5,881,23937.8
"2882",1000,0.5,882,24322
"2883",1000,0.5,883,24582.6
"2884",1000,0.5,884,24242.7
"2885",1000,0.5,885,24548.6
"2886",1000,0.5,886,24957.2
"2887",1000,0.5,887,25130.6
"2888",1000,0.5,888,24765.8
"2889",1000,0.5,889,25051.8
"2890",1000,0.5,890,24586.2
"2891",1000,0.5,891,24331.6
"2892",1000,0.5,892,24312.7
"2893",1000,0.5,893,24492.7
"2894",1000,0.5,894,24623.4
"2895",1000,0.5,895,24943.9
"2896",1000,0.5,896,24496.3
"2897",1000,0.5,897,24574.4
"2898",1000,0.5,898,24236.8
"2899",1000,0.5,899,24253.6
"2900",1000,0.5,900,24222.1
"2901",1000,0.5,901,24043.8
"2902",1000,0.5,902,24210.2
"2903",1000,0.5,903,24552.2
"2904",1000,0.5,904,24824.5
"2905",1000,0.5,905,24794.5
"2906",1000,0.5,906,24504.7
"2907",1000,0.5,907,24813.9
"2908",1000,0.5,908,24440.3
"2909",1000,0.5,909,24069.4
"2910",1000,0.5,910,24173.7
"2911",1000,0.5,911,24213.7
"2912",1000,0.5,912,24187.6
"2913",1000,0.5,913,24765.4
"2914",1000,0.5,914,24692.3
"2915",1000,0.5,915,24704.9
"2916",1000,0.5,916,24627.5
"2917",1000,0.5,917,24720.4
"2918",1000,0.5,918,25108.2
"2919",1000,0.5,919,24428.5
"2920",1000,0.5,920,24917.1
"2921",1000,0.5,921,24337
"2922",1000,0.5,922,24232.9
"2923",1000,0.5,923,24645.2
"2924",1000,0.5,924,24498.6
"2925",1000,0.5,925,24519.4
"2926",1000,0.5,926,24512.7
"2927",1000,0.5,927,24641.6
"2928",1000,0.5,928,24154.8
"2929",1000,0.5,929,24306.2
"2930",1000,0.5,930,24467
"2931",1000,0.5,931,24878.3
"2932",1000,0.5,932,24715.3
"2933",1000,0.5,933,24396.5
"2934",1000,0.5,934,24605.2
"2935",1000,0.5,935,24598.7
"2936",1000,0.5,936,24414.5
"2937",1000,0.5,937,24743.6
"2938",1000,0.5,938,24641.6
"2939",1000,0.5,939,24798.4
"2940",1000,0.5,940,24526.6
"2941",1000,0.5,941,24117
"2942",1000,0.5,942,24895.4
"2943",1000,0.5,943,24731
"2944",1000,0.5,944,24468.5
"2945",1000,0.5,945,24632.5
"2946",1000,0.5,946,24460.6
"2947",1000,0.5,947,24604.4
"2948",1000,0.5,948,25092.8
"2949",1000,0.5,949,24306.8
"2950",1000,0.5,950,24310.6
"2951",1000,0.5,951,24633.1
"2952",1000,0.5,952,24885.5
"2953",1000,0.5,953,24517.3
"2954",1000,0.5,954,24538.9
"2955",1000,0.5,955,24207.8
"2956",1000,0.5,956,24280.5
"2957",1000,0.5,957,24323.1
"2958",1000,0.5,958,24401.3
"2959",1000,0.5,959,24556.6
"2960",1000,0.5,960,24634.4
"2961",1000,0.5,961,24700.6
"2962",1000,0.5,962,25276.3
"2963",1000,0.5,963,24694.4
"2964",1000,0.5,964,24882
"2965",1000,0.5,965,24264.3
"2966",1000,0.5,966,24389
"2967",1000,0.5,967,24164.2
"2968",1000,0.5,968,24183.1
"2969",1000,0.5,969,24413.5
"2970",1000,0.5,970,24699.3
"2971",1000,0.5,971,24795.1
"2972",1000,0.5,972,24442.7
"2973",1000,0.5,973,24630.4
"2974",1000,0.5,974,24756.1
"2975",1000,0.5,975,25142.8
"2976",1000,0.5,976,24724.6
"2977",1000,0.5,977,25040.6
"2978",1000,0.5,978,24531.8
"2979",1000,0.5,979,24214.7
"2980",1000,0.5,980,24511.2
"2981",1000,0.5,981,24571.7
"2982",1000,0.5,982,24644.7
"2983",1000,0.5,983,24694.7
"2984",1000,0.5,984,24530.4
"2985",1000,0.5,985,24596.5
"2986",1000,0.5,986,24624.4
"2987",1000,0.5,987,24480.9
"2988",1000,0.5,988,24488.1
"2989",1000,0.5,989,24589.8
"2990",1000,0.5,990,24838.5
"2991",1000,0.5,991,24753.1
"2992",1000,0.5,992,24656.7
"2993",1000,0.5,993,24352.4
"2994",1000,0.5,994,24758.3
"2995",1000,0.5,995,24588.4
"2996",1000,0.5,996,24610.3
"2997",1000,0.5,997,24694.8
"2998",1000,0.5,998,24695.3
"2999",1000,0.5,999,24485.8
"3000",1000,0.5,1000,23612
"3001",1000,0.5,1001,22796.9
"3002",1000,0.5,1002,21963.6
"3003",1000,0.5,1003,21153.9
"3004",1000,0.5,1004,20070.8
"3005",1000,0.5,1005,19636.5
"3006",1000,0.5,1006,19254
"3007",1000,0.5,1007,18321.6
"3008",1000,0.5,1008,17925
"3009",1000,0.5,1009,17634.2
"3010",1000,0.5,1010,17556
"3011",1000,0.5,1011,16796.5
"3012",1000,0.5,1012,16514.5
"3013",1000,0.5,1013,16297.3
"3014",1000,0.5,1014,15833.9
"3015",1000,0.5,1015,15404.9
"3016",1000,0.5,1016,15216.7
"3017",1000,0.5,1017,14912
"3018",1000,0.5,1018,14595.7
"3019",1000,0.5,1019,14459.6
"3020",1000,0.5,1020,14464.2
"3021",1000,0.5,1021,13982.9
"3022",1000,0.5,1022,13787.5
"3023",1000,0.5,1023,13444.7
"3024",1000,0.5,1024,13306.2
"3025",1000,0.5,1025,13845.9
"3026",1000,0.5,1026,13809.7
"3027",1000,0.5,1027,13618.9
"3028",1000,0.5,1028,13368.3
"3029",1000,0.5,1029,13071.9
"3030",1000,0.5,1030,12969.8
"3031",1000,0.5,1031,12927.8
"3032",1000,0.5,1032,12632.3
"3033",1000,0.5,1033,12524.1
"3034",1000,0.5,1034,12549.8
"3035",1000,0.5,1035,12207.2
"3036",1000,0.5,1036,12111
"3037",1000,0.5,1037,12296.9
"3038",1000,0.5,1038,12378.4
"3039",1000,0.5,1039,12051.2
"3040",1000,0.5,1040,11797.8
"3041",1000,0.5,1041,11506.6
"3042",1000,0.5,1042,11504.1
"3043",1000,0.5,1043,11424.6
"3044",1000,0.5,1044,11545.8
"3045",1000,0.5,1045,11574.9
"3046",1000,0.5,1046,11467.9
"3047",1000,0.5,1047,11230.7
"3048",1000,0.5,1048,10966.4
"3049",1000,0.5,1049,10933.2
"3050",1000,0.5,1050,10909.7
"3051",1000,0.5,1051,10951.4
"3052",1000,0.5,1052,10984.4
"3053",1000,0.5,1053,10723
"3054",1000,0.5,1054,10839.4
"3055",1000,0.5,1055,10883.9
"3056",1000,0.5,1056,10667.6
"3057",1000,0.5,1057,10590.9
"3058",1000,0.5,1058,10569.9
"3059",1000,0.5,1059,10581.1
"3060",1000,0.5,1060,10591.1
"3061",1000,0.5,1061,10928.2
"3062",1000,0.5,1062,10881.9
"3063",1000,0.5,1063,10751.4
"3064",1000,0.5,1064,10589.2
"3065",1000,0.5,1065,10731.7
"3066",1000,0.5,1066,10802.7
"3067",1000,0.5,1067,10652.6
"3068",1000,0.5,1068,10757.1
"3069",1000,0.5,1069,10827.4
"3070",1000,0.5,1070,10744.5
"3071",1000,0.5,1071,10570.3
"3072",1000,0.5,1072,10864.5
"3073",1000,0.5,1073,10653.9
"3074",1000,0.5,1074,10850.3
"3075",1000,0.5,1075,11055.4
"3076",1000,0.5,1076,10792.4
"3077",1000,0.5,1077,10825.3
"3078",1000,0.5,1078,10703.3
"3079",1000,0.5,1079,10874.9
"3080",1000,0.5,1080,11064.3
"3081",1000,0.5,1081,11331.6
"3082",1000,0.5,1082,11110.6
"3083",1000,0.5,1083,11650.5
"3084",1000,0.5,1084,11709
"3085",1000,0.5,1085,11500.8
"3086",1000,0.5,1086,11841.2
"3087",1000,0.5,1087,11722.6
"3088",1000,0.5,1088,12018.9
"3089",1000,0.5,1089,12066.1
"3090",1000,0.5,1090,12099.3
"3091",1000,0.5,1091,12385.1
"3092",1000,0.5,1092,12592.9
"3093",1000,0.5,1093,12791.8
"3094",1000,0.5,1094,12853.4
"3095",1000,0.5,1095,13246.6
"3096",1000,0.5,1096,13051.2
"3097",1000,0.5,1097,13080.7
"3098",1000,0.5,1098,13371.2
"3099",1000,0.5,1099,13649.6
"3100",1000,0.5,1100,13836.2
"3101",1000,0.5,1101,13711
"3102",1000,0.5,1102,13724.4
"3103",1000,0.5,1103,14122.1
"3104",1000,0.5,1104,14024.1
"3105",1000,0.5,1105,14405.2
"3106",1000,0.5,1106,14756.7
"3107",1000,0.5,1107,15053.5
"3108",1000,0.5,1108,14997
"3109",1000,0.5,1109,14961
"3110",1000,0.5,1110,15104.4
"3111",1000,0.5,1111,15595
"3112",1000,0.5,1112,15669.7
"3113",1000,0.5,1113,16165.6
"3114",1000,0.5,1114,16257.7
"3115",1000,0.5,1115,16221.2
"3116",1000,0.5,1116,16712.1
"3117",1000,0.5,1117,16912
"3118",1000,0.5,1118,17290.4
"3119",1000,0.5,1119,17778.3
"3120",1000,0.5,1120,17857.5
"3121",1000,0.5,1121,18260.8
"3122",1000,0.5,1122,18410.6
"3123",1000,0.5,1123,18954.3
"3124",1000,0.5,1124,18955.2
"3125",1000,0.5,1125,19445.1
"3126",1000,0.5,1126,19564.4
"3127",1000,0.5,1127,20000.6
"3128",1000,0.5,1128,19898.7
"3129",1000,0.5,1129,20570.9
"3130",1000,0.5,1130,20845.1
"3131",1000,0.5,1131,20666.7
"3132",1000,0.5,1132,20903.2
"3133",1000,0.5,1133,21442.8
"3134",1000,0.5,1134,21244
"3135",1000,0.5,1135,21652.9
"3136",1000,0.5,1136,22169.5
"3137",1000,0.5,1137,22386.5
"3138",1000,0.5,1138,22639.9
"3139",1000,0.5,1139,22637.8
"3140",1000,0.5,1140,22800.9
"3141",1000,0.5,1141,23307.5
"3142",1000,0.5,1142,23376.7
"3143",1000,0.5,1143,23540.9
"3144",1000,0.5,1144,23957.4
"3145",1000,0.5,1145,24103
"3146",1000,0.5,1146,24085.9
"3147",1000,0.5,1147,24226.4
"3148",1000,0.5,1148,24144.5
"3149",1000,0.5,1149,24638.9
"3150",1000,0.5,1150,23283.1
"3151",1000,0.5,1151,23743.3
"3152",1000,0.5,1152,24062.1
"3153",1000,0.5,1153,24412
"3154",1000,0.5,1154,24408.3
"3155",1000,0.5,1155,24648
"3156",1000,0.5,1156,24410
"3157",1000,0.5,1157,25060.3
"3158",1000,0.5,1158,24386.6
"3159",1000,0.5,1159,23889
"3160",1000,0.5,1160,24477.3
"3161",1000,0.5,1161,24732.9
"3162",1000,0.5,1162,24607.1
"3163",1000,0.5,1163,24377
"3164",1000,0.5,1164,24868.4
"3165",1000,0.5,1165,24777.3
"3166",1000,0.5,1166,24872.4
"3167",1000,0.5,1167,24743.5
"3168",1000,0.5,1168,24365.4
"3169",1000,0.5,1169,24593.7
"3170",1000,0.5,1170,24411.3
"3171",1000,0.5,1171,24643.7
"3172",1000,0.5,1172,24937.6
"3173",1000,0.5,1173,24331.3
"3174",1000,0.5,1174,24460.8
"3175",1000,0.5,1175,24993.3
"3176",1000,0.5,1176,24943.4
"3177",1000,0.5,1177,24250.5
"3178",1000,0.5,1178,24533.9
"3179",1000,0.5,1179,24752.5
"3180",1000,0.5,1180,24347.3
"3181",1000,0.5,1181,24623.3
"3182",1000,0.5,1182,24753
"3183",1000,0.5,1183,24618.7
"3184",1000,0.5,1184,25360.6
"3185",1000,0.5,1185,24613.2
"3186",1000,0.5,1186,25222.2
"3187",1000,0.5,1187,24609.9
"3188",1000,0.5,1188,24523.1
"3189",1000,0.5,1189,24282.9
"3190",1000,0.5,1190,24701.9
"3191",1000,0.5,1191,24883.6
"3192",1000,0.5,1192,24828
"3193",1000,0.5,1193,24631.9
"3194",1000,0.5,1194,24284.8
"3195",1000,0.5,1195,24385.9
"3196",1000,0.5,1196,24583.5
"3197",1000,0.5,1197,24924.6
"3198",1000,0.5,1198,24764
"3199",1000,0.5,1199,24845
"3200",1000,0.5,1200,24656.4
"3201",1000,0.5,1201,24705.6
"3202",1000,0.5,1202,24157.7
"3203",1000,0.5,1203,24672.3
"3204",1000,0.5,1204,24793.7
"3205",1000,0.5,1205,24461.6
"3206",1000,0.5,1206,24870.9
"3207",1000,0.5,1207,24843.1
"3208",1000,0.5,1208,25285.1
"3209",1000,0.5,1209,24748.7
"3210",1000,0.5,1210,24375
"3211",1000,0.5,1211,24254.9
"3212",1000,0.5,1212,24461.9
"3213",1000,0.5,1213,24727.3
"3214",1000,0.5,1214,24679.4
"3215",1000,0.5,1215,25015.4
"3216",1000,0.5,1216,24976.7
"3217",1000,0.5,1217,24845.1
"3218",1000,0.5,1218,24685.3
"3219",1000,0.5,1219,24654.1
"3220",1000,0.5,1220,25195.8
"3221",1000,0.5,1221,24233.2
"3222",1000,0.5,1222,24664.8
"3223",1000,0.5,1223,24794.4
"3224",1000,0.5,1224,24300.3
"3225",1000,0.5,1225,24405.9
"3226",1000,0.5,1226,24383.2
"3227",1000,0.5,1227,24910.6
"3228",1000,0.5,1228,25055.9
"3229",1000,0.5,1229,24974.6
"3230",1000,0.5,1230,24463.9
"3231",1000,0.5,1231,24952.7
"3232",1000,0.5,1232,24733.4
"3233",1000,0.5,1233,24388.2
"3234",1000,0.5,1234,24580.2
"3235",1000,0.5,1235,25113.8
"3236",1000,0.5,1236,25038.3
"3237",1000,0.5,1237,24838.4
"3238",1000,0.5,1238,24821.6
"3239",1000,0.5,1239,24238.5
"3240",1000,0.5,1240,23971.3
"3241",1000,0.5,1241,24319.2
"3242",1000,0.5,1242,24848.1
"3243",1000,0.5,1243,24983
"3244",1000,0.5,1244,24894.9
"3245",1000,0.5,1245,24840.2
"3246",1000,0.5,1246,24900.6
"3247",1000,0.5,1247,25101.2
"3248",1000,0.5,1248,24994
"3249",1000,0.5,1249,24886.9
"3250",1000,0.5,1250,24591.6
"3251",1000,0.5,1251,24266.5
"3252",1000,0.5,1252,24452.6
"3253",1000,0.5,1253,24937.8
"3254",1000,0.5,1254,24796.4
"3255",1000,0.5,1255,24877.4
"3256",1000,0.5,1256,25084.6
"3257",1000,0.5,1257,24888.7
"3258",1000,0.5,1258,25021
"3259",1000,0.5,1259,25413.3
"3260",1000,0.5,1260,24646.6
"3261",1000,0.5,1261,24533.1
"3262",1000,0.5,1262,24556.7
"3263",1000,0.5,1263,24842.9
"3264",1000,0.5,1264,24473.3
"3265",1000,0.5,1265,24761
"3266",1000,0.5,1266,24366.3
"3267",1000,0.5,1267,24707.9
"3268",1000,0.5,1268,24431.9
"3269",1000,0.5,1269,24990.3
"3270",1000,0.5,1270,24753.9
"3271",1000,0.5,1271,24838.8
"3272",1000,0.5,1272,24412.4
"3273",1000,0.5,1273,24067.6
"3274",1000,0.5,1274,24368.1
"3275",1000,0.5,1275,24299.3
"3276",1000,0.5,1276,24722.1
"3277",1000,0.5,1277,25284
"3278",1000,0.5,1278,24656.4
"3279",1000,0.5,1279,25100.6
"3280",1000,0.5,1280,24386.3
"3281",1000,0.5,1281,24042.6
"3282",1000,0.5,1282,24624.3
"3283",1000,0.5,1283,24231
"3284",1000,0.5,1284,24354.4
"3285",1000,0.5,1285,24153
"3286",1000,0.5,1286,24981.9
"3287",1000,0.5,1287,24840
"3288",1000,0.5,1288,24442.8
"3289",1000,0.5,1289,23989.2
"3290",1000,0.5,1290,24162.9
"3291",1000,0.5,1291,24498.8
"3292",1000,0.5,1292,24437.9
"3293",1000,0.5,1293,24634.8
"3294",1000,0.5,1294,24167.8
"3295",1000,0.5,1295,24101.1
"3296",1000,0.5,1296,24687
"3297",1000,0.5,1297,24065.7
"3298",1000,0.5,1298,24471.3
"3299",1000,0.5,1299,24780.7
"3300",1000,0.5,1300,24355.1
"3301",1000,0.5,1301,24724.3
"3302",1000,0.5,1302,25076.7
"3303",1000,0.5,1303,25357.3
"3304",1000,0.5,1304,23698.4
"3305",1000,0.5,1305,24716.1
"3306",1000,0.5,1306,24436.7
"3307",1000,0.5,1307,24113.1
"3308",1000,0.5,1308,24042.8
"3309",1000,0.5,1309,24964.8
"3310",1000,0.5,1310,24505.1
"3311",1000,0.5,1311,24473.8
"3312",1000,0.5,1312,25265.6
"3313",1000,0.5,1313,24383
"3314",1000,0.5,1314,24386.5
"3315",1000,0.5,1315,24851.4
"3316",1000,0.5,1316,24674.9
"3317",1000,0.5,1317,24840.4
"3318",1000,0.5,1318,25226.9
"3319",1000,0.5,1319,24233
"3320",1000,0.5,1320,24532.8
"3321",1000,0.5,1321,24645.4
"3322",1000,0.5,1322,24841.2
"3323",1000,0.5,1323,25123.2
"3324",1000,0.5,1324,24721.6
"3325",1000,0.5,1325,24532.4
"3326",1000,0.5,1326,24776.9
"3327",1000,0.5,1327,24735.2
"3328",1000,0.5,1328,24852.3
"3329",1000,0.5,1329,24705.6
"3330",1000,0.5,1330,25236
"3331",1000,0.5,1331,24960.7
"3332",1000,0.5,1332,24804.7
"3333",1000,0.5,1333,24646.4
"3334",1000,0.5,1334,25181.4
"3335",1000,0.5,1335,25290
"3336",1000,0.5,1336,24700.8
"3337",1000,0.5,1337,24945
"3338",1000,0.5,1338,25005.3
"3339",1000,0.5,1339,24625.6
"3340",1000,0.5,1340,24446
"3341",1000,0.5,1341,24083.4
"3342",1000,0.5,1342,24273.9
"3343",1000,0.5,1343,24780.6
"3344",1000,0.5,1344,24591.1
"3345",1000,0.5,1345,24688.9
"3346",1000,0.5,1346,24499.8
"3347",1000,0.5,1347,24800.8
"3348",1000,0.5,1348,24907.5
"3349",1000,0.5,1349,24836.3
"3350",1000,0.5,1350,25041
"3351",1000,0.5,1351,24786.5
"3352",1000,0.5,1352,24965
"3353",1000,0.5,1353,24836.7
"3354",1000,0.5,1354,24580.6
"3355",1000,0.5,1355,24603.3
"3356",1000,0.5,1356,24984
"3357",1000,0.5,1357,24384.4
"3358",1000,0.5,1358,24723.2
"3359",1000,0.5,1359,24236.6
"3360",1000,0.5,1360,24575
"3361",1000,0.5,1361,24526.8
"3362",1000,0.5,1362,24783.5
"3363",1000,0.5,1363,24844.1
"3364",1000,0.5,1364,24794.5
"3365",1000,0.5,1365,24640
"3366",1000,0.5,1366,24919.1
"3367",1000,0.5,1367,25281.3
"3368",1000,0.5,1368,24972
"3369",1000,0.5,1369,24798.2
"3370",1000,0.5,1370,24798.3
"3371",1000,0.5,1371,24937.3
"3372",1000,0.5,1372,24327.4
"3373",1000,0.5,1373,24317.6
"3374",1000,0.5,1374,24350.4
"3375",1000,0.5,1375,24722.9
"3376",1000,0.5,1376,24994.5
"3377",1000,0.5,1377,25412.7
"3378",1000,0.5,1378,25079.7
"3379",1000,0.5,1379,24618.3
"3380",1000,0.5,1380,24857.1
"3381",1000,0.5,1381,24352.1
"3382",1000,0.5,1382,24600.4
"3383",1000,0.5,1383,24593
"3384",1000,0.5,1384,24665.2
"3385",1000,0.5,1385,24809.4
"3386",1000,0.5,1386,24930.8
"3387",1000,0.5,1387,24684.8
"3388",1000,0.5,1388,25033.4
"3389",1000,0.5,1389,24684.8
"3390",1000,0.5,1390,25438.3
"3391",1000,0.5,1391,24695.5
"3392",1000,0.5,1392,24761.7
"3393",1000,0.5,1393,24641.2
"3394",1000,0.5,1394,24979.1
"3395",1000,0.5,1395,24468.6
"3396",1000,0.5,1396,24718.2
"3397",1000,0.5,1397,24850.8
"3398",1000,0.5,1398,24736.1
"3399",1000,0.5,1399,25625.5
"3400",1000,0.5,1400,24727.3
"3401",1000,0.5,1401,24137.2
"3402",1000,0.5,1402,24500.9
"3403",1000,0.5,1403,24867.7
"3404",1000,0.5,1404,24483.4
"3405",1000,0.5,1405,24841.1
"3406",1000,0.5,1406,24717.6
"3407",1000,0.5,1407,24795.5
"3408",1000,0.5,1408,24683.5
"3409",1000,0.5,1409,24519.1
"3410",1000,0.5,1410,24250.8
"3411",1000,0.5,1411,24954.2
"3412",1000,0.5,1412,24764.8
"3413",1000,0.5,1413,25040.9
"3414",1000,0.5,1414,24805.3
"3415",1000,0.5,1415,24514.4
"3416",1000,0.5,1416,24333.5
"3417",1000,0.5,1417,24631.7
"3418",1000,0.5,1418,25007.2
"3419",1000,0.5,1419,24888.8
"3420",1000,0.5,1420,24525
"3421",1000,0.5,1421,24326.5
"3422",1000,0.5,1422,25106.6
"3423",1000,0.5,1423,24656.1
"3424",1000,0.5,1424,24365.9
"3425",1000,0.5,1425,24480.3
"3426",1000,0.5,1426,24541.7
"3427",1000,0.5,1427,24424
"3428",1000,0.5,1428,24776.8
"3429",1000,0.5,1429,24918.4
"3430",1000,0.5,1430,24533.2
"3431",1000,0.5,1431,25142.8
"3432",1000,0.5,1432,24848.1
"3433",1000,0.5,1433,24685.5
"3434",1000,0.5,1434,24555.2
"3435",1000,0.5,1435,24380.3
"3436",1000,0.5,1436,24614.3
"3437",1000,0.5,1437,24419.3
"3438",1000,0.5,1438,24968.8
"3439",1000,0.5,1439,25058.8
"3440",1000,0.5,1440,24469.7
"3441",1000,0.5,1441,24357.9
"3442",1000,0.5,1442,24754.7
"3443",1000,0.5,1443,25167.5
"3444",1000,0.5,1444,24755.7
"3445",1000,0.5,1445,24496.3
"3446",1000,0.5,1446,24621.3
"3447",1000,0.5,1447,24794.4
"3448",1000,0.5,1448,25098.2
"3449",1000,0.5,1449,24806.9
"3450",1000,0.5,1450,24323.6
"3451",1000,0.5,1451,24545.3
"3452",1000,0.5,1452,24831.2
"3453",1000,0.5,1453,24774.2
"3454",1000,0.5,1454,24747.8
"3455",1000,0.5,1455,24571
"3456",1000,0.5,1456,24540.4
"3457",1000,0.5,1457,24697.2
"3458",1000,0.5,1458,25075.3
"3459",1000,0.5,1459,24948.6
"3460",1000,0.5,1460,24995.4
"3461",1000,0.5,1461,25318.2
"3462",1000,0.5,1462,24783
"3463",1000,0.5,1463,24944.8
"3464",1000,0.5,1464,24832.4
"3465",1000,0.5,1465,25018.1
"3466",1000,0.5,1466,24470.2
"3467",1000,0.5,1467,24599.5
"3468",1000,0.5,1468,24205.6
"3469",1000,0.5,1469,24835.1
"3470",1000,0.5,1470,24934.3
"3471",1000,0.5,1471,25035.5
"3472",1000,0.5,1472,24635.5
"3473",1000,0.5,1473,24866.2
"3474",1000,0.5,1474,24597.7
"3475",1000,0.5,1475,24669.4
"3476",1000,0.5,1476,24095.6
"3477",1000,0.5,1477,24613.6
"3478",1000,0.5,1478,24416.2
"3479",1000,0.5,1479,24417.8
"3480",1000,0.5,1480,24708.7
"3481",1000,0.5,1481,24460.2
"3482",1000,0.5,1482,25107.3
"3483",1000,0.5,1483,24366.4
"3484",1000,0.5,1484,24771.2
"3485",1000,0.5,1485,24659.9
"3486",1000,0.5,1486,24375.9
"3487",1000,0.5,1487,24456.9
"3488",1000,0.5,1488,25450.8
"3489",1000,0.5,1489,24886.4
"3490",1000,0.5,1490,24467.3
"3491",1000,0.5,1491,24070
"3492",1000,0.5,1492,24550.1
"3493",1000,0.5,1493,24614.4
"3494",1000,0.5,1494,24348.2
"3495",1000,0.5,1495,23930.7
"3496",1000,0.5,1496,24002
"3497",1000,0.5,1497,24552.3
"3498",1000,0.5,1498,24546.3
"3499",1000,0.5,1499,24725.8
"3500",1000,0.5,1500,25038.5
"3501",1000,0.5,1501,25248
"3502",1000,0.5,1502,24724.5
"3503",1000,0.5,1503,24497.3
"3504",1000,0.5,1504,25004.7
"3505",1000,0.5,1505,25160
"3506",1000,0.5,1506,24796
"3507",1000,0.5,1507,24880.7
"3508",1000,0.5,1508,24855.2
"3509",1000,0.5,1509,25122.7
"3510",1000,0.5,1510,24799.1
"3511",1000,0.5,1511,24600.8
"3512",1000,0.5,1512,24444
"3513",1000,0.5,1513,24306.8
"3514",1000,0.5,1514,24326.2
"3515",1000,0.5,1515,24384.1
"3516",1000,0.5,1516,24226.8
"3517",1000,0.5,1517,24520.6
"3518",1000,0.5,1518,24402.6
"3519",1000,0.5,1519,24347.5
"3520",1000,0.5,1520,24410.6
"3521",1000,0.5,1521,24616.5
"3522",1000,0.5,1522,24306
"3523",1000,0.5,1523,24284
"3524",1000,0.5,1524,24705.6
"3525",1000,0.5,1525,24982.4
"3526",1000,0.5,1526,24611.6
"3527",1000,0.5,1527,24559.1
"3528",1000,0.5,1528,24732
"3529",1000,0.5,1529,24706.7
"3530",1000,0.5,1530,24551.9
"3531",1000,0.5,1531,25053.7
"3532",1000,0.5,1532,24608.4
"3533",1000,0.5,1533,24236.9
"3534",1000,0.5,1534,24937.6
"3535",1000,0.5,1535,25150
"3536",1000,0.5,1536,24887
"3537",1000,0.5,1537,24218.8
"3538",1000,0.5,1538,24890
"3539",1000,0.5,1539,25012.4
"3540",1000,0.5,1540,24488.8
"3541",1000,0.5,1541,24519.3
"3542",1000,0.5,1542,24663
"3543",1000,0.5,1543,24755.6
"3544",1000,0.5,1544,24797
"3545",1000,0.5,1545,24606
"3546",1000,0.5,1546,24504.4
"3547",1000,0.5,1547,24014
"3548",1000,0.5,1548,24539.5
"3549",1000,0.5,1549,24476.5
"3550",1000,0.5,1550,24924.4
"3551",1000,0.5,1551,24294.2
"3552",1000,0.5,1552,24627.1
"3553",1000,0.5,1553,24370.8
"3554",1000,0.5,1554,24903.8
"3555",1000,0.5,1555,24733
"3556",1000,0.5,1556,24790.2
"3557",1000,0.5,1557,24593.9
"3558",1000,0.5,1558,24345.8
"3559",1000,0.5,1559,23956.5
"3560",1000,0.5,1560,24240
"3561",1000,0.5,1561,24452.9
"3562",1000,0.5,1562,24430.6
"3563",1000,0.5,1563,24487.4
"3564",1000,0.5,1564,24692.8
"3565",1000,0.5,1565,24683
"3566",1000,0.5,1566,24716.3
"3567",1000,0.5,1567,25139.8
"3568",1000,0.5,1568,24733
"3569",1000,0.5,1569,24996.7
"3570",1000,0.5,1570,25312.3
"3571",1000,0.5,1571,24474
"3572",1000,0.5,1572,24397.3
"3573",1000,0.5,1573,24898.5
"3574",1000,0.5,1574,24705.5
"3575",1000,0.5,1575,24279.4
"3576",1000,0.5,1576,24286.4
"3577",1000,0.5,1577,24919.4
"3578",1000,0.5,1578,24454.6
"3579",1000,0.5,1579,24524.9
"3580",1000,0.5,1580,24464.3
"3581",1000,0.5,1581,24967
"3582",1000,0.5,1582,25094
"3583",1000,0.5,1583,24609.1
"3584",1000,0.5,1584,24710.1
"3585",1000,0.5,1585,24686.3
"3586",1000,0.5,1586,25412.3
"3587",1000,0.5,1587,24759
"3588",1000,0.5,1588,25094.9
"3589",1000,0.5,1589,24364.8
"3590",1000,0.5,1590,25036.6
"3591",1000,0.5,1591,24697.3
"3592",1000,0.5,1592,24697.9
"3593",1000,0.5,1593,25134.5
"3594",1000,0.5,1594,24820.4
"3595",1000,0.5,1595,24868.2
"3596",1000,0.5,1596,24886.6
"3597",1000,0.5,1597,25078.6
"3598",1000,0.5,1598,24762.2
"3599",1000,0.5,1599,24675.8
"3600",1000,0.5,1600,24873.2
"3601",1000,0.5,1601,24435.6
"3602",1000,0.5,1602,24473.6
"3603",1000,0.5,1603,25017.6
"3604",1000,0.5,1604,24365
"3605",1000,0.5,1605,24475.2
"3606",1000,0.5,1606,24983.8
"3607",1000,0.5,1607,24419.1
"3608",1000,0.5,1608,24179.3
"3609",1000,0.5,1609,24883.7
"3610",1000,0.5,1610,24533.2
"3611",1000,0.5,1611,24997.1
"3612",1000,0.5,1612,24693.6
"3613",1000,0.5,1613,24998.8
"3614",1000,0.5,1614,24557.8
"3615",1000,0.5,1615,25073.7
"3616",1000,0.5,1616,24689.6
"3617",1000,0.5,1617,24521.6
"3618",1000,0.5,1618,24894
"3619",1000,0.5,1619,25211.3
"3620",1000,0.5,1620,24657.2
"3621",1000,0.5,1621,25115
"3622",1000,0.5,1622,24845.7
"3623",1000,0.5,1623,24374.3
"3624",1000,0.5,1624,24849.5
"3625",1000,0.5,1625,25091.7
"3626",1000,0.5,1626,25065.1
"3627",1000,0.5,1627,24564.9
"3628",1000,0.5,1628,25003.5
"3629",1000,0.5,1629,25196.8
"3630",1000,0.5,1630,24559.6
"3631",1000,0.5,1631,24127.2
"3632",1000,0.5,1632,24325.9
"3633",1000,0.5,1633,24561.6
"3634",1000,0.5,1634,24858
"3635",1000,0.5,1635,24719.8
"3636",1000,0.5,1636,25191.4
"3637",1000,0.5,1637,24477
"3638",1000,0.5,1638,24820.7
"3639",1000,0.5,1639,25152.1
"3640",1000,0.5,1640,24674.8
"3641",1000,0.5,1641,24746.2
"3642",1000,0.5,1642,25198.7
"3643",1000,0.5,1643,24820.3
"3644",1000,0.5,1644,24743.7
"3645",1000,0.5,1645,24890.8
"3646",1000,0.5,1646,25158.2
"3647",1000,0.5,1647,24588.3
"3648",1000,0.5,1648,24432.4
"3649",1000,0.5,1649,24954.4
"3650",1000,0.5,1650,25261.3
"3651",1000,0.5,1651,24272.8
"3652",1000,0.5,1652,24380.1
"3653",1000,0.5,1653,24594.3
"3654",1000,0.5,1654,24213.2
"3655",1000,0.5,1655,24619.5
"3656",1000,0.5,1656,24506.2
"3657",1000,0.5,1657,24533.4
"3658",1000,0.5,1658,24695.4
"3659",1000,0.5,1659,24715.1
"3660",1000,0.5,1660,25002
"3661",1000,0.5,1661,24520.5
"3662",1000,0.5,1662,24931.8
"3663",1000,0.5,1663,24816.8
"3664",1000,0.5,1664,24518.7
"3665",1000,0.5,1665,24115.7
"3666",1000,0.5,1666,24594.5
"3667",1000,0.5,1667,24347.7
"3668",1000,0.5,1668,24763.7
"3669",1000,0.5,1669,25134.3
"3670",1000,0.5,1670,24502
"3671",1000,0.5,1671,24773
"3672",1000,0.5,1672,24549.9
"3673",1000,0.5,1673,24834.5
"3674",1000,0.5,1674,24908.1
"3675",1000,0.5,1675,25139.6
"3676",1000,0.5,1676,24794.3
"3677",1000,0.5,1677,24406.6
"3678",1000,0.5,1678,24389.8
"3679",1000,0.5,1679,24736.5
"3680",1000,0.5,1680,24838
"3681",1000,0.5,1681,24426.8
"3682",1000,0.5,1682,24390
"3683",1000,0.5,1683,24852.8
"3684",1000,0.5,1684,24526.3
"3685",1000,0.5,1685,24478
"3686",1000,0.5,1686,24934.3
"3687",1000,0.5,1687,24552.5
"3688",1000,0.5,1688,24882.3
"3689",1000,0.5,1689,24841.2
"3690",1000,0.5,1690,24478.1
"3691",1000,0.5,1691,24415.5
"3692",1000,0.5,1692,24712.8
"3693",1000,0.5,1693,24747.3
"3694",1000,0.5,1694,24651
"3695",1000,0.5,1695,24995.9
"3696",1000,0.5,1696,25384
"3697",1000,0.5,1697,25273.9
"3698",1000,0.5,1698,24476
"3699",1000,0.5,1699,24600.2
"3700",1000,0.5,1700,24740.6
"3701",1000,0.5,1701,24691.4
"3702",1000,0.5,1702,24898.5
"3703",1000,0.5,1703,25255.4
"3704",1000,0.5,1704,24470.3
"3705",1000,0.5,1705,24854
"3706",1000,0.5,1706,24596.2
"3707",1000,0.5,1707,25090.8
"3708",1000,0.5,1708,24674.7
"3709",1000,0.5,1709,24716.4
"3710",1000,0.5,1710,24524.4
"3711",1000,0.5,1711,24815.4
"3712",1000,0.5,1712,24315.8
"3713",1000,0.5,1713,24816.3
"3714",1000,0.5,1714,24598.6
"3715",1000,0.5,1715,24590.7
"3716",1000,0.5,1716,24754.5
"3717",1000,0.5,1717,24675.2
"3718",1000,0.5,1718,24390.9
"3719",1000,0.5,1719,24583.8
"3720",1000,0.5,1720,24972.1
"3721",1000,0.5,1721,24916.9
"3722",1000,0.5,1722,25146.3
"3723",1000,0.5,1723,24371.6
"3724",1000,0.5,1724,24386.5
"3725",1000,0.5,1725,24732
"3726",1000,0.5,1726,25146.2
"3727",1000,0.5,1727,24818.6
"3728",1000,0.5,1728,24845.8
"3729",1000,0.5,1729,24583.8
"3730",1000,0.5,1730,24549.4
"3731",1000,0.5,1731,24278.2
"3732",1000,0.5,1732,24372.6
"3733",1000,0.5,1733,24793.1
"3734",1000,0.5,1734,24586
"3735",1000,0.5,1735,24795
"3736",1000,0.5,1736,25157.5
"3737",1000,0.5,1737,24866.7
"3738",1000,0.5,1738,24614.8
"3739",1000,0.5,1739,24351.6
"3740",1000,0.5,1740,25214.7
"3741",1000,0.5,1741,24357.3
"3742",1000,0.5,1742,24641.9
"3743",1000,0.5,1743,24200.6
"3744",1000,0.5,1744,24672.4
"3745",1000,0.5,1745,24434.4
"3746",1000,0.5,1746,24774.4
"3747",1000,0.5,1747,25101.7
"3748",1000,0.5,1748,24676.1
"3749",1000,0.5,1749,24589.8
"3750",1000,0.5,1750,24625.7
"3751",1000,0.5,1751,24238
"3752",1000,0.5,1752,24895
"3753",1000,0.5,1753,24490.7
"3754",1000,0.5,1754,24699.3
"3755",1000,0.5,1755,24717
"3756",1000,0.5,1756,25182.7
"3757",1000,0.5,1757,25216.9
"3758",1000,0.5,1758,24980.2
"3759",1000,0.5,1759,25017.2
"3760",1000,0.5,1760,24523.8
"3761",1000,0.5,1761,24730.8
"3762",1000,0.5,1762,24583.8
"3763",1000,0.5,1763,24992.4
"3764",1000,0.5,1764,24865.2
"3765",1000,0.5,1765,24544.7
"3766",1000,0.5,1766,24695.7
"3767",1000,0.5,1767,24893.3
"3768",1000,0.5,1768,24614.8
"3769",1000,0.5,1769,24777.3
"3770",1000,0.5,1770,24568.5
"3771",1000,0.5,1771,24878.9
"3772",1000,0.5,1772,24828.2
"3773",1000,0.5,1773,25031.5
"3774",1000,0.5,1774,24793.3
"3775",1000,0.5,1775,24368.8
"3776",1000,0.5,1776,24694.1
"3777",1000,0.5,1777,24546.8
"3778",1000,0.5,1778,24600.5
"3779",1000,0.5,1779,24418.5
"3780",1000,0.5,1780,24269.4
"3781",1000,0.5,1781,24783.5
"3782",1000,0.5,1782,24536.5
"3783",1000,0.5,1783,24864.3
"3784",1000,0.5,1784,24816.3
"3785",1000,0.5,1785,24830
"3786",1000,0.5,1786,24802.2
"3787",1000,0.5,1787,24703.1
"3788",1000,0.5,1788,24716
"3789",1000,0.5,1789,25086.8
"3790",1000,0.5,1790,24567.6
"3791",1000,0.5,1791,24833.3
"3792",1000,0.5,1792,24588.9
"3793",1000,0.5,1793,24287.1
"3794",1000,0.5,1794,24784.7
"3795",1000,0.5,1795,24923.4
"3796",1000,0.5,1796,24924
"3797",1000,0.5,1797,25172.2
"3798",1000,0.5,1798,24884.4
"3799",1000,0.5,1799,25045.7
"3800",1000,0.5,1800,24725.4
"3801",1000,0.5,1801,25397.4
"3802",1000,0.5,1802,24505.3
"3803",1000,0.5,1803,24635.6
"3804",1000,0.5,1804,24461.8
"3805",1000,0.5,1805,24285.3
"3806",1000,0.5,1806,24664.1
"3807",1000,0.5,1807,24972.2
"3808",1000,0.5,1808,25126.5
"3809",1000,0.5,1809,24821.7
"3810",1000,0.5,1810,24908.4
"3811",1000,0.5,1811,24870.2
"3812",1000,0.5,1812,24791.9
"3813",1000,0.5,1813,24820.6
"3814",1000,0.5,1814,24963.1
"3815",1000,0.5,1815,24720.5
"3816",1000,0.5,1816,24805.9
"3817",1000,0.5,1817,24413.7
"3818",1000,0.5,1818,25112.9
"3819",1000,0.5,1819,24617.7
"3820",1000,0.5,1820,24263.3
"3821",1000,0.5,1821,24114.5
"3822",1000,0.5,1822,24616.6
"3823",1000,0.5,1823,24830.2
"3824",1000,0.5,1824,24990.4
"3825",1000,0.5,1825,24635.1
"3826",1000,0.5,1826,24265.6
"3827",1000,0.5,1827,24262
"3828",1000,0.5,1828,24080.5
"3829",1000,0.5,1829,24422.9
"3830",1000,0.5,1830,24094.7
"3831",1000,0.5,1831,24425.6
"3832",1000,0.5,1832,24753.1
"3833",1000,0.5,1833,24739.3
"3834",1000,0.5,1834,24854.8
"3835",1000,0.5,1835,24743
"3836",1000,0.5,1836,24829
"3837",1000,0.5,1837,24990.2
"3838",1000,0.5,1838,25017.9
"3839",1000,0.5,1839,24681.1
"3840",1000,0.5,1840,24615.3
"3841",1000,0.5,1841,24861.7
"3842",1000,0.5,1842,24698.3
"3843",1000,0.5,1843,25029.7
"3844",1000,0.5,1844,24758.6
"3845",1000,0.5,1845,24851.4
"3846",1000,0.5,1846,24662.3
"3847",1000,0.5,1847,24895.5
"3848",1000,0.5,1848,24946.6
"3849",1000,0.5,1849,24918.8
"3850",1000,0.5,1850,24854.2
"3851",1000,0.5,1851,25012.5
"3852",1000,0.5,1852,24847.8
"3853",1000,0.5,1853,24902.1
"3854",1000,0.5,1854,24784.6
"3855",1000,0.5,1855,24865.3
"3856",1000,0.5,1856,25127.5
"3857",1000,0.5,1857,24866.9
"3858",1000,0.5,1858,24767.3
"3859",1000,0.5,1859,24830.4
"3860",1000,0.5,1860,24971.6
"3861",1000,0.5,1861,24670.4
"3862",1000,0.5,1862,24775.4
"3863",1000,0.5,1863,24840.5
"3864",1000,0.5,1864,24598.3
"3865",1000,0.5,1865,25084.1
"3866",1000,0.5,1866,24577
"3867",1000,0.5,1867,24756.2
"3868",1000,0.5,1868,24829.1
"3869",1000,0.5,1869,24478.9
"3870",1000,0.5,1870,25247.1
"3871",1000,0.5,1871,24180.4
"3872",1000,0.5,1872,24931.4
"3873",1000,0.5,1873,24828.1
"3874",1000,0.5,1874,24675.1
"3875",1000,0.5,1875,25151.3
"3876",1000,0.5,1876,24292.3
"3877",1000,0.5,1877,24505.3
"3878",1000,0.5,1878,24690.3
"3879",1000,0.5,1879,24613.1
"3880",1000,0.5,1880,25113.3
"3881",1000,0.5,1881,25164.6
"3882",1000,0.5,1882,25008.5
"3883",1000,0.5,1883,24719.1
"3884",1000,0.5,1884,24515.1
"3885",1000,0.5,1885,24733.5
"3886",1000,0.5,1886,24710.1
"3887",1000,0.5,1887,24548.8
"3888",1000,0.5,1888,24674.7
"3889",1000,0.5,1889,25144.3
"3890",1000,0.5,1890,25214.6
"3891",1000,0.5,1891,24377.8
"3892",1000,0.5,1892,24370.6
"3893",1000,0.5,1893,24508.1
"3894",1000,0.5,1894,24821.3
"3895",1000,0.5,1895,24372.3
"3896",1000,0.5,1896,24636.7
"3897",1000,0.5,1897,24564.9
"3898",1000,0.5,1898,24863.4
"3899",1000,0.5,1899,25024.7
"3900",1000,0.5,1900,25254.1
"3901",1000,0.5,1901,25196
"3902",1000,0.5,1902,24452.8
"3903",1000,0.5,1903,24803.7
"3904",1000,0.5,1904,24971.7
"3905",1000,0.5,1905,24617.7
"3906",1000,0.5,1906,24523
"3907",1000,0.5,1907,24338.2
"3908",1000,0.5,1908,24587
"3909",1000,0.5,1909,24687.6
"3910",1000,0.5,1910,24967.7
"3911",1000,0.5,1911,25048.2
"3912",1000,0.5,1912,24893.5
"3913",1000,0.5,1913,25335.4
"3914",1000,0.5,1914,24101.7
"3915",1000,0.5,1915,24743.4
"3916",1000,0.5,1916,24748.8
"3917",1000,0.5,1917,24517.4
"3918",1000,0.5,1918,24655.4
"3919",1000,0.5,1919,24460
"3920",1000,0.5,1920,24627.3
"3921",1000,0.5,1921,25091.3
"3922",1000,0.5,1922,24504.6
"3923",1000,0.5,1923,24659.7
"3924",1000,0.5,1924,24509.7
"3925",1000,0.5,1925,24612.3
"3926",1000,0.5,1926,24877.9
"3927",1000,0.5,1927,24604.6
"3928",1000,0.5,1928,25463.9
"3929",1000,0.5,1929,24438.2
"3930",1000,0.5,1930,25282
"3931",1000,0.5,1931,24457.1
"3932",1000,0.5,1932,24391.6
"3933",1000,0.5,1933,24291.3
"3934",1000,0.5,1934,24782.2
"3935",1000,0.5,1935,24815.9
"3936",1000,0.5,1936,24883.9
"3937",1000,0.5,1937,24790
"3938",1000,0.5,1938,24845.9
"3939",1000,0.5,1939,25161.1
"3940",1000,0.5,1940,24749.3
"3941",1000,0.5,1941,24605.9
"3942",1000,0.5,1942,24449.8
"3943",1000,0.5,1943,24270.7
"3944",1000,0.5,1944,25085.2
"3945",1000,0.5,1945,24206.9
"3946",1000,0.5,1946,24488.9
"3947",1000,0.5,1947,24244.9
"3948",1000,0.5,1948,24574.1
"3949",1000,0.5,1949,25139
"3950",1000,0.5,1950,24309.7
"3951",1000,0.5,1951,24648.5
"3952",1000,0.5,1952,25326.8
"3953",1000,0.5,1953,24377
"3954",1000,0.5,1954,24603.9
"3955",1000,0.5,1955,24521.4
"3956",1000,0.5,1956,24532.4
"3957",1000,0.5,1957,24714.3
"3958",1000,0.5,1958,24561.3
"3959",1000,0.5,1959,24603.2
"3960",1000,0.5,1960,24470.2
"3961",1000,0.5,1961,24716.8
"3962",1000,0.5,1962,25113.6
"3963",1000,0.5,1963,24938.7
"3964",1000,0.5,1964,24490.3
"3965",1000,0.5,1965,24443.1
"3966",1000,0.5,1966,24701.2
"3967",1000,0.5,1967,24488.8
"3968",1000,0.5,1968,24279.9
"3969",1000,0.5,1969,25034.1
"3970",1000,0.5,1970,24901.8
"3971",1000,0.5,1971,24759.9
"3972",1000,0.5,1972,24305.9
"3973",1000,0.5,1973,24956.7
"3974",1000,0.5,1974,24734.5
"3975",1000,0.5,1975,24715.4
"3976",1000,0.5,1976,24745.2
"3977",1000,0.5,1977,24692.7
"3978",1000,0.5,1978,25044.9
"3979",1000,0.5,1979,24859
"3980",1000,0.5,1980,24953.5
"3981",1000,0.5,1981,24882.6
"3982",1000,0.5,1982,25080.4
"3983",1000,0.5,1983,24755.4
"3984",1000,0.5,1984,24743.1
"3985",1000,0.5,1985,24677.5
"3986",1000,0.5,1986,25066.7
"3987",1000,0.5,1987,24195.3
"3988",1000,0.5,1988,24362.4
"3989",1000,0.5,1989,24916.3
"3990",1000,0.5,1990,24433.3
"3991",1000,0.5,1991,25106.9
"3992",1000,0.5,1992,24405.7
"3993",1000,0.5,1993,24864
"3994",1000,0.5,1994,25156.3
"3995",1000,0.5,1995,24454.2
"3996",1000,0.5,1996,24767.4
"3997",1000,0.5,1997,24952.6
"3998",1000,0.5,1998,24927
"3999",1000,0.5,1999,24761.5
"4000",1000,0.5,2000,24683.4
"4001",1000,0.9,1,5623.1
"4002",1000,0.9,2,5893.4
"4003",1000,0.9,3,6242.5
"4004",1000,0.9,4,6294.8
"4005",1000,0.9,5,6547.1
"4006",1000,0.9,6,6734.2
"4007",1000,0.9,7,6909.7
"4008",1000,0.9,8,7029.5
"4009",1000,0.9,9,7203.3
"4010",1000,0.9,10,7254.2
"4011",1000,0.9,11,7326.3
"4012",1000,0.9,12,7582.1
"4013",1000,0.9,13,7689.3
"4014",1000,0.9,14,7732.9
"4015",1000,0.9,15,8017.7
"4016",1000,0.9,16,8342.9
"4017",1000,0.9,17,8589.5
"4018",1000,0.9,18,8478.3
"4019",1000,0.9,19,8650.2
"4020",1000,0.9,20,8733.6
"4021",1000,0.9,21,8657.2
"4022",1000,0.9,22,8774.8
"4023",1000,0.9,23,9231.6
"4024",1000,0.9,24,9441.2
"4025",1000,0.9,25,9518.6
"4026",1000,0.9,26,9666.2
"4027",1000,0.9,27,9732.1
"4028",1000,0.9,28,10026.4
"4029",1000,0.9,29,10120.2
"4030",1000,0.9,30,10155.8
"4031",1000,0.9,31,10250.6
"4032",1000,0.9,32,10441.9
"4033",1000,0.9,33,10488.8
"4034",1000,0.9,34,10674.5
"4035",1000,0.9,35,10656
"4036",1000,0.9,36,10886
"4037",1000,0.9,37,10896.5
"4038",1000,0.9,38,10877.5
"4039",1000,0.9,39,11242.1
"4040",1000,0.9,40,11357.9
"4041",1000,0.9,41,11376.9
"4042",1000,0.9,42,11489.5
"4043",1000,0.9,43,11680.2
"4044",1000,0.9,44,11781.7
"4045",1000,0.9,45,11753.6
"4046",1000,0.9,46,11747.5
"4047",1000,0.9,47,11980.9
"4048",1000,0.9,48,11967.8
"4049",1000,0.9,49,12073.2
"4050",1000,0.9,50,12353.9
"4051",1000,0.9,51,12733.4
"4052",1000,0.9,52,12535.5
"4053",1000,0.9,53,12808.8
"4054",1000,0.9,54,13024.9
"4055",1000,0.9,55,13050.7
"4056",1000,0.9,56,13016.5
"4057",1000,0.9,57,13314.7
"4058",1000,0.9,58,13229.1
"4059",1000,0.9,59,13142.8
"4060",1000,0.9,60,13420.6
"4061",1000,0.9,61,13801
"4062",1000,0.9,62,13905.7
"4063",1000,0.9,63,13976.4
"4064",1000,0.9,64,14236.4
"4065",1000,0.9,65,14198.2
"4066",1000,0.9,66,14349.7
"4067",1000,0.9,67,14458
"4068",1000,0.9,68,14623.2
"4069",1000,0.9,69,14654.5
"4070",1000,0.9,70,14575.5
"4071",1000,0.9,71,14597.9
"4072",1000,0.9,72,14940
"4073",1000,0.9,73,15030.4
"4074",1000,0.9,74,15017.5
"4075",1000,0.9,75,15362.4
"4076",1000,0.9,76,15703.9
"4077",1000,0.9,77,15957.1
"4078",1000,0.9,78,16090.9
"4079",1000,0.9,79,16155.5
"4080",1000,0.9,80,16159.9
"4081",1000,0.9,81,16312.7
"4082",1000,0.9,82,16389.2
"4083",1000,0.9,83,16971.6
"4084",1000,0.9,84,16985.3
"4085",1000,0.9,85,17001.7
"4086",1000,0.9,86,17085.8
"4087",1000,0.9,87,17133.3
"4088",1000,0.9,88,17475.2
"4089",1000,0.9,89,17554
"4090",1000,0.9,90,17776.6
"4091",1000,0.9,91,17823.5
"4092",1000,0.9,92,18134.5
"4093",1000,0.9,93,18236.7
"4094",1000,0.9,94,18312.6
"4095",1000,0.9,95,18778
"4096",1000,0.9,96,19086.5
"4097",1000,0.9,97,19244.7
"4098",1000,0.9,98,19614.2
"4099",1000,0.9,99,19705.6
"4100",1000,0.9,100,19814
"4101",1000,0.9,101,20143.6
"4102",1000,0.9,102,20493.1
"4103",1000,0.9,103,20956.3
"4104",1000,0.9,104,21236.9
"4105",1000,0.9,105,21628.8
"4106",1000,0.9,106,21651.5
"4107",1000,0.9,107,21981.8
"4108",1000,0.9,108,22046.8
"4109",1000,0.9,109,22564.1
"4110",1000,0.9,110,22670.7
"4111",1000,0.9,111,22918.2
"4112",1000,0.9,112,23304.4
"4113",1000,0.9,113,23496.4
"4114",1000,0.9,114,24022.4
"4115",1000,0.9,115,23889.8
"4116",1000,0.9,116,24097.9
"4117",1000,0.9,117,24163.3
"4118",1000,0.9,118,24133.5
"4119",1000,0.9,119,24298.3
"4120",1000,0.9,120,24607
"4121",1000,0.9,121,24391.7
"4122",1000,0.9,122,24560.1
"4123",1000,0.9,123,24531.4
"4124",1000,0.9,124,24526.9
"4125",1000,0.9,125,24743.8
"4126",1000,0.9,126,24928
"4127",1000,0.9,127,24706.7
"4128",1000,0.9,128,24653.8
"4129",1000,0.9,129,24621.5
"4130",1000,0.9,130,24750.9
"4131",1000,0.9,131,25087.9
"4132",1000,0.9,132,25106.8
"4133",1000,0.9,133,24544.7
"4134",1000,0.9,134,24187.3
"4135",1000,0.9,135,24618.5
"4136",1000,0.9,136,24239.1
"4137",1000,0.9,137,24680.6
"4138",1000,0.9,138,24654.5
"4139",1000,0.9,139,24649.9
"4140",1000,0.9,140,24997.1
"4141",1000,0.9,141,24838
"4142",1000,0.9,142,24543.5
"4143",1000,0.9,143,24638.7
"4144",1000,0.9,144,24733.8
"4145",1000,0.9,145,24208.5
"4146",1000,0.9,146,24498.7
"4147",1000,0.9,147,24349
"4148",1000,0.9,148,24338.6
"4149",1000,0.9,149,24381.8
"4150",1000,0.9,150,24478.3
"4151",1000,0.9,151,24818.5
"4152",1000,0.9,152,24536.8
"4153",1000,0.9,153,24776.8
"4154",1000,0.9,154,24712
"4155",1000,0.9,155,24817.3
"4156",1000,0.9,156,24528
"4157",1000,0.9,157,24548.6
"4158",1000,0.9,158,24633.8
"4159",1000,0.9,159,25199
"4160",1000,0.9,160,24798.1
"4161",1000,0.9,161,24654.1
"4162",1000,0.9,162,24405.8
"4163",1000,0.9,163,24558.7
"4164",1000,0.9,164,24870.3
"4165",1000,0.9,165,24624.1
"4166",1000,0.9,166,24617.9
"4167",1000,0.9,167,24905.9
"4168",1000,0.9,168,24862.9
"4169",1000,0.9,169,25027.5
"4170",1000,0.9,170,24688
"4171",1000,0.9,171,25149.3
"4172",1000,0.9,172,24813.9
"4173",1000,0.9,173,24470.4
"4174",1000,0.9,174,24548.4
"4175",1000,0.9,175,24308.1
"4176",1000,0.9,176,24536.9
"4177",1000,0.9,177,24612.3
"4178",1000,0.9,178,24851.1
"4179",1000,0.9,179,24741.9
"4180",1000,0.9,180,24735.2
"4181",1000,0.9,181,24684.7
"4182",1000,0.9,182,24577.3
"4183",1000,0.9,183,24632.7
"4184",1000,0.9,184,23953.6
"4185",1000,0.9,185,24223.6
"4186",1000,0.9,186,24310.3
"4187",1000,0.9,187,24488.3
"4188",1000,0.9,188,24621.2
"4189",1000,0.9,189,24843.9
"4190",1000,0.9,190,24546.7
"4191",1000,0.9,191,24683.1
"4192",1000,0.9,192,24430.2
"4193",1000,0.9,193,24746.3
"4194",1000,0.9,194,24727.4
"4195",1000,0.9,195,24518
"4196",1000,0.9,196,24569.7
"4197",1000,0.9,197,24621.4
"4198",1000,0.9,198,24695.4
"4199",1000,0.9,199,24746
"4200",1000,0.9,200,25007
"4201",1000,0.9,201,24337.6
"4202",1000,0.9,202,24416.6
"4203",1000,0.9,203,24598.2
"4204",1000,0.9,204,24699.1
"4205",1000,0.9,205,24646.3
"4206",1000,0.9,206,24757.1
"4207",1000,0.9,207,24919.3
"4208",1000,0.9,208,24771.8
"4209",1000,0.9,209,24911.4
"4210",1000,0.9,210,24661.3
"4211",1000,0.9,211,24558
"4212",1000,0.9,212,24568.5
"4213",1000,0.9,213,24705.2
"4214",1000,0.9,214,24939.2
"4215",1000,0.9,215,24584.7
"4216",1000,0.9,216,24700.4
"4217",1000,0.9,217,25044
"4218",1000,0.9,218,24635.8
"4219",1000,0.9,219,24617.9
"4220",1000,0.9,220,24577.6
"4221",1000,0.9,221,24800
"4222",1000,0.9,222,24067.5
"4223",1000,0.9,223,24178.5
"4224",1000,0.9,224,24570.3
"4225",1000,0.9,225,24511.3
"4226",1000,0.9,226,24341.2
"4227",1000,0.9,227,23986
"4228",1000,0.9,228,24532.1
"4229",1000,0.9,229,24508.6
"4230",1000,0.9,230,24246.3
"4231",1000,0.9,231,24665.1
"4232",1000,0.9,232,24479.9
"4233",1000,0.9,233,24256.1
"4234",1000,0.9,234,24708
"4235",1000,0.9,235,24783.5
"4236",1000,0.9,236,24390.5
"4237",1000,0.9,237,24583.1
"4238",1000,0.9,238,24585.7
"4239",1000,0.9,239,25022.9
"4240",1000,0.9,240,24657.7
"4241",1000,0.9,241,24662.7
"4242",1000,0.9,242,24788.9
"4243",1000,0.9,243,24340.5
"4244",1000,0.9,244,24515.1
"4245",1000,0.9,245,24443.1
"4246",1000,0.9,246,24976.7
"4247",1000,0.9,247,25103.6
"4248",1000,0.9,248,24618.7
"4249",1000,0.9,249,24632.7
"4250",1000,0.9,250,24735.3
"4251",1000,0.9,251,24141.1
"4252",1000,0.9,252,24234.4
"4253",1000,0.9,253,24739.9
"4254",1000,0.9,254,24585.3
"4255",1000,0.9,255,24434.9
"4256",1000,0.9,256,24454.4
"4257",1000,0.9,257,24713.6
"4258",1000,0.9,258,24704.9
"4259",1000,0.9,259,24754
"4260",1000,0.9,260,24555.5
"4261",1000,0.9,261,24150.5
"4262",1000,0.9,262,24297.5
"4263",1000,0.9,263,24629.3
"4264",1000,0.9,264,24763.8
"4265",1000,0.9,265,24955.2
"4266",1000,0.9,266,24841.2
"4267",1000,0.9,267,24605.1
"4268",1000,0.9,268,24944
"4269",1000,0.9,269,24643.7
"4270",1000,0.9,270,24376.6
"4271",1000,0.9,271,24209.9
"4272",1000,0.9,272,24372
"4273",1000,0.9,273,24929.1
"4274",1000,0.9,274,24524.8
"4275",1000,0.9,275,24766.7
"4276",1000,0.9,276,24919.7
"4277",1000,0.9,277,24986.4
"4278",1000,0.9,278,24808.6
"4279",1000,0.9,279,24227
"4280",1000,0.9,280,24515.3
"4281",1000,0.9,281,24672.5
"4282",1000,0.9,282,24629.1
"4283",1000,0.9,283,24065.2
"4284",1000,0.9,284,24567.4
"4285",1000,0.9,285,24320.5
"4286",1000,0.9,286,24712.8
"4287",1000,0.9,287,24881.3
"4288",1000,0.9,288,24829.7
"4289",1000,0.9,289,24592.9
"4290",1000,0.9,290,24610.7
"4291",1000,0.9,291,24639.6
"4292",1000,0.9,292,24464.3
"4293",1000,0.9,293,24838.6
"4294",1000,0.9,294,24747.8
"4295",1000,0.9,295,24566.8
"4296",1000,0.9,296,24668.6
"4297",1000,0.9,297,24513.7
"4298",1000,0.9,298,24588.5
"4299",1000,0.9,299,24882.4
"4300",1000,0.9,300,24807.2
"4301",1000,0.9,301,24748.1
"4302",1000,0.9,302,24930.7
"4303",1000,0.9,303,24750.6
"4304",1000,0.9,304,24303.3
"4305",1000,0.9,305,24497.9
"4306",1000,0.9,306,24765.4
"4307",1000,0.9,307,24678.8
"4308",1000,0.9,308,24632.9
"4309",1000,0.9,309,24489.8
"4310",1000,0.9,310,24597.3
"4311",1000,0.9,311,24616.1
"4312",1000,0.9,312,24625.4
"4313",1000,0.9,313,24813
"4314",1000,0.9,314,24598.5
"4315",1000,0.9,315,24270
"4316",1000,0.9,316,24567.5
"4317",1000,0.9,317,24745
"4318",1000,0.9,318,24306.1
"4319",1000,0.9,319,24554.7
"4320",1000,0.9,320,25160.2
"4321",1000,0.9,321,25131.3
"4322",1000,0.9,322,24420.3
"4323",1000,0.9,323,24349.2
"4324",1000,0.9,324,24389.9
"4325",1000,0.9,325,24636.8
"4326",1000,0.9,326,24811.7
"4327",1000,0.9,327,25080.1
"4328",1000,0.9,328,24754
"4329",1000,0.9,329,24461.9
"4330",1000,0.9,330,24689.6
"4331",1000,0.9,331,24907.4
"4332",1000,0.9,332,25033.4
"4333",1000,0.9,333,24555.3
"4334",1000,0.9,334,24567.8
"4335",1000,0.9,335,24694.5
"4336",1000,0.9,336,24675.2
"4337",1000,0.9,337,24792.4
"4338",1000,0.9,338,24627.5
"4339",1000,0.9,339,24796.1
"4340",1000,0.9,340,24853.1
"4341",1000,0.9,341,24944.2
"4342",1000,0.9,342,25011.9
"4343",1000,0.9,343,24703
"4344",1000,0.9,344,24363.2
"4345",1000,0.9,345,24389.9
"4346",1000,0.9,346,24597
"4347",1000,0.9,347,24240.8
"4348",1000,0.9,348,24608.5
"4349",1000,0.9,349,24638.8
"4350",1000,0.9,350,24645.4
"4351",1000,0.9,351,24548.8
"4352",1000,0.9,352,24808
"4353",1000,0.9,353,24603.2
"4354",1000,0.9,354,24434
"4355",1000,0.9,355,24741.7
"4356",1000,0.9,356,24802.9
"4357",1000,0.9,357,24749.6
"4358",1000,0.9,358,24699.4
"4359",1000,0.9,359,24785.3
"4360",1000,0.9,360,24632.6
"4361",1000,0.9,361,24904.5
"4362",1000,0.9,362,24678.7
"4363",1000,0.9,363,24905.2
"4364",1000,0.9,364,24541.1
"4365",1000,0.9,365,24982.7
"4366",1000,0.9,366,24511.5
"4367",1000,0.9,367,24509.3
"4368",1000,0.9,368,24565.9
"4369",1000,0.9,369,24317.8
"4370",1000,0.9,370,24377.8
"4371",1000,0.9,371,24568.3
"4372",1000,0.9,372,24134.4
"4373",1000,0.9,373,24323
"4374",1000,0.9,374,24072.8
"4375",1000,0.9,375,24213.8
"4376",1000,0.9,376,24466.5
"4377",1000,0.9,377,24615.4
"4378",1000,0.9,378,24922.5
"4379",1000,0.9,379,24908.3
"4380",1000,0.9,380,24958.5
"4381",1000,0.9,381,24699
"4382",1000,0.9,382,24592.9
"4383",1000,0.9,383,24765.3
"4384",1000,0.9,384,25202.8
"4385",1000,0.9,385,24794.5
"4386",1000,0.9,386,24502.1
"4387",1000,0.9,387,24723.6
"4388",1000,0.9,388,24600.5
"4389",1000,0.9,389,24945.5
"4390",1000,0.9,390,24455.4
"4391",1000,0.9,391,24405.7
"4392",1000,0.9,392,24473.3
"4393",1000,0.9,393,24564.8
"4394",1000,0.9,394,24787.6
"4395",1000,0.9,395,24337.5
"4396",1000,0.9,396,24648.5
"4397",1000,0.9,397,24806.7
"4398",1000,0.9,398,24431
"4399",1000,0.9,399,24688
"4400",1000,0.9,400,24559
"4401",1000,0.9,401,24689.1
"4402",1000,0.9,402,24935.9
"4403",1000,0.9,403,24883.5
"4404",1000,0.9,404,24760.1
"4405",1000,0.9,405,25035.1
"4406",1000,0.9,406,25359.1
"4407",1000,0.9,407,24537
"4408",1000,0.9,408,23894.3
"4409",1000,0.9,409,24233.5
"4410",1000,0.9,410,24475.9
"4411",1000,0.9,411,24275.8
"4412",1000,0.9,412,24497.4
"4413",1000,0.9,413,24885.3
"4414",1000,0.9,414,24681.1
"4415",1000,0.9,415,24603.8
"4416",1000,0.9,416,24353.3
"4417",1000,0.9,417,24464.8
"4418",1000,0.9,418,24831.3
"4419",1000,0.9,419,24667.8
"4420",1000,0.9,420,24515.7
"4421",1000,0.9,421,24220.8
"4422",1000,0.9,422,24704.9
"4423",1000,0.9,423,24730.2
"4424",1000,0.9,424,24616.1
"4425",1000,0.9,425,25023.5
"4426",1000,0.9,426,24490.5
"4427",1000,0.9,427,24453.5
"4428",1000,0.9,428,24812.8
"4429",1000,0.9,429,24292.8
"4430",1000,0.9,430,24606
"4431",1000,0.9,431,24348
"4432",1000,0.9,432,24398.4
"4433",1000,0.9,433,24675.2
"4434",1000,0.9,434,24612.6
"4435",1000,0.9,435,24871
"4436",1000,0.9,436,24648.2
"4437",1000,0.9,437,24858.9
"4438",1000,0.9,438,24714.2
"4439",1000,0.9,439,24677.3
"4440",1000,0.9,440,25181
"4441",1000,0.9,441,24884.4
"4442",1000,0.9,442,24620.7
"4443",1000,0.9,443,24635.8
"4444",1000,0.9,444,24569.2
"4445",1000,0.9,445,24703.4
"4446",1000,0.9,446,24294.9
"4447",1000,0.9,447,24207.3
"4448",1000,0.9,448,24730.4
"4449",1000,0.9,449,24647.7
"4450",1000,0.9,450,24726.4
"4451",1000,0.9,451,24613.6
"4452",1000,0.9,452,24649.1
"4453",1000,0.9,453,24962.2
"4454",1000,0.9,454,24440.6
"4455",1000,0.9,455,24304.7
"4456",1000,0.9,456,24652.6
"4457",1000,0.9,457,24895
"4458",1000,0.9,458,24703.2
"4459",1000,0.9,459,24771.7
"4460",1000,0.9,460,24411.8
"4461",1000,0.9,461,24393.9
"4462",1000,0.9,462,24411.3
"4463",1000,0.9,463,24751.8
"4464",1000,0.9,464,24839.3
"4465",1000,0.9,465,24621.2
"4466",1000,0.9,466,25156.7
"4467",1000,0.9,467,24822.1
"4468",1000,0.9,468,24895.7
"4469",1000,0.9,469,24424.4
"4470",1000,0.9,470,24470.7
"4471",1000,0.9,471,24810.6
"4472",1000,0.9,472,24438.3
"4473",1000,0.9,473,24321.9
"4474",1000,0.9,474,24254.7
"4475",1000,0.9,475,24616.2
"4476",1000,0.9,476,24520.6
"4477",1000,0.9,477,24637.3
"4478",1000,0.9,478,24186.1
"4479",1000,0.9,479,24132
"4480",1000,0.9,480,24408
"4481",1000,0.9,481,24556.2
"4482",1000,0.9,482,24140
"4483",1000,0.9,483,24627.8
"4484",1000,0.9,484,24451.2
"4485",1000,0.9,485,25122.2
"4486",1000,0.9,486,24658.1
"4487",1000,0.9,487,24111.1
"4488",1000,0.9,488,24295.2
"4489",1000,0.9,489,24543.2
"4490",1000,0.9,490,24705.4
"4491",1000,0.9,491,24837.3
"4492",1000,0.9,492,24075.3
"4493",1000,0.9,493,24396.6
"4494",1000,0.9,494,24634.2
"4495",1000,0.9,495,24822.9
"4496",1000,0.9,496,24510.5
"4497",1000,0.9,497,24153.5
"4498",1000,0.9,498,24258.3
"4499",1000,0.9,499,24735
"4500",1000,0.9,500,25050.8
"4501",1000,0.9,501,24951.9
"4502",1000,0.9,502,24435.2
"4503",1000,0.9,503,24394.7
"4504",1000,0.9,504,24093.2
"4505",1000,0.9,505,24100.3
"4506",1000,0.9,506,24262.1
"4507",1000,0.9,507,24487
"4508",1000,0.9,508,24191.5
"4509",1000,0.9,509,24348.5
"4510",1000,0.9,510,24434.7
"4511",1000,0.9,511,24624.2
"4512",1000,0.9,512,24362.4
"4513",1000,0.9,513,24612.6
"4514",1000,0.9,514,25118
"4515",1000,0.9,515,24587.8
"4516",1000,0.9,516,24852.7
"4517",1000,0.9,517,24684.7
"4518",1000,0.9,518,24411.6
"4519",1000,0.9,519,24659
"4520",1000,0.9,520,24338.9
"4521",1000,0.9,521,24631.4
"4522",1000,0.9,522,24793.6
"4523",1000,0.9,523,24903.7
"4524",1000,0.9,524,24821.3
"4525",1000,0.9,525,24636
"4526",1000,0.9,526,24744.6
"4527",1000,0.9,527,24438.2
"4528",1000,0.9,528,24349
"4529",1000,0.9,529,24624.9
"4530",1000,0.9,530,24950.1
"4531",1000,0.9,531,24752.9
"4532",1000,0.9,532,24790.9
"4533",1000,0.9,533,24485.7
"4534",1000,0.9,534,24708.8
"4535",1000,0.9,535,24760.3
"4536",1000,0.9,536,24661.4
"4537",1000,0.9,537,24711.2
"4538",1000,0.9,538,24841.3
"4539",1000,0.9,539,24684.9
"4540",1000,0.9,540,24983.3
"4541",1000,0.9,541,25003.4
"4542",1000,0.9,542,24449.5
"4543",1000,0.9,543,24447.2
"4544",1000,0.9,544,24344.4
"4545",1000,0.9,545,24413.7
"4546",1000,0.9,546,24471.9
"4547",1000,0.9,547,24748.5
"4548",1000,0.9,548,24735.1
"4549",1000,0.9,549,24499.6
"4550",1000,0.9,550,24531.8
"4551",1000,0.9,551,24756
"4552",1000,0.9,552,24446.6
"4553",1000,0.9,553,24939.8
"4554",1000,0.9,554,24564.5
"4555",1000,0.9,555,24840.1
"4556",1000,0.9,556,24778.8
"4557",1000,0.9,557,24518.6
"4558",1000,0.9,558,24604
"4559",1000,0.9,559,24622.5
"4560",1000,0.9,560,24507
"4561",1000,0.9,561,24556.1
"4562",1000,0.9,562,24514.2
"4563",1000,0.9,563,24683.2
"4564",1000,0.9,564,24888.7
"4565",1000,0.9,565,24449
"4566",1000,0.9,566,24086.5
"4567",1000,0.9,567,24711.5
"4568",1000,0.9,568,24481.8
"4569",1000,0.9,569,24889
"4570",1000,0.9,570,24125.7
"4571",1000,0.9,571,24352.7
"4572",1000,0.9,572,24262.5
"4573",1000,0.9,573,24235.5
"4574",1000,0.9,574,24195.2
"4575",1000,0.9,575,24441.5
"4576",1000,0.9,576,24912.7
"4577",1000,0.9,577,24541.6
"4578",1000,0.9,578,24635.8
"4579",1000,0.9,579,24619
"4580",1000,0.9,580,24766.6
"4581",1000,0.9,581,24886.6
"4582",1000,0.9,582,24524.2
"4583",1000,0.9,583,24518.4
"4584",1000,0.9,584,24364.2
"4585",1000,0.9,585,24481.8
"4586",1000,0.9,586,24585.5
"4587",1000,0.9,587,24471.1
"4588",1000,0.9,588,24594.1
"4589",1000,0.9,589,24924.4
"4590",1000,0.9,590,24822.5
"4591",1000,0.9,591,24282.3
"4592",1000,0.9,592,24427
"4593",1000,0.9,593,24473.7
"4594",1000,0.9,594,24487.1
"4595",1000,0.9,595,24726.3
"4596",1000,0.9,596,24451.4
"4597",1000,0.9,597,24489.3
"4598",1000,0.9,598,24754.9
"4599",1000,0.9,599,24805.7
"4600",1000,0.9,600,24507.4
"4601",1000,0.9,601,24692.7
"4602",1000,0.9,602,24654.8
"4603",1000,0.9,603,24541.1
"4604",1000,0.9,604,24909.4
"4605",1000,0.9,605,24762.2
"4606",1000,0.9,606,24363.6
"4607",1000,0.9,607,24434.9
"4608",1000,0.9,608,24674.5
"4609",1000,0.9,609,24582.8
"4610",1000,0.9,610,24525.8
"4611",1000,0.9,611,24692.8
"4612",1000,0.9,612,24790.8
"4613",1000,0.9,613,25097.6
"4614",1000,0.9,614,24640.4
"4615",1000,0.9,615,24479.9
"4616",1000,0.9,616,24758.9
"4617",1000,0.9,617,24461.9
"4618",1000,0.9,618,24366.3
"4619",1000,0.9,619,24244.7
"4620",1000,0.9,620,24685.7
"4621",1000,0.9,621,24530.1
"4622",1000,0.9,622,24678.5
"4623",1000,0.9,623,24700.7
"4624",1000,0.9,624,24703.6
"4625",1000,0.9,625,24523.5
"4626",1000,0.9,626,24620.2
"4627",1000,0.9,627,24567.6
"4628",1000,0.9,628,25078
"4629",1000,0.9,629,25005.2
"4630",1000,0.9,630,25012.5
"4631",1000,0.9,631,24514.4
"4632",1000,0.9,632,24351.4
"4633",1000,0.9,633,24616
"4634",1000,0.9,634,24368.7
"4635",1000,0.9,635,24394.2
"4636",1000,0.9,636,24590.3
"4637",1000,0.9,637,24793.6
"4638",1000,0.9,638,25001.1
"4639",1000,0.9,639,24900.5
"4640",1000,0.9,640,24694.2
"4641",1000,0.9,641,24807.9
"4642",1000,0.9,642,24906.7
"4643",1000,0.9,643,24714.9
"4644",1000,0.9,644,24850.9
"4645",1000,0.9,645,24659
"4646",1000,0.9,646,24525.8
"4647",1000,0.9,647,24738.7
"4648",1000,0.9,648,25337
"4649",1000,0.9,649,24832.3
"4650",1000,0.9,650,24682.1
"4651",1000,0.9,651,24026.3
"4652",1000,0.9,652,24231.9
"4653",1000,0.9,653,24563.5
"4654",1000,0.9,654,24271.7
"4655",1000,0.9,655,24314.2
"4656",1000,0.9,656,24303.7
"4657",1000,0.9,657,24171.2
"4658",1000,0.9,658,24415.4
"4659",1000,0.9,659,24588.1
"4660",1000,0.9,660,24765.9
"4661",1000,0.9,661,24981.1
"4662",1000,0.9,662,25011.1
"4663",1000,0.9,663,24363.8
"4664",1000,0.9,664,24743.9
"4665",1000,0.9,665,24948.4
"4666",1000,0.9,666,24903.1
"4667",1000,0.9,667,24552.6
"4668",1000,0.9,668,24638.1
"4669",1000,0.9,669,24521.1
"4670",1000,0.9,670,24856.9
"4671",1000,0.9,671,24916
"4672",1000,0.9,672,24625.5
"4673",1000,0.9,673,24684.5
"4674",1000,0.9,674,24769.2
"4675",1000,0.9,675,24491.2
"4676",1000,0.9,676,24930.2
"4677",1000,0.9,677,24712.4
"4678",1000,0.9,678,24712.8
"4679",1000,0.9,679,24707.1
"4680",1000,0.9,680,24497.5
"4681",1000,0.9,681,24411.9
"4682",1000,0.9,682,24390.3
"4683",1000,0.9,683,24175.1
"4684",1000,0.9,684,24479.8
"4685",1000,0.9,685,24543.7
"4686",1000,0.9,686,24340.7
"4687",1000,0.9,687,24593.7
"4688",1000,0.9,688,24366.4
"4689",1000,0.9,689,24595.5
"4690",1000,0.9,690,24633.3
"4691",1000,0.9,691,24386.3
"4692",1000,0.9,692,24309
"4693",1000,0.9,693,24577.8
"4694",1000,0.9,694,24648.9
"4695",1000,0.9,695,24595.6
"4696",1000,0.9,696,24662
"4697",1000,0.9,697,24931.3
"4698",1000,0.9,698,24679.6
"4699",1000,0.9,699,24566.2
"4700",1000,0.9,700,24432.3
"4701",1000,0.9,701,24546.4
"4702",1000,0.9,702,24603.4
"4703",1000,0.9,703,24216.8
"4704",1000,0.9,704,24715.7
"4705",1000,0.9,705,24255
"4706",1000,0.9,706,23974.8
"4707",1000,0.9,707,24561.3
"4708",1000,0.9,708,25044.3
"4709",1000,0.9,709,24194.3
"4710",1000,0.9,710,24423.6
"4711",1000,0.9,711,24136.3
"4712",1000,0.9,712,23987.9
"4713",1000,0.9,713,24617.4
"4714",1000,0.9,714,24263.7
"4715",1000,0.9,715,24542
"4716",1000,0.9,716,24649.1
"4717",1000,0.9,717,24656.6
"4718",1000,0.9,718,24456.7
"4719",1000,0.9,719,24854.5
"4720",1000,0.9,720,24357.3
"4721",1000,0.9,721,24509
"4722",1000,0.9,722,24326.2
"4723",1000,0.9,723,24335.1
"4724",1000,0.9,724,24549.2
"4725",1000,0.9,725,24661.4
"4726",1000,0.9,726,24644.9
"4727",1000,0.9,727,24799.2
"4728",1000,0.9,728,24778.4
"4729",1000,0.9,729,24665.7
"4730",1000,0.9,730,24768.1
"4731",1000,0.9,731,24426.3
"4732",1000,0.9,732,24304.7
"4733",1000,0.9,733,24463.2
"4734",1000,0.9,734,24163.3
"4735",1000,0.9,735,24391.1
"4736",1000,0.9,736,24937.2
"4737",1000,0.9,737,24325.3
"4738",1000,0.9,738,24494.5
"4739",1000,0.9,739,24201.6
"4740",1000,0.9,740,24322.4
"4741",1000,0.9,741,24636.1
"4742",1000,0.9,742,24975.2
"4743",1000,0.9,743,24645.5
"4744",1000,0.9,744,24540.4
"4745",1000,0.9,745,24184.6
"4746",1000,0.9,746,24650.7
"4747",1000,0.9,747,24551
"4748",1000,0.9,748,24741.3
"4749",1000,0.9,749,24721
"4750",1000,0.9,750,24272.8
"4751",1000,0.9,751,24312.3
"4752",1000,0.9,752,24796.4
"4753",1000,0.9,753,24268.1
"4754",1000,0.9,754,24298.2
"4755",1000,0.9,755,24334.2
"4756",1000,0.9,756,24392.6
"4757",1000,0.9,757,24613.8
"4758",1000,0.9,758,24885.2
"4759",1000,0.9,759,24773.7
"4760",1000,0.9,760,24602.5
"4761",1000,0.9,761,24345.6
"4762",1000,0.9,762,24656.5
"4763",1000,0.9,763,24780.9
"4764",1000,0.9,764,24707.9
"4765",1000,0.9,765,24542.1
"4766",1000,0.9,766,24583
"4767",1000,0.9,767,24699.1
"4768",1000,0.9,768,25225.3
"4769",1000,0.9,769,24820.4
"4770",1000,0.9,770,24624.5
"4771",1000,0.9,771,24288.4
"4772",1000,0.9,772,24267.1
"4773",1000,0.9,773,24353.9
"4774",1000,0.9,774,24377.6
"4775",1000,0.9,775,24461
"4776",1000,0.9,776,24627.9
"4777",1000,0.9,777,24458.5
"4778",1000,0.9,778,24312.9
"4779",1000,0.9,779,24558.2
"4780",1000,0.9,780,24834.1
"4781",1000,0.9,781,24706
"4782",1000,0.9,782,24419.2
"4783",1000,0.9,783,24572.5
"4784",1000,0.9,784,24567.1
"4785",1000,0.9,785,24450.6
"4786",1000,0.9,786,24648.6
"4787",1000,0.9,787,24860.8
"4788",1000,0.9,788,25064.7
"4789",1000,0.9,789,24777.7
"4790",1000,0.9,790,24708.9
"4791",1000,0.9,791,24464.6
"4792",1000,0.9,792,24434.6
"4793",1000,0.9,793,24647.5
"4794",1000,0.9,794,24703.7
"4795",1000,0.9,795,24819.7
"4796",1000,0.9,796,24560.9
"4797",1000,0.9,797,25011.1
"4798",1000,0.9,798,25154.9
"4799",1000,0.9,799,24744.9
"4800",1000,0.9,800,25016.6
"4801",1000,0.9,801,24637.7
"4802",1000,0.9,802,24808.6
"4803",1000,0.9,803,24695.7
"4804",1000,0.9,804,24808
"4805",1000,0.9,805,25082.8
"4806",1000,0.9,806,24641.2
"4807",1000,0.9,807,24499.8
"4808",1000,0.9,808,24073.4
"4809",1000,0.9,809,24061
"4810",1000,0.9,810,24143.6
"4811",1000,0.9,811,24501.4
"4812",1000,0.9,812,24792.6
"4813",1000,0.9,813,24745
"4814",1000,0.9,814,24033.7
"4815",1000,0.9,815,24044.5
"4816",1000,0.9,816,24233.9
"4817",1000,0.9,817,24460
"4818",1000,0.9,818,24396.6
"4819",1000,0.9,819,24534.6
"4820",1000,0.9,820,24734.4
"4821",1000,0.9,821,24304.5
"4822",1000,0.9,822,24399.7
"4823",1000,0.9,823,24646
"4824",1000,0.9,824,24839.1
"4825",1000,0.9,825,24677.4
"4826",1000,0.9,826,24684
"4827",1000,0.9,827,24926.9
"4828",1000,0.9,828,24463
"4829",1000,0.9,829,24405.1
"4830",1000,0.9,830,24416.2
"4831",1000,0.9,831,24576.1
"4832",1000,0.9,832,24614.9
"4833",1000,0.9,833,24643.4
"4834",1000,0.9,834,24629.9
"4835",1000,0.9,835,24822.5
"4836",1000,0.9,836,25006.5
"4837",1000,0.9,837,24311.3
"4838",1000,0.9,838,24632.6
"4839",1000,0.9,839,24906.1
"4840",1000,0.9,840,24559.3
"4841",1000,0.9,841,24526.5
"4842",1000,0.9,842,24397.4
"4843",1000,0.9,843,24569.2
"4844",1000,0.9,844,24765.1
"4845",1000,0.9,845,24729.9
"4846",1000,0.9,846,24905.4
"4847",1000,0.9,847,24631.3
"4848",1000,0.9,848,24545.9
"4849",1000,0.9,849,24721.6
"4850",1000,0.9,850,24602
"4851",1000,0.9,851,24566.9
"4852",1000,0.9,852,24930.7
"4853",1000,0.9,853,24517.7
"4854",1000,0.9,854,24694.3
"4855",1000,0.9,855,24606.8
"4856",1000,0.9,856,24615.7
"4857",1000,0.9,857,24404.3
"4858",1000,0.9,858,24180.6
"4859",1000,0.9,859,24487.6
"4860",1000,0.9,860,24777
"4861",1000,0.9,861,24690
"4862",1000,0.9,862,24536.9
"4863",1000,0.9,863,24996.7
"4864",1000,0.9,864,24672.6
"4865",1000,0.9,865,24938.3
"4866",1000,0.9,866,25121.7
"4867",1000,0.9,867,24755.3
"4868",1000,0.9,868,24578.3
"4869",1000,0.9,869,24856.5
"4870",1000,0.9,870,24621.5
"4871",1000,0.9,871,24731.7
"4872",1000,0.9,872,24358.9
"4873",1000,0.9,873,24669.4
"4874",1000,0.9,874,24819.7
"4875",1000,0.9,875,24661.2
"4876",1000,0.9,876,25156.4
"4877",1000,0.9,877,24540.5
"4878",1000,0.9,878,24375.5
"4879",1000,0.9,879,24560.1
"4880",1000,0.9,880,24603
"4881",1000,0.9,881,24732
"4882",1000,0.9,882,24831.9
"4883",1000,0.9,883,24502.1
"4884",1000,0.9,884,24488
"4885",1000,0.9,885,24646.2
"4886",1000,0.9,886,24490.3
"4887",1000,0.9,887,24829.5
"4888",1000,0.9,888,24466.9
"4889",1000,0.9,889,24688.3
"4890",1000,0.9,890,24860.5
"4891",1000,0.9,891,24572.9
"4892",1000,0.9,892,24480.3
"4893",1000,0.9,893,24185
"4894",1000,0.9,894,24377.8
"4895",1000,0.9,895,24602.1
"4896",1000,0.9,896,24964.2
"4897",1000,0.9,897,24643.2
"4898",1000,0.9,898,24772.6
"4899",1000,0.9,899,24610.2
"4900",1000,0.9,900,24362.8
"4901",1000,0.9,901,24587.3
"4902",1000,0.9,902,24160.8
"4903",1000,0.9,903,24543.5
"4904",1000,0.9,904,24198.5
"4905",1000,0.9,905,24305
"4906",1000,0.9,906,24982
"4907",1000,0.9,907,24747.8
"4908",1000,0.9,908,24901
"4909",1000,0.9,909,24384
"4910",1000,0.9,910,25035.3
"4911",1000,0.9,911,24657.6
"4912",1000,0.9,912,24380.4
"4913",1000,0.9,913,24438.5
"4914",1000,0.9,914,24963.6
"4915",1000,0.9,915,24643.5
"4916",1000,0.9,916,24899.5
"4917",1000,0.9,917,25057.7
"4918",1000,0.9,918,24566.4
"4919",1000,0.9,919,24565
"4920",1000,0.9,920,24488.7
"4921",1000,0.9,921,24724.5
"4922",1000,0.9,922,24627.7
"4923",1000,0.9,923,24705.1
"4924",1000,0.9,924,24984.6
"4925",1000,0.9,925,24818.4
"4926",1000,0.9,926,23955.5
"4927",1000,0.9,927,24255.5
"4928",1000,0.9,928,24447.3
"4929",1000,0.9,929,24369.5
"4930",1000,0.9,930,23934.7
"4931",1000,0.9,931,24127.6
"4932",1000,0.9,932,24342.8
"4933",1000,0.9,933,23965.3
"4934",1000,0.9,934,24557.6
"4935",1000,0.9,935,24518.6
"4936",1000,0.9,936,24605.9
"4937",1000,0.9,937,24821
"4938",1000,0.9,938,24641.8
"4939",1000,0.9,939,24564.7
"4940",1000,0.9,940,24447.8
"4941",1000,0.9,941,24777
"4942",1000,0.9,942,24679.4
"4943",1000,0.9,943,24530.4
"4944",1000,0.9,944,24647.9
"4945",1000,0.9,945,24741.5
"4946",1000,0.9,946,24895
"4947",1000,0.9,947,24930.7
"4948",1000,0.9,948,24832.8
"4949",1000,0.9,949,25025.9
"4950",1000,0.9,950,24580.9
"4951",1000,0.9,951,24440.5
"4952",1000,0.9,952,24809
"4953",1000,0.9,953,24655.8
"4954",1000,0.9,954,24782.4
"4955",1000,0.9,955,24314
"4956",1000,0.9,956,24556.8
"4957",1000,0.9,957,24424.8
"4958",1000,0.9,958,24445.5
"4959",1000,0.9,959,24707.6
"4960",1000,0.9,960,24683.8
"4961",1000,0.9,961,24991.3
"4962",1000,0.9,962,24377.7
"4963",1000,0.9,963,24453.5
"4964",1000,0.9,964,24517
"4965",1000,0.9,965,24868.9
"4966",1000,0.9,966,25109.9
"4967",1000,0.9,967,24793.9
"4968",1000,0.9,968,24168.9
"4969",1000,0.9,969,24266
"4970",1000,0.9,970,24421.7
"4971",1000,0.9,971,24131.7
"4972",1000,0.9,972,24351.6
"4973",1000,0.9,973,24703.9
"4974",1000,0.9,974,24673.1
"4975",1000,0.9,975,24930.5
"4976",1000,0.9,976,24811.4
"4977",1000,0.9,977,24520.9
"4978",1000,0.9,978,24179.3
"4979",1000,0.9,979,24347.4
"4980",1000,0.9,980,24622
"4981",1000,0.9,981,24927.9
"4982",1000,0.9,982,24986.1
"4983",1000,0.9,983,24764.5
"4984",1000,0.9,984,24911.9
"4985",1000,0.9,985,24700.1
"4986",1000,0.9,986,24636.9
"4987",1000,0.9,987,24219
"4988",1000,0.9,988,24333.5
"4989",1000,0.9,989,24543.3
"4990",1000,0.9,990,24797.1
"4991",1000,0.9,991,24622.7
"4992",1000,0.9,992,24790
"4993",1000,0.9,993,24474.3
"4994",1000,0.9,994,24886.2
"4995",1000,0.9,995,24465.7
"4996",1000,0.9,996,25119.9
"4997",1000,0.9,997,24992.8
"4998",1000,0.9,998,24862.7
"4999",1000,0.9,999,24762.8
"5000",1000,0.9,1000,23401.5
"5001",1000,0.9,1001,22029.6
"5002",1000,0.9,1002,21032.6
"5003",1000,0.9,1003,20233.5
"5004",1000,0.9,1004,19819.7
"5005",1000,0.9,1005,18975.4
"5006",1000,0.9,1006,18445.6
"5007",1000,0.9,1007,18248.3
"5008",1000,0.9,1008,17736.2
"5009",1000,0.9,1009,17192.1
"5010",1000,0.9,1010,16677.5
"5011",1000,0.9,1011,16031.9
"5012",1000,0.9,1012,16625.6
"5013",1000,0.9,1013,16170.4
"5014",1000,0.9,1014,15830.7
"5015",1000,0.9,1015,15393.5
"5016",1000,0.9,1016,14895.7
"5017",1000,0.9,1017,14558.2
"5018",1000,0.9,1018,14427.2
"5019",1000,0.9,1019,14190.6
"5020",1000,0.9,1020,13874.8
"5021",1000,0.9,1021,13333.8
"5022",1000,0.9,1022,13398.5
"5023",1000,0.9,1023,13360.3
"5024",1000,0.9,1024,13128.1
"5025",1000,0.9,1025,13912.1
"5026",1000,0.9,1026,13536.9
"5027",1000,0.9,1027,13112.1
"5028",1000,0.9,1028,13256.4
"5029",1000,0.9,1029,13030.4
"5030",1000,0.9,1030,12463.2
"5031",1000,0.9,1031,12599.2
"5032",1000,0.9,1032,12488.8
"5033",1000,0.9,1033,12150.4
"5034",1000,0.9,1034,12176.6
"5035",1000,0.9,1035,11986.9
"5036",1000,0.9,1036,11724.2
"5037",1000,0.9,1037,11581.1
"5038",1000,0.9,1038,11368.8
"5039",1000,0.9,1039,11241.8
"5040",1000,0.9,1040,11140.7
"5041",1000,0.9,1041,10881.4
"5042",1000,0.9,1042,10944.4
"5043",1000,0.9,1043,10946.9
"5044",1000,0.9,1044,10729.1
"5045",1000,0.9,1045,10882.5
"5046",1000,0.9,1046,10980.4
"5047",1000,0.9,1047,10782.3
"5048",1000,0.9,1048,11052.4
"5049",1000,0.9,1049,10851.1
"5050",1000,0.9,1050,10864
"5051",1000,0.9,1051,10888
"5052",1000,0.9,1052,10500.6
"5053",1000,0.9,1053,10829.1
"5054",1000,0.9,1054,10520.6
"5055",1000,0.9,1055,10310.3
"5056",1000,0.9,1056,10274.6
"5057",1000,0.9,1057,10187.9
"5058",1000,0.9,1058,10318.3
"5059",1000,0.9,1059,10318.7
"5060",1000,0.9,1060,10372.4
"5061",1000,0.9,1061,10304.5
"5062",1000,0.9,1062,10289.4
"5063",1000,0.9,1063,10419.1
"5064",1000,0.9,1064,10305.4
"5065",1000,0.9,1065,10370
"5066",1000,0.9,1066,10433.4
"5067",1000,0.9,1067,10347.3
"5068",1000,0.9,1068,10308.7
"5069",1000,0.9,1069,10419.8
"5070",1000,0.9,1070,10334.5
"5071",1000,0.9,1071,10372.5
"5072",1000,0.9,1072,10525.7
"5073",1000,0.9,1073,10503.9
"5074",1000,0.9,1074,10535.3
"5075",1000,0.9,1075,10685.6
"5076",1000,0.9,1076,10500.8
"5077",1000,0.9,1077,10495.4
"5078",1000,0.9,1078,10536.7
"5079",1000,0.9,1079,10726.1
"5080",1000,0.9,1080,10912.7
"5081",1000,0.9,1081,10777.4
"5082",1000,0.9,1082,10914.7
"5083",1000,0.9,1083,11073.1
"5084",1000,0.9,1084,11029
"5085",1000,0.9,1085,11176.7
"5086",1000,0.9,1086,11373.1
"5087",1000,0.9,1087,11704.8
"5088",1000,0.9,1088,11732.3
"5089",1000,0.9,1089,11695.3
"5090",1000,0.9,1090,11573.4
"5091",1000,0.9,1091,11886.7
"5092",1000,0.9,1092,12253.4
"5093",1000,0.9,1093,12017.8
"5094",1000,0.9,1094,12058.9
"5095",1000,0.9,1095,12594.6
"5096",1000,0.9,1096,12305.8
"5097",1000,0.9,1097,12640.6
"5098",1000,0.9,1098,13081.7
"5099",1000,0.9,1099,13300.3
"5100",1000,0.9,1100,13357.7
"5101",1000,0.9,1101,13329.2
"5102",1000,0.9,1102,13545
"5103",1000,0.9,1103,13794.7
"5104",1000,0.9,1104,13836.2
"5105",1000,0.9,1105,13948.9
"5106",1000,0.9,1106,14023
"5107",1000,0.9,1107,14277.9
"5108",1000,0.9,1108,14378.7
"5109",1000,0.9,1109,14804.4
"5110",1000,0.9,1110,14827.6
"5111",1000,0.9,1111,15046.2
"5112",1000,0.9,1112,15217.8
"5113",1000,0.9,1113,15578
"5114",1000,0.9,1114,15552.9
"5115",1000,0.9,1115,16076.3
"5116",1000,0.9,1116,16198.4
"5117",1000,0.9,1117,16621
"5118",1000,0.9,1118,16787.8
"5119",1000,0.9,1119,17106.5
"5120",1000,0.9,1120,17468.3
"5121",1000,0.9,1121,17771.5
"5122",1000,0.9,1122,18195.8
"5123",1000,0.9,1123,18228.1
"5124",1000,0.9,1124,18538.8
"5125",1000,0.9,1125,18855.5
"5126",1000,0.9,1126,19456.4
"5127",1000,0.9,1127,19555.9
"5128",1000,0.9,1128,19575.4
"5129",1000,0.9,1129,20006.9
"5130",1000,0.9,1130,20176.5
"5131",1000,0.9,1131,20147
"5132",1000,0.9,1132,20789.6
"5133",1000,0.9,1133,20886.2
"5134",1000,0.9,1134,20906
"5135",1000,0.9,1135,21561.9
"5136",1000,0.9,1136,22077.5
"5137",1000,0.9,1137,21486
"5138",1000,0.9,1138,21684.4
"5139",1000,0.9,1139,22202
"5140",1000,0.9,1140,22297.2
"5141",1000,0.9,1141,22318.3
"5142",1000,0.9,1142,22354.6
"5143",1000,0.9,1143,22474.6
"5144",1000,0.9,1144,22686.1
"5145",1000,0.9,1145,23199.9
"5146",1000,0.9,1146,23166.3
"5147",1000,0.9,1147,23186.4
"5148",1000,0.9,1148,23640.1
"5149",1000,0.9,1149,24601.1
"5150",1000,0.9,1150,24016.2
"5151",1000,0.9,1151,23832.8
"5152",1000,0.9,1152,24187.9
"5153",1000,0.9,1153,24133.2
"5154",1000,0.9,1154,23376.8
"5155",1000,0.9,1155,24003.4
"5156",1000,0.9,1156,24300.2
"5157",1000,0.9,1157,24264.4
"5158",1000,0.9,1158,24290.4
"5159",1000,0.9,1159,24512.4
"5160",1000,0.9,1160,24773.7
"5161",1000,0.9,1161,24612.5
"5162",1000,0.9,1162,25206
"5163",1000,0.9,1163,25058.4
"5164",1000,0.9,1164,24539.4
"5165",1000,0.9,1165,24862.3
"5166",1000,0.9,1166,24717.3
"5167",1000,0.9,1167,24517.2
"5168",1000,0.9,1168,24552.4
"5169",1000,0.9,1169,24758.4
"5170",1000,0.9,1170,24914
"5171",1000,0.9,1171,24761.3
"5172",1000,0.9,1172,24510.3
"5173",1000,0.9,1173,24607.7
"5174",1000,0.9,1174,24896.8
"5175",1000,0.9,1175,24932
"5176",1000,0.9,1176,25448.1
"5177",1000,0.9,1177,24461.8
"5178",1000,0.9,1178,24433.5
"5179",1000,0.9,1179,24547.9
"5180",1000,0.9,1180,24540.1
"5181",1000,0.9,1181,24494.2
"5182",1000,0.9,1182,24704.2
"5183",1000,0.9,1183,24515.4
"5184",1000,0.9,1184,24831.1
"5185",1000,0.9,1185,24906.7
"5186",1000,0.9,1186,25144.4
"5187",1000,0.9,1187,24640.4
"5188",1000,0.9,1188,24771.3
"5189",1000,0.9,1189,24831.4
"5190",1000,0.9,1190,24419.5
"5191",1000,0.9,1191,24210
"5192",1000,0.9,1192,24218.3
"5193",1000,0.9,1193,24451.7
"5194",1000,0.9,1194,24532
"5195",1000,0.9,1195,24726.1
"5196",1000,0.9,1196,24770.3
"5197",1000,0.9,1197,24728.1
"5198",1000,0.9,1198,24729.4
"5199",1000,0.9,1199,24160.7
"5200",1000,0.9,1200,24443.7
"5201",1000,0.9,1201,25009.7
"5202",1000,0.9,1202,24151.4
"5203",1000,0.9,1203,24498.4
"5204",1000,0.9,1204,24549
"5205",1000,0.9,1205,24574.9
"5206",1000,0.9,1206,24342.4
"5207",1000,0.9,1207,24675.1
"5208",1000,0.9,1208,24906.9
"5209",1000,0.9,1209,24429.5
"5210",1000,0.9,1210,24696.7
"5211",1000,0.9,1211,24691.9
"5212",1000,0.9,1212,24506.2
"5213",1000,0.9,1213,24689.4
"5214",1000,0.9,1214,24886.2
"5215",1000,0.9,1215,24822.3
"5216",1000,0.9,1216,24337
"5217",1000,0.9,1217,24382.3
"5218",1000,0.9,1218,24648.6
"5219",1000,0.9,1219,24591.9
"5220",1000,0.9,1220,24920.7
"5221",1000,0.9,1221,25145.2
"5222",1000,0.9,1222,24509.8
"5223",1000,0.9,1223,24514.7
"5224",1000,0.9,1224,24699.5
"5225",1000,0.9,1225,24790.4
"5226",1000,0.9,1226,24751
"5227",1000,0.9,1227,24707.8
"5228",1000,0.9,1228,24461
"5229",1000,0.9,1229,24336.4
"5230",1000,0.9,1230,24788.8
"5231",1000,0.9,1231,24570.8
"5232",1000,0.9,1232,25191.7
"5233",1000,0.9,1233,24628.8
"5234",1000,0.9,1234,24574.3
"5235",1000,0.9,1235,24849.3
"5236",1000,0.9,1236,25067.3
"5237",1000,0.9,1237,24638.2
"5238",1000,0.9,1238,25087.4
"5239",1000,0.9,1239,24854.2
"5240",1000,0.9,1240,25355.5
"5241",1000,0.9,1241,24269
"5242",1000,0.9,1242,23801
"5243",1000,0.9,1243,24361.2
"5244",1000,0.9,1244,24731.3
"5245",1000,0.9,1245,24359.3
"5246",1000,0.9,1246,24724.4
"5247",1000,0.9,1247,24546.1
"5248",1000,0.9,1248,24334.8
"5249",1000,0.9,1249,24794.4
"5250",1000,0.9,1250,24700.2
"5251",1000,0.9,1251,24958.1
"5252",1000,0.9,1252,24010.1
"5253",1000,0.9,1253,24217.9
"5254",1000,0.9,1254,24207.8
"5255",1000,0.9,1255,24497.8
"5256",1000,0.9,1256,24177
"5257",1000,0.9,1257,24542.8
"5258",1000,0.9,1258,24908
"5259",1000,0.9,1259,24198.2
"5260",1000,0.9,1260,23984.4
"5261",1000,0.9,1261,24438.1
"5262",1000,0.9,1262,24847.3
"5263",1000,0.9,1263,24754.8
"5264",1000,0.9,1264,24260.2
"5265",1000,0.9,1265,24603.9
"5266",1000,0.9,1266,24806.7
"5267",1000,0.9,1267,24766.5
"5268",1000,0.9,1268,25129
"5269",1000,0.9,1269,24601.2
"5270",1000,0.9,1270,24799.3
"5271",1000,0.9,1271,24687.6
"5272",1000,0.9,1272,25157.3
"5273",1000,0.9,1273,24614.5
"5274",1000,0.9,1274,24750.9
"5275",1000,0.9,1275,24055.3
"5276",1000,0.9,1276,24572.2
"5277",1000,0.9,1277,24430.5
"5278",1000,0.9,1278,24928.3
"5279",1000,0.9,1279,24008.4
"5280",1000,0.9,1280,24473.4
"5281",1000,0.9,1281,24414.4
"5282",1000,0.9,1282,24525.5
"5283",1000,0.9,1283,24619.9
"5284",1000,0.9,1284,25058.6
"5285",1000,0.9,1285,24379.3
"5286",1000,0.9,1286,24772.5
"5287",1000,0.9,1287,24830
"5288",1000,0.9,1288,24823.2
"5289",1000,0.9,1289,24919.4
"5290",1000,0.9,1290,24779.4
"5291",1000,0.9,1291,24785.6
"5292",1000,0.9,1292,25043.5
"5293",1000,0.9,1293,24628.8
"5294",1000,0.9,1294,24834.6
"5295",1000,0.9,1295,24941.3
"5296",1000,0.9,1296,25041.8
"5297",1000,0.9,1297,24629
"5298",1000,0.9,1298,24983.3
"5299",1000,0.9,1299,24155.8
"5300",1000,0.9,1300,25183
"5301",1000,0.9,1301,24659.7
"5302",1000,0.9,1302,24819.6
"5303",1000,0.9,1303,24900.6
"5304",1000,0.9,1304,24907.6
"5305",1000,0.9,1305,24378.2
"5306",1000,0.9,1306,24817.6
"5307",1000,0.9,1307,24835.5
"5308",1000,0.9,1308,25134.7
"5309",1000,0.9,1309,24589.8
"5310",1000,0.9,1310,24417.6
"5311",1000,0.9,1311,25180.5
"5312",1000,0.9,1312,24637.3
"5313",1000,0.9,1313,24926
"5314",1000,0.9,1314,24766.8
"5315",1000,0.9,1315,24706.4
"5316",1000,0.9,1316,25266.8
"5317",1000,0.9,1317,24691.8
"5318",1000,0.9,1318,24216.7
"5319",1000,0.9,1319,25208.3
"5320",1000,0.9,1320,24866.4
"5321",1000,0.9,1321,24517.9
"5322",1000,0.9,1322,24705.1
"5323",1000,0.9,1323,24818.4
"5324",1000,0.9,1324,24560
"5325",1000,0.9,1325,24390.9
"5326",1000,0.9,1326,24944.9
"5327",1000,0.9,1327,25030.6
"5328",1000,0.9,1328,24448.4
"5329",1000,0.9,1329,24567.7
"5330",1000,0.9,1330,24330.6
"5331",1000,0.9,1331,24066.2
"5332",1000,0.9,1332,24289.6
"5333",1000,0.9,1333,25184.2
"5334",1000,0.9,1334,24934.5
"5335",1000,0.9,1335,24727
"5336",1000,0.9,1336,24960.4
"5337",1000,0.9,1337,24771.7
"5338",1000,0.9,1338,24674.9
"5339",1000,0.9,1339,24996.8
"5340",1000,0.9,1340,24872.5
"5341",1000,0.9,1341,24880.1
"5342",1000,0.9,1342,25092.5
"5343",1000,0.9,1343,24559.3
"5344",1000,0.9,1344,24429
"5345",1000,0.9,1345,24453.8
"5346",1000,0.9,1346,24484.6
"5347",1000,0.9,1347,24165.6
"5348",1000,0.9,1348,24469.4
"5349",1000,0.9,1349,24688.5
"5350",1000,0.9,1350,24754.7
"5351",1000,0.9,1351,24700
"5352",1000,0.9,1352,25498.4
"5353",1000,0.9,1353,25041.1
"5354",1000,0.9,1354,24570.7
"5355",1000,0.9,1355,24207.2
"5356",1000,0.9,1356,24200.6
"5357",1000,0.9,1357,24585.2
"5358",1000,0.9,1358,24595.3
"5359",1000,0.9,1359,24583.7
"5360",1000,0.9,1360,24554.2
"5361",1000,0.9,1361,24722
"5362",1000,0.9,1362,24682.4
"5363",1000,0.9,1363,24770.4
"5364",1000,0.9,1364,25211.5
"5365",1000,0.9,1365,24994.7
"5366",1000,0.9,1366,25042.4
"5367",1000,0.9,1367,24626
"5368",1000,0.9,1368,24111.9
"5369",1000,0.9,1369,24493.9
"5370",1000,0.9,1370,24590.3
"5371",1000,0.9,1371,24684.5
"5372",1000,0.9,1372,24797.9
"5373",1000,0.9,1373,25096.7
"5374",1000,0.9,1374,25249.8
"5375",1000,0.9,1375,24391.8
"5376",1000,0.9,1376,24336.2
"5377",1000,0.9,1377,24584.8
"5378",1000,0.9,1378,24482
"5379",1000,0.9,1379,24297
"5380",1000,0.9,1380,24918.9
"5381",1000,0.9,1381,24457.7
"5382",1000,0.9,1382,24644.4
"5383",1000,0.9,1383,24675.6
"5384",1000,0.9,1384,25069.9
"5385",1000,0.9,1385,24331.5
"5386",1000,0.9,1386,25082.5
"5387",1000,0.9,1387,24694.6
"5388",1000,0.9,1388,24824.8
"5389",1000,0.9,1389,24770.5
"5390",1000,0.9,1390,24979.4
"5391",1000,0.9,1391,24219.6
"5392",1000,0.9,1392,24669.3
"5393",1000,0.9,1393,24552.1
"5394",1000,0.9,1394,24430.1
"5395",1000,0.9,1395,24812.9
"5396",1000,0.9,1396,25058
"5397",1000,0.9,1397,25207.1
"5398",1000,0.9,1398,24670.2
"5399",1000,0.9,1399,24919.9
"5400",1000,0.9,1400,24763.4
"5401",1000,0.9,1401,24566.9
"5402",1000,0.9,1402,24806.1
"5403",1000,0.9,1403,25056
"5404",1000,0.9,1404,25349.7
"5405",1000,0.9,1405,24468.7
"5406",1000,0.9,1406,24840.4
"5407",1000,0.9,1407,24881.8
"5408",1000,0.9,1408,24931.6
"5409",1000,0.9,1409,25126.3
"5410",1000,0.9,1410,24594.5
"5411",1000,0.9,1411,24826
"5412",1000,0.9,1412,24586.7
"5413",1000,0.9,1413,24704.9
"5414",1000,0.9,1414,25400.9
"5415",1000,0.9,1415,24254.8
"5416",1000,0.9,1416,24662.6
"5417",1000,0.9,1417,24621.3
"5418",1000,0.9,1418,24775.7
"5419",1000,0.9,1419,25238
"5420",1000,0.9,1420,24704.7
"5421",1000,0.9,1421,24546.1
"5422",1000,0.9,1422,24180.7
"5423",1000,0.9,1423,24606.8
"5424",1000,0.9,1424,24943.6
"5425",1000,0.9,1425,25120.4
"5426",1000,0.9,1426,24934.1
"5427",1000,0.9,1427,24562.2
"5428",1000,0.9,1428,24655.8
"5429",1000,0.9,1429,25081.4
"5430",1000,0.9,1430,24694.9
"5431",1000,0.9,1431,24769
"5432",1000,0.9,1432,24824.9
"5433",1000,0.9,1433,24502.8
"5434",1000,0.9,1434,25152.8
"5435",1000,0.9,1435,25147.4
"5436",1000,0.9,1436,24863.8
"5437",1000,0.9,1437,24813.9
"5438",1000,0.9,1438,24834.2
"5439",1000,0.9,1439,24775
"5440",1000,0.9,1440,25025.1
"5441",1000,0.9,1441,25036.3
"5442",1000,0.9,1442,25168.1
"5443",1000,0.9,1443,24456.8
"5444",1000,0.9,1444,25132.8
"5445",1000,0.9,1445,24572.1
"5446",1000,0.9,1446,24660.8
"5447",1000,0.9,1447,24505.8
"5448",1000,0.9,1448,24619.3
"5449",1000,0.9,1449,24650.1
"5450",1000,0.9,1450,24438.7
"5451",1000,0.9,1451,24705.6
"5452",1000,0.9,1452,24829.8
"5453",1000,0.9,1453,25131.7
"5454",1000,0.9,1454,25124.8
"5455",1000,0.9,1455,24157.6
"5456",1000,0.9,1456,24501
"5457",1000,0.9,1457,24629.5
"5458",1000,0.9,1458,24363.5
"5459",1000,0.9,1459,24754.4
"5460",1000,0.9,1460,25002.7
"5461",1000,0.9,1461,24266.9
"5462",1000,0.9,1462,24851.1
"5463",1000,0.9,1463,24673.2
"5464",1000,0.9,1464,25036.1
"5465",1000,0.9,1465,24649.3
"5466",1000,0.9,1466,24389.1
"5467",1000,0.9,1467,24753.5
"5468",1000,0.9,1468,24923.8
"5469",1000,0.9,1469,24960.2
"5470",1000,0.9,1470,25045.5
"5471",1000,0.9,1471,24849.2
"5472",1000,0.9,1472,25070.1
"5473",1000,0.9,1473,25097.2
"5474",1000,0.9,1474,24595.8
"5475",1000,0.9,1475,24748.7
"5476",1000,0.9,1476,25018
"5477",1000,0.9,1477,24025.1
"5478",1000,0.9,1478,24267.6
"5479",1000,0.9,1479,23944.3
"5480",1000,0.9,1480,24261.7
"5481",1000,0.9,1481,24498.2
"5482",1000,0.9,1482,24748.6
"5483",1000,0.9,1483,24005.4
"5484",1000,0.9,1484,24815
"5485",1000,0.9,1485,24861.1
"5486",1000,0.9,1486,24617.7
"5487",1000,0.9,1487,24794.9
"5488",1000,0.9,1488,24476
"5489",1000,0.9,1489,24909.8
"5490",1000,0.9,1490,24853
"5491",1000,0.9,1491,24950.2
"5492",1000,0.9,1492,25146.5
"5493",1000,0.9,1493,24841
"5494",1000,0.9,1494,24629.6
"5495",1000,0.9,1495,24689.3
"5496",1000,0.9,1496,25052.9
"5497",1000,0.9,1497,24836.9
"5498",1000,0.9,1498,24670.2
"5499",1000,0.9,1499,24890.4
"5500",1000,0.9,1500,24964.1
"5501",1000,0.9,1501,24591.3
"5502",1000,0.9,1502,25101.3
"5503",1000,0.9,1503,24608.7
"5504",1000,0.9,1504,24673.7
"5505",1000,0.9,1505,24448.8
"5506",1000,0.9,1506,24997.4
"5507",1000,0.9,1507,24716.3
"5508",1000,0.9,1508,24741.3
"5509",1000,0.9,1509,24434.9
"5510",1000,0.9,1510,24937.1
"5511",1000,0.9,1511,25015.9
"5512",1000,0.9,1512,25213
"5513",1000,0.9,1513,24712.1
"5514",1000,0.9,1514,24329.4
"5515",1000,0.9,1515,24375.7
"5516",1000,0.9,1516,24807.2
"5517",1000,0.9,1517,24790.8
"5518",1000,0.9,1518,24488.4
"5519",1000,0.9,1519,24626.4
"5520",1000,0.9,1520,24886.9
"5521",1000,0.9,1521,24920.7
"5522",1000,0.9,1522,24757.9
"5523",1000,0.9,1523,24829.1
"5524",1000,0.9,1524,24793.6
"5525",1000,0.9,1525,24361.2
"5526",1000,0.9,1526,24636.6
"5527",1000,0.9,1527,24915.9
"5528",1000,0.9,1528,25080.1
"5529",1000,0.9,1529,25144.5
"5530",1000,0.9,1530,24462.9
"5531",1000,0.9,1531,24739.3
"5532",1000,0.9,1532,25042.2
"5533",1000,0.9,1533,24724
"5534",1000,0.9,1534,24754.7
"5535",1000,0.9,1535,24697.1
"5536",1000,0.9,1536,24669.7
"5537",1000,0.9,1537,24965.3
"5538",1000,0.9,1538,24697.3
"5539",1000,0.9,1539,24874.9
"5540",1000,0.9,1540,24600.2
"5541",1000,0.9,1541,24699.6
"5542",1000,0.9,1542,25102.8
"5543",1000,0.9,1543,24441.6
"5544",1000,0.9,1544,24995.6
"5545",1000,0.9,1545,24730.1
"5546",1000,0.9,1546,24912.4
"5547",1000,0.9,1547,24565.1
"5548",1000,0.9,1548,24893.7
"5549",1000,0.9,1549,24580.5
"5550",1000,0.9,1550,24335.3
"5551",1000,0.9,1551,24480
"5552",1000,0.9,1552,25119.2
"5553",1000,0.9,1553,25142.3
"5554",1000,0.9,1554,24846
"5555",1000,0.9,1555,24833.6
"5556",1000,0.9,1556,24618.2
"5557",1000,0.9,1557,24413
"5558",1000,0.9,1558,24692.3
"5559",1000,0.9,1559,25197
"5560",1000,0.9,1560,24696.6
"5561",1000,0.9,1561,24835.8
"5562",1000,0.9,1562,25605.3
"5563",1000,0.9,1563,24291.2
"5564",1000,0.9,1564,24568.7
"5565",1000,0.9,1565,24189.2
"5566",1000,0.9,1566,24131.2
"5567",1000,0.9,1567,24192.2
"5568",1000,0.9,1568,24751.3
"5569",1000,0.9,1569,25158.8
"5570",1000,0.9,1570,24965.9
"5571",1000,0.9,1571,24169.7
"5572",1000,0.9,1572,24214.7
"5573",1000,0.9,1573,24554.7
"5574",1000,0.9,1574,25120.3
"5575",1000,0.9,1575,24337
"5576",1000,0.9,1576,24357.7
"5577",1000,0.9,1577,24281.7
"5578",1000,0.9,1578,24186.5
"5579",1000,0.9,1579,24741.4
"5580",1000,0.9,1580,24285.8
"5581",1000,0.9,1581,24420.6
"5582",1000,0.9,1582,24469.2
"5583",1000,0.9,1583,24695.9
"5584",1000,0.9,1584,24399.4
"5585",1000,0.9,1585,24429.2
"5586",1000,0.9,1586,24515.8
"5587",1000,0.9,1587,24331.5
"5588",1000,0.9,1588,24402.9
"5589",1000,0.9,1589,24559
"5590",1000,0.9,1590,24781.9
"5591",1000,0.9,1591,25111.5
"5592",1000,0.9,1592,24679
"5593",1000,0.9,1593,24537.6
"5594",1000,0.9,1594,24995.9
"5595",1000,0.9,1595,24728.7
"5596",1000,0.9,1596,24661.3
"5597",1000,0.9,1597,25131
"5598",1000,0.9,1598,24883.7
"5599",1000,0.9,1599,24397.9
"5600",1000,0.9,1600,24821.3
"5601",1000,0.9,1601,24560.9
"5602",1000,0.9,1602,24444.4
"5603",1000,0.9,1603,24437
"5604",1000,0.9,1604,25076.1
"5605",1000,0.9,1605,24815.5
"5606",1000,0.9,1606,24390.8
"5607",1000,0.9,1607,24481.9
"5608",1000,0.9,1608,24029.9
"5609",1000,0.9,1609,24512.7
"5610",1000,0.9,1610,24666
"5611",1000,0.9,1611,24634.3
"5612",1000,0.9,1612,24161.7
"5613",1000,0.9,1613,24003.7
"5614",1000,0.9,1614,24250.6
"5615",1000,0.9,1615,25158.6
"5616",1000,0.9,1616,24490.7
"5617",1000,0.9,1617,24442.5
"5618",1000,0.9,1618,24838.1
"5619",1000,0.9,1619,25040.9
"5620",1000,0.9,1620,24319.8
"5621",1000,0.9,1621,24607.5
"5622",1000,0.9,1622,24641.5
"5623",1000,0.9,1623,24910.4
"5624",1000,0.9,1624,24294.3
"5625",1000,0.9,1625,24936.4
"5626",1000,0.9,1626,24916.9
"5627",1000,0.9,1627,24617.6
"5628",1000,0.9,1628,25442.3
"5629",1000,0.9,1629,24532.8
"5630",1000,0.9,1630,24012.9
"5631",1000,0.9,1631,24570
"5632",1000,0.9,1632,24591.4
"5633",1000,0.9,1633,24796.8
"5634",1000,0.9,1634,24843.6
"5635",1000,0.9,1635,25093.2
"5636",1000,0.9,1636,25107.4
"5637",1000,0.9,1637,24910.7
"5638",1000,0.9,1638,25143.6
"5639",1000,0.9,1639,24686.4
"5640",1000,0.9,1640,24450.9
"5641",1000,0.9,1641,24923.4
"5642",1000,0.9,1642,24349.6
"5643",1000,0.9,1643,24798.1
"5644",1000,0.9,1644,24983.4
"5645",1000,0.9,1645,25135.5
"5646",1000,0.9,1646,24682
"5647",1000,0.9,1647,24057.2
"5648",1000,0.9,1648,24209.1
"5649",1000,0.9,1649,24612.7
"5650",1000,0.9,1650,24459.4
"5651",1000,0.9,1651,24933.4
"5652",1000,0.9,1652,24265
"5653",1000,0.9,1653,24512
"5654",1000,0.9,1654,24602.5
"5655",1000,0.9,1655,24575.8
"5656",1000,0.9,1656,24859.5
"5657",1000,0.9,1657,24252.1
"5658",1000,0.9,1658,24545.3
"5659",1000,0.9,1659,24503.6
"5660",1000,0.9,1660,24571.4
"5661",1000,0.9,1661,24974.3
"5662",1000,0.9,1662,24985
"5663",1000,0.9,1663,25018.6
"5664",1000,0.9,1664,24349.5
"5665",1000,0.9,1665,25129.6
"5666",1000,0.9,1666,24516.4
"5667",1000,0.9,1667,24937.4
"5668",1000,0.9,1668,25027.2
"5669",1000,0.9,1669,25191.3
"5670",1000,0.9,1670,24704.4
"5671",1000,0.9,1671,24323.6
"5672",1000,0.9,1672,24479.1
"5673",1000,0.9,1673,24744.3
"5674",1000,0.9,1674,25099
"5675",1000,0.9,1675,24594.6
"5676",1000,0.9,1676,24431.1
"5677",1000,0.9,1677,25010.9
"5678",1000,0.9,1678,24901.9
"5679",1000,0.9,1679,24942.2
"5680",1000,0.9,1680,24591.4
"5681",1000,0.9,1681,25016.3
"5682",1000,0.9,1682,24659.1
"5683",1000,0.9,1683,24814
"5684",1000,0.9,1684,24350
"5685",1000,0.9,1685,24962.5
"5686",1000,0.9,1686,24531.2
"5687",1000,0.9,1687,24501.7
"5688",1000,0.9,1688,24075.1
"5689",1000,0.9,1689,24676
"5690",1000,0.9,1690,24096.7
"5691",1000,0.9,1691,24376.6
"5692",1000,0.9,1692,24775.4
"5693",1000,0.9,1693,24584.8
"5694",1000,0.9,1694,24935.5
"5695",1000,0.9,1695,24912
"5696",1000,0.9,1696,24279.4
"5697",1000,0.9,1697,24231.4
"5698",1000,0.9,1698,24842.1
"5699",1000,0.9,1699,24059.2
"5700",1000,0.9,1700,24885
"5701",1000,0.9,1701,24584.8
"5702",1000,0.9,1702,24867.3
"5703",1000,0.9,1703,24843.5
"5704",1000,0.9,1704,24890.1
"5705",1000,0.9,1705,24552.5
"5706",1000,0.9,1706,24690.8
"5707",1000,0.9,1707,24790.9
"5708",1000,0.9,1708,24951.1
"5709",1000,0.9,1709,24931
"5710",1000,0.9,1710,24849.6
"5711",1000,0.9,1711,24841.3
"5712",1000,0.9,1712,24499.1
"5713",1000,0.9,1713,24760.5
"5714",1000,0.9,1714,24538.9
"5715",1000,0.9,1715,24424.5
"5716",1000,0.9,1716,24956.1
"5717",1000,0.9,1717,24776.3
"5718",1000,0.9,1718,24947.6
"5719",1000,0.9,1719,24992.9
"5720",1000,0.9,1720,25032.7
"5721",1000,0.9,1721,24500.7
"5722",1000,0.9,1722,24779.5
"5723",1000,0.9,1723,24860.7
"5724",1000,0.9,1724,24533
"5725",1000,0.9,1725,24253.5
"5726",1000,0.9,1726,24994.5
"5727",1000,0.9,1727,24601.4
"5728",1000,0.9,1728,24962.3
"5729",1000,0.9,1729,24409.3
"5730",1000,0.9,1730,24635.3
"5731",1000,0.9,1731,24733
"5732",1000,0.9,1732,25103.2
"5733",1000,0.9,1733,24776.3
"5734",1000,0.9,1734,24879.7
"5735",1000,0.9,1735,24823.5
"5736",1000,0.9,1736,24708.5
"5737",1000,0.9,1737,24868.8
"5738",1000,0.9,1738,24873.9
"5739",1000,0.9,1739,25488.7
"5740",1000,0.9,1740,24615.4
"5741",1000,0.9,1741,24105.1
"5742",1000,0.9,1742,24224.4
"5743",1000,0.9,1743,24623.9
"5744",1000,0.9,1744,24329.9
"5745",1000,0.9,1745,24737.6
"5746",1000,0.9,1746,25284.9
"5747",1000,0.9,1747,25119.3
"5748",1000,0.9,1748,25069
"5749",1000,0.9,1749,24222.5
"5750",1000,0.9,1750,24457.4
"5751",1000,0.9,1751,24500.4
"5752",1000,0.9,1752,24602
"5753",1000,0.9,1753,24882.3
"5754",1000,0.9,1754,24910.1
"5755",1000,0.9,1755,25216.7
"5756",1000,0.9,1756,24504.1
"5757",1000,0.9,1757,24810
"5758",1000,0.9,1758,24391.9
"5759",1000,0.9,1759,24807.9
"5760",1000,0.9,1760,24375.6
"5761",1000,0.9,1761,25186.9
"5762",1000,0.9,1762,24810.2
"5763",1000,0.9,1763,24649.7
"5764",1000,0.9,1764,24716.5
"5765",1000,0.9,1765,24472.8
"5766",1000,0.9,1766,24965.2
"5767",1000,0.9,1767,24579.3
"5768",1000,0.9,1768,24492
"5769",1000,0.9,1769,24766.8
"5770",1000,0.9,1770,25044.2
"5771",1000,0.9,1771,25119.9
"5772",1000,0.9,1772,24796.8
"5773",1000,0.9,1773,24474.5
"5774",1000,0.9,1774,24957.7
"5775",1000,0.9,1775,24577.9
"5776",1000,0.9,1776,24542.6
"5777",1000,0.9,1777,24341.7
"5778",1000,0.9,1778,24494.5
"5779",1000,0.9,1779,24983.8
"5780",1000,0.9,1780,24646.9
"5781",1000,0.9,1781,25171
"5782",1000,0.9,1782,24383
"5783",1000,0.9,1783,24509
"5784",1000,0.9,1784,24796.7
"5785",1000,0.9,1785,24148
"5786",1000,0.9,1786,24255.1
"5787",1000,0.9,1787,24433.4
"5788",1000,0.9,1788,24375.8
"5789",1000,0.9,1789,24453.6
"5790",1000,0.9,1790,24414.9
"5791",1000,0.9,1791,24984.5
"5792",1000,0.9,1792,24631.6
"5793",1000,0.9,1793,25240.2
"5794",1000,0.9,1794,24980.6
"5795",1000,0.9,1795,24801
"5796",1000,0.9,1796,24811.4
"5797",1000,0.9,1797,24785.7
"5798",1000,0.9,1798,24995.2
"5799",1000,0.9,1799,24904.7
"5800",1000,0.9,1800,24921
"5801",1000,0.9,1801,24791.4
"5802",1000,0.9,1802,25030.5
"5803",1000,0.9,1803,24535.2
"5804",1000,0.9,1804,24788.4
"5805",1000,0.9,1805,24732.9
"5806",1000,0.9,1806,24400.3
"5807",1000,0.9,1807,24400.6
"5808",1000,0.9,1808,24648.9
"5809",1000,0.9,1809,24765.6
"5810",1000,0.9,1810,24725.6
"5811",1000,0.9,1811,24476.6
"5812",1000,0.9,1812,24898.9
"5813",1000,0.9,1813,24933.1
"5814",1000,0.9,1814,24770.1
"5815",1000,0.9,1815,24701.6
"5816",1000,0.9,1816,25005.5
"5817",1000,0.9,1817,24969.9
"5818",1000,0.9,1818,24892.1
"5819",1000,0.9,1819,24314.7
"5820",1000,0.9,1820,24419.5
"5821",1000,0.9,1821,24835.3
"5822",1000,0.9,1822,24727.9
"5823",1000,0.9,1823,25022.4
"5824",1000,0.9,1824,25064.6
"5825",1000,0.9,1825,24497.3
"5826",1000,0.9,1826,24547.6
"5827",1000,0.9,1827,25044.9
"5828",1000,0.9,1828,25407.3
"5829",1000,0.9,1829,24380.1
"5830",1000,0.9,1830,24465.9
"5831",1000,0.9,1831,24428.7
"5832",1000,0.9,1832,24855.7
"5833",1000,0.9,1833,24305.2
"5834",1000,0.9,1834,24954.9
"5835",1000,0.9,1835,25086.8
"5836",1000,0.9,1836,24835.8
"5837",1000,0.9,1837,24621.7
"5838",1000,0.9,1838,24576.4
"5839",1000,0.9,1839,24361.1
"5840",1000,0.9,1840,24835.3
"5841",1000,0.9,1841,24727.6
"5842",1000,0.9,1842,25219.4
"5843",1000,0.9,1843,24570.1
"5844",1000,0.9,1844,24748.8
"5845",1000,0.9,1845,23945.8
"5846",1000,0.9,1846,24148.4
"5847",1000,0.9,1847,24544
"5848",1000,0.9,1848,24691.6
"5849",1000,0.9,1849,24565
"5850",1000,0.9,1850,24849.6
"5851",1000,0.9,1851,24318.2
"5852",1000,0.9,1852,24268.8
"5853",1000,0.9,1853,24547.8
"5854",1000,0.9,1854,24907.5
"5855",1000,0.9,1855,25142
"5856",1000,0.9,1856,24885.9
"5857",1000,0.9,1857,24372.4
"5858",1000,0.9,1858,24753.3
"5859",1000,0.9,1859,24201.3
"5860",1000,0.9,1860,24272
"5861",1000,0.9,1861,24328.5
"5862",1000,0.9,1862,24303.3
"5863",1000,0.9,1863,24599.6
"5864",1000,0.9,1864,24964.6
"5865",1000,0.9,1865,24749.8
"5866",1000,0.9,1866,24963.9
"5867",1000,0.9,1867,24381.7
"5868",1000,0.9,1868,24061.8
"5869",1000,0.9,1869,24195.6
"5870",1000,0.9,1870,24492.6
"5871",1000,0.9,1871,24789.7
"5872",1000,0.9,1872,24780.9
"5873",1000,0.9,1873,24848.6
"5874",1000,0.9,1874,24982.5
"5875",1000,0.9,1875,25235.7
"5876",1000,0.9,1876,24665.5
"5877",1000,0.9,1877,24660.9
"5878",1000,0.9,1878,24548
"5879",1000,0.9,1879,24884.8
"5880",1000,0.9,1880,24935.7
"5881",1000,0.9,1881,24538.5
"5882",1000,0.9,1882,24632.6
"5883",1000,0.9,1883,24350.4
"5884",1000,0.9,1884,24828.1
"5885",1000,0.9,1885,24660.1
"5886",1000,0.9,1886,24798.7
"5887",1000,0.9,1887,24953.9
"5888",1000,0.9,1888,24507.4
"5889",1000,0.9,1889,24172.6
"5890",1000,0.9,1890,24821
"5891",1000,0.9,1891,24548.5
"5892",1000,0.9,1892,24592.4
"5893",1000,0.9,1893,24784.8
"5894",1000,0.9,1894,24838.6
"5895",1000,0.9,1895,24188.7
"5896",1000,0.9,1896,24576.4
"5897",1000,0.9,1897,24636.1
"5898",1000,0.9,1898,24537.8
"5899",1000,0.9,1899,24880.6
"5900",1000,0.9,1900,24843.7
"5901",1000,0.9,1901,24860.8
"5902",1000,0.9,1902,24953.4
"5903",1000,0.9,1903,24748.8
"5904",1000,0.9,1904,24991.4
"5905",1000,0.9,1905,24481.6
"5906",1000,0.9,1906,24504.4
"5907",1000,0.9,1907,24595.8
"5908",1000,0.9,1908,24655.2
"5909",1000,0.9,1909,24624.4
"5910",1000,0.9,1910,24764.9
"5911",1000,0.9,1911,25268.1
"5912",1000,0.9,1912,25047
"5913",1000,0.9,1913,25079.1
"5914",1000,0.9,1914,24633
"5915",1000,0.9,1915,24851.1
"5916",1000,0.9,1916,24416.5
"5917",1000,0.9,1917,24463.7
"5918",1000,0.9,1918,25102.8
"5919",1000,0.9,1919,24608.1
"5920",1000,0.9,1920,24742.1
"5921",1000,0.9,1921,24933.5
"5922",1000,0.9,1922,24696.4
"5923",1000,0.9,1923,24211.6
"5924",1000,0.9,1924,24478.9
"5925",1000,0.9,1925,24965.4
"5926",1000,0.9,1926,24623.4
"5927",1000,0.9,1927,24444.1
"5928",1000,0.9,1928,24597.5
"5929",1000,0.9,1929,24386.3
"5930",1000,0.9,1930,24760.4
"5931",1000,0.9,1931,24820.4
"5932",1000,0.9,1932,24947.2
"5933",1000,0.9,1933,24972.7
"5934",1000,0.9,1934,24397.7
"5935",1000,0.9,1935,24845.9
"5936",1000,0.9,1936,24851.3
"5937",1000,0.9,1937,24462.5
"5938",1000,0.9,1938,24344.5
"5939",1000,0.9,1939,24902.3
"5940",1000,0.9,1940,24723.7
"5941",1000,0.9,1941,25114.1
"5942",1000,0.9,1942,25422
"5943",1000,0.9,1943,24743
"5944",1000,0.9,1944,24475
"5945",1000,0.9,1945,24749.8
"5946",1000,0.9,1946,24773.2
"5947",1000,0.9,1947,24776.7
"5948",1000,0.9,1948,25019.5
"5949",1000,0.9,1949,24695.4
"5950",1000,0.9,1950,24466.8
"5951",1000,0.9,1951,24945.5
"5952",1000,0.9,1952,25369.6
"5953",1000,0.9,1953,24725.9
"5954",1000,0.9,1954,24686.8
"5955",1000,0.9,1955,24546.4
"5956",1000,0.9,1956,24392.1
"5957",1000,0.9,1957,24269.7
"5958",1000,0.9,1958,24998.3
"5959",1000,0.9,1959,24959.3
"5960",1000,0.9,1960,24734.1
"5961",1000,0.9,1961,24330.1
"5962",1000,0.9,1962,24173.1
"5963",1000,0.9,1963,24890.8
"5964",1000,0.9,1964,25033
"5965",1000,0.9,1965,24480.9
"5966",1000,0.9,1966,24804.5
"5967",1000,0.9,1967,24551.9
"5968",1000,0.9,1968,25348
"5969",1000,0.9,1969,25266.4
"5970",1000,0.9,1970,24225.7
"5971",1000,0.9,1971,24218.7
"5972",1000,0.9,1972,24379.5
"5973",1000,0.9,1973,24719.4
"5974",1000,0.9,1974,24408.7
"5975",1000,0.9,1975,24210.4
"5976",1000,0.9,1976,24217.7
"5977",1000,0.9,1977,24856.4
"5978",1000,0.9,1978,25210.9
"5979",1000,0.9,1979,24737.3
"5980",1000,0.9,1980,24395.1
"5981",1000,0.9,1981,24355.7
"5982",1000,0.9,1982,24810.8
"5983",1000,0.9,1983,24775.8
"5984",1000,0.9,1984,25412.4
"5985",1000,0.9,1985,24892.2
"5986",1000,0.9,1986,24940.8
"5987",1000,0.9,1987,24420.8
"5988",1000,0.9,1988,24786.4
"5989",1000,0.9,1989,24739.5
"5990",1000,0.9,1990,25038.3
"5991",1000,0.9,1991,24378
"5992",1000,0.9,1992,23857.1
"5993",1000,0.9,1993,24663
"5994",1000,0.9,1994,25217.3
"5995",1000,0.9,1995,24153.8
"5996",1000,0.9,1996,24667.8
"5997",1000,0.9,1997,24827.9
"5998",1000,0.9,1998,23969.2
"5999",1000,0.9,1999,24236.9
"6000",1000,0.9,2000,24203.4
"6001",2500,0.1,1,5443.3
"6002",2500,0.1,2,5838.5
"6003",2500,0.1,3,6223.8
"6004",2500,0.1,4,6429.1
"6005",2500,0.1,5,6445.3
"6006",2500,0.1,6,6756.5
"6007",2500,0.1,7,6976.2
"6008",2500,0.1,8,7178.3
"6009",2500,0.1,9,7341.2
"6010",2500,0.1,10,7489.6
"6011",2500,0.1,11,7377
"6012",2500,0.1,12,7557.2
"6013",2500,0.1,13,7764.1
"6014",2500,0.1,14,7881
"6015",2500,0.1,15,8120.6
"6016",2500,0.1,16,8172.1
"6017",2500,0.1,17,8368.2
"6018",2500,0.1,18,8526.8
"6019",2500,0.1,19,8704.6
"6020",2500,0.1,20,9031.3
"6021",2500,0.1,21,9196.3
"6022",2500,0.1,22,9327
"6023",2500,0.1,23,9336.8
"6024",2500,0.1,24,9586.6
"6025",2500,0.1,25,9751.5
"6026",2500,0.1,26,9681.4
"6027",2500,0.1,27,9882.4
"6028",2500,0.1,28,10029.1
"6029",2500,0.1,29,10015.5
"6030",2500,0.1,30,10153.1
"6031",2500,0.1,31,10311.9
"6032",2500,0.1,32,10485.2
"6033",2500,0.1,33,10715.1
"6034",2500,0.1,34,10603.9
"6035",2500,0.1,35,10834.6
"6036",2500,0.1,36,10879.6
"6037",2500,0.1,37,11068.5
"6038",2500,0.1,38,11186.6
"6039",2500,0.1,39,11143.5
"6040",2500,0.1,40,11151.7
"6041",2500,0.1,41,11359.7
"6042",2500,0.1,42,11613.9
"6043",2500,0.1,43,11554.3
"6044",2500,0.1,44,11785.9
"6045",2500,0.1,45,11827.9
"6046",2500,0.1,46,11822
"6047",2500,0.1,47,11834.8
"6048",2500,0.1,48,11813.5
"6049",2500,0.1,49,12052.6
"6050",2500,0.1,50,12384.5
"6051",2500,0.1,51,12374.4
"6052",2500,0.1,52,12403.7
"6053",2500,0.1,53,12488.4
"6054",2500,0.1,54,12862.4
"6055",2500,0.1,55,13030.3
"6056",2500,0.1,56,13174.5
"6057",2500,0.1,57,13234.6
"6058",2500,0.1,58,13413.5
"6059",2500,0.1,59,13463.8
"6060",2500,0.1,60,13916.4
"6061",2500,0.1,61,13916.1
"6062",2500,0.1,62,13862.6
"6063",2500,0.1,63,13892.6
"6064",2500,0.1,64,14081.9
"6065",2500,0.1,65,14074.7
"6066",2500,0.1,66,14449.2
"6067",2500,0.1,67,14330.2
"6068",2500,0.1,68,14644.5
"6069",2500,0.1,69,14996.1
"6070",2500,0.1,70,14939.9
"6071",2500,0.1,71,15203.7
"6072",2500,0.1,72,15195.9
"6073",2500,0.1,73,15205.7
"6074",2500,0.1,74,15485.2
"6075",2500,0.1,75,15664.3
"6076",2500,0.1,76,15849.1
"6077",2500,0.1,77,16379.7
"6078",2500,0.1,78,16238.3
"6079",2500,0.1,79,16394.3
"6080",2500,0.1,80,16364
"6081",2500,0.1,81,16882.3
"6082",2500,0.1,82,17068.1
"6083",2500,0.1,83,17131.6
"6084",2500,0.1,84,17194.5
"6085",2500,0.1,85,17440.4
"6086",2500,0.1,86,17807.2
"6087",2500,0.1,87,17835.6
"6088",2500,0.1,88,18075.6
"6089",2500,0.1,89,18247.8
"6090",2500,0.1,90,18181.4
"6091",2500,0.1,91,18450.5
"6092",2500,0.1,92,18490.4
"6093",2500,0.1,93,18799.3
"6094",2500,0.1,94,18660.1
"6095",2500,0.1,95,19193.5
"6096",2500,0.1,96,19643.6
"6097",2500,0.1,97,19861.4
"6098",2500,0.1,98,20249
"6099",2500,0.1,99,20308.9
"6100",2500,0.1,100,20672.5
"6101",2500,0.1,101,20676.4
"6102",2500,0.1,102,20688.7
"6103",2500,0.1,103,21156.4
"6104",2500,0.1,104,21420.3
"6105",2500,0.1,105,21611.7
"6106",2500,0.1,106,21752.5
"6107",2500,0.1,107,21955.4
"6108",2500,0.1,108,22361.8
"6109",2500,0.1,109,22198.4
"6110",2500,0.1,110,22410.6
"6111",2500,0.1,111,22863.9
"6112",2500,0.1,112,23267.2
"6113",2500,0.1,113,23818.1
"6114",2500,0.1,114,24301
"6115",2500,0.1,115,24171.6
"6116",2500,0.1,116,24706.9
"6117",2500,0.1,117,24724.5
"6118",2500,0.1,118,24842.7
"6119",2500,0.1,119,24858.3
"6120",2500,0.1,120,25127
"6121",2500,0.1,121,24877.1
"6122",2500,0.1,122,25038.4
"6123",2500,0.1,123,24771.6
"6124",2500,0.1,124,24439
"6125",2500,0.1,125,24381.1
"6126",2500,0.1,126,24421.9
"6127",2500,0.1,127,24655.5
"6128",2500,0.1,128,25292.3
"6129",2500,0.1,129,24622.4
"6130",2500,0.1,130,24709
"6131",2500,0.1,131,24354.4
"6132",2500,0.1,132,24529.1
"6133",2500,0.1,133,24989.8
"6134",2500,0.1,134,24433.5
"6135",2500,0.1,135,24606.1
"6136",2500,0.1,136,24375.1
"6137",2500,0.1,137,24289.2
"6138",2500,0.1,138,25040.5
"6139",2500,0.1,139,24216.5
"6140",2500,0.1,140,24315.4
"6141",2500,0.1,141,24396.6
"6142",2500,0.1,142,24274.7
"6143",2500,0.1,143,24246
"6144",2500,0.1,144,24401.7
"6145",2500,0.1,145,24825.2
"6146",2500,0.1,146,24789.5
"6147",2500,0.1,147,24461.4
"6148",2500,0.1,148,24798
"6149",2500,0.1,149,24597.6
"6150",2500,0.1,150,24377.4
"6151",2500,0.1,151,24737.6
"6152",2500,0.1,152,24536.9
"6153",2500,0.1,153,24594.3
"6154",2500,0.1,154,24279.8
"6155",2500,0.1,155,24603
"6156",2500,0.1,156,24608.3
"6157",2500,0.1,157,24622
"6158",2500,0.1,158,24456
"6159",2500,0.1,159,24474
"6160",2500,0.1,160,24353.3
"6161",2500,0.1,161,24624.5
"6162",2500,0.1,162,24812.3
"6163",2500,0.1,163,24394.8
"6164",2500,0.1,164,24449.3
"6165",2500,0.1,165,24465.2
"6166",2500,0.1,166,24875.1
"6167",2500,0.1,167,24202.1
"6168",2500,0.1,168,24168.9
"6169",2500,0.1,169,24542.1
"6170",2500,0.1,170,24621.8
"6171",2500,0.1,171,24659.8
"6172",2500,0.1,172,24520.1
"6173",2500,0.1,173,24212.3
"6174",2500,0.1,174,24708.3
"6175",2500,0.1,175,24487.7
"6176",2500,0.1,176,24548.3
"6177",2500,0.1,177,24132.8
"6178",2500,0.1,178,24573.8
"6179",2500,0.1,179,24543.1
"6180",2500,0.1,180,24420.7
"6181",2500,0.1,181,24456.8
"6182",2500,0.1,182,24457
"6183",2500,0.1,183,24455
"6184",2500,0.1,184,24461.5
"6185",2500,0.1,185,24480.6
"6186",2500,0.1,186,24617.8
"6187",2500,0.1,187,24768
"6188",2500,0.1,188,24137
"6189",2500,0.1,189,24631.3
"6190",2500,0.1,190,24539.8
"6191",2500,0.1,191,24979.8
"6192",2500,0.1,192,24944
"6193",2500,0.1,193,24733.7
"6194",2500,0.1,194,24885.3
"6195",2500,0.1,195,24811.3
"6196",2500,0.1,196,24800.9
"6197",2500,0.1,197,24630.2
"6198",2500,0.1,198,24913.9
"6199",2500,0.1,199,24359.2
"6200",2500,0.1,200,24625.1
"6201",2500,0.1,201,24863.3
"6202",2500,0.1,202,24867.9
"6203",2500,0.1,203,24431.9
"6204",2500,0.1,204,24368.8
"6205",2500,0.1,205,24687.9
"6206",2500,0.1,206,24256.9
"6207",2500,0.1,207,24915
"6208",2500,0.1,208,24571.8
"6209",2500,0.1,209,24924.1
"6210",2500,0.1,210,24392.8
"6211",2500,0.1,211,24029.1
"6212",2500,0.1,212,24345.5
"6213",2500,0.1,213,24577.1
"6214",2500,0.1,214,24555.3
"6215",2500,0.1,215,24227.6
"6216",2500,0.1,216,24277
"6217",2500,0.1,217,24641.8
"6218",2500,0.1,218,24690.2
"6219",2500,0.1,219,24802
"6220",2500,0.1,220,24622
"6221",2500,0.1,221,24339.8
"6222",2500,0.1,222,24302.2
"6223",2500,0.1,223,24591.1
"6224",2500,0.1,224,24694
"6225",2500,0.1,225,24603.3
"6226",2500,0.1,226,24849.4
"6227",2500,0.1,227,24074.5
"6228",2500,0.1,228,24519
"6229",2500,0.1,229,24703.1
"6230",2500,0.1,230,24573.9
"6231",2500,0.1,231,24429.7
"6232",2500,0.1,232,24702.8
"6233",2500,0.1,233,24752.4
"6234",2500,0.1,234,24655.5
"6235",2500,0.1,235,24922.5
"6236",2500,0.1,236,24730.5
"6237",2500,0.1,237,24738.1
"6238",2500,0.1,238,24831.8
"6239",2500,0.1,239,24505.2
"6240",2500,0.1,240,24806.3
"6241",2500,0.1,241,24401.2
"6242",2500,0.1,242,24742.2
"6243",2500,0.1,243,24605.7
"6244",2500,0.1,244,24684.1
"6245",2500,0.1,245,24664.3
"6246",2500,0.1,246,24717.6
"6247",2500,0.1,247,24476.5
"6248",2500,0.1,248,24339.7
"6249",2500,0.1,249,24627.4
"6250",2500,0.1,250,24598.4
"6251",2500,0.1,251,24507.4
"6252",2500,0.1,252,24477.1
"6253",2500,0.1,253,24053.6
"6254",2500,0.1,254,24212.8
"6255",2500,0.1,255,24554.2
"6256",2500,0.1,256,24310.8
"6257",2500,0.1,257,24593
"6258",2500,0.1,258,24649.8
"6259",2500,0.1,259,24670.7
"6260",2500,0.1,260,24413.8
"6261",2500,0.1,261,24321.5
"6262",2500,0.1,262,24519.5
"6263",2500,0.1,263,24430.7
"6264",2500,0.1,264,24337.5
"6265",2500,0.1,265,24715.7
"6266",2500,0.1,266,24688.7
"6267",2500,0.1,267,24747.2
"6268",2500,0.1,268,24895.1
"6269",2500,0.1,269,24796.9
"6270",2500,0.1,270,24648
"6271",2500,0.1,271,24330
"6272",2500,0.1,272,24827.8
"6273",2500,0.1,273,24532.5
"6274",2500,0.1,274,24550.3
"6275",2500,0.1,275,24626.4
"6276",2500,0.1,276,24818.2
"6277",2500,0.1,277,24802.6
"6278",2500,0.1,278,24788.2
"6279",2500,0.1,279,25133
"6280",2500,0.1,280,24450.2
"6281",2500,0.1,281,24747.7
"6282",2500,0.1,282,24893.9
"6283",2500,0.1,283,24425.3
"6284",2500,0.1,284,24274.8
"6285",2500,0.1,285,24442.7
"6286",2500,0.1,286,25196.6
"6287",2500,0.1,287,24508.2
"6288",2500,0.1,288,24137.7
"6289",2500,0.1,289,23919.2
"6290",2500,0.1,290,24055.2
"6291",2500,0.1,291,24068.2
"6292",2500,0.1,292,24155.6
"6293",2500,0.1,293,24456.2
"6294",2500,0.1,294,24222.7
"6295",2500,0.1,295,24182
"6296",2500,0.1,296,24659.5
"6297",2500,0.1,297,24554.4
"6298",2500,0.1,298,24741.6
"6299",2500,0.1,299,24583.9
"6300",2500,0.1,300,24720.5
"6301",2500,0.1,301,24294.4
"6302",2500,0.1,302,24680.8
"6303",2500,0.1,303,24729.6
"6304",2500,0.1,304,24943.2
"6305",2500,0.1,305,24728.3
"6306",2500,0.1,306,24671.7
"6307",2500,0.1,307,24460.1
"6308",2500,0.1,308,24815.4
"6309",2500,0.1,309,24797.2
"6310",2500,0.1,310,24514
"6311",2500,0.1,311,24771
"6312",2500,0.1,312,24843.2
"6313",2500,0.1,313,24834.2
"6314",2500,0.1,314,24634
"6315",2500,0.1,315,25005.6
"6316",2500,0.1,316,24583.5
"6317",2500,0.1,317,24603.6
"6318",2500,0.1,318,24662.8
"6319",2500,0.1,319,24934.3
"6320",2500,0.1,320,24677.3
"6321",2500,0.1,321,24601.7
"6322",2500,0.1,322,24649.8
"6323",2500,0.1,323,24610.8
"6324",2500,0.1,324,24567.4
"6325",2500,0.1,325,24557.2
"6326",2500,0.1,326,24438.9
"6327",2500,0.1,327,24829.7
"6328",2500,0.1,328,24921.9
"6329",2500,0.1,329,24623.9
"6330",2500,0.1,330,24514.5
"6331",2500,0.1,331,25152.1
"6332",2500,0.1,332,24494.9
"6333",2500,0.1,333,24989.6
"6334",2500,0.1,334,24807.9
"6335",2500,0.1,335,24574.2
"6336",2500,0.1,336,24562.8
"6337",2500,0.1,337,24773.6
"6338",2500,0.1,338,24263.1
"6339",2500,0.1,339,24331.9
"6340",2500,0.1,340,24266
"6341",2500,0.1,341,24312.9
"6342",2500,0.1,342,24749.5
"6343",2500,0.1,343,24297
"6344",2500,0.1,344,24215.3
"6345",2500,0.1,345,24494.2
"6346",2500,0.1,346,24140.8
"6347",2500,0.1,347,24476.8
"6348",2500,0.1,348,24759.7
"6349",2500,0.1,349,24933
"6350",2500,0.1,350,24572.7
"6351",2500,0.1,351,24446.9
"6352",2500,0.1,352,24376.7
"6353",2500,0.1,353,24434.7
"6354",2500,0.1,354,24389.4
"6355",2500,0.1,355,24555.4
"6356",2500,0.1,356,24488.6
"6357",2500,0.1,357,24848.6
"6358",2500,0.1,358,24691
"6359",2500,0.1,359,24979.5
"6360",2500,0.1,360,24721.7
"6361",2500,0.1,361,24371.8
"6362",2500,0.1,362,24618.4
"6363",2500,0.1,363,24691.7
"6364",2500,0.1,364,24814.5
"6365",2500,0.1,365,24650.5
"6366",2500,0.1,366,24804.7
"6367",2500,0.1,367,24566.2
"6368",2500,0.1,368,24305.6
"6369",2500,0.1,369,24977.2
"6370",2500,0.1,370,24442.7
"6371",2500,0.1,371,24694.9
"6372",2500,0.1,372,24601.2
"6373",2500,0.1,373,24851.6
"6374",2500,0.1,374,24854
"6375",2500,0.1,375,24670.8
"6376",2500,0.1,376,24659.7
"6377",2500,0.1,377,24933.7
"6378",2500,0.1,378,24647.9
"6379",2500,0.1,379,24485.5
"6380",2500,0.1,380,24094.4
"6381",2500,0.1,381,24174.9
"6382",2500,0.1,382,24720.3
"6383",2500,0.1,383,24583.2
"6384",2500,0.1,384,24609.7
"6385",2500,0.1,385,24767.3
"6386",2500,0.1,386,24696.9
"6387",2500,0.1,387,24988
"6388",2500,0.1,388,24975.3
"6389",2500,0.1,389,24282.7
"6390",2500,0.1,390,24363.2
"6391",2500,0.1,391,24073
"6392",2500,0.1,392,24263.5
"6393",2500,0.1,393,24710.8
"6394",2500,0.1,394,24538.6
"6395",2500,0.1,395,24761.9
"6396",2500,0.1,396,24719.1
"6397",2500,0.1,397,24724.1
"6398",2500,0.1,398,25081.5
"6399",2500,0.1,399,24545.9
"6400",2500,0.1,400,24665.4
"6401",2500,0.1,401,24125.9
"6402",2500,0.1,402,24376.7
"6403",2500,0.1,403,24796.5
"6404",2500,0.1,404,24666.2
"6405",2500,0.1,405,24566.7
"6406",2500,0.1,406,24590.1
"6407",2500,0.1,407,24570.1
"6408",2500,0.1,408,24554.5
"6409",2500,0.1,409,24825.9
"6410",2500,0.1,410,24411.4
"6411",2500,0.1,411,24613.4
"6412",2500,0.1,412,24550.8
"6413",2500,0.1,413,24453.8
"6414",2500,0.1,414,24783.6
"6415",2500,0.1,415,24785.3
"6416",2500,0.1,416,24816
"6417",2500,0.1,417,24435.6
"6418",2500,0.1,418,24831.2
"6419",2500,0.1,419,24491.4
"6420",2500,0.1,420,24341.5
"6421",2500,0.1,421,24223
"6422",2500,0.1,422,24370.7
"6423",2500,0.1,423,24704.8
"6424",2500,0.1,424,24671.3
"6425",2500,0.1,425,24917.2
"6426",2500,0.1,426,25045.8
"6427",2500,0.1,427,24772.6
"6428",2500,0.1,428,24500.3
"6429",2500,0.1,429,24538.9
"6430",2500,0.1,430,24529.7
"6431",2500,0.1,431,24551.3
"6432",2500,0.1,432,24550.5
"6433",2500,0.1,433,24467.4
"6434",2500,0.1,434,25011.8
"6435",2500,0.1,435,24623.3
"6436",2500,0.1,436,24429.4
"6437",2500,0.1,437,24314.8
"6438",2500,0.1,438,24005.5
"6439",2500,0.1,439,24349.2
"6440",2500,0.1,440,24399.6
"6441",2500,0.1,441,24290.7
"6442",2500,0.1,442,24665.5
"6443",2500,0.1,443,24196.6
"6444",2500,0.1,444,24559.3
"6445",2500,0.1,445,24618.6
"6446",2500,0.1,446,24660.1
"6447",2500,0.1,447,24828.7
"6448",2500,0.1,448,24843.7
"6449",2500,0.1,449,24924.4
"6450",2500,0.1,450,24556.5
"6451",2500,0.1,451,24397.7
"6452",2500,0.1,452,24749
"6453",2500,0.1,453,24430.7
"6454",2500,0.1,454,24900.8
"6455",2500,0.1,455,24415.1
"6456",2500,0.1,456,24418.6
"6457",2500,0.1,457,24298.2
"6458",2500,0.1,458,24595.9
"6459",2500,0.1,459,24470.3
"6460",2500,0.1,460,24346.9
"6461",2500,0.1,461,24394.6
"6462",2500,0.1,462,24862.5
"6463",2500,0.1,463,24549.9
"6464",2500,0.1,464,24588.1
"6465",2500,0.1,465,24804
"6466",2500,0.1,466,24983.7
"6467",2500,0.1,467,24718.3
"6468",2500,0.1,468,24744
"6469",2500,0.1,469,24789.4
"6470",2500,0.1,470,24959.2
"6471",2500,0.1,471,24943.3
"6472",2500,0.1,472,24748.2
"6473",2500,0.1,473,24424.4
"6474",2500,0.1,474,24829.5
"6475",2500,0.1,475,24569.3
"6476",2500,0.1,476,24428.8
"6477",2500,0.1,477,24462
"6478",2500,0.1,478,24682.9
"6479",2500,0.1,479,24270.8
"6480",2500,0.1,480,24723
"6481",2500,0.1,481,24502.2
"6482",2500,0.1,482,24656.5
"6483",2500,0.1,483,24623.6
"6484",2500,0.1,484,24433.2
"6485",2500,0.1,485,24514.7
"6486",2500,0.1,486,24423.9
"6487",2500,0.1,487,24180.9
"6488",2500,0.1,488,24586.2
"6489",2500,0.1,489,24694.2
"6490",2500,0.1,490,24492.8
"6491",2500,0.1,491,24581.5
"6492",2500,0.1,492,24657.7
"6493",2500,0.1,493,24940.1
"6494",2500,0.1,494,25204.4
"6495",2500,0.1,495,24738.8
"6496",2500,0.1,496,24257.8
"6497",2500,0.1,497,24236.9
"6498",2500,0.1,498,23942.7
"6499",2500,0.1,499,24180.1
"6500",2500,0.1,500,24572.5
"6501",2500,0.1,501,24801.5
"6502",2500,0.1,502,24382.5
"6503",2500,0.1,503,24425.5
"6504",2500,0.1,504,24542.1
"6505",2500,0.1,505,24490
"6506",2500,0.1,506,24280.9
"6507",2500,0.1,507,24152.6
"6508",2500,0.1,508,24491.6
"6509",2500,0.1,509,24348.8
"6510",2500,0.1,510,23977.5
"6511",2500,0.1,511,23979.4
"6512",2500,0.1,512,24760.6
"6513",2500,0.1,513,24777.4
"6514",2500,0.1,514,24522.5
"6515",2500,0.1,515,24863.8
"6516",2500,0.1,516,24809.2
"6517",2500,0.1,517,24716.3
"6518",2500,0.1,518,24531.4
"6519",2500,0.1,519,24555.7
"6520",2500,0.1,520,24642.9
"6521",2500,0.1,521,24912.7
"6522",2500,0.1,522,25032.9
"6523",2500,0.1,523,24731.7
"6524",2500,0.1,524,24762.6
"6525",2500,0.1,525,24952.1
"6526",2500,0.1,526,24711
"6527",2500,0.1,527,24757.9
"6528",2500,0.1,528,24876.1
"6529",2500,0.1,529,24666.4
"6530",2500,0.1,530,24625.4
"6531",2500,0.1,531,24483
"6532",2500,0.1,532,24918.4
"6533",2500,0.1,533,24636.3
"6534",2500,0.1,534,24444.9
"6535",2500,0.1,535,24318.2
"6536",2500,0.1,536,24317.1
"6537",2500,0.1,537,24531.7
"6538",2500,0.1,538,24468.7
"6539",2500,0.1,539,24701.1
"6540",2500,0.1,540,24679.9
"6541",2500,0.1,541,24641.1
"6542",2500,0.1,542,25043.1
"6543",2500,0.1,543,24397.7
"6544",2500,0.1,544,24777.1
"6545",2500,0.1,545,24776
"6546",2500,0.1,546,24131.6
"6547",2500,0.1,547,24360.3
"6548",2500,0.1,548,24687.3
"6549",2500,0.1,549,24459.1
"6550",2500,0.1,550,24606
"6551",2500,0.1,551,24623.1
"6552",2500,0.1,552,25150.2
"6553",2500,0.1,553,24862.7
"6554",2500,0.1,554,24401
"6555",2500,0.1,555,23981.4
"6556",2500,0.1,556,24154.4
"6557",2500,0.1,557,24407.9
"6558",2500,0.1,558,24302.1
"6559",2500,0.1,559,24651
"6560",2500,0.1,560,24876.2
"6561",2500,0.1,561,24376.8
"6562",2500,0.1,562,24497.6
"6563",2500,0.1,563,24025.6
"6564",2500,0.1,564,24516.8
"6565",2500,0.1,565,24521.9
"6566",2500,0.1,566,24813.3
"6567",2500,0.1,567,24592.2
"6568",2500,0.1,568,24809.7
"6569",2500,0.1,569,24992.5
"6570",2500,0.1,570,24948.8
"6571",2500,0.1,571,24594.5
"6572",2500,0.1,572,24712.9
"6573",2500,0.1,573,24307.7
"6574",2500,0.1,574,24567.4
"6575",2500,0.1,575,24718.5
"6576",2500,0.1,576,24480.4
"6577",2500,0.1,577,24533
"6578",2500,0.1,578,24601.5
"6579",2500,0.1,579,24272.6
"6580",2500,0.1,580,24243.3
"6581",2500,0.1,581,23990.3
"6582",2500,0.1,582,24547.9
"6583",2500,0.1,583,24256.1
"6584",2500,0.1,584,24202.3
"6585",2500,0.1,585,24318.1
"6586",2500,0.1,586,24002
"6587",2500,0.1,587,23977.1
"6588",2500,0.1,588,24590
"6589",2500,0.1,589,24586.5
"6590",2500,0.1,590,24661.4
"6591",2500,0.1,591,24653.2
"6592",2500,0.1,592,24649.2
"6593",2500,0.1,593,24856.2
"6594",2500,0.1,594,24510.2
"6595",2500,0.1,595,24884.6
"6596",2500,0.1,596,24693
"6597",2500,0.1,597,24628.3
"6598",2500,0.1,598,24449.6
"6599",2500,0.1,599,24222.1
"6600",2500,0.1,600,24851.5
"6601",2500,0.1,601,25068.3
"6602",2500,0.1,602,24833.5
"6603",2500,0.1,603,24734.5
"6604",2500,0.1,604,24718.1
"6605",2500,0.1,605,24582.1
"6606",2500,0.1,606,24635.4
"6607",2500,0.1,607,24561.5
"6608",2500,0.1,608,24329.5
"6609",2500,0.1,609,24536.9
"6610",2500,0.1,610,24653.8
"6611",2500,0.1,611,24304.1
"6612",2500,0.1,612,24501.1
"6613",2500,0.1,613,24477.6
"6614",2500,0.1,614,24836.6
"6615",2500,0.1,615,24871.9
"6616",2500,0.1,616,24516.8
"6617",2500,0.1,617,24903.1
"6618",2500,0.1,618,24791
"6619",2500,0.1,619,24582.1
"6620",2500,0.1,620,24843.4
"6621",2500,0.1,621,24337
"6622",2500,0.1,622,25022.8
"6623",2500,0.1,623,24343.5
"6624",2500,0.1,624,24312.2
"6625",2500,0.1,625,24545.1
"6626",2500,0.1,626,24596.8
"6627",2500,0.1,627,24541.3
"6628",2500,0.1,628,24632.9
"6629",2500,0.1,629,24668.2
"6630",2500,0.1,630,24198
"6631",2500,0.1,631,24297.7
"6632",2500,0.1,632,24925
"6633",2500,0.1,633,25141.5
"6634",2500,0.1,634,24592.4
"6635",2500,0.1,635,24606.6
"6636",2500,0.1,636,24776.2
"6637",2500,0.1,637,24747.5
"6638",2500,0.1,638,24617
"6639",2500,0.1,639,24817.6
"6640",2500,0.1,640,24672.8
"6641",2500,0.1,641,24758.2
"6642",2500,0.1,642,24688.5
"6643",2500,0.1,643,24583.8
"6644",2500,0.1,644,24479.2
"6645",2500,0.1,645,24899
"6646",2500,0.1,646,24777.8
"6647",2500,0.1,647,24701.6
"6648",2500,0.1,648,25175.9
"6649",2500,0.1,649,24719
"6650",2500,0.1,650,24619.6
"6651",2500,0.1,651,24718.8
"6652",2500,0.1,652,24783.5
"6653",2500,0.1,653,24621.9
"6654",2500,0.1,654,24640.5
"6655",2500,0.1,655,24577.3
"6656",2500,0.1,656,24604.4
"6657",2500,0.1,657,24488
"6658",2500,0.1,658,24677.3
"6659",2500,0.1,659,24652.1
"6660",2500,0.1,660,24698.2
"6661",2500,0.1,661,24960.2
"6662",2500,0.1,662,24794.1
"6663",2500,0.1,663,24970.3
"6664",2500,0.1,664,24303
"6665",2500,0.1,665,24328.3
"6666",2500,0.1,666,24259
"6667",2500,0.1,667,24266.7
"6668",2500,0.1,668,24398.3
"6669",2500,0.1,669,24198.8
"6670",2500,0.1,670,24592.6
"6671",2500,0.1,671,24466.2
"6672",2500,0.1,672,24634.4
"6673",2500,0.1,673,24285.4
"6674",2500,0.1,674,24667.6
"6675",2500,0.1,675,24709.6
"6676",2500,0.1,676,24678.6
"6677",2500,0.1,677,24454.6
"6678",2500,0.1,678,24877.9
"6679",2500,0.1,679,24672.1
"6680",2500,0.1,680,24907.5
"6681",2500,0.1,681,24886.7
"6682",2500,0.1,682,24533.5
"6683",2500,0.1,683,24673.3
"6684",2500,0.1,684,24559.4
"6685",2500,0.1,685,24824.3
"6686",2500,0.1,686,24691.9
"6687",2500,0.1,687,24703.5
"6688",2500,0.1,688,24581.6
"6689",2500,0.1,689,25058.1
"6690",2500,0.1,690,24607.3
"6691",2500,0.1,691,24592.8
"6692",2500,0.1,692,24750.1
"6693",2500,0.1,693,24974.1
"6694",2500,0.1,694,24911.1
"6695",2500,0.1,695,24810.4
"6696",2500,0.1,696,24656.4
"6697",2500,0.1,697,24623.5
"6698",2500,0.1,698,24439.6
"6699",2500,0.1,699,24961.9
"6700",2500,0.1,700,24797.4
"6701",2500,0.1,701,25058.8
"6702",2500,0.1,702,24727.4
"6703",2500,0.1,703,24818.5
"6704",2500,0.1,704,24273.8
"6705",2500,0.1,705,24533.1
"6706",2500,0.1,706,24772.6
"6707",2500,0.1,707,24852.5
"6708",2500,0.1,708,24891.6
"6709",2500,0.1,709,24853.1
"6710",2500,0.1,710,24755
"6711",2500,0.1,711,24458.5
"6712",2500,0.1,712,24390
"6713",2500,0.1,713,24160.2
"6714",2500,0.1,714,24408.2
"6715",2500,0.1,715,24795.1
"6716",2500,0.1,716,24966.2
"6717",2500,0.1,717,24824.1
"6718",2500,0.1,718,24238.5
"6719",2500,0.1,719,23828.9
"6720",2500,0.1,720,24138.2
"6721",2500,0.1,721,24458.6
"6722",2500,0.1,722,24616.4
"6723",2500,0.1,723,24645.4
"6724",2500,0.1,724,25033
"6725",2500,0.1,725,24203.6
"6726",2500,0.1,726,24332.3
"6727",2500,0.1,727,24738.7
"6728",2500,0.1,728,24618.6
"6729",2500,0.1,729,25021.3
"6730",2500,0.1,730,24399.4
"6731",2500,0.1,731,24523
"6732",2500,0.1,732,24854.1
"6733",2500,0.1,733,24715.4
"6734",2500,0.1,734,24695.4
"6735",2500,0.1,735,24557.6
"6736",2500,0.1,736,24734.4
"6737",2500,0.1,737,24537.1
"6738",2500,0.1,738,24557.8
"6739",2500,0.1,739,24664.8
"6740",2500,0.1,740,24750.7
"6741",2500,0.1,741,24821.3
"6742",2500,0.1,742,24949.7
"6743",2500,0.1,743,24674.6
"6744",2500,0.1,744,24462.2
"6745",2500,0.1,745,24944
"6746",2500,0.1,746,24783.4
"6747",2500,0.1,747,24837.2
"6748",2500,0.1,748,24462.5
"6749",2500,0.1,749,24387.7
"6750",2500,0.1,750,24241
"6751",2500,0.1,751,24330.5
"6752",2500,0.1,752,24395
"6753",2500,0.1,753,24356.6
"6754",2500,0.1,754,24687.8
"6755",2500,0.1,755,24292.1
"6756",2500,0.1,756,24285.5
"6757",2500,0.1,757,24766
"6758",2500,0.1,758,24650.5
"6759",2500,0.1,759,24711.8
"6760",2500,0.1,760,24624.3
"6761",2500,0.1,761,24862.6
"6762",2500,0.1,762,24774.5
"6763",2500,0.1,763,24533.9
"6764",2500,0.1,764,24447.5
"6765",2500,0.1,765,24321.4
"6766",2500,0.1,766,24494
"6767",2500,0.1,767,24582.2
"6768",2500,0.1,768,24633.1
"6769",2500,0.1,769,24562.5
"6770",2500,0.1,770,25019.9
"6771",2500,0.1,771,25112.5
"6772",2500,0.1,772,24569
"6773",2500,0.1,773,24606.1
"6774",2500,0.1,774,24438.4
"6775",2500,0.1,775,24470.8
"6776",2500,0.1,776,24605.7
"6777",2500,0.1,777,24921.4
"6778",2500,0.1,778,24526.9
"6779",2500,0.1,779,24460.7
"6780",2500,0.1,780,24367.6
"6781",2500,0.1,781,24365.1
"6782",2500,0.1,782,24640.5
"6783",2500,0.1,783,24645.4
"6784",2500,0.1,784,24915.1
"6785",2500,0.1,785,24997.9
"6786",2500,0.1,786,24823.7
"6787",2500,0.1,787,24259.3
"6788",2500,0.1,788,24621.2
"6789",2500,0.1,789,24501.8
"6790",2500,0.1,790,24727.1
"6791",2500,0.1,791,24650.2
"6792",2500,0.1,792,24523
"6793",2500,0.1,793,24652.7
"6794",2500,0.1,794,24650.1
"6795",2500,0.1,795,25133.5
"6796",2500,0.1,796,24674.1
"6797",2500,0.1,797,24703.4
"6798",2500,0.1,798,24676
"6799",2500,0.1,799,24682.7
"6800",2500,0.1,800,24666.8
"6801",2500,0.1,801,24705
"6802",2500,0.1,802,24761.1
"6803",2500,0.1,803,24974
"6804",2500,0.1,804,24486.5
"6805",2500,0.1,805,24474.5
"6806",2500,0.1,806,24413
"6807",2500,0.1,807,24295.4
"6808",2500,0.1,808,24447.1
"6809",2500,0.1,809,24624.8
"6810",2500,0.1,810,24568.6
"6811",2500,0.1,811,24316.3
"6812",2500,0.1,812,24583
"6813",2500,0.1,813,24264.8
"6814",2500,0.1,814,24320.6
"6815",2500,0.1,815,24396.8
"6816",2500,0.1,816,24573.2
"6817",2500,0.1,817,24609.1
"6818",2500,0.1,818,24481.1
"6819",2500,0.1,819,24463
"6820",2500,0.1,820,24721.9
"6821",2500,0.1,821,24954.5
"6822",2500,0.1,822,25015.9
"6823",2500,0.1,823,24810.3
"6824",2500,0.1,824,25076.2
"6825",2500,0.1,825,24890.4
"6826",2500,0.1,826,24529.4
"6827",2500,0.1,827,24273.8
"6828",2500,0.1,828,24361.3
"6829",2500,0.1,829,24354.8
"6830",2500,0.1,830,24790.8
"6831",2500,0.1,831,24896.3
"6832",2500,0.1,832,24760.8
"6833",2500,0.1,833,25088.4
"6834",2500,0.1,834,25024.9
"6835",2500,0.1,835,24694.5
"6836",2500,0.1,836,24730.2
"6837",2500,0.1,837,24559.4
"6838",2500,0.1,838,24154.9
"6839",2500,0.1,839,24481
"6840",2500,0.1,840,24692.8
"6841",2500,0.1,841,24555.8
"6842",2500,0.1,842,24563.3
"6843",2500,0.1,843,24545.2
"6844",2500,0.1,844,24751.5
"6845",2500,0.1,845,25040.3
"6846",2500,0.1,846,24630.5
"6847",2500,0.1,847,24567.5
"6848",2500,0.1,848,25075
"6849",2500,0.1,849,24812.9
"6850",2500,0.1,850,24548.6
"6851",2500,0.1,851,24708.6
"6852",2500,0.1,852,24471.3
"6853",2500,0.1,853,25086.7
"6854",2500,0.1,854,24884.5
"6855",2500,0.1,855,24630.3
"6856",2500,0.1,856,24374.4
"6857",2500,0.1,857,24551.2
"6858",2500,0.1,858,24837.5
"6859",2500,0.1,859,24449.4
"6860",2500,0.1,860,24201.6
"6861",2500,0.1,861,24690.1
"6862",2500,0.1,862,24784.1
"6863",2500,0.1,863,24414.3
"6864",2500,0.1,864,24180
"6865",2500,0.1,865,24599.4
"6866",2500,0.1,866,24782.9
"6867",2500,0.1,867,25105.8
"6868",2500,0.1,868,24889.4
"6869",2500,0.1,869,24852
"6870",2500,0.1,870,24806
"6871",2500,0.1,871,25460.3
"6872",2500,0.1,872,24320.4
"6873",2500,0.1,873,24520.8
"6874",2500,0.1,874,24572.2
"6875",2500,0.1,875,24493.4
"6876",2500,0.1,876,24744
"6877",2500,0.1,877,24391
"6878",2500,0.1,878,24131.3
"6879",2500,0.1,879,24338.1
"6880",2500,0.1,880,24551.7
"6881",2500,0.1,881,24921.2
"6882",2500,0.1,882,24387.6
"6883",2500,0.1,883,24621
"6884",2500,0.1,884,24939.3
"6885",2500,0.1,885,24785.7
"6886",2500,0.1,886,24806.3
"6887",2500,0.1,887,24579.4
"6888",2500,0.1,888,24710.9
"6889",2500,0.1,889,24798.7
"6890",2500,0.1,890,24441.5
"6891",2500,0.1,891,24358.9
"6892",2500,0.1,892,24842.7
"6893",2500,0.1,893,24778.1
"6894",2500,0.1,894,24802.3
"6895",2500,0.1,895,24839.8
"6896",2500,0.1,896,24705.7
"6897",2500,0.1,897,24868.3
"6898",2500,0.1,898,25234.5
"6899",2500,0.1,899,24715.5
"6900",2500,0.1,900,24456.6
"6901",2500,0.1,901,24505.9
"6902",2500,0.1,902,24582.7
"6903",2500,0.1,903,24773.1
"6904",2500,0.1,904,24487
"6905",2500,0.1,905,24725.3
"6906",2500,0.1,906,24426.9
"6907",2500,0.1,907,24546.4
"6908",2500,0.1,908,24917.8
"6909",2500,0.1,909,25072
"6910",2500,0.1,910,24566.4
"6911",2500,0.1,911,24576.8
"6912",2500,0.1,912,24773.3
"6913",2500,0.1,913,24315.9
"6914",2500,0.1,914,24785.9
"6915",2500,0.1,915,24427.6
"6916",2500,0.1,916,24927.9
"6917",2500,0.1,917,24549.3
"6918",2500,0.1,918,24581
"6919",2500,0.1,919,24702.1
"6920",2500,0.1,920,24670.5
"6921",2500,0.1,921,24664.6
"6922",2500,0.1,922,24838
"6923",2500,0.1,923,24421
"6924",2500,0.1,924,24150.2
"6925",2500,0.1,925,24552.4
"6926",2500,0.1,926,24395.7
"6927",2500,0.1,927,24338
"6928",2500,0.1,928,24081.9
"6929",2500,0.1,929,24303.3
"6930",2500,0.1,930,24397.2
"6931",2500,0.1,931,24466
"6932",2500,0.1,932,24908.8
"6933",2500,0.1,933,25038.4
"6934",2500,0.1,934,25051.9
"6935",2500,0.1,935,24534.4
"6936",2500,0.1,936,24821.2
"6937",2500,0.1,937,24513.3
"6938",2500,0.1,938,24909.5
"6939",2500,0.1,939,24795.6
"6940",2500,0.1,940,24702
"6941",2500,0.1,941,24666.4
"6942",2500,0.1,942,24840
"6943",2500,0.1,943,24880.8
"6944",2500,0.1,944,24565.6
"6945",2500,0.1,945,25056.5
"6946",2500,0.1,946,24864.6
"6947",2500,0.1,947,24900.5
"6948",2500,0.1,948,24689.9
"6949",2500,0.1,949,25062.6
"6950",2500,0.1,950,25067.7
"6951",2500,0.1,951,25046
"6952",2500,0.1,952,24629.9
"6953",2500,0.1,953,24532.5
"6954",2500,0.1,954,24470.8
"6955",2500,0.1,955,24365.1
"6956",2500,0.1,956,24476.9
"6957",2500,0.1,957,24262.3
"6958",2500,0.1,958,24536.5
"6959",2500,0.1,959,24706.1
"6960",2500,0.1,960,24545.9
"6961",2500,0.1,961,24553.1
"6962",2500,0.1,962,24621.7
"6963",2500,0.1,963,24078.4
"6964",2500,0.1,964,24396
"6965",2500,0.1,965,24269.2
"6966",2500,0.1,966,24729.1
"6967",2500,0.1,967,24583.2
"6968",2500,0.1,968,24350.6
"6969",2500,0.1,969,24609.8
"6970",2500,0.1,970,24568.7
"6971",2500,0.1,971,24708.9
"6972",2500,0.1,972,24357.9
"6973",2500,0.1,973,24776.5
"6974",2500,0.1,974,24688.7
"6975",2500,0.1,975,24738.5
"6976",2500,0.1,976,24966.3
"6977",2500,0.1,977,24714.5
"6978",2500,0.1,978,24773
"6979",2500,0.1,979,24844.1
"6980",2500,0.1,980,24764.8
"6981",2500,0.1,981,24354
"6982",2500,0.1,982,24231.2
"6983",2500,0.1,983,24556.1
"6984",2500,0.1,984,24078.5
"6985",2500,0.1,985,24474.2
"6986",2500,0.1,986,24406.9
"6987",2500,0.1,987,24437.4
"6988",2500,0.1,988,24906.7
"6989",2500,0.1,989,24423.7
"6990",2500,0.1,990,24740.9
"6991",2500,0.1,991,24665.2
"6992",2500,0.1,992,24422.6
"6993",2500,0.1,993,24701.6
"6994",2500,0.1,994,24765.1
"6995",2500,0.1,995,24810.8
"6996",2500,0.1,996,25018.1
"6997",2500,0.1,997,24871
"6998",2500,0.1,998,24129.7
"6999",2500,0.1,999,24304.2
"7000",2500,0.1,1000,22717.2
"7001",2500,0.1,1001,22141.7
"7002",2500,0.1,1002,21061
"7003",2500,0.1,1003,20549.6
"7004",2500,0.1,1004,19792.9
"7005",2500,0.1,1005,18891.2
"7006",2500,0.1,1006,18240.6
"7007",2500,0.1,1007,17626.4
"7008",2500,0.1,1008,17050.8
"7009",2500,0.1,1009,16817.3
"7010",2500,0.1,1010,16223.8
"7011",2500,0.1,1011,15796.8
"7012",2500,0.1,1012,15800.2
"7013",2500,0.1,1013,15256.1
"7014",2500,0.1,1014,14930
"7015",2500,0.1,1015,14375.5
"7016",2500,0.1,1016,14328.3
"7017",2500,0.1,1017,14234.2
"7018",2500,0.1,1018,14066.6
"7019",2500,0.1,1019,13940.9
"7020",2500,0.1,1020,13473.5
"7021",2500,0.1,1021,13110
"7022",2500,0.1,1022,12875.4
"7023",2500,0.1,1023,12875.1
"7024",2500,0.1,1024,12362.4
"7025",2500,0.1,1025,14899.1
"7026",2500,0.1,1026,14489.2
"7027",2500,0.1,1027,14179.7
"7028",2500,0.1,1028,13862.9
"7029",2500,0.1,1029,13950.5
"7030",2500,0.1,1030,14352.8
"7031",2500,0.1,1031,14644.3
"7032",2500,0.1,1032,14286.4
"7033",2500,0.1,1033,14135.3
"7034",2500,0.1,1034,14171.1
"7035",2500,0.1,1035,13945.7
"7036",2500,0.1,1036,14026.9
"7037",2500,0.1,1037,13976.1
"7038",2500,0.1,1038,13845.9
"7039",2500,0.1,1039,13701.9
"7040",2500,0.1,1040,13693.9
"7041",2500,0.1,1041,13774
"7042",2500,0.1,1042,13636.9
"7043",2500,0.1,1043,13874.1
"7044",2500,0.1,1044,13729.9
"7045",2500,0.1,1045,13845
"7046",2500,0.1,1046,13772.3
"7047",2500,0.1,1047,13605.3
"7048",2500,0.1,1048,13706
"7049",2500,0.1,1049,13868.3
"7050",2500,0.1,1050,13463.1
"7051",2500,0.1,1051,13538.4
"7052",2500,0.1,1052,13721.5
"7053",2500,0.1,1053,13964.4
"7054",2500,0.1,1054,14070.8
"7055",2500,0.1,1055,14044.9
"7056",2500,0.1,1056,14224.2
"7057",2500,0.1,1057,14306.6
"7058",2500,0.1,1058,14621.7
"7059",2500,0.1,1059,14795.9
"7060",2500,0.1,1060,14522
"7061",2500,0.1,1061,14460.8
"7062",2500,0.1,1062,14259
"7063",2500,0.1,1063,14389.6
"7064",2500,0.1,1064,14492
"7065",2500,0.1,1065,14366
"7066",2500,0.1,1066,14526.2
"7067",2500,0.1,1067,14693.7
"7068",2500,0.1,1068,14645.7
"7069",2500,0.1,1069,14920.9
"7070",2500,0.1,1070,14937.8
"7071",2500,0.1,1071,15092.1
"7072",2500,0.1,1072,15321.2
"7073",2500,0.1,1073,15633.7
"7074",2500,0.1,1074,15543
"7075",2500,0.1,1075,15706.6
"7076",2500,0.1,1076,15772.4
"7077",2500,0.1,1077,15745.7
"7078",2500,0.1,1078,15821
"7079",2500,0.1,1079,16518.3
"7080",2500,0.1,1080,16203.2
"7081",2500,0.1,1081,16211
"7082",2500,0.1,1082,16867
"7083",2500,0.1,1083,17075.4
"7084",2500,0.1,1084,17000.4
"7085",2500,0.1,1085,17411.3
"7086",2500,0.1,1086,18005.5
"7087",2500,0.1,1087,17889.1
"7088",2500,0.1,1088,18131.1
"7089",2500,0.1,1089,18153
"7090",2500,0.1,1090,18199.3
"7091",2500,0.1,1091,18457.1
"7092",2500,0.1,1092,18396.1
"7093",2500,0.1,1093,18841.7
"7094",2500,0.1,1094,18841.5
"7095",2500,0.1,1095,19367.3
"7096",2500,0.1,1096,19842.7
"7097",2500,0.1,1097,20364.1
"7098",2500,0.1,1098,20595.2
"7099",2500,0.1,1099,20714.6
"7100",2500,0.1,1100,20751.7
"7101",2500,0.1,1101,21098.6
"7102",2500,0.1,1102,21388.3
"7103",2500,0.1,1103,21794.2
"7104",2500,0.1,1104,21950.3
"7105",2500,0.1,1105,22196
"7106",2500,0.1,1106,22299.1
"7107",2500,0.1,1107,22649
"7108",2500,0.1,1108,23114.6
"7109",2500,0.1,1109,22967.6
"7110",2500,0.1,1110,23078.9
"7111",2500,0.1,1111,23226.9
"7112",2500,0.1,1112,22900.4
"7113",2500,0.1,1113,23429.4
"7114",2500,0.1,1114,23714.8
"7115",2500,0.1,1115,24363.1
"7116",2500,0.1,1116,24375.2
"7117",2500,0.1,1117,23922.2
"7118",2500,0.1,1118,24381.6
"7119",2500,0.1,1119,24549.9
"7120",2500,0.1,1120,24498.7
"7121",2500,0.1,1121,24522.5
"7122",2500,0.1,1122,24660.5
"7123",2500,0.1,1123,24599.1
"7124",2500,0.1,1124,25146.9
"7125",2500,0.1,1125,25165.5
"7126",2500,0.1,1126,24419.7
"7127",2500,0.1,1127,24431.5
"7128",2500,0.1,1128,24956.9
"7129",2500,0.1,1129,24524.3
"7130",2500,0.1,1130,24803.1
"7131",2500,0.1,1131,24917.9
"7132",2500,0.1,1132,24827.2
"7133",2500,0.1,1133,24333.4
"7134",2500,0.1,1134,24746.2
"7135",2500,0.1,1135,24501.9
"7136",2500,0.1,1136,24671.5
"7137",2500,0.1,1137,24712
"7138",2500,0.1,1138,25293.3
"7139",2500,0.1,1139,24587.3
"7140",2500,0.1,1140,24635
"7141",2500,0.1,1141,24950.3
"7142",2500,0.1,1142,24444.3
"7143",2500,0.1,1143,24575.7
"7144",2500,0.1,1144,24838
"7145",2500,0.1,1145,24567.7
"7146",2500,0.1,1146,24620.7
"7147",2500,0.1,1147,24609.1
"7148",2500,0.1,1148,24614.2
"7149",2500,0.1,1149,24241.7
"7150",2500,0.1,1150,24490.5
"7151",2500,0.1,1151,24725.8
"7152",2500,0.1,1152,24724.7
"7153",2500,0.1,1153,24987.7
"7154",2500,0.1,1154,24589
"7155",2500,0.1,1155,24768.1
"7156",2500,0.1,1156,24781.7
"7157",2500,0.1,1157,25239.5
"7158",2500,0.1,1158,25086.8
"7159",2500,0.1,1159,24787.6
"7160",2500,0.1,1160,24756.7
"7161",2500,0.1,1161,24293.2
"7162",2500,0.1,1162,24567.2
"7163",2500,0.1,1163,24364.4
"7164",2500,0.1,1164,25315.4
"7165",2500,0.1,1165,25189.6
"7166",2500,0.1,1166,24590.6
"7167",2500,0.1,1167,24274.5
"7168",2500,0.1,1168,24247.5
"7169",2500,0.1,1169,24610.6
"7170",2500,0.1,1170,25208.3
"7171",2500,0.1,1171,25184.3
"7172",2500,0.1,1172,24819.5
"7173",2500,0.1,1173,24467.7
"7174",2500,0.1,1174,24841.3
"7175",2500,0.1,1175,25065.2
"7176",2500,0.1,1176,24843.2
"7177",2500,0.1,1177,25019.4
"7178",2500,0.1,1178,24815.6
"7179",2500,0.1,1179,25057.9
"7180",2500,0.1,1180,25172
"7181",2500,0.1,1181,25163.4
"7182",2500,0.1,1182,24645
"7183",2500,0.1,1183,24428.9
"7184",2500,0.1,1184,24710.7
"7185",2500,0.1,1185,24606
"7186",2500,0.1,1186,24866.7
"7187",2500,0.1,1187,25219.9
"7188",2500,0.1,1188,24803.9
"7189",2500,0.1,1189,24369.6
"7190",2500,0.1,1190,24813
"7191",2500,0.1,1191,24882.7
"7192",2500,0.1,1192,25246.1
"7193",2500,0.1,1193,24972
"7194",2500,0.1,1194,24508.1
"7195",2500,0.1,1195,25051.9
"7196",2500,0.1,1196,24553
"7197",2500,0.1,1197,24388.5
"7198",2500,0.1,1198,24610.5
"7199",2500,0.1,1199,24821.3
"7200",2500,0.1,1200,24681.5
"7201",2500,0.1,1201,24421.4
"7202",2500,0.1,1202,24779.8
"7203",2500,0.1,1203,25262.8
"7204",2500,0.1,1204,24742.5
"7205",2500,0.1,1205,24659.6
"7206",2500,0.1,1206,24749.8
"7207",2500,0.1,1207,24340.8
"7208",2500,0.1,1208,24413.4
"7209",2500,0.1,1209,24609.6
"7210",2500,0.1,1210,24549.2
"7211",2500,0.1,1211,24364.5
"7212",2500,0.1,1212,24666.8
"7213",2500,0.1,1213,24936.9
"7214",2500,0.1,1214,24896.3
"7215",2500,0.1,1215,25229.2
"7216",2500,0.1,1216,24611.5
"7217",2500,0.1,1217,24752
"7218",2500,0.1,1218,24364.1
"7219",2500,0.1,1219,24215.1
"7220",2500,0.1,1220,23941.5
"7221",2500,0.1,1221,24339
"7222",2500,0.1,1222,24684.7
"7223",2500,0.1,1223,24717.4
"7224",2500,0.1,1224,24757.5
"7225",2500,0.1,1225,25208.3
"7226",2500,0.1,1226,24543.9
"7227",2500,0.1,1227,24595.5
"7228",2500,0.1,1228,24800.2
"7229",2500,0.1,1229,24801.6
"7230",2500,0.1,1230,23930.7
"7231",2500,0.1,1231,24152.4
"7232",2500,0.1,1232,24783.5
"7233",2500,0.1,1233,24344.4
"7234",2500,0.1,1234,24367.2
"7235",2500,0.1,1235,24777.3
"7236",2500,0.1,1236,24516.7
"7237",2500,0.1,1237,24475.7
"7238",2500,0.1,1238,24693.3
"7239",2500,0.1,1239,24590.4
"7240",2500,0.1,1240,24551.5
"7241",2500,0.1,1241,24704.9
"7242",2500,0.1,1242,25021.2
"7243",2500,0.1,1243,25008.2
"7244",2500,0.1,1244,24254.1
"7245",2500,0.1,1245,24403.7
"7246",2500,0.1,1246,24558.5
"7247",2500,0.1,1247,24483.9
"7248",2500,0.1,1248,24673
"7249",2500,0.1,1249,24952.2
"7250",2500,0.1,1250,24886.9
"7251",2500,0.1,1251,24843.9
"7252",2500,0.1,1252,24513.1
"7253",2500,0.1,1253,24714.9
"7254",2500,0.1,1254,25083.5
"7255",2500,0.1,1255,24846.7
"7256",2500,0.1,1256,24332.6
"7257",2500,0.1,1257,24292.8
"7258",2500,0.1,1258,24227
"7259",2500,0.1,1259,24593.6
"7260",2500,0.1,1260,24602
"7261",2500,0.1,1261,24737
"7262",2500,0.1,1262,25001.8
"7263",2500,0.1,1263,24880
"7264",2500,0.1,1264,24668.4
"7265",2500,0.1,1265,24833.8
"7266",2500,0.1,1266,24900.4
"7267",2500,0.1,1267,24758.5
"7268",2500,0.1,1268,24950.2
"7269",2500,0.1,1269,24796.3
"7270",2500,0.1,1270,24607.3
"7271",2500,0.1,1271,24250.1
"7272",2500,0.1,1272,24941.3
"7273",2500,0.1,1273,24787
"7274",2500,0.1,1274,24566.1
"7275",2500,0.1,1275,25292.4
"7276",2500,0.1,1276,24644
"7277",2500,0.1,1277,24619.9
"7278",2500,0.1,1278,24058.2
"7279",2500,0.1,1279,24460.5
"7280",2500,0.1,1280,24704.7
"7281",2500,0.1,1281,24463.7
"7282",2500,0.1,1282,24335.6
"7283",2500,0.1,1283,24529.2
"7284",2500,0.1,1284,24763
"7285",2500,0.1,1285,24789.8
"7286",2500,0.1,1286,24431.2
"7287",2500,0.1,1287,24993.1
"7288",2500,0.1,1288,25070.2
"7289",2500,0.1,1289,25073.6
"7290",2500,0.1,1290,25224.6
"7291",2500,0.1,1291,24514.9
"7292",2500,0.1,1292,24334.7
"7293",2500,0.1,1293,24716.7
"7294",2500,0.1,1294,24938.1
"7295",2500,0.1,1295,25257.5
"7296",2500,0.1,1296,24403.9
"7297",2500,0.1,1297,24482.4
"7298",2500,0.1,1298,24638.3
"7299",2500,0.1,1299,24514.7
"7300",2500,0.1,1300,24093.2
"7301",2500,0.1,1301,24512.3
"7302",2500,0.1,1302,24318.5
"7303",2500,0.1,1303,24436
"7304",2500,0.1,1304,24574.6
"7305",2500,0.1,1305,24878.4
"7306",2500,0.1,1306,24904.4
"7307",2500,0.1,1307,25003.7
"7308",2500,0.1,1308,24673.5
"7309",2500,0.1,1309,24263.6
"7310",2500,0.1,1310,24637.3
"7311",2500,0.1,1311,24632.1
"7312",2500,0.1,1312,24622.5
"7313",2500,0.1,1313,24993.1
"7314",2500,0.1,1314,24339.9
"7315",2500,0.1,1315,24705.9
"7316",2500,0.1,1316,25155.2
"7317",2500,0.1,1317,24976.1
"7318",2500,0.1,1318,24421.1
"7319",2500,0.1,1319,24728.6
"7320",2500,0.1,1320,24519.4
"7321",2500,0.1,1321,24933.1
"7322",2500,0.1,1322,24685
"7323",2500,0.1,1323,24744
"7324",2500,0.1,1324,24750.4
"7325",2500,0.1,1325,24784.3
"7326",2500,0.1,1326,24358.4
"7327",2500,0.1,1327,24660.4
"7328",2500,0.1,1328,24905.8
"7329",2500,0.1,1329,25399.5
"7330",2500,0.1,1330,24104.5
"7331",2500,0.1,1331,24440.6
"7332",2500,0.1,1332,24336.7
"7333",2500,0.1,1333,24682.1
"7334",2500,0.1,1334,24406.1
"7335",2500,0.1,1335,24784.6
"7336",2500,0.1,1336,24642.1
"7337",2500,0.1,1337,24934
"7338",2500,0.1,1338,24614.6
"7339",2500,0.1,1339,24883.4
"7340",2500,0.1,1340,24508.7
"7341",2500,0.1,1341,24880.9
"7342",2500,0.1,1342,24985.4
"7343",2500,0.1,1343,25244
"7344",2500,0.1,1344,25145.6
"7345",2500,0.1,1345,24823.6
"7346",2500,0.1,1346,24255.3
"7347",2500,0.1,1347,25052.2
"7348",2500,0.1,1348,24645.8
"7349",2500,0.1,1349,24892.7
"7350",2500,0.1,1350,25060.9
"7351",2500,0.1,1351,25302.5
"7352",2500,0.1,1352,24631
"7353",2500,0.1,1353,24433.3
"7354",2500,0.1,1354,24177.6
"7355",2500,0.1,1355,24767.2
"7356",2500,0.1,1356,24652.7
"7357",2500,0.1,1357,24843.1
"7358",2500,0.1,1358,24420.9
"7359",2500,0.1,1359,24545.1
"7360",2500,0.1,1360,24837.4
"7361",2500,0.1,1361,24856
"7362",2500,0.1,1362,25067.4
"7363",2500,0.1,1363,24880.5
"7364",2500,0.1,1364,24858.3
"7365",2500,0.1,1365,24946.8
"7366",2500,0.1,1366,24833
"7367",2500,0.1,1367,24482.1
"7368",2500,0.1,1368,24523
"7369",2500,0.1,1369,24612.9
"7370",2500,0.1,1370,24548.9
"7371",2500,0.1,1371,24368.4
"7372",2500,0.1,1372,24954.3
"7373",2500,0.1,1373,24809.4
"7374",2500,0.1,1374,24711.8
"7375",2500,0.1,1375,24449.8
"7376",2500,0.1,1376,25138.4
"7377",2500,0.1,1377,24792.3
"7378",2500,0.1,1378,24674.4
"7379",2500,0.1,1379,23889.9
"7380",2500,0.1,1380,24556.1
"7381",2500,0.1,1381,24405.5
"7382",2500,0.1,1382,25360.1
"7383",2500,0.1,1383,24282.1
"7384",2500,0.1,1384,24346.7
"7385",2500,0.1,1385,24661.5
"7386",2500,0.1,1386,24791.7
"7387",2500,0.1,1387,24698.8
"7388",2500,0.1,1388,24498.3
"7389",2500,0.1,1389,24685.3
"7390",2500,0.1,1390,24825.8
"7391",2500,0.1,1391,24737.9
"7392",2500,0.1,1392,24827.7
"7393",2500,0.1,1393,24593.6
"7394",2500,0.1,1394,25016.5
"7395",2500,0.1,1395,24776.9
"7396",2500,0.1,1396,24798.9
"7397",2500,0.1,1397,25009.5
"7398",2500,0.1,1398,24848.6
"7399",2500,0.1,1399,24692.5
"7400",2500,0.1,1400,24405.1
"7401",2500,0.1,1401,24524.5
"7402",2500,0.1,1402,25165.7
"7403",2500,0.1,1403,25283.4
"7404",2500,0.1,1404,24554.4
"7405",2500,0.1,1405,25219.2
"7406",2500,0.1,1406,24290.8
"7407",2500,0.1,1407,24519.9
"7408",2500,0.1,1408,24878.2
"7409",2500,0.1,1409,25283.8
"7410",2500,0.1,1410,24951.8
"7411",2500,0.1,1411,24635
"7412",2500,0.1,1412,24494.5
"7413",2500,0.1,1413,24639.5
"7414",2500,0.1,1414,25036.2
"7415",2500,0.1,1415,24511.7
"7416",2500,0.1,1416,24540.5
"7417",2500,0.1,1417,24576
"7418",2500,0.1,1418,24707.1
"7419",2500,0.1,1419,24808.9
"7420",2500,0.1,1420,25269
"7421",2500,0.1,1421,24824.7
"7422",2500,0.1,1422,24347.2
"7423",2500,0.1,1423,24800.9
"7424",2500,0.1,1424,24759.7
"7425",2500,0.1,1425,24760.3
"7426",2500,0.1,1426,24799.1
"7427",2500,0.1,1427,24722
"7428",2500,0.1,1428,25064.3
"7429",2500,0.1,1429,24864.7
"7430",2500,0.1,1430,24922.1
"7431",2500,0.1,1431,24981
"7432",2500,0.1,1432,24971.1
"7433",2500,0.1,1433,24684.2
"7434",2500,0.1,1434,25049.8
"7435",2500,0.1,1435,24567.4
"7436",2500,0.1,1436,24498.7
"7437",2500,0.1,1437,24813.8
"7438",2500,0.1,1438,24786.2
"7439",2500,0.1,1439,24690.2
"7440",2500,0.1,1440,24844.1
"7441",2500,0.1,1441,24902.8
"7442",2500,0.1,1442,25028.8
"7443",2500,0.1,1443,25166.9
"7444",2500,0.1,1444,24646.7
"7445",2500,0.1,1445,24901
"7446",2500,0.1,1446,25250.3
"7447",2500,0.1,1447,24776
"7448",2500,0.1,1448,24855.6
"7449",2500,0.1,1449,24991.1
"7450",2500,0.1,1450,24492.9
"7451",2500,0.1,1451,24590.5
"7452",2500,0.1,1452,25110.3
"7453",2500,0.1,1453,25458
"7454",2500,0.1,1454,24573
"7455",2500,0.1,1455,24811.9
"7456",2500,0.1,1456,24612.8
"7457",2500,0.1,1457,25022
"7458",2500,0.1,1458,24505
"7459",2500,0.1,1459,24641.6
"7460",2500,0.1,1460,24253.9
"7461",2500,0.1,1461,24425.1
"7462",2500,0.1,1462,24498.2
"7463",2500,0.1,1463,25062.3
"7464",2500,0.1,1464,24951.3
"7465",2500,0.1,1465,24418.5
"7466",2500,0.1,1466,24915.3
"7467",2500,0.1,1467,24220.4
"7468",2500,0.1,1468,24364.2
"7469",2500,0.1,1469,24452
"7470",2500,0.1,1470,25120
"7471",2500,0.1,1471,24544.5
"7472",2500,0.1,1472,24747.1
"7473",2500,0.1,1473,24779.8
"7474",2500,0.1,1474,24657.3
"7475",2500,0.1,1475,24817.9
"7476",2500,0.1,1476,24749.8
"7477",2500,0.1,1477,24930.2
"7478",2500,0.1,1478,24687.9
"7479",2500,0.1,1479,24979.9
"7480",2500,0.1,1480,25189.4
"7481",2500,0.1,1481,24909.9
"7482",2500,0.1,1482,24620.5
"7483",2500,0.1,1483,25153.8
"7484",2500,0.1,1484,24626.2
"7485",2500,0.1,1485,24911.6
"7486",2500,0.1,1486,24655.5
"7487",2500,0.1,1487,24656.8
"7488",2500,0.1,1488,24916.4
"7489",2500,0.1,1489,24701.2
"7490",2500,0.1,1490,24643.5
"7491",2500,0.1,1491,24479.2
"7492",2500,0.1,1492,25152.9
"7493",2500,0.1,1493,24498.1
"7494",2500,0.1,1494,24324.2
"7495",2500,0.1,1495,24940.3
"7496",2500,0.1,1496,24393.1
"7497",2500,0.1,1497,24396.5
"7498",2500,0.1,1498,24805.9
"7499",2500,0.1,1499,24780.8
"7500",2500,0.1,1500,24611.6
"7501",2500,0.1,1501,24440.5
"7502",2500,0.1,1502,24483.2
"7503",2500,0.1,1503,24643.5
"7504",2500,0.1,1504,24358.9
"7505",2500,0.1,1505,24674.4
"7506",2500,0.1,1506,25271.9
"7507",2500,0.1,1507,24847.1
"7508",2500,0.1,1508,24722.3
"7509",2500,0.1,1509,24719.6
"7510",2500,0.1,1510,24937.7
"7511",2500,0.1,1511,24747
"7512",2500,0.1,1512,24501.4
"7513",2500,0.1,1513,24486
"7514",2500,0.1,1514,24667.1
"7515",2500,0.1,1515,25353
"7516",2500,0.1,1516,24231
"7517",2500,0.1,1517,24488.9
"7518",2500,0.1,1518,24461.5
"7519",2500,0.1,1519,24878.1
"7520",2500,0.1,1520,24826.4
"7521",2500,0.1,1521,24730.9
"7522",2500,0.1,1522,24982.1
"7523",2500,0.1,1523,24503
"7524",2500,0.1,1524,24312
"7525",2500,0.1,1525,24684.8
"7526",2500,0.1,1526,24761.1
"7527",2500,0.1,1527,25073.2
"7528",2500,0.1,1528,24885.8
"7529",2500,0.1,1529,25230.6
"7530",2500,0.1,1530,24716.4
"7531",2500,0.1,1531,24813.2
"7532",2500,0.1,1532,23687.5
"7533",2500,0.1,1533,24112.9
"7534",2500,0.1,1534,24255.1
"7535",2500,0.1,1535,24816.5
"7536",2500,0.1,1536,24178.8
"7537",2500,0.1,1537,24404
"7538",2500,0.1,1538,24970.3
"7539",2500,0.1,1539,24674.2
"7540",2500,0.1,1540,24505.2
"7541",2500,0.1,1541,24642.6
"7542",2500,0.1,1542,24682.4
"7543",2500,0.1,1543,24742.3
"7544",2500,0.1,1544,24875.2
"7545",2500,0.1,1545,24264.6
"7546",2500,0.1,1546,24214.9
"7547",2500,0.1,1547,24969.9
"7548",2500,0.1,1548,24511.3
"7549",2500,0.1,1549,24694.7
"7550",2500,0.1,1550,25084.6
"7551",2500,0.1,1551,24812.2
"7552",2500,0.1,1552,24374.6
"7553",2500,0.1,1553,24492.3
"7554",2500,0.1,1554,24457.5
"7555",2500,0.1,1555,24382.6
"7556",2500,0.1,1556,24821.1
"7557",2500,0.1,1557,24816.7
"7558",2500,0.1,1558,24960
"7559",2500,0.1,1559,24450.8
"7560",2500,0.1,1560,23808.8
"7561",2500,0.1,1561,23982.4
"7562",2500,0.1,1562,24801.1
"7563",2500,0.1,1563,24611.3
"7564",2500,0.1,1564,24857.4
"7565",2500,0.1,1565,24375.1
"7566",2500,0.1,1566,24776.9
"7567",2500,0.1,1567,24501
"7568",2500,0.1,1568,24198
"7569",2500,0.1,1569,24224.9
"7570",2500,0.1,1570,24631
"7571",2500,0.1,1571,24917
"7572",2500,0.1,1572,24512.9
"7573",2500,0.1,1573,24797.3
"7574",2500,0.1,1574,25532.3
"7575",2500,0.1,1575,24402.9
"7576",2500,0.1,1576,24635.6
"7577",2500,0.1,1577,24610.6
"7578",2500,0.1,1578,24320.9
"7579",2500,0.1,1579,25135.5
"7580",2500,0.1,1580,25406.4
"7581",2500,0.1,1581,24670.1
"7582",2500,0.1,1582,24590.3
"7583",2500,0.1,1583,24336.7
"7584",2500,0.1,1584,25162.5
"7585",2500,0.1,1585,24954.5
"7586",2500,0.1,1586,24611.6
"7587",2500,0.1,1587,24417.3
"7588",2500,0.1,1588,24330.2
"7589",2500,0.1,1589,24508.5
"7590",2500,0.1,1590,24592.8
"7591",2500,0.1,1591,24481.8
"7592",2500,0.1,1592,25209.5
"7593",2500,0.1,1593,24741.2
"7594",2500,0.1,1594,24931.6
"7595",2500,0.1,1595,24771.6
"7596",2500,0.1,1596,24912.2
"7597",2500,0.1,1597,25005.4
"7598",2500,0.1,1598,24705.1
"7599",2500,0.1,1599,24623.4
"7600",2500,0.1,1600,24633.4
"7601",2500,0.1,1601,24799.9
"7602",2500,0.1,1602,24337.2
"7603",2500,0.1,1603,24560.8
"7604",2500,0.1,1604,24392.7
"7605",2500,0.1,1605,24674.5
"7606",2500,0.1,1606,24791.6
"7607",2500,0.1,1607,24466.1
"7608",2500,0.1,1608,24413.7
"7609",2500,0.1,1609,23904.9
"7610",2500,0.1,1610,24188.5
"7611",2500,0.1,1611,24927.2
"7612",2500,0.1,1612,24448.5
"7613",2500,0.1,1613,24346.4
"7614",2500,0.1,1614,24645.3
"7615",2500,0.1,1615,24592.2
"7616",2500,0.1,1616,24971.1
"7617",2500,0.1,1617,24646.3
"7618",2500,0.1,1618,24980.7
"7619",2500,0.1,1619,25063.7
"7620",2500,0.1,1620,24249
"7621",2500,0.1,1621,24255.1
"7622",2500,0.1,1622,24740.7
"7623",2500,0.1,1623,24590.2
"7624",2500,0.1,1624,24751.2
"7625",2500,0.1,1625,24617.2
"7626",2500,0.1,1626,25108.7
"7627",2500,0.1,1627,25052.7
"7628",2500,0.1,1628,24631.3
"7629",2500,0.1,1629,24966.9
"7630",2500,0.1,1630,24808.8
"7631",2500,0.1,1631,24696.2
"7632",2500,0.1,1632,24938.4
"7633",2500,0.1,1633,24811.6
"7634",2500,0.1,1634,24747.6
"7635",2500,0.1,1635,24546.2
"7636",2500,0.1,1636,24788.9
"7637",2500,0.1,1637,24600.7
"7638",2500,0.1,1638,24691.6
"7639",2500,0.1,1639,24551
"7640",2500,0.1,1640,24565.4
"7641",2500,0.1,1641,24170.1
"7642",2500,0.1,1642,24731.1
"7643",2500,0.1,1643,24775.4
"7644",2500,0.1,1644,24233.3
"7645",2500,0.1,1645,24686
"7646",2500,0.1,1646,24214.8
"7647",2500,0.1,1647,24618.6
"7648",2500,0.1,1648,24740.6
"7649",2500,0.1,1649,25199.9
"7650",2500,0.1,1650,24592.4
"7651",2500,0.1,1651,24981.2
"7652",2500,0.1,1652,24768.9
"7653",2500,0.1,1653,24964.6
"7654",2500,0.1,1654,24635.3
"7655",2500,0.1,1655,24895.2
"7656",2500,0.1,1656,24893.2
"7657",2500,0.1,1657,24817.1
"7658",2500,0.1,1658,24971.6
"7659",2500,0.1,1659,24860.6
"7660",2500,0.1,1660,24883.9
"7661",2500,0.1,1661,24551.4
"7662",2500,0.1,1662,24439.6
"7663",2500,0.1,1663,25046.8
"7664",2500,0.1,1664,25090.1
"7665",2500,0.1,1665,24728.3
"7666",2500,0.1,1666,25019.8
"7667",2500,0.1,1667,24905.1
"7668",2500,0.1,1668,24503.6
"7669",2500,0.1,1669,24685.9
"7670",2500,0.1,1670,24940.5
"7671",2500,0.1,1671,25021.1
"7672",2500,0.1,1672,24760.4
"7673",2500,0.1,1673,24310.4
"7674",2500,0.1,1674,24358.4
"7675",2500,0.1,1675,24838
"7676",2500,0.1,1676,25140.7
"7677",2500,0.1,1677,24981.8
"7678",2500,0.1,1678,24738.2
"7679",2500,0.1,1679,24854.3
"7680",2500,0.1,1680,24720.8
"7681",2500,0.1,1681,24545.2
"7682",2500,0.1,1682,24770.6
"7683",2500,0.1,1683,24903.3
"7684",2500,0.1,1684,24543
"7685",2500,0.1,1685,24901.1
"7686",2500,0.1,1686,24668.5
"7687",2500,0.1,1687,25341.5
"7688",2500,0.1,1688,24422
"7689",2500,0.1,1689,24471.7
"7690",2500,0.1,1690,24396.1
"7691",2500,0.1,1691,24663.6
"7692",2500,0.1,1692,24990.1
"7693",2500,0.1,1693,25294.6
"7694",2500,0.1,1694,25296.4
"7695",2500,0.1,1695,24721.5
"7696",2500,0.1,1696,24512.6
"7697",2500,0.1,1697,24695.9
"7698",2500,0.1,1698,25162.1
"7699",2500,0.1,1699,24527.2
"7700",2500,0.1,1700,24376.7
"7701",2500,0.1,1701,24884.5
"7702",2500,0.1,1702,24806.8
"7703",2500,0.1,1703,24051.4
"7704",2500,0.1,1704,24907.8
"7705",2500,0.1,1705,24743.7
"7706",2500,0.1,1706,24814
"7707",2500,0.1,1707,24410.5
"7708",2500,0.1,1708,24877.9
"7709",2500,0.1,1709,24889.8
"7710",2500,0.1,1710,24552.9
"7711",2500,0.1,1711,24330.5
"7712",2500,0.1,1712,24683.3
"7713",2500,0.1,1713,24740
"7714",2500,0.1,1714,24123.7
"7715",2500,0.1,1715,24708
"7716",2500,0.1,1716,24592.2
"7717",2500,0.1,1717,24819.1
"7718",2500,0.1,1718,24542
"7719",2500,0.1,1719,24525.8
"7720",2500,0.1,1720,25024.7
"7721",2500,0.1,1721,24365
"7722",2500,0.1,1722,24657.6
"7723",2500,0.1,1723,24788.5
"7724",2500,0.1,1724,24532.8
"7725",2500,0.1,1725,25060.7
"7726",2500,0.1,1726,24882.2
"7727",2500,0.1,1727,24460.8
"7728",2500,0.1,1728,24772.8
"7729",2500,0.1,1729,24621.5
"7730",2500,0.1,1730,24477.1
"7731",2500,0.1,1731,24541.6
"7732",2500,0.1,1732,24854.9
"7733",2500,0.1,1733,24776
"7734",2500,0.1,1734,24830.6
"7735",2500,0.1,1735,24811.6
"7736",2500,0.1,1736,24982.8
"7737",2500,0.1,1737,24913.2
"7738",2500,0.1,1738,24411
"7739",2500,0.1,1739,24727.1
"7740",2500,0.1,1740,24716.5
"7741",2500,0.1,1741,24923.3
"7742",2500,0.1,1742,24589.1
"7743",2500,0.1,1743,24402.9
"7744",2500,0.1,1744,24980
"7745",2500,0.1,1745,24671.4
"7746",2500,0.1,1746,24748.1
"7747",2500,0.1,1747,25089
"7748",2500,0.1,1748,24378.4
"7749",2500,0.1,1749,24680.4
"7750",2500,0.1,1750,24814.2
"7751",2500,0.1,1751,24570.6
"7752",2500,0.1,1752,24653.3
"7753",2500,0.1,1753,24989.1
"7754",2500,0.1,1754,24559.9
"7755",2500,0.1,1755,24672.7
"7756",2500,0.1,1756,24792.3
"7757",2500,0.1,1757,24938.2
"7758",2500,0.1,1758,24878.8
"7759",2500,0.1,1759,24241.4
"7760",2500,0.1,1760,24607
"7761",2500,0.1,1761,24464.4
"7762",2500,0.1,1762,25004.8
"7763",2500,0.1,1763,24846.5
"7764",2500,0.1,1764,24946.4
"7765",2500,0.1,1765,24455.7
"7766",2500,0.1,1766,24664.2
"7767",2500,0.1,1767,24040.6
"7768",2500,0.1,1768,24561.5
"7769",2500,0.1,1769,24637.5
"7770",2500,0.1,1770,24780.6
"7771",2500,0.1,1771,25024.6
"7772",2500,0.1,1772,24788.2
"7773",2500,0.1,1773,24587.3
"7774",2500,0.1,1774,24813.5
"7775",2500,0.1,1775,24692.2
"7776",2500,0.1,1776,24553.6
"7777",2500,0.1,1777,24889.1
"7778",2500,0.1,1778,25141.9
"7779",2500,0.1,1779,24631
"7780",2500,0.1,1780,24812.5
"7781",2500,0.1,1781,24783.2
"7782",2500,0.1,1782,24387.2
"7783",2500,0.1,1783,24670.3
"7784",2500,0.1,1784,24502
"7785",2500,0.1,1785,24998.2
"7786",2500,0.1,1786,25312.3
"7787",2500,0.1,1787,24604.1
"7788",2500,0.1,1788,24777
"7789",2500,0.1,1789,24854.2
"7790",2500,0.1,1790,24645.9
"7791",2500,0.1,1791,24867.4
"7792",2500,0.1,1792,24528.8
"7793",2500,0.1,1793,24810.8
"7794",2500,0.1,1794,25162.1
"7795",2500,0.1,1795,25068.7
"7796",2500,0.1,1796,24806.4
"7797",2500,0.1,1797,24666.8
"7798",2500,0.1,1798,24716.6
"7799",2500,0.1,1799,24674.1
"7800",2500,0.1,1800,24117.3
"7801",2500,0.1,1801,24256.1
"7802",2500,0.1,1802,24342.4
"7803",2500,0.1,1803,24935.8
"7804",2500,0.1,1804,24784.8
"7805",2500,0.1,1805,24881.2
"7806",2500,0.1,1806,24715.2
"7807",2500,0.1,1807,24750.4
"7808",2500,0.1,1808,24556.3
"7809",2500,0.1,1809,25067.7
"7810",2500,0.1,1810,25026
"7811",2500,0.1,1811,24611.3
"7812",2500,0.1,1812,24938.5
"7813",2500,0.1,1813,24637.1
"7814",2500,0.1,1814,25094.5
"7815",2500,0.1,1815,25030.3
"7816",2500,0.1,1816,25098.7
"7817",2500,0.1,1817,24772.7
"7818",2500,0.1,1818,24523.7
"7819",2500,0.1,1819,24645.1
"7820",2500,0.1,1820,25322.6
"7821",2500,0.1,1821,24900.9
"7822",2500,0.1,1822,24577.9
"7823",2500,0.1,1823,24942.2
"7824",2500,0.1,1824,24624
"7825",2500,0.1,1825,24323
"7826",2500,0.1,1826,23940.2
"7827",2500,0.1,1827,24386.3
"7828",2500,0.1,1828,24076.1
"7829",2500,0.1,1829,24315.4
"7830",2500,0.1,1830,25035.8
"7831",2500,0.1,1831,24876.1
"7832",2500,0.1,1832,24867.5
"7833",2500,0.1,1833,25064.7
"7834",2500,0.1,1834,24853.5
"7835",2500,0.1,1835,24575.3
"7836",2500,0.1,1836,24660.5
"7837",2500,0.1,1837,24600.2
"7838",2500,0.1,1838,24693
"7839",2500,0.1,1839,24702.9
"7840",2500,0.1,1840,25234.1
"7841",2500,0.1,1841,25115.7
"7842",2500,0.1,1842,25048.5
"7843",2500,0.1,1843,25034.2
"7844",2500,0.1,1844,24662
"7845",2500,0.1,1845,24655.6
"7846",2500,0.1,1846,24470.9
"7847",2500,0.1,1847,24410.3
"7848",2500,0.1,1848,24529.2
"7849",2500,0.1,1849,25119.1
"7850",2500,0.1,1850,24411.1
"7851",2500,0.1,1851,24391.5
"7852",2500,0.1,1852,24345.2
"7853",2500,0.1,1853,24675.4
"7854",2500,0.1,1854,24111.2
"7855",2500,0.1,1855,24399.7
"7856",2500,0.1,1856,25025.2
"7857",2500,0.1,1857,24696.2
"7858",2500,0.1,1858,25126.1
"7859",2500,0.1,1859,24396.7
"7860",2500,0.1,1860,24579
"7861",2500,0.1,1861,24160.7
"7862",2500,0.1,1862,24518.6
"7863",2500,0.1,1863,24577.1
"7864",2500,0.1,1864,24893.3
"7865",2500,0.1,1865,24904.3
"7866",2500,0.1,1866,24856.6
"7867",2500,0.1,1867,25303.5
"7868",2500,0.1,1868,24564.7
"7869",2500,0.1,1869,25036.2
"7870",2500,0.1,1870,25060.5
"7871",2500,0.1,1871,24978.1
"7872",2500,0.1,1872,25313.5
"7873",2500,0.1,1873,24583
"7874",2500,0.1,1874,24881
"7875",2500,0.1,1875,24821.5
"7876",2500,0.1,1876,24465.4
"7877",2500,0.1,1877,24830
"7878",2500,0.1,1878,25264.5
"7879",2500,0.1,1879,25044.5
"7880",2500,0.1,1880,24411.8
"7881",2500,0.1,1881,24738.9
"7882",2500,0.1,1882,24614.6
"7883",2500,0.1,1883,25059.3
"7884",2500,0.1,1884,24796
"7885",2500,0.1,1885,24451.9
"7886",2500,0.1,1886,24725.9
"7887",2500,0.1,1887,25397.3
"7888",2500,0.1,1888,24581.7
"7889",2500,0.1,1889,24751.6
"7890",2500,0.1,1890,24687.1
"7891",2500,0.1,1891,24470.6
"7892",2500,0.1,1892,24342.9
"7893",2500,0.1,1893,24832.3
"7894",2500,0.1,1894,24448.4
"7895",2500,0.1,1895,25153.1
"7896",2500,0.1,1896,25327.4
"7897",2500,0.1,1897,24538.4
"7898",2500,0.1,1898,24787.5
"7899",2500,0.1,1899,24447.4
"7900",2500,0.1,1900,24901.8
"7901",2500,0.1,1901,24595.6
"7902",2500,0.1,1902,24952.9
"7903",2500,0.1,1903,24859.6
"7904",2500,0.1,1904,25190.5
"7905",2500,0.1,1905,24310.9
"7906",2500,0.1,1906,24226.9
"7907",2500,0.1,1907,24591.7
"7908",2500,0.1,1908,24388.3
"7909",2500,0.1,1909,24958.5
"7910",2500,0.1,1910,25012.4
"7911",2500,0.1,1911,24748.9
"7912",2500,0.1,1912,24852.1
"7913",2500,0.1,1913,24584
"7914",2500,0.1,1914,24722.6
"7915",2500,0.1,1915,24849.9
"7916",2500,0.1,1916,24755.8
"7917",2500,0.1,1917,24349.1
"7918",2500,0.1,1918,24393.7
"7919",2500,0.1,1919,24553.1
"7920",2500,0.1,1920,24751.4
"7921",2500,0.1,1921,25094.3
"7922",2500,0.1,1922,24929.7
"7923",2500,0.1,1923,24667.2
"7924",2500,0.1,1924,24377.9
"7925",2500,0.1,1925,24486.1
"7926",2500,0.1,1926,24822.3
"7927",2500,0.1,1927,24842.7
"7928",2500,0.1,1928,24615.1
"7929",2500,0.1,1929,24614.4
"7930",2500,0.1,1930,25170.6
"7931",2500,0.1,1931,24585.5
"7932",2500,0.1,1932,24634.4
"7933",2500,0.1,1933,25222.5
"7934",2500,0.1,1934,24784.1
"7935",2500,0.1,1935,24636.7
"7936",2500,0.1,1936,24365.8
"7937",2500,0.1,1937,24551.2
"7938",2500,0.1,1938,24676.9
"7939",2500,0.1,1939,25202.5
"7940",2500,0.1,1940,25059.9
"7941",2500,0.1,1941,24924.2
"7942",2500,0.1,1942,24956
"7943",2500,0.1,1943,24982.3
"7944",2500,0.1,1944,24768.2
"7945",2500,0.1,1945,24255.5
"7946",2500,0.1,1946,24656.5
"7947",2500,0.1,1947,25110.6
"7948",2500,0.1,1948,24405
"7949",2500,0.1,1949,24451.3
"7950",2500,0.1,1950,24582.9
"7951",2500,0.1,1951,24233.1
"7952",2500,0.1,1952,24751.9
"7953",2500,0.1,1953,24553.7
"7954",2500,0.1,1954,24180.5
"7955",2500,0.1,1955,24220.6
"7956",2500,0.1,1956,24329.3
"7957",2500,0.1,1957,24418.8
"7958",2500,0.1,1958,24320.4
"7959",2500,0.1,1959,24789.3
"7960",2500,0.1,1960,25266.8
"7961",2500,0.1,1961,25206
"7962",2500,0.1,1962,24893.4
"7963",2500,0.1,1963,24447.8
"7964",2500,0.1,1964,24874.7
"7965",2500,0.1,1965,24145
"7966",2500,0.1,1966,24379.2
"7967",2500,0.1,1967,24911.9
"7968",2500,0.1,1968,24776.9
"7969",2500,0.1,1969,24451.5
"7970",2500,0.1,1970,24419.2
"7971",2500,0.1,1971,24923.2
"7972",2500,0.1,1972,24570.8
"7973",2500,0.1,1973,24828.2
"7974",2500,0.1,1974,24619.4
"7975",2500,0.1,1975,24765.5
"7976",2500,0.1,1976,25214.1
"7977",2500,0.1,1977,25005.6
"7978",2500,0.1,1978,24547.1
"7979",2500,0.1,1979,24788.9
"7980",2500,0.1,1980,24650.5
"7981",2500,0.1,1981,25061.7
"7982",2500,0.1,1982,24734.3
"7983",2500,0.1,1983,24678.9
"7984",2500,0.1,1984,24413.1
"7985",2500,0.1,1985,24205.5
"7986",2500,0.1,1986,24212.5
"7987",2500,0.1,1987,24697.2
"7988",2500,0.1,1988,25151.9
"7989",2500,0.1,1989,24328.2
"7990",2500,0.1,1990,24716.8
"7991",2500,0.1,1991,24634.1
"7992",2500,0.1,1992,24674.8
"7993",2500,0.1,1993,24787.4
"7994",2500,0.1,1994,24791.3
"7995",2500,0.1,1995,24671.2
"7996",2500,0.1,1996,25131.5
"7997",2500,0.1,1997,24368.4
"7998",2500,0.1,1998,24719.3
"7999",2500,0.1,1999,24342.3
"8000",2500,0.1,2000,24822
"8001",2500,0.5,1,5457.5
"8002",2500,0.5,2,5839.6
"8003",2500,0.5,3,6038.8
"8004",2500,0.5,4,6238.4
"8005",2500,0.5,5,6620.8
"8006",2500,0.5,6,6892.9
"8007",2500,0.5,7,6907.3
"8008",2500,0.5,8,6914.2
"8009",2500,0.5,9,7103.6
"8010",2500,0.5,10,7358.4
"8011",2500,0.5,11,7400.9
"8012",2500,0.5,12,7591
"8013",2500,0.5,13,7941.9
"8014",2500,0.5,14,8009.1
"8015",2500,0.5,15,8108.1
"8016",2500,0.5,16,8116.7
"8017",2500,0.5,17,8343.5
"8018",2500,0.5,18,8420.5
"8019",2500,0.5,19,8552.8
"8020",2500,0.5,20,8629.1
"8021",2500,0.5,21,8872.1
"8022",2500,0.5,22,8878.8
"8023",2500,0.5,23,9155.6
"8024",2500,0.5,24,9197.2
"8025",2500,0.5,25,9148.9
"8026",2500,0.5,26,9327.7
"8027",2500,0.5,27,9564.3
"8028",2500,0.5,28,9593.6
"8029",2500,0.5,29,9789.8
"8030",2500,0.5,30,9891.9
"8031",2500,0.5,31,10008.5
"8032",2500,0.5,32,10149.6
"8033",2500,0.5,33,10349.5
"8034",2500,0.5,34,10575.3
"8035",2500,0.5,35,10732.6
"8036",2500,0.5,36,11105.2
"8037",2500,0.5,37,11207
"8038",2500,0.5,38,11392.4
"8039",2500,0.5,39,11422.1
"8040",2500,0.5,40,11614.4
"8041",2500,0.5,41,11575
"8042",2500,0.5,42,11633.1
"8043",2500,0.5,43,12009.5
"8044",2500,0.5,44,12022.3
"8045",2500,0.5,45,11986
"8046",2500,0.5,46,11935.9
"8047",2500,0.5,47,12141.1
"8048",2500,0.5,48,12207.3
"8049",2500,0.5,49,12267
"8050",2500,0.5,50,12454.4
"8051",2500,0.5,51,12466.2
"8052",2500,0.5,52,12704.2
"8053",2500,0.5,53,12612.4
"8054",2500,0.5,54,12933.3
"8055",2500,0.5,55,13091.6
"8056",2500,0.5,56,13365.9
"8057",2500,0.5,57,13301
"8058",2500,0.5,58,13487.7
"8059",2500,0.5,59,13463
"8060",2500,0.5,60,13622.3
"8061",2500,0.5,61,13860.6
"8062",2500,0.5,62,13920.2
"8063",2500,0.5,63,14044.7
"8064",2500,0.5,64,14137.7
"8065",2500,0.5,65,14205.7
"8066",2500,0.5,66,14356.6
"8067",2500,0.5,67,14381.1
"8068",2500,0.5,68,14564.1
"8069",2500,0.5,69,14786.7
"8070",2500,0.5,70,14937.6
"8071",2500,0.5,71,14930
"8072",2500,0.5,72,14930.5
"8073",2500,0.5,73,15238.4
"8074",2500,0.5,74,15296.3
"8075",2500,0.5,75,15655.7
"8076",2500,0.5,76,15799.6
"8077",2500,0.5,77,16136.1
"8078",2500,0.5,78,16135.2
"8079",2500,0.5,79,16218.7
"8080",2500,0.5,80,16330.4
"8081",2500,0.5,81,16657.9
"8082",2500,0.5,82,16902.1
"8083",2500,0.5,83,16936.3
"8084",2500,0.5,84,17049.1
"8085",2500,0.5,85,17300.7
"8086",2500,0.5,86,17473.6
"8087",2500,0.5,87,17851
"8088",2500,0.5,88,17959.2
"8089",2500,0.5,89,18093.1
"8090",2500,0.5,90,18251.1
"8091",2500,0.5,91,18403.4
"8092",2500,0.5,92,18504.1
"8093",2500,0.5,93,18734.3
"8094",2500,0.5,94,19281.5
"8095",2500,0.5,95,19076.1
"8096",2500,0.5,96,19778.5
"8097",2500,0.5,97,20034.7
"8098",2500,0.5,98,19953.2
"8099",2500,0.5,99,20086.4
"8100",2500,0.5,100,20397.4
"8101",2500,0.5,101,20820.7
"8102",2500,0.5,102,21118.3
"8103",2500,0.5,103,21491.8
"8104",2500,0.5,104,21788.9
"8105",2500,0.5,105,21909.7
"8106",2500,0.5,106,22079.1
"8107",2500,0.5,107,21990.2
"8108",2500,0.5,108,22650.1
"8109",2500,0.5,109,22905.2
"8110",2500,0.5,110,22940.3
"8111",2500,0.5,111,23263.9
"8112",2500,0.5,112,23655.8
"8113",2500,0.5,113,23427.6
"8114",2500,0.5,114,23322
"8115",2500,0.5,115,23674.2
"8116",2500,0.5,116,24087.9
"8117",2500,0.5,117,24373.3
"8118",2500,0.5,118,24240
"8119",2500,0.5,119,24468.7
"8120",2500,0.5,120,24449.8
"8121",2500,0.5,121,24408.3
"8122",2500,0.5,122,24718.9
"8123",2500,0.5,123,24624.5
"8124",2500,0.5,124,24671.4
"8125",2500,0.5,125,24520.4
"8126",2500,0.5,126,24825.6
"8127",2500,0.5,127,24512.2
"8128",2500,0.5,128,24467.2
"8129",2500,0.5,129,24485.7
"8130",2500,0.5,130,24691.2
"8131",2500,0.5,131,24287.8
"8132",2500,0.5,132,24851.8
"8133",2500,0.5,133,24575.4
"8134",2500,0.5,134,24719.2
"8135",2500,0.5,135,24646.6
"8136",2500,0.5,136,24223.3
"8137",2500,0.5,137,24156.6
"8138",2500,0.5,138,24623.9
"8139",2500,0.5,139,24384.4
"8140",2500,0.5,140,24377.9
"8141",2500,0.5,141,24563.4
"8142",2500,0.5,142,24706.8
"8143",2500,0.5,143,24829.6
"8144",2500,0.5,144,24592.5
"8145",2500,0.5,145,24594.8
"8146",2500,0.5,146,24886.4
"8147",2500,0.5,147,24930.5
"8148",2500,0.5,148,24511.6
"8149",2500,0.5,149,24470
"8150",2500,0.5,150,25047.9
"8151",2500,0.5,151,24480.3
"8152",2500,0.5,152,24516.2
"8153",2500,0.5,153,24815.8
"8154",2500,0.5,154,24944.8
"8155",2500,0.5,155,24947.8
"8156",2500,0.5,156,24638.5
"8157",2500,0.5,157,24697.6
"8158",2500,0.5,158,24580.7
"8159",2500,0.5,159,24701.9
"8160",2500,0.5,160,24785.6
"8161",2500,0.5,161,24419.7
"8162",2500,0.5,162,24789.7
"8163",2500,0.5,163,24904.4
"8164",2500,0.5,164,24524
"8165",2500,0.5,165,24375.3
"8166",2500,0.5,166,24531.8
"8167",2500,0.5,167,24494.7
"8168",2500,0.5,168,25202.6
"8169",2500,0.5,169,24652
"8170",2500,0.5,170,24653.1
"8171",2500,0.5,171,24914.9
"8172",2500,0.5,172,24466.1
"8173",2500,0.5,173,24726.1
"8174",2500,0.5,174,24781.8
"8175",2500,0.5,175,24658.4
"8176",2500,0.5,176,24724.1
"8177",2500,0.5,177,24960.2
"8178",2500,0.5,178,24887.2
"8179",2500,0.5,179,24995.2
"8180",2500,0.5,180,24413.2
"8181",2500,0.5,181,25015.3
"8182",2500,0.5,182,24185.4
"8183",2500,0.5,183,24425.4
"8184",2500,0.5,184,24720.2
"8185",2500,0.5,185,24681.3
"8186",2500,0.5,186,24816.7
"8187",2500,0.5,187,24435.4
"8188",2500,0.5,188,24660.7
"8189",2500,0.5,189,24518.2
"8190",2500,0.5,190,24652.7
"8191",2500,0.5,191,25065
"8192",2500,0.5,192,24562.6
"8193",2500,0.5,193,24306.9
"8194",2500,0.5,194,24203.5
"8195",2500,0.5,195,24016.4
"8196",2500,0.5,196,24292.2
"8197",2500,0.5,197,24564.5
"8198",2500,0.5,198,24321.3
"8199",2500,0.5,199,24592.9
"8200",2500,0.5,200,24590.7
"8201",2500,0.5,201,24470
"8202",2500,0.5,202,24488.8
"8203",2500,0.5,203,24794
"8204",2500,0.5,204,24229.9
"8205",2500,0.5,205,24870.9
"8206",2500,0.5,206,24853.5
"8207",2500,0.5,207,24922.6
"8208",2500,0.5,208,24477.6
"8209",2500,0.5,209,24763.2
"8210",2500,0.5,210,24312.7
"8211",2500,0.5,211,24213.1
"8212",2500,0.5,212,24464.2
"8213",2500,0.5,213,24795.8
"8214",2500,0.5,214,24782.8
"8215",2500,0.5,215,24399.9
"8216",2500,0.5,216,24632.3
"8217",2500,0.5,217,24743.1
"8218",2500,0.5,218,24777
"8219",2500,0.5,219,24728.4
"8220",2500,0.5,220,24700.6
"8221",2500,0.5,221,24564
"8222",2500,0.5,222,24420.9
"8223",2500,0.5,223,24583.7
"8224",2500,0.5,224,24879.6
"8225",2500,0.5,225,24614.9
"8226",2500,0.5,226,24092.6
"8227",2500,0.5,227,24375.1
"8228",2500,0.5,228,25149.1
"8229",2500,0.5,229,24374.3
"8230",2500,0.5,230,24187.8
"8231",2500,0.5,231,24380.8
"8232",2500,0.5,232,24469.6
"8233",2500,0.5,233,24529.3
"8234",2500,0.5,234,24344.9
"8235",2500,0.5,235,24368.2
"8236",2500,0.5,236,24490.1
"8237",2500,0.5,237,24416.7
"8238",2500,0.5,238,24406.5
"8239",2500,0.5,239,24357.8
"8240",2500,0.5,240,24675.9
"8241",2500,0.5,241,24759.5
"8242",2500,0.5,242,24789.7
"8243",2500,0.5,243,24668.1
"8244",2500,0.5,244,24505.2
"8245",2500,0.5,245,24824.8
"8246",2500,0.5,246,24951.3
"8247",2500,0.5,247,24871.6
"8248",2500,0.5,248,25002
"8249",2500,0.5,249,24869.3
"8250",2500,0.5,250,24719.5
"8251",2500,0.5,251,24806.6
"8252",2500,0.5,252,24365.7
"8253",2500,0.5,253,24139.1
"8254",2500,0.5,254,23936.6
"8255",2500,0.5,255,24694.5
"8256",2500,0.5,256,24412.5
"8257",2500,0.5,257,24413.6
"8258",2500,0.5,258,24496.3
"8259",2500,0.5,259,24571
"8260",2500,0.5,260,24946.8
"8261",2500,0.5,261,24368.6
"8262",2500,0.5,262,24250.7
"8263",2500,0.5,263,24447.3
"8264",2500,0.5,264,24416.6
"8265",2500,0.5,265,24669
"8266",2500,0.5,266,24528
"8267",2500,0.5,267,24203.2
"8268",2500,0.5,268,24758.8
"8269",2500,0.5,269,25107.1
"8270",2500,0.5,270,24839
"8271",2500,0.5,271,24568
"8272",2500,0.5,272,24815.3
"8273",2500,0.5,273,24885.6
"8274",2500,0.5,274,24931.8
"8275",2500,0.5,275,24791.7
"8276",2500,0.5,276,24512.3
"8277",2500,0.5,277,24470.3
"8278",2500,0.5,278,24624.8
"8279",2500,0.5,279,24709.2
"8280",2500,0.5,280,24694.1
"8281",2500,0.5,281,24763.9
"8282",2500,0.5,282,24615
"8283",2500,0.5,283,24595.3
"8284",2500,0.5,284,24572.5
"8285",2500,0.5,285,24812.5
"8286",2500,0.5,286,24828.7
"8287",2500,0.5,287,24947.8
"8288",2500,0.5,288,24640.1
"8289",2500,0.5,289,24834.2
"8290",2500,0.5,290,24597.4
"8291",2500,0.5,291,24670.4
"8292",2500,0.5,292,24651.6
"8293",2500,0.5,293,24918.5
"8294",2500,0.5,294,24783.6
"8295",2500,0.5,295,24247.5
"8296",2500,0.5,296,24011.7
"8297",2500,0.5,297,24311.5
"8298",2500,0.5,298,24316.7
"8299",2500,0.5,299,24194.9
"8300",2500,0.5,300,24711
"8301",2500,0.5,301,24478.4
"8302",2500,0.5,302,24323.7
"8303",2500,0.5,303,24719.9
"8304",2500,0.5,304,24913.9
"8305",2500,0.5,305,24223.5
"8306",2500,0.5,306,24337.1
"8307",2500,0.5,307,24528.5
"8308",2500,0.5,308,24589.8
"8309",2500,0.5,309,24753.1
"8310",2500,0.5,310,24570.8
"8311",2500,0.5,311,24432.8
"8312",2500,0.5,312,24460.2
"8313",2500,0.5,313,24342.4
"8314",2500,0.5,314,24534
"8315",2500,0.5,315,24658.2
"8316",2500,0.5,316,24523.7
"8317",2500,0.5,317,24819.3
"8318",2500,0.5,318,25045.3
"8319",2500,0.5,319,24631.5
"8320",2500,0.5,320,24427.4
"8321",2500,0.5,321,24235.1
"8322",2500,0.5,322,24083.2
"8323",2500,0.5,323,24432.8
"8324",2500,0.5,324,24530.2
"8325",2500,0.5,325,24544.8
"8326",2500,0.5,326,24555.9
"8327",2500,0.5,327,24607.2
"8328",2500,0.5,328,24433.8
"8329",2500,0.5,329,24215.2
"8330",2500,0.5,330,24200.6
"8331",2500,0.5,331,24230.1
"8332",2500,0.5,332,24245.5
"8333",2500,0.5,333,24375.8
"8334",2500,0.5,334,24628.4
"8335",2500,0.5,335,24682.2
"8336",2500,0.5,336,24807.2
"8337",2500,0.5,337,24668.9
"8338",2500,0.5,338,24527.2
"8339",2500,0.5,339,24473.8
"8340",2500,0.5,340,24196.4
"8341",2500,0.5,341,24523.2
"8342",2500,0.5,342,24888.5
"8343",2500,0.5,343,24996.6
"8344",2500,0.5,344,24743.8
"8345",2500,0.5,345,24639.4
"8346",2500,0.5,346,24735.9
"8347",2500,0.5,347,24650.6
"8348",2500,0.5,348,24819.7
"8349",2500,0.5,349,24838.5
"8350",2500,0.5,350,24998.1
"8351",2500,0.5,351,24727.8
"8352",2500,0.5,352,24947.8
"8353",2500,0.5,353,24533.4
"8354",2500,0.5,354,24566.1
"8355",2500,0.5,355,24669.8
"8356",2500,0.5,356,24349.5
"8357",2500,0.5,357,24767.1
"8358",2500,0.5,358,24787
"8359",2500,0.5,359,24371.4
"8360",2500,0.5,360,24549.3
"8361",2500,0.5,361,24505.8
"8362",2500,0.5,362,24836.2
"8363",2500,0.5,363,24944.1
"8364",2500,0.5,364,24793.9
"8365",2500,0.5,365,24379.9
"8366",2500,0.5,366,24521.6
"8367",2500,0.5,367,24437.8
"8368",2500,0.5,368,24530.6
"8369",2500,0.5,369,24459.6
"8370",2500,0.5,370,24368.4
"8371",2500,0.5,371,24833.6
"8372",2500,0.5,372,25105.7
"8373",2500,0.5,373,24856.4
"8374",2500,0.5,374,24442.2
"8375",2500,0.5,375,24811.1
"8376",2500,0.5,376,24443.8
"8377",2500,0.5,377,24202.1
"8378",2500,0.5,378,24512.1
"8379",2500,0.5,379,24601.3
"8380",2500,0.5,380,24797.5
"8381",2500,0.5,381,24844.9
"8382",2500,0.5,382,24962.5
"8383",2500,0.5,383,24410.2
"8384",2500,0.5,384,24448.1
"8385",2500,0.5,385,24847.4
"8386",2500,0.5,386,24766.9
"8387",2500,0.5,387,24716.8
"8388",2500,0.5,388,24557.2
"8389",2500,0.5,389,24478.6
"8390",2500,0.5,390,24664.9
"8391",2500,0.5,391,24388.5
"8392",2500,0.5,392,24579.5
"8393",2500,0.5,393,24475.1
"8394",2500,0.5,394,24291.3
"8395",2500,0.5,395,24472.7
"8396",2500,0.5,396,24520
"8397",2500,0.5,397,24720.7
"8398",2500,0.5,398,24178.9
"8399",2500,0.5,399,24460.4
"8400",2500,0.5,400,24405.1
"8401",2500,0.5,401,24491.3
"8402",2500,0.5,402,24795.5
"8403",2500,0.5,403,24409.3
"8404",2500,0.5,404,24734.4
"8405",2500,0.5,405,24655.1
"8406",2500,0.5,406,24664.3
"8407",2500,0.5,407,24124.5
"8408",2500,0.5,408,24062.1
"8409",2500,0.5,409,24504.4
"8410",2500,0.5,410,24484.8
"8411",2500,0.5,411,24556.6
"8412",2500,0.5,412,24662.6
"8413",2500,0.5,413,24434.6
"8414",2500,0.5,414,24151.5
"8415",2500,0.5,415,23932.5
"8416",2500,0.5,416,24335.4
"8417",2500,0.5,417,24595.2
"8418",2500,0.5,418,24703.2
"8419",2500,0.5,419,24662.9
"8420",2500,0.5,420,24876.4
"8421",2500,0.5,421,24414.1
"8422",2500,0.5,422,24240.2
"8423",2500,0.5,423,24410
"8424",2500,0.5,424,24700.5
"8425",2500,0.5,425,24737.8
"8426",2500,0.5,426,24805.6
"8427",2500,0.5,427,24666.1
"8428",2500,0.5,428,24577.9
"8429",2500,0.5,429,24843.5
"8430",2500,0.5,430,24277
"8431",2500,0.5,431,24275.8
"8432",2500,0.5,432,24242.4
"8433",2500,0.5,433,24389.6
"8434",2500,0.5,434,24232.2
"8435",2500,0.5,435,24576.5
"8436",2500,0.5,436,24974.7
"8437",2500,0.5,437,24507.1
"8438",2500,0.5,438,24468
"8439",2500,0.5,439,24993.8
"8440",2500,0.5,440,24757
"8441",2500,0.5,441,24974
"8442",2500,0.5,442,24456.1
"8443",2500,0.5,443,24499.2
"8444",2500,0.5,444,24539.1
"8445",2500,0.5,445,24548.7
"8446",2500,0.5,446,24504.3
"8447",2500,0.5,447,24333.3
"8448",2500,0.5,448,24527.1
"8449",2500,0.5,449,24747.4
"8450",2500,0.5,450,23832.4
"8451",2500,0.5,451,24063.5
"8452",2500,0.5,452,24556.8
"8453",2500,0.5,453,24714.2
"8454",2500,0.5,454,24780.5
"8455",2500,0.5,455,24818.3
"8456",2500,0.5,456,24953.6
"8457",2500,0.5,457,24805.3
"8458",2500,0.5,458,24982.2
"8459",2500,0.5,459,24626.4
"8460",2500,0.5,460,24557.2
"8461",2500,0.5,461,24857.6
"8462",2500,0.5,462,24947.5
"8463",2500,0.5,463,24815
"8464",2500,0.5,464,24695.7
"8465",2500,0.5,465,24968.6
"8466",2500,0.5,466,24995.5
"8467",2500,0.5,467,24638.3
"8468",2500,0.5,468,24539
"8469",2500,0.5,469,24585.8
"8470",2500,0.5,470,24666.7
"8471",2500,0.5,471,24561.2
"8472",2500,0.5,472,24712.4
"8473",2500,0.5,473,24381.9
"8474",2500,0.5,474,24995.2
"8475",2500,0.5,475,24767.4
"8476",2500,0.5,476,24881.5
"8477",2500,0.5,477,24988.4
"8478",2500,0.5,478,24755.4
"8479",2500,0.5,479,24635
"8480",2500,0.5,480,24904
"8481",2500,0.5,481,24777.2
"8482",2500,0.5,482,24629.7
"8483",2500,0.5,483,24072.1
"8484",2500,0.5,484,24819.9
"8485",2500,0.5,485,25143.3
"8486",2500,0.5,486,24655.3
"8487",2500,0.5,487,24619.6
"8488",2500,0.5,488,24473.8
"8489",2500,0.5,489,24783.3
"8490",2500,0.5,490,24817.9
"8491",2500,0.5,491,25160.3
"8492",2500,0.5,492,24688.8
"8493",2500,0.5,493,24229.6
"8494",2500,0.5,494,24365.6
"8495",2500,0.5,495,24325.5
"8496",2500,0.5,496,24819.8
"8497",2500,0.5,497,24629.9
"8498",2500,0.5,498,24760.9
"8499",2500,0.5,499,24763.1
"8500",2500,0.5,500,24676.8
"8501",2500,0.5,501,24706.1
"8502",2500,0.5,502,24534.6
"8503",2500,0.5,503,24639.5
"8504",2500,0.5,504,24373.4
"8505",2500,0.5,505,24352.8
"8506",2500,0.5,506,24447.1
"8507",2500,0.5,507,25024.4
"8508",2500,0.5,508,24621.7
"8509",2500,0.5,509,24752
"8510",2500,0.5,510,24823.9
"8511",2500,0.5,511,24759.7
"8512",2500,0.5,512,24549.9
"8513",2500,0.5,513,24764.3
"8514",2500,0.5,514,24528.1
"8515",2500,0.5,515,24936.9
"8516",2500,0.5,516,24448.7
"8517",2500,0.5,517,24539.6
"8518",2500,0.5,518,24325.8
"8519",2500,0.5,519,24587.7
"8520",2500,0.5,520,24875.8
"8521",2500,0.5,521,24518
"8522",2500,0.5,522,24517.2
"8523",2500,0.5,523,24312.2
"8524",2500,0.5,524,24267.9
"8525",2500,0.5,525,24438.4
"8526",2500,0.5,526,24765
"8527",2500,0.5,527,24478
"8528",2500,0.5,528,24320.6
"8529",2500,0.5,529,24702.8
"8530",2500,0.5,530,24578.5
"8531",2500,0.5,531,24646.7
"8532",2500,0.5,532,24432
"8533",2500,0.5,533,24132.3
"8534",2500,0.5,534,24403.2
"8535",2500,0.5,535,24766.9
"8536",2500,0.5,536,25019.4
"8537",2500,0.5,537,24731.5
"8538",2500,0.5,538,24707.1
"8539",2500,0.5,539,24820.6
"8540",2500,0.5,540,24713.4
"8541",2500,0.5,541,24503.4
"8542",2500,0.5,542,24763.1
"8543",2500,0.5,543,24710.5
"8544",2500,0.5,544,24529.7
"8545",2500,0.5,545,24996.5
"8546",2500,0.5,546,24427.8
"8547",2500,0.5,547,24440.3
"8548",2500,0.5,548,24079.4
"8549",2500,0.5,549,24568.4
"8550",2500,0.5,550,24341.9
"8551",2500,0.5,551,24392
"8552",2500,0.5,552,24085
"8553",2500,0.5,553,23867.1
"8554",2500,0.5,554,24290
"8555",2500,0.5,555,24346.7
"8556",2500,0.5,556,24291.2
"8557",2500,0.5,557,24835.2
"8558",2500,0.5,558,24236.3
"8559",2500,0.5,559,24371
"8560",2500,0.5,560,24415.6
"8561",2500,0.5,561,24631.9
"8562",2500,0.5,562,24378.2
"8563",2500,0.5,563,24679.8
"8564",2500,0.5,564,24547.8
"8565",2500,0.5,565,24524.2
"8566",2500,0.5,566,24281.7
"8567",2500,0.5,567,24443.1
"8568",2500,0.5,568,24614.6
"8569",2500,0.5,569,24575.8
"8570",2500,0.5,570,24631.9
"8571",2500,0.5,571,24842.7
"8572",2500,0.5,572,24663.3
"8573",2500,0.5,573,24391.9
"8574",2500,0.5,574,24490.4
"8575",2500,0.5,575,24715.3
"8576",2500,0.5,576,24673.9
"8577",2500,0.5,577,24671.9
"8578",2500,0.5,578,24598.3
"8579",2500,0.5,579,24360.2
"8580",2500,0.5,580,24503
"8581",2500,0.5,581,24899.5
"8582",2500,0.5,582,24413.7
"8583",2500,0.5,583,24627.9
"8584",2500,0.5,584,24710.4
"8585",2500,0.5,585,24680.5
"8586",2500,0.5,586,24220
"8587",2500,0.5,587,24683.5
"8588",2500,0.5,588,24445.5
"8589",2500,0.5,589,24472.2
"8590",2500,0.5,590,24522.8
"8591",2500,0.5,591,24082.4
"8592",2500,0.5,592,24393.8
"8593",2500,0.5,593,24393.7
"8594",2500,0.5,594,24434.1
"8595",2500,0.5,595,24857.5
"8596",2500,0.5,596,24961.5
"8597",2500,0.5,597,24490.2
"8598",2500,0.5,598,24613.6
"8599",2500,0.5,599,24738.8
"8600",2500,0.5,600,24842.8
"8601",2500,0.5,601,24667.2
"8602",2500,0.5,602,24629.9
"8603",2500,0.5,603,24741.1
"8604",2500,0.5,604,24878.2
"8605",2500,0.5,605,24858.3
"8606",2500,0.5,606,24460.8
"8607",2500,0.5,607,24568.9
"8608",2500,0.5,608,24474.8
"8609",2500,0.5,609,24294.3
"8610",2500,0.5,610,24709.5
"8611",2500,0.5,611,24288.1
"8612",2500,0.5,612,24865.1
"8613",2500,0.5,613,24962
"8614",2500,0.5,614,24442.7
"8615",2500,0.5,615,24615.7
"8616",2500,0.5,616,24845.6
"8617",2500,0.5,617,24552.1
"8618",2500,0.5,618,24920.3
"8619",2500,0.5,619,24397.9
"8620",2500,0.5,620,24660
"8621",2500,0.5,621,24887.1
"8622",2500,0.5,622,24599.2
"8623",2500,0.5,623,24419.9
"8624",2500,0.5,624,24440.9
"8625",2500,0.5,625,24568.8
"8626",2500,0.5,626,24398.8
"8627",2500,0.5,627,24710.2
"8628",2500,0.5,628,24855
"8629",2500,0.5,629,24549.5
"8630",2500,0.5,630,24841.4
"8631",2500,0.5,631,24613.1
"8632",2500,0.5,632,24440.2
"8633",2500,0.5,633,24386.1
"8634",2500,0.5,634,24776.7
"8635",2500,0.5,635,24614.2
"8636",2500,0.5,636,24516.6
"8637",2500,0.5,637,24541.5
"8638",2500,0.5,638,24970.9
"8639",2500,0.5,639,24581.7
"8640",2500,0.5,640,24505.2
"8641",2500,0.5,641,24863.3
"8642",2500,0.5,642,24490.5
"8643",2500,0.5,643,24226.7
"8644",2500,0.5,644,24149.4
"8645",2500,0.5,645,24468.5
"8646",2500,0.5,646,23990.4
"8647",2500,0.5,647,24457.5
"8648",2500,0.5,648,24508.2
"8649",2500,0.5,649,24855.1
"8650",2500,0.5,650,24901.6
"8651",2500,0.5,651,24430.5
"8652",2500,0.5,652,24548.2
"8653",2500,0.5,653,24619.8
"8654",2500,0.5,654,24630.2
"8655",2500,0.5,655,24551.7
"8656",2500,0.5,656,24773.6
"8657",2500,0.5,657,24498.1
"8658",2500,0.5,658,24534.1
"8659",2500,0.5,659,24866.4
"8660",2500,0.5,660,24860.4
"8661",2500,0.5,661,24397
"8662",2500,0.5,662,24272.2
"8663",2500,0.5,663,24556
"8664",2500,0.5,664,25164.8
"8665",2500,0.5,665,24706.6
"8666",2500,0.5,666,24925
"8667",2500,0.5,667,24449.3
"8668",2500,0.5,668,24669.8
"8669",2500,0.5,669,24295.6
"8670",2500,0.5,670,23962.4
"8671",2500,0.5,671,24427
"8672",2500,0.5,672,24768.3
"8673",2500,0.5,673,24734.4
"8674",2500,0.5,674,24866.9
"8675",2500,0.5,675,24824.4
"8676",2500,0.5,676,24623.5
"8677",2500,0.5,677,24742.6
"8678",2500,0.5,678,24733.2
"8679",2500,0.5,679,24382.3
"8680",2500,0.5,680,24460.1
"8681",2500,0.5,681,24839
"8682",2500,0.5,682,24553.2
"8683",2500,0.5,683,24739.3
"8684",2500,0.5,684,24620.9
"8685",2500,0.5,685,24676.6
"8686",2500,0.5,686,24270.2
"8687",2500,0.5,687,24757.9
"8688",2500,0.5,688,25026.1
"8689",2500,0.5,689,24632
"8690",2500,0.5,690,24652.4
"8691",2500,0.5,691,24494.8
"8692",2500,0.5,692,24549.8
"8693",2500,0.5,693,24505.8
"8694",2500,0.5,694,24843.5
"8695",2500,0.5,695,25003.1
"8696",2500,0.5,696,24705.8
"8697",2500,0.5,697,24566.2
"8698",2500,0.5,698,24480.7
"8699",2500,0.5,699,24766.8
"8700",2500,0.5,700,24742.4
"8701",2500,0.5,701,24834
"8702",2500,0.5,702,24835.8
"8703",2500,0.5,703,24992.6
"8704",2500,0.5,704,24676.5
"8705",2500,0.5,705,24561
"8706",2500,0.5,706,24802.5
"8707",2500,0.5,707,24704.1
"8708",2500,0.5,708,24943.5
"8709",2500,0.5,709,24727.3
"8710",2500,0.5,710,24706.2
"8711",2500,0.5,711,24848.2
"8712",2500,0.5,712,24934.8
"8713",2500,0.5,713,24537.9
"8714",2500,0.5,714,24743.7
"8715",2500,0.5,715,25071.6
"8716",2500,0.5,716,24494
"8717",2500,0.5,717,24507.3
"8718",2500,0.5,718,24690.7
"8719",2500,0.5,719,24755.7
"8720",2500,0.5,720,24733
"8721",2500,0.5,721,24751.4
"8722",2500,0.5,722,24825.1
"8723",2500,0.5,723,24256.9
"8724",2500,0.5,724,24339.1
"8725",2500,0.5,725,24649.5
"8726",2500,0.5,726,24370.6
"8727",2500,0.5,727,24193.3
"8728",2500,0.5,728,24260.2
"8729",2500,0.5,729,24473.9
"8730",2500,0.5,730,24452.2
"8731",2500,0.5,731,24560.2
"8732",2500,0.5,732,24422.6
"8733",2500,0.5,733,24439.9
"8734",2500,0.5,734,24383.2
"8735",2500,0.5,735,24601.4
"8736",2500,0.5,736,24589.3
"8737",2500,0.5,737,24554.8
"8738",2500,0.5,738,24781.3
"8739",2500,0.5,739,24921.1
"8740",2500,0.5,740,24756.9
"8741",2500,0.5,741,24488.1
"8742",2500,0.5,742,24622.5
"8743",2500,0.5,743,24499.7
"8744",2500,0.5,744,24746.7
"8745",2500,0.5,745,24670.4
"8746",2500,0.5,746,24519.7
"8747",2500,0.5,747,24581.7
"8748",2500,0.5,748,24837.9
"8749",2500,0.5,749,24954.9
"8750",2500,0.5,750,24646.8
"8751",2500,0.5,751,24481.7
"8752",2500,0.5,752,24213.3
"8753",2500,0.5,753,24231.5
"8754",2500,0.5,754,24286.6
"8755",2500,0.5,755,24275.5
"8756",2500,0.5,756,24524.1
"8757",2500,0.5,757,24512.3
"8758",2500,0.5,758,24710.4
"8759",2500,0.5,759,24731.9
"8760",2500,0.5,760,24657.3
"8761",2500,0.5,761,24302.5
"8762",2500,0.5,762,24805.3
"8763",2500,0.5,763,24507.6
"8764",2500,0.5,764,24617.5
"8765",2500,0.5,765,24462.9
"8766",2500,0.5,766,24539.9
"8767",2500,0.5,767,24071
"8768",2500,0.5,768,24571.7
"8769",2500,0.5,769,24268.4
"8770",2500,0.5,770,24588.1
"8771",2500,0.5,771,24492.5
"8772",2500,0.5,772,24761.7
"8773",2500,0.5,773,24716.7
"8774",2500,0.5,774,25029.8
"8775",2500,0.5,775,24743.1
"8776",2500,0.5,776,24564.5
"8777",2500,0.5,777,24752.2
"8778",2500,0.5,778,24921.9
"8779",2500,0.5,779,24468.4
"8780",2500,0.5,780,24598.8
"8781",2500,0.5,781,25154.2
"8782",2500,0.5,782,24815.9
"8783",2500,0.5,783,24801.7
"8784",2500,0.5,784,24560.5
"8785",2500,0.5,785,24924.7
"8786",2500,0.5,786,24838
"8787",2500,0.5,787,24790.5
"8788",2500,0.5,788,25109.5
"8789",2500,0.5,789,24589.9
"8790",2500,0.5,790,24234.5
"8791",2500,0.5,791,24052.2
"8792",2500,0.5,792,24240.8
"8793",2500,0.5,793,24452.9
"8794",2500,0.5,794,24541.9
"8795",2500,0.5,795,24449.6
"8796",2500,0.5,796,24845.1
"8797",2500,0.5,797,24731.1
"8798",2500,0.5,798,25033
"8799",2500,0.5,799,24313.4
"8800",2500,0.5,800,24433.6
"8801",2500,0.5,801,24467.8
"8802",2500,0.5,802,24453.6
"8803",2500,0.5,803,24368.6
"8804",2500,0.5,804,24610
"8805",2500,0.5,805,24814.9
"8806",2500,0.5,806,24661.8
"8807",2500,0.5,807,24338.8
"8808",2500,0.5,808,24142.9
"8809",2500,0.5,809,24667.3
"8810",2500,0.5,810,24652.1
"8811",2500,0.5,811,24190.5
"8812",2500,0.5,812,24059.5
"8813",2500,0.5,813,24646
"8814",2500,0.5,814,24304.9
"8815",2500,0.5,815,24283.3
"8816",2500,0.5,816,24365.7
"8817",2500,0.5,817,24586.1
"8818",2500,0.5,818,24609
"8819",2500,0.5,819,24507.8
"8820",2500,0.5,820,24318.1
"8821",2500,0.5,821,24229.7
"8822",2500,0.5,822,24520
"8823",2500,0.5,823,24544.5
"8824",2500,0.5,824,24774.3
"8825",2500,0.5,825,24897.1
"8826",2500,0.5,826,24628.2
"8827",2500,0.5,827,24494.7
"8828",2500,0.5,828,25306.3
"8829",2500,0.5,829,24824.3
"8830",2500,0.5,830,24807.6
"8831",2500,0.5,831,24200.4
"8832",2500,0.5,832,24594.9
"8833",2500,0.5,833,24818.2
"8834",2500,0.5,834,24737.2
"8835",2500,0.5,835,24772.4
"8836",2500,0.5,836,24670.9
"8837",2500,0.5,837,24998.6
"8838",2500,0.5,838,25116.7
"8839",2500,0.5,839,24307
"8840",2500,0.5,840,24195.1
"8841",2500,0.5,841,24280.9
"8842",2500,0.5,842,24829.7
"8843",2500,0.5,843,24507.7
"8844",2500,0.5,844,24766.1
"8845",2500,0.5,845,24622.3
"8846",2500,0.5,846,24570.9
"8847",2500,0.5,847,24598.6
"8848",2500,0.5,848,24851.9
"8849",2500,0.5,849,24641.8
"8850",2500,0.5,850,24857.7
"8851",2500,0.5,851,24633.3
"8852",2500,0.5,852,24564.1
"8853",2500,0.5,853,24605.7
"8854",2500,0.5,854,24385.4
"8855",2500,0.5,855,24708
"8856",2500,0.5,856,25076.3
"8857",2500,0.5,857,24994.6
"8858",2500,0.5,858,24648.4
"8859",2500,0.5,859,24760.7
"8860",2500,0.5,860,24664.6
"8861",2500,0.5,861,24559.6
"8862",2500,0.5,862,24741
"8863",2500,0.5,863,24398.9
"8864",2500,0.5,864,24152.8
"8865",2500,0.5,865,24347.9
"8866",2500,0.5,866,24495.8
"8867",2500,0.5,867,24602.8
"8868",2500,0.5,868,24775.6
"8869",2500,0.5,869,24499.2
"8870",2500,0.5,870,24964.3
"8871",2500,0.5,871,24891.7
"8872",2500,0.5,872,24612.5
"8873",2500,0.5,873,24693
"8874",2500,0.5,874,24209.9
"8875",2500,0.5,875,24358.8
"8876",2500,0.5,876,24089.4
"8877",2500,0.5,877,24534.8
"8878",2500,0.5,878,24675.8
"8879",2500,0.5,879,24869.8
"8880",2500,0.5,880,24761.3
"8881",2500,0.5,881,24505.4
"8882",2500,0.5,882,24642
"8883",2500,0.5,883,24757.2
"8884",2500,0.5,884,24761.7
"8885",2500,0.5,885,24901.4
"8886",2500,0.5,886,24994
"8887",2500,0.5,887,24626.1
"8888",2500,0.5,888,24696.3
"8889",2500,0.5,889,24759.9
"8890",2500,0.5,890,24145.9
"8891",2500,0.5,891,24202.3
"8892",2500,0.5,892,24262
"8893",2500,0.5,893,24510.6
"8894",2500,0.5,894,24586.9
"8895",2500,0.5,895,24396.7
"8896",2500,0.5,896,24661.6
"8897",2500,0.5,897,24365.5
"8898",2500,0.5,898,24645.4
"8899",2500,0.5,899,24756.9
"8900",2500,0.5,900,24955.7
"8901",2500,0.5,901,24841.8
"8902",2500,0.5,902,24298.9
"8903",2500,0.5,903,24715.5
"8904",2500,0.5,904,24490.7
"8905",2500,0.5,905,24998.7
"8906",2500,0.5,906,24651.4
"8907",2500,0.5,907,24672.5
"8908",2500,0.5,908,24745
"8909",2500,0.5,909,24410.2
"8910",2500,0.5,910,24803.3
"8911",2500,0.5,911,24828.3
"8912",2500,0.5,912,24650.1
"8913",2500,0.5,913,24641.3
"8914",2500,0.5,914,24541.2
"8915",2500,0.5,915,24545.5
"8916",2500,0.5,916,24356.3
"8917",2500,0.5,917,24619.5
"8918",2500,0.5,918,24469.6
"8919",2500,0.5,919,24678.9
"8920",2500,0.5,920,24539.5
"8921",2500,0.5,921,24742
"8922",2500,0.5,922,24500.7
"8923",2500,0.5,923,24210.4
"8924",2500,0.5,924,24636.8
"8925",2500,0.5,925,24422.7
"8926",2500,0.5,926,24496.9
"8927",2500,0.5,927,24705.1
"8928",2500,0.5,928,24907.7
"8929",2500,0.5,929,24759
"8930",2500,0.5,930,24811.3
"8931",2500,0.5,931,24472.5
"8932",2500,0.5,932,24592.8
"8933",2500,0.5,933,24998.4
"8934",2500,0.5,934,24983.3
"8935",2500,0.5,935,25035.5
"8936",2500,0.5,936,24640.4
"8937",2500,0.5,937,24390.5
"8938",2500,0.5,938,24310.2
"8939",2500,0.5,939,24258.5
"8940",2500,0.5,940,24934.4
"8941",2500,0.5,941,24529.4
"8942",2500,0.5,942,24650.6
"8943",2500,0.5,943,24558.1
"8944",2500,0.5,944,24218.4
"8945",2500,0.5,945,24476
"8946",2500,0.5,946,24774.5
"8947",2500,0.5,947,24901.6
"8948",2500,0.5,948,24400.9
"8949",2500,0.5,949,24755.6
"8950",2500,0.5,950,24584.2
"8951",2500,0.5,951,24966.6
"8952",2500,0.5,952,24662
"8953",2500,0.5,953,24718
"8954",2500,0.5,954,24871
"8955",2500,0.5,955,24633
"8956",2500,0.5,956,24662.6
"8957",2500,0.5,957,24681.4
"8958",2500,0.5,958,24225.9
"8959",2500,0.5,959,24518.4
"8960",2500,0.5,960,24402.9
"8961",2500,0.5,961,24411.1
"8962",2500,0.5,962,24859.8
"8963",2500,0.5,963,24407.7
"8964",2500,0.5,964,24480.3
"8965",2500,0.5,965,24498.7
"8966",2500,0.5,966,24690.2
"8967",2500,0.5,967,24591
"8968",2500,0.5,968,24415.6
"8969",2500,0.5,969,24627.6
"8970",2500,0.5,970,24855.5
"8971",2500,0.5,971,25004.6
"8972",2500,0.5,972,24187.7
"8973",2500,0.5,973,24853
"8974",2500,0.5,974,24386
"8975",2500,0.5,975,24438
"8976",2500,0.5,976,24464.5
"8977",2500,0.5,977,24635.5
"8978",2500,0.5,978,24455.8
"8979",2500,0.5,979,24895.2
"8980",2500,0.5,980,24373.1
"8981",2500,0.5,981,24640.8
"8982",2500,0.5,982,25014.4
"8983",2500,0.5,983,24718.3
"8984",2500,0.5,984,24453.8
"8985",2500,0.5,985,24413.7
"8986",2500,0.5,986,24330.9
"8987",2500,0.5,987,24541.6
"8988",2500,0.5,988,24540.8
"8989",2500,0.5,989,24617.7
"8990",2500,0.5,990,24636.4
"8991",2500,0.5,991,24459.2
"8992",2500,0.5,992,24919.2
"8993",2500,0.5,993,24263.4
"8994",2500,0.5,994,24339.1
"8995",2500,0.5,995,24273.1
"8996",2500,0.5,996,24743.5
"8997",2500,0.5,997,24471.2
"8998",2500,0.5,998,24901.6
"8999",2500,0.5,999,24984.8
"9000",2500,0.5,1000,23269.2
"9001",2500,0.5,1001,22409.8
"9002",2500,0.5,1002,21462.1
"9003",2500,0.5,1003,20631.6
"9004",2500,0.5,1004,19919
"9005",2500,0.5,1005,19486.1
"9006",2500,0.5,1006,19016.3
"9007",2500,0.5,1007,18383
"9008",2500,0.5,1008,17939.8
"9009",2500,0.5,1009,17089.1
"9010",2500,0.5,1010,16546.5
"9011",2500,0.5,1011,16267.5
"9012",2500,0.5,1012,16166.9
"9013",2500,0.5,1013,15635.9
"9014",2500,0.5,1014,15392.9
"9015",2500,0.5,1015,14821.7
"9016",2500,0.5,1016,14680.3
"9017",2500,0.5,1017,14436.9
"9018",2500,0.5,1018,14569.6
"9019",2500,0.5,1019,14241.1
"9020",2500,0.5,1020,14031.7
"9021",2500,0.5,1021,13715.6
"9022",2500,0.5,1022,13647
"9023",2500,0.5,1023,13274.6
"9024",2500,0.5,1024,13370.8
"9025",2500,0.5,1025,15462
"9026",2500,0.5,1026,15009.1
"9027",2500,0.5,1027,14572.3
"9028",2500,0.5,1028,14317.1
"9029",2500,0.5,1029,13891.6
"9030",2500,0.5,1030,14106.6
"9031",2500,0.5,1031,14008.1
"9032",2500,0.5,1032,13498.8
"9033",2500,0.5,1033,13619.9
"9034",2500,0.5,1034,13058.2
"9035",2500,0.5,1035,12879
"9036",2500,0.5,1036,12851
"9037",2500,0.5,1037,12824.9
"9038",2500,0.5,1038,12700.3
"9039",2500,0.5,1039,12703.8
"9040",2500,0.5,1040,12638.3
"9041",2500,0.5,1041,12183.6
"9042",2500,0.5,1042,12341.2
"9043",2500,0.5,1043,11749.6
"9044",2500,0.5,1044,11635.7
"9045",2500,0.5,1045,11739.8
"9046",2500,0.5,1046,11765.3
"9047",2500,0.5,1047,11563.7
"9048",2500,0.5,1048,11522.3
"9049",2500,0.5,1049,11374.3
"9050",2500,0.5,1050,11328.2
"9051",2500,0.5,1051,11103.5
"9052",2500,0.5,1052,11207
"9053",2500,0.5,1053,11153.2
"9054",2500,0.5,1054,11196.2
"9055",2500,0.5,1055,11208.6
"9056",2500,0.5,1056,11133.9
"9057",2500,0.5,1057,11320.1
"9058",2500,0.5,1058,11257.4
"9059",2500,0.5,1059,11141.9
"9060",2500,0.5,1060,10958.7
"9061",2500,0.5,1061,10973.2
"9062",2500,0.5,1062,10729
"9063",2500,0.5,1063,10793.4
"9064",2500,0.5,1064,10754
"9065",2500,0.5,1065,10976.6
"9066",2500,0.5,1066,10737.9
"9067",2500,0.5,1067,10849.8
"9068",2500,0.5,1068,10835
"9069",2500,0.5,1069,10804.8
"9070",2500,0.5,1070,10998.2
"9071",2500,0.5,1071,10801.4
"9072",2500,0.5,1072,10601.3
"9073",2500,0.5,1073,10895.4
"9074",2500,0.5,1074,11115.1
"9075",2500,0.5,1075,11248.1
"9076",2500,0.5,1076,11184.9
"9077",2500,0.5,1077,11147.5
"9078",2500,0.5,1078,10973.5
"9079",2500,0.5,1079,11052.4
"9080",2500,0.5,1080,11187.3
"9081",2500,0.5,1081,11100.1
"9082",2500,0.5,1082,11163.1
"9083",2500,0.5,1083,11312
"9084",2500,0.5,1084,11417.7
"9085",2500,0.5,1085,11479.8
"9086",2500,0.5,1086,11487.8
"9087",2500,0.5,1087,11340.3
"9088",2500,0.5,1088,11646.9
"9089",2500,0.5,1089,11586.6
"9090",2500,0.5,1090,11673.1
"9091",2500,0.5,1091,11885.3
"9092",2500,0.5,1092,11863.2
"9093",2500,0.5,1093,12056.8
"9094",2500,0.5,1094,12159.1
"9095",2500,0.5,1095,12281.8
"9096",2500,0.5,1096,12497.9
"9097",2500,0.5,1097,12576.4
"9098",2500,0.5,1098,12776.9
"9099",2500,0.5,1099,12775.8
"9100",2500,0.5,1100,12902.2
"9101",2500,0.5,1101,12985.6
"9102",2500,0.5,1102,12969.9
"9103",2500,0.5,1103,13385.6
"9104",2500,0.5,1104,13397.1
"9105",2500,0.5,1105,13696.7
"9106",2500,0.5,1106,13937.4
"9107",2500,0.5,1107,14041.9
"9108",2500,0.5,1108,13903
"9109",2500,0.5,1109,14156.5
"9110",2500,0.5,1110,14383.1
"9111",2500,0.5,1111,14537.2
"9112",2500,0.5,1112,14915.4
"9113",2500,0.5,1113,15038.4
"9114",2500,0.5,1114,15317.1
"9115",2500,0.5,1115,15624.8
"9116",2500,0.5,1116,15815.8
"9117",2500,0.5,1117,15999.4
"9118",2500,0.5,1118,16105.9
"9119",2500,0.5,1119,16090.4
"9120",2500,0.5,1120,16167.7
"9121",2500,0.5,1121,16861.5
"9122",2500,0.5,1122,17199.2
"9123",2500,0.5,1123,17552.4
"9124",2500,0.5,1124,17567.5
"9125",2500,0.5,1125,18011.5
"9126",2500,0.5,1126,18637.6
"9127",2500,0.5,1127,18564.5
"9128",2500,0.5,1128,18856
"9129",2500,0.5,1129,19087.9
"9130",2500,0.5,1130,19035.9
"9131",2500,0.5,1131,19349.9
"9132",2500,0.5,1132,19758
"9133",2500,0.5,1133,19972.1
"9134",2500,0.5,1134,20421.3
"9135",2500,0.5,1135,20762.8
"9136",2500,0.5,1136,20950.1
"9137",2500,0.5,1137,21437
"9138",2500,0.5,1138,21305
"9139",2500,0.5,1139,21653.8
"9140",2500,0.5,1140,21764.6
"9141",2500,0.5,1141,21641
"9142",2500,0.5,1142,22245.8
"9143",2500,0.5,1143,21910.5
"9144",2500,0.5,1144,22530
"9145",2500,0.5,1145,22442
"9146",2500,0.5,1146,22433.7
"9147",2500,0.5,1147,22326.5
"9148",2500,0.5,1148,22022.3
"9149",2500,0.5,1149,22536.9
"9150",2500,0.5,1150,23025.1
"9151",2500,0.5,1151,23198
"9152",2500,0.5,1152,23526.6
"9153",2500,0.5,1153,24084.1
"9154",2500,0.5,1154,23920.3
"9155",2500,0.5,1155,24577.1
"9156",2500,0.5,1156,24376.5
"9157",2500,0.5,1157,24481.4
"9158",2500,0.5,1158,24885.6
"9159",2500,0.5,1159,24752.7
"9160",2500,0.5,1160,24886.7
"9161",2500,0.5,1161,24741.8
"9162",2500,0.5,1162,25081.2
"9163",2500,0.5,1163,24851.5
"9164",2500,0.5,1164,24995.7
"9165",2500,0.5,1165,24945.2
"9166",2500,0.5,1166,25142.4
"9167",2500,0.5,1167,24530.4
"9168",2500,0.5,1168,24464.7
"9169",2500,0.5,1169,24737.7
"9170",2500,0.5,1170,24319.5
"9171",2500,0.5,1171,25146.7
"9172",2500,0.5,1172,24660.8
"9173",2500,0.5,1173,24948.8
"9174",2500,0.5,1174,24448.1
"9175",2500,0.5,1175,24551.2
"9176",2500,0.5,1176,24153.1
"9177",2500,0.5,1177,24246.5
"9178",2500,0.5,1178,24415.4
"9179",2500,0.5,1179,24779
"9180",2500,0.5,1180,24531.1
"9181",2500,0.5,1181,25060.6
"9182",2500,0.5,1182,24998.1
"9183",2500,0.5,1183,24592.4
"9184",2500,0.5,1184,24513.5
"9185",2500,0.5,1185,24966.2
"9186",2500,0.5,1186,25097.4
"9187",2500,0.5,1187,24639.4
"9188",2500,0.5,1188,24571.6
"9189",2500,0.5,1189,24980.5
"9190",2500,0.5,1190,24455.2
"9191",2500,0.5,1191,24943.4
"9192",2500,0.5,1192,24308.4
"9193",2500,0.5,1193,24590.4
"9194",2500,0.5,1194,24534.5
"9195",2500,0.5,1195,24927.1
"9196",2500,0.5,1196,25033.3
"9197",2500,0.5,1197,24822.9
"9198",2500,0.5,1198,24973.8
"9199",2500,0.5,1199,24835.5
"9200",2500,0.5,1200,24513.3
"9201",2500,0.5,1201,24923.8
"9202",2500,0.5,1202,24684.1
"9203",2500,0.5,1203,25049.1
"9204",2500,0.5,1204,24738.5
"9205",2500,0.5,1205,24193.1
"9206",2500,0.5,1206,24512.1
"9207",2500,0.5,1207,24982.7
"9208",2500,0.5,1208,24569.1
"9209",2500,0.5,1209,24930.3
"9210",2500,0.5,1210,24996.5
"9211",2500,0.5,1211,24797.8
"9212",2500,0.5,1212,24573.1
"9213",2500,0.5,1213,25283.8
"9214",2500,0.5,1214,24484.7
"9215",2500,0.5,1215,24575.4
"9216",2500,0.5,1216,24594.9
"9217",2500,0.5,1217,24738.6
"9218",2500,0.5,1218,24994.6
"9219",2500,0.5,1219,24581.7
"9220",2500,0.5,1220,24792.6
"9221",2500,0.5,1221,24340.6
"9222",2500,0.5,1222,24782.9
"9223",2500,0.5,1223,24865.3
"9224",2500,0.5,1224,25004.6
"9225",2500,0.5,1225,24320.1
"9226",2500,0.5,1226,24790.6
"9227",2500,0.5,1227,24144.1
"9228",2500,0.5,1228,24395
"9229",2500,0.5,1229,24306.8
"9230",2500,0.5,1230,24050.5
"9231",2500,0.5,1231,24298.4
"9232",2500,0.5,1232,24610.1
"9233",2500,0.5,1233,24679.3
"9234",2500,0.5,1234,24720.4
"9235",2500,0.5,1235,24999.1
"9236",2500,0.5,1236,24835.2
"9237",2500,0.5,1237,24509.6
"9238",2500,0.5,1238,24773.1
"9239",2500,0.5,1239,24845.3
"9240",2500,0.5,1240,24514.9
"9241",2500,0.5,1241,24902.7
"9242",2500,0.5,1242,24797.1
"9243",2500,0.5,1243,25074.6
"9244",2500,0.5,1244,24881.4
"9245",2500,0.5,1245,24904
"9246",2500,0.5,1246,24921.3
"9247",2500,0.5,1247,24771.2
"9248",2500,0.5,1248,24835.5
"9249",2500,0.5,1249,24572
"9250",2500,0.5,1250,24746
"9251",2500,0.5,1251,24870.5
"9252",2500,0.5,1252,24373.8
"9253",2500,0.5,1253,24504.3
"9254",2500,0.5,1254,24272.4
"9255",2500,0.5,1255,24635.6
"9256",2500,0.5,1256,24277.9
"9257",2500,0.5,1257,24447.8
"9258",2500,0.5,1258,24815.6
"9259",2500,0.5,1259,24420.5
"9260",2500,0.5,1260,24835.8
"9261",2500,0.5,1261,25130.4
"9262",2500,0.5,1262,24998.4
"9263",2500,0.5,1263,25026.3
"9264",2500,0.5,1264,24715.1
"9265",2500,0.5,1265,24482.5
"9266",2500,0.5,1266,25048
"9267",2500,0.5,1267,24480.4
"9268",2500,0.5,1268,24978
"9269",2500,0.5,1269,24774
"9270",2500,0.5,1270,24624.3
"9271",2500,0.5,1271,23970.8
"9272",2500,0.5,1272,24359.2
"9273",2500,0.5,1273,24190.3
"9274",2500,0.5,1274,24726.2
"9275",2500,0.5,1275,24742.8
"9276",2500,0.5,1276,24956.6
"9277",2500,0.5,1277,24774.7
"9278",2500,0.5,1278,24381.5
"9279",2500,0.5,1279,24934.5
"9280",2500,0.5,1280,24825.2
"9281",2500,0.5,1281,24707.4
"9282",2500,0.5,1282,25195.4
"9283",2500,0.5,1283,24763
"9284",2500,0.5,1284,24688.1
"9285",2500,0.5,1285,24783.1
"9286",2500,0.5,1286,24694.1
"9287",2500,0.5,1287,25160.4
"9288",2500,0.5,1288,24879.7
"9289",2500,0.5,1289,24956.2
"9290",2500,0.5,1290,24870.6
"9291",2500,0.5,1291,24996.5
"9292",2500,0.5,1292,24749.8
"9293",2500,0.5,1293,24633.4
"9294",2500,0.5,1294,24381.1
"9295",2500,0.5,1295,24810
"9296",2500,0.5,1296,24841.7
"9297",2500,0.5,1297,24982.6
"9298",2500,0.5,1298,24855.3
"9299",2500,0.5,1299,24891.1
"9300",2500,0.5,1300,24332.8
"9301",2500,0.5,1301,24539
"9302",2500,0.5,1302,24540.1
"9303",2500,0.5,1303,24974.1
"9304",2500,0.5,1304,24409.9
"9305",2500,0.5,1305,24607.8
"9306",2500,0.5,1306,25230.2
"9307",2500,0.5,1307,24809.9
"9308",2500,0.5,1308,24611.1
"9309",2500,0.5,1309,24271.1
"9310",2500,0.5,1310,24598.8
"9311",2500,0.5,1311,24706.7
"9312",2500,0.5,1312,25146.2
"9313",2500,0.5,1313,24554.5
"9314",2500,0.5,1314,24660.8
"9315",2500,0.5,1315,25134.1
"9316",2500,0.5,1316,24663
"9317",2500,0.5,1317,24823.1
"9318",2500,0.5,1318,24847.4
"9319",2500,0.5,1319,24514.9
"9320",2500,0.5,1320,24753.3
"9321",2500,0.5,1321,24474
"9322",2500,0.5,1322,24677.2
"9323",2500,0.5,1323,24269.2
"9324",2500,0.5,1324,24968
"9325",2500,0.5,1325,25033.5
"9326",2500,0.5,1326,24854.4
"9327",2500,0.5,1327,24570.5
"9328",2500,0.5,1328,24801
"9329",2500,0.5,1329,24943.3
"9330",2500,0.5,1330,25137.7
"9331",2500,0.5,1331,24298.6
"9332",2500,0.5,1332,24656.8
"9333",2500,0.5,1333,24486.4
"9334",2500,0.5,1334,24289.4
"9335",2500,0.5,1335,24719.7
"9336",2500,0.5,1336,24772.5
"9337",2500,0.5,1337,25023.3
"9338",2500,0.5,1338,24721.6
"9339",2500,0.5,1339,24753
"9340",2500,0.5,1340,25214.3
"9341",2500,0.5,1341,24840.5
"9342",2500,0.5,1342,24992.6
"9343",2500,0.5,1343,24623.5
"9344",2500,0.5,1344,24696
"9345",2500,0.5,1345,24464.5
"9346",2500,0.5,1346,24700.1
"9347",2500,0.5,1347,24733.8
"9348",2500,0.5,1348,24887.8
"9349",2500,0.5,1349,25004.8
"9350",2500,0.5,1350,24562.3
"9351",2500,0.5,1351,24828.1
"9352",2500,0.5,1352,24276.2
"9353",2500,0.5,1353,24463.1
"9354",2500,0.5,1354,24831.1
"9355",2500,0.5,1355,24406
"9356",2500,0.5,1356,25007.9
"9357",2500,0.5,1357,24774.4
"9358",2500,0.5,1358,24539.2
"9359",2500,0.5,1359,24445
"9360",2500,0.5,1360,24672
"9361",2500,0.5,1361,24592.1
"9362",2500,0.5,1362,24707.4
"9363",2500,0.5,1363,24975.4
"9364",2500,0.5,1364,24818.2
"9365",2500,0.5,1365,24643.1
"9366",2500,0.5,1366,24840.9
"9367",2500,0.5,1367,24522.5
"9368",2500,0.5,1368,24372
"9369",2500,0.5,1369,24852.6
"9370",2500,0.5,1370,24436.4
"9371",2500,0.5,1371,24144.8
"9372",2500,0.5,1372,24683.3
"9373",2500,0.5,1373,24470.8
"9374",2500,0.5,1374,24739.4
"9375",2500,0.5,1375,24589.9
"9376",2500,0.5,1376,25408.6
"9377",2500,0.5,1377,24720.2
"9378",2500,0.5,1378,24489.6
"9379",2500,0.5,1379,24879.2
"9380",2500,0.5,1380,25166.5
"9381",2500,0.5,1381,24753.5
"9382",2500,0.5,1382,24523.1
"9383",2500,0.5,1383,24963.1
"9384",2500,0.5,1384,24493
"9385",2500,0.5,1385,25012.2
"9386",2500,0.5,1386,25015.2
"9387",2500,0.5,1387,25421.9
"9388",2500,0.5,1388,25154.2
"9389",2500,0.5,1389,25073.7
"9390",2500,0.5,1390,24178.8
"9391",2500,0.5,1391,24322.3
"9392",2500,0.5,1392,24470.3
"9393",2500,0.5,1393,24753.2
"9394",2500,0.5,1394,24692.9
"9395",2500,0.5,1395,24788.4
"9396",2500,0.5,1396,25052.5
"9397",2500,0.5,1397,24646.2
"9398",2500,0.5,1398,24967.8
"9399",2500,0.5,1399,25071.5
"9400",2500,0.5,1400,24576.6
"9401",2500,0.5,1401,24856.2
"9402",2500,0.5,1402,25177.8
"9403",2500,0.5,1403,24826.6
"9404",2500,0.5,1404,24738.8
"9405",2500,0.5,1405,24079.4
"9406",2500,0.5,1406,24752.5
"9407",2500,0.5,1407,24874.3
"9408",2500,0.5,1408,25015.5
"9409",2500,0.5,1409,24519.7
"9410",2500,0.5,1410,24769.4
"9411",2500,0.5,1411,24695.4
"9412",2500,0.5,1412,24513.7
"9413",2500,0.5,1413,24331.1
"9414",2500,0.5,1414,24666.7
"9415",2500,0.5,1415,24488.1
"9416",2500,0.5,1416,24621
"9417",2500,0.5,1417,24617.8
"9418",2500,0.5,1418,24723
"9419",2500,0.5,1419,25149.5
"9420",2500,0.5,1420,24657.1
"9421",2500,0.5,1421,24887.6
"9422",2500,0.5,1422,24789.3
"9423",2500,0.5,1423,24645.1
"9424",2500,0.5,1424,25108.2
"9425",2500,0.5,1425,25222
"9426",2500,0.5,1426,24670.9
"9427",2500,0.5,1427,24955.1
"9428",2500,0.5,1428,24726.5
"9429",2500,0.5,1429,24698.7
"9430",2500,0.5,1430,24929.6
"9431",2500,0.5,1431,25225.8
"9432",2500,0.5,1432,24701.7
"9433",2500,0.5,1433,24419.7
"9434",2500,0.5,1434,24768
"9435",2500,0.5,1435,24574.1
"9436",2500,0.5,1436,24433.2
"9437",2500,0.5,1437,25022.3
"9438",2500,0.5,1438,24464.5
"9439",2500,0.5,1439,24422.2
"9440",2500,0.5,1440,24718
"9441",2500,0.5,1441,25102.7
"9442",2500,0.5,1442,24483.6
"9443",2500,0.5,1443,24544.3
"9444",2500,0.5,1444,24523.3
"9445",2500,0.5,1445,25153.8
"9446",2500,0.5,1446,24064.6
"9447",2500,0.5,1447,24519.4
"9448",2500,0.5,1448,24893.3
"9449",2500,0.5,1449,25003.5
"9450",2500,0.5,1450,24950.4
"9451",2500,0.5,1451,24803.9
"9452",2500,0.5,1452,25223.2
"9453",2500,0.5,1453,24649.2
"9454",2500,0.5,1454,24640.4
"9455",2500,0.5,1455,24669.1
"9456",2500,0.5,1456,25109.5
"9457",2500,0.5,1457,25032.3
"9458",2500,0.5,1458,24726.7
"9459",2500,0.5,1459,24543.2
"9460",2500,0.5,1460,24499.9
"9461",2500,0.5,1461,24938.8
"9462",2500,0.5,1462,24888
"9463",2500,0.5,1463,25285
"9464",2500,0.5,1464,24595.3
"9465",2500,0.5,1465,24695.1
"9466",2500,0.5,1466,24376.3
"9467",2500,0.5,1467,24647.1
"9468",2500,0.5,1468,24602.8
"9469",2500,0.5,1469,24893.6
"9470",2500,0.5,1470,24613.5
"9471",2500,0.5,1471,24507.9
"9472",2500,0.5,1472,24687.3
"9473",2500,0.5,1473,24843.3
"9474",2500,0.5,1474,24671.3
"9475",2500,0.5,1475,24470.4
"9476",2500,0.5,1476,24622.3
"9477",2500,0.5,1477,24894.5
"9478",2500,0.5,1478,24645.6
"9479",2500,0.5,1479,24791.3
"9480",2500,0.5,1480,24588.7
"9481",2500,0.5,1481,25211.2
"9482",2500,0.5,1482,24643.7
"9483",2500,0.5,1483,24952.4
"9484",2500,0.5,1484,24747.5
"9485",2500,0.5,1485,25071
"9486",2500,0.5,1486,24926.9
"9487",2500,0.5,1487,25000.3
"9488",2500,0.5,1488,25015.5
"9489",2500,0.5,1489,24917.9
"9490",2500,0.5,1490,24267.2
"9491",2500,0.5,1491,24343.1
"9492",2500,0.5,1492,24388.2
"9493",2500,0.5,1493,24703.4
"9494",2500,0.5,1494,24921.5
"9495",2500,0.5,1495,25128.1
"9496",2500,0.5,1496,24720.3
"9497",2500,0.5,1497,24649.9
"9498",2500,0.5,1498,24936.7
"9499",2500,0.5,1499,24805.5
"9500",2500,0.5,1500,24448.9
"9501",2500,0.5,1501,24581.4
"9502",2500,0.5,1502,25257.6
"9503",2500,0.5,1503,24467.6
"9504",2500,0.5,1504,24645.4
"9505",2500,0.5,1505,24647.5
"9506",2500,0.5,1506,25148.2
"9507",2500,0.5,1507,24215.7
"9508",2500,0.5,1508,24496.5
"9509",2500,0.5,1509,24715.3
"9510",2500,0.5,1510,25113.5
"9511",2500,0.5,1511,25170
"9512",2500,0.5,1512,25004
"9513",2500,0.5,1513,24849
"9514",2500,0.5,1514,24878.3
"9515",2500,0.5,1515,24380.5
"9516",2500,0.5,1516,24396.7
"9517",2500,0.5,1517,24774
"9518",2500,0.5,1518,25093
"9519",2500,0.5,1519,24498.9
"9520",2500,0.5,1520,24898.6
"9521",2500,0.5,1521,25007.9
"9522",2500,0.5,1522,24017.9
"9523",2500,0.5,1523,24153.8
"9524",2500,0.5,1524,24088.7
"9525",2500,0.5,1525,24403.8
"9526",2500,0.5,1526,24795.4
"9527",2500,0.5,1527,25152.9
"9528",2500,0.5,1528,25163.2
"9529",2500,0.5,1529,24656.4
"9530",2500,0.5,1530,25010.5
"9531",2500,0.5,1531,24948.9
"9532",2500,0.5,1532,25093.9
"9533",2500,0.5,1533,24630.8
"9534",2500,0.5,1534,24635.1
"9535",2500,0.5,1535,24498.1
"9536",2500,0.5,1536,24526.7
"9537",2500,0.5,1537,24816.8
"9538",2500,0.5,1538,24726.4
"9539",2500,0.5,1539,25170.1
"9540",2500,0.5,1540,24961.3
"9541",2500,0.5,1541,24532.7
"9542",2500,0.5,1542,24860.6
"9543",2500,0.5,1543,24716.9
"9544",2500,0.5,1544,24669.5
"9545",2500,0.5,1545,24237.2
"9546",2500,0.5,1546,24620.4
"9547",2500,0.5,1547,24962.6
"9548",2500,0.5,1548,24920.5
"9549",2500,0.5,1549,24693.3
"9550",2500,0.5,1550,24696.3
"9551",2500,0.5,1551,25104.5
"9552",2500,0.5,1552,24986
"9553",2500,0.5,1553,24745.5
"9554",2500,0.5,1554,24785
"9555",2500,0.5,1555,24435.9
"9556",2500,0.5,1556,25088.2
"9557",2500,0.5,1557,24907.1
"9558",2500,0.5,1558,25332.4
"9559",2500,0.5,1559,24955
"9560",2500,0.5,1560,24921.7
"9561",2500,0.5,1561,24669.5
"9562",2500,0.5,1562,24624.6
"9563",2500,0.5,1563,24610.2
"9564",2500,0.5,1564,24774.3
"9565",2500,0.5,1565,24639.1
"9566",2500,0.5,1566,24532.3
"9567",2500,0.5,1567,24620
"9568",2500,0.5,1568,23913.4
"9569",2500,0.5,1569,24385.7
"9570",2500,0.5,1570,23855.5
"9571",2500,0.5,1571,24357.3
"9572",2500,0.5,1572,24744.5
"9573",2500,0.5,1573,25273
"9574",2500,0.5,1574,24852
"9575",2500,0.5,1575,25142.5
"9576",2500,0.5,1576,25026.9
"9577",2500,0.5,1577,24440.1
"9578",2500,0.5,1578,24176
"9579",2500,0.5,1579,24728.5
"9580",2500,0.5,1580,24495.7
"9581",2500,0.5,1581,24769.4
"9582",2500,0.5,1582,25353.6
"9583",2500,0.5,1583,24487.4
"9584",2500,0.5,1584,24208.8
"9585",2500,0.5,1585,24363.5
"9586",2500,0.5,1586,24226.5
"9587",2500,0.5,1587,24212.9
"9588",2500,0.5,1588,24535.9
"9589",2500,0.5,1589,24599
"9590",2500,0.5,1590,24455.4
"9591",2500,0.5,1591,24732
"9592",2500,0.5,1592,24623.9
"9593",2500,0.5,1593,24691.1
"9594",2500,0.5,1594,24914
"9595",2500,0.5,1595,24915.4
"9596",2500,0.5,1596,24958
"9597",2500,0.5,1597,24781
"9598",2500,0.5,1598,25211.8
"9599",2500,0.5,1599,24667.6
"9600",2500,0.5,1600,24780
"9601",2500,0.5,1601,25220
"9602",2500,0.5,1602,24566.2
"9603",2500,0.5,1603,24348.9
"9604",2500,0.5,1604,24876.3
"9605",2500,0.5,1605,25228.9
"9606",2500,0.5,1606,25210.5
"9607",2500,0.5,1607,25094.9
"9608",2500,0.5,1608,24498.7
"9609",2500,0.5,1609,24722.7
"9610",2500,0.5,1610,24763.9
"9611",2500,0.5,1611,24889.8
"9612",2500,0.5,1612,24651.2
"9613",2500,0.5,1613,25066.9
"9614",2500,0.5,1614,25167.6
"9615",2500,0.5,1615,24945.2
"9616",2500,0.5,1616,24643.4
"9617",2500,0.5,1617,24323.5
"9618",2500,0.5,1618,24453.5
"9619",2500,0.5,1619,24079.5
"9620",2500,0.5,1620,24825.8
"9621",2500,0.5,1621,24522.7
"9622",2500,0.5,1622,24176.4
"9623",2500,0.5,1623,24774.6
"9624",2500,0.5,1624,24593
"9625",2500,0.5,1625,24734.3
"9626",2500,0.5,1626,24599
"9627",2500,0.5,1627,24191.1
"9628",2500,0.5,1628,24724
"9629",2500,0.5,1629,24200.7
"9630",2500,0.5,1630,24544.5
"9631",2500,0.5,1631,24929.9
"9632",2500,0.5,1632,25074.6
"9633",2500,0.5,1633,24908.4
"9634",2500,0.5,1634,24481
"9635",2500,0.5,1635,24374.5
"9636",2500,0.5,1636,24488
"9637",2500,0.5,1637,24542.7
"9638",2500,0.5,1638,24566.2
"9639",2500,0.5,1639,24433.3
"9640",2500,0.5,1640,24784.1
"9641",2500,0.5,1641,24683
"9642",2500,0.5,1642,24752.6
"9643",2500,0.5,1643,24725.2
"9644",2500,0.5,1644,25006.3
"9645",2500,0.5,1645,24419.4
"9646",2500,0.5,1646,24548.6
"9647",2500,0.5,1647,24906.2
"9648",2500,0.5,1648,24787.1
"9649",2500,0.5,1649,24821.6
"9650",2500,0.5,1650,24935.6
"9651",2500,0.5,1651,24130.1
"9652",2500,0.5,1652,24511.1
"9653",2500,0.5,1653,24638.9
"9654",2500,0.5,1654,24821.3
"9655",2500,0.5,1655,25044.2
"9656",2500,0.5,1656,24387.5
"9657",2500,0.5,1657,24296.3
"9658",2500,0.5,1658,24808.1
"9659",2500,0.5,1659,25088.5
"9660",2500,0.5,1660,24455.1
"9661",2500,0.5,1661,24590.4
"9662",2500,0.5,1662,24597.1
"9663",2500,0.5,1663,24514.9
"9664",2500,0.5,1664,24419.1
"9665",2500,0.5,1665,25025.9
"9666",2500,0.5,1666,24472.4
"9667",2500,0.5,1667,24789.5
"9668",2500,0.5,1668,24774.9
"9669",2500,0.5,1669,24434.6
"9670",2500,0.5,1670,24884
"9671",2500,0.5,1671,25303.2
"9672",2500,0.5,1672,24964
"9673",2500,0.5,1673,24835
"9674",2500,0.5,1674,24541.9
"9675",2500,0.5,1675,24637.1
"9676",2500,0.5,1676,24970.7
"9677",2500,0.5,1677,24620.2
"9678",2500,0.5,1678,25027.4
"9679",2500,0.5,1679,24819.7
"9680",2500,0.5,1680,25191.5
"9681",2500,0.5,1681,24290
"9682",2500,0.5,1682,24606.7
"9683",2500,0.5,1683,24733.8
"9684",2500,0.5,1684,24810.8
"9685",2500,0.5,1685,24967.9
"9686",2500,0.5,1686,24584.3
"9687",2500,0.5,1687,24980.8
"9688",2500,0.5,1688,24844.9
"9689",2500,0.5,1689,24538.1
"9690",2500,0.5,1690,24898.3
"9691",2500,0.5,1691,24390.5
"9692",2500,0.5,1692,24392.7
"9693",2500,0.5,1693,24270
"9694",2500,0.5,1694,25330.9
"9695",2500,0.5,1695,25306.6
"9696",2500,0.5,1696,24112.4
"9697",2500,0.5,1697,24291.2
"9698",2500,0.5,1698,24376.3
"9699",2500,0.5,1699,24759.3
"9700",2500,0.5,1700,24810.3
"9701",2500,0.5,1701,24643.6
"9702",2500,0.5,1702,25110.6
"9703",2500,0.5,1703,25078.6
"9704",2500,0.5,1704,24456.1
"9705",2500,0.5,1705,24750.2
"9706",2500,0.5,1706,25088.1
"9707",2500,0.5,1707,24446.6
"9708",2500,0.5,1708,24954.6
"9709",2500,0.5,1709,24887.9
"9710",2500,0.5,1710,24899.6
"9711",2500,0.5,1711,24480.8
"9712",2500,0.5,1712,24974.4
"9713",2500,0.5,1713,24741.9
"9714",2500,0.5,1714,24475
"9715",2500,0.5,1715,24345.5
"9716",2500,0.5,1716,24619.9
"9717",2500,0.5,1717,24729.1
"9718",2500,0.5,1718,24905.9
"9719",2500,0.5,1719,24795.6
"9720",2500,0.5,1720,24941.4
"9721",2500,0.5,1721,24961.3
"9722",2500,0.5,1722,24773.6
"9723",2500,0.5,1723,25068
"9724",2500,0.5,1724,25362.2
"9725",2500,0.5,1725,24688.5
"9726",2500,0.5,1726,24471.9
"9727",2500,0.5,1727,24623.5
"9728",2500,0.5,1728,24660.5
"9729",2500,0.5,1729,24259.7
"9730",2500,0.5,1730,25018.3
"9731",2500,0.5,1731,24786.6
"9732",2500,0.5,1732,25112.4
"9733",2500,0.5,1733,25055.4
"9734",2500,0.5,1734,24377.8
"9735",2500,0.5,1735,24845.1
"9736",2500,0.5,1736,25313.9
"9737",2500,0.5,1737,24423.1
"9738",2500,0.5,1738,24803.8
"9739",2500,0.5,1739,24522.6
"9740",2500,0.5,1740,24122.9
"9741",2500,0.5,1741,24316.3
"9742",2500,0.5,1742,24281.6
"9743",2500,0.5,1743,24558.8
"9744",2500,0.5,1744,24260
"9745",2500,0.5,1745,24529.4
"9746",2500,0.5,1746,24509.6
"9747",2500,0.5,1747,24897.4
"9748",2500,0.5,1748,24281
"9749",2500,0.5,1749,24781.6
"9750",2500,0.5,1750,24724.3
"9751",2500,0.5,1751,24453.6
"9752",2500,0.5,1752,24623.3
"9753",2500,0.5,1753,24851.3
"9754",2500,0.5,1754,24701.1
"9755",2500,0.5,1755,24822.4
"9756",2500,0.5,1756,24458.9
"9757",2500,0.5,1757,24708.1
"9758",2500,0.5,1758,24734
"9759",2500,0.5,1759,24786.3
"9760",2500,0.5,1760,24796
"9761",2500,0.5,1761,24752.9
"9762",2500,0.5,1762,25145.3
"9763",2500,0.5,1763,24779.2
"9764",2500,0.5,1764,24740.2
"9765",2500,0.5,1765,24791.9
"9766",2500,0.5,1766,24984.9
"9767",2500,0.5,1767,24341
"9768",2500,0.5,1768,24861.2
"9769",2500,0.5,1769,24843.8
"9770",2500,0.5,1770,24631
"9771",2500,0.5,1771,24930.7
"9772",2500,0.5,1772,25579.1
"9773",2500,0.5,1773,24456.1
"9774",2500,0.5,1774,24609.8
"9775",2500,0.5,1775,24936.2
"9776",2500,0.5,1776,24276.9
"9777",2500,0.5,1777,24428.2
"9778",2500,0.5,1778,24809.6
"9779",2500,0.5,1779,24705.8
"9780",2500,0.5,1780,24775.4
"9781",2500,0.5,1781,25089.6
"9782",2500,0.5,1782,25202
"9783",2500,0.5,1783,24800.5
"9784",2500,0.5,1784,24751.7
"9785",2500,0.5,1785,24328.1
"9786",2500,0.5,1786,24275
"9787",2500,0.5,1787,24232.3
"9788",2500,0.5,1788,24562.4
"9789",2500,0.5,1789,24868.3
"9790",2500,0.5,1790,25277.9
"9791",2500,0.5,1791,25324.7
"9792",2500,0.5,1792,23975.7
"9793",2500,0.5,1793,24461.4
"9794",2500,0.5,1794,24029
"9795",2500,0.5,1795,24354.4
"9796",2500,0.5,1796,24418.3
"9797",2500,0.5,1797,24926.5
"9798",2500,0.5,1798,24440.8
"9799",2500,0.5,1799,24590.2
"9800",2500,0.5,1800,24591
"9801",2500,0.5,1801,24662.7
"9802",2500,0.5,1802,24830.8
"9803",2500,0.5,1803,24578.5
"9804",2500,0.5,1804,24948.4
"9805",2500,0.5,1805,24704.5
"9806",2500,0.5,1806,24450.7
"9807",2500,0.5,1807,24304.5
"9808",2500,0.5,1808,24644.3
"9809",2500,0.5,1809,25146.9
"9810",2500,0.5,1810,24877
"9811",2500,0.5,1811,24615.3
"9812",2500,0.5,1812,25344.4
"9813",2500,0.5,1813,24833.6
"9814",2500,0.5,1814,25063.7
"9815",2500,0.5,1815,25026.7
"9816",2500,0.5,1816,25124.5
"9817",2500,0.5,1817,23994.7
"9818",2500,0.5,1818,24443
"9819",2500,0.5,1819,24563.2
"9820",2500,0.5,1820,24121
"9821",2500,0.5,1821,24478.8
"9822",2500,0.5,1822,24241.3
"9823",2500,0.5,1823,24774.1
"9824",2500,0.5,1824,24749.5
"9825",2500,0.5,1825,24960.7
"9826",2500,0.5,1826,24485.1
"9827",2500,0.5,1827,24338.5
"9828",2500,0.5,1828,23902.1
"9829",2500,0.5,1829,24557.4
"9830",2500,0.5,1830,24354.2
"9831",2500,0.5,1831,24236.1
"9832",2500,0.5,1832,24395.5
"9833",2500,0.5,1833,25171.4
"9834",2500,0.5,1834,24760.9
"9835",2500,0.5,1835,24837.6
"9836",2500,0.5,1836,24588.7
"9837",2500,0.5,1837,24873.1
"9838",2500,0.5,1838,24672.4
"9839",2500,0.5,1839,24878.9
"9840",2500,0.5,1840,24512.3
"9841",2500,0.5,1841,25027.9
"9842",2500,0.5,1842,24548.9
"9843",2500,0.5,1843,24442.7
"9844",2500,0.5,1844,24305.2
"9845",2500,0.5,1845,24552.7
"9846",2500,0.5,1846,24647.5
"9847",2500,0.5,1847,24358.8
"9848",2500,0.5,1848,24580
"9849",2500,0.5,1849,24681.1
"9850",2500,0.5,1850,24491.8
"9851",2500,0.5,1851,24982.5
"9852",2500,0.5,1852,25394.5
"9853",2500,0.5,1853,24482.2
"9854",2500,0.5,1854,24628.4
"9855",2500,0.5,1855,24515
"9856",2500,0.5,1856,24260.9
"9857",2500,0.5,1857,24340
"9858",2500,0.5,1858,24686
"9859",2500,0.5,1859,24282.5
"9860",2500,0.5,1860,24825.4
"9861",2500,0.5,1861,24644.2
"9862",2500,0.5,1862,24879.2
"9863",2500,0.5,1863,25088.3
"9864",2500,0.5,1864,24990.9
"9865",2500,0.5,1865,24828.3
"9866",2500,0.5,1866,24284.8
"9867",2500,0.5,1867,24297.6
"9868",2500,0.5,1868,24419.3
"9869",2500,0.5,1869,23870.5
"9870",2500,0.5,1870,24502.6
"9871",2500,0.5,1871,24110.9
"9872",2500,0.5,1872,24343
"9873",2500,0.5,1873,24887.2
"9874",2500,0.5,1874,24778.2
"9875",2500,0.5,1875,25097.3
"9876",2500,0.5,1876,25200.7
"9877",2500,0.5,1877,24771.4
"9878",2500,0.5,1878,24688.3
"9879",2500,0.5,1879,24884.6
"9880",2500,0.5,1880,24938.8
"9881",2500,0.5,1881,24196.6
"9882",2500,0.5,1882,24504
"9883",2500,0.5,1883,24670.5
"9884",2500,0.5,1884,24847.4
"9885",2500,0.5,1885,24866.8
"9886",2500,0.5,1886,24374.7
"9887",2500,0.5,1887,25147.8
"9888",2500,0.5,1888,24926.9
"9889",2500,0.5,1889,24185.3
"9890",2500,0.5,1890,24553.1
"9891",2500,0.5,1891,24930.7
"9892",2500,0.5,1892,24661.5
"9893",2500,0.5,1893,24829.4
"9894",2500,0.5,1894,24988.6
"9895",2500,0.5,1895,25028.5
"9896",2500,0.5,1896,24441.2
"9897",2500,0.5,1897,24846.5
"9898",2500,0.5,1898,24957.4
"9899",2500,0.5,1899,24788
"9900",2500,0.5,1900,24686.1
"9901",2500,0.5,1901,24575.9
"9902",2500,0.5,1902,24989.6
"9903",2500,0.5,1903,24640.5
"9904",2500,0.5,1904,25063.8
"9905",2500,0.5,1905,24823.8
"9906",2500,0.5,1906,24469.2
"9907",2500,0.5,1907,24975
"9908",2500,0.5,1908,25255.3
"9909",2500,0.5,1909,24882.3
"9910",2500,0.5,1910,24409.3
"9911",2500,0.5,1911,24833.7
"9912",2500,0.5,1912,24707.5
"9913",2500,0.5,1913,24422.4
"9914",2500,0.5,1914,25068.6
"9915",2500,0.5,1915,24660.7
"9916",2500,0.5,1916,24359.1
"9917",2500,0.5,1917,24767.2
"9918",2500,0.5,1918,24419.8
"9919",2500,0.5,1919,24286.5
"9920",2500,0.5,1920,24753.7
"9921",2500,0.5,1921,25081.3
"9922",2500,0.5,1922,24924.2
"9923",2500,0.5,1923,24585.3
"9924",2500,0.5,1924,24600.9
"9925",2500,0.5,1925,24396.5
"9926",2500,0.5,1926,24395
"9927",2500,0.5,1927,24410.8
"9928",2500,0.5,1928,24504.2
"9929",2500,0.5,1929,24705.1
"9930",2500,0.5,1930,24770.4
"9931",2500,0.5,1931,24584.7
"9932",2500,0.5,1932,24800.9
"9933",2500,0.5,1933,25089.7
"9934",2500,0.5,1934,25254.9
"9935",2500,0.5,1935,24632
"9936",2500,0.5,1936,24511.2
"9937",2500,0.5,1937,24673.4
"9938",2500,0.5,1938,24992.4
"9939",2500,0.5,1939,24948.9
"9940",2500,0.5,1940,24815.3
"9941",2500,0.5,1941,24787.2
"9942",2500,0.5,1942,24241
"9943",2500,0.5,1943,24354.8
"9944",2500,0.5,1944,24606.7
"9945",2500,0.5,1945,24672.3
"9946",2500,0.5,1946,24576.1
"9947",2500,0.5,1947,24717.6
"9948",2500,0.5,1948,24914.1
"9949",2500,0.5,1949,24472.5
"9950",2500,0.5,1950,24672.9
"9951",2500,0.5,1951,25106.5
"9952",2500,0.5,1952,25290.7
"9953",2500,0.5,1953,24324.1
"9954",2500,0.5,1954,24391.7
"9955",2500,0.5,1955,24462.7
"9956",2500,0.5,1956,24666.2
"9957",2500,0.5,1957,24734.1
"9958",2500,0.5,1958,25074.9
"9959",2500,0.5,1959,24059
"9960",2500,0.5,1960,24789.9
"9961",2500,0.5,1961,24747.2
"9962",2500,0.5,1962,25131.7
"9963",2500,0.5,1963,24585.9
"9964",2500,0.5,1964,23929.3
"9965",2500,0.5,1965,24418.5
"9966",2500,0.5,1966,24152.6
"9967",2500,0.5,1967,24242.4
"9968",2500,0.5,1968,23977.2
"9969",2500,0.5,1969,24009.9
"9970",2500,0.5,1970,23822.6
"9971",2500,0.5,1971,24184.3
"9972",2500,0.5,1972,24139.9
"9973",2500,0.5,1973,24781.5
"9974",2500,0.5,1974,24808.5
"9975",2500,0.5,1975,24873.7
"9976",2500,0.5,1976,24986
"9977",2500,0.5,1977,24735.1
"9978",2500,0.5,1978,25333.1
"9979",2500,0.5,1979,24519.6
"9980",2500,0.5,1980,24609.2
"9981",2500,0.5,1981,24374.6
"9982",2500,0.5,1982,24135.1
"9983",2500,0.5,1983,23999.4
"9984",2500,0.5,1984,24536.6
"9985",2500,0.5,1985,24658.3
"9986",2500,0.5,1986,24914.8
"9987",2500,0.5,1987,24632.4
"9988",2500,0.5,1988,24434.8
"9989",2500,0.5,1989,24432.4
"9990",2500,0.5,1990,24386.1
"9991",2500,0.5,1991,23906.5
"9992",2500,0.5,1992,24033.7
"9993",2500,0.5,1993,24515.3
"9994",2500,0.5,1994,24677.8
"9995",2500,0.5,1995,24603.8
"9996",2500,0.5,1996,24894.7
"9997",2500,0.5,1997,24747
"9998",2500,0.5,1998,24513.8
"9999",2500,0.5,1999,24825.8
"10000",2500,0.5,2000,25322.6
"10001",2500,0.9,1,5531.6
"10002",2500,0.9,2,5969.8
"10003",2500,0.9,3,6281.5
"10004",2500,0.9,4,6285.1
"10005",2500,0.9,5,6529.2
"10006",2500,0.9,6,6646.1
"10007",2500,0.9,7,6763
"10008",2500,0.9,8,6897.7
"10009",2500,0.9,9,7214.7
"10010",2500,0.9,10,7378.9
"10011",2500,0.9,11,7466.8
"10012",2500,0.9,12,7528.4
"10013",2500,0.9,13,7732.3
"10014",2500,0.9,14,7993.2
"10015",2500,0.9,15,7977.8
"10016",2500,0.9,16,8096.6
"10017",2500,0.9,17,8295
"10018",2500,0.9,18,8237.5
"10019",2500,0.9,19,8651.9
"10020",2500,0.9,20,8761
"10021",2500,0.9,21,8974.1
"10022",2500,0.9,22,8935.5
"10023",2500,0.9,23,9082.9
"10024",2500,0.9,24,9142.2
"10025",2500,0.9,25,9291.3
"10026",2500,0.9,26,9659.9
"10027",2500,0.9,27,9571.7
"10028",2500,0.9,28,9924.8
"10029",2500,0.9,29,10036.6
"10030",2500,0.9,30,9972
"10031",2500,0.9,31,10119.7
"10032",2500,0.9,32,10202.3
"10033",2500,0.9,33,10316.8
"10034",2500,0.9,34,10290.5
"10035",2500,0.9,35,10651.4
"10036",2500,0.9,36,10791
"10037",2500,0.9,37,11008.6
"10038",2500,0.9,38,10911.1
"10039",2500,0.9,39,11096.8
"10040",2500,0.9,40,11110.4
"10041",2500,0.9,41,10984
"10042",2500,0.9,42,11130.8
"10043",2500,0.9,43,11520.4
"10044",2500,0.9,44,11670.8
"10045",2500,0.9,45,11772.8
"10046",2500,0.9,46,11897.9
"10047",2500,0.9,47,12010.1
"10048",2500,0.9,48,12184.4
"10049",2500,0.9,49,12174.6
"10050",2500,0.9,50,12237
"10051",2500,0.9,51,12561.4
"10052",2500,0.9,52,12590.6
"10053",2500,0.9,53,12748.9
"10054",2500,0.9,54,12783.2
"10055",2500,0.9,55,12718.1
"10056",2500,0.9,56,13119
"10057",2500,0.9,57,12903.9
"10058",2500,0.9,58,13168.9
"10059",2500,0.9,59,13220.1
"10060",2500,0.9,60,13232.7
"10061",2500,0.9,61,13498.4
"10062",2500,0.9,62,13680.9
"10063",2500,0.9,63,13856.7
"10064",2500,0.9,64,13854
"10065",2500,0.9,65,14013.8
"10066",2500,0.9,66,14171.3
"10067",2500,0.9,67,14264
"10068",2500,0.9,68,14534.1
"10069",2500,0.9,69,14731.3
"10070",2500,0.9,70,14723.9
"10071",2500,0.9,71,14821.9
"10072",2500,0.9,72,15103.9
"10073",2500,0.9,73,15194.1
"10074",2500,0.9,74,15386.9
"10075",2500,0.9,75,15416.8
"10076",2500,0.9,76,15564.4
"10077",2500,0.9,77,15715.9
"10078",2500,0.9,78,15786.3
"10079",2500,0.9,79,15866.2
"10080",2500,0.9,80,15901.2
"10081",2500,0.9,81,16368.6
"10082",2500,0.9,82,16640.3
"10083",2500,0.9,83,16798.4
"10084",2500,0.9,84,17009.7
"10085",2500,0.9,85,17020.2
"10086",2500,0.9,86,17283
"10087",2500,0.9,87,17338.2
"10088",2500,0.9,88,17506.5
"10089",2500,0.9,89,17883.7
"10090",2500,0.9,90,18080.1
"10091",2500,0.9,91,18157.4
"10092",2500,0.9,92,18397.4
"10093",2500,0.9,93,18611.9
"10094",2500,0.9,94,19010.3
"10095",2500,0.9,95,19304.5
"10096",2500,0.9,96,19459.8
"10097",2500,0.9,97,19673.3
"10098",2500,0.9,98,19597.1
"10099",2500,0.9,99,19835.4
"10100",2500,0.9,100,20111.6
"10101",2500,0.9,101,20416.8
"10102",2500,0.9,102,20667.7
"10103",2500,0.9,103,20948.1
"10104",2500,0.9,104,21188.6
"10105",2500,0.9,105,21364.2
"10106",2500,0.9,106,21707.1
"10107",2500,0.9,107,22010.2
"10108",2500,0.9,108,22107.9
"10109",2500,0.9,109,22420.7
"10110",2500,0.9,110,22674.4
"10111",2500,0.9,111,22970.9
"10112",2500,0.9,112,23362.2
"10113",2500,0.9,113,23673.2
"10114",2500,0.9,114,23886
"10115",2500,0.9,115,23952.8
"10116",2500,0.9,116,23689.7
"10117",2500,0.9,117,23658.6
"10118",2500,0.9,118,24263.6
"10119",2500,0.9,119,24224.8
"10120",2500,0.9,120,24597.7
"10121",2500,0.9,121,24355.8
"10122",2500,0.9,122,24264.2
"10123",2500,0.9,123,24215.3
"10124",2500,0.9,124,24612.8
"10125",2500,0.9,125,24730.1
"10126",2500,0.9,126,24131
"10127",2500,0.9,127,24145.2
"10128",2500,0.9,128,24077
"10129",2500,0.9,129,24455.3
"10130",2500,0.9,130,25097.9
"10131",2500,0.9,131,24864.4
"10132",2500,0.9,132,24565.1
"10133",2500,0.9,133,24434.8
"10134",2500,0.9,134,24584.7
"10135",2500,0.9,135,24653.7
"10136",2500,0.9,136,24807.4
"10137",2500,0.9,137,25045.9
"10138",2500,0.9,138,24834.1
"10139",2500,0.9,139,24589.2
"10140",2500,0.9,140,24721.8
"10141",2500,0.9,141,24513.6
"10142",2500,0.9,142,24650.1
"10143",2500,0.9,143,24327.4
"10144",2500,0.9,144,24867.6
"10145",2500,0.9,145,24709.3
"10146",2500,0.9,146,24495.3
"10147",2500,0.9,147,24793
"10148",2500,0.9,148,24963.5
"10149",2500,0.9,149,24532.1
"10150",2500,0.9,150,24318.9
"10151",2500,0.9,151,24635.8
"10152",2500,0.9,152,24575.2
"10153",2500,0.9,153,24655.5
"10154",2500,0.9,154,24658.4
"10155",2500,0.9,155,24403.2
"10156",2500,0.9,156,24630.5
"10157",2500,0.9,157,24231.3
"10158",2500,0.9,158,24502.9
"10159",2500,0.9,159,24578.8
"10160",2500,0.9,160,24371.1
"10161",2500,0.9,161,24731.3
"10162",2500,0.9,162,24668.1
"10163",2500,0.9,163,24902
"10164",2500,0.9,164,24760.1
"10165",2500,0.9,165,24513
"10166",2500,0.9,166,24789.9
"10167",2500,0.9,167,24915.2
"10168",2500,0.9,168,24681.8
"10169",2500,0.9,169,24738.7
"10170",2500,0.9,170,24844.8
"10171",2500,0.9,171,24512.4
"10172",2500,0.9,172,24423.8
"10173",2500,0.9,173,24618.5
"10174",2500,0.9,174,24566
"10175",2500,0.9,175,24603.5
"10176",2500,0.9,176,24783.7
"10177",2500,0.9,177,24511
"10178",2500,0.9,178,24989
"10179",2500,0.9,179,24711.1
"10180",2500,0.9,180,24613.7
"10181",2500,0.9,181,24548.8
"10182",2500,0.9,182,24381.7
"10183",2500,0.9,183,24551.6
"10184",2500,0.9,184,24887
"10185",2500,0.9,185,24767.3
"10186",2500,0.9,186,24599.6
"10187",2500,0.9,187,24506.9
"10188",2500,0.9,188,24768.2
"10189",2500,0.9,189,24910.5
"10190",2500,0.9,190,24586.3
"10191",2500,0.9,191,24499.9
"10192",2500,0.9,192,24494.3
"10193",2500,0.9,193,24508.5
"10194",2500,0.9,194,24293.1
"10195",2500,0.9,195,24086.8
"10196",2500,0.9,196,24391.3
"10197",2500,0.9,197,24571
"10198",2500,0.9,198,24967.9
"10199",2500,0.9,199,24952.3
"10200",2500,0.9,200,24521
"10201",2500,0.9,201,24648.1
"10202",2500,0.9,202,24782.5
"10203",2500,0.9,203,24544.5
"10204",2500,0.9,204,24841.2
"10205",2500,0.9,205,24434.8
"10206",2500,0.9,206,24660.1
"10207",2500,0.9,207,24849.1
"10208",2500,0.9,208,24246.9
"10209",2500,0.9,209,24487.4
"10210",2500,0.9,210,24469.7
"10211",2500,0.9,211,24394.7
"10212",2500,0.9,212,24289.7
"10213",2500,0.9,213,24248.1
"10214",2500,0.9,214,24848.7
"10215",2500,0.9,215,24552.5
"10216",2500,0.9,216,24541.5
"10217",2500,0.9,217,24221.6
"10218",2500,0.9,218,24527.6
"10219",2500,0.9,219,24721.1
"10220",2500,0.9,220,24868.9
"10221",2500,0.9,221,24635.9
"10222",2500,0.9,222,24915.8
"10223",2500,0.9,223,24865.9
"10224",2500,0.9,224,24683.6
"10225",2500,0.9,225,24531.5
"10226",2500,0.9,226,24860.8
"10227",2500,0.9,227,24476.8
"10228",2500,0.9,228,24166.2
"10229",2500,0.9,229,24426
"10230",2500,0.9,230,24450
"10231",2500,0.9,231,24819.7
"10232",2500,0.9,232,24676
"10233",2500,0.9,233,24831.2
"10234",2500,0.9,234,24757.3
"10235",2500,0.9,235,24882.8
"10236",2500,0.9,236,24819
"10237",2500,0.9,237,24620.8
"10238",2500,0.9,238,24849.9
"10239",2500,0.9,239,24848.8
"10240",2500,0.9,240,24990.5
"10241",2500,0.9,241,24773.4
"10242",2500,0.9,242,24774.3
"10243",2500,0.9,243,24482.5
"10244",2500,0.9,244,24050.1
"10245",2500,0.9,245,24238.6
"10246",2500,0.9,246,24469.2
"10247",2500,0.9,247,24412.4
"10248",2500,0.9,248,24535.2
"10249",2500,0.9,249,24837.4
"10250",2500,0.9,250,25170.6
"10251",2500,0.9,251,24646.9
"10252",2500,0.9,252,24428.9
"10253",2500,0.9,253,24431.2
"10254",2500,0.9,254,24569.2
"10255",2500,0.9,255,24463.5
"10256",2500,0.9,256,24577.3
"10257",2500,0.9,257,24536.1
"10258",2500,0.9,258,24654.9
"10259",2500,0.9,259,24820
"10260",2500,0.9,260,24407.4
"10261",2500,0.9,261,24679.7
"10262",2500,0.9,262,24251.5
"10263",2500,0.9,263,24397.6
"10264",2500,0.9,264,25022.5
"10265",2500,0.9,265,24302.6
"10266",2500,0.9,266,24322.1
"10267",2500,0.9,267,24710.3
"10268",2500,0.9,268,24926.6
"10269",2500,0.9,269,24778.9
"10270",2500,0.9,270,24306.6
"10271",2500,0.9,271,24343.6
"10272",2500,0.9,272,24547.4
"10273",2500,0.9,273,24492.8
"10274",2500,0.9,274,24200.1
"10275",2500,0.9,275,24293.1
"10276",2500,0.9,276,24685.2
"10277",2500,0.9,277,24422.7
"10278",2500,0.9,278,24741
"10279",2500,0.9,279,24456.8
"10280",2500,0.9,280,24312.7
"10281",2500,0.9,281,24569.8
"10282",2500,0.9,282,24461.6
"10283",2500,0.9,283,24548.1
"10284",2500,0.9,284,24646.7
"10285",2500,0.9,285,25035.6
"10286",2500,0.9,286,24792
"10287",2500,0.9,287,24455.3
"10288",2500,0.9,288,25015.7
"10289",2500,0.9,289,24372.4
"10290",2500,0.9,290,24670
"10291",2500,0.9,291,24352.9
"10292",2500,0.9,292,24273.9
"10293",2500,0.9,293,24354.5
"10294",2500,0.9,294,24636.9
"10295",2500,0.9,295,24321.9
"10296",2500,0.9,296,24623.5
"10297",2500,0.9,297,24666.6
"10298",2500,0.9,298,24756.9
"10299",2500,0.9,299,24798.3
"10300",2500,0.9,300,24585
"10301",2500,0.9,301,24586.6
"10302",2500,0.9,302,24672.8
"10303",2500,0.9,303,24397.7
"10304",2500,0.9,304,24954.8
"10305",2500,0.9,305,24633.8
"10306",2500,0.9,306,24782.2
"10307",2500,0.9,307,24620.3
"10308",2500,0.9,308,24700
"10309",2500,0.9,309,24571.9
"10310",2500,0.9,310,24159
"10311",2500,0.9,311,24531.4
"10312",2500,0.9,312,24671.7
"10313",2500,0.9,313,24842.7
"10314",2500,0.9,314,24602.1
"10315",2500,0.9,315,25054.4
"10316",2500,0.9,316,24680.1
"10317",2500,0.9,317,24518.9
"10318",2500,0.9,318,24181
"10319",2500,0.9,319,24508.1
"10320",2500,0.9,320,24518.9
"10321",2500,0.9,321,24937.5
"10322",2500,0.9,322,24782.4
"10323",2500,0.9,323,24443.8
"10324",2500,0.9,324,24598.4
"10325",2500,0.9,325,24869.8
"10326",2500,0.9,326,24752.6
"10327",2500,0.9,327,24662.6
"10328",2500,0.9,328,24905.7
"10329",2500,0.9,329,24379
"10330",2500,0.9,330,24948.7
"10331",2500,0.9,331,24625.7
"10332",2500,0.9,332,24922.5
"10333",2500,0.9,333,24867.8
"10334",2500,0.9,334,24562.9
"10335",2500,0.9,335,24684.8
"10336",2500,0.9,336,24689.3
"10337",2500,0.9,337,25026.1
"10338",2500,0.9,338,24727.1
"10339",2500,0.9,339,24613.5
"10340",2500,0.9,340,24940.8
"10341",2500,0.9,341,24747.9
"10342",2500,0.9,342,24217.6
"10343",2500,0.9,343,24214.3
"10344",2500,0.9,344,24478.2
"10345",2500,0.9,345,24340.7
"10346",2500,0.9,346,24422.8
"10347",2500,0.9,347,24293.6
"10348",2500,0.9,348,24858
"10349",2500,0.9,349,24569.3
"10350",2500,0.9,350,24549.3
"10351",2500,0.9,351,24788.5
"10352",2500,0.9,352,24551.9
"10353",2500,0.9,353,24878.9
"10354",2500,0.9,354,24790.9
"10355",2500,0.9,355,24494.8
"10356",2500,0.9,356,24545.9
"10357",2500,0.9,357,24939.1
"10358",2500,0.9,358,24246.9
"10359",2500,0.9,359,24128.7
"10360",2500,0.9,360,24339.2
"10361",2500,0.9,361,24655.6
"10362",2500,0.9,362,25072.8
"10363",2500,0.9,363,24216.2
"10364",2500,0.9,364,24139.9
"10365",2500,0.9,365,24388.1
"10366",2500,0.9,366,24105.6
"10367",2500,0.9,367,24598
"10368",2500,0.9,368,24460.7
"10369",2500,0.9,369,24409.7
"10370",2500,0.9,370,24549.8
"10371",2500,0.9,371,24847.6
"10372",2500,0.9,372,24749.2
"10373",2500,0.9,373,24706
"10374",2500,0.9,374,24774
"10375",2500,0.9,375,24924.3
"10376",2500,0.9,376,24852
"10377",2500,0.9,377,24744.3
"10378",2500,0.9,378,24687.8
"10379",2500,0.9,379,24975.9
"10380",2500,0.9,380,24709
"10381",2500,0.9,381,24285.8
"10382",2500,0.9,382,24486.1
"10383",2500,0.9,383,24334.7
"10384",2500,0.9,384,24414.2
"10385",2500,0.9,385,24867.4
"10386",2500,0.9,386,24582.8
"10387",2500,0.9,387,24747.5
"10388",2500,0.9,388,24703.8
"10389",2500,0.9,389,24774.2
"10390",2500,0.9,390,24898.3
"10391",2500,0.9,391,24769.6
"10392",2500,0.9,392,24913.2
"10393",2500,0.9,393,24759.8
"10394",2500,0.9,394,24751.5
"10395",2500,0.9,395,24828.5
"10396",2500,0.9,396,24605.7
"10397",2500,0.9,397,24535.2
"10398",2500,0.9,398,24712.5
"10399",2500,0.9,399,24762.6
"10400",2500,0.9,400,24552.2
"10401",2500,0.9,401,24269.7
"10402",2500,0.9,402,24494.2
"10403",2500,0.9,403,24594.1
"10404",2500,0.9,404,24582.7
"10405",2500,0.9,405,24694.9
"10406",2500,0.9,406,25077.5
"10407",2500,0.9,407,25255.3
"10408",2500,0.9,408,24689.3
"10409",2500,0.9,409,24372.9
"10410",2500,0.9,410,23880.8
"10411",2500,0.9,411,24538
"10412",2500,0.9,412,23944.2
"10413",2500,0.9,413,23790.1
"10414",2500,0.9,414,24131.7
"10415",2500,0.9,415,24436.3
"10416",2500,0.9,416,24216.7
"10417",2500,0.9,417,24294.1
"10418",2500,0.9,418,24519
"10419",2500,0.9,419,24435.4
"10420",2500,0.9,420,24372.8
"10421",2500,0.9,421,24368.5
"10422",2500,0.9,422,24681.3
"10423",2500,0.9,423,24774.7
"10424",2500,0.9,424,24507.8
"10425",2500,0.9,425,24710
"10426",2500,0.9,426,24192.5
"10427",2500,0.9,427,24707.9
"10428",2500,0.9,428,24619.4
"10429",2500,0.9,429,24567.8
"10430",2500,0.9,430,24996.8
"10431",2500,0.9,431,24365
"10432",2500,0.9,432,24934.7
"10433",2500,0.9,433,24333.8
"10434",2500,0.9,434,24810.5
"10435",2500,0.9,435,24556.4
"10436",2500,0.9,436,24297.7
"10437",2500,0.9,437,24421.4
"10438",2500,0.9,438,24578.3
"10439",2500,0.9,439,25106.8
"10440",2500,0.9,440,24703.4
"10441",2500,0.9,441,24713.6
"10442",2500,0.9,442,24601.9
"10443",2500,0.9,443,24560
"10444",2500,0.9,444,24539
"10445",2500,0.9,445,24505.4
"10446",2500,0.9,446,24178.3
"10447",2500,0.9,447,24494.6
"10448",2500,0.9,448,24706
"10449",2500,0.9,449,24735.5
"10450",2500,0.9,450,24441.1
"10451",2500,0.9,451,24730.7
"10452",2500,0.9,452,24318.1
"10453",2500,0.9,453,24741.5
"10454",2500,0.9,454,24583.3
"10455",2500,0.9,455,24565.3
"10456",2500,0.9,456,24689.5
"10457",2500,0.9,457,24676.4
"10458",2500,0.9,458,24751.3
"10459",2500,0.9,459,24725.4
"10460",2500,0.9,460,24823.5
"10461",2500,0.9,461,24549.5
"10462",2500,0.9,462,24586.7
"10463",2500,0.9,463,24539.9
"10464",2500,0.9,464,24494.6
"10465",2500,0.9,465,24674.5
"10466",2500,0.9,466,24952.9
"10467",2500,0.9,467,24756.3
"10468",2500,0.9,468,24397.2
"10469",2500,0.9,469,24549.4
"10470",2500,0.9,470,24982
"10471",2500,0.9,471,24552.9
"10472",2500,0.9,472,24479.6
"10473",2500,0.9,473,24851.6
"10474",2500,0.9,474,24989.1
"10475",2500,0.9,475,24558
"10476",2500,0.9,476,24495.6
"10477",2500,0.9,477,24470.9
"10478",2500,0.9,478,24202.2
"10479",2500,0.9,479,24296.5
"10480",2500,0.9,480,24537.6
"10481",2500,0.9,481,24562.8
"10482",2500,0.9,482,24866.2
"10483",2500,0.9,483,24755.6
"10484",2500,0.9,484,24931.6
"10485",2500,0.9,485,25125.3
"10486",2500,0.9,486,24822.5
"10487",2500,0.9,487,24402.6
"10488",2500,0.9,488,24803.5
"10489",2500,0.9,489,24511.2
"10490",2500,0.9,490,24699.2
"10491",2500,0.9,491,24517.7
"10492",2500,0.9,492,24537.6
"10493",2500,0.9,493,24821
"10494",2500,0.9,494,24949.3
"10495",2500,0.9,495,24267.5
"10496",2500,0.9,496,24475
"10497",2500,0.9,497,24032.6
"10498",2500,0.9,498,24360.6
"10499",2500,0.9,499,24107.1
"10500",2500,0.9,500,24371.6
"10501",2500,0.9,501,24601.4
"10502",2500,0.9,502,24653.2
"10503",2500,0.9,503,24561.5
"10504",2500,0.9,504,24636.1
"10505",2500,0.9,505,24471
"10506",2500,0.9,506,24504.5
"10507",2500,0.9,507,24563.7
"10508",2500,0.9,508,24652.2
"10509",2500,0.9,509,24564.2
"10510",2500,0.9,510,24202
"10511",2500,0.9,511,24632.8
"10512",2500,0.9,512,24925.5
"10513",2500,0.9,513,24741.7
"10514",2500,0.9,514,24476.7
"10515",2500,0.9,515,24467.8
"10516",2500,0.9,516,24447
"10517",2500,0.9,517,24576.3
"10518",2500,0.9,518,24265.3
"10519",2500,0.9,519,24446.6
"10520",2500,0.9,520,24292.9
"10521",2500,0.9,521,24519.9
"10522",2500,0.9,522,24511.6
"10523",2500,0.9,523,24793.3
"10524",2500,0.9,524,24569.1
"10525",2500,0.9,525,24962.3
"10526",2500,0.9,526,25233.8
"10527",2500,0.9,527,24247.5
"10528",2500,0.9,528,24212.9
"10529",2500,0.9,529,24726.7
"10530",2500,0.9,530,24694.6
"10531",2500,0.9,531,24488.5
"10532",2500,0.9,532,24376
"10533",2500,0.9,533,24487.5
"10534",2500,0.9,534,24465
"10535",2500,0.9,535,24625.6
"10536",2500,0.9,536,25197.4
"10537",2500,0.9,537,24475.9
"10538",2500,0.9,538,25042.2
"10539",2500,0.9,539,24593.3
"10540",2500,0.9,540,23956.4
"10541",2500,0.9,541,24290.9
"10542",2500,0.9,542,24446.3
"10543",2500,0.9,543,24746
"10544",2500,0.9,544,24322.7
"10545",2500,0.9,545,24192.9
"10546",2500,0.9,546,24320.3
"10547",2500,0.9,547,24915.2
"10548",2500,0.9,548,24544.1
"10549",2500,0.9,549,24388.2
"10550",2500,0.9,550,24625.3
"10551",2500,0.9,551,24515.9
"10552",2500,0.9,552,24707.6
"10553",2500,0.9,553,24770.7
"10554",2500,0.9,554,24588
"10555",2500,0.9,555,24835.5
"10556",2500,0.9,556,24602.9
"10557",2500,0.9,557,24278.3
"10558",2500,0.9,558,24768.1
"10559",2500,0.9,559,24270.2
"10560",2500,0.9,560,24573.1
"10561",2500,0.9,561,24308.4
"10562",2500,0.9,562,24525.6
"10563",2500,0.9,563,24971.7
"10564",2500,0.9,564,24807.5
"10565",2500,0.9,565,24655.2
"10566",2500,0.9,566,24522.8
"10567",2500,0.9,567,24669
"10568",2500,0.9,568,24606.9
"10569",2500,0.9,569,24395.5
"10570",2500,0.9,570,24538.2
"10571",2500,0.9,571,24476.6
"10572",2500,0.9,572,24436.8
"10573",2500,0.9,573,24847.6
"10574",2500,0.9,574,24821.1
"10575",2500,0.9,575,24797.9
"10576",2500,0.9,576,24740.2
"10577",2500,0.9,577,24698.5
"10578",2500,0.9,578,24384.5
"10579",2500,0.9,579,24464
"10580",2500,0.9,580,24739.6
"10581",2500,0.9,581,24962.1
"10582",2500,0.9,582,24570.3
"10583",2500,0.9,583,24478.5
"10584",2500,0.9,584,24669.4
"10585",2500,0.9,585,24401.1
"10586",2500,0.9,586,24711.3
"10587",2500,0.9,587,24404.6
"10588",2500,0.9,588,24915.9
"10589",2500,0.9,589,23992
"10590",2500,0.9,590,24523.5
"10591",2500,0.9,591,24145.4
"10592",2500,0.9,592,24487.1
"10593",2500,0.9,593,24182.6
"10594",2500,0.9,594,24637
"10595",2500,0.9,595,24605.1
"10596",2500,0.9,596,24833.1
"10597",2500,0.9,597,24541.8
"10598",2500,0.9,598,24631.6
"10599",2500,0.9,599,24584.6
"10600",2500,0.9,600,24456.9
"10601",2500,0.9,601,24915.4
"10602",2500,0.9,602,24258.8
"10603",2500,0.9,603,24478.6
"10604",2500,0.9,604,25011.7
"10605",2500,0.9,605,24625.3
"10606",2500,0.9,606,24364.3
"10607",2500,0.9,607,24367.3
"10608",2500,0.9,608,24737.4
"10609",2500,0.9,609,24799.4
"10610",2500,0.9,610,24751.3
"10611",2500,0.9,611,24662.2
"10612",2500,0.9,612,25164.6
"10613",2500,0.9,613,24508.4
"10614",2500,0.9,614,24205.2
"10615",2500,0.9,615,24364.9
"10616",2500,0.9,616,24595.4
"10617",2500,0.9,617,24724.5
"10618",2500,0.9,618,24560.2
"10619",2500,0.9,619,24422.2
"10620",2500,0.9,620,24588
"10621",2500,0.9,621,24256.4
"10622",2500,0.9,622,24234
"10623",2500,0.9,623,24505.4
"10624",2500,0.9,624,24703.3
"10625",2500,0.9,625,24286.4
"10626",2500,0.9,626,24513.3
"10627",2500,0.9,627,24718.8
"10628",2500,0.9,628,24518.1
"10629",2500,0.9,629,24910.4
"10630",2500,0.9,630,24422.7
"10631",2500,0.9,631,24784
"10632",2500,0.9,632,24186.9
"10633",2500,0.9,633,24493.1
"10634",2500,0.9,634,24088.8
"10635",2500,0.9,635,24429.5
"10636",2500,0.9,636,24724.6
"10637",2500,0.9,637,24868.2
"10638",2500,0.9,638,24626.3
"10639",2500,0.9,639,24495.6
"10640",2500,0.9,640,24989.6
"10641",2500,0.9,641,24541.7
"10642",2500,0.9,642,24869.9
"10643",2500,0.9,643,24798
"10644",2500,0.9,644,24736.6
"10645",2500,0.9,645,24712.8
"10646",2500,0.9,646,24768.6
"10647",2500,0.9,647,24528.9
"10648",2500,0.9,648,24777.4
"10649",2500,0.9,649,24613.6
"10650",2500,0.9,650,24679.6
"10651",2500,0.9,651,24824.4
"10652",2500,0.9,652,24947.2
"10653",2500,0.9,653,24849
"10654",2500,0.9,654,24542.8
"10655",2500,0.9,655,24379.2
"10656",2500,0.9,656,24261.1
"10657",2500,0.9,657,24480.7
"10658",2500,0.9,658,24820.5
"10659",2500,0.9,659,24568.8
"10660",2500,0.9,660,24319
"10661",2500,0.9,661,24880.2
"10662",2500,0.9,662,24578.3
"10663",2500,0.9,663,24830.2
"10664",2500,0.9,664,24836.1
"10665",2500,0.9,665,24939.2
"10666",2500,0.9,666,24783.7
"10667",2500,0.9,667,25007
"10668",2500,0.9,668,24411.9
"10669",2500,0.9,669,24469.9
"10670",2500,0.9,670,24594.5
"10671",2500,0.9,671,24992.9
"10672",2500,0.9,672,24414.2
"10673",2500,0.9,673,24658.4
"10674",2500,0.9,674,24437.9
"10675",2500,0.9,675,24592.4
"10676",2500,0.9,676,24880.7
"10677",2500,0.9,677,24761.4
"10678",2500,0.9,678,24442.8
"10679",2500,0.9,679,24368.3
"10680",2500,0.9,680,24491
"10681",2500,0.9,681,24413
"10682",2500,0.9,682,24848.1
"10683",2500,0.9,683,24369
"10684",2500,0.9,684,24432.8
"10685",2500,0.9,685,24530.1
"10686",2500,0.9,686,24475.4
"10687",2500,0.9,687,24462.5
"10688",2500,0.9,688,24676.7
"10689",2500,0.9,689,24714.4
"10690",2500,0.9,690,24675.3
"10691",2500,0.9,691,24773.7
"10692",2500,0.9,692,24709.8
"10693",2500,0.9,693,24517.8
"10694",2500,0.9,694,24162.1
"10695",2500,0.9,695,24137
"10696",2500,0.9,696,24498.8
"10697",2500,0.9,697,24101.7
"10698",2500,0.9,698,24341.4
"10699",2500,0.9,699,24264.9
"10700",2500,0.9,700,24420.7
"10701",2500,0.9,701,24578.4
"10702",2500,0.9,702,24596.4
"10703",2500,0.9,703,24681.8
"10704",2500,0.9,704,24819.9
"10705",2500,0.9,705,24430.1
"10706",2500,0.9,706,24206.7
"10707",2500,0.9,707,24518.1
"10708",2500,0.9,708,24416.9
"10709",2500,0.9,709,24758.6
"10710",2500,0.9,710,24678.6
"10711",2500,0.9,711,24274.6
"10712",2500,0.9,712,24540
"10713",2500,0.9,713,24226.8
"10714",2500,0.9,714,24697.8
"10715",2500,0.9,715,24963.9
"10716",2500,0.9,716,24460.7
"10717",2500,0.9,717,24232.5
"10718",2500,0.9,718,24562.3
"10719",2500,0.9,719,24372.3
"10720",2500,0.9,720,24207.8
"10721",2500,0.9,721,24218.2
"10722",2500,0.9,722,24201.5
"10723",2500,0.9,723,24687.7
"10724",2500,0.9,724,24530.5
"10725",2500,0.9,725,24789.2
"10726",2500,0.9,726,24619.3
"10727",2500,0.9,727,24613.4
"10728",2500,0.9,728,24826.2
"10729",2500,0.9,729,24675.4
"10730",2500,0.9,730,24713.8
"10731",2500,0.9,731,24669
"10732",2500,0.9,732,24610.5
"10733",2500,0.9,733,24734
"10734",2500,0.9,734,24697.6
"10735",2500,0.9,735,24699.4
"10736",2500,0.9,736,24779.1
"10737",2500,0.9,737,25090.8
"10738",2500,0.9,738,25163.3
"10739",2500,0.9,739,24900.3
"10740",2500,0.9,740,24241
"10741",2500,0.9,741,24211.8
"10742",2500,0.9,742,24354.6
"10743",2500,0.9,743,24270
"10744",2500,0.9,744,24538.1
"10745",2500,0.9,745,24366.1
"10746",2500,0.9,746,24328.9
"10747",2500,0.9,747,24770.2
"10748",2500,0.9,748,24864.4
"10749",2500,0.9,749,25045.4
"10750",2500,0.9,750,24919.8
"10751",2500,0.9,751,24569.7
"10752",2500,0.9,752,24789.7
"10753",2500,0.9,753,24727.8
"10754",2500,0.9,754,24906.3
"10755",2500,0.9,755,24293.8
"10756",2500,0.9,756,24292.5
"10757",2500,0.9,757,24560
"10758",2500,0.9,758,24521.2
"10759",2500,0.9,759,24365.7
"10760",2500,0.9,760,24272.2
"10761",2500,0.9,761,24479.6
"10762",2500,0.9,762,24093.5
"10763",2500,0.9,763,24149.5
"10764",2500,0.9,764,24017.8
"10765",2500,0.9,765,24274
"10766",2500,0.9,766,24503.4
"10767",2500,0.9,767,24727.3
"10768",2500,0.9,768,24299.5
"10769",2500,0.9,769,24691.2
"10770",2500,0.9,770,24432
"10771",2500,0.9,771,25009.7
"10772",2500,0.9,772,24935.8
"10773",2500,0.9,773,24724.2
"10774",2500,0.9,774,25101.8
"10775",2500,0.9,775,24713.6
"10776",2500,0.9,776,24542.5
"10777",2500,0.9,777,24948.9
"10778",2500,0.9,778,24896.5
"10779",2500,0.9,779,24429.6
"10780",2500,0.9,780,24794.2
"10781",2500,0.9,781,24522.8
"10782",2500,0.9,782,24827
"10783",2500,0.9,783,24495.9
"10784",2500,0.9,784,24334.7
"10785",2500,0.9,785,24684.9
"10786",2500,0.9,786,24421.5
"10787",2500,0.9,787,24600.6
"10788",2500,0.9,788,24699.7
"10789",2500,0.9,789,24815.8
"10790",2500,0.9,790,25248.7
"10791",2500,0.9,791,24495.6
"10792",2500,0.9,792,24988.4
"10793",2500,0.9,793,24878.9
"10794",2500,0.9,794,24177.4
"10795",2500,0.9,795,24049.8
"10796",2500,0.9,796,24297.5
"10797",2500,0.9,797,24574.6
"10798",2500,0.9,798,24853.6
"10799",2500,0.9,799,24307.1
"10800",2500,0.9,800,24906.2
"10801",2500,0.9,801,24632.6
"10802",2500,0.9,802,24083.6
"10803",2500,0.9,803,24697.2
"10804",2500,0.9,804,24558.6
"10805",2500,0.9,805,24581.4
"10806",2500,0.9,806,24647.3
"10807",2500,0.9,807,25109.8
"10808",2500,0.9,808,24577
"10809",2500,0.9,809,24595.6
"10810",2500,0.9,810,24766.9
"10811",2500,0.9,811,24981.1
"10812",2500,0.9,812,24733.2
"10813",2500,0.9,813,24732.7
"10814",2500,0.9,814,24540.4
"10815",2500,0.9,815,24267
"10816",2500,0.9,816,24149.3
"10817",2500,0.9,817,24696.1
"10818",2500,0.9,818,24466.9
"10819",2500,0.9,819,24830.4
"10820",2500,0.9,820,24617.6
"10821",2500,0.9,821,25092.3
"10822",2500,0.9,822,24677.1
"10823",2500,0.9,823,24480.2
"10824",2500,0.9,824,24673.1
"10825",2500,0.9,825,24341.3
"10826",2500,0.9,826,24617.3
"10827",2500,0.9,827,24592.5
"10828",2500,0.9,828,24557.5
"10829",2500,0.9,829,24563
"10830",2500,0.9,830,24627.5
"10831",2500,0.9,831,24831.8
"10832",2500,0.9,832,24613.4
"10833",2500,0.9,833,24350.5
"10834",2500,0.9,834,24935.6
"10835",2500,0.9,835,25031.7
"10836",2500,0.9,836,24293.5
"10837",2500,0.9,837,24327.4
"10838",2500,0.9,838,24409.5
"10839",2500,0.9,839,24875.1
"10840",2500,0.9,840,24439.8
"10841",2500,0.9,841,24979
"10842",2500,0.9,842,25013.2
"10843",2500,0.9,843,24543.2
"10844",2500,0.9,844,24819.2
"10845",2500,0.9,845,24517.9
"10846",2500,0.9,846,24543.3
"10847",2500,0.9,847,24433.6
"10848",2500,0.9,848,24598.2
"10849",2500,0.9,849,24704.5
"10850",2500,0.9,850,24281.6
"10851",2500,0.9,851,24562.1
"10852",2500,0.9,852,24416.2
"10853",2500,0.9,853,24726.3
"10854",2500,0.9,854,24675.1
"10855",2500,0.9,855,24363.5
"10856",2500,0.9,856,24804.8
"10857",2500,0.9,857,24843.5
"10858",2500,0.9,858,24355.1
"10859",2500,0.9,859,24457.6
"10860",2500,0.9,860,25030.2
"10861",2500,0.9,861,25196.5
"10862",2500,0.9,862,24762.6
"10863",2500,0.9,863,24648.1
"10864",2500,0.9,864,24312
"10865",2500,0.9,865,24841.3
"10866",2500,0.9,866,25042.5
"10867",2500,0.9,867,24354.7
"10868",2500,0.9,868,24155.8
"10869",2500,0.9,869,24473.2
"10870",2500,0.9,870,23893.5
"10871",2500,0.9,871,23936.1
"10872",2500,0.9,872,24342.8
"10873",2500,0.9,873,24067.2
"10874",2500,0.9,874,24232.1
"10875",2500,0.9,875,24737.3
"10876",2500,0.9,876,24538.1
"10877",2500,0.9,877,24686.2
"10878",2500,0.9,878,24724.5
"10879",2500,0.9,879,24704.9
"10880",2500,0.9,880,24761.5
"10881",2500,0.9,881,24673.7
"10882",2500,0.9,882,25101.2
"10883",2500,0.9,883,24250.4
"10884",2500,0.9,884,24422.4
"10885",2500,0.9,885,24057.3
"10886",2500,0.9,886,24144.3
"10887",2500,0.9,887,24440.2
"10888",2500,0.9,888,24379.2
"10889",2500,0.9,889,24406.3
"10890",2500,0.9,890,24523
"10891",2500,0.9,891,24616.9
"10892",2500,0.9,892,24772.9
"10893",2500,0.9,893,24397
"10894",2500,0.9,894,24560.6
"10895",2500,0.9,895,24483.6
"10896",2500,0.9,896,24463
"10897",2500,0.9,897,24202.4
"10898",2500,0.9,898,24291
"10899",2500,0.9,899,24599.4
"10900",2500,0.9,900,24705.8
"10901",2500,0.9,901,25185.6
"10902",2500,0.9,902,24721.4
"10903",2500,0.9,903,24597.9
"10904",2500,0.9,904,24394.6
"10905",2500,0.9,905,24095.2
"10906",2500,0.9,906,24063.3
"10907",2500,0.9,907,24321.7
"10908",2500,0.9,908,23777.4
"10909",2500,0.9,909,24240.2
"10910",2500,0.9,910,24536.5
"10911",2500,0.9,911,24592.6
"10912",2500,0.9,912,24836.5
"10913",2500,0.9,913,24592.4
"10914",2500,0.9,914,24912.7
"10915",2500,0.9,915,24672.3
"10916",2500,0.9,916,24472.1
"10917",2500,0.9,917,24183
"10918",2500,0.9,918,24097.7
"10919",2500,0.9,919,24554.9
"10920",2500,0.9,920,24591.9
"10921",2500,0.9,921,24735.9
"10922",2500,0.9,922,24731.6
"10923",2500,0.9,923,24778.1
"10924",2500,0.9,924,24736.4
"10925",2500,0.9,925,24700.5
"10926",2500,0.9,926,24745.2
"10927",2500,0.9,927,24483.5
"10928",2500,0.9,928,24661.8
"10929",2500,0.9,929,24700.3
"10930",2500,0.9,930,24750.9
"10931",2500,0.9,931,24384.5
"10932",2500,0.9,932,24535.4
"10933",2500,0.9,933,24608.9
"10934",2500,0.9,934,24560.5
"10935",2500,0.9,935,24544.5
"10936",2500,0.9,936,24181.5
"10937",2500,0.9,937,24278.3
"10938",2500,0.9,938,24329.6
"10939",2500,0.9,939,24885.2
"10940",2500,0.9,940,24572.1
"10941",2500,0.9,941,24987.1
"10942",2500,0.9,942,24899.9
"10943",2500,0.9,943,24786
"10944",2500,0.9,944,24948.3
"10945",2500,0.9,945,24546.7
"10946",2500,0.9,946,24499.4
"10947",2500,0.9,947,24424
"10948",2500,0.9,948,24543.3
"10949",2500,0.9,949,24481.7
"10950",2500,0.9,950,24924.4
"10951",2500,0.9,951,24707.9
"10952",2500,0.9,952,24760.5
"10953",2500,0.9,953,24671
"10954",2500,0.9,954,24650.3
"10955",2500,0.9,955,24750.5
"10956",2500,0.9,956,24740.7
"10957",2500,0.9,957,24879.1
"10958",2500,0.9,958,24611.4
"10959",2500,0.9,959,24547.1
"10960",2500,0.9,960,24534.6
"10961",2500,0.9,961,24872
"10962",2500,0.9,962,24683.3
"10963",2500,0.9,963,24638
"10964",2500,0.9,964,24648.2
"10965",2500,0.9,965,24776.9
"10966",2500,0.9,966,24952.5
"10967",2500,0.9,967,24850.8
"10968",2500,0.9,968,24938.8
"10969",2500,0.9,969,25291.5
"10970",2500,0.9,970,24814.6
"10971",2500,0.9,971,24815.1
"10972",2500,0.9,972,24334.6
"10973",2500,0.9,973,23891.7
"10974",2500,0.9,974,24248
"10975",2500,0.9,975,24134.2
"10976",2500,0.9,976,24469.3
"10977",2500,0.9,977,24277.4
"10978",2500,0.9,978,24139.7
"10979",2500,0.9,979,24519.3
"10980",2500,0.9,980,24772.3
"10981",2500,0.9,981,24806.7
"10982",2500,0.9,982,24892
"10983",2500,0.9,983,24610.6
"10984",2500,0.9,984,24549.2
"10985",2500,0.9,985,24190.9
"10986",2500,0.9,986,24325.7
"10987",2500,0.9,987,24746
"10988",2500,0.9,988,24568.9
"10989",2500,0.9,989,24498.6
"10990",2500,0.9,990,24930.1
"10991",2500,0.9,991,24677.9
"10992",2500,0.9,992,24710.2
"10993",2500,0.9,993,24853.2
"10994",2500,0.9,994,24815.8
"10995",2500,0.9,995,24812.9
"10996",2500,0.9,996,24646.8
"10997",2500,0.9,997,24887.9
"10998",2500,0.9,998,24641.4
"10999",2500,0.9,999,24578.9
"11000",2500,0.9,1000,23105.9
"11001",2500,0.9,1001,22270.7
"11002",2500,0.9,1002,21448.2
"11003",2500,0.9,1003,20933
"11004",2500,0.9,1004,20100.3
"11005",2500,0.9,1005,19808
"11006",2500,0.9,1006,19135.6
"11007",2500,0.9,1007,18258.2
"11008",2500,0.9,1008,17945.2
"11009",2500,0.9,1009,17404.8
"11010",2500,0.9,1010,17001.7
"11011",2500,0.9,1011,16844
"11012",2500,0.9,1012,16351
"11013",2500,0.9,1013,15908.9
"11014",2500,0.9,1014,15521.7
"11015",2500,0.9,1015,15357.9
"11016",2500,0.9,1016,15207.8
"11017",2500,0.9,1017,14752.2
"11018",2500,0.9,1018,14471.2
"11019",2500,0.9,1019,13939.9
"11020",2500,0.9,1020,14040.9
"11021",2500,0.9,1021,13585.1
"11022",2500,0.9,1022,13085.1
"11023",2500,0.9,1023,13168.8
"11024",2500,0.9,1024,13224.6
"11025",2500,0.9,1025,15371.6
"11026",2500,0.9,1026,14786.2
"11027",2500,0.9,1027,14230.5
"11028",2500,0.9,1028,13857.3
"11029",2500,0.9,1029,13382.1
"11030",2500,0.9,1030,13321.4
"11031",2500,0.9,1031,13196.9
"11032",2500,0.9,1032,13153.9
"11033",2500,0.9,1033,12822.7
"11034",2500,0.9,1034,12733.6
"11035",2500,0.9,1035,12479
"11036",2500,0.9,1036,12364.8
"11037",2500,0.9,1037,12024.9
"11038",2500,0.9,1038,11769.6
"11039",2500,0.9,1039,11602.5
"11040",2500,0.9,1040,11720.8
"11041",2500,0.9,1041,11636.6
"11042",2500,0.9,1042,11364
"11043",2500,0.9,1043,11477
"11044",2500,0.9,1044,11562.8
"11045",2500,0.9,1045,11357.7
"11046",2500,0.9,1046,10981.8
"11047",2500,0.9,1047,10888.4
"11048",2500,0.9,1048,10723
"11049",2500,0.9,1049,10815.5
"11050",2500,0.9,1050,10742.2
"11051",2500,0.9,1051,10552.8
"11052",2500,0.9,1052,10582.3
"11053",2500,0.9,1053,10468.4
"11054",2500,0.9,1054,10432.1
"11055",2500,0.9,1055,10199.5
"11056",2500,0.9,1056,10232
"11057",2500,0.9,1057,9994.9
"11058",2500,0.9,1058,10298.7
"11059",2500,0.9,1059,10242.9
"11060",2500,0.9,1060,10149.3
"11061",2500,0.9,1061,10462.3
"11062",2500,0.9,1062,10310.3
"11063",2500,0.9,1063,10446.8
"11064",2500,0.9,1064,10405.5
"11065",2500,0.9,1065,10452
"11066",2500,0.9,1066,10234.2
"11067",2500,0.9,1067,10169.6
"11068",2500,0.9,1068,10659
"11069",2500,0.9,1069,10649.2
"11070",2500,0.9,1070,10468.5
"11071",2500,0.9,1071,10216
"11072",2500,0.9,1072,10191.3
"11073",2500,0.9,1073,10312.2
"11074",2500,0.9,1074,10401.6
"11075",2500,0.9,1075,10564.2
"11076",2500,0.9,1076,10197
"11077",2500,0.9,1077,10142
"11078",2500,0.9,1078,10309.2
"11079",2500,0.9,1079,10110.9
"11080",2500,0.9,1080,10211.9
"11081",2500,0.9,1081,10598.7
"11082",2500,0.9,1082,10577
"11083",2500,0.9,1083,10810.6
"11084",2500,0.9,1084,10903.6
"11085",2500,0.9,1085,10862.5
"11086",2500,0.9,1086,10935.6
"11087",2500,0.9,1087,10802.4
"11088",2500,0.9,1088,10784.8
"11089",2500,0.9,1089,10946.7
"11090",2500,0.9,1090,11235.4
"11091",2500,0.9,1091,11199.8
"11092",2500,0.9,1092,11199.9
"11093",2500,0.9,1093,11315.8
"11094",2500,0.9,1094,11556.6
"11095",2500,0.9,1095,11459.9
"11096",2500,0.9,1096,11482.3
"11097",2500,0.9,1097,11470
"11098",2500,0.9,1098,11839.2
"11099",2500,0.9,1099,12037.4
"11100",2500,0.9,1100,12294.2
"11101",2500,0.9,1101,12449.7
"11102",2500,0.9,1102,12528.4
"11103",2500,0.9,1103,12519.5
"11104",2500,0.9,1104,12617.7
"11105",2500,0.9,1105,12917.2
"11106",2500,0.9,1106,12961.3
"11107",2500,0.9,1107,13022.7
"11108",2500,0.9,1108,13010.7
"11109",2500,0.9,1109,13541.7
"11110",2500,0.9,1110,13827.6
"11111",2500,0.9,1111,14247.7
"11112",2500,0.9,1112,14504.6
"11113",2500,0.9,1113,14583.5
"11114",2500,0.9,1114,14658.4
"11115",2500,0.9,1115,15122.5
"11116",2500,0.9,1116,15043.8
"11117",2500,0.9,1117,15376.3
"11118",2500,0.9,1118,15619.1
"11119",2500,0.9,1119,15743.9
"11120",2500,0.9,1120,15594.1
"11121",2500,0.9,1121,16131.9
"11122",2500,0.9,1122,16345
"11123",2500,0.9,1123,16577.5
"11124",2500,0.9,1124,16693.3
"11125",2500,0.9,1125,16775.9
"11126",2500,0.9,1126,17202.6
"11127",2500,0.9,1127,17584.5
"11128",2500,0.9,1128,18082.1
"11129",2500,0.9,1129,18292.6
"11130",2500,0.9,1130,18474.4
"11131",2500,0.9,1131,18703.7
"11132",2500,0.9,1132,19044.2
"11133",2500,0.9,1133,19452.2
"11134",2500,0.9,1134,19307.5
"11135",2500,0.9,1135,19805.2
"11136",2500,0.9,1136,20376.2
"11137",2500,0.9,1137,20503.1
"11138",2500,0.9,1138,20521.2
"11139",2500,0.9,1139,20990.2
"11140",2500,0.9,1140,21252.4
"11141",2500,0.9,1141,21477.7
"11142",2500,0.9,1142,21833.1
"11143",2500,0.9,1143,22200.7
"11144",2500,0.9,1144,22517.1
"11145",2500,0.9,1145,22608
"11146",2500,0.9,1146,23107.6
"11147",2500,0.9,1147,23452.1
"11148",2500,0.9,1148,23665.7
"11149",2500,0.9,1149,23288.3
"11150",2500,0.9,1150,23793.1
"11151",2500,0.9,1151,24377.9
"11152",2500,0.9,1152,23927.5
"11153",2500,0.9,1153,23911.2
"11154",2500,0.9,1154,24238.3
"11155",2500,0.9,1155,24673.7
"11156",2500,0.9,1156,24880.9
"11157",2500,0.9,1157,25043.9
"11158",2500,0.9,1158,24960.1
"11159",2500,0.9,1159,24519.6
"11160",2500,0.9,1160,24915.5
"11161",2500,0.9,1161,24599.1
"11162",2500,0.9,1162,24514.3
"11163",2500,0.9,1163,24750.8
"11164",2500,0.9,1164,24800.2
"11165",2500,0.9,1165,24182.9
"11166",2500,0.9,1166,24178.7
"11167",2500,0.9,1167,24692.7
"11168",2500,0.9,1168,24533.9
"11169",2500,0.9,1169,24814.9
"11170",2500,0.9,1170,24317.1
"11171",2500,0.9,1171,24494.7
"11172",2500,0.9,1172,24662.9
"11173",2500,0.9,1173,24847.3
"11174",2500,0.9,1174,24855
"11175",2500,0.9,1175,24804.7
"11176",2500,0.9,1176,24836.1
"11177",2500,0.9,1177,24752.6
"11178",2500,0.9,1178,24626.5
"11179",2500,0.9,1179,24907.5
"11180",2500,0.9,1180,24956.9
"11181",2500,0.9,1181,24965.4
"11182",2500,0.9,1182,24929.5
"11183",2500,0.9,1183,24556.5
"11184",2500,0.9,1184,24932.2
"11185",2500,0.9,1185,24623.9
"11186",2500,0.9,1186,25032.5
"11187",2500,0.9,1187,24607
"11188",2500,0.9,1188,24753.4
"11189",2500,0.9,1189,24683.2
"11190",2500,0.9,1190,24494.6
"11191",2500,0.9,1191,24644.9
"11192",2500,0.9,1192,24439.8
"11193",2500,0.9,1193,24846.8
"11194",2500,0.9,1194,24629.5
"11195",2500,0.9,1195,24795.2
"11196",2500,0.9,1196,24281.4
"11197",2500,0.9,1197,24202.4
"11198",2500,0.9,1198,25102.1
"11199",2500,0.9,1199,24496.4
"11200",2500,0.9,1200,24462.5
"11201",2500,0.9,1201,24217.7
"11202",2500,0.9,1202,24735.3
"11203",2500,0.9,1203,24962.2
"11204",2500,0.9,1204,25116.7
"11205",2500,0.9,1205,24499.5
"11206",2500,0.9,1206,24296.7
"11207",2500,0.9,1207,24475.4
"11208",2500,0.9,1208,24756.6
"11209",2500,0.9,1209,24631
"11210",2500,0.9,1210,24334.4
"11211",2500,0.9,1211,24436.6
"11212",2500,0.9,1212,24454.6
"11213",2500,0.9,1213,24804.8
"11214",2500,0.9,1214,24673.6
"11215",2500,0.9,1215,25002.9
"11216",2500,0.9,1216,24625.4
"11217",2500,0.9,1217,24455.3
"11218",2500,0.9,1218,25057.5
"11219",2500,0.9,1219,24978.2
"11220",2500,0.9,1220,24586.2
"11221",2500,0.9,1221,24768.8
"11222",2500,0.9,1222,25112.3
"11223",2500,0.9,1223,24784.5
"11224",2500,0.9,1224,24419.8
"11225",2500,0.9,1225,24631.4
"11226",2500,0.9,1226,24599.5
"11227",2500,0.9,1227,24662.4
"11228",2500,0.9,1228,24500.7
"11229",2500,0.9,1229,24711.4
"11230",2500,0.9,1230,25194.9
"11231",2500,0.9,1231,24726.1
"11232",2500,0.9,1232,24728.6
"11233",2500,0.9,1233,24552.1
"11234",2500,0.9,1234,24232
"11235",2500,0.9,1235,24698.8
"11236",2500,0.9,1236,24281.9
"11237",2500,0.9,1237,24900.9
"11238",2500,0.9,1238,25165.4
"11239",2500,0.9,1239,24535.1
"11240",2500,0.9,1240,24278
"11241",2500,0.9,1241,24296.9
"11242",2500,0.9,1242,24623.7
"11243",2500,0.9,1243,24992.6
"11244",2500,0.9,1244,24808.5
"11245",2500,0.9,1245,24823.8
"11246",2500,0.9,1246,24843.5
"11247",2500,0.9,1247,25087.1
"11248",2500,0.9,1248,24413.6
"11249",2500,0.9,1249,24132.2
"11250",2500,0.9,1250,24542.8
"11251",2500,0.9,1251,24755.5
"11252",2500,0.9,1252,24636.4
"11253",2500,0.9,1253,24882.2
"11254",2500,0.9,1254,24807.6
"11255",2500,0.9,1255,24693.3
"11256",2500,0.9,1256,24726.5
"11257",2500,0.9,1257,24656.6
"11258",2500,0.9,1258,24847.1
"11259",2500,0.9,1259,24578.2
"11260",2500,0.9,1260,24862.2
"11261",2500,0.9,1261,25208.7
"11262",2500,0.9,1262,24628.7
"11263",2500,0.9,1263,24720
"11264",2500,0.9,1264,24300.1
"11265",2500,0.9,1265,24562
"11266",2500,0.9,1266,25292
"11267",2500,0.9,1267,24947.3
"11268",2500,0.9,1268,24619
"11269",2500,0.9,1269,24684.2
"11270",2500,0.9,1270,24414.2
"11271",2500,0.9,1271,24795.7
"11272",2500,0.9,1272,24656.9
"11273",2500,0.9,1273,24497.9
"11274",2500,0.9,1274,24936.5
"11275",2500,0.9,1275,24801.8
"11276",2500,0.9,1276,24762.1
"11277",2500,0.9,1277,25030.3
"11278",2500,0.9,1278,25066.5
"11279",2500,0.9,1279,25015.8
"11280",2500,0.9,1280,24680.5
"11281",2500,0.9,1281,24743.6
"11282",2500,0.9,1282,24910.1
"11283",2500,0.9,1283,24753.3
"11284",2500,0.9,1284,25427
"11285",2500,0.9,1285,24432
"11286",2500,0.9,1286,24720.5
"11287",2500,0.9,1287,24522.5
"11288",2500,0.9,1288,24833
"11289",2500,0.9,1289,24991.6
"11290",2500,0.9,1290,24989.6
"11291",2500,0.9,1291,25000.5
"11292",2500,0.9,1292,24652.4
"11293",2500,0.9,1293,24875.5
"11294",2500,0.9,1294,25166
"11295",2500,0.9,1295,24815.3
"11296",2500,0.9,1296,24625.7
"11297",2500,0.9,1297,24156.6
"11298",2500,0.9,1298,24296.6
"11299",2500,0.9,1299,24304.7
"11300",2500,0.9,1300,24727.4
"11301",2500,0.9,1301,24743.7
"11302",2500,0.9,1302,24484.1
"11303",2500,0.9,1303,24940.6
"11304",2500,0.9,1304,24938.1
"11305",2500,0.9,1305,24752
"11306",2500,0.9,1306,24855
"11307",2500,0.9,1307,25129.9
"11308",2500,0.9,1308,24866.2
"11309",2500,0.9,1309,24357.7
"11310",2500,0.9,1310,25111.8
"11311",2500,0.9,1311,24428.5
"11312",2500,0.9,1312,24295.7
"11313",2500,0.9,1313,24621.4
"11314",2500,0.9,1314,24605.6
"11315",2500,0.9,1315,24609.2
"11316",2500,0.9,1316,24955.4
"11317",2500,0.9,1317,24892.5
"11318",2500,0.9,1318,24614.5
"11319",2500,0.9,1319,24356.2
"11320",2500,0.9,1320,24500.3
"11321",2500,0.9,1321,24880.7
"11322",2500,0.9,1322,24926.9
"11323",2500,0.9,1323,24568.7
"11324",2500,0.9,1324,24769.6
"11325",2500,0.9,1325,24396.6
"11326",2500,0.9,1326,24526.9
"11327",2500,0.9,1327,24340.6
"11328",2500,0.9,1328,24678.7
"11329",2500,0.9,1329,24624.4
"11330",2500,0.9,1330,24792.3
"11331",2500,0.9,1331,25208.5
"11332",2500,0.9,1332,24724.6
"11333",2500,0.9,1333,24587.2
"11334",2500,0.9,1334,24830.9
"11335",2500,0.9,1335,24906.3
"11336",2500,0.9,1336,24957.5
"11337",2500,0.9,1337,24689.3
"11338",2500,0.9,1338,24865.8
"11339",2500,0.9,1339,25059.2
"11340",2500,0.9,1340,25296.8
"11341",2500,0.9,1341,24785.3
"11342",2500,0.9,1342,24974.1
"11343",2500,0.9,1343,24809.6
"11344",2500,0.9,1344,24068.6
"11345",2500,0.9,1345,24496.2
"11346",2500,0.9,1346,24830.3
"11347",2500,0.9,1347,24714.3
"11348",2500,0.9,1348,25159
"11349",2500,0.9,1349,24720.5
"11350",2500,0.9,1350,24353.4
"11351",2500,0.9,1351,24399.7
"11352",2500,0.9,1352,24539.5
"11353",2500,0.9,1353,24782.5
"11354",2500,0.9,1354,25800
"11355",2500,0.9,1355,23990.4
"11356",2500,0.9,1356,24303.4
"11357",2500,0.9,1357,24174.6
"11358",2500,0.9,1358,24351.6
"11359",2500,0.9,1359,24611.9
"11360",2500,0.9,1360,24479.9
"11361",2500,0.9,1361,24665.5
"11362",2500,0.9,1362,24696.6
"11363",2500,0.9,1363,25374.3
"11364",2500,0.9,1364,24675
"11365",2500,0.9,1365,24874.8
"11366",2500,0.9,1366,24851
"11367",2500,0.9,1367,24791.4
"11368",2500,0.9,1368,24443.7
"11369",2500,0.9,1369,24974
"11370",2500,0.9,1370,24802.5
"11371",2500,0.9,1371,25130.1
"11372",2500,0.9,1372,24521.8
"11373",2500,0.9,1373,24996.8
"11374",2500,0.9,1374,24907.5
"11375",2500,0.9,1375,24451.9
"11376",2500,0.9,1376,24242.4
"11377",2500,0.9,1377,24322
"11378",2500,0.9,1378,25025.4
"11379",2500,0.9,1379,24740.5
"11380",2500,0.9,1380,24115.6
"11381",2500,0.9,1381,24692.4
"11382",2500,0.9,1382,24675.7
"11383",2500,0.9,1383,24219.6
"11384",2500,0.9,1384,24758.6
"11385",2500,0.9,1385,24913.1
"11386",2500,0.9,1386,24435.9
"11387",2500,0.9,1387,24702.3
"11388",2500,0.9,1388,24551.1
"11389",2500,0.9,1389,24905.2
"11390",2500,0.9,1390,24775.4
"11391",2500,0.9,1391,24475.6
"11392",2500,0.9,1392,24458.2
"11393",2500,0.9,1393,25184.9
"11394",2500,0.9,1394,24739.3
"11395",2500,0.9,1395,24919.9
"11396",2500,0.9,1396,24941.1
"11397",2500,0.9,1397,24716.7
"11398",2500,0.9,1398,24382.3
"11399",2500,0.9,1399,24778.4
"11400",2500,0.9,1400,24725.4
"11401",2500,0.9,1401,24927.5
"11402",2500,0.9,1402,24757.5
"11403",2500,0.9,1403,24649.8
"11404",2500,0.9,1404,25088.7
"11405",2500,0.9,1405,24852.3
"11406",2500,0.9,1406,25016.9
"11407",2500,0.9,1407,24665.7
"11408",2500,0.9,1408,24433.9
"11409",2500,0.9,1409,24561.6
"11410",2500,0.9,1410,24926.5
"11411",2500,0.9,1411,25158.8
"11412",2500,0.9,1412,25166.3
"11413",2500,0.9,1413,24898.1
"11414",2500,0.9,1414,24925.2
"11415",2500,0.9,1415,24141
"11416",2500,0.9,1416,24277.8
"11417",2500,0.9,1417,24262.7
"11418",2500,0.9,1418,24423.1
"11419",2500,0.9,1419,24671.1
"11420",2500,0.9,1420,24758.1
"11421",2500,0.9,1421,24861.8
"11422",2500,0.9,1422,24188.5
"11423",2500,0.9,1423,25045.2
"11424",2500,0.9,1424,24621
"11425",2500,0.9,1425,24784.3
"11426",2500,0.9,1426,24559.3
"11427",2500,0.9,1427,24726.7
"11428",2500,0.9,1428,24323.6
"11429",2500,0.9,1429,24888.9
"11430",2500,0.9,1430,24114.1
"11431",2500,0.9,1431,24352.6
"11432",2500,0.9,1432,24348.8
"11433",2500,0.9,1433,24304.3
"11434",2500,0.9,1434,24126.3
"11435",2500,0.9,1435,23963.3
"11436",2500,0.9,1436,24587.3
"11437",2500,0.9,1437,24812.9
"11438",2500,0.9,1438,24730.2
"11439",2500,0.9,1439,24735.7
"11440",2500,0.9,1440,25191.6
"11441",2500,0.9,1441,24711.7
"11442",2500,0.9,1442,24763.9
"11443",2500,0.9,1443,25026.5
"11444",2500,0.9,1444,24884.4
"11445",2500,0.9,1445,24606.4
"11446",2500,0.9,1446,24417.4
"11447",2500,0.9,1447,24152.3
"11448",2500,0.9,1448,24342
"11449",2500,0.9,1449,24368.6
"11450",2500,0.9,1450,24748.2
"11451",2500,0.9,1451,24908.2
"11452",2500,0.9,1452,24691.3
"11453",2500,0.9,1453,24861.8
"11454",2500,0.9,1454,24935.9
"11455",2500,0.9,1455,24744.7
"11456",2500,0.9,1456,24679.3
"11457",2500,0.9,1457,24567.4
"11458",2500,0.9,1458,24964.7
"11459",2500,0.9,1459,24809.1
"11460",2500,0.9,1460,24547
"11461",2500,0.9,1461,24894.1
"11462",2500,0.9,1462,25298.5
"11463",2500,0.9,1463,24772
"11464",2500,0.9,1464,24511.9
"11465",2500,0.9,1465,24667.2
"11466",2500,0.9,1466,24404.2
"11467",2500,0.9,1467,24525.2
"11468",2500,0.9,1468,24603.1
"11469",2500,0.9,1469,24369.6
"11470",2500,0.9,1470,24064.7
"11471",2500,0.9,1471,24766.6
"11472",2500,0.9,1472,24531.2
"11473",2500,0.9,1473,24762.9
"11474",2500,0.9,1474,24583.8
"11475",2500,0.9,1475,24824.1
"11476",2500,0.9,1476,24791.9
"11477",2500,0.9,1477,24781.4
"11478",2500,0.9,1478,25428.3
"11479",2500,0.9,1479,24611.7
"11480",2500,0.9,1480,24305.1
"11481",2500,0.9,1481,24248.4
"11482",2500,0.9,1482,24336.8
"11483",2500,0.9,1483,24928.2
"11484",2500,0.9,1484,24695
"11485",2500,0.9,1485,25126.5
"11486",2500,0.9,1486,24515
"11487",2500,0.9,1487,24356.7
"11488",2500,0.9,1488,23995.2
"11489",2500,0.9,1489,24046
"11490",2500,0.9,1490,24535.1
"11491",2500,0.9,1491,24629.4
"11492",2500,0.9,1492,25085.7
"11493",2500,0.9,1493,24914.9
"11494",2500,0.9,1494,24950.8
"11495",2500,0.9,1495,24460.8
"11496",2500,0.9,1496,25131.7
"11497",2500,0.9,1497,24767.4
"11498",2500,0.9,1498,24344.7
"11499",2500,0.9,1499,24556.8
"11500",2500,0.9,1500,24497.8
"11501",2500,0.9,1501,24072.5
"11502",2500,0.9,1502,23965.1
"11503",2500,0.9,1503,24629.8
"11504",2500,0.9,1504,24742.6
"11505",2500,0.9,1505,25275.4
"11506",2500,0.9,1506,24973.3
"11507",2500,0.9,1507,24776.6
"11508",2500,0.9,1508,24904.7
"11509",2500,0.9,1509,24520.5
"11510",2500,0.9,1510,24655.9
"11511",2500,0.9,1511,24577.3
"11512",2500,0.9,1512,24552.6
"11513",2500,0.9,1513,25006
"11514",2500,0.9,1514,24503.4
"11515",2500,0.9,1515,24801.9
"11516",2500,0.9,1516,24407.8
"11517",2500,0.9,1517,24246.4
"11518",2500,0.9,1518,24359.3
"11519",2500,0.9,1519,24833
"11520",2500,0.9,1520,24771.7
"11521",2500,0.9,1521,24781.6
"11522",2500,0.9,1522,25292.6
"11523",2500,0.9,1523,24354.2
"11524",2500,0.9,1524,24392.6
"11525",2500,0.9,1525,24337.4
"11526",2500,0.9,1526,24751.2
"11527",2500,0.9,1527,24258.5
"11528",2500,0.9,1528,24134.6
"11529",2500,0.9,1529,24682.8
"11530",2500,0.9,1530,24646.8
"11531",2500,0.9,1531,24508
"11532",2500,0.9,1532,24705.4
"11533",2500,0.9,1533,25197.4
"11534",2500,0.9,1534,25168.5
"11535",2500,0.9,1535,24329.4
"11536",2500,0.9,1536,24534
"11537",2500,0.9,1537,24647
"11538",2500,0.9,1538,24828.9
"11539",2500,0.9,1539,24751.2
"11540",2500,0.9,1540,24746.9
"11541",2500,0.9,1541,24666.8
"11542",2500,0.9,1542,25476.1
"11543",2500,0.9,1543,24591
"11544",2500,0.9,1544,24526.2
"11545",2500,0.9,1545,24581.5
"11546",2500,0.9,1546,24332.5
"11547",2500,0.9,1547,24725.4
"11548",2500,0.9,1548,24755.3
"11549",2500,0.9,1549,25071.7
"11550",2500,0.9,1550,24175.2
"11551",2500,0.9,1551,24470
"11552",2500,0.9,1552,24705.8
"11553",2500,0.9,1553,24453
"11554",2500,0.9,1554,24818.2
"11555",2500,0.9,1555,24901.1
"11556",2500,0.9,1556,25267.1
"11557",2500,0.9,1557,24252
"11558",2500,0.9,1558,24625.9
"11559",2500,0.9,1559,24456.6
"11560",2500,0.9,1560,24371.1
"11561",2500,0.9,1561,24761.3
"11562",2500,0.9,1562,24414.6
"11563",2500,0.9,1563,24640.4
"11564",2500,0.9,1564,25019.4
"11565",2500,0.9,1565,25151.6
"11566",2500,0.9,1566,24545.4
"11567",2500,0.9,1567,24772.2
"11568",2500,0.9,1568,24885.8
"11569",2500,0.9,1569,24483.4
"11570",2500,0.9,1570,24602
"11571",2500,0.9,1571,24736.4
"11572",2500,0.9,1572,24650.8
"11573",2500,0.9,1573,24889.3
"11574",2500,0.9,1574,24723.9
"11575",2500,0.9,1575,25407.4
"11576",2500,0.9,1576,24515.4
"11577",2500,0.9,1577,24672.2
"11578",2500,0.9,1578,25098.9
"11579",2500,0.9,1579,24806.8
"11580",2500,0.9,1580,24783.4
"11581",2500,0.9,1581,24746.7
"11582",2500,0.9,1582,24920.6
"11583",2500,0.9,1583,24894.6
"11584",2500,0.9,1584,24390.5
"11585",2500,0.9,1585,24544.1
"11586",2500,0.9,1586,24297.8
"11587",2500,0.9,1587,24621.5
"11588",2500,0.9,1588,24438.2
"11589",2500,0.9,1589,24185.6
"11590",2500,0.9,1590,24442.4
"11591",2500,0.9,1591,24647.2
"11592",2500,0.9,1592,24747.7
"11593",2500,0.9,1593,25007.9
"11594",2500,0.9,1594,24932.1
"11595",2500,0.9,1595,24944.9
"11596",2500,0.9,1596,24980.9
"11597",2500,0.9,1597,25001.1
"11598",2500,0.9,1598,24659.5
"11599",2500,0.9,1599,25132.3
"11600",2500,0.9,1600,25299.1
"11601",2500,0.9,1601,24489.8
"11602",2500,0.9,1602,24709.1
"11603",2500,0.9,1603,24651.6
"11604",2500,0.9,1604,24727.8
"11605",2500,0.9,1605,24780.7
"11606",2500,0.9,1606,24868.1
"11607",2500,0.9,1607,24908.9
"11608",2500,0.9,1608,24789.1
"11609",2500,0.9,1609,24422.5
"11610",2500,0.9,1610,24707.1
"11611",2500,0.9,1611,24757.5
"11612",2500,0.9,1612,25108.3
"11613",2500,0.9,1613,24267.4
"11614",2500,0.9,1614,24224.2
"11615",2500,0.9,1615,24501
"11616",2500,0.9,1616,24387.1
"11617",2500,0.9,1617,24866.8
"11618",2500,0.9,1618,24871.8
"11619",2500,0.9,1619,25005.5
"11620",2500,0.9,1620,24484.4
"11621",2500,0.9,1621,24643.5
"11622",2500,0.9,1622,24714.3
"11623",2500,0.9,1623,24801.5
"11624",2500,0.9,1624,25323.6
"11625",2500,0.9,1625,24117.5
"11626",2500,0.9,1626,24366.6
"11627",2500,0.9,1627,24558.1
"11628",2500,0.9,1628,24629.7
"11629",2500,0.9,1629,24774.6
"11630",2500,0.9,1630,24841.3
"11631",2500,0.9,1631,25312.9
"11632",2500,0.9,1632,24496.9
"11633",2500,0.9,1633,24246.5
"11634",2500,0.9,1634,24666.4
"11635",2500,0.9,1635,24367.2
"11636",2500,0.9,1636,24200.9
"11637",2500,0.9,1637,24625.6
"11638",2500,0.9,1638,24064.5
"11639",2500,0.9,1639,24619
"11640",2500,0.9,1640,24934.9
"11641",2500,0.9,1641,24430.9
"11642",2500,0.9,1642,24359
"11643",2500,0.9,1643,24862.7
"11644",2500,0.9,1644,24573.8
"11645",2500,0.9,1645,24805.3
"11646",2500,0.9,1646,24867.5
"11647",2500,0.9,1647,24691
"11648",2500,0.9,1648,24537.9
"11649",2500,0.9,1649,24711.4
"11650",2500,0.9,1650,24669.3
"11651",2500,0.9,1651,25364.5
"11652",2500,0.9,1652,24879.4
"11653",2500,0.9,1653,24359.5
"11654",2500,0.9,1654,24473.9
"11655",2500,0.9,1655,24393.4
"11656",2500,0.9,1656,24596.2
"11657",2500,0.9,1657,24468.7
"11658",2500,0.9,1658,24418.8
"11659",2500,0.9,1659,24700.4
"11660",2500,0.9,1660,23923.1
"11661",2500,0.9,1661,24404.8
"11662",2500,0.9,1662,24319.7
"11663",2500,0.9,1663,24942.5
"11664",2500,0.9,1664,24494.1
"11665",2500,0.9,1665,24712.4
"11666",2500,0.9,1666,25138.5
"11667",2500,0.9,1667,24818.1
"11668",2500,0.9,1668,24769.2
"11669",2500,0.9,1669,25073.9
"11670",2500,0.9,1670,24949.2
"11671",2500,0.9,1671,24340.3
"11672",2500,0.9,1672,24387.5
"11673",2500,0.9,1673,24666
"11674",2500,0.9,1674,24667.2
"11675",2500,0.9,1675,24842
"11676",2500,0.9,1676,24793.1
"11677",2500,0.9,1677,25338.6
"11678",2500,0.9,1678,24250.4
"11679",2500,0.9,1679,24474.3
"11680",2500,0.9,1680,25015.6
"11681",2500,0.9,1681,24602.2
"11682",2500,0.9,1682,24835.1
"11683",2500,0.9,1683,24900.5
"11684",2500,0.9,1684,25052.6
"11685",2500,0.9,1685,24387.7
"11686",2500,0.9,1686,24829.8
"11687",2500,0.9,1687,24911.4
"11688",2500,0.9,1688,24491.1
"11689",2500,0.9,1689,24032.3
"11690",2500,0.9,1690,24567.9
"11691",2500,0.9,1691,24566.5
"11692",2500,0.9,1692,24760.1
"11693",2500,0.9,1693,24230.5
"11694",2500,0.9,1694,24545.4
"11695",2500,0.9,1695,24390.2
"11696",2500,0.9,1696,25166.2
"11697",2500,0.9,1697,24894.3
"11698",2500,0.9,1698,24068
"11699",2500,0.9,1699,24285.8
"11700",2500,0.9,1700,25055.5
"11701",2500,0.9,1701,24604.3
"11702",2500,0.9,1702,24815.8
"11703",2500,0.9,1703,24703.8
"11704",2500,0.9,1704,24751.7
"11705",2500,0.9,1705,24098.1
"11706",2500,0.9,1706,24959.4
"11707",2500,0.9,1707,24721.3
"11708",2500,0.9,1708,25115
"11709",2500,0.9,1709,24752.2
"11710",2500,0.9,1710,24849.3
"11711",2500,0.9,1711,24326.9
"11712",2500,0.9,1712,24518.2
"11713",2500,0.9,1713,25200.2
"11714",2500,0.9,1714,24031.9
"11715",2500,0.9,1715,24855.9
"11716",2500,0.9,1716,24408.6
"11717",2500,0.9,1717,24684.4
"11718",2500,0.9,1718,24489.8
"11719",2500,0.9,1719,25133.2
"11720",2500,0.9,1720,24440.8
"11721",2500,0.9,1721,24532.6
"11722",2500,0.9,1722,24758
"11723",2500,0.9,1723,24640.1
"11724",2500,0.9,1724,24627.6
"11725",2500,0.9,1725,24271.8
"11726",2500,0.9,1726,24827.5
"11727",2500,0.9,1727,24640.9
"11728",2500,0.9,1728,24482.8
"11729",2500,0.9,1729,24585.5
"11730",2500,0.9,1730,25471.5
"11731",2500,0.9,1731,24715.5
"11732",2500,0.9,1732,24979
"11733",2500,0.9,1733,24491.6
"11734",2500,0.9,1734,24903.2
"11735",2500,0.9,1735,24737.2
"11736",2500,0.9,1736,24579
"11737",2500,0.9,1737,24427
"11738",2500,0.9,1738,24165.5
"11739",2500,0.9,1739,23936.6
"11740",2500,0.9,1740,24441.7
"11741",2500,0.9,1741,24262.5
"11742",2500,0.9,1742,24849.7
"11743",2500,0.9,1743,25275.2
"11744",2500,0.9,1744,24822.6
"11745",2500,0.9,1745,24660.3
"11746",2500,0.9,1746,25087.5
"11747",2500,0.9,1747,25136.4
"11748",2500,0.9,1748,24605
"11749",2500,0.9,1749,24094.4
"11750",2500,0.9,1750,24320.5
"11751",2500,0.9,1751,24598.6
"11752",2500,0.9,1752,25005.1
"11753",2500,0.9,1753,24155.4
"11754",2500,0.9,1754,24421.8
"11755",2500,0.9,1755,24762.8
"11756",2500,0.9,1756,24614.6
"11757",2500,0.9,1757,24342.2
"11758",2500,0.9,1758,24182.2
"11759",2500,0.9,1759,24274.7
"11760",2500,0.9,1760,24687.9
"11761",2500,0.9,1761,25351.7
"11762",2500,0.9,1762,23997.9
"11763",2500,0.9,1763,23945.3
"11764",2500,0.9,1764,24288.8
"11765",2500,0.9,1765,24493.7
"11766",2500,0.9,1766,24339.3
"11767",2500,0.9,1767,24875.1
"11768",2500,0.9,1768,24719.5
"11769",2500,0.9,1769,24705
"11770",2500,0.9,1770,24822.7
"11771",2500,0.9,1771,24478.5
"11772",2500,0.9,1772,25076.8
"11773",2500,0.9,1773,24351.8
"11774",2500,0.9,1774,24499.8
"11775",2500,0.9,1775,24785.2
"11776",2500,0.9,1776,24271.4
"11777",2500,0.9,1777,24626
"11778",2500,0.9,1778,24527.3
"11779",2500,0.9,1779,24451.1
"11780",2500,0.9,1780,24777.6
"11781",2500,0.9,1781,24707.2
"11782",2500,0.9,1782,24971.7
"11783",2500,0.9,1783,24656.8
"11784",2500,0.9,1784,24720.8
"11785",2500,0.9,1785,24264.7
"11786",2500,0.9,1786,24620.8
"11787",2500,0.9,1787,25107.5
"11788",2500,0.9,1788,24377.8
"11789",2500,0.9,1789,24268.5
"11790",2500,0.9,1790,24695.2
"11791",2500,0.9,1791,24646.1
"11792",2500,0.9,1792,25179.5
"11793",2500,0.9,1793,24697.6
"11794",2500,0.9,1794,24916.5
"11795",2500,0.9,1795,24763
"11796",2500,0.9,1796,25220.7
"11797",2500,0.9,1797,24792.4
"11798",2500,0.9,1798,24523.1
"11799",2500,0.9,1799,24842.3
"11800",2500,0.9,1800,24892.2
"11801",2500,0.9,1801,24729.5
"11802",2500,0.9,1802,25162.9
"11803",2500,0.9,1803,25001
"11804",2500,0.9,1804,24348.3
"11805",2500,0.9,1805,24329.9
"11806",2500,0.9,1806,24393.1
"11807",2500,0.9,1807,24292.9
"11808",2500,0.9,1808,24457.7
"11809",2500,0.9,1809,24732.1
"11810",2500,0.9,1810,24444.1
"11811",2500,0.9,1811,24423.9
"11812",2500,0.9,1812,24752.9
"11813",2500,0.9,1813,24508
"11814",2500,0.9,1814,25203.4
"11815",2500,0.9,1815,24702.5
"11816",2500,0.9,1816,24432.8
"11817",2500,0.9,1817,24655.9
"11818",2500,0.9,1818,24312.6
"11819",2500,0.9,1819,24879.5
"11820",2500,0.9,1820,24996.5
"11821",2500,0.9,1821,25174.3
"11822",2500,0.9,1822,24644.4
"11823",2500,0.9,1823,24871.5
"11824",2500,0.9,1824,24933.8
"11825",2500,0.9,1825,24821
"11826",2500,0.9,1826,24423.9
"11827",2500,0.9,1827,24663
"11828",2500,0.9,1828,25134.5
"11829",2500,0.9,1829,25463.3
"11830",2500,0.9,1830,24712.3
"11831",2500,0.9,1831,24482.2
"11832",2500,0.9,1832,24421
"11833",2500,0.9,1833,24420.6
"11834",2500,0.9,1834,24660.1
"11835",2500,0.9,1835,24601.5
"11836",2500,0.9,1836,24812
"11837",2500,0.9,1837,24910.6
"11838",2500,0.9,1838,24452.7
"11839",2500,0.9,1839,24619.5
"11840",2500,0.9,1840,24734.5
"11841",2500,0.9,1841,24180.9
"11842",2500,0.9,1842,24451.9
"11843",2500,0.9,1843,24372.4
"11844",2500,0.9,1844,24752
"11845",2500,0.9,1845,24397
"11846",2500,0.9,1846,24671.5
"11847",2500,0.9,1847,24729.8
"11848",2500,0.9,1848,25519.4
"11849",2500,0.9,1849,24761
"11850",2500,0.9,1850,24416.7
"11851",2500,0.9,1851,24456.9
"11852",2500,0.9,1852,24408.8
"11853",2500,0.9,1853,24593.2
"11854",2500,0.9,1854,24705.3
"11855",2500,0.9,1855,24155
"11856",2500,0.9,1856,24438.4
"11857",2500,0.9,1857,24607.3
"11858",2500,0.9,1858,24744.8
"11859",2500,0.9,1859,24036.8
"11860",2500,0.9,1860,24604
"11861",2500,0.9,1861,24571.5
"11862",2500,0.9,1862,24243.9
"11863",2500,0.9,1863,24641.8
"11864",2500,0.9,1864,24844.6
"11865",2500,0.9,1865,24698.3
"11866",2500,0.9,1866,24941.8
"11867",2500,0.9,1867,24771.1
"11868",2500,0.9,1868,25272.4
"11869",2500,0.9,1869,24797.3
"11870",2500,0.9,1870,24682.6
"11871",2500,0.9,1871,24792.8
"11872",2500,0.9,1872,25108.3
"11873",2500,0.9,1873,24772.3
"11874",2500,0.9,1874,24540.5
"11875",2500,0.9,1875,24810.8
"11876",2500,0.9,1876,24424.7
"11877",2500,0.9,1877,24773.6
"11878",2500,0.9,1878,24293.7
"11879",2500,0.9,1879,24529.9
"11880",2500,0.9,1880,24595.9
"11881",2500,0.9,1881,24719.7
"11882",2500,0.9,1882,24640.9
"11883",2500,0.9,1883,25627
"11884",2500,0.9,1884,24691.6
"11885",2500,0.9,1885,24380.7
"11886",2500,0.9,1886,24876.9
"11887",2500,0.9,1887,24451.8
"11888",2500,0.9,1888,24931.3
"11889",2500,0.9,1889,24938.4
"11890",2500,0.9,1890,24698.6
"11891",2500,0.9,1891,24858.2
"11892",2500,0.9,1892,24592.4
"11893",2500,0.9,1893,24627.4
"11894",2500,0.9,1894,24671.6
"11895",2500,0.9,1895,24983.7
"11896",2500,0.9,1896,24962.2
"11897",2500,0.9,1897,25091.9
"11898",2500,0.9,1898,24592.9
"11899",2500,0.9,1899,24637.5
"11900",2500,0.9,1900,25115.4
"11901",2500,0.9,1901,24156.1
"11902",2500,0.9,1902,24329.8
"11903",2500,0.9,1903,24271.9
"11904",2500,0.9,1904,24775.2
"11905",2500,0.9,1905,24332.8
"11906",2500,0.9,1906,24585.3
"11907",2500,0.9,1907,25310.1
"11908",2500,0.9,1908,24570.1
"11909",2500,0.9,1909,24422.6
"11910",2500,0.9,1910,24377.8
"11911",2500,0.9,1911,24688.9
"11912",2500,0.9,1912,24630.8
"11913",2500,0.9,1913,25233.2
"11914",2500,0.9,1914,25345.2
"11915",2500,0.9,1915,24539.4
"11916",2500,0.9,1916,24339.4
"11917",2500,0.9,1917,24621.8
"11918",2500,0.9,1918,24762.7
"11919",2500,0.9,1919,24257.3
"11920",2500,0.9,1920,24908.3
"11921",2500,0.9,1921,24852
"11922",2500,0.9,1922,24864
"11923",2500,0.9,1923,24648.8
"11924",2500,0.9,1924,25093.1
"11925",2500,0.9,1925,24659.4
"11926",2500,0.9,1926,25010.8
"11927",2500,0.9,1927,24535.2
"11928",2500,0.9,1928,24726
"11929",2500,0.9,1929,24669.1
"11930",2500,0.9,1930,25245.7
"11931",2500,0.9,1931,25022.7
"11932",2500,0.9,1932,24611.4
"11933",2500,0.9,1933,24508.2
"11934",2500,0.9,1934,24343.2
"11935",2500,0.9,1935,24764.4
"11936",2500,0.9,1936,24945.5
"11937",2500,0.9,1937,25113.8
"11938",2500,0.9,1938,24861.7
"11939",2500,0.9,1939,25027.3
"11940",2500,0.9,1940,24713.4
"11941",2500,0.9,1941,24368.9
"11942",2500,0.9,1942,24808.6
"11943",2500,0.9,1943,24397.5
"11944",2500,0.9,1944,24593.3
"11945",2500,0.9,1945,24799.1
"11946",2500,0.9,1946,24800.6
"11947",2500,0.9,1947,24835.6
"11948",2500,0.9,1948,24750.6
"11949",2500,0.9,1949,25050.7
"11950",2500,0.9,1950,24677.9
"11951",2500,0.9,1951,24390.2
"11952",2500,0.9,1952,24486
"11953",2500,0.9,1953,25050.1
"11954",2500,0.9,1954,25080.9
"11955",2500,0.9,1955,24730.5
"11956",2500,0.9,1956,25034.7
"11957",2500,0.9,1957,24335.7
"11958",2500,0.9,1958,24430
"11959",2500,0.9,1959,23852.4
"11960",2500,0.9,1960,24449.3
"11961",2500,0.9,1961,24801.8
"11962",2500,0.9,1962,24635.1
"11963",2500,0.9,1963,24624
"11964",2500,0.9,1964,24245.2
"11965",2500,0.9,1965,24582
"11966",2500,0.9,1966,24575
"11967",2500,0.9,1967,24902.3
"11968",2500,0.9,1968,24836.3
"11969",2500,0.9,1969,25176.8
"11970",2500,0.9,1970,24764.1
"11971",2500,0.9,1971,25292.9
"11972",2500,0.9,1972,24698.6
"11973",2500,0.9,1973,24592.9
"11974",2500,0.9,1974,24640.1
"11975",2500,0.9,1975,24497.5
"11976",2500,0.9,1976,24939.2
"11977",2500,0.9,1977,24785.7
"11978",2500,0.9,1978,25077.7
"11979",2500,0.9,1979,25022.1
"11980",2500,0.9,1980,24841.9
"11981",2500,0.9,1981,24748.4
"11982",2500,0.9,1982,25348.9
"11983",2500,0.9,1983,24503.3
"11984",2500,0.9,1984,24497.4
"11985",2500,0.9,1985,24356.6
"11986",2500,0.9,1986,24686.1
"11987",2500,0.9,1987,24981.5
"11988",2500,0.9,1988,24692.3
"11989",2500,0.9,1989,25036.9
"11990",2500,0.9,1990,24707.5
"11991",2500,0.9,1991,24136.6
"11992",2500,0.9,1992,24398.3
"11993",2500,0.9,1993,24463.2
"11994",2500,0.9,1994,24340.7
"11995",2500,0.9,1995,24873.9
"11996",2500,0.9,1996,24917
"11997",2500,0.9,1997,25305.4
"11998",2500,0.9,1998,24937.5
"11999",2500,0.9,1999,24268.5
"12000",2500,0.9,2000,24644.2
"12001",5000,0.1,1,5577.5
"12002",5000,0.1,2,5845.5
"12003",5000,0.1,3,6094
"12004",5000,0.1,4,6356.6
"12005",5000,0.1,5,6610.9
"12006",5000,0.1,6,6756
"12007",5000,0.1,7,6945.8
"12008",5000,0.1,8,7183.3
"12009",5000,0.1,9,7336
"12010",5000,0.1,10,7477.8
"12011",5000,0.1,11,7528
"12012",5000,0.1,12,7647.2
"12013",5000,0.1,13,7741.8
"12014",5000,0.1,14,7978.9
"12015",5000,0.1,15,8106.8
"12016",5000,0.1,16,8205.2
"12017",5000,0.1,17,8450.7
"12018",5000,0.1,18,8762.7
"12019",5000,0.1,19,8604.3
"12020",5000,0.1,20,8637
"12021",5000,0.1,21,9001
"12022",5000,0.1,22,9010.5
"12023",5000,0.1,23,9094.5
"12024",5000,0.1,24,9327.7
"12025",5000,0.1,25,9203.8
"12026",5000,0.1,26,9343.7
"12027",5000,0.1,27,9575.1
"12028",5000,0.1,28,9840.4
"12029",5000,0.1,29,10099.4
"12030",5000,0.1,30,10192.6
"12031",5000,0.1,31,10116.6
"12032",5000,0.1,32,10133.9
"12033",5000,0.1,33,10383.2
"12034",5000,0.1,34,10620.3
"12035",5000,0.1,35,10819.4
"12036",5000,0.1,36,10789
"12037",5000,0.1,37,10832.1
"12038",5000,0.1,38,11055.6
"12039",5000,0.1,39,11256.3
"12040",5000,0.1,40,11323
"12041",5000,0.1,41,11430.5
"12042",5000,0.1,42,11630.2
"12043",5000,0.1,43,11809.4
"12044",5000,0.1,44,11859.4
"12045",5000,0.1,45,12119.7
"12046",5000,0.1,46,12264.7
"12047",5000,0.1,47,12414.8
"12048",5000,0.1,48,12518.5
"12049",5000,0.1,49,12610.6
"12050",5000,0.1,50,12742.4
"12051",5000,0.1,51,12803.5
"12052",5000,0.1,52,12857.4
"12053",5000,0.1,53,12626.9
"12054",5000,0.1,54,12790.8
"12055",5000,0.1,55,12904.6
"12056",5000,0.1,56,12779.2
"12057",5000,0.1,57,13049.1
"12058",5000,0.1,58,13247.5
"12059",5000,0.1,59,13489.5
"12060",5000,0.1,60,13482.4
"12061",5000,0.1,61,13739.2
"12062",5000,0.1,62,13766
"12063",5000,0.1,63,13963.9
"12064",5000,0.1,64,14066.3
"12065",5000,0.1,65,14264.3
"12066",5000,0.1,66,14426.4
"12067",5000,0.1,67,14417.5
"12068",5000,0.1,68,14579
"12069",5000,0.1,69,14844.1
"12070",5000,0.1,70,14814.4
"12071",5000,0.1,71,15281.7
"12072",5000,0.1,72,15309.8
"12073",5000,0.1,73,15536.8
"12074",5000,0.1,74,15385.7
"12075",5000,0.1,75,15713.7
"12076",5000,0.1,76,15912.2
"12077",5000,0.1,77,15998.2
"12078",5000,0.1,78,16058.9
"12079",5000,0.1,79,16174.1
"12080",5000,0.1,80,16408.4
"12081",5000,0.1,81,16539.3
"12082",5000,0.1,82,16583.7
"12083",5000,0.1,83,16895.4
"12084",5000,0.1,84,17269.3
"12085",5000,0.1,85,17108.3
"12086",5000,0.1,86,17275.8
"12087",5000,0.1,87,17400.2
"12088",5000,0.1,88,17597.8
"12089",5000,0.1,89,17940.3
"12090",5000,0.1,90,17833.1
"12091",5000,0.1,91,17951.3
"12092",5000,0.1,92,18419.4
"12093",5000,0.1,93,18693.6
"12094",5000,0.1,94,18991.7
"12095",5000,0.1,95,19125.5
"12096",5000,0.1,96,19617.6
"12097",5000,0.1,97,19582.2
"12098",5000,0.1,98,19496.1
"12099",5000,0.1,99,19996.1
"12100",5000,0.1,100,20175.6
"12101",5000,0.1,101,20382
"12102",5000,0.1,102,20585
"12103",5000,0.1,103,21025.3
"12104",5000,0.1,104,21161.1
"12105",5000,0.1,105,21050.7
"12106",5000,0.1,106,21388.1
"12107",5000,0.1,107,21871.9
"12108",5000,0.1,108,22661.5
"12109",5000,0.1,109,22663.8
"12110",5000,0.1,110,22920.3
"12111",5000,0.1,111,23054.6
"12112",5000,0.1,112,23299.2
"12113",5000,0.1,113,23816
"12114",5000,0.1,114,23839.2
"12115",5000,0.1,115,23727.7
"12116",5000,0.1,116,24181.2
"12117",5000,0.1,117,24171.1
"12118",5000,0.1,118,24567.4
"12119",5000,0.1,119,24453.3
"12120",5000,0.1,120,24527.2
"12121",5000,0.1,121,24489.2
"12122",5000,0.1,122,24528.9
"12123",5000,0.1,123,24625.1
"12124",5000,0.1,124,24607
"12125",5000,0.1,125,24551.5
"12126",5000,0.1,126,25164.1
"12127",5000,0.1,127,25191.8
"12128",5000,0.1,128,25007.1
"12129",5000,0.1,129,24490.6
"12130",5000,0.1,130,24277.6
"12131",5000,0.1,131,24450.8
"12132",5000,0.1,132,24327.3
"12133",5000,0.1,133,24496.6
"12134",5000,0.1,134,24584.3
"12135",5000,0.1,135,24574.7
"12136",5000,0.1,136,24526.6
"12137",5000,0.1,137,24699.5
"12138",5000,0.1,138,24630
"12139",5000,0.1,139,24841.3
"12140",5000,0.1,140,24964.7
"12141",5000,0.1,141,24567.8
"12142",5000,0.1,142,24239.3
"12143",5000,0.1,143,24533.5
"12144",5000,0.1,144,24519.5
"12145",5000,0.1,145,24727.2
"12146",5000,0.1,146,24650.2
"12147",5000,0.1,147,24764.4
"12148",5000,0.1,148,24532.8
"12149",5000,0.1,149,24450.5
"12150",5000,0.1,150,24373.3
"12151",5000,0.1,151,24383.9
"12152",5000,0.1,152,24561.7
"12153",5000,0.1,153,24410.9
"12154",5000,0.1,154,24593.1
"12155",5000,0.1,155,24535.8
"12156",5000,0.1,156,24888.3
"12157",5000,0.1,157,24385.6
"12158",5000,0.1,158,24443.2
"12159",5000,0.1,159,24580.9
"12160",5000,0.1,160,24144.9
"12161",5000,0.1,161,24620.2
"12162",5000,0.1,162,24629.1
"12163",5000,0.1,163,24697.6
"12164",5000,0.1,164,24513.4
"12165",5000,0.1,165,24434.6
"12166",5000,0.1,166,24396.2
"12167",5000,0.1,167,24615.5
"12168",5000,0.1,168,24439.5
"12169",5000,0.1,169,24900
"12170",5000,0.1,170,25064.7
"12171",5000,0.1,171,24809.4
"12172",5000,0.1,172,25183.2
"12173",5000,0.1,173,24302.4
"12174",5000,0.1,174,24642.9
"12175",5000,0.1,175,24782.2
"12176",5000,0.1,176,24726.2
"12177",5000,0.1,177,24400
"12178",5000,0.1,178,24523.2
"12179",5000,0.1,179,24419.6
"12180",5000,0.1,180,24634.9
"12181",5000,0.1,181,24310.7
"12182",5000,0.1,182,24503.4
"12183",5000,0.1,183,24756.8
"12184",5000,0.1,184,24661.8
"12185",5000,0.1,185,24785.9
"12186",5000,0.1,186,24754.1
"12187",5000,0.1,187,24798.1
"12188",5000,0.1,188,24979.9
"12189",5000,0.1,189,24693.8
"12190",5000,0.1,190,24346.1
"12191",5000,0.1,191,24627.4
"12192",5000,0.1,192,24250.6
"12193",5000,0.1,193,24603.7
"12194",5000,0.1,194,24752.2
"12195",5000,0.1,195,24886.4
"12196",5000,0.1,196,24648.2
"12197",5000,0.1,197,24753.9
"12198",5000,0.1,198,24700.8
"12199",5000,0.1,199,24743.3
"12200",5000,0.1,200,25038.9
"12201",5000,0.1,201,24420.8
"12202",5000,0.1,202,24275.7
"12203",5000,0.1,203,24374.4
"12204",5000,0.1,204,24661.2
"12205",5000,0.1,205,24687.6
"12206",5000,0.1,206,24937.4
"12207",5000,0.1,207,24629.3
"12208",5000,0.1,208,24637.9
"12209",5000,0.1,209,24527.6
"12210",5000,0.1,210,24555.2
"12211",5000,0.1,211,24352.3
"12212",5000,0.1,212,24361
"12213",5000,0.1,213,24693.2
"12214",5000,0.1,214,24323.7
"12215",5000,0.1,215,24301.6
"12216",5000,0.1,216,24777.8
"12217",5000,0.1,217,24839.8
"12218",5000,0.1,218,25047.4
"12219",5000,0.1,219,24468.1
"12220",5000,0.1,220,24549
"12221",5000,0.1,221,24493.7
"12222",5000,0.1,222,23861.2
"12223",5000,0.1,223,24146.1
"12224",5000,0.1,224,24306.7
"12225",5000,0.1,225,24648.5
"12226",5000,0.1,226,25142.8
"12227",5000,0.1,227,24506
"12228",5000,0.1,228,24191.6
"12229",5000,0.1,229,24113.5
"12230",5000,0.1,230,24198.1
"12231",5000,0.1,231,24791.6
"12232",5000,0.1,232,24090.8
"12233",5000,0.1,233,24006.3
"12234",5000,0.1,234,24389.9
"12235",5000,0.1,235,24364.1
"12236",5000,0.1,236,24483.5
"12237",5000,0.1,237,24709
"12238",5000,0.1,238,24423.6
"12239",5000,0.1,239,24722.2
"12240",5000,0.1,240,24896.3
"12241",5000,0.1,241,24614.5
"12242",5000,0.1,242,24282.9
"12243",5000,0.1,243,24776.4
"12244",5000,0.1,244,24537.4
"12245",5000,0.1,245,24443.2
"12246",5000,0.1,246,24690.3
"12247",5000,0.1,247,24685.2
"12248",5000,0.1,248,24947
"12249",5000,0.1,249,24576.4
"12250",5000,0.1,250,24642.2
"12251",5000,0.1,251,24448.4
"12252",5000,0.1,252,24443.3
"12253",5000,0.1,253,24346.3
"12254",5000,0.1,254,24555.9
"12255",5000,0.1,255,24708
"12256",5000,0.1,256,24440.2
"12257",5000,0.1,257,24553.8
"12258",5000,0.1,258,24508.9
"12259",5000,0.1,259,24766.8
"12260",5000,0.1,260,24581.3
"12261",5000,0.1,261,24346.4
"12262",5000,0.1,262,24903.9
"12263",5000,0.1,263,24774.1
"12264",5000,0.1,264,24975.2
"12265",5000,0.1,265,24599.2
"12266",5000,0.1,266,24391.7
"12267",5000,0.1,267,24827.7
"12268",5000,0.1,268,24470.4
"12269",5000,0.1,269,24557.2
"12270",5000,0.1,270,24527.4
"12271",5000,0.1,271,24690.2
"12272",5000,0.1,272,24880.1
"12273",5000,0.1,273,24987.9
"12274",5000,0.1,274,25083.9
"12275",5000,0.1,275,24920.4
"12276",5000,0.1,276,24541
"12277",5000,0.1,277,24723.8
"12278",5000,0.1,278,24846.5
"12279",5000,0.1,279,24218.7
"12280",5000,0.1,280,24199.3
"12281",5000,0.1,281,24116.1
"12282",5000,0.1,282,24510.2
"12283",5000,0.1,283,24847.5
"12284",5000,0.1,284,24656.2
"12285",5000,0.1,285,24638.7
"12286",5000,0.1,286,25014.3
"12287",5000,0.1,287,24813.4
"12288",5000,0.1,288,24312.9
"12289",5000,0.1,289,24952.1
"12290",5000,0.1,290,24546.4
"12291",5000,0.1,291,24603.7
"12292",5000,0.1,292,24284.7
"12293",5000,0.1,293,24405.9
"12294",5000,0.1,294,25106.7
"12295",5000,0.1,295,24500.7
"12296",5000,0.1,296,24442.9
"12297",5000,0.1,297,24472
"12298",5000,0.1,298,24552.8
"12299",5000,0.1,299,24830.5
"12300",5000,0.1,300,25082.1
"12301",5000,0.1,301,24819.5
"12302",5000,0.1,302,25076.7
"12303",5000,0.1,303,24717.3
"12304",5000,0.1,304,24479.5
"12305",5000,0.1,305,24503.7
"12306",5000,0.1,306,24312.7
"12307",5000,0.1,307,24500.3
"12308",5000,0.1,308,25066.2
"12309",5000,0.1,309,24785.5
"12310",5000,0.1,310,24014.4
"12311",5000,0.1,311,24193.6
"12312",5000,0.1,312,24546.9
"12313",5000,0.1,313,24534.7
"12314",5000,0.1,314,24506.6
"12315",5000,0.1,315,24345.6
"12316",5000,0.1,316,25006.8
"12317",5000,0.1,317,24367.3
"12318",5000,0.1,318,24346.5
"12319",5000,0.1,319,24464.4
"12320",5000,0.1,320,24495.6
"12321",5000,0.1,321,24391.6
"12322",5000,0.1,322,24967.9
"12323",5000,0.1,323,24521.5
"12324",5000,0.1,324,24864.2
"12325",5000,0.1,325,24621.8
"12326",5000,0.1,326,24623.3
"12327",5000,0.1,327,24701
"12328",5000,0.1,328,24703.7
"12329",5000,0.1,329,25092.2
"12330",5000,0.1,330,24453.8
"12331",5000,0.1,331,24538.4
"12332",5000,0.1,332,24669.2
"12333",5000,0.1,333,24476.2
"12334",5000,0.1,334,24621.1
"12335",5000,0.1,335,24808.5
"12336",5000,0.1,336,24535.5
"12337",5000,0.1,337,24583.9
"12338",5000,0.1,338,24548.4
"12339",5000,0.1,339,24468.5
"12340",5000,0.1,340,24745.2
"12341",5000,0.1,341,24548.8
"12342",5000,0.1,342,24974.7
"12343",5000,0.1,343,24656.3
"12344",5000,0.1,344,24735.6
"12345",5000,0.1,345,24558.8
"12346",5000,0.1,346,24239.3
"12347",5000,0.1,347,24199.5
"12348",5000,0.1,348,24573.1
"12349",5000,0.1,349,24884.6
"12350",5000,0.1,350,24656.9
"12351",5000,0.1,351,25221.1
"12352",5000,0.1,352,24569.6
"12353",5000,0.1,353,24664
"12354",5000,0.1,354,24850.9
"12355",5000,0.1,355,24653.3
"12356",5000,0.1,356,24682.5
"12357",5000,0.1,357,24738.4
"12358",5000,0.1,358,24798.7
"12359",5000,0.1,359,24688.3
"12360",5000,0.1,360,24880.3
"12361",5000,0.1,361,24610.9
"12362",5000,0.1,362,24668.1
"12363",5000,0.1,363,24390.5
"12364",5000,0.1,364,24731.8
"12365",5000,0.1,365,25023.1
"12366",5000,0.1,366,24674.8
"12367",5000,0.1,367,24906
"12368",5000,0.1,368,24761.3
"12369",5000,0.1,369,25013.7
"12370",5000,0.1,370,24577.7
"12371",5000,0.1,371,24597.8
"12372",5000,0.1,372,24527.7
"12373",5000,0.1,373,24868.4
"12374",5000,0.1,374,24560
"12375",5000,0.1,375,24892.5
"12376",5000,0.1,376,24968.7
"12377",5000,0.1,377,24696.1
"12378",5000,0.1,378,24542.2
"12379",5000,0.1,379,24474.6
"12380",5000,0.1,380,24500.3
"12381",5000,0.1,381,24701
"12382",5000,0.1,382,25336.3
"12383",5000,0.1,383,24629.2
"12384",5000,0.1,384,24612.4
"12385",5000,0.1,385,24809.8
"12386",5000,0.1,386,25119.1
"12387",5000,0.1,387,24743.2
"12388",5000,0.1,388,24414.8
"12389",5000,0.1,389,24815.2
"12390",5000,0.1,390,24837.6
"12391",5000,0.1,391,24861.5
"12392",5000,0.1,392,24673.8
"12393",5000,0.1,393,24426.8
"12394",5000,0.1,394,24695.7
"12395",5000,0.1,395,24637.5
"12396",5000,0.1,396,24561.6
"12397",5000,0.1,397,24737.2
"12398",5000,0.1,398,24919.1
"12399",5000,0.1,399,24819.4
"12400",5000,0.1,400,24211.4
"12401",5000,0.1,401,24299.7
"12402",5000,0.1,402,24426
"12403",5000,0.1,403,24278.9
"12404",5000,0.1,404,24631.6
"12405",5000,0.1,405,24591.3
"12406",5000,0.1,406,24503.5
"12407",5000,0.1,407,24623.6
"12408",5000,0.1,408,24828.1
"12409",5000,0.1,409,24589.7
"12410",5000,0.1,410,24752.9
"12411",5000,0.1,411,24274.1
"12412",5000,0.1,412,24255.4
"12413",5000,0.1,413,24149.3
"12414",5000,0.1,414,24149.7
"12415",5000,0.1,415,24196.9
"12416",5000,0.1,416,24412
"12417",5000,0.1,417,24720.2
"12418",5000,0.1,418,24607.1
"12419",5000,0.1,419,24654.5
"12420",5000,0.1,420,24647.5
"12421",5000,0.1,421,24798
"12422",5000,0.1,422,24651.7
"12423",5000,0.1,423,24615.9
"12424",5000,0.1,424,24569.3
"12425",5000,0.1,425,24361.9
"12426",5000,0.1,426,24093.7
"12427",5000,0.1,427,24661
"12428",5000,0.1,428,24605
"12429",5000,0.1,429,24419
"12430",5000,0.1,430,24677.6
"12431",5000,0.1,431,24852.3
"12432",5000,0.1,432,24416.8
"12433",5000,0.1,433,24694.1
"12434",5000,0.1,434,24767.2
"12435",5000,0.1,435,24985.5
"12436",5000,0.1,436,24680.9
"12437",5000,0.1,437,24777.9
"12438",5000,0.1,438,24501
"12439",5000,0.1,439,24507.8
"12440",5000,0.1,440,24508
"12441",5000,0.1,441,24660.3
"12442",5000,0.1,442,24422.8
"12443",5000,0.1,443,24303
"12444",5000,0.1,444,25019.3
"12445",5000,0.1,445,24604.5
"12446",5000,0.1,446,24241
"12447",5000,0.1,447,24651.8
"12448",5000,0.1,448,24680.9
"12449",5000,0.1,449,24668.4
"12450",5000,0.1,450,25000.1
"12451",5000,0.1,451,24489.2
"12452",5000,0.1,452,24761.3
"12453",5000,0.1,453,24333.4
"12454",5000,0.1,454,24470.2
"12455",5000,0.1,455,24523
"12456",5000,0.1,456,24751.7
"12457",5000,0.1,457,24384.7
"12458",5000,0.1,458,24531.5
"12459",5000,0.1,459,24796
"12460",5000,0.1,460,24960.2
"12461",5000,0.1,461,24644
"12462",5000,0.1,462,24753
"12463",5000,0.1,463,24825
"12464",5000,0.1,464,24186.1
"12465",5000,0.1,465,23567.2
"12466",5000,0.1,466,23572.5
"12467",5000,0.1,467,24254.6
"12468",5000,0.1,468,24373.1
"12469",5000,0.1,469,24557.1
"12470",5000,0.1,470,24525.2
"12471",5000,0.1,471,24761.6
"12472",5000,0.1,472,25126.1
"12473",5000,0.1,473,24708.6
"12474",5000,0.1,474,24490.7
"12475",5000,0.1,475,24765.5
"12476",5000,0.1,476,24461.3
"12477",5000,0.1,477,24747.7
"12478",5000,0.1,478,24664.6
"12479",5000,0.1,479,25079.6
"12480",5000,0.1,480,24974
"12481",5000,0.1,481,24687.7
"12482",5000,0.1,482,24848.8
"12483",5000,0.1,483,24994.7
"12484",5000,0.1,484,25393.4
"12485",5000,0.1,485,24874.8
"12486",5000,0.1,486,24356.1
"12487",5000,0.1,487,24494.9
"12488",5000,0.1,488,24413.9
"12489",5000,0.1,489,24228.3
"12490",5000,0.1,490,24283.3
"12491",5000,0.1,491,24600.1
"12492",5000,0.1,492,24263.2
"12493",5000,0.1,493,24616.9
"12494",5000,0.1,494,24912.4
"12495",5000,0.1,495,24694.1
"12496",5000,0.1,496,24561.4
"12497",5000,0.1,497,24504.6
"12498",5000,0.1,498,24639.5
"12499",5000,0.1,499,24663.8
"12500",5000,0.1,500,25032.5
"12501",5000,0.1,501,24526.2
"12502",5000,0.1,502,24315.5
"12503",5000,0.1,503,24589.6
"12504",5000,0.1,504,24591.6
"12505",5000,0.1,505,24882.3
"12506",5000,0.1,506,24610.1
"12507",5000,0.1,507,24412.1
"12508",5000,0.1,508,24282.9
"12509",5000,0.1,509,24437.4
"12510",5000,0.1,510,24919.2
"12511",5000,0.1,511,24637.8
"12512",5000,0.1,512,24995
"12513",5000,0.1,513,24603.1
"12514",5000,0.1,514,24639.9
"12515",5000,0.1,515,24537.7
"12516",5000,0.1,516,24443
"12517",5000,0.1,517,24794.8
"12518",5000,0.1,518,24699.7
"12519",5000,0.1,519,24766.2
"12520",5000,0.1,520,24574.4
"12521",5000,0.1,521,24840.7
"12522",5000,0.1,522,24535.9
"12523",5000,0.1,523,24601
"12524",5000,0.1,524,24722.7
"12525",5000,0.1,525,25393.2
"12526",5000,0.1,526,24788.9
"12527",5000,0.1,527,24504.5
"12528",5000,0.1,528,24110.8
"12529",5000,0.1,529,24589
"12530",5000,0.1,530,24663.9
"12531",5000,0.1,531,24161.2
"12532",5000,0.1,532,24276.1
"12533",5000,0.1,533,24450.5
"12534",5000,0.1,534,24485.7
"12535",5000,0.1,535,24475.8
"12536",5000,0.1,536,24628.3
"12537",5000,0.1,537,24644.3
"12538",5000,0.1,538,24889.8
"12539",5000,0.1,539,25259.5
"12540",5000,0.1,540,24303.8
"12541",5000,0.1,541,24465.5
"12542",5000,0.1,542,25059.5
"12543",5000,0.1,543,23993.9
"12544",5000,0.1,544,24353.4
"12545",5000,0.1,545,24464.6
"12546",5000,0.1,546,24462.8
"12547",5000,0.1,547,24511.5
"12548",5000,0.1,548,24576.6
"12549",5000,0.1,549,24834.6
"12550",5000,0.1,550,24850.9
"12551",5000,0.1,551,24592.5
"12552",5000,0.1,552,24979.9
"12553",5000,0.1,553,24858.1
"12554",5000,0.1,554,24206.1
"12555",5000,0.1,555,24315.4
"12556",5000,0.1,556,24905
"12557",5000,0.1,557,24520
"12558",5000,0.1,558,24487.2
"12559",5000,0.1,559,24652.7
"12560",5000,0.1,560,24563.9
"12561",5000,0.1,561,24782.5
"12562",5000,0.1,562,24524.7
"12563",5000,0.1,563,24845.1
"12564",5000,0.1,564,24740.6
"12565",5000,0.1,565,24780.9
"12566",5000,0.1,566,24449.5
"12567",5000,0.1,567,24625.2
"12568",5000,0.1,568,24736.3
"12569",5000,0.1,569,24714
"12570",5000,0.1,570,24899.4
"12571",5000,0.1,571,24543.8
"12572",5000,0.1,572,24363.5
"12573",5000,0.1,573,24964.5
"12574",5000,0.1,574,24727.4
"12575",5000,0.1,575,24279.3
"12576",5000,0.1,576,24051.4
"12577",5000,0.1,577,24477.2
"12578",5000,0.1,578,24362.7
"12579",5000,0.1,579,24642.2
"12580",5000,0.1,580,24721.9
"12581",5000,0.1,581,24700.9
"12582",5000,0.1,582,24908
"12583",5000,0.1,583,25001.4
"12584",5000,0.1,584,24881.5
"12585",5000,0.1,585,24795.3
"12586",5000,0.1,586,24885.6
"12587",5000,0.1,587,24897.5
"12588",5000,0.1,588,24693
"12589",5000,0.1,589,25034.4
"12590",5000,0.1,590,24494.9
"12591",5000,0.1,591,24983.1
"12592",5000,0.1,592,25050.9
"12593",5000,0.1,593,24605.8
"12594",5000,0.1,594,24363
"12595",5000,0.1,595,24512.3
"12596",5000,0.1,596,24434.3
"12597",5000,0.1,597,24436.9
"12598",5000,0.1,598,24544
"12599",5000,0.1,599,24651.4
"12600",5000,0.1,600,24454.4
"12601",5000,0.1,601,24668.6
"12602",5000,0.1,602,24361.3
"12603",5000,0.1,603,24561.9
"12604",5000,0.1,604,24986
"12605",5000,0.1,605,24489.3
"12606",5000,0.1,606,24309.8
"12607",5000,0.1,607,24727
"12608",5000,0.1,608,24186.4
"12609",5000,0.1,609,24570.7
"12610",5000,0.1,610,24657.7
"12611",5000,0.1,611,24245.4
"12612",5000,0.1,612,24187.3
"12613",5000,0.1,613,24316.1
"12614",5000,0.1,614,24261.3
"12615",5000,0.1,615,24558.7
"12616",5000,0.1,616,24463.9
"12617",5000,0.1,617,24607.8
"12618",5000,0.1,618,24614.8
"12619",5000,0.1,619,24336.3
"12620",5000,0.1,620,24515.6
"12621",5000,0.1,621,24959.6
"12622",5000,0.1,622,24910.3
"12623",5000,0.1,623,24716.7
"12624",5000,0.1,624,24522.2
"12625",5000,0.1,625,24568.4
"12626",5000,0.1,626,24646
"12627",5000,0.1,627,24775.8
"12628",5000,0.1,628,24579.5
"12629",5000,0.1,629,24634.3
"12630",5000,0.1,630,24950.9
"12631",5000,0.1,631,24881.8
"12632",5000,0.1,632,24463
"12633",5000,0.1,633,24589.2
"12634",5000,0.1,634,25210.2
"12635",5000,0.1,635,24696.1
"12636",5000,0.1,636,24570.7
"12637",5000,0.1,637,24538.8
"12638",5000,0.1,638,24367.3
"12639",5000,0.1,639,24191.4
"12640",5000,0.1,640,24185.2
"12641",5000,0.1,641,24582.2
"12642",5000,0.1,642,24532.6
"12643",5000,0.1,643,24771.4
"12644",5000,0.1,644,25002.3
"12645",5000,0.1,645,24817.4
"12646",5000,0.1,646,24922.9
"12647",5000,0.1,647,24526.9
"12648",5000,0.1,648,25161.5
"12649",5000,0.1,649,24649.2
"12650",5000,0.1,650,24445.3
"12651",5000,0.1,651,24638.8
"12652",5000,0.1,652,24579.8
"12653",5000,0.1,653,24841.1
"12654",5000,0.1,654,24518.8
"12655",5000,0.1,655,24650.4
"12656",5000,0.1,656,24895.3
"12657",5000,0.1,657,24668.9
"12658",5000,0.1,658,24572.9
"12659",5000,0.1,659,24503.9
"12660",5000,0.1,660,24636.9
"12661",5000,0.1,661,24799.5
"12662",5000,0.1,662,24773.6
"12663",5000,0.1,663,24666.6
"12664",5000,0.1,664,24581
"12665",5000,0.1,665,24706.9
"12666",5000,0.1,666,24814.8
"12667",5000,0.1,667,24737.6
"12668",5000,0.1,668,24881.2
"12669",5000,0.1,669,24635.8
"12670",5000,0.1,670,24567.4
"12671",5000,0.1,671,24388.8
"12672",5000,0.1,672,24400.4
"12673",5000,0.1,673,24520.1
"12674",5000,0.1,674,24772.6
"12675",5000,0.1,675,25048.6
"12676",5000,0.1,676,24762.1
"12677",5000,0.1,677,24330.6
"12678",5000,0.1,678,24437.9
"12679",5000,0.1,679,24677.9
"12680",5000,0.1,680,24610.5
"12681",5000,0.1,681,24807
"12682",5000,0.1,682,24860.6
"12683",5000,0.1,683,24592.8
"12684",5000,0.1,684,24625.3
"12685",5000,0.1,685,24643.1
"12686",5000,0.1,686,24851.6
"12687",5000,0.1,687,24712.3
"12688",5000,0.1,688,24665.2
"12689",5000,0.1,689,24861.4
"12690",5000,0.1,690,24676.5
"12691",5000,0.1,691,24541.2
"12692",5000,0.1,692,24209.7
"12693",5000,0.1,693,24482.9
"12694",5000,0.1,694,24306.9
"12695",5000,0.1,695,24716.5
"12696",5000,0.1,696,24311.1
"12697",5000,0.1,697,24610
"12698",5000,0.1,698,24782.3
"12699",5000,0.1,699,24818.2
"12700",5000,0.1,700,24503.2
"12701",5000,0.1,701,24659.4
"12702",5000,0.1,702,24969.2
"12703",5000,0.1,703,25266.9
"12704",5000,0.1,704,24655.5
"12705",5000,0.1,705,24711.2
"12706",5000,0.1,706,24083.7
"12707",5000,0.1,707,24266
"12708",5000,0.1,708,24644.1
"12709",5000,0.1,709,24610.4
"12710",5000,0.1,710,24279.3
"12711",5000,0.1,711,24390.4
"12712",5000,0.1,712,24515
"12713",5000,0.1,713,24582.1
"12714",5000,0.1,714,24424.3
"12715",5000,0.1,715,24245.9
"12716",5000,0.1,716,24055.1
"12717",5000,0.1,717,24174.1
"12718",5000,0.1,718,24528.2
"12719",5000,0.1,719,24490.7
"12720",5000,0.1,720,24949.8
"12721",5000,0.1,721,24760.3
"12722",5000,0.1,722,24570.3
"12723",5000,0.1,723,24921.6
"12724",5000,0.1,724,24573.3
"12725",5000,0.1,725,24400.9
"12726",5000,0.1,726,24808.2
"12727",5000,0.1,727,25045
"12728",5000,0.1,728,24819.4
"12729",5000,0.1,729,24460.8
"12730",5000,0.1,730,24770
"12731",5000,0.1,731,24937.6
"12732",5000,0.1,732,24824.7
"12733",5000,0.1,733,24695.7
"12734",5000,0.1,734,24656.5
"12735",5000,0.1,735,25020.9
"12736",5000,0.1,736,24818.1
"12737",5000,0.1,737,24352.7
"12738",5000,0.1,738,24339.7
"12739",5000,0.1,739,24307.6
"12740",5000,0.1,740,24156
"12741",5000,0.1,741,24097.6
"12742",5000,0.1,742,24247.1
"12743",5000,0.1,743,24764.6
"12744",5000,0.1,744,24385.7
"12745",5000,0.1,745,24404.4
"12746",5000,0.1,746,24877.8
"12747",5000,0.1,747,24772.4
"12748",5000,0.1,748,24818.1
"12749",5000,0.1,749,24470.5
"12750",5000,0.1,750,24489.6
"12751",5000,0.1,751,24462.7
"12752",5000,0.1,752,24450.4
"12753",5000,0.1,753,24505.2
"12754",5000,0.1,754,24781.7
"12755",5000,0.1,755,24697.7
"12756",5000,0.1,756,24617.6
"12757",5000,0.1,757,24865.2
"12758",5000,0.1,758,24163.3
"12759",5000,0.1,759,24505.7
"12760",5000,0.1,760,24749
"12761",5000,0.1,761,24474.6
"12762",5000,0.1,762,24701.7
"12763",5000,0.1,763,24671.3
"12764",5000,0.1,764,24193
"12765",5000,0.1,765,24669.8
"12766",5000,0.1,766,24593.9
"12767",5000,0.1,767,24531.5
"12768",5000,0.1,768,24338.1
"12769",5000,0.1,769,24705
"12770",5000,0.1,770,24079.9
"12771",5000,0.1,771,24203
"12772",5000,0.1,772,24616.9
"12773",5000,0.1,773,24047.1
"12774",5000,0.1,774,24425.9
"12775",5000,0.1,775,24847
"12776",5000,0.1,776,24830.7
"12777",5000,0.1,777,24625.4
"12778",5000,0.1,778,24494.4
"12779",5000,0.1,779,24511.3
"12780",5000,0.1,780,24639.2
"12781",5000,0.1,781,24346
"12782",5000,0.1,782,24486.1
"12783",5000,0.1,783,24314.7
"12784",5000,0.1,784,24533.7
"12785",5000,0.1,785,24585.2
"12786",5000,0.1,786,24565.7
"12787",5000,0.1,787,24540.1
"12788",5000,0.1,788,24462.1
"12789",5000,0.1,789,24558.2
"12790",5000,0.1,790,24668.8
"12791",5000,0.1,791,24681.3
"12792",5000,0.1,792,24624.8
"12793",5000,0.1,793,24708.1
"12794",5000,0.1,794,24969.6
"12795",5000,0.1,795,24735.5
"12796",5000,0.1,796,25075
"12797",5000,0.1,797,24588.6
"12798",5000,0.1,798,24688.1
"12799",5000,0.1,799,24406.9
"12800",5000,0.1,800,24845.9
"12801",5000,0.1,801,24686.7
"12802",5000,0.1,802,24704.9
"12803",5000,0.1,803,24476.6
"12804",5000,0.1,804,25183
"12805",5000,0.1,805,24234.6
"12806",5000,0.1,806,24281.7
"12807",5000,0.1,807,24317
"12808",5000,0.1,808,24716.2
"12809",5000,0.1,809,24521.9
"12810",5000,0.1,810,24412.1
"12811",5000,0.1,811,24788.3
"12812",5000,0.1,812,24681.9
"12813",5000,0.1,813,24661.5
"12814",5000,0.1,814,25192.7
"12815",5000,0.1,815,24668
"12816",5000,0.1,816,24589.3
"12817",5000,0.1,817,24850.1
"12818",5000,0.1,818,24480.9
"12819",5000,0.1,819,24594.6
"12820",5000,0.1,820,24213.6
"12821",5000,0.1,821,24698.2
"12822",5000,0.1,822,24669.7
"12823",5000,0.1,823,24643.1
"12824",5000,0.1,824,24908.6
"12825",5000,0.1,825,24744.4
"12826",5000,0.1,826,24737.2
"12827",5000,0.1,827,24623.2
"12828",5000,0.1,828,24950.6
"12829",5000,0.1,829,24494
"12830",5000,0.1,830,24594.8
"12831",5000,0.1,831,25023.3
"12832",5000,0.1,832,24907.7
"12833",5000,0.1,833,24499.3
"12834",5000,0.1,834,24756.7
"12835",5000,0.1,835,24645.4
"12836",5000,0.1,836,24904
"12837",5000,0.1,837,24770.2
"12838",5000,0.1,838,24799.1
"12839",5000,0.1,839,24693.6
"12840",5000,0.1,840,25041.7
"12841",5000,0.1,841,24420.6
"12842",5000,0.1,842,24264.1
"12843",5000,0.1,843,24383.8
"12844",5000,0.1,844,24791.4
"12845",5000,0.1,845,24937.4
"12846",5000,0.1,846,24429.8
"12847",5000,0.1,847,24338.7
"12848",5000,0.1,848,24572.3
"12849",5000,0.1,849,24803.3
"12850",5000,0.1,850,24338
"12851",5000,0.1,851,24803.9
"12852",5000,0.1,852,24622.7
"12853",5000,0.1,853,24836.4
"12854",5000,0.1,854,24558.5
"12855",5000,0.1,855,24565.5
"12856",5000,0.1,856,24951.7
"12857",5000,0.1,857,24689.3
"12858",5000,0.1,858,24327.8
"12859",5000,0.1,859,24271
"12860",5000,0.1,860,24462.1
"12861",5000,0.1,861,24464.4
"12862",5000,0.1,862,24604.8
"12863",5000,0.1,863,24903
"12864",5000,0.1,864,24649.8
"12865",5000,0.1,865,24200.8
"12866",5000,0.1,866,24389
"12867",5000,0.1,867,24427.6
"12868",5000,0.1,868,24422.6
"12869",5000,0.1,869,24246.2
"12870",5000,0.1,870,24307.6
"12871",5000,0.1,871,24459.3
"12872",5000,0.1,872,24938.4
"12873",5000,0.1,873,24753.6
"12874",5000,0.1,874,24658.7
"12875",5000,0.1,875,24832.1
"12876",5000,0.1,876,24738.1
"12877",5000,0.1,877,24463.5
"12878",5000,0.1,878,24841.6
"12879",5000,0.1,879,24593.5
"12880",5000,0.1,880,24305.2
"12881",5000,0.1,881,24511.5
"12882",5000,0.1,882,24573.6
"12883",5000,0.1,883,24558.8
"12884",5000,0.1,884,24782.7
"12885",5000,0.1,885,24397.4
"12886",5000,0.1,886,24376
"12887",5000,0.1,887,24655.8
"12888",5000,0.1,888,24721.1
"12889",5000,0.1,889,24804.8
"12890",5000,0.1,890,24694.7
"12891",5000,0.1,891,24251.3
"12892",5000,0.1,892,24512.1
"12893",5000,0.1,893,24451.2
"12894",5000,0.1,894,24375.6
"12895",5000,0.1,895,24492
"12896",5000,0.1,896,24634.5
"12897",5000,0.1,897,24561.6
"12898",5000,0.1,898,24496.9
"12899",5000,0.1,899,24287.2
"12900",5000,0.1,900,24311.5
"12901",5000,0.1,901,24516.6
"12902",5000,0.1,902,24670.5
"12903",5000,0.1,903,24575.2
"12904",5000,0.1,904,24456.6
"12905",5000,0.1,905,24215.1
"12906",5000,0.1,906,24572.2
"12907",5000,0.1,907,24639.8
"12908",5000,0.1,908,24424
"12909",5000,0.1,909,24495
"12910",5000,0.1,910,24808.6
"12911",5000,0.1,911,24548.8
"12912",5000,0.1,912,24838.5
"12913",5000,0.1,913,24738.8
"12914",5000,0.1,914,24398.6
"12915",5000,0.1,915,24240.2
"12916",5000,0.1,916,24463
"12917",5000,0.1,917,24514.1
"12918",5000,0.1,918,24853.1
"12919",5000,0.1,919,24885.8
"12920",5000,0.1,920,24691.3
"12921",5000,0.1,921,24806.5
"12922",5000,0.1,922,24854.3
"12923",5000,0.1,923,24336.2
"12924",5000,0.1,924,24075.6
"12925",5000,0.1,925,24438.9
"12926",5000,0.1,926,24600.3
"12927",5000,0.1,927,24732.4
"12928",5000,0.1,928,24792.3
"12929",5000,0.1,929,24696.5
"12930",5000,0.1,930,24741
"12931",5000,0.1,931,25020.2
"12932",5000,0.1,932,24947.3
"12933",5000,0.1,933,24506.2
"12934",5000,0.1,934,24747.2
"12935",5000,0.1,935,24092
"12936",5000,0.1,936,24198.6
"12937",5000,0.1,937,24246.3
"12938",5000,0.1,938,24418.4
"12939",5000,0.1,939,24342.2
"12940",5000,0.1,940,24241.5
"12941",5000,0.1,941,24468.6
"12942",5000,0.1,942,24529.3
"12943",5000,0.1,943,24831.5
"12944",5000,0.1,944,24980.9
"12945",5000,0.1,945,24917.8
"12946",5000,0.1,946,24335.4
"12947",5000,0.1,947,24264.2
"12948",5000,0.1,948,24126.6
"12949",5000,0.1,949,24964.7
"12950",5000,0.1,950,24251.7
"12951",5000,0.1,951,24516.9
"12952",5000,0.1,952,24429.9
"12953",5000,0.1,953,24832.6
"12954",5000,0.1,954,24599.9
"12955",5000,0.1,955,25270.9
"12956",5000,0.1,956,24711.1
"12957",5000,0.1,957,24238.5
"12958",5000,0.1,958,24548.8
"12959",5000,0.1,959,24597.7
"12960",5000,0.1,960,24826.4
"12961",5000,0.1,961,24750
"12962",5000,0.1,962,24934
"12963",5000,0.1,963,24726.9
"12964",5000,0.1,964,24788.7
"12965",5000,0.1,965,25073.2
"12966",5000,0.1,966,24733.1
"12967",5000,0.1,967,24452.9
"12968",5000,0.1,968,24575
"12969",5000,0.1,969,24217.5
"12970",5000,0.1,970,24589.6
"12971",5000,0.1,971,24444.1
"12972",5000,0.1,972,24552.5
"12973",5000,0.1,973,24862.9
"12974",5000,0.1,974,24876.8
"12975",5000,0.1,975,24725.2
"12976",5000,0.1,976,24378.2
"12977",5000,0.1,977,24563.7
"12978",5000,0.1,978,24685
"12979",5000,0.1,979,24574.4
"12980",5000,0.1,980,24430.9
"12981",5000,0.1,981,24835.3
"12982",5000,0.1,982,24911.7
"12983",5000,0.1,983,24914.2
"12984",5000,0.1,984,24614.4
"12985",5000,0.1,985,24802.3
"12986",5000,0.1,986,24714.6
"12987",5000,0.1,987,24194.8
"12988",5000,0.1,988,24404.5
"12989",5000,0.1,989,24890.8
"12990",5000,0.1,990,24874.6
"12991",5000,0.1,991,24761.5
"12992",5000,0.1,992,24560.7
"12993",5000,0.1,993,24464.9
"12994",5000,0.1,994,24382
"12995",5000,0.1,995,24559
"12996",5000,0.1,996,24379.7
"12997",5000,0.1,997,24445.3
"12998",5000,0.1,998,23994.5
"12999",5000,0.1,999,23993.3
"13000",5000,0.1,1000,22890.3
"13001",5000,0.1,1001,22003.6
"13002",5000,0.1,1002,21171.6
"13003",5000,0.1,1003,20035.4
"13004",5000,0.1,1004,19620.2
"13005",5000,0.1,1005,18809.8
"13006",5000,0.1,1006,18310.8
"13007",5000,0.1,1007,17956.1
"13008",5000,0.1,1008,17224.8
"13009",5000,0.1,1009,16787.1
"13010",5000,0.1,1010,16487.2
"13011",5000,0.1,1011,16033
"13012",5000,0.1,1012,15458.7
"13013",5000,0.1,1013,15242.6
"13014",5000,0.1,1014,14800.8
"13015",5000,0.1,1015,14537.7
"13016",5000,0.1,1016,14295.2
"13017",5000,0.1,1017,13689.9
"13018",5000,0.1,1018,13620.4
"13019",5000,0.1,1019,14092.5
"13020",5000,0.1,1020,13358.5
"13021",5000,0.1,1021,13206.1
"13022",5000,0.1,1022,13063.4
"13023",5000,0.1,1023,12710.5
"13024",5000,0.1,1024,12897.4
"13025",5000,0.1,1025,17418.6
"13026",5000,0.1,1026,16999.8
"13027",5000,0.1,1027,16965.7
"13028",5000,0.1,1028,16532.6
"13029",5000,0.1,1029,16327.1
"13030",5000,0.1,1030,16768.9
"13031",5000,0.1,1031,16974.6
"13032",5000,0.1,1032,16938
"13033",5000,0.1,1033,17014.1
"13034",5000,0.1,1034,16864.7
"13035",5000,0.1,1035,17173.3
"13036",5000,0.1,1036,17266.3
"13037",5000,0.1,1037,17483.4
"13038",5000,0.1,1038,17440.5
"13039",5000,0.1,1039,17295.4
"13040",5000,0.1,1040,17338.6
"13041",5000,0.1,1041,17444.7
"13042",5000,0.1,1042,17518.4
"13043",5000,0.1,1043,17781.1
"13044",5000,0.1,1044,17805.4
"13045",5000,0.1,1045,17507.3
"13046",5000,0.1,1046,17471.5
"13047",5000,0.1,1047,17679
"13048",5000,0.1,1048,17733.6
"13049",5000,0.1,1049,17764.6
"13050",5000,0.1,1050,17888
"13051",5000,0.1,1051,18185.6
"13052",5000,0.1,1052,18196.7
"13053",5000,0.1,1053,18502.4
"13054",5000,0.1,1054,18748.4
"13055",5000,0.1,1055,18538.7
"13056",5000,0.1,1056,19221.7
"13057",5000,0.1,1057,19155.8
"13058",5000,0.1,1058,19346.5
"13059",5000,0.1,1059,19511.2
"13060",5000,0.1,1060,19592.6
"13061",5000,0.1,1061,19236.6
"13062",5000,0.1,1062,19512.9
"13063",5000,0.1,1063,19545.9
"13064",5000,0.1,1064,19649
"13065",5000,0.1,1065,19717.1
"13066",5000,0.1,1066,19686.3
"13067",5000,0.1,1067,20293.3
"13068",5000,0.1,1068,20269.7
"13069",5000,0.1,1069,20380
"13070",5000,0.1,1070,20471.2
"13071",5000,0.1,1071,20573
"13072",5000,0.1,1072,20694.3
"13073",5000,0.1,1073,21003.5
"13074",5000,0.1,1074,21330.2
"13075",5000,0.1,1075,21347.4
"13076",5000,0.1,1076,21574.5
"13077",5000,0.1,1077,22039.1
"13078",5000,0.1,1078,22082.7
"13079",5000,0.1,1079,22454.5
"13080",5000,0.1,1080,22413.8
"13081",5000,0.1,1081,22528.8
"13082",5000,0.1,1082,22830.1
"13083",5000,0.1,1083,23675.5
"13084",5000,0.1,1084,23871.4
"13085",5000,0.1,1085,23923.9
"13086",5000,0.1,1086,24438.2
"13087",5000,0.1,1087,24357.1
"13088",5000,0.1,1088,24319.9
"13089",5000,0.1,1089,24187.9
"13090",5000,0.1,1090,24507.4
"13091",5000,0.1,1091,24163.6
"13092",5000,0.1,1092,24151.2
"13093",5000,0.1,1093,24554
"13094",5000,0.1,1094,24704.1
"13095",5000,0.1,1095,24536.5
"13096",5000,0.1,1096,24864.9
"13097",5000,0.1,1097,24649.7
"13098",5000,0.1,1098,24614.7
"13099",5000,0.1,1099,23820.6
"13100",5000,0.1,1100,24494.5
"13101",5000,0.1,1101,25018.3
"13102",5000,0.1,1102,24497.5
"13103",5000,0.1,1103,24417.9
"13104",5000,0.1,1104,24237.9
"13105",5000,0.1,1105,24369.8
"13106",5000,0.1,1106,24463.8
"13107",5000,0.1,1107,24465.2
"13108",5000,0.1,1108,25073
"13109",5000,0.1,1109,24661.5
"13110",5000,0.1,1110,24986.1
"13111",5000,0.1,1111,25047.3
"13112",5000,0.1,1112,24201.1
"13113",5000,0.1,1113,24399.6
"13114",5000,0.1,1114,24694.7
"13115",5000,0.1,1115,24864.2
"13116",5000,0.1,1116,24860.3
"13117",5000,0.1,1117,24824.4
"13118",5000,0.1,1118,24655.5
"13119",5000,0.1,1119,24143.4
"13120",5000,0.1,1120,24220.4
"13121",5000,0.1,1121,24142.7
"13122",5000,0.1,1122,24473.7
"13123",5000,0.1,1123,24544.5
"13124",5000,0.1,1124,24392.7
"13125",5000,0.1,1125,24278
"13126",5000,0.1,1126,24379
"13127",5000,0.1,1127,24841.9
"13128",5000,0.1,1128,24667.4
"13129",5000,0.1,1129,23901.4
"13130",5000,0.1,1130,24575.6
"13131",5000,0.1,1131,24486.1
"13132",5000,0.1,1132,24597.3
"13133",5000,0.1,1133,24486.1
"13134",5000,0.1,1134,24920.6
"13135",5000,0.1,1135,24432.7
"13136",5000,0.1,1136,24706.4
"13137",5000,0.1,1137,24473.9
"13138",5000,0.1,1138,24517.5
"13139",5000,0.1,1139,24534
"13140",5000,0.1,1140,24944.1
"13141",5000,0.1,1141,24852.6
"13142",5000,0.1,1142,24883.2
"13143",5000,0.1,1143,24924
"13144",5000,0.1,1144,24945.3
"13145",5000,0.1,1145,24616.2
"13146",5000,0.1,1146,24458.6
"13147",5000,0.1,1147,24541.2
"13148",5000,0.1,1148,25196.7
"13149",5000,0.1,1149,25134.3
"13150",5000,0.1,1150,24652.2
"13151",5000,0.1,1151,24868.2
"13152",5000,0.1,1152,24722.6
"13153",5000,0.1,1153,24561.2
"13154",5000,0.1,1154,24650.2
"13155",5000,0.1,1155,24305.9
"13156",5000,0.1,1156,24146.4
"13157",5000,0.1,1157,24404
"13158",5000,0.1,1158,25108.3
"13159",5000,0.1,1159,24863.5
"13160",5000,0.1,1160,24805.3
"13161",5000,0.1,1161,25153.2
"13162",5000,0.1,1162,24364.9
"13163",5000,0.1,1163,24780.7
"13164",5000,0.1,1164,24848.3
"13165",5000,0.1,1165,24847.9
"13166",5000,0.1,1166,24948
"13167",5000,0.1,1167,24358.8
"13168",5000,0.1,1168,24597.6
"13169",5000,0.1,1169,24893.1
"13170",5000,0.1,1170,24728.5
"13171",5000,0.1,1171,24641.8
"13172",5000,0.1,1172,24682.9
"13173",5000,0.1,1173,24746.6
"13174",5000,0.1,1174,24349.2
"13175",5000,0.1,1175,24968
"13176",5000,0.1,1176,24496.1
"13177",5000,0.1,1177,24399.6
"13178",5000,0.1,1178,24076.4
"13179",5000,0.1,1179,24187.9
"13180",5000,0.1,1180,24104.8
"13181",5000,0.1,1181,24073.1
"13182",5000,0.1,1182,24344.6
"13183",5000,0.1,1183,24205
"13184",5000,0.1,1184,24887.9
"13185",5000,0.1,1185,24576.5
"13186",5000,0.1,1186,24580.1
"13187",5000,0.1,1187,24968.7
"13188",5000,0.1,1188,24986.6
"13189",5000,0.1,1189,24635.4
"13190",5000,0.1,1190,24839.3
"13191",5000,0.1,1191,24393.9
"13192",5000,0.1,1192,24867.5
"13193",5000,0.1,1193,24481.3
"13194",5000,0.1,1194,24405.2
"13195",5000,0.1,1195,25200.5
"13196",5000,0.1,1196,24676.8
"13197",5000,0.1,1197,24620.3
"13198",5000,0.1,1198,25001.8
"13199",5000,0.1,1199,25204.7
"13200",5000,0.1,1200,24617.1
"13201",5000,0.1,1201,24215
"13202",5000,0.1,1202,24342
"13203",5000,0.1,1203,24563.1
"13204",5000,0.1,1204,24296.9
"13205",5000,0.1,1205,24290
"13206",5000,0.1,1206,24732.4
"13207",5000,0.1,1207,25315.1
"13208",5000,0.1,1208,24571.9
"13209",5000,0.1,1209,24954.8
"13210",5000,0.1,1210,24502.7
"13211",5000,0.1,1211,24103.6
"13212",5000,0.1,1212,24438.8
"13213",5000,0.1,1213,24401.2
"13214",5000,0.1,1214,24828.5
"13215",5000,0.1,1215,24349
"13216",5000,0.1,1216,24859.5
"13217",5000,0.1,1217,24774.6
"13218",5000,0.1,1218,24379
"13219",5000,0.1,1219,24947
"13220",5000,0.1,1220,24625.4
"13221",5000,0.1,1221,24740.9
"13222",5000,0.1,1222,24743.3
"13223",5000,0.1,1223,24844.3
"13224",5000,0.1,1224,24716.2
"13225",5000,0.1,1225,24395.7
"13226",5000,0.1,1226,24537.2
"13227",5000,0.1,1227,25094.4
"13228",5000,0.1,1228,24532.6
"13229",5000,0.1,1229,24777.7
"13230",5000,0.1,1230,24922.1
"13231",5000,0.1,1231,25370.8
"13232",5000,0.1,1232,24790.9
"13233",5000,0.1,1233,24925.4
"13234",5000,0.1,1234,24690.4
"13235",5000,0.1,1235,24957.1
"13236",5000,0.1,1236,25050.2
"13237",5000,0.1,1237,24873.6
"13238",5000,0.1,1238,24723.6
"13239",5000,0.1,1239,24528.8
"13240",5000,0.1,1240,24640.5
"13241",5000,0.1,1241,24922.7
"13242",5000,0.1,1242,24909.7
"13243",5000,0.1,1243,24873.1
"13244",5000,0.1,1244,24308.3
"13245",5000,0.1,1245,24946.9
"13246",5000,0.1,1246,25058.2
"13247",5000,0.1,1247,24773.8
"13248",5000,0.1,1248,24039.8
"13249",5000,0.1,1249,24373.3
"13250",5000,0.1,1250,23952.8
"13251",5000,0.1,1251,24397.1
"13252",5000,0.1,1252,24739.5
"13253",5000,0.1,1253,24538.3
"13254",5000,0.1,1254,24152.9
"13255",5000,0.1,1255,24333.9
"13256",5000,0.1,1256,24580.7
"13257",5000,0.1,1257,24698.2
"13258",5000,0.1,1258,24835.1
"13259",5000,0.1,1259,25194.1
"13260",5000,0.1,1260,24691.8
"13261",5000,0.1,1261,24753.4
"13262",5000,0.1,1262,24468.5
"13263",5000,0.1,1263,24323.1
"13264",5000,0.1,1264,24385.6
"13265",5000,0.1,1265,24256
"13266",5000,0.1,1266,23967.9
"13267",5000,0.1,1267,24421.9
"13268",5000,0.1,1268,24679.8
"13269",5000,0.1,1269,24854.1
"13270",5000,0.1,1270,24619.4
"13271",5000,0.1,1271,25018.7
"13272",5000,0.1,1272,24521.6
"13273",5000,0.1,1273,24723
"13274",5000,0.1,1274,25143.5
"13275",5000,0.1,1275,24401.1
"13276",5000,0.1,1276,24465.7
"13277",5000,0.1,1277,24797.9
"13278",5000,0.1,1278,25476.6
"13279",5000,0.1,1279,24681.3
"13280",5000,0.1,1280,24944.6
"13281",5000,0.1,1281,24616.8
"13282",5000,0.1,1282,24636.2
"13283",5000,0.1,1283,24861.8
"13284",5000,0.1,1284,24664.7
"13285",5000,0.1,1285,24643.8
"13286",5000,0.1,1286,24889.9
"13287",5000,0.1,1287,24731.2
"13288",5000,0.1,1288,24570.3
"13289",5000,0.1,1289,24524.1
"13290",5000,0.1,1290,24900.8
"13291",5000,0.1,1291,25104
"13292",5000,0.1,1292,24738.6
"13293",5000,0.1,1293,24962
"13294",5000,0.1,1294,24612.9
"13295",5000,0.1,1295,24233.4
"13296",5000,0.1,1296,24600.3
"13297",5000,0.1,1297,24913.2
"13298",5000,0.1,1298,24838
"13299",5000,0.1,1299,24763.8
"13300",5000,0.1,1300,24589.2
"13301",5000,0.1,1301,25358.4
"13302",5000,0.1,1302,24986.7
"13303",5000,0.1,1303,24435.7
"13304",5000,0.1,1304,24573.5
"13305",5000,0.1,1305,24804.8
"13306",5000,0.1,1306,24573.8
"13307",5000,0.1,1307,24335.9
"13308",5000,0.1,1308,24557.2
"13309",5000,0.1,1309,25138.2
"13310",5000,0.1,1310,25070.8
"13311",5000,0.1,1311,24756.5
"13312",5000,0.1,1312,24885.5
"13313",5000,0.1,1313,24735.8
"13314",5000,0.1,1314,24945.1
"13315",5000,0.1,1315,24673
"13316",5000,0.1,1316,24718.7
"13317",5000,0.1,1317,25060.5
"13318",5000,0.1,1318,24740.7
"13319",5000,0.1,1319,24759.1
"13320",5000,0.1,1320,25019.9
"13321",5000,0.1,1321,24919.1
"13322",5000,0.1,1322,24841.4
"13323",5000,0.1,1323,24644.8
"13324",5000,0.1,1324,24750.6
"13325",5000,0.1,1325,25067.6
"13326",5000,0.1,1326,24533.5
"13327",5000,0.1,1327,24920.2
"13328",5000,0.1,1328,24473.3
"13329",5000,0.1,1329,24931.1
"13330",5000,0.1,1330,24810.9
"13331",5000,0.1,1331,25055.8
"13332",5000,0.1,1332,25207.8
"13333",5000,0.1,1333,25022.4
"13334",5000,0.1,1334,24850.6
"13335",5000,0.1,1335,24264.2
"13336",5000,0.1,1336,24395.6
"13337",5000,0.1,1337,24746.4
"13338",5000,0.1,1338,25031.3
"13339",5000,0.1,1339,24542
"13340",5000,0.1,1340,24978.4
"13341",5000,0.1,1341,25221.8
"13342",5000,0.1,1342,24645.3
"13343",5000,0.1,1343,24597.7
"13344",5000,0.1,1344,24926
"13345",5000,0.1,1345,24919.1
"13346",5000,0.1,1346,24465
"13347",5000,0.1,1347,24779.7
"13348",5000,0.1,1348,24394.3
"13349",5000,0.1,1349,24422.5
"13350",5000,0.1,1350,24389.2
"13351",5000,0.1,1351,24329.6
"13352",5000,0.1,1352,25118
"13353",5000,0.1,1353,24603
"13354",5000,0.1,1354,24754.7
"13355",5000,0.1,1355,24203.2
"13356",5000,0.1,1356,24643.2
"13357",5000,0.1,1357,24685.1
"13358",5000,0.1,1358,25214.9
"13359",5000,0.1,1359,24735.7
"13360",5000,0.1,1360,25166
"13361",5000,0.1,1361,24787.1
"13362",5000,0.1,1362,25248.2
"13363",5000,0.1,1363,24166
"13364",5000,0.1,1364,24290.3
"13365",5000,0.1,1365,24358.6
"13366",5000,0.1,1366,24609.6
"13367",5000,0.1,1367,24611
"13368",5000,0.1,1368,24803.6
"13369",5000,0.1,1369,24472.6
"13370",5000,0.1,1370,24713.9
"13371",5000,0.1,1371,24801.7
"13372",5000,0.1,1372,25205
"13373",5000,0.1,1373,24558.3
"13374",5000,0.1,1374,25216.2
"13375",5000,0.1,1375,24815.9
"13376",5000,0.1,1376,24477.2
"13377",5000,0.1,1377,24801.5
"13378",5000,0.1,1378,24670.5
"13379",5000,0.1,1379,25262.6
"13380",5000,0.1,1380,24672.7
"13381",5000,0.1,1381,25173.9
"13382",5000,0.1,1382,24733.8
"13383",5000,0.1,1383,23903.3
"13384",5000,0.1,1384,24478.5
"13385",5000,0.1,1385,24202.7
"13386",5000,0.1,1386,24478.2
"13387",5000,0.1,1387,24780.9
"13388",5000,0.1,1388,24981.8
"13389",5000,0.1,1389,24507.9
"13390",5000,0.1,1390,24586.5
"13391",5000,0.1,1391,25138.4
"13392",5000,0.1,1392,24994.4
"13393",5000,0.1,1393,24522.8
"13394",5000,0.1,1394,24599.7
"13395",5000,0.1,1395,24498.6
"13396",5000,0.1,1396,24601.1
"13397",5000,0.1,1397,24793.4
"13398",5000,0.1,1398,24848.3
"13399",5000,0.1,1399,24713.5
"13400",5000,0.1,1400,24858.3
"13401",5000,0.1,1401,24663.2
"13402",5000,0.1,1402,24750.4
"13403",5000,0.1,1403,25066.4
"13404",5000,0.1,1404,24819.2
"13405",5000,0.1,1405,24625
"13406",5000,0.1,1406,24332.5
"13407",5000,0.1,1407,24860.7
"13408",5000,0.1,1408,25049.6
"13409",5000,0.1,1409,25250.6
"13410",5000,0.1,1410,24327.5
"13411",5000,0.1,1411,24136.3
"13412",5000,0.1,1412,24469.4
"13413",5000,0.1,1413,24143.9
"13414",5000,0.1,1414,24765.3
"13415",5000,0.1,1415,24583.3
"13416",5000,0.1,1416,24723.4
"13417",5000,0.1,1417,24634.2
"13418",5000,0.1,1418,25015.1
"13419",5000,0.1,1419,24505.1
"13420",5000,0.1,1420,24876.4
"13421",5000,0.1,1421,24526.2
"13422",5000,0.1,1422,24821.1
"13423",5000,0.1,1423,24720.2
"13424",5000,0.1,1424,25067
"13425",5000,0.1,1425,25233.9
"13426",5000,0.1,1426,24781.4
"13427",5000,0.1,1427,24518.9
"13428",5000,0.1,1428,24943.9
"13429",5000,0.1,1429,24802.5
"13430",5000,0.1,1430,25139.8
"13431",5000,0.1,1431,24494.4
"13432",5000,0.1,1432,24403.9
"13433",5000,0.1,1433,24481.1
"13434",5000,0.1,1434,24920.9
"13435",5000,0.1,1435,24740.7
"13436",5000,0.1,1436,24927.6
"13437",5000,0.1,1437,24943.3
"13438",5000,0.1,1438,24940.8
"13439",5000,0.1,1439,24880.5
"13440",5000,0.1,1440,25161
"13441",5000,0.1,1441,25413.5
"13442",5000,0.1,1442,24656.3
"13443",5000,0.1,1443,24724.3
"13444",5000,0.1,1444,24492.9
"13445",5000,0.1,1445,24813.2
"13446",5000,0.1,1446,24926
"13447",5000,0.1,1447,23450.7
"13448",5000,0.1,1448,23850.9
"13449",5000,0.1,1449,24293.2
"13450",5000,0.1,1450,24685.9
"13451",5000,0.1,1451,24493.9
"13452",5000,0.1,1452,24850.3
"13453",5000,0.1,1453,24893.6
"13454",5000,0.1,1454,24723.7
"13455",5000,0.1,1455,24871.5
"13456",5000,0.1,1456,24760.2
"13457",5000,0.1,1457,24952
"13458",5000,0.1,1458,25284.3
"13459",5000,0.1,1459,24770.7
"13460",5000,0.1,1460,25192.9
"13461",5000,0.1,1461,24777.8
"13462",5000,0.1,1462,24562.9
"13463",5000,0.1,1463,24423.8
"13464",5000,0.1,1464,24449.3
"13465",5000,0.1,1465,24651.7
"13466",5000,0.1,1466,25749.1
"13467",5000,0.1,1467,24362.7
"13468",5000,0.1,1468,24466.3
"13469",5000,0.1,1469,24675.6
"13470",5000,0.1,1470,24646.5
"13471",5000,0.1,1471,25016.1
"13472",5000,0.1,1472,24652.6
"13473",5000,0.1,1473,25207.7
"13474",5000,0.1,1474,24758.6
"13475",5000,0.1,1475,24899.5
"13476",5000,0.1,1476,24645.2
"13477",5000,0.1,1477,24190.6
"13478",5000,0.1,1478,25069.4
"13479",5000,0.1,1479,24221.5
"13480",5000,0.1,1480,24375.7
"13481",5000,0.1,1481,25268.9
"13482",5000,0.1,1482,24901.3
"13483",5000,0.1,1483,24431.5
"13484",5000,0.1,1484,24272.2
"13485",5000,0.1,1485,24510
"13486",5000,0.1,1486,24891.9
"13487",5000,0.1,1487,24627
"13488",5000,0.1,1488,24468.3
"13489",5000,0.1,1489,24851.1
"13490",5000,0.1,1490,24503.2
"13491",5000,0.1,1491,24783.5
"13492",5000,0.1,1492,24722.1
"13493",5000,0.1,1493,25219.3
"13494",5000,0.1,1494,24771.5
"13495",5000,0.1,1495,24969.8
"13496",5000,0.1,1496,24624.3
"13497",5000,0.1,1497,24394.5
"13498",5000,0.1,1498,24099
"13499",5000,0.1,1499,24554.1
"13500",5000,0.1,1500,24453.7
"13501",5000,0.1,1501,24939.3
"13502",5000,0.1,1502,24733.3
"13503",5000,0.1,1503,24714.3
"13504",5000,0.1,1504,24738.7
"13505",5000,0.1,1505,24801.3
"13506",5000,0.1,1506,24831.7
"13507",5000,0.1,1507,25283
"13508",5000,0.1,1508,24558
"13509",5000,0.1,1509,24793.1
"13510",5000,0.1,1510,23994.6
"13511",5000,0.1,1511,24322.8
"13512",5000,0.1,1512,24742
"13513",5000,0.1,1513,25151
"13514",5000,0.1,1514,24951.4
"13515",5000,0.1,1515,25380.9
"13516",5000,0.1,1516,24194.8
"13517",5000,0.1,1517,24437.4
"13518",5000,0.1,1518,24658.4
"13519",5000,0.1,1519,24420.8
"13520",5000,0.1,1520,24238.8
"13521",5000,0.1,1521,25110.8
"13522",5000,0.1,1522,24670
"13523",5000,0.1,1523,24448.2
"13524",5000,0.1,1524,24924.4
"13525",5000,0.1,1525,25029.7
"13526",5000,0.1,1526,24868.4
"13527",5000,0.1,1527,24404.6
"13528",5000,0.1,1528,24567.6
"13529",5000,0.1,1529,24836.8
"13530",5000,0.1,1530,24615.2
"13531",5000,0.1,1531,24583.8
"13532",5000,0.1,1532,24564.6
"13533",5000,0.1,1533,24764.9
"13534",5000,0.1,1534,25185.4
"13535",5000,0.1,1535,24528.8
"13536",5000,0.1,1536,24546.4
"13537",5000,0.1,1537,24663.7
"13538",5000,0.1,1538,24661.9
"13539",5000,0.1,1539,24719
"13540",5000,0.1,1540,24717.3
"13541",5000,0.1,1541,25015
"13542",5000,0.1,1542,25234.5
"13543",5000,0.1,1543,24709
"13544",5000,0.1,1544,24963.8
"13545",5000,0.1,1545,25188.2
"13546",5000,0.1,1546,24389.1
"13547",5000,0.1,1547,24009.1
"13548",5000,0.1,1548,24027.6
"13549",5000,0.1,1549,24440.4
"13550",5000,0.1,1550,24558.7
"13551",5000,0.1,1551,24300
"13552",5000,0.1,1552,24310.2
"13553",5000,0.1,1553,24370.8
"13554",5000,0.1,1554,24385.4
"13555",5000,0.1,1555,24605.4
"13556",5000,0.1,1556,24380.4
"13557",5000,0.1,1557,24344.8
"13558",5000,0.1,1558,24633.4
"13559",5000,0.1,1559,25249.7
"13560",5000,0.1,1560,24956.4
"13561",5000,0.1,1561,24307
"13562",5000,0.1,1562,24492.8
"13563",5000,0.1,1563,24405.1
"13564",5000,0.1,1564,24618.3
"13565",5000,0.1,1565,24668.9
"13566",5000,0.1,1566,24570.9
"13567",5000,0.1,1567,24356.2
"13568",5000,0.1,1568,25595.4
"13569",5000,0.1,1569,24155.2
"13570",5000,0.1,1570,24471.1
"13571",5000,0.1,1571,24186.7
"13572",5000,0.1,1572,24390.2
"13573",5000,0.1,1573,24747.8
"13574",5000,0.1,1574,24726
"13575",5000,0.1,1575,24237
"13576",5000,0.1,1576,24337.3
"13577",5000,0.1,1577,24679.2
"13578",5000,0.1,1578,24813.9
"13579",5000,0.1,1579,24963.7
"13580",5000,0.1,1580,24418.1
"13581",5000,0.1,1581,24743.8
"13582",5000,0.1,1582,24786.3
"13583",5000,0.1,1583,24502.3
"13584",5000,0.1,1584,24809
"13585",5000,0.1,1585,24687.3
"13586",5000,0.1,1586,24929.6
"13587",5000,0.1,1587,24748.4
"13588",5000,0.1,1588,24725.1
"13589",5000,0.1,1589,24795.6
"13590",5000,0.1,1590,24528.7
"13591",5000,0.1,1591,24386.8
"13592",5000,0.1,1592,25261.2
"13593",5000,0.1,1593,24766.2
"13594",5000,0.1,1594,24256.3
"13595",5000,0.1,1595,24746
"13596",5000,0.1,1596,24604.3
"13597",5000,0.1,1597,24831.4
"13598",5000,0.1,1598,24874.2
"13599",5000,0.1,1599,24756.4
"13600",5000,0.1,1600,25046
"13601",5000,0.1,1601,24607.2
"13602",5000,0.1,1602,24351.8
"13603",5000,0.1,1603,24641
"13604",5000,0.1,1604,24421.8
"13605",5000,0.1,1605,24837.4
"13606",5000,0.1,1606,24444.1
"13607",5000,0.1,1607,24744.2
"13608",5000,0.1,1608,24765.1
"13609",5000,0.1,1609,25137.6
"13610",5000,0.1,1610,25700
"13611",5000,0.1,1611,24730.5
"13612",5000,0.1,1612,24211.7
"13613",5000,0.1,1613,23724.6
"13614",5000,0.1,1614,24044.5
"13615",5000,0.1,1615,23954.5
"13616",5000,0.1,1616,24389.3
"13617",5000,0.1,1617,24689.7
"13618",5000,0.1,1618,24691.5
"13619",5000,0.1,1619,24655.5
"13620",5000,0.1,1620,25114.4
"13621",5000,0.1,1621,24979.8
"13622",5000,0.1,1622,24968.5
"13623",5000,0.1,1623,25385.5
"13624",5000,0.1,1624,24170.3
"13625",5000,0.1,1625,24252.4
"13626",5000,0.1,1626,24641.8
"13627",5000,0.1,1627,24578.9
"13628",5000,0.1,1628,24596.4
"13629",5000,0.1,1629,24727.4
"13630",5000,0.1,1630,24910.3
"13631",5000,0.1,1631,24651.8
"13632",5000,0.1,1632,25142.9
"13633",5000,0.1,1633,24642.8
"13634",5000,0.1,1634,24485.9
"13635",5000,0.1,1635,25050.7
"13636",5000,0.1,1636,24366.1
"13637",5000,0.1,1637,24707.3
"13638",5000,0.1,1638,24526.5
"13639",5000,0.1,1639,24546.1
"13640",5000,0.1,1640,24526
"13641",5000,0.1,1641,24984.9
"13642",5000,0.1,1642,25688.1
"13643",5000,0.1,1643,24311.5
"13644",5000,0.1,1644,24255.7
"13645",5000,0.1,1645,23952
"13646",5000,0.1,1646,24289
"13647",5000,0.1,1647,24255.9
"13648",5000,0.1,1648,24306.8
"13649",5000,0.1,1649,24646.9
"13650",5000,0.1,1650,24609.9
"13651",5000,0.1,1651,24777.2
"13652",5000,0.1,1652,24663.1
"13653",5000,0.1,1653,24338.6
"13654",5000,0.1,1654,24339
"13655",5000,0.1,1655,24545.2
"13656",5000,0.1,1656,24275.4
"13657",5000,0.1,1657,24584.5
"13658",5000,0.1,1658,24632.5
"13659",5000,0.1,1659,25276.3
"13660",5000,0.1,1660,24961.3
"13661",5000,0.1,1661,24514.1
"13662",5000,0.1,1662,24473
"13663",5000,0.1,1663,24483.9
"13664",5000,0.1,1664,24619.8
"13665",5000,0.1,1665,24369.2
"13666",5000,0.1,1666,24501
"13667",5000,0.1,1667,24695.4
"13668",5000,0.1,1668,24832.6
"13669",5000,0.1,1669,25036.7
"13670",5000,0.1,1670,24613.2
"13671",5000,0.1,1671,24534.4
"13672",5000,0.1,1672,25011.6
"13673",5000,0.1,1673,24661.5
"13674",5000,0.1,1674,25008.4
"13675",5000,0.1,1675,25272.8
"13676",5000,0.1,1676,25079.5
"13677",5000,0.1,1677,24835.8
"13678",5000,0.1,1678,24922.1
"13679",5000,0.1,1679,24683.3
"13680",5000,0.1,1680,25102.4
"13681",5000,0.1,1681,24760.7
"13682",5000,0.1,1682,24563.4
"13683",5000,0.1,1683,24637.9
"13684",5000,0.1,1684,24861.8
"13685",5000,0.1,1685,24147.2
"13686",5000,0.1,1686,24145.4
"13687",5000,0.1,1687,24411
"13688",5000,0.1,1688,24441.3
"13689",5000,0.1,1689,24813
"13690",5000,0.1,1690,23987.1
"13691",5000,0.1,1691,24369.1
"13692",5000,0.1,1692,24158.4
"13693",5000,0.1,1693,24118.3
"13694",5000,0.1,1694,24168.6
"13695",5000,0.1,1695,24234
"13696",5000,0.1,1696,24764.9
"13697",5000,0.1,1697,25296.7
"13698",5000,0.1,1698,24642.9
"13699",5000,0.1,1699,25040.6
"13700",5000,0.1,1700,24593.6
"13701",5000,0.1,1701,24795.3
"13702",5000,0.1,1702,24868.5
"13703",5000,0.1,1703,24997
"13704",5000,0.1,1704,24719.7
"13705",5000,0.1,1705,24727.1
"13706",5000,0.1,1706,24842.7
"13707",5000,0.1,1707,25133.2
"13708",5000,0.1,1708,24760.2
"13709",5000,0.1,1709,24652.8
"13710",5000,0.1,1710,24741.7
"13711",5000,0.1,1711,24944
"13712",5000,0.1,1712,24288
"13713",5000,0.1,1713,24527
"13714",5000,0.1,1714,24585.9
"13715",5000,0.1,1715,24849.4
"13716",5000,0.1,1716,24766.6
"13717",5000,0.1,1717,24939.9
"13718",5000,0.1,1718,24489.6
"13719",5000,0.1,1719,24777.2
"13720",5000,0.1,1720,25011.7
"13721",5000,0.1,1721,24863.7
"13722",5000,0.1,1722,24474.9
"13723",5000,0.1,1723,25205.5
"13724",5000,0.1,1724,24480.3
"13725",5000,0.1,1725,24576.4
"13726",5000,0.1,1726,24553.6
"13727",5000,0.1,1727,24536.3
"13728",5000,0.1,1728,24372.2
"13729",5000,0.1,1729,24507
"13730",5000,0.1,1730,24651.3
"13731",5000,0.1,1731,24890.1
"13732",5000,0.1,1732,25011.7
"13733",5000,0.1,1733,24909.8
"13734",5000,0.1,1734,24844.9
"13735",5000,0.1,1735,25232.2
"13736",5000,0.1,1736,24275.1
"13737",5000,0.1,1737,24781.8
"13738",5000,0.1,1738,24965.6
"13739",5000,0.1,1739,25114.2
"13740",5000,0.1,1740,24683.7
"13741",5000,0.1,1741,24954.8
"13742",5000,0.1,1742,24541.3
"13743",5000,0.1,1743,24870.6
"13744",5000,0.1,1744,24843.8
"13745",5000,0.1,1745,24801.8
"13746",5000,0.1,1746,25123.3
"13747",5000,0.1,1747,25021.3
"13748",5000,0.1,1748,25301
"13749",5000,0.1,1749,24543.2
"13750",5000,0.1,1750,24543.4
"13751",5000,0.1,1751,24706.2
"13752",5000,0.1,1752,24958
"13753",5000,0.1,1753,24959.6
"13754",5000,0.1,1754,24864.2
"13755",5000,0.1,1755,24965.1
"13756",5000,0.1,1756,25112.4
"13757",5000,0.1,1757,24634.5
"13758",5000,0.1,1758,24728.8
"13759",5000,0.1,1759,24935.5
"13760",5000,0.1,1760,25175.3
"13761",5000,0.1,1761,24858.8
"13762",5000,0.1,1762,24976.2
"13763",5000,0.1,1763,24879.2
"13764",5000,0.1,1764,24613
"13765",5000,0.1,1765,24894.8
"13766",5000,0.1,1766,24837.9
"13767",5000,0.1,1767,25112
"13768",5000,0.1,1768,24725.4
"13769",5000,0.1,1769,24333.2
"13770",5000,0.1,1770,24777.3
"13771",5000,0.1,1771,24401.2
"13772",5000,0.1,1772,24015.8
"13773",5000,0.1,1773,24187.9
"13774",5000,0.1,1774,24579.8
"13775",5000,0.1,1775,24807.9
"13776",5000,0.1,1776,24181.4
"13777",5000,0.1,1777,24274.4
"13778",5000,0.1,1778,24748.4
"13779",5000,0.1,1779,25251.4
"13780",5000,0.1,1780,24617.9
"13781",5000,0.1,1781,24579.3
"13782",5000,0.1,1782,24933.1
"13783",5000,0.1,1783,24732.2
"13784",5000,0.1,1784,25077.5
"13785",5000,0.1,1785,24472.7
"13786",5000,0.1,1786,25152.2
"13787",5000,0.1,1787,24981
"13788",5000,0.1,1788,25456.1
"13789",5000,0.1,1789,24905.9
"13790",5000,0.1,1790,24375
"13791",5000,0.1,1791,24395.9
"13792",5000,0.1,1792,25000.9
"13793",5000,0.1,1793,24625.7
"13794",5000,0.1,1794,24658
"13795",5000,0.1,1795,25059.8
"13796",5000,0.1,1796,25056.9
"13797",5000,0.1,1797,24702.2
"13798",5000,0.1,1798,24914.6
"13799",5000,0.1,1799,24155.9
"13800",5000,0.1,1800,24653.9
"13801",5000,0.1,1801,24817.5
"13802",5000,0.1,1802,24681.3
"13803",5000,0.1,1803,24755.1
"13804",5000,0.1,1804,25006.3
"13805",5000,0.1,1805,25079.7
"13806",5000,0.1,1806,25074.2
"13807",5000,0.1,1807,24736.5
"13808",5000,0.1,1808,24503.5
"13809",5000,0.1,1809,24515.6
"13810",5000,0.1,1810,24930.5
"13811",5000,0.1,1811,24859.5
"13812",5000,0.1,1812,24778.3
"13813",5000,0.1,1813,24447.9
"13814",5000,0.1,1814,24339.9
"13815",5000,0.1,1815,24584.5
"13816",5000,0.1,1816,25112.1
"13817",5000,0.1,1817,25131.9
"13818",5000,0.1,1818,24811.9
"13819",5000,0.1,1819,25082
"13820",5000,0.1,1820,24742.6
"13821",5000,0.1,1821,24519.3
"13822",5000,0.1,1822,24600.2
"13823",5000,0.1,1823,25156.9
"13824",5000,0.1,1824,25276.1
"13825",5000,0.1,1825,24830.5
"13826",5000,0.1,1826,24595.1
"13827",5000,0.1,1827,25137.8
"13828",5000,0.1,1828,24366.5
"13829",5000,0.1,1829,25264
"13830",5000,0.1,1830,24638.8
"13831",5000,0.1,1831,24792.8
"13832",5000,0.1,1832,24813.4
"13833",5000,0.1,1833,24479.2
"13834",5000,0.1,1834,24938.8
"13835",5000,0.1,1835,24689.7
"13836",5000,0.1,1836,24527.8
"13837",5000,0.1,1837,24555.7
"13838",5000,0.1,1838,24780.6
"13839",5000,0.1,1839,24695.5
"13840",5000,0.1,1840,25003.3
"13841",5000,0.1,1841,25402.6
"13842",5000,0.1,1842,24571.5
"13843",5000,0.1,1843,24483.5
"13844",5000,0.1,1844,24960.5
"13845",5000,0.1,1845,24766.6
"13846",5000,0.1,1846,24483.8
"13847",5000,0.1,1847,24927.6
"13848",5000,0.1,1848,24555.2
"13849",5000,0.1,1849,24605
"13850",5000,0.1,1850,24799
"13851",5000,0.1,1851,24757.5
"13852",5000,0.1,1852,24998.3
"13853",5000,0.1,1853,25275.7
"13854",5000,0.1,1854,24354.7
"13855",5000,0.1,1855,24509.9
"13856",5000,0.1,1856,24599.8
"13857",5000,0.1,1857,24952.8
"13858",5000,0.1,1858,24886.3
"13859",5000,0.1,1859,24852.4
"13860",5000,0.1,1860,24637
"13861",5000,0.1,1861,24846.8
"13862",5000,0.1,1862,24859.2
"13863",5000,0.1,1863,24945.8
"13864",5000,0.1,1864,24894.4
"13865",5000,0.1,1865,24531.2
"13866",5000,0.1,1866,24946.7
"13867",5000,0.1,1867,24952.5
"13868",5000,0.1,1868,24922.5
"13869",5000,0.1,1869,25393.8
"13870",5000,0.1,1870,24814.2
"13871",5000,0.1,1871,24353.2
"13872",5000,0.1,1872,24721.2
"13873",5000,0.1,1873,24743.5
"13874",5000,0.1,1874,25097.6
"13875",5000,0.1,1875,24806.5
"13876",5000,0.1,1876,24525.2
"13877",5000,0.1,1877,24769.9
"13878",5000,0.1,1878,24693
"13879",5000,0.1,1879,24783.6
"13880",5000,0.1,1880,24450.7
"13881",5000,0.1,1881,24690.7
"13882",5000,0.1,1882,24739.7
"13883",5000,0.1,1883,24418.1
"13884",5000,0.1,1884,24745.3
"13885",5000,0.1,1885,24711.1
"13886",5000,0.1,1886,24444.5
"13887",5000,0.1,1887,24884.9
"13888",5000,0.1,1888,24552.2
"13889",5000,0.1,1889,24905.6
"13890",5000,0.1,1890,24660
"13891",5000,0.1,1891,24942.6
"13892",5000,0.1,1892,24912.5
"13893",5000,0.1,1893,24706.5
"13894",5000,0.1,1894,24770.5
"13895",5000,0.1,1895,24927.8
"13896",5000,0.1,1896,24575.9
"13897",5000,0.1,1897,24728.4
"13898",5000,0.1,1898,25385.1
"13899",5000,0.1,1899,24684.4
"13900",5000,0.1,1900,25119.4
"13901",5000,0.1,1901,24628.2
"13902",5000,0.1,1902,24807
"13903",5000,0.1,1903,24141.2
"13904",5000,0.1,1904,24670.4
"13905",5000,0.1,1905,24618.9
"13906",5000,0.1,1906,24319.7
"13907",5000,0.1,1907,24396.1
"13908",5000,0.1,1908,24380.7
"13909",5000,0.1,1909,24505.5
"13910",5000,0.1,1910,24685
"13911",5000,0.1,1911,24921.2
"13912",5000,0.1,1912,24749.2
"13913",5000,0.1,1913,25014.3
"13914",5000,0.1,1914,24236.2
"13915",5000,0.1,1915,24215.8
"13916",5000,0.1,1916,24367.7
"13917",5000,0.1,1917,24737.6
"13918",5000,0.1,1918,24505.7
"13919",5000,0.1,1919,24133.6
"13920",5000,0.1,1920,23993.6
"13921",5000,0.1,1921,24357.8
"13922",5000,0.1,1922,24318
"13923",5000,0.1,1923,24753.9
"13924",5000,0.1,1924,24992.6
"13925",5000,0.1,1925,24633.2
"13926",5000,0.1,1926,24085.5
"13927",5000,0.1,1927,24316.1
"13928",5000,0.1,1928,24441.3
"13929",5000,0.1,1929,24709.1
"13930",5000,0.1,1930,24906.1
"13931",5000,0.1,1931,25164.2
"13932",5000,0.1,1932,24345
"13933",5000,0.1,1933,24523.1
"13934",5000,0.1,1934,25155
"13935",5000,0.1,1935,24409.7
"13936",5000,0.1,1936,24602.5
"13937",5000,0.1,1937,24741.2
"13938",5000,0.1,1938,24323.8
"13939",5000,0.1,1939,24633.4
"13940",5000,0.1,1940,24531.7
"13941",5000,0.1,1941,24835.9
"13942",5000,0.1,1942,24753.4
"13943",5000,0.1,1943,25544.6
"13944",5000,0.1,1944,24739.2
"13945",5000,0.1,1945,24586.5
"13946",5000,0.1,1946,24399.7
"13947",5000,0.1,1947,24297.7
"13948",5000,0.1,1948,24376.2
"13949",5000,0.1,1949,24544.7
"13950",5000,0.1,1950,24626.4
"13951",5000,0.1,1951,24621.3
"13952",5000,0.1,1952,24901.9
"13953",5000,0.1,1953,24728.1
"13954",5000,0.1,1954,24824.2
"13955",5000,0.1,1955,24595.8
"13956",5000,0.1,1956,24636.4
"13957",5000,0.1,1957,24953.8
"13958",5000,0.1,1958,24567.3
"13959",5000,0.1,1959,24870.9
"13960",5000,0.1,1960,24115.5
"13961",5000,0.1,1961,24244.8
"13962",5000,0.1,1962,24768
"13963",5000,0.1,1963,24584.3
"13964",5000,0.1,1964,24609.8
"13965",5000,0.1,1965,25221.5
"13966",5000,0.1,1966,24555.3
"13967",5000,0.1,1967,24309.6
"13968",5000,0.1,1968,24437.1
"13969",5000,0.1,1969,24557.2
"13970",5000,0.1,1970,25025.7
"13971",5000,0.1,1971,24881.1
"13972",5000,0.1,1972,24879.5
"13973",5000,0.1,1973,24389.2
"13974",5000,0.1,1974,24878
"13975",5000,0.1,1975,24196.6
"13976",5000,0.1,1976,24078.1
"13977",5000,0.1,1977,24525.5
"13978",5000,0.1,1978,24400
"13979",5000,0.1,1979,24363.9
"13980",5000,0.1,1980,24943.9
"13981",5000,0.1,1981,24436.1
"13982",5000,0.1,1982,23973.5
"13983",5000,0.1,1983,24613.1
"13984",5000,0.1,1984,24294
"13985",5000,0.1,1985,24822.8
"13986",5000,0.1,1986,25057.7
"13987",5000,0.1,1987,24918.8
"13988",5000,0.1,1988,24960
"13989",5000,0.1,1989,24602
"13990",5000,0.1,1990,25231.7
"13991",5000,0.1,1991,25407
"13992",5000,0.1,1992,24508.9
"13993",5000,0.1,1993,24957.8
"13994",5000,0.1,1994,24869.2
"13995",5000,0.1,1995,24295.4
"13996",5000,0.1,1996,24890.5
"13997",5000,0.1,1997,24920.6
"13998",5000,0.1,1998,24962.8
"13999",5000,0.1,1999,24666.1
"14000",5000,0.1,2000,25134.2
"14001",5000,0.5,1,5442.3
"14002",5000,0.5,2,5724.4
"14003",5000,0.5,3,6069.3
"14004",5000,0.5,4,6154.7
"14005",5000,0.5,5,6370.2
"14006",5000,0.5,6,6537.2
"14007",5000,0.5,7,6676.6
"14008",5000,0.5,8,7050.5
"14009",5000,0.5,9,7062.4
"14010",5000,0.5,10,7272.6
"14011",5000,0.5,11,7350.5
"14012",5000,0.5,12,7567.2
"14013",5000,0.5,13,7849.2
"14014",5000,0.5,14,7780.6
"14015",5000,0.5,15,7846.4
"14016",5000,0.5,16,7818.8
"14017",5000,0.5,17,7931.1
"14018",5000,0.5,18,8170.2
"14019",5000,0.5,19,8428.8
"14020",5000,0.5,20,8536.8
"14021",5000,0.5,21,8714.8
"14022",5000,0.5,22,8840.4
"14023",5000,0.5,23,8878.2
"14024",5000,0.5,24,9036.5
"14025",5000,0.5,25,9281.8
"14026",5000,0.5,26,9292.5
"14027",5000,0.5,27,9515.3
"14028",5000,0.5,28,9745.8
"14029",5000,0.5,29,9764.7
"14030",5000,0.5,30,9901.1
"14031",5000,0.5,31,9983.2
"14032",5000,0.5,32,10126.5
"14033",5000,0.5,33,10174.1
"14034",5000,0.5,34,10309.5
"14035",5000,0.5,35,10395.7
"14036",5000,0.5,36,10535.8
"14037",5000,0.5,37,10772.7
"14038",5000,0.5,38,10937.9
"14039",5000,0.5,39,10786.8
"14040",5000,0.5,40,10924.3
"14041",5000,0.5,41,11135.3
"14042",5000,0.5,42,11352.6
"14043",5000,0.5,43,11560.7
"14044",5000,0.5,44,11552.3
"14045",5000,0.5,45,11626
"14046",5000,0.5,46,11723.5
"14047",5000,0.5,47,11740.5
"14048",5000,0.5,48,11822.5
"14049",5000,0.5,49,11956.3
"14050",5000,0.5,50,12154.3
"14051",5000,0.5,51,12099.6
"14052",5000,0.5,52,12239.6
"14053",5000,0.5,53,12585
"14054",5000,0.5,54,12521.3
"14055",5000,0.5,55,12504.7
"14056",5000,0.5,56,12547.7
"14057",5000,0.5,57,12793.3
"14058",5000,0.5,58,12956.4
"14059",5000,0.5,59,13161.6
"14060",5000,0.5,60,13294.5
"14061",5000,0.5,61,13161.2
"14062",5000,0.5,62,13304.8
"14063",5000,0.5,63,13544.4
"14064",5000,0.5,64,13735.5
"14065",5000,0.5,65,13931.4
"14066",5000,0.5,66,13923.4
"14067",5000,0.5,67,14058.5
"14068",5000,0.5,68,14220.8
"14069",5000,0.5,69,14464.4
"14070",5000,0.5,70,14711.7
"14071",5000,0.5,71,14662.1
"14072",5000,0.5,72,14915.3
"14073",5000,0.5,73,14873
"14074",5000,0.5,74,14994.4
"14075",5000,0.5,75,15221.2
"14076",5000,0.5,76,15364
"14077",5000,0.5,77,15463.9
"14078",5000,0.5,78,15615.2
"14079",5000,0.5,79,15734.5
"14080",5000,0.5,80,15845.2
"14081",5000,0.5,81,16196.3
"14082",5000,0.5,82,16056.8
"14083",5000,0.5,83,16272.3
"14084",5000,0.5,84,16616.2
"14085",5000,0.5,85,16745.4
"14086",5000,0.5,86,17165
"14087",5000,0.5,87,17177.4
"14088",5000,0.5,88,17224.4
"14089",5000,0.5,89,17524.3
"14090",5000,0.5,90,17398.2
"14091",5000,0.5,91,17593.3
"14092",5000,0.5,92,18001
"14093",5000,0.5,93,17991.6
"14094",5000,0.5,94,18111.2
"14095",5000,0.5,95,18389.5
"14096",5000,0.5,96,18343
"14097",5000,0.5,97,18613.4
"14098",5000,0.5,98,18932.9
"14099",5000,0.5,99,19325.8
"14100",5000,0.5,100,19612.6
"14101",5000,0.5,101,19846.5
"14102",5000,0.5,102,20100.2
"14103",5000,0.5,103,20368.1
"14104",5000,0.5,104,20799.6
"14105",5000,0.5,105,20826.9
"14106",5000,0.5,106,21247.7
"14107",5000,0.5,107,21576.5
"14108",5000,0.5,108,21559.8
"14109",5000,0.5,109,21873.5
"14110",5000,0.5,110,22303.8
"14111",5000,0.5,111,22481
"14112",5000,0.5,112,22584.7
"14113",5000,0.5,113,22970.4
"14114",5000,0.5,114,23209.6
"14115",5000,0.5,115,23622.2
"14116",5000,0.5,116,23530.6
"14117",5000,0.5,117,23601.9
"14118",5000,0.5,118,23679.5
"14119",5000,0.5,119,23833.2
"14120",5000,0.5,120,24221.1
"14121",5000,0.5,121,24356.4
"14122",5000,0.5,122,24395.3
"14123",5000,0.5,123,24307.6
"14124",5000,0.5,124,24091.1
"14125",5000,0.5,125,24367.4
"14126",5000,0.5,126,24273.4
"14127",5000,0.5,127,25012
"14128",5000,0.5,128,24439.7
"14129",5000,0.5,129,24447.9
"14130",5000,0.5,130,24499.3
"14131",5000,0.5,131,24397.3
"14132",5000,0.5,132,24502.5
"14133",5000,0.5,133,24738.9
"14134",5000,0.5,134,24714.7
"14135",5000,0.5,135,24768.5
"14136",5000,0.5,136,24634.4
"14137",5000,0.5,137,24520.9
"14138",5000,0.5,138,24901.4
"14139",5000,0.5,139,24247.8
"14140",5000,0.5,140,24189.5
"14141",5000,0.5,141,24718.9
"14142",5000,0.5,142,24928.4
"14143",5000,0.5,143,24380.8
"14144",5000,0.5,144,24690.3
"14145",5000,0.5,145,24501.7
"14146",5000,0.5,146,24515.4
"14147",5000,0.5,147,24714.6
"14148",5000,0.5,148,25066.8
"14149",5000,0.5,149,24922.6
"14150",5000,0.5,150,24615.1
"14151",5000,0.5,151,24793
"14152",5000,0.5,152,24781.8
"14153",5000,0.5,153,24615.7
"14154",5000,0.5,154,24433.6
"14155",5000,0.5,155,24692.6
"14156",5000,0.5,156,24705.7
"14157",5000,0.5,157,24086
"14158",5000,0.5,158,24540.3
"14159",5000,0.5,159,24434.5
"14160",5000,0.5,160,24479.6
"14161",5000,0.5,161,24437.6
"14162",5000,0.5,162,24327.1
"14163",5000,0.5,163,24383.1
"14164",5000,0.5,164,24096.7
"14165",5000,0.5,165,24089.7
"14166",5000,0.5,166,24518.8
"14167",5000,0.5,167,25023.4
"14168",5000,0.5,168,24643.8
"14169",5000,0.5,169,24752.6
"14170",5000,0.5,170,24652.6
"14171",5000,0.5,171,24551.2
"14172",5000,0.5,172,24694.7
"14173",5000,0.5,173,24625.8
"14174",5000,0.5,174,24802.7
"14175",5000,0.5,175,24637.6
"14176",5000,0.5,176,24940.5
"14177",5000,0.5,177,24993.4
"14178",5000,0.5,178,24663.3
"14179",5000,0.5,179,24729.4
"14180",5000,0.5,180,24031.7
"14181",5000,0.5,181,24293.6
"14182",5000,0.5,182,24217.9
"14183",5000,0.5,183,24410.3
"14184",5000,0.5,184,24358.3
"14185",5000,0.5,185,24076.7
"14186",5000,0.5,186,24475.7
"14187",5000,0.5,187,24581.5
"14188",5000,0.5,188,24427
"14189",5000,0.5,189,24558
"14190",5000,0.5,190,24495.5
"14191",5000,0.5,191,24446.6
"14192",5000,0.5,192,24686.7
"14193",5000,0.5,193,24544
"14194",5000,0.5,194,24364.2
"14195",5000,0.5,195,24501.9
"14196",5000,0.5,196,24624.9
"14197",5000,0.5,197,24590.8
"14198",5000,0.5,198,24611.4
"14199",5000,0.5,199,24270
"14200",5000,0.5,200,24491.8
"14201",5000,0.5,201,24970.2
"14202",5000,0.5,202,24805.7
"14203",5000,0.5,203,24977.2
"14204",5000,0.5,204,24515.6
"14205",5000,0.5,205,24744
"14206",5000,0.5,206,24380.8
"14207",5000,0.5,207,24317.4
"14208",5000,0.5,208,24509.4
"14209",5000,0.5,209,24468
"14210",5000,0.5,210,24484.9
"14211",5000,0.5,211,24414.8
"14212",5000,0.5,212,24327.8
"14213",5000,0.5,213,24452.4
"14214",5000,0.5,214,24505.5
"14215",5000,0.5,215,24802.2
"14216",5000,0.5,216,24388.2
"14217",5000,0.5,217,24298
"14218",5000,0.5,218,24781.2
"14219",5000,0.5,219,24273.3
"14220",5000,0.5,220,24385.9
"14221",5000,0.5,221,24624.6
"14222",5000,0.5,222,24731.8
"14223",5000,0.5,223,24681.8
"14224",5000,0.5,224,24859.8
"14225",5000,0.5,225,24600.4
"14226",5000,0.5,226,24871.4
"14227",5000,0.5,227,24731.9
"14228",5000,0.5,228,24606.5
"14229",5000,0.5,229,24766.9
"14230",5000,0.5,230,24310.8
"14231",5000,0.5,231,24429.2
"14232",5000,0.5,232,24135.4
"14233",5000,0.5,233,24591
"14234",5000,0.5,234,24607.9
"14235",5000,0.5,235,24844
"14236",5000,0.5,236,24651.6
"14237",5000,0.5,237,24571.2
"14238",5000,0.5,238,24682.4
"14239",5000,0.5,239,24648.1
"14240",5000,0.5,240,24954.6
"14241",5000,0.5,241,24684.6
"14242",5000,0.5,242,24538
"14243",5000,0.5,243,24171.8
"14244",5000,0.5,244,24351
"14245",5000,0.5,245,24968.3
"14246",5000,0.5,246,24271.4
"14247",5000,0.5,247,24815.3
"14248",5000,0.5,248,24244.8
"14249",5000,0.5,249,24477.7
"14250",5000,0.5,250,24457.1
"14251",5000,0.5,251,24622.7
"14252",5000,0.5,252,24886.7
"14253",5000,0.5,253,24601.1
"14254",5000,0.5,254,24829.9
"14255",5000,0.5,255,24710.5
"14256",5000,0.5,256,24738.3
"14257",5000,0.5,257,24857
"14258",5000,0.5,258,24934.2
"14259",5000,0.5,259,25049.5
"14260",5000,0.5,260,24744.5
"14261",5000,0.5,261,24784.4
"14262",5000,0.5,262,24254.6
"14263",5000,0.5,263,24344.7
"14264",5000,0.5,264,24484
"14265",5000,0.5,265,24914.2
"14266",5000,0.5,266,24308.4
"14267",5000,0.5,267,24293.4
"14268",5000,0.5,268,24533.9
"14269",5000,0.5,269,24364
"14270",5000,0.5,270,24608.5
"14271",5000,0.5,271,24573.4
"14272",5000,0.5,272,24283.6
"14273",5000,0.5,273,24294.1
"14274",5000,0.5,274,24756.7
"14275",5000,0.5,275,24568.8
"14276",5000,0.5,276,24684.1
"14277",5000,0.5,277,24276.4
"14278",5000,0.5,278,23898.3
"14279",5000,0.5,279,24335.4
"14280",5000,0.5,280,24582.4
"14281",5000,0.5,281,24470.4
"14282",5000,0.5,282,24378.4
"14283",5000,0.5,283,24205.6
"14284",5000,0.5,284,24450
"14285",5000,0.5,285,24881.7
"14286",5000,0.5,286,24742.1
"14287",5000,0.5,287,24634.8
"14288",5000,0.5,288,24878.1
"14289",5000,0.5,289,24687.9
"14290",5000,0.5,290,24720.1
"14291",5000,0.5,291,24594.2
"14292",5000,0.5,292,24847.4
"14293",5000,0.5,293,24749.6
"14294",5000,0.5,294,24652.9
"14295",5000,0.5,295,24473.2
"14296",5000,0.5,296,24383.7
"14297",5000,0.5,297,24610.3
"14298",5000,0.5,298,24411.7
"14299",5000,0.5,299,24316.7
"14300",5000,0.5,300,23956.7
"14301",5000,0.5,301,24120
"14302",5000,0.5,302,24149.4
"14303",5000,0.5,303,24184.7
"14304",5000,0.5,304,24757.5
"14305",5000,0.5,305,24278.6
"14306",5000,0.5,306,25182.4
"14307",5000,0.5,307,24384
"14308",5000,0.5,308,24310.3
"14309",5000,0.5,309,24305.6
"14310",5000,0.5,310,24436.8
"14311",5000,0.5,311,24629.7
"14312",5000,0.5,312,24838.9
"14313",5000,0.5,313,24809.9
"14314",5000,0.5,314,24372.7
"14315",5000,0.5,315,24359.8
"14316",5000,0.5,316,24597.2
"14317",5000,0.5,317,24935.8
"14318",5000,0.5,318,24912.5
"14319",5000,0.5,319,25005.8
"14320",5000,0.5,320,24805.9
"14321",5000,0.5,321,24096.1
"14322",5000,0.5,322,24371.3
"14323",5000,0.5,323,24411
"14324",5000,0.5,324,24672.6
"14325",5000,0.5,325,24563.6
"14326",5000,0.5,326,24718.7
"14327",5000,0.5,327,24686.3
"14328",5000,0.5,328,24544.7
"14329",5000,0.5,329,24797.7
"14330",5000,0.5,330,24808.5
"14331",5000,0.5,331,24685.8
"14332",5000,0.5,332,24714.8
"14333",5000,0.5,333,24905
"14334",5000,0.5,334,24901.6
"14335",5000,0.5,335,24531.4
"14336",5000,0.5,336,24351.8
"14337",5000,0.5,337,24846.2
"14338",5000,0.5,338,24896.9
"14339",5000,0.5,339,24460
"14340",5000,0.5,340,24580.7
"14341",5000,0.5,341,24508.6
"14342",5000,0.5,342,24339.2
"14343",5000,0.5,343,24294.7
"14344",5000,0.5,344,24661.5
"14345",5000,0.5,345,24764.6
"14346",5000,0.5,346,24908.4
"14347",5000,0.5,347,24773.8
"14348",5000,0.5,348,24619.2
"14349",5000,0.5,349,24583.3
"14350",5000,0.5,350,24474.3
"14351",5000,0.5,351,24567.6
"14352",5000,0.5,352,24694.6
"14353",5000,0.5,353,24551.3
"14354",5000,0.5,354,24358.3
"14355",5000,0.5,355,24704.3
"14356",5000,0.5,356,24093.8
"14357",5000,0.5,357,24309.3
"14358",5000,0.5,358,24436.1
"14359",5000,0.5,359,24393.6
"14360",5000,0.5,360,24310.8
"14361",5000,0.5,361,23919.4
"14362",5000,0.5,362,24263.9
"14363",5000,0.5,363,24915.8
"14364",5000,0.5,364,24851.8
"14365",5000,0.5,365,24622.3
"14366",5000,0.5,366,24820.4
"14367",5000,0.5,367,24815
"14368",5000,0.5,368,25113.7
"14369",5000,0.5,369,24974.6
"14370",5000,0.5,370,24721.8
"14371",5000,0.5,371,24406.2
"14372",5000,0.5,372,24397.4
"14373",5000,0.5,373,24924.6
"14374",5000,0.5,374,24710.2
"14375",5000,0.5,375,25273.2
"14376",5000,0.5,376,24141.4
"14377",5000,0.5,377,24763
"14378",5000,0.5,378,24168.4
"14379",5000,0.5,379,24072.1
"14380",5000,0.5,380,24247.3
"14381",5000,0.5,381,24375.3
"14382",5000,0.5,382,24635.8
"14383",5000,0.5,383,24815.8
"14384",5000,0.5,384,24799.4
"14385",5000,0.5,385,24628.8
"14386",5000,0.5,386,24839.2
"14387",5000,0.5,387,25030.3
"14388",5000,0.5,388,24946.8
"14389",5000,0.5,389,24918.2
"14390",5000,0.5,390,24423.9
"14391",5000,0.5,391,24472.9
"14392",5000,0.5,392,24673.6
"14393",5000,0.5,393,24813.2
"14394",5000,0.5,394,24507.7
"14395",5000,0.5,395,24644.6
"14396",5000,0.5,396,24753.6
"14397",5000,0.5,397,24674.9
"14398",5000,0.5,398,24647.2
"14399",5000,0.5,399,24563.6
"14400",5000,0.5,400,24759.3
"14401",5000,0.5,401,24733.3
"14402",5000,0.5,402,24493.2
"14403",5000,0.5,403,24885.3
"14404",5000,0.5,404,24251.2
"14405",5000,0.5,405,24323.2
"14406",5000,0.5,406,24253
"14407",5000,0.5,407,24701.4
"14408",5000,0.5,408,24460.3
"14409",5000,0.5,409,24891
"14410",5000,0.5,410,24800.1
"14411",5000,0.5,411,25117.6
"14412",5000,0.5,412,24392.9
"14413",5000,0.5,413,24569.5
"14414",5000,0.5,414,24377.4
"14415",5000,0.5,415,24191.6
"14416",5000,0.5,416,24499.8
"14417",5000,0.5,417,24659.7
"14418",5000,0.5,418,24579.1
"14419",5000,0.5,419,24610.3
"14420",5000,0.5,420,24693.7
"14421",5000,0.5,421,24489.5
"14422",5000,0.5,422,24426.1
"14423",5000,0.5,423,24506.1
"14424",5000,0.5,424,24908
"14425",5000,0.5,425,24747.5
"14426",5000,0.5,426,24729.5
"14427",5000,0.5,427,24742.1
"14428",5000,0.5,428,24291.4
"14429",5000,0.5,429,24637.7
"14430",5000,0.5,430,24592.5
"14431",5000,0.5,431,24601.2
"14432",5000,0.5,432,24349.6
"14433",5000,0.5,433,24300.9
"14434",5000,0.5,434,24212.7
"14435",5000,0.5,435,24336.2
"14436",5000,0.5,436,24500.2
"14437",5000,0.5,437,24230.5
"14438",5000,0.5,438,24274.4
"14439",5000,0.5,439,24621.7
"14440",5000,0.5,440,24450.1
"14441",5000,0.5,441,24715.2
"14442",5000,0.5,442,24680
"14443",5000,0.5,443,24339.5
"14444",5000,0.5,444,24509.7
"14445",5000,0.5,445,24648.7
"14446",5000,0.5,446,24848.3
"14447",5000,0.5,447,24553.3
"14448",5000,0.5,448,24652.2
"14449",5000,0.5,449,24810.1
"14450",5000,0.5,450,24997.9
"14451",5000,0.5,451,24861.5
"14452",5000,0.5,452,24548.6
"14453",5000,0.5,453,24717.9
"14454",5000,0.5,454,24645.8
"14455",5000,0.5,455,24295
"14456",5000,0.5,456,24470.8
"14457",5000,0.5,457,24561.9
"14458",5000,0.5,458,24664.9
"14459",5000,0.5,459,24811
"14460",5000,0.5,460,24902.3
"14461",5000,0.5,461,24606.6
"14462",5000,0.5,462,24723.7
"14463",5000,0.5,463,24639.2
"14464",5000,0.5,464,24619.9
"14465",5000,0.5,465,24544
"14466",5000,0.5,466,24765.1
"14467",5000,0.5,467,24519.5
"14468",5000,0.5,468,24361.2
"14469",5000,0.5,469,24697.1
"14470",5000,0.5,470,24893.5
"14471",5000,0.5,471,24793.6
"14472",5000,0.5,472,24582
"14473",5000,0.5,473,24610
"14474",5000,0.5,474,24800.6
"14475",5000,0.5,475,24907.1
"14476",5000,0.5,476,24945.7
"14477",5000,0.5,477,24826.6
"14478",5000,0.5,478,25012.4
"14479",5000,0.5,479,24927.2
"14480",5000,0.5,480,24588.2
"14481",5000,0.5,481,24491.3
"14482",5000,0.5,482,24439.8
"14483",5000,0.5,483,24333.5
"14484",5000,0.5,484,24464.6
"14485",5000,0.5,485,24552.3
"14486",5000,0.5,486,24473.8
"14487",5000,0.5,487,24629
"14488",5000,0.5,488,24849
"14489",5000,0.5,489,24623.6
"14490",5000,0.5,490,24752.3
"14491",5000,0.5,491,24641.4
"14492",5000,0.5,492,24636.5
"14493",5000,0.5,493,24730.4
"14494",5000,0.5,494,24587.4
"14495",5000,0.5,495,24417
"14496",5000,0.5,496,24968.7
"14497",5000,0.5,497,24748.2
"14498",5000,0.5,498,24402.3
"14499",5000,0.5,499,24866.6
"14500",5000,0.5,500,24855.7
"14501",5000,0.5,501,24292
"14502",5000,0.5,502,24705.6
"14503",5000,0.5,503,24655.8
"14504",5000,0.5,504,24675.7
"14505",5000,0.5,505,24752.2
"14506",5000,0.5,506,24766
"14507",5000,0.5,507,24664.4
"14508",5000,0.5,508,24789.8
"14509",5000,0.5,509,24591.5
"14510",5000,0.5,510,24757.4
"14511",5000,0.5,511,24585.1
"14512",5000,0.5,512,24672.8
"14513",5000,0.5,513,24662.6
"14514",5000,0.5,514,24983
"14515",5000,0.5,515,24671.6
"14516",5000,0.5,516,24460.9
"14517",5000,0.5,517,24858.9
"14518",5000,0.5,518,24702.1
"14519",5000,0.5,519,24565.2
"14520",5000,0.5,520,24461.9
"14521",5000,0.5,521,24507.2
"14522",5000,0.5,522,24485.1
"14523",5000,0.5,523,24257.4
"14524",5000,0.5,524,24213.5
"14525",5000,0.5,525,24472.5
"14526",5000,0.5,526,24256.8
"14527",5000,0.5,527,24608.5
"14528",5000,0.5,528,24692.8
"14529",5000,0.5,529,24590.9
"14530",5000,0.5,530,24804.4
"14531",5000,0.5,531,24810
"14532",5000,0.5,532,24523.6
"14533",5000,0.5,533,24411.6
"14534",5000,0.5,534,24222.9
"14535",5000,0.5,535,24208.4
"14536",5000,0.5,536,24520
"14537",5000,0.5,537,24594.6
"14538",5000,0.5,538,24287.3
"14539",5000,0.5,539,24546
"14540",5000,0.5,540,24854.1
"14541",5000,0.5,541,24707.7
"14542",5000,0.5,542,24999.6
"14543",5000,0.5,543,24946
"14544",5000,0.5,544,24455.7
"14545",5000,0.5,545,24825.2
"14546",5000,0.5,546,24562.4
"14547",5000,0.5,547,24785.7
"14548",5000,0.5,548,24305.3
"14549",5000,0.5,549,24572.5
"14550",5000,0.5,550,24260.1
"14551",5000,0.5,551,24584
"14552",5000,0.5,552,24502.9
"14553",5000,0.5,553,24558.4
"14554",5000,0.5,554,24700.1
"14555",5000,0.5,555,24613.4
"14556",5000,0.5,556,24718.8
"14557",5000,0.5,557,24987.3
"14558",5000,0.5,558,24864.3
"14559",5000,0.5,559,24716.7
"14560",5000,0.5,560,24835
"14561",5000,0.5,561,25005.1
"14562",5000,0.5,562,24759.2
"14563",5000,0.5,563,24724.7
"14564",5000,0.5,564,24509.7
"14565",5000,0.5,565,23984.9
"14566",5000,0.5,566,24109.5
"14567",5000,0.5,567,24189.7
"14568",5000,0.5,568,24217.3
"14569",5000,0.5,569,24567.3
"14570",5000,0.5,570,24516.8
"14571",5000,0.5,571,24655.4
"14572",5000,0.5,572,24675.7
"14573",5000,0.5,573,24722.5
"14574",5000,0.5,574,24910.3
"14575",5000,0.5,575,24837.7
"14576",5000,0.5,576,24858.6
"14577",5000,0.5,577,24579.5
"14578",5000,0.5,578,24661.3
"14579",5000,0.5,579,24536.8
"14580",5000,0.5,580,24624.5
"14581",5000,0.5,581,24980.5
"14582",5000,0.5,582,24803.3
"14583",5000,0.5,583,24258.5
"14584",5000,0.5,584,23739.1
"14585",5000,0.5,585,24110.7
"14586",5000,0.5,586,24410
"14587",5000,0.5,587,24621.5
"14588",5000,0.5,588,24683.4
"14589",5000,0.5,589,24740.6
"14590",5000,0.5,590,24794.8
"14591",5000,0.5,591,24767.4
"14592",5000,0.5,592,24577.2
"14593",5000,0.5,593,24329.7
"14594",5000,0.5,594,24502.1
"14595",5000,0.5,595,24265.8
"14596",5000,0.5,596,24483
"14597",5000,0.5,597,24204.5
"14598",5000,0.5,598,24537.4
"14599",5000,0.5,599,24662.1
"14600",5000,0.5,600,24611.6
"14601",5000,0.5,601,24354.9
"14602",5000,0.5,602,24395
"14603",5000,0.5,603,24554.4
"14604",5000,0.5,604,24733.6
"14605",5000,0.5,605,24802.2
"14606",5000,0.5,606,24298.2
"14607",5000,0.5,607,24807.5
"14608",5000,0.5,608,24554.4
"14609",5000,0.5,609,24728.3
"14610",5000,0.5,610,24988
"14611",5000,0.5,611,24401.3
"14612",5000,0.5,612,23963.9
"14613",5000,0.5,613,24218.2
"14614",5000,0.5,614,24543.7
"14615",5000,0.5,615,24338.7
"14616",5000,0.5,616,24376.1
"14617",5000,0.5,617,24297.7
"14618",5000,0.5,618,24544.3
"14619",5000,0.5,619,24527.3
"14620",5000,0.5,620,24398.2
"14621",5000,0.5,621,24313.4
"14622",5000,0.5,622,24242.4
"14623",5000,0.5,623,24474
"14624",5000,0.5,624,24432.8
"14625",5000,0.5,625,24799.7
"14626",5000,0.5,626,24762.6
"14627",5000,0.5,627,24731
"14628",5000,0.5,628,24700.8
"14629",5000,0.5,629,24720.4
"14630",5000,0.5,630,24494.7
"14631",5000,0.5,631,24475.9
"14632",5000,0.5,632,25007.2
"14633",5000,0.5,633,24391.2
"14634",5000,0.5,634,24755
"14635",5000,0.5,635,24643.7
"14636",5000,0.5,636,24532.7
"14637",5000,0.5,637,24872.2
"14638",5000,0.5,638,24691.3
"14639",5000,0.5,639,24892.4
"14640",5000,0.5,640,24488.8
"14641",5000,0.5,641,24813.4
"14642",5000,0.5,642,24643.7
"14643",5000,0.5,643,24895.2
"14644",5000,0.5,644,24807
"14645",5000,0.5,645,24770.3
"14646",5000,0.5,646,25040.6
"14647",5000,0.5,647,24564.1
"14648",5000,0.5,648,24530
"14649",5000,0.5,649,24546.6
"14650",5000,0.5,650,24515.4
"14651",5000,0.5,651,24442.5
"14652",5000,0.5,652,24590.3
"14653",5000,0.5,653,24876.4
"14654",5000,0.5,654,24717.4
"14655",5000,0.5,655,24409.4
"14656",5000,0.5,656,24704.3
"14657",5000,0.5,657,24318.2
"14658",5000,0.5,658,24754.3
"14659",5000,0.5,659,24813
"14660",5000,0.5,660,24582.8
"14661",5000,0.5,661,24909.5
"14662",5000,0.5,662,24573
"14663",5000,0.5,663,24700.3
"14664",5000,0.5,664,24437
"14665",5000,0.5,665,24786.2
"14666",5000,0.5,666,24945.5
"14667",5000,0.5,667,24656.1
"14668",5000,0.5,668,24357.9
"14669",5000,0.5,669,24270.1
"14670",5000,0.5,670,24351.3
"14671",5000,0.5,671,24616.6
"14672",5000,0.5,672,24753.4
"14673",5000,0.5,673,24482.7
"14674",5000,0.5,674,24747.5
"14675",5000,0.5,675,24923.7
"14676",5000,0.5,676,24580
"14677",5000,0.5,677,24616.7
"14678",5000,0.5,678,24640.1
"14679",5000,0.5,679,24807.8
"14680",5000,0.5,680,24592.8
"14681",5000,0.5,681,24910.2
"14682",5000,0.5,682,24730.4
"14683",5000,0.5,683,24651.2
"14684",5000,0.5,684,24507.1
"14685",5000,0.5,685,24697.2
"14686",5000,0.5,686,25007.7
"14687",5000,0.5,687,24866.8
"14688",5000,0.5,688,24719.4
"14689",5000,0.5,689,24644.5
"14690",5000,0.5,690,24830
"14691",5000,0.5,691,25030.8
"14692",5000,0.5,692,24543.8
"14693",5000,0.5,693,24829.6
"14694",5000,0.5,694,24711.9
"14695",5000,0.5,695,24754.5
"14696",5000,0.5,696,24770.8
"14697",5000,0.5,697,24975.3
"14698",5000,0.5,698,24726.9
"14699",5000,0.5,699,24624.7
"14700",5000,0.5,700,24505.8
"14701",5000,0.5,701,24498.4
"14702",5000,0.5,702,24725.7
"14703",5000,0.5,703,24442
"14704",5000,0.5,704,24331.7
"14705",5000,0.5,705,24370.3
"14706",5000,0.5,706,24643.5
"14707",5000,0.5,707,24763.5
"14708",5000,0.5,708,24461.8
"14709",5000,0.5,709,24893
"14710",5000,0.5,710,24299.1
"14711",5000,0.5,711,24398.9
"14712",5000,0.5,712,24796.9
"14713",5000,0.5,713,24731.3
"14714",5000,0.5,714,24481.3
"14715",5000,0.5,715,24627.6
"14716",5000,0.5,716,24026.7
"14717",5000,0.5,717,24231.4
"14718",5000,0.5,718,24255.9
"14719",5000,0.5,719,24722.7
"14720",5000,0.5,720,24498.4
"14721",5000,0.5,721,24464.2
"14722",5000,0.5,722,24573.5
"14723",5000,0.5,723,24541.1
"14724",5000,0.5,724,24329.2
"14725",5000,0.5,725,24700.8
"14726",5000,0.5,726,24631.3
"14727",5000,0.5,727,24672.2
"14728",5000,0.5,728,24748.3
"14729",5000,0.5,729,24614.2
"14730",5000,0.5,730,24922.8
"14731",5000,0.5,731,24723.4
"14732",5000,0.5,732,24694.5
"14733",5000,0.5,733,24556.1
"14734",5000,0.5,734,24337.2
"14735",5000,0.5,735,24661.8
"14736",5000,0.5,736,24289.4
"14737",5000,0.5,737,24307.2
"14738",5000,0.5,738,24628.8
"14739",5000,0.5,739,24824.1
"14740",5000,0.5,740,25441.8
"14741",5000,0.5,741,24256.4
"14742",5000,0.5,742,24410.2
"14743",5000,0.5,743,24438.4
"14744",5000,0.5,744,24590.6
"14745",5000,0.5,745,24421.3
"14746",5000,0.5,746,24152.5
"14747",5000,0.5,747,24567.3
"14748",5000,0.5,748,24368.7
"14749",5000,0.5,749,24485.2
"14750",5000,0.5,750,24354.6
"14751",5000,0.5,751,24625.9
"14752",5000,0.5,752,24482.7
"14753",5000,0.5,753,24432
"14754",5000,0.5,754,24556
"14755",5000,0.5,755,24437.6
"14756",5000,0.5,756,24495.2
"14757",5000,0.5,757,24783.7
"14758",5000,0.5,758,24912.9
"14759",5000,0.5,759,24672.7
"14760",5000,0.5,760,24449.5
"14761",5000,0.5,761,24796.5
"14762",5000,0.5,762,24482.3
"14763",5000,0.5,763,24859.5
"14764",5000,0.5,764,24527.5
"14765",5000,0.5,765,24563.7
"14766",5000,0.5,766,24757.3
"14767",5000,0.5,767,24619.3
"14768",5000,0.5,768,24879.2
"14769",5000,0.5,769,24281.4
"14770",5000,0.5,770,24270.6
"14771",5000,0.5,771,24399.8
"14772",5000,0.5,772,24459.6
"14773",5000,0.5,773,24376.5
"14774",5000,0.5,774,24441.7
"14775",5000,0.5,775,24775.1
"14776",5000,0.5,776,24676.6
"14777",5000,0.5,777,24554.1
"14778",5000,0.5,778,24310.8
"14779",5000,0.5,779,24772.2
"14780",5000,0.5,780,24748.6
"14781",5000,0.5,781,24548.4
"14782",5000,0.5,782,24461.3
"14783",5000,0.5,783,24276.7
"14784",5000,0.5,784,24421
"14785",5000,0.5,785,24602.4
"14786",5000,0.5,786,24903.9
"14787",5000,0.5,787,24551.5
"14788",5000,0.5,788,24583.2
"14789",5000,0.5,789,24671.3
"14790",5000,0.5,790,24570.6
"14791",5000,0.5,791,24507.4
"14792",5000,0.5,792,24361.8
"14793",5000,0.5,793,24449
"14794",5000,0.5,794,24440.2
"14795",5000,0.5,795,24529.6
"14796",5000,0.5,796,24252.2
"14797",5000,0.5,797,24429.7
"14798",5000,0.5,798,24927.9
"14799",5000,0.5,799,24671.7
"14800",5000,0.5,800,24704.6
"14801",5000,0.5,801,24575
"14802",5000,0.5,802,24848.4
"14803",5000,0.5,803,24435.1
"14804",5000,0.5,804,24580
"14805",5000,0.5,805,24563.3
"14806",5000,0.5,806,24594.8
"14807",5000,0.5,807,24690.4
"14808",5000,0.5,808,24354.2
"14809",5000,0.5,809,24486.1
"14810",5000,0.5,810,24320.6
"14811",5000,0.5,811,24534.1
"14812",5000,0.5,812,24496.9
"14813",5000,0.5,813,24595.9
"14814",5000,0.5,814,24718.8
"14815",5000,0.5,815,24640.7
"14816",5000,0.5,816,24202.7
"14817",5000,0.5,817,24830.2
"14818",5000,0.5,818,24373.3
"14819",5000,0.5,819,24286.8
"14820",5000,0.5,820,24790.9
"14821",5000,0.5,821,24783.6
"14822",5000,0.5,822,25105.7
"14823",5000,0.5,823,24619.3
"14824",5000,0.5,824,24524.3
"14825",5000,0.5,825,24572.1
"14826",5000,0.5,826,24699.6
"14827",5000,0.5,827,24755.7
"14828",5000,0.5,828,24605.1
"14829",5000,0.5,829,24552
"14830",5000,0.5,830,24851.6
"14831",5000,0.5,831,24440.5
"14832",5000,0.5,832,24747.7
"14833",5000,0.5,833,23794.7
"14834",5000,0.5,834,24352.4
"14835",5000,0.5,835,24243.7
"14836",5000,0.5,836,24347.8
"14837",5000,0.5,837,24434.8
"14838",5000,0.5,838,24571.8
"14839",5000,0.5,839,24547.6
"14840",5000,0.5,840,24706.4
"14841",5000,0.5,841,24453.8
"14842",5000,0.5,842,24364.9
"14843",5000,0.5,843,24806.4
"14844",5000,0.5,844,24825.5
"14845",5000,0.5,845,24730.9
"14846",5000,0.5,846,25098.2
"14847",5000,0.5,847,25027.2
"14848",5000,0.5,848,24635.4
"14849",5000,0.5,849,24097.4
"14850",5000,0.5,850,24232.3
"14851",5000,0.5,851,24165.7
"14852",5000,0.5,852,24453
"14853",5000,0.5,853,24486.6
"14854",5000,0.5,854,24940.5
"14855",5000,0.5,855,24555.1
"14856",5000,0.5,856,24937.3
"14857",5000,0.5,857,24424
"14858",5000,0.5,858,24258
"14859",5000,0.5,859,24569.5
"14860",5000,0.5,860,24652.1
"14861",5000,0.5,861,25064
"14862",5000,0.5,862,24972
"14863",5000,0.5,863,24854.3
"14864",5000,0.5,864,24479.8
"14865",5000,0.5,865,24516.4
"14866",5000,0.5,866,24524.3
"14867",5000,0.5,867,23909.5
"14868",5000,0.5,868,24604.7
"14869",5000,0.5,869,24609.8
"14870",5000,0.5,870,24289.2
"14871",5000,0.5,871,24576.5
"14872",5000,0.5,872,24457.3
"14873",5000,0.5,873,24970.9
"14874",5000,0.5,874,24632.7
"14875",5000,0.5,875,24484.8
"14876",5000,0.5,876,24181.3
"14877",5000,0.5,877,24436.9
"14878",5000,0.5,878,24640.8
"14879",5000,0.5,879,24463.3
"14880",5000,0.5,880,24492
"14881",5000,0.5,881,24882.3
"14882",5000,0.5,882,24398.3
"14883",5000,0.5,883,24778.3
"14884",5000,0.5,884,24983.3
"14885",5000,0.5,885,24441.1
"14886",5000,0.5,886,24786.8
"14887",5000,0.5,887,24173.3
"14888",5000,0.5,888,24536.4
"14889",5000,0.5,889,24373.1
"14890",5000,0.5,890,24309
"14891",5000,0.5,891,24499.9
"14892",5000,0.5,892,24469.1
"14893",5000,0.5,893,24928.6
"14894",5000,0.5,894,24642.4
"14895",5000,0.5,895,24646.6
"14896",5000,0.5,896,24589.9
"14897",5000,0.5,897,25180.6
"14898",5000,0.5,898,24847.6
"14899",5000,0.5,899,24871.6
"14900",5000,0.5,900,24601.1
"14901",5000,0.5,901,24440.4
"14902",5000,0.5,902,24571.3
"14903",5000,0.5,903,24714.4
"14904",5000,0.5,904,24603.7
"14905",5000,0.5,905,24827.2
"14906",5000,0.5,906,24708.1
"14907",5000,0.5,907,24419.3
"14908",5000,0.5,908,24650.9
"14909",5000,0.5,909,24937.9
"14910",5000,0.5,910,24670.8
"14911",5000,0.5,911,24612.5
"14912",5000,0.5,912,24348.7
"14913",5000,0.5,913,24598.3
"14914",5000,0.5,914,24799.8
"14915",5000,0.5,915,24497.8
"14916",5000,0.5,916,24457.3
"14917",5000,0.5,917,24942.7
"14918",5000,0.5,918,24582.7
"14919",5000,0.5,919,24311.7
"14920",5000,0.5,920,24279.6
"14921",5000,0.5,921,24697.9
"14922",5000,0.5,922,24616.9
"14923",5000,0.5,923,24861.5
"14924",5000,0.5,924,25070.9
"14925",5000,0.5,925,24776.7
"14926",5000,0.5,926,24712
"14927",5000,0.5,927,24461.7
"14928",5000,0.5,928,25070.6
"14929",5000,0.5,929,24580.1
"14930",5000,0.5,930,24512
"14931",5000,0.5,931,24608.5
"14932",5000,0.5,932,24198
"14933",5000,0.5,933,23967.9
"14934",5000,0.5,934,24644.7
"14935",5000,0.5,935,24777.5
"14936",5000,0.5,936,24705.6
"14937",5000,0.5,937,24445.6
"14938",5000,0.5,938,24289.3
"14939",5000,0.5,939,24859.3
"14940",5000,0.5,940,24587.1
"14941",5000,0.5,941,24657.3
"14942",5000,0.5,942,24160.9
"14943",5000,0.5,943,24208.3
"14944",5000,0.5,944,24484.7
"14945",5000,0.5,945,24576
"14946",5000,0.5,946,24575.1
"14947",5000,0.5,947,24473.2
"14948",5000,0.5,948,24887.2
"14949",5000,0.5,949,24320
"14950",5000,0.5,950,24558.8
"14951",5000,0.5,951,24276.6
"14952",5000,0.5,952,24712.2
"14953",5000,0.5,953,24402.1
"14954",5000,0.5,954,24401.4
"14955",5000,0.5,955,24269.2
"14956",5000,0.5,956,24504.3
"14957",5000,0.5,957,24321.5
"14958",5000,0.5,958,24699.6
"14959",5000,0.5,959,24445.7
"14960",5000,0.5,960,24423.7
"14961",5000,0.5,961,24579.2
"14962",5000,0.5,962,24684.2
"14963",5000,0.5,963,24604
"14964",5000,0.5,964,24979.2
"14965",5000,0.5,965,24745.8
"14966",5000,0.5,966,24815.3
"14967",5000,0.5,967,24697.4
"14968",5000,0.5,968,24230
"14969",5000,0.5,969,24485
"14970",5000,0.5,970,24494.1
"14971",5000,0.5,971,24394.3
"14972",5000,0.5,972,24482.8
"14973",5000,0.5,973,24673.6
"14974",5000,0.5,974,24514.4
"14975",5000,0.5,975,24676.1
"14976",5000,0.5,976,24787.2
"14977",5000,0.5,977,24430.2
"14978",5000,0.5,978,24270.1
"14979",5000,0.5,979,24471.5
"14980",5000,0.5,980,24557.4
"14981",5000,0.5,981,24901.2
"14982",5000,0.5,982,25011.6
"14983",5000,0.5,983,24644.8
"14984",5000,0.5,984,24252.4
"14985",5000,0.5,985,24332.6
"14986",5000,0.5,986,24650.8
"14987",5000,0.5,987,24734.4
"14988",5000,0.5,988,24373
"14989",5000,0.5,989,24517.1
"14990",5000,0.5,990,24684
"14991",5000,0.5,991,24676
"14992",5000,0.5,992,24554.6
"14993",5000,0.5,993,25006.4
"14994",5000,0.5,994,24506.8
"14995",5000,0.5,995,24567.4
"14996",5000,0.5,996,24754.7
"14997",5000,0.5,997,24803.2
"14998",5000,0.5,998,24984.4
"14999",5000,0.5,999,24506.3
"15000",5000,0.5,1000,22964.7
"15001",5000,0.5,1001,21702.1
"15002",5000,0.5,1002,21002.1
"15003",5000,0.5,1003,20086.4
"15004",5000,0.5,1004,19699.9
"15005",5000,0.5,1005,19026.2
"15006",5000,0.5,1006,18284.5
"15007",5000,0.5,1007,17935
"15008",5000,0.5,1008,17131.8
"15009",5000,0.5,1009,16835.4
"15010",5000,0.5,1010,16458.1
"15011",5000,0.5,1011,15967.7
"15012",5000,0.5,1012,15509.9
"15013",5000,0.5,1013,15460.3
"15014",5000,0.5,1014,15042.8
"15015",5000,0.5,1015,15036.9
"15016",5000,0.5,1016,14527.4
"15017",5000,0.5,1017,14407.3
"15018",5000,0.5,1018,14004.4
"15019",5000,0.5,1019,13852.8
"15020",5000,0.5,1020,13596.1
"15021",5000,0.5,1021,13312.4
"15022",5000,0.5,1022,13341.4
"15023",5000,0.5,1023,13264.6
"15024",5000,0.5,1024,13072.6
"15025",5000,0.5,1025,17577.1
"15026",5000,0.5,1026,16686.3
"15027",5000,0.5,1027,16290.3
"15028",5000,0.5,1028,15714.7
"15029",5000,0.5,1029,15342.9
"15030",5000,0.5,1030,15590.1
"15031",5000,0.5,1031,15116.3
"15032",5000,0.5,1032,15086.4
"15033",5000,0.5,1033,14989.3
"15034",5000,0.5,1034,14498.6
"15035",5000,0.5,1035,14380.2
"15036",5000,0.5,1036,14334.7
"15037",5000,0.5,1037,14103.1
"15038",5000,0.5,1038,14011
"15039",5000,0.5,1039,14154.6
"15040",5000,0.5,1040,13710.3
"15041",5000,0.5,1041,13422.5
"15042",5000,0.5,1042,13319.8
"15043",5000,0.5,1043,13434.5
"15044",5000,0.5,1044,13295.1
"15045",5000,0.5,1045,13330.8
"15046",5000,0.5,1046,13515.1
"15047",5000,0.5,1047,13032.9
"15048",5000,0.5,1048,12974.7
"15049",5000,0.5,1049,12787.9
"15050",5000,0.5,1050,12772.3
"15051",5000,0.5,1051,12869.6
"15052",5000,0.5,1052,12575.1
"15053",5000,0.5,1053,12378.9
"15054",5000,0.5,1054,12541.1
"15055",5000,0.5,1055,12533.5
"15056",5000,0.5,1056,12700.3
"15057",5000,0.5,1057,12750.2
"15058",5000,0.5,1058,12147.1
"15059",5000,0.5,1059,12373.7
"15060",5000,0.5,1060,12442.2
"15061",5000,0.5,1061,12251.8
"15062",5000,0.5,1062,12507
"15063",5000,0.5,1063,12324
"15064",5000,0.5,1064,12318
"15065",5000,0.5,1065,12295.9
"15066",5000,0.5,1066,12171.7
"15067",5000,0.5,1067,12007.2
"15068",5000,0.5,1068,11975.9
"15069",5000,0.5,1069,11615.6
"15070",5000,0.5,1070,11747.1
"15071",5000,0.5,1071,11877.6
"15072",5000,0.5,1072,11967.9
"15073",5000,0.5,1073,11872.9
"15074",5000,0.5,1074,11663.6
"15075",5000,0.5,1075,11573.3
"15076",5000,0.5,1076,11638.6
"15077",5000,0.5,1077,11745.5
"15078",5000,0.5,1078,11748.3
"15079",5000,0.5,1079,11860.3
"15080",5000,0.5,1080,11845.6
"15081",5000,0.5,1081,12004.1
"15082",5000,0.5,1082,12155.4
"15083",5000,0.5,1083,12110.9
"15084",5000,0.5,1084,12258.6
"15085",5000,0.5,1085,12305.8
"15086",5000,0.5,1086,12394.4
"15087",5000,0.5,1087,12328.2
"15088",5000,0.5,1088,12512.4
"15089",5000,0.5,1089,12435.4
"15090",5000,0.5,1090,12708.5
"15091",5000,0.5,1091,12571.2
"15092",5000,0.5,1092,12595.6
"15093",5000,0.5,1093,12782.1
"15094",5000,0.5,1094,12889.7
"15095",5000,0.5,1095,13075.8
"15096",5000,0.5,1096,13137.3
"15097",5000,0.5,1097,13082.9
"15098",5000,0.5,1098,13228.5
"15099",5000,0.5,1099,13345.7
"15100",5000,0.5,1100,13486.9
"15101",5000,0.5,1101,13410.2
"15102",5000,0.5,1102,13820.6
"15103",5000,0.5,1103,13893.4
"15104",5000,0.5,1104,14126.2
"15105",5000,0.5,1105,14247
"15106",5000,0.5,1106,14254.6
"15107",5000,0.5,1107,14680.5
"15108",5000,0.5,1108,14762
"15109",5000,0.5,1109,14965.8
"15110",5000,0.5,1110,14935.3
"15111",5000,0.5,1111,15085.3
"15112",5000,0.5,1112,15357.1
"15113",5000,0.5,1113,15560.5
"15114",5000,0.5,1114,15711.2
"15115",5000,0.5,1115,15824.1
"15116",5000,0.5,1116,16049.7
"15117",5000,0.5,1117,16416.4
"15118",5000,0.5,1118,16848.4
"15119",5000,0.5,1119,16889.3
"15120",5000,0.5,1120,17180.6
"15121",5000,0.5,1121,17366.3
"15122",5000,0.5,1122,17840.3
"15123",5000,0.5,1123,17930.5
"15124",5000,0.5,1124,18194
"15125",5000,0.5,1125,18143.2
"15126",5000,0.5,1126,18211.1
"15127",5000,0.5,1127,18671.5
"15128",5000,0.5,1128,18907.8
"15129",5000,0.5,1129,19340.8
"15130",5000,0.5,1130,19701.8
"15131",5000,0.5,1131,20043.8
"15132",5000,0.5,1132,19805.8
"15133",5000,0.5,1133,20142.1
"15134",5000,0.5,1134,20289.3
"15135",5000,0.5,1135,20718
"15136",5000,0.5,1136,20954.6
"15137",5000,0.5,1137,21254.4
"15138",5000,0.5,1138,21395.1
"15139",5000,0.5,1139,21522.4
"15140",5000,0.5,1140,22042.8
"15141",5000,0.5,1141,21820.6
"15142",5000,0.5,1142,22141.9
"15143",5000,0.5,1143,22286.9
"15144",5000,0.5,1144,22175
"15145",5000,0.5,1145,22994.9
"15146",5000,0.5,1146,23386.7
"15147",5000,0.5,1147,22777.9
"15148",5000,0.5,1148,23215.6
"15149",5000,0.5,1149,23304.5
"15150",5000,0.5,1150,23314.1
"15151",5000,0.5,1151,23600.7
"15152",5000,0.5,1152,24011.4
"15153",5000,0.5,1153,23999.3
"15154",5000,0.5,1154,24521.6
"15155",5000,0.5,1155,24875.9
"15156",5000,0.5,1156,24731.6
"15157",5000,0.5,1157,24392.6
"15158",5000,0.5,1158,24438.3
"15159",5000,0.5,1159,24246.4
"15160",5000,0.5,1160,24407
"15161",5000,0.5,1161,25141
"15162",5000,0.5,1162,25301.1
"15163",5000,0.5,1163,24706.4
"15164",5000,0.5,1164,25362.9
"15165",5000,0.5,1165,24643.2
"15166",5000,0.5,1166,24861.5
"15167",5000,0.5,1167,24802.2
"15168",5000,0.5,1168,24859.6
"15169",5000,0.5,1169,24970
"15170",5000,0.5,1170,24239.6
"15171",5000,0.5,1171,24475.2
"15172",5000,0.5,1172,24661.8
"15173",5000,0.5,1173,24345.9
"15174",5000,0.5,1174,24793
"15175",5000,0.5,1175,24951.1
"15176",5000,0.5,1176,24711.3
"15177",5000,0.5,1177,24935.7
"15178",5000,0.5,1178,24905.1
"15179",5000,0.5,1179,24736.4
"15180",5000,0.5,1180,24794.1
"15181",5000,0.5,1181,23837.4
"15182",5000,0.5,1182,23721
"15183",5000,0.5,1183,23829.9
"15184",5000,0.5,1184,24254
"15185",5000,0.5,1185,24953.6
"15186",5000,0.5,1186,24766.1
"15187",5000,0.5,1187,24906.9
"15188",5000,0.5,1188,24576.6
"15189",5000,0.5,1189,24780.3
"15190",5000,0.5,1190,24683.8
"15191",5000,0.5,1191,24598.9
"15192",5000,0.5,1192,24669.1
"15193",5000,0.5,1193,25063
"15194",5000,0.5,1194,25075.4
"15195",5000,0.5,1195,25273.4
"15196",5000,0.5,1196,24596
"15197",5000,0.5,1197,24468.3
"15198",5000,0.5,1198,24341.1
"15199",5000,0.5,1199,24383.1
"15200",5000,0.5,1200,24757.2
"15201",5000,0.5,1201,24953.5
"15202",5000,0.5,1202,24775.8
"15203",5000,0.5,1203,24957.7
"15204",5000,0.5,1204,24461.7
"15205",5000,0.5,1205,24723.3
"15206",5000,0.5,1206,24475.7
"15207",5000,0.5,1207,24718.6
"15208",5000,0.5,1208,24255.8
"15209",5000,0.5,1209,24720.8
"15210",5000,0.5,1210,25006.9
"15211",5000,0.5,1211,25197.5
"15212",5000,0.5,1212,24924.8
"15213",5000,0.5,1213,24640.9
"15214",5000,0.5,1214,24062.4
"15215",5000,0.5,1215,24451.7
"15216",5000,0.5,1216,24577.3
"15217",5000,0.5,1217,24631.5
"15218",5000,0.5,1218,24979.9
"15219",5000,0.5,1219,24653.3
"15220",5000,0.5,1220,24463.7
"15221",5000,0.5,1221,25590.2
"15222",5000,0.5,1222,24744.5
"15223",5000,0.5,1223,24385.8
"15224",5000,0.5,1224,24836
"15225",5000,0.5,1225,25011.6
"15226",5000,0.5,1226,24534.3
"15227",5000,0.5,1227,24710.8
"15228",5000,0.5,1228,24448
"15229",5000,0.5,1229,24842.6
"15230",5000,0.5,1230,25202.1
"15231",5000,0.5,1231,24688.3
"15232",5000,0.5,1232,24748.3
"15233",5000,0.5,1233,24806.7
"15234",5000,0.5,1234,24157.6
"15235",5000,0.5,1235,24452.5
"15236",5000,0.5,1236,24492.6
"15237",5000,0.5,1237,24604.1
"15238",5000,0.5,1238,24530.5
"15239",5000,0.5,1239,24452
"15240",5000,0.5,1240,24761.8
"15241",5000,0.5,1241,25366.4
"15242",5000,0.5,1242,24351.1
"15243",5000,0.5,1243,24138.4
"15244",5000,0.5,1244,24205.3
"15245",5000,0.5,1245,24589.1
"15246",5000,0.5,1246,24829.4
"15247",5000,0.5,1247,24852.4
"15248",5000,0.5,1248,24158.2
"15249",5000,0.5,1249,24116.7
"15250",5000,0.5,1250,24679.9
"15251",5000,0.5,1251,24273.2
"15252",5000,0.5,1252,24256.8
"15253",5000,0.5,1253,24855.6
"15254",5000,0.5,1254,24485.1
"15255",5000,0.5,1255,24837.4
"15256",5000,0.5,1256,24805.6
"15257",5000,0.5,1257,25105.8
"15258",5000,0.5,1258,25081.3
"15259",5000,0.5,1259,24668.4
"15260",5000,0.5,1260,25004.5
"15261",5000,0.5,1261,24931.2
"15262",5000,0.5,1262,24620
"15263",5000,0.5,1263,24531.9
"15264",5000,0.5,1264,24417.4
"15265",5000,0.5,1265,24978.1
"15266",5000,0.5,1266,24449.8
"15267",5000,0.5,1267,24444.7
"15268",5000,0.5,1268,24326.2
"15269",5000,0.5,1269,24190.5
"15270",5000,0.5,1270,24170
"15271",5000,0.5,1271,24561.5
"15272",5000,0.5,1272,24861
"15273",5000,0.5,1273,25443.1
"15274",5000,0.5,1274,24873.6
"15275",5000,0.5,1275,24677.8
"15276",5000,0.5,1276,24665.9
"15277",5000,0.5,1277,24202.8
"15278",5000,0.5,1278,24273.9
"15279",5000,0.5,1279,24729.8
"15280",5000,0.5,1280,25027.6
"15281",5000,0.5,1281,24779.6
"15282",5000,0.5,1282,24742.5
"15283",5000,0.5,1283,24804.4
"15284",5000,0.5,1284,24838.6
"15285",5000,0.5,1285,24248.9
"15286",5000,0.5,1286,24960.5
"15287",5000,0.5,1287,25061.5
"15288",5000,0.5,1288,24584.4
"15289",5000,0.5,1289,24518.2
"15290",5000,0.5,1290,24741.2
"15291",5000,0.5,1291,24345.6
"15292",5000,0.5,1292,23989.8
"15293",5000,0.5,1293,24285.4
"15294",5000,0.5,1294,24842.3
"15295",5000,0.5,1295,24384.8
"15296",5000,0.5,1296,24705.7
"15297",5000,0.5,1297,24639.9
"15298",5000,0.5,1298,25196
"15299",5000,0.5,1299,24846.7
"15300",5000,0.5,1300,24482.6
"15301",5000,0.5,1301,24727.7
"15302",5000,0.5,1302,24943.4
"15303",5000,0.5,1303,24987
"15304",5000,0.5,1304,24984.3
"15305",5000,0.5,1305,24586.5
"15306",5000,0.5,1306,24767.1
"15307",5000,0.5,1307,24284.3
"15308",5000,0.5,1308,24782
"15309",5000,0.5,1309,24242.1
"15310",5000,0.5,1310,24678.9
"15311",5000,0.5,1311,24483.4
"15312",5000,0.5,1312,24995.3
"15313",5000,0.5,1313,24885.6
"15314",5000,0.5,1314,24689.8
"15315",5000,0.5,1315,24753.4
"15316",5000,0.5,1316,24758
"15317",5000,0.5,1317,24537.6
"15318",5000,0.5,1318,24801.7
"15319",5000,0.5,1319,24834
"15320",5000,0.5,1320,24921.9
"15321",5000,0.5,1321,25106.2
"15322",5000,0.5,1322,25101.4
"15323",5000,0.5,1323,25017.4
"15324",5000,0.5,1324,24804.4
"15325",5000,0.5,1325,24628.4
"15326",5000,0.5,1326,24677.7
"15327",5000,0.5,1327,24654.8
"15328",5000,0.5,1328,24959.4
"15329",5000,0.5,1329,25294.3
"15330",5000,0.5,1330,24435.3
"15331",5000,0.5,1331,24572.1
"15332",5000,0.5,1332,25099.4
"15333",5000,0.5,1333,24671.6
"15334",5000,0.5,1334,24600.3
"15335",5000,0.5,1335,24540.6
"15336",5000,0.5,1336,24734.7
"15337",5000,0.5,1337,24590.9
"15338",5000,0.5,1338,24823.2
"15339",5000,0.5,1339,24756.9
"15340",5000,0.5,1340,25112.8
"15341",5000,0.5,1341,24797.6
"15342",5000,0.5,1342,24498.5
"15343",5000,0.5,1343,24500.8
"15344",5000,0.5,1344,24330.4
"15345",5000,0.5,1345,24086.4
"15346",5000,0.5,1346,24763
"15347",5000,0.5,1347,24791.6
"15348",5000,0.5,1348,24751.7
"15349",5000,0.5,1349,25095.1
"15350",5000,0.5,1350,24591.2
"15351",5000,0.5,1351,24393.6
"15352",5000,0.5,1352,25238.7
"15353",5000,0.5,1353,24911.9
"15354",5000,0.5,1354,25102.4
"15355",5000,0.5,1355,25333.6
"15356",5000,0.5,1356,24900.2
"15357",5000,0.5,1357,25021.8
"15358",5000,0.5,1358,24443.8
"15359",5000,0.5,1359,24790
"15360",5000,0.5,1360,24893.2
"15361",5000,0.5,1361,24663.9
"15362",5000,0.5,1362,24660.4
"15363",5000,0.5,1363,24941
"15364",5000,0.5,1364,24854.8
"15365",5000,0.5,1365,25030.1
"15366",5000,0.5,1366,24638.7
"15367",5000,0.5,1367,24680.9
"15368",5000,0.5,1368,24905.9
"15369",5000,0.5,1369,24422.8
"15370",5000,0.5,1370,24702.7
"15371",5000,0.5,1371,25056.4
"15372",5000,0.5,1372,24980.3
"15373",5000,0.5,1373,24967.3
"15374",5000,0.5,1374,24296.4
"15375",5000,0.5,1375,24497.1
"15376",5000,0.5,1376,24887.4
"15377",5000,0.5,1377,24460.7
"15378",5000,0.5,1378,24162.7
"15379",5000,0.5,1379,24706.6
"15380",5000,0.5,1380,24943.3
"15381",5000,0.5,1381,24225.6
"15382",5000,0.5,1382,24234.3
"15383",5000,0.5,1383,24688.6
"15384",5000,0.5,1384,24565.9
"15385",5000,0.5,1385,24229.1
"15386",5000,0.5,1386,24849.2
"15387",5000,0.5,1387,24747.2
"15388",5000,0.5,1388,24873.3
"15389",5000,0.5,1389,25170
"15390",5000,0.5,1390,24451.6
"15391",5000,0.5,1391,24420.6
"15392",5000,0.5,1392,24569
"15393",5000,0.5,1393,24573.1
"15394",5000,0.5,1394,24478.8
"15395",5000,0.5,1395,24983.2
"15396",5000,0.5,1396,24731.9
"15397",5000,0.5,1397,24422.2
"15398",5000,0.5,1398,24605.6
"15399",5000,0.5,1399,24833.1
"15400",5000,0.5,1400,24786
"15401",5000,0.5,1401,24629.8
"15402",5000,0.5,1402,25450.1
"15403",5000,0.5,1403,24779.9
"15404",5000,0.5,1404,24728
"15405",5000,0.5,1405,24429.2
"15406",5000,0.5,1406,24753.9
"15407",5000,0.5,1407,24613.3
"15408",5000,0.5,1408,24962.3
"15409",5000,0.5,1409,24882.8
"15410",5000,0.5,1410,25012.2
"15411",5000,0.5,1411,25066.6
"15412",5000,0.5,1412,24435
"15413",5000,0.5,1413,24766.8
"15414",5000,0.5,1414,24686.9
"15415",5000,0.5,1415,24589.3
"15416",5000,0.5,1416,24308.8
"15417",5000,0.5,1417,24511.2
"15418",5000,0.5,1418,24405.8
"15419",5000,0.5,1419,23900.7
"15420",5000,0.5,1420,24493.4
"15421",5000,0.5,1421,25201
"15422",5000,0.5,1422,24322
"15423",5000,0.5,1423,24541.3
"15424",5000,0.5,1424,24745.9
"15425",5000,0.5,1425,24850.7
"15426",5000,0.5,1426,24825.4
"15427",5000,0.5,1427,25343.6
"15428",5000,0.5,1428,24279.6
"15429",5000,0.5,1429,24454.6
"15430",5000,0.5,1430,24396.4
"15431",5000,0.5,1431,24361.6
"15432",5000,0.5,1432,24790.9
"15433",5000,0.5,1433,24751.7
"15434",5000,0.5,1434,24435.5
"15435",5000,0.5,1435,24692.3
"15436",5000,0.5,1436,25055.3
"15437",5000,0.5,1437,24928.9
"15438",5000,0.5,1438,24818.8
"15439",5000,0.5,1439,24347.6
"15440",5000,0.5,1440,24258.2
"15441",5000,0.5,1441,24900.4
"15442",5000,0.5,1442,24303.2
"15443",5000,0.5,1443,24763.8
"15444",5000,0.5,1444,24253.3
"15445",5000,0.5,1445,25073.5
"15446",5000,0.5,1446,25000.9
"15447",5000,0.5,1447,24825.4
"15448",5000,0.5,1448,24901.4
"15449",5000,0.5,1449,25196.2
"15450",5000,0.5,1450,24972.5
"15451",5000,0.5,1451,24549.7
"15452",5000,0.5,1452,24606.8
"15453",5000,0.5,1453,23850.3
"15454",5000,0.5,1454,24163.2
"15455",5000,0.5,1455,24548.3
"15456",5000,0.5,1456,25043.2
"15457",5000,0.5,1457,24538.6
"15458",5000,0.5,1458,24164.2
"15459",5000,0.5,1459,24707.2
"15460",5000,0.5,1460,24514.1
"15461",5000,0.5,1461,24706
"15462",5000,0.5,1462,24551.7
"15463",5000,0.5,1463,24919.9
"15464",5000,0.5,1464,24891.3
"15465",5000,0.5,1465,24851
"15466",5000,0.5,1466,25308.3
"15467",5000,0.5,1467,24558.1
"15468",5000,0.5,1468,24765.7
"15469",5000,0.5,1469,24758.4
"15470",5000,0.5,1470,24589.4
"15471",5000,0.5,1471,24904.7
"15472",5000,0.5,1472,24730.6
"15473",5000,0.5,1473,24846
"15474",5000,0.5,1474,24363.2
"15475",5000,0.5,1475,24797.4
"15476",5000,0.5,1476,24671.8
"15477",5000,0.5,1477,24497.9
"15478",5000,0.5,1478,24282.3
"15479",5000,0.5,1479,24655.6
"15480",5000,0.5,1480,24827.8
"15481",5000,0.5,1481,25292.3
"15482",5000,0.5,1482,25284.9
"15483",5000,0.5,1483,24973.5
"15484",5000,0.5,1484,24604.4
"15485",5000,0.5,1485,24457
"15486",5000,0.5,1486,25181.4
"15487",5000,0.5,1487,24823.6
"15488",5000,0.5,1488,24809.6
"15489",5000,0.5,1489,24525.3
"15490",5000,0.5,1490,24510
"15491",5000,0.5,1491,24897
"15492",5000,0.5,1492,24607
"15493",5000,0.5,1493,24229.2
"15494",5000,0.5,1494,24403.1
"15495",5000,0.5,1495,24510.7
"15496",5000,0.5,1496,24504.1
"15497",5000,0.5,1497,25028.9
"15498",5000,0.5,1498,25230.1
"15499",5000,0.5,1499,25206.6
"15500",5000,0.5,1500,24614.8
"15501",5000,0.5,1501,24399.4
"15502",5000,0.5,1502,24724.4
"15503",5000,0.5,1503,24574.1
"15504",5000,0.5,1504,24415.7
"15505",5000,0.5,1505,24730.3
"15506",5000,0.5,1506,24854.8
"15507",5000,0.5,1507,24998.4
"15508",5000,0.5,1508,24779.7
"15509",5000,0.5,1509,24453.7
"15510",5000,0.5,1510,25244.7
"15511",5000,0.5,1511,24676
"15512",5000,0.5,1512,25042.7
"15513",5000,0.5,1513,25156.5
"15514",5000,0.5,1514,24992.6
"15515",5000,0.5,1515,24462.8
"15516",5000,0.5,1516,24839
"15517",5000,0.5,1517,24594.6
"15518",5000,0.5,1518,24559.6
"15519",5000,0.5,1519,24944.8
"15520",5000,0.5,1520,24607
"15521",5000,0.5,1521,24769.3
"15522",5000,0.5,1522,24520.2
"15523",5000,0.5,1523,25309.7
"15524",5000,0.5,1524,24754.1
"15525",5000,0.5,1525,25085.9
"15526",5000,0.5,1526,25179.6
"15527",5000,0.5,1527,25258.9
"15528",5000,0.5,1528,24680.2
"15529",5000,0.5,1529,24521.3
"15530",5000,0.5,1530,23764.4
"15531",5000,0.5,1531,24038.5
"15532",5000,0.5,1532,24370.9
"15533",5000,0.5,1533,24316.1
"15534",5000,0.5,1534,24442.2
"15535",5000,0.5,1535,25001.8
"15536",5000,0.5,1536,24657.6
"15537",5000,0.5,1537,25309.6
"15538",5000,0.5,1538,24199.6
"15539",5000,0.5,1539,24386.6
"15540",5000,0.5,1540,24099.1
"15541",5000,0.5,1541,24656.3
"15542",5000,0.5,1542,24731.3
"15543",5000,0.5,1543,24915.2
"15544",5000,0.5,1544,24522.5
"15545",5000,0.5,1545,25012.5
"15546",5000,0.5,1546,24728.1
"15547",5000,0.5,1547,24638.4
"15548",5000,0.5,1548,24846.6
"15549",5000,0.5,1549,24781.3
"15550",5000,0.5,1550,25152
"15551",5000,0.5,1551,24621.8
"15552",5000,0.5,1552,24556
"15553",5000,0.5,1553,24948.7
"15554",5000,0.5,1554,24878.3
"15555",5000,0.5,1555,24860.3
"15556",5000,0.5,1556,24949.4
"15557",5000,0.5,1557,23970.3
"15558",5000,0.5,1558,24368.8
"15559",5000,0.5,1559,24691.7
"15560",5000,0.5,1560,24588.6
"15561",5000,0.5,1561,24933.9
"15562",5000,0.5,1562,24486.5
"15563",5000,0.5,1563,23996.3
"15564",5000,0.5,1564,24414
"15565",5000,0.5,1565,24544.8
"15566",5000,0.5,1566,24611.6
"15567",5000,0.5,1567,24779.9
"15568",5000,0.5,1568,24715.3
"15569",5000,0.5,1569,24555.3
"15570",5000,0.5,1570,25090.2
"15571",5000,0.5,1571,25198
"15572",5000,0.5,1572,24494.6
"15573",5000,0.5,1573,24923.1
"15574",5000,0.5,1574,24404.8
"15575",5000,0.5,1575,24303
"15576",5000,0.5,1576,24924.4
"15577",5000,0.5,1577,24590.2
"15578",5000,0.5,1578,24643.5
"15579",5000,0.5,1579,24717.4
"15580",5000,0.5,1580,25360
"15581",5000,0.5,1581,25139.6
"15582",5000,0.5,1582,24274.4
"15583",5000,0.5,1583,24587.3
"15584",5000,0.5,1584,24442.6
"15585",5000,0.5,1585,24784.2
"15586",5000,0.5,1586,24677.2
"15587",5000,0.5,1587,25585.5
"15588",5000,0.5,1588,25125.9
"15589",5000,0.5,1589,24251.9
"15590",5000,0.5,1590,24090.8
"15591",5000,0.5,1591,24384.7
"15592",5000,0.5,1592,24515.9
"15593",5000,0.5,1593,23949.6
"15594",5000,0.5,1594,23924
"15595",5000,0.5,1595,23820.9
"15596",5000,0.5,1596,24641.6
"15597",5000,0.5,1597,24650
"15598",5000,0.5,1598,24961.3
"15599",5000,0.5,1599,24796.2
"15600",5000,0.5,1600,25150.4
"15601",5000,0.5,1601,24793.1
"15602",5000,0.5,1602,25148.6
"15603",5000,0.5,1603,24735
"15604",5000,0.5,1604,24739.8
"15605",5000,0.5,1605,25132.8
"15606",5000,0.5,1606,24870
"15607",5000,0.5,1607,24578.3
"15608",5000,0.5,1608,23938.8
"15609",5000,0.5,1609,24194.4
"15610",5000,0.5,1610,23906.2
"15611",5000,0.5,1611,24466.4
"15612",5000,0.5,1612,24700.3
"15613",5000,0.5,1613,24944.4
"15614",5000,0.5,1614,24139.6
"15615",5000,0.5,1615,24200.3
"15616",5000,0.5,1616,24630.5
"15617",5000,0.5,1617,24872.2
"15618",5000,0.5,1618,24600.7
"15619",5000,0.5,1619,24562.8
"15620",5000,0.5,1620,24681.1
"15621",5000,0.5,1621,24751.1
"15622",5000,0.5,1622,25288.1
"15623",5000,0.5,1623,24643.7
"15624",5000,0.5,1624,24309.6
"15625",5000,0.5,1625,24416.1
"15626",5000,0.5,1626,24582.9
"15627",5000,0.5,1627,24789.5
"15628",5000,0.5,1628,24669.6
"15629",5000,0.5,1629,24715.7
"15630",5000,0.5,1630,24900.3
"15631",5000,0.5,1631,25259
"15632",5000,0.5,1632,24492
"15633",5000,0.5,1633,24445.6
"15634",5000,0.5,1634,24917.3
"15635",5000,0.5,1635,24858.3
"15636",5000,0.5,1636,24799.2
"15637",5000,0.5,1637,24008.6
"15638",5000,0.5,1638,24526.1
"15639",5000,0.5,1639,24374.8
"15640",5000,0.5,1640,24587.2
"15641",5000,0.5,1641,25434.1
"15642",5000,0.5,1642,24939.4
"15643",5000,0.5,1643,24209.3
"15644",5000,0.5,1644,24198.1
"15645",5000,0.5,1645,24916.9
"15646",5000,0.5,1646,24750.7
"15647",5000,0.5,1647,24028.6
"15648",5000,0.5,1648,24730.7
"15649",5000,0.5,1649,24664
"15650",5000,0.5,1650,24622.2
"15651",5000,0.5,1651,24774
"15652",5000,0.5,1652,24853.9
"15653",5000,0.5,1653,24835.5
"15654",5000,0.5,1654,24702.5
"15655",5000,0.5,1655,24081.8
"15656",5000,0.5,1656,24123.1
"15657",5000,0.5,1657,24489.7
"15658",5000,0.5,1658,24433.3
"15659",5000,0.5,1659,24760.4
"15660",5000,0.5,1660,25222.5
"15661",5000,0.5,1661,24701
"15662",5000,0.5,1662,24970.9
"15663",5000,0.5,1663,24709.8
"15664",5000,0.5,1664,24693
"15665",5000,0.5,1665,24354
"15666",5000,0.5,1666,24967.6
"15667",5000,0.5,1667,24555.2
"15668",5000,0.5,1668,24530.3
"15669",5000,0.5,1669,25356.9
"15670",5000,0.5,1670,23931.3
"15671",5000,0.5,1671,24245.7
"15672",5000,0.5,1672,23991.6
"15673",5000,0.5,1673,24392.8
"15674",5000,0.5,1674,24724.8
"15675",5000,0.5,1675,24646
"15676",5000,0.5,1676,24774.4
"15677",5000,0.5,1677,24892.1
"15678",5000,0.5,1678,24889.3
"15679",5000,0.5,1679,24751.4
"15680",5000,0.5,1680,24606
"15681",5000,0.5,1681,24982.4
"15682",5000,0.5,1682,25111.8
"15683",5000,0.5,1683,24781
"15684",5000,0.5,1684,24839
"15685",5000,0.5,1685,24842.9
"15686",5000,0.5,1686,24624.1
"15687",5000,0.5,1687,24903.6
"15688",5000,0.5,1688,24842.7
"15689",5000,0.5,1689,25186
"15690",5000,0.5,1690,24663.1
"15691",5000,0.5,1691,24704.5
"15692",5000,0.5,1692,25133.1
"15693",5000,0.5,1693,24815.6
"15694",5000,0.5,1694,24560
"15695",5000,0.5,1695,24569.3
"15696",5000,0.5,1696,24858.8
"15697",5000,0.5,1697,25336.8
"15698",5000,0.5,1698,24626.7
"15699",5000,0.5,1699,24610.7
"15700",5000,0.5,1700,24702.6
"15701",5000,0.5,1701,24649.6
"15702",5000,0.5,1702,25088.2
"15703",5000,0.5,1703,24841.6
"15704",5000,0.5,1704,24465.5
"15705",5000,0.5,1705,24967.8
"15706",5000,0.5,1706,24955.2
"15707",5000,0.5,1707,24803.3
"15708",5000,0.5,1708,25151.5
"15709",5000,0.5,1709,25080.6
"15710",5000,0.5,1710,24835.9
"15711",5000,0.5,1711,24532.1
"15712",5000,0.5,1712,24627.9
"15713",5000,0.5,1713,24307.6
"15714",5000,0.5,1714,24264.2
"15715",5000,0.5,1715,24753.1
"15716",5000,0.5,1716,25232
"15717",5000,0.5,1717,24270.3
"15718",5000,0.5,1718,25093.1
"15719",5000,0.5,1719,24024.7
"15720",5000,0.5,1720,23928.1
"15721",5000,0.5,1721,24124.1
"15722",5000,0.5,1722,24701.5
"15723",5000,0.5,1723,24614
"15724",5000,0.5,1724,24879.8
"15725",5000,0.5,1725,24404.4
"15726",5000,0.5,1726,24375.5
"15727",5000,0.5,1727,24881
"15728",5000,0.5,1728,24936.9
"15729",5000,0.5,1729,24624
"15730",5000,0.5,1730,24711.4
"15731",5000,0.5,1731,24541
"15732",5000,0.5,1732,24831.3
"15733",5000,0.5,1733,24501.9
"15734",5000,0.5,1734,24856.2
"15735",5000,0.5,1735,24835
"15736",5000,0.5,1736,24498
"15737",5000,0.5,1737,25115.4
"15738",5000,0.5,1738,24998.8
"15739",5000,0.5,1739,24966.7
"15740",5000,0.5,1740,24816
"15741",5000,0.5,1741,24731.4
"15742",5000,0.5,1742,25030.7
"15743",5000,0.5,1743,24747.2
"15744",5000,0.5,1744,25191.4
"15745",5000,0.5,1745,24939
"15746",5000,0.5,1746,25123.5
"15747",5000,0.5,1747,24857.1
"15748",5000,0.5,1748,24690
"15749",5000,0.5,1749,24812.8
"15750",5000,0.5,1750,24597.3
"15751",5000,0.5,1751,24445
"15752",5000,0.5,1752,24459.8
"15753",5000,0.5,1753,25000.5
"15754",5000,0.5,1754,25274.2
"15755",5000,0.5,1755,24952.4
"15756",5000,0.5,1756,24790.6
"15757",5000,0.5,1757,24789.2
"15758",5000,0.5,1758,24910.9
"15759",5000,0.5,1759,24643.3
"15760",5000,0.5,1760,24424.6
"15761",5000,0.5,1761,24485.4
"15762",5000,0.5,1762,24898.1
"15763",5000,0.5,1763,24496.7
"15764",5000,0.5,1764,24519.6
"15765",5000,0.5,1765,24295.8
"15766",5000,0.5,1766,24390.7
"15767",5000,0.5,1767,24014.4
"15768",5000,0.5,1768,24321.7
"15769",5000,0.5,1769,24467.9
"15770",5000,0.5,1770,24514.1
"15771",5000,0.5,1771,25273.7
"15772",5000,0.5,1772,24856.7
"15773",5000,0.5,1773,24753.2
"15774",5000,0.5,1774,24899
"15775",5000,0.5,1775,24326.4
"15776",5000,0.5,1776,24829.7
"15777",5000,0.5,1777,24975.3
"15778",5000,0.5,1778,24745.1
"15779",5000,0.5,1779,24920.7
"15780",5000,0.5,1780,24969.6
"15781",5000,0.5,1781,24914.2
"15782",5000,0.5,1782,24637.3
"15783",5000,0.5,1783,24532.3
"15784",5000,0.5,1784,24351.8
"15785",5000,0.5,1785,24527.4
"15786",5000,0.5,1786,24606.3
"15787",5000,0.5,1787,24581.3
"15788",5000,0.5,1788,24898.6
"15789",5000,0.5,1789,25570
"15790",5000,0.5,1790,24638.3
"15791",5000,0.5,1791,24448.5
"15792",5000,0.5,1792,24852.9
"15793",5000,0.5,1793,25054.1
"15794",5000,0.5,1794,24751.1
"15795",5000,0.5,1795,24958.9
"15796",5000,0.5,1796,23871.3
"15797",5000,0.5,1797,24386.3
"15798",5000,0.5,1798,24753.6
"15799",5000,0.5,1799,24602.1
"15800",5000,0.5,1800,24529.1
"15801",5000,0.5,1801,24971.9
"15802",5000,0.5,1802,24003.3
"15803",5000,0.5,1803,24243
"15804",5000,0.5,1804,24599.5
"15805",5000,0.5,1805,24591.8
"15806",5000,0.5,1806,24574.3
"15807",5000,0.5,1807,24737.6
"15808",5000,0.5,1808,24718.5
"15809",5000,0.5,1809,25199
"15810",5000,0.5,1810,24393.6
"15811",5000,0.5,1811,24554.3
"15812",5000,0.5,1812,24706.3
"15813",5000,0.5,1813,25046.5
"15814",5000,0.5,1814,24520.9
"15815",5000,0.5,1815,24614
"15816",5000,0.5,1816,25386.6
"15817",5000,0.5,1817,25170.4
"15818",5000,0.5,1818,24602.2
"15819",5000,0.5,1819,24513.7
"15820",5000,0.5,1820,24955.7
"15821",5000,0.5,1821,24197.2
"15822",5000,0.5,1822,24564.1
"15823",5000,0.5,1823,24728.8
"15824",5000,0.5,1824,24069.2
"15825",5000,0.5,1825,23946.2
"15826",5000,0.5,1826,24491.6
"15827",5000,0.5,1827,24331.8
"15828",5000,0.5,1828,24480.2
"15829",5000,0.5,1829,24385.4
"15830",5000,0.5,1830,24857.4
"15831",5000,0.5,1831,25060.6
"15832",5000,0.5,1832,24524.7
"15833",5000,0.5,1833,24604.9
"15834",5000,0.5,1834,24877.5
"15835",5000,0.5,1835,24732.9
"15836",5000,0.5,1836,24846.3
"15837",5000,0.5,1837,25330.6
"15838",5000,0.5,1838,25110.6
"15839",5000,0.5,1839,24812.5
"15840",5000,0.5,1840,24941.3
"15841",5000,0.5,1841,24525.5
"15842",5000,0.5,1842,24845.8
"15843",5000,0.5,1843,24939.6
"15844",5000,0.5,1844,25013.6
"15845",5000,0.5,1845,24622.2
"15846",5000,0.5,1846,24972.1
"15847",5000,0.5,1847,24762.2
"15848",5000,0.5,1848,24615.6
"15849",5000,0.5,1849,24688.1
"15850",5000,0.5,1850,24763.6
"15851",5000,0.5,1851,24814.6
"15852",5000,0.5,1852,24856
"15853",5000,0.5,1853,24883.2
"15854",5000,0.5,1854,25165.1
"15855",5000,0.5,1855,24691.8
"15856",5000,0.5,1856,24581
"15857",5000,0.5,1857,24870.6
"15858",5000,0.5,1858,24798.7
"15859",5000,0.5,1859,24572.4
"15860",5000,0.5,1860,24602.8
"15861",5000,0.5,1861,25263.2
"15862",5000,0.5,1862,24861.4
"15863",5000,0.5,1863,25209.6
"15864",5000,0.5,1864,24790.2
"15865",5000,0.5,1865,24652.3
"15866",5000,0.5,1866,25035.3
"15867",5000,0.5,1867,24754.5
"15868",5000,0.5,1868,25088.2
"15869",5000,0.5,1869,24626.2
"15870",5000,0.5,1870,25042.3
"15871",5000,0.5,1871,24676.9
"15872",5000,0.5,1872,24609
"15873",5000,0.5,1873,24866.9
"15874",5000,0.5,1874,24890.3
"15875",5000,0.5,1875,25110.4
"15876",5000,0.5,1876,24710.4
"15877",5000,0.5,1877,25066.6
"15878",5000,0.5,1878,24577.3
"15879",5000,0.5,1879,24467
"15880",5000,0.5,1880,24376.7
"15881",5000,0.5,1881,24403.1
"15882",5000,0.5,1882,24804.1
"15883",5000,0.5,1883,25181.5
"15884",5000,0.5,1884,24980
"15885",5000,0.5,1885,25138.5
"15886",5000,0.5,1886,24782.8
"15887",5000,0.5,1887,24716
"15888",5000,0.5,1888,25078.3
"15889",5000,0.5,1889,24137.3
"15890",5000,0.5,1890,24091.1
"15891",5000,0.5,1891,24848.1
"15892",5000,0.5,1892,24209.9
"15893",5000,0.5,1893,24312.7
"15894",5000,0.5,1894,24217.5
"15895",5000,0.5,1895,24209.9
"15896",5000,0.5,1896,24429
"15897",5000,0.5,1897,24789.1
"15898",5000,0.5,1898,24591.9
"15899",5000,0.5,1899,23966.7
"15900",5000,0.5,1900,24061.4
"15901",5000,0.5,1901,24519.9
"15902",5000,0.5,1902,25026.3
"15903",5000,0.5,1903,24757.8
"15904",5000,0.5,1904,24831.6
"15905",5000,0.5,1905,25125.7
"15906",5000,0.5,1906,24858.9
"15907",5000,0.5,1907,24518.5
"15908",5000,0.5,1908,25073.6
"15909",5000,0.5,1909,24825.7
"15910",5000,0.5,1910,25437.1
"15911",5000,0.5,1911,24994.2
"15912",5000,0.5,1912,24646.3
"15913",5000,0.5,1913,24316.1
"15914",5000,0.5,1914,23979.3
"15915",5000,0.5,1915,24322.5
"15916",5000,0.5,1916,24450
"15917",5000,0.5,1917,24896.9
"15918",5000,0.5,1918,24636.6
"15919",5000,0.5,1919,24416.5
"15920",5000,0.5,1920,25099.5
"15921",5000,0.5,1921,24166.6
"15922",5000,0.5,1922,24293
"15923",5000,0.5,1923,24430
"15924",5000,0.5,1924,24221.8
"15925",5000,0.5,1925,24461.8
"15926",5000,0.5,1926,24994.6
"15927",5000,0.5,1927,24688.2
"15928",5000,0.5,1928,24962.6
"15929",5000,0.5,1929,25002.6
"15930",5000,0.5,1930,24753.9
"15931",5000,0.5,1931,25401.1
"15932",5000,0.5,1932,24538.5
"15933",5000,0.5,1933,24554.7
"15934",5000,0.5,1934,24551.8
"15935",5000,0.5,1935,24794.7
"15936",5000,0.5,1936,24316.1
"15937",5000,0.5,1937,24614.8
"15938",5000,0.5,1938,24428.5
"15939",5000,0.5,1939,24823.7
"15940",5000,0.5,1940,24661.1
"15941",5000,0.5,1941,24978.5
"15942",5000,0.5,1942,24524.9
"15943",5000,0.5,1943,24634
"15944",5000,0.5,1944,24709.3
"15945",5000,0.5,1945,25252.1
"15946",5000,0.5,1946,24875.4
"15947",5000,0.5,1947,24679.6
"15948",5000,0.5,1948,24939.2
"15949",5000,0.5,1949,24843.4
"15950",5000,0.5,1950,24618
"15951",5000,0.5,1951,24941.8
"15952",5000,0.5,1952,24466.5
"15953",5000,0.5,1953,24800.6
"15954",5000,0.5,1954,24863.8
"15955",5000,0.5,1955,24795.3
"15956",5000,0.5,1956,24494
"15957",5000,0.5,1957,24545.8
"15958",5000,0.5,1958,24666
"15959",5000,0.5,1959,24529.6
"15960",5000,0.5,1960,24971.5
"15961",5000,0.5,1961,25096.5
"15962",5000,0.5,1962,25178.8
"15963",5000,0.5,1963,24590
"15964",5000,0.5,1964,24438.8
"15965",5000,0.5,1965,24495.5
"15966",5000,0.5,1966,24785.5
"15967",5000,0.5,1967,24721.2
"15968",5000,0.5,1968,24724.8
"15969",5000,0.5,1969,24860.4
"15970",5000,0.5,1970,25071.7
"15971",5000,0.5,1971,24908.3
"15972",5000,0.5,1972,24730.5
"15973",5000,0.5,1973,24510.7
"15974",5000,0.5,1974,24333.9
"15975",5000,0.5,1975,24369.1
"15976",5000,0.5,1976,24886.2
"15977",5000,0.5,1977,24722
"15978",5000,0.5,1978,25161.2
"15979",5000,0.5,1979,24704.5
"15980",5000,0.5,1980,24991.7
"15981",5000,0.5,1981,24565.6
"15982",5000,0.5,1982,24687.4
"15983",5000,0.5,1983,24499.2
"15984",5000,0.5,1984,24711.1
"15985",5000,0.5,1985,24282.8
"15986",5000,0.5,1986,24651.2
"15987",5000,0.5,1987,24856.3
"15988",5000,0.5,1988,24692.7
"15989",5000,0.5,1989,25122.2
"15990",5000,0.5,1990,24869.3
"15991",5000,0.5,1991,25012.4
"15992",5000,0.5,1992,25179.8
"15993",5000,0.5,1993,24455.9
"15994",5000,0.5,1994,24568.5
"15995",5000,0.5,1995,24600.6
"15996",5000,0.5,1996,24478.3
"15997",5000,0.5,1997,24986.5
"15998",5000,0.5,1998,25291.3
"15999",5000,0.5,1999,24585.5
"16000",5000,0.5,2000,24753.6
"16001",5000,0.9,1,5649.7
"16002",5000,0.9,2,5955.8
"16003",5000,0.9,3,6242.4
"16004",5000,0.9,4,6334.7
"16005",5000,0.9,5,6633.5
"16006",5000,0.9,6,6600.7
"16007",5000,0.9,7,6868.7
"16008",5000,0.9,8,7020.2
"16009",5000,0.9,9,7270.4
"16010",5000,0.9,10,7270.9
"16011",5000,0.9,11,7448.3
"16012",5000,0.9,12,7591.8
"16013",5000,0.9,13,7898.5
"16014",5000,0.9,14,7977.1
"16015",5000,0.9,15,8087.3
"16016",5000,0.9,16,8251.8
"16017",5000,0.9,17,8329.9
"16018",5000,0.9,18,8528.3
"16019",5000,0.9,19,8601.8
"16020",5000,0.9,20,8629.3
"16021",5000,0.9,21,9016.3
"16022",5000,0.9,22,9055.1
"16023",5000,0.9,23,9185.1
"16024",5000,0.9,24,9365.3
"16025",5000,0.9,25,9507.3
"16026",5000,0.9,26,9487.1
"16027",5000,0.9,27,9932.4
"16028",5000,0.9,28,9849.3
"16029",5000,0.9,29,10035.3
"16030",5000,0.9,30,10161
"16031",5000,0.9,31,10440
"16032",5000,0.9,32,10590.4
"16033",5000,0.9,33,10582.5
"16034",5000,0.9,34,10947.5
"16035",5000,0.9,35,11057.5
"16036",5000,0.9,36,10967.2
"16037",5000,0.9,37,11261.7
"16038",5000,0.9,38,11227.6
"16039",5000,0.9,39,11392.4
"16040",5000,0.9,40,11530.2
"16041",5000,0.9,41,11610.8
"16042",5000,0.9,42,11635.8
"16043",5000,0.9,43,11756.7
"16044",5000,0.9,44,12078.4
"16045",5000,0.9,45,12072.3
"16046",5000,0.9,46,12129.1
"16047",5000,0.9,47,11968.6
"16048",5000,0.9,48,12150.6
"16049",5000,0.9,49,12149.4
"16050",5000,0.9,50,12375.8
"16051",5000,0.9,51,12538.7
"16052",5000,0.9,52,12707.4
"16053",5000,0.9,53,12902.7
"16054",5000,0.9,54,12932.8
"16055",5000,0.9,55,12993.5
"16056",5000,0.9,56,13167.9
"16057",5000,0.9,57,13394
"16058",5000,0.9,58,13659
"16059",5000,0.9,59,13692.6
"16060",5000,0.9,60,13887.3
"16061",5000,0.9,61,13877.1
"16062",5000,0.9,62,14124.6
"16063",5000,0.9,63,14185.7
"16064",5000,0.9,64,14302.4
"16065",5000,0.9,65,14417.7
"16066",5000,0.9,66,14410.3
"16067",5000,0.9,67,14454.3
"16068",5000,0.9,68,14587.3
"16069",5000,0.9,69,14799
"16070",5000,0.9,70,14835.4
"16071",5000,0.9,71,14958.9
"16072",5000,0.9,72,15170.3
"16073",5000,0.9,73,15225.8
"16074",5000,0.9,74,15571.5
"16075",5000,0.9,75,15825.5
"16076",5000,0.9,76,15750.3
"16077",5000,0.9,77,15996.7
"16078",5000,0.9,78,16066.3
"16079",5000,0.9,79,16100.3
"16080",5000,0.9,80,16313.2
"16081",5000,0.9,81,16624.6
"16082",5000,0.9,82,17004.3
"16083",5000,0.9,83,16959.9
"16084",5000,0.9,84,16911.9
"16085",5000,0.9,85,17155.9
"16086",5000,0.9,86,17362.7
"16087",5000,0.9,87,17391
"16088",5000,0.9,88,17672.6
"16089",5000,0.9,89,17898.5
"16090",5000,0.9,90,18221.5
"16091",5000,0.9,91,18585.9
"16092",5000,0.9,92,18765
"16093",5000,0.9,93,18974.2
"16094",5000,0.9,94,19013.4
"16095",5000,0.9,95,19413.3
"16096",5000,0.9,96,19381.1
"16097",5000,0.9,97,19757.2
"16098",5000,0.9,98,20070
"16099",5000,0.9,99,20606.5
"16100",5000,0.9,100,20437.2
"16101",5000,0.9,101,21015.4
"16102",5000,0.9,102,21275.6
"16103",5000,0.9,103,21300.8
"16104",5000,0.9,104,21436
"16105",5000,0.9,105,21749.7
"16106",5000,0.9,106,21667.6
"16107",5000,0.9,107,22016.6
"16108",5000,0.9,108,22197.9
"16109",5000,0.9,109,22719.5
"16110",5000,0.9,110,23037.9
"16111",5000,0.9,111,23337.2
"16112",5000,0.9,112,23502.2
"16113",5000,0.9,113,23725
"16114",5000,0.9,114,23825.4
"16115",5000,0.9,115,23644.8
"16116",5000,0.9,116,23939.9
"16117",5000,0.9,117,24217.4
"16118",5000,0.9,118,24111.3
"16119",5000,0.9,119,24466.2
"16120",5000,0.9,120,24392.3
"16121",5000,0.9,121,24473.7
"16122",5000,0.9,122,24147.4
"16123",5000,0.9,123,24187.7
"16124",5000,0.9,124,24366.5
"16125",5000,0.9,125,24786.8
"16126",5000,0.9,126,24277.5
"16127",5000,0.9,127,24593.8
"16128",5000,0.9,128,24368.3
"16129",5000,0.9,129,24627.4
"16130",5000,0.9,130,24676.6
"16131",5000,0.9,131,24759.9
"16132",5000,0.9,132,25039.8
"16133",5000,0.9,133,24517.6
"16134",5000,0.9,134,24490.4
"16135",5000,0.9,135,24738.5
"16136",5000,0.9,136,24458.4
"16137",5000,0.9,137,24341.9
"16138",5000,0.9,138,24167.7
"16139",5000,0.9,139,24530.7
"16140",5000,0.9,140,24471.5
"16141",5000,0.9,141,24354.1
"16142",5000,0.9,142,24678.8
"16143",5000,0.9,143,24715.6
"16144",5000,0.9,144,24600.7
"16145",5000,0.9,145,24589.2
"16146",5000,0.9,146,25002.8
"16147",5000,0.9,147,25014.9
"16148",5000,0.9,148,24954.7
"16149",5000,0.9,149,24410.4
"16150",5000,0.9,150,24727.4
"16151",5000,0.9,151,24261.8
"16152",5000,0.9,152,25037.2
"16153",5000,0.9,153,24209.4
"16154",5000,0.9,154,24261.5
"16155",5000,0.9,155,23947
"16156",5000,0.9,156,24116.7
"16157",5000,0.9,157,24425.7
"16158",5000,0.9,158,24807.1
"16159",5000,0.9,159,24761.5
"16160",5000,0.9,160,24697.8
"16161",5000,0.9,161,24788.6
"16162",5000,0.9,162,24651.3
"16163",5000,0.9,163,24366
"16164",5000,0.9,164,25035.7
"16165",5000,0.9,165,24826.1
"16166",5000,0.9,166,24256.5
"16167",5000,0.9,167,24327.8
"16168",5000,0.9,168,24375.2
"16169",5000,0.9,169,24335
"16170",5000,0.9,170,24475.4
"16171",5000,0.9,171,24657
"16172",5000,0.9,172,24405.7
"16173",5000,0.9,173,24708.1
"16174",5000,0.9,174,24616.8
"16175",5000,0.9,175,24757.4
"16176",5000,0.9,176,24315.6
"16177",5000,0.9,177,24285.4
"16178",5000,0.9,178,24656.4
"16179",5000,0.9,179,24550.9
"16180",5000,0.9,180,24418.1
"16181",5000,0.9,181,24616.3
"16182",5000,0.9,182,24806.8
"16183",5000,0.9,183,24624
"16184",5000,0.9,184,24651.5
"16185",5000,0.9,185,24917.6
"16186",5000,0.9,186,24848
"16187",5000,0.9,187,24932.4
"16188",5000,0.9,188,24478.3
"16189",5000,0.9,189,24491.9
"16190",5000,0.9,190,24701.1
"16191",5000,0.9,191,24323.5
"16192",5000,0.9,192,24652.8
"16193",5000,0.9,193,24498.1
"16194",5000,0.9,194,24482.4
"16195",5000,0.9,195,24106
"16196",5000,0.9,196,24214.5
"16197",5000,0.9,197,24177.2
"16198",5000,0.9,198,24437.7
"16199",5000,0.9,199,24428.6
"16200",5000,0.9,200,24359.6
"16201",5000,0.9,201,24113.6
"16202",5000,0.9,202,24542.4
"16203",5000,0.9,203,24409.7
"16204",5000,0.9,204,24837
"16205",5000,0.9,205,24447.3
"16206",5000,0.9,206,24240.9
"16207",5000,0.9,207,24497.1
"16208",5000,0.9,208,24609
"16209",5000,0.9,209,25131.3
"16210",5000,0.9,210,24691.3
"16211",5000,0.9,211,24416.4
"16212",5000,0.9,212,24715.6
"16213",5000,0.9,213,24914.5
"16214",5000,0.9,214,24777.1
"16215",5000,0.9,215,24933.6
"16216",5000,0.9,216,24631.8
"16217",5000,0.9,217,24617.6
"16218",5000,0.9,218,24640.1
"16219",5000,0.9,219,24998
"16220",5000,0.9,220,24703.5
"16221",5000,0.9,221,24614.1
"16222",5000,0.9,222,24701.8
"16223",5000,0.9,223,24423.5
"16224",5000,0.9,224,24549.2
"16225",5000,0.9,225,24693.5
"16226",5000,0.9,226,24618.6
"16227",5000,0.9,227,24906.4
"16228",5000,0.9,228,24816
"16229",5000,0.9,229,24752.3
"16230",5000,0.9,230,24396.3
"16231",5000,0.9,231,24619.7
"16232",5000,0.9,232,25362
"16233",5000,0.9,233,24615.5
"16234",5000,0.9,234,24338.6
"16235",5000,0.9,235,24301.5
"16236",5000,0.9,236,24355.7
"16237",5000,0.9,237,24335.2
"16238",5000,0.9,238,24971.8
"16239",5000,0.9,239,24731.4
"16240",5000,0.9,240,24646.4
"16241",5000,0.9,241,24279.1
"16242",5000,0.9,242,24404.5
"16243",5000,0.9,243,24536.9
"16244",5000,0.9,244,24764.7
"16245",5000,0.9,245,24891.8
"16246",5000,0.9,246,24511.1
"16247",5000,0.9,247,24639.7
"16248",5000,0.9,248,24485.7
"16249",5000,0.9,249,24630.7
"16250",5000,0.9,250,24717.8
"16251",5000,0.9,251,24651.5
"16252",5000,0.9,252,24478.3
"16253",5000,0.9,253,24521.6
"16254",5000,0.9,254,24910.8
"16255",5000,0.9,255,24063.2
"16256",5000,0.9,256,24529.2
"16257",5000,0.9,257,24809.6
"16258",5000,0.9,258,24764.8
"16259",5000,0.9,259,24900.5
"16260",5000,0.9,260,24806.5
"16261",5000,0.9,261,24839.8
"16262",5000,0.9,262,24814.5
"16263",5000,0.9,263,24756.7
"16264",5000,0.9,264,25032.1
"16265",5000,0.9,265,24872.4
"16266",5000,0.9,266,24980.9
"16267",5000,0.9,267,24438.7
"16268",5000,0.9,268,24336.3
"16269",5000,0.9,269,24342.5
"16270",5000,0.9,270,24437.1
"16271",5000,0.9,271,24424.5
"16272",5000,0.9,272,24513.4
"16273",5000,0.9,273,24715.3
"16274",5000,0.9,274,24395.8
"16275",5000,0.9,275,24529
"16276",5000,0.9,276,24415.9
"16277",5000,0.9,277,24659.4
"16278",5000,0.9,278,25339.2
"16279",5000,0.9,279,24816.1
"16280",5000,0.9,280,24667.5
"16281",5000,0.9,281,24475.6
"16282",5000,0.9,282,24508.8
"16283",5000,0.9,283,24173.1
"16284",5000,0.9,284,24115.7
"16285",5000,0.9,285,24806.4
"16286",5000,0.9,286,24440.8
"16287",5000,0.9,287,24368.6
"16288",5000,0.9,288,24830.7
"16289",5000,0.9,289,24756.4
"16290",5000,0.9,290,24903.5
"16291",5000,0.9,291,24546.6
"16292",5000,0.9,292,25295.5
"16293",5000,0.9,293,24546.6
"16294",5000,0.9,294,24335.3
"16295",5000,0.9,295,23911.4
"16296",5000,0.9,296,23933.9
"16297",5000,0.9,297,23975.9
"16298",5000,0.9,298,24254.2
"16299",5000,0.9,299,24452
"16300",5000,0.9,300,24421.9
"16301",5000,0.9,301,24558.8
"16302",5000,0.9,302,24513.5
"16303",5000,0.9,303,24294.5
"16304",5000,0.9,304,25147.6
"16305",5000,0.9,305,24891.7
"16306",5000,0.9,306,23939.6
"16307",5000,0.9,307,24165.3
"16308",5000,0.9,308,24147.8
"16309",5000,0.9,309,24803.4
"16310",5000,0.9,310,24726.5
"16311",5000,0.9,311,24540.8
"16312",5000,0.9,312,24273
"16313",5000,0.9,313,24316.6
"16314",5000,0.9,314,24217.2
"16315",5000,0.9,315,24867.9
"16316",5000,0.9,316,24415.6
"16317",5000,0.9,317,24499.3
"16318",5000,0.9,318,24245.2
"16319",5000,0.9,319,24751.2
"16320",5000,0.9,320,24412.1
"16321",5000,0.9,321,24544.7
"16322",5000,0.9,322,24485.7
"16323",5000,0.9,323,24378.4
"16324",5000,0.9,324,24591.1
"16325",5000,0.9,325,24376.7
"16326",5000,0.9,326,24733.9
"16327",5000,0.9,327,24505.2
"16328",5000,0.9,328,24110.6
"16329",5000,0.9,329,23937.7
"16330",5000,0.9,330,24294.2
"16331",5000,0.9,331,24505.3
"16332",5000,0.9,332,24223.4
"16333",5000,0.9,333,24292
"16334",5000,0.9,334,24809
"16335",5000,0.9,335,24612.9
"16336",5000,0.9,336,24590
"16337",5000,0.9,337,24242.3
"16338",5000,0.9,338,24856.7
"16339",5000,0.9,339,24809.8
"16340",5000,0.9,340,24675.5
"16341",5000,0.9,341,24808.9
"16342",5000,0.9,342,25039.5
"16343",5000,0.9,343,24728.3
"16344",5000,0.9,344,24751.5
"16345",5000,0.9,345,24651.6
"16346",5000,0.9,346,24777.7
"16347",5000,0.9,347,25003
"16348",5000,0.9,348,24811.1
"16349",5000,0.9,349,24644.8
"16350",5000,0.9,350,24363.7
"16351",5000,0.9,351,24485.8
"16352",5000,0.9,352,24321
"16353",5000,0.9,353,24753.7
"16354",5000,0.9,354,24572.8
"16355",5000,0.9,355,24792.7
"16356",5000,0.9,356,24611.9
"16357",5000,0.9,357,24674.8
"16358",5000,0.9,358,24456.5
"16359",5000,0.9,359,24132.2
"16360",5000,0.9,360,24284.9
"16361",5000,0.9,361,24519.3
"16362",5000,0.9,362,24742.8
"16363",5000,0.9,363,24587.8
"16364",5000,0.9,364,24401.5
"16365",5000,0.9,365,24462.1
"16366",5000,0.9,366,24835.8
"16367",5000,0.9,367,24685.4
"16368",5000,0.9,368,24908.2
"16369",5000,0.9,369,24804
"16370",5000,0.9,370,24878.9
"16371",5000,0.9,371,24674.3
"16372",5000,0.9,372,24261.4
"16373",5000,0.9,373,24347.5
"16374",5000,0.9,374,24464.5
"16375",5000,0.9,375,24191.8
"16376",5000,0.9,376,24901.6
"16377",5000,0.9,377,24580.8
"16378",5000,0.9,378,24429.2
"16379",5000,0.9,379,24584.2
"16380",5000,0.9,380,24857.6
"16381",5000,0.9,381,24866.9
"16382",5000,0.9,382,24731.2
"16383",5000,0.9,383,24898.6
"16384",5000,0.9,384,24508.9
"16385",5000,0.9,385,24619.1
"16386",5000,0.9,386,24864.4
"16387",5000,0.9,387,24675.4
"16388",5000,0.9,388,24807.3
"16389",5000,0.9,389,24740.1
"16390",5000,0.9,390,25029.2
"16391",5000,0.9,391,25081.7
"16392",5000,0.9,392,24580.8
"16393",5000,0.9,393,24727.7
"16394",5000,0.9,394,24419.8
"16395",5000,0.9,395,24230.7
"16396",5000,0.9,396,24447.5
"16397",5000,0.9,397,24745.1
"16398",5000,0.9,398,25081.5
"16399",5000,0.9,399,24704.5
"16400",5000,0.9,400,24220
"16401",5000,0.9,401,24403.5
"16402",5000,0.9,402,24532.1
"16403",5000,0.9,403,24311.7
"16404",5000,0.9,404,24399.3
"16405",5000,0.9,405,24876.3
"16406",5000,0.9,406,24698.1
"16407",5000,0.9,407,24186
"16408",5000,0.9,408,24474.2
"16409",5000,0.9,409,24559.6
"16410",5000,0.9,410,24504.7
"16411",5000,0.9,411,24322.9
"16412",5000,0.9,412,24493.7
"16413",5000,0.9,413,24675.7
"16414",5000,0.9,414,24584.5
"16415",5000,0.9,415,25232.7
"16416",5000,0.9,416,24558
"16417",5000,0.9,417,24548.2
"16418",5000,0.9,418,24573.2
"16419",5000,0.9,419,24894.3
"16420",5000,0.9,420,25010.8
"16421",5000,0.9,421,24446.6
"16422",5000,0.9,422,24243.5
"16423",5000,0.9,423,24008.7
"16424",5000,0.9,424,24522.8
"16425",5000,0.9,425,24114.5
"16426",5000,0.9,426,24493.6
"16427",5000,0.9,427,24208.3
"16428",5000,0.9,428,24076.5
"16429",5000,0.9,429,24307.1
"16430",5000,0.9,430,24147.2
"16431",5000,0.9,431,24417.1
"16432",5000,0.9,432,24482.4
"16433",5000,0.9,433,24452.6
"16434",5000,0.9,434,24413.1
"16435",5000,0.9,435,24615.8
"16436",5000,0.9,436,24773.3
"16437",5000,0.9,437,24997.6
"16438",5000,0.9,438,24760.1
"16439",5000,0.9,439,24554.8
"16440",5000,0.9,440,24291.2
"16441",5000,0.9,441,24389.2
"16442",5000,0.9,442,24400
"16443",5000,0.9,443,24546.5
"16444",5000,0.9,444,24581.7
"16445",5000,0.9,445,24426.3
"16446",5000,0.9,446,24685
"16447",5000,0.9,447,24806.1
"16448",5000,0.9,448,24804.3
"16449",5000,0.9,449,24575.3
"16450",5000,0.9,450,24610
"16451",5000,0.9,451,24902.8
"16452",5000,0.9,452,24755.9
"16453",5000,0.9,453,24694.9
"16454",5000,0.9,454,24728.4
"16455",5000,0.9,455,24764.1
"16456",5000,0.9,456,24789.1
"16457",5000,0.9,457,24398.5
"16458",5000,0.9,458,24131.8
"16459",5000,0.9,459,24293.4
"16460",5000,0.9,460,24557.6
"16461",5000,0.9,461,24324.4
"16462",5000,0.9,462,24467.5
"16463",5000,0.9,463,24552.3
"16464",5000,0.9,464,24814.9
"16465",5000,0.9,465,24950.8
"16466",5000,0.9,466,24697.9
"16467",5000,0.9,467,24816.6
"16468",5000,0.9,468,24847.1
"16469",5000,0.9,469,24878
"16470",5000,0.9,470,24840.8
"16471",5000,0.9,471,25058
"16472",5000,0.9,472,24731.9
"16473",5000,0.9,473,24685.7
"16474",5000,0.9,474,24612.7
"16475",5000,0.9,475,24391.8
"16476",5000,0.9,476,24544.3
"16477",5000,0.9,477,24575.2
"16478",5000,0.9,478,24444.6
"16479",5000,0.9,479,24514.2
"16480",5000,0.9,480,24711.8
"16481",5000,0.9,481,24613.1
"16482",5000,0.9,482,24728.9
"16483",5000,0.9,483,24974.4
"16484",5000,0.9,484,24598.9
"16485",5000,0.9,485,24588.8
"16486",5000,0.9,486,24793
"16487",5000,0.9,487,24154.9
"16488",5000,0.9,488,24605.9
"16489",5000,0.9,489,24363.1
"16490",5000,0.9,490,23951.9
"16491",5000,0.9,491,23998.2
"16492",5000,0.9,492,24263.5
"16493",5000,0.9,493,24364.8
"16494",5000,0.9,494,23651.7
"16495",5000,0.9,495,24175.1
"16496",5000,0.9,496,23990.2
"16497",5000,0.9,497,24397.7
"16498",5000,0.9,498,24651.4
"16499",5000,0.9,499,25053.3
"16500",5000,0.9,500,24814.7
"16501",5000,0.9,501,24649.9
"16502",5000,0.9,502,24418.8
"16503",5000,0.9,503,24629.4
"16504",5000,0.9,504,24722.3
"16505",5000,0.9,505,25156.1
"16506",5000,0.9,506,24679
"16507",5000,0.9,507,24355.4
"16508",5000,0.9,508,24611.9
"16509",5000,0.9,509,24435.6
"16510",5000,0.9,510,24456.7
"16511",5000,0.9,511,24716.8
"16512",5000,0.9,512,24664.9
"16513",5000,0.9,513,24819.5
"16514",5000,0.9,514,24737.9
"16515",5000,0.9,515,24500.9
"16516",5000,0.9,516,24275.4
"16517",5000,0.9,517,24229.8
"16518",5000,0.9,518,24250.1
"16519",5000,0.9,519,24539.2
"16520",5000,0.9,520,25147.4
"16521",5000,0.9,521,24766
"16522",5000,0.9,522,24610.3
"16523",5000,0.9,523,24546.9
"16524",5000,0.9,524,24499
"16525",5000,0.9,525,24475.1
"16526",5000,0.9,526,24709.5
"16527",5000,0.9,527,24692.2
"16528",5000,0.9,528,24808.1
"16529",5000,0.9,529,24596.8
"16530",5000,0.9,530,24714.5
"16531",5000,0.9,531,24783.9
"16532",5000,0.9,532,24540.9
"16533",5000,0.9,533,24770.2
"16534",5000,0.9,534,24428.6
"16535",5000,0.9,535,24481.7
"16536",5000,0.9,536,25028.7
"16537",5000,0.9,537,24785.3
"16538",5000,0.9,538,24893.5
"16539",5000,0.9,539,24643.4
"16540",5000,0.9,540,24220.7
"16541",5000,0.9,541,24620.5
"16542",5000,0.9,542,24632.6
"16543",5000,0.9,543,24933.6
"16544",5000,0.9,544,24615.4
"16545",5000,0.9,545,24467.1
"16546",5000,0.9,546,24903.9
"16547",5000,0.9,547,24565
"16548",5000,0.9,548,24822.1
"16549",5000,0.9,549,24758.9
"16550",5000,0.9,550,24377.2
"16551",5000,0.9,551,24609.3
"16552",5000,0.9,552,24633
"16553",5000,0.9,553,24405.7
"16554",5000,0.9,554,24767.9
"16555",5000,0.9,555,24147.3
"16556",5000,0.9,556,24298.6
"16557",5000,0.9,557,24588.1
"16558",5000,0.9,558,25091.2
"16559",5000,0.9,559,24941.5
"16560",5000,0.9,560,24289
"16561",5000,0.9,561,24649.6
"16562",5000,0.9,562,24642.8
"16563",5000,0.9,563,24900
"16564",5000,0.9,564,24549
"16565",5000,0.9,565,24831.3
"16566",5000,0.9,566,24869.1
"16567",5000,0.9,567,24836.8
"16568",5000,0.9,568,24554.3
"16569",5000,0.9,569,24427.6
"16570",5000,0.9,570,24657.5
"16571",5000,0.9,571,24522.8
"16572",5000,0.9,572,24454.7
"16573",5000,0.9,573,24534
"16574",5000,0.9,574,24677.6
"16575",5000,0.9,575,24500.7
"16576",5000,0.9,576,24616.5
"16577",5000,0.9,577,24817.6
"16578",5000,0.9,578,24550.3
"16579",5000,0.9,579,24326.4
"16580",5000,0.9,580,24867.1
"16581",5000,0.9,581,24821
"16582",5000,0.9,582,24718.8
"16583",5000,0.9,583,24887.9
"16584",5000,0.9,584,25034.3
"16585",5000,0.9,585,24840.6
"16586",5000,0.9,586,24897.6
"16587",5000,0.9,587,24778
"16588",5000,0.9,588,24874.7
"16589",5000,0.9,589,24833.9
"16590",5000,0.9,590,24663
"16591",5000,0.9,591,24768.3
"16592",5000,0.9,592,24477.1
"16593",5000,0.9,593,24879.2
"16594",5000,0.9,594,25084.7
"16595",5000,0.9,595,24678.2
"16596",5000,0.9,596,24457.8
"16597",5000,0.9,597,24364.9
"16598",5000,0.9,598,24207.3
"16599",5000,0.9,599,24264.6
"16600",5000,0.9,600,24606.4
"16601",5000,0.9,601,24818.5
"16602",5000,0.9,602,24371.6
"16603",5000,0.9,603,24545.6
"16604",5000,0.9,604,24643.3
"16605",5000,0.9,605,24659.4
"16606",5000,0.9,606,24798.9
"16607",5000,0.9,607,24686.2
"16608",5000,0.9,608,24619.5
"16609",5000,0.9,609,24767.8
"16610",5000,0.9,610,24483
"16611",5000,0.9,611,24631.1
"16612",5000,0.9,612,24759.8
"16613",5000,0.9,613,24936
"16614",5000,0.9,614,24793.4
"16615",5000,0.9,615,24619.2
"16616",5000,0.9,616,24741
"16617",5000,0.9,617,24604.6
"16618",5000,0.9,618,24726.2
"16619",5000,0.9,619,24685.6
"16620",5000,0.9,620,24351
"16621",5000,0.9,621,24485.2
"16622",5000,0.9,622,24786.2
"16623",5000,0.9,623,24359.5
"16624",5000,0.9,624,24548.5
"16625",5000,0.9,625,24787.6
"16626",5000,0.9,626,24674.8
"16627",5000,0.9,627,24536.5
"16628",5000,0.9,628,24378.5
"16629",5000,0.9,629,24744
"16630",5000,0.9,630,24559.8
"16631",5000,0.9,631,25188.9
"16632",5000,0.9,632,24129.2
"16633",5000,0.9,633,24195
"16634",5000,0.9,634,24339
"16635",5000,0.9,635,24453
"16636",5000,0.9,636,24920.2
"16637",5000,0.9,637,24131.1
"16638",5000,0.9,638,24282.7
"16639",5000,0.9,639,24230.7
"16640",5000,0.9,640,24634.6
"16641",5000,0.9,641,24656.4
"16642",5000,0.9,642,24601.3
"16643",5000,0.9,643,24575.9
"16644",5000,0.9,644,24671.6
"16645",5000,0.9,645,24925.7
"16646",5000,0.9,646,24431.2
"16647",5000,0.9,647,24776.6
"16648",5000,0.9,648,24492.6
"16649",5000,0.9,649,24647.6
"16650",5000,0.9,650,24610.9
"16651",5000,0.9,651,24593.8
"16652",5000,0.9,652,24760.4
"16653",5000,0.9,653,25053.7
"16654",5000,0.9,654,24644.3
"16655",5000,0.9,655,24682
"16656",5000,0.9,656,24608.6
"16657",5000,0.9,657,24781.6
"16658",5000,0.9,658,24179.5
"16659",5000,0.9,659,24333
"16660",5000,0.9,660,24489.5
"16661",5000,0.9,661,25071.8
"16662",5000,0.9,662,24542.3
"16663",5000,0.9,663,24620.1
"16664",5000,0.9,664,25259.2
"16665",5000,0.9,665,24586
"16666",5000,0.9,666,24381.4
"16667",5000,0.9,667,24311
"16668",5000,0.9,668,24574.5
"16669",5000,0.9,669,24703.1
"16670",5000,0.9,670,24932
"16671",5000,0.9,671,24768.3
"16672",5000,0.9,672,24448.9
"16673",5000,0.9,673,24717
"16674",5000,0.9,674,24980.2
"16675",5000,0.9,675,24775
"16676",5000,0.9,676,24616.6
"16677",5000,0.9,677,24464.1
"16678",5000,0.9,678,24577.3
"16679",5000,0.9,679,24305.2
"16680",5000,0.9,680,24314.1
"16681",5000,0.9,681,24875.7
"16682",5000,0.9,682,24538.8
"16683",5000,0.9,683,25043.5
"16684",5000,0.9,684,24484.5
"16685",5000,0.9,685,24557.7
"16686",5000,0.9,686,24311.3
"16687",5000,0.9,687,24879.2
"16688",5000,0.9,688,24657.8
"16689",5000,0.9,689,24691.8
"16690",5000,0.9,690,24638.2
"16691",5000,0.9,691,24511.7
"16692",5000,0.9,692,24664.3
"16693",5000,0.9,693,24683.9
"16694",5000,0.9,694,24578.3
"16695",5000,0.9,695,24644.1
"16696",5000,0.9,696,24744.5
"16697",5000,0.9,697,24392.9
"16698",5000,0.9,698,24562.5
"16699",5000,0.9,699,24457.8
"16700",5000,0.9,700,24402.2
"16701",5000,0.9,701,24635.6
"16702",5000,0.9,702,24943.5
"16703",5000,0.9,703,24667.9
"16704",5000,0.9,704,24588.2
"16705",5000,0.9,705,24679.3
"16706",5000,0.9,706,25064.4
"16707",5000,0.9,707,24984.2
"16708",5000,0.9,708,25331.2
"16709",5000,0.9,709,24124.7
"16710",5000,0.9,710,24248.1
"16711",5000,0.9,711,24266.4
"16712",5000,0.9,712,24453.3
"16713",5000,0.9,713,24609
"16714",5000,0.9,714,24310.6
"16715",5000,0.9,715,24294.4
"16716",5000,0.9,716,24473.7
"16717",5000,0.9,717,24859.3
"16718",5000,0.9,718,24522.5
"16719",5000,0.9,719,24282.7
"16720",5000,0.9,720,24734
"16721",5000,0.9,721,24270.8
"16722",5000,0.9,722,24400.8
"16723",5000,0.9,723,24472.1
"16724",5000,0.9,724,24632.3
"16725",5000,0.9,725,24488
"16726",5000,0.9,726,24631.8
"16727",5000,0.9,727,24630.5
"16728",5000,0.9,728,24656.2
"16729",5000,0.9,729,24387.3
"16730",5000,0.9,730,24540.7
"16731",5000,0.9,731,24591.7
"16732",5000,0.9,732,24490.8
"16733",5000,0.9,733,24750
"16734",5000,0.9,734,25131.6
"16735",5000,0.9,735,24607.9
"16736",5000,0.9,736,24705.9
"16737",5000,0.9,737,24361
"16738",5000,0.9,738,24823.3
"16739",5000,0.9,739,24301
"16740",5000,0.9,740,24631.3
"16741",5000,0.9,741,24797.8
"16742",5000,0.9,742,24747.1
"16743",5000,0.9,743,24473.6
"16744",5000,0.9,744,24471
"16745",5000,0.9,745,24276.9
"16746",5000,0.9,746,24484.1
"16747",5000,0.9,747,24727.5
"16748",5000,0.9,748,24858.5
"16749",5000,0.9,749,24362
"16750",5000,0.9,750,23939.1
"16751",5000,0.9,751,24087.2
"16752",5000,0.9,752,24095
"16753",5000,0.9,753,24275.9
"16754",5000,0.9,754,24399.1
"16755",5000,0.9,755,24730.9
"16756",5000,0.9,756,24600.7
"16757",5000,0.9,757,24692.9
"16758",5000,0.9,758,24977.2
"16759",5000,0.9,759,25025.8
"16760",5000,0.9,760,23886
"16761",5000,0.9,761,24364.6
"16762",5000,0.9,762,24521.9
"16763",5000,0.9,763,24754.2
"16764",5000,0.9,764,24585.9
"16765",5000,0.9,765,24277.1
"16766",5000,0.9,766,24329
"16767",5000,0.9,767,24379.2
"16768",5000,0.9,768,24760.2
"16769",5000,0.9,769,24609.3
"16770",5000,0.9,770,24700.9
"16771",5000,0.9,771,24770
"16772",5000,0.9,772,24956.8
"16773",5000,0.9,773,24600.5
"16774",5000,0.9,774,24699.9
"16775",5000,0.9,775,24844.7
"16776",5000,0.9,776,24488.8
"16777",5000,0.9,777,24095.7
"16778",5000,0.9,778,24466.3
"16779",5000,0.9,779,24604.2
"16780",5000,0.9,780,24973.8
"16781",5000,0.9,781,24429.4
"16782",5000,0.9,782,24939.3
"16783",5000,0.9,783,24928.3
"16784",5000,0.9,784,24460.5
"16785",5000,0.9,785,24418.5
"16786",5000,0.9,786,24796.8
"16787",5000,0.9,787,24472.4
"16788",5000,0.9,788,24192.9
"16789",5000,0.9,789,24793.7
"16790",5000,0.9,790,24466.9
"16791",5000,0.9,791,24838.9
"16792",5000,0.9,792,24565.9
"16793",5000,0.9,793,25240.8
"16794",5000,0.9,794,24419.6
"16795",5000,0.9,795,24467.5
"16796",5000,0.9,796,24301.7
"16797",5000,0.9,797,24644.6
"16798",5000,0.9,798,24465.1
"16799",5000,0.9,799,24405.7
"16800",5000,0.9,800,24533.3
"16801",5000,0.9,801,24609.9
"16802",5000,0.9,802,24859.8
"16803",5000,0.9,803,24984.6
"16804",5000,0.9,804,24692.3
"16805",5000,0.9,805,24856
"16806",5000,0.9,806,24535.1
"16807",5000,0.9,807,24554.4
"16808",5000,0.9,808,24770
"16809",5000,0.9,809,24912.2
"16810",5000,0.9,810,24284.8
"16811",5000,0.9,811,24292.2
"16812",5000,0.9,812,24295.9
"16813",5000,0.9,813,24586.1
"16814",5000,0.9,814,24541.4
"16815",5000,0.9,815,24604.6
"16816",5000,0.9,816,24918
"16817",5000,0.9,817,24661.8
"16818",5000,0.9,818,24983.7
"16819",5000,0.9,819,24904.6
"16820",5000,0.9,820,24504.2
"16821",5000,0.9,821,24333.3
"16822",5000,0.9,822,24334.5
"16823",5000,0.9,823,24606.4
"16824",5000,0.9,824,24647.1
"16825",5000,0.9,825,24277.6
"16826",5000,0.9,826,24476.9
"16827",5000,0.9,827,24408.9
"16828",5000,0.9,828,24799.3
"16829",5000,0.9,829,24641.2
"16830",5000,0.9,830,24252.6
"16831",5000,0.9,831,24446.2
"16832",5000,0.9,832,24443.5
"16833",5000,0.9,833,24261.1
"16834",5000,0.9,834,24290.5
"16835",5000,0.9,835,24681.4
"16836",5000,0.9,836,25132.3
"16837",5000,0.9,837,24238.7
"16838",5000,0.9,838,24464.3
"16839",5000,0.9,839,24563.2
"16840",5000,0.9,840,24672.7
"16841",5000,0.9,841,24802.9
"16842",5000,0.9,842,24995.2
"16843",5000,0.9,843,24758.4
"16844",5000,0.9,844,24783.5
"16845",5000,0.9,845,24613.1
"16846",5000,0.9,846,24554.4
"16847",5000,0.9,847,24785.3
"16848",5000,0.9,848,24839.6
"16849",5000,0.9,849,24514.9
"16850",5000,0.9,850,24810.5
"16851",5000,0.9,851,24792.8
"16852",5000,0.9,852,24619.4
"16853",5000,0.9,853,24492.1
"16854",5000,0.9,854,24490.7
"16855",5000,0.9,855,24823.9
"16856",5000,0.9,856,24402
"16857",5000,0.9,857,24110
"16858",5000,0.9,858,24254.1
"16859",5000,0.9,859,24498.2
"16860",5000,0.9,860,24480.6
"16861",5000,0.9,861,24993.2
"16862",5000,0.9,862,24274
"16863",5000,0.9,863,24789.6
"16864",5000,0.9,864,24599.5
"16865",5000,0.9,865,24618.9
"16866",5000,0.9,866,24765.2
"16867",5000,0.9,867,24701.5
"16868",5000,0.9,868,24265.3
"16869",5000,0.9,869,24443.3
"16870",5000,0.9,870,24919.6
"16871",5000,0.9,871,24527.9
"16872",5000,0.9,872,24762.9
"16873",5000,0.9,873,24434.7
"16874",5000,0.9,874,24898.4
"16875",5000,0.9,875,24516
"16876",5000,0.9,876,24414.7
"16877",5000,0.9,877,24525.9
"16878",5000,0.9,878,24390
"16879",5000,0.9,879,24485.5
"16880",5000,0.9,880,24411.9
"16881",5000,0.9,881,24610.2
"16882",5000,0.9,882,24937.2
"16883",5000,0.9,883,25005.4
"16884",5000,0.9,884,24726.8
"16885",5000,0.9,885,24554.6
"16886",5000,0.9,886,24692.2
"16887",5000,0.9,887,24809.5
"16888",5000,0.9,888,24338.4
"16889",5000,0.9,889,24607.7
"16890",5000,0.9,890,24525.3
"16891",5000,0.9,891,24522.2
"16892",5000,0.9,892,24620.3
"16893",5000,0.9,893,24706.9
"16894",5000,0.9,894,24943.9
"16895",5000,0.9,895,24593.5
"16896",5000,0.9,896,24733
"16897",5000,0.9,897,24874.6
"16898",5000,0.9,898,24673.5
"16899",5000,0.9,899,24487.4
"16900",5000,0.9,900,24358.7
"16901",5000,0.9,901,24654.9
"16902",5000,0.9,902,24638.5
"16903",5000,0.9,903,24423.8
"16904",5000,0.9,904,24249.6
"16905",5000,0.9,905,24426.3
"16906",5000,0.9,906,24502.8
"16907",5000,0.9,907,24482.1
"16908",5000,0.9,908,24215.5
"16909",5000,0.9,909,24356.8
"16910",5000,0.9,910,24461.3
"16911",5000,0.9,911,24419
"16912",5000,0.9,912,24752.7
"16913",5000,0.9,913,25098.3
"16914",5000,0.9,914,24973.3
"16915",5000,0.9,915,24504.9
"16916",5000,0.9,916,24673.9
"16917",5000,0.9,917,24542.3
"16918",5000,0.9,918,24665.4
"16919",5000,0.9,919,24637.4
"16920",5000,0.9,920,24794
"16921",5000,0.9,921,24593.5
"16922",5000,0.9,922,24545.4
"16923",5000,0.9,923,24656.5
"16924",5000,0.9,924,24746.1
"16925",5000,0.9,925,24880.3
"16926",5000,0.9,926,24752.2
"16927",5000,0.9,927,24725.8
"16928",5000,0.9,928,24871.4
"16929",5000,0.9,929,25079.1
"16930",5000,0.9,930,24850.5
"16931",5000,0.9,931,24857.8
"16932",5000,0.9,932,24487.8
"16933",5000,0.9,933,24380.7
"16934",5000,0.9,934,24835.1
"16935",5000,0.9,935,24156.9
"16936",5000,0.9,936,24314.2
"16937",5000,0.9,937,24064.3
"16938",5000,0.9,938,24551.8
"16939",5000,0.9,939,24740
"16940",5000,0.9,940,24839.8
"16941",5000,0.9,941,24785.9
"16942",5000,0.9,942,24644.9
"16943",5000,0.9,943,24702.8
"16944",5000,0.9,944,24897.1
"16945",5000,0.9,945,24302.7
"16946",5000,0.9,946,24328.1
"16947",5000,0.9,947,24224.1
"16948",5000,0.9,948,24211.5
"16949",5000,0.9,949,24170.2
"16950",5000,0.9,950,24766.3
"16951",5000,0.9,951,24651.6
"16952",5000,0.9,952,24522.3
"16953",5000,0.9,953,24576.1
"16954",5000,0.9,954,24229.9
"16955",5000,0.9,955,24649.2
"16956",5000,0.9,956,24561.2
"16957",5000,0.9,957,25035.8
"16958",5000,0.9,958,24730.4
"16959",5000,0.9,959,24792.6
"16960",5000,0.9,960,24769.6
"16961",5000,0.9,961,24904.2
"16962",5000,0.9,962,24897.3
"16963",5000,0.9,963,24911
"16964",5000,0.9,964,24651.3
"16965",5000,0.9,965,24502
"16966",5000,0.9,966,24953.7
"16967",5000,0.9,967,24387.1
"16968",5000,0.9,968,24239.3
"16969",5000,0.9,969,24389.1
"16970",5000,0.9,970,24597.7
"16971",5000,0.9,971,24737.9
"16972",5000,0.9,972,24603.1
"16973",5000,0.9,973,24131.2
"16974",5000,0.9,974,24041
"16975",5000,0.9,975,24802.5
"16976",5000,0.9,976,24485.6
"16977",5000,0.9,977,24609.8
"16978",5000,0.9,978,24358.5
"16979",5000,0.9,979,24524.4
"16980",5000,0.9,980,24596.7
"16981",5000,0.9,981,24524
"16982",5000,0.9,982,24749.4
"16983",5000,0.9,983,24141.9
"16984",5000,0.9,984,24463.5
"16985",5000,0.9,985,24477.4
"16986",5000,0.9,986,24678.1
"16987",5000,0.9,987,24821.5
"16988",5000,0.9,988,24406.4
"16989",5000,0.9,989,24514.8
"16990",5000,0.9,990,24593.4
"16991",5000,0.9,991,24090.4
"16992",5000,0.9,992,24510.1
"16993",5000,0.9,993,24345.7
"16994",5000,0.9,994,24426.6
"16995",5000,0.9,995,24768
"16996",5000,0.9,996,24442.7
"16997",5000,0.9,997,24552.6
"16998",5000,0.9,998,24536.3
"16999",5000,0.9,999,24943.2
"17000",5000,0.9,1000,23089
"17001",5000,0.9,1001,21939.8
"17002",5000,0.9,1002,21239.7
"17003",5000,0.9,1003,20403.9
"17004",5000,0.9,1004,19450.6
"17005",5000,0.9,1005,19038.9
"17006",5000,0.9,1006,18539.3
"17007",5000,0.9,1007,18025.2
"17008",5000,0.9,1008,17477.5
"17009",5000,0.9,1009,16738.3
"17010",5000,0.9,1010,16548.5
"17011",5000,0.9,1011,16616.5
"17012",5000,0.9,1012,16015.4
"17013",5000,0.9,1013,15800.8
"17014",5000,0.9,1014,15364.1
"17015",5000,0.9,1015,14858.6
"17016",5000,0.9,1016,14668.3
"17017",5000,0.9,1017,14248.2
"17018",5000,0.9,1018,14099.1
"17019",5000,0.9,1019,13848.8
"17020",5000,0.9,1020,13523.8
"17021",5000,0.9,1021,13467.5
"17022",5000,0.9,1022,13154.2
"17023",5000,0.9,1023,13105.9
"17024",5000,0.9,1024,12844.8
"17025",5000,0.9,1025,17910.8
"17026",5000,0.9,1026,16670.5
"17027",5000,0.9,1027,15863.7
"17028",5000,0.9,1028,15201
"17029",5000,0.9,1029,14945.2
"17030",5000,0.9,1030,14578.9
"17031",5000,0.9,1031,14005.2
"17032",5000,0.9,1032,14216.4
"17033",5000,0.9,1033,13878.6
"17034",5000,0.9,1034,13528.3
"17035",5000,0.9,1035,13438.3
"17036",5000,0.9,1036,13165.2
"17037",5000,0.9,1037,12895.1
"17038",5000,0.9,1038,12826.3
"17039",5000,0.9,1039,12434.6
"17040",5000,0.9,1040,12478.9
"17041",5000,0.9,1041,12382.6
"17042",5000,0.9,1042,12256
"17043",5000,0.9,1043,12223.4
"17044",5000,0.9,1044,12026.3
"17045",5000,0.9,1045,12133.3
"17046",5000,0.9,1046,11820.7
"17047",5000,0.9,1047,11789.3
"17048",5000,0.9,1048,11267.6
"17049",5000,0.9,1049,11048.1
"17050",5000,0.9,1050,11296.1
"17051",5000,0.9,1051,11475.4
"17052",5000,0.9,1052,11523.1
"17053",5000,0.9,1053,11441.1
"17054",5000,0.9,1054,11132.1
"17055",5000,0.9,1055,11354.3
"17056",5000,0.9,1056,11102.8
"17057",5000,0.9,1057,10996.1
"17058",5000,0.9,1058,10939.3
"17059",5000,0.9,1059,10796.9
"17060",5000,0.9,1060,10841.1
"17061",5000,0.9,1061,10776.4
"17062",5000,0.9,1062,10948.1
"17063",5000,0.9,1063,10660.9
"17064",5000,0.9,1064,10625.7
"17065",5000,0.9,1065,10407.7
"17066",5000,0.9,1066,10711.9
"17067",5000,0.9,1067,10651.9
"17068",5000,0.9,1068,10477.4
"17069",5000,0.9,1069,10677.2
"17070",5000,0.9,1070,10402.4
"17071",5000,0.9,1071,10331.9
"17072",5000,0.9,1072,10426.6
"17073",5000,0.9,1073,10431.2
"17074",5000,0.9,1074,10358.5
"17075",5000,0.9,1075,10451.3
"17076",5000,0.9,1076,10470.9
"17077",5000,0.9,1077,10563.7
"17078",5000,0.9,1078,10346.8
"17079",5000,0.9,1079,10594.8
"17080",5000,0.9,1080,10605.3
"17081",5000,0.9,1081,10582
"17082",5000,0.9,1082,10800.3
"17083",5000,0.9,1083,10708.1
"17084",5000,0.9,1084,10909.3
"17085",5000,0.9,1085,11011.7
"17086",5000,0.9,1086,10946.6
"17087",5000,0.9,1087,10985.2
"17088",5000,0.9,1088,11358.8
"17089",5000,0.9,1089,11380.1
"17090",5000,0.9,1090,11220.9
"17091",5000,0.9,1091,11457.9
"17092",5000,0.9,1092,11521.9
"17093",5000,0.9,1093,11929.8
"17094",5000,0.9,1094,11937.4
"17095",5000,0.9,1095,11982.2
"17096",5000,0.9,1096,12037.1
"17097",5000,0.9,1097,12153
"17098",5000,0.9,1098,12285.2
"17099",5000,0.9,1099,12499.7
"17100",5000,0.9,1100,12448.1
"17101",5000,0.9,1101,12458.7
"17102",5000,0.9,1102,12744.3
"17103",5000,0.9,1103,12914.1
"17104",5000,0.9,1104,13004.1
"17105",5000,0.9,1105,13373.1
"17106",5000,0.9,1106,13412
"17107",5000,0.9,1107,13517.1
"17108",5000,0.9,1108,13906.1
"17109",5000,0.9,1109,14063
"17110",5000,0.9,1110,14193.7
"17111",5000,0.9,1111,14450.1
"17112",5000,0.9,1112,14695.3
"17113",5000,0.9,1113,14651.9
"17114",5000,0.9,1114,14899.9
"17115",5000,0.9,1115,15291.3
"17116",5000,0.9,1116,15539.3
"17117",5000,0.9,1117,15660.7
"17118",5000,0.9,1118,15946.3
"17119",5000,0.9,1119,16287.5
"17120",5000,0.9,1120,16451.9
"17121",5000,0.9,1121,16393.3
"17122",5000,0.9,1122,16628.6
"17123",5000,0.9,1123,17156.4
"17124",5000,0.9,1124,17392.8
"17125",5000,0.9,1125,17669
"17126",5000,0.9,1126,17698.5
"17127",5000,0.9,1127,18160.4
"17128",5000,0.9,1128,18390
"17129",5000,0.9,1129,18454.8
"17130",5000,0.9,1130,18730.8
"17131",5000,0.9,1131,19002.9
"17132",5000,0.9,1132,19412.9
"17133",5000,0.9,1133,19616.2
"17134",5000,0.9,1134,20016.4
"17135",5000,0.9,1135,20269
"17136",5000,0.9,1136,20661.3
"17137",5000,0.9,1137,20533.8
"17138",5000,0.9,1138,20886
"17139",5000,0.9,1139,21102.7
"17140",5000,0.9,1140,21624.6
"17141",5000,0.9,1141,21673.6
"17142",5000,0.9,1142,21901.7
"17143",5000,0.9,1143,22200.5
"17144",5000,0.9,1144,22470.2
"17145",5000,0.9,1145,22791.7
"17146",5000,0.9,1146,23074
"17147",5000,0.9,1147,23399.7
"17148",5000,0.9,1148,22948.4
"17149",5000,0.9,1149,22718.7
"17150",5000,0.9,1150,23060
"17151",5000,0.9,1151,23203.2
"17152",5000,0.9,1152,23445.3
"17153",5000,0.9,1153,23475.7
"17154",5000,0.9,1154,23823.2
"17155",5000,0.9,1155,24024.4
"17156",5000,0.9,1156,23796.8
"17157",5000,0.9,1157,24080.2
"17158",5000,0.9,1158,24021.4
"17159",5000,0.9,1159,24445.9
"17160",5000,0.9,1160,24487.7
"17161",5000,0.9,1161,24568.3
"17162",5000,0.9,1162,24329.2
"17163",5000,0.9,1163,24636.2
"17164",5000,0.9,1164,24735.9
"17165",5000,0.9,1165,24419.1
"17166",5000,0.9,1166,24202.2
"17167",5000,0.9,1167,24515
"17168",5000,0.9,1168,24209.1
"17169",5000,0.9,1169,24017.9
"17170",5000,0.9,1170,24159.3
"17171",5000,0.9,1171,24518.8
"17172",5000,0.9,1172,24695.9
"17173",5000,0.9,1173,24620.9
"17174",5000,0.9,1174,24787.6
"17175",5000,0.9,1175,25009.9
"17176",5000,0.9,1176,24297.7
"17177",5000,0.9,1177,24475
"17178",5000,0.9,1178,24510.5
"17179",5000,0.9,1179,24915.5
"17180",5000,0.9,1180,24731
"17181",5000,0.9,1181,24688.6
"17182",5000,0.9,1182,24843.6
"17183",5000,0.9,1183,25159.9
"17184",5000,0.9,1184,24961.5
"17185",5000,0.9,1185,24598.6
"17186",5000,0.9,1186,24709.1
"17187",5000,0.9,1187,24905.8
"17188",5000,0.9,1188,24772
"17189",5000,0.9,1189,24974.5
"17190",5000,0.9,1190,24740.7
"17191",5000,0.9,1191,24719.2
"17192",5000,0.9,1192,24644.4
"17193",5000,0.9,1193,25103.3
"17194",5000,0.9,1194,25191.8
"17195",5000,0.9,1195,25004.1
"17196",5000,0.9,1196,24878.2
"17197",5000,0.9,1197,24651.2
"17198",5000,0.9,1198,24889.4
"17199",5000,0.9,1199,24841.3
"17200",5000,0.9,1200,25134.3
"17201",5000,0.9,1201,24607
"17202",5000,0.9,1202,24432.8
"17203",5000,0.9,1203,24092.2
"17204",5000,0.9,1204,24595
"17205",5000,0.9,1205,24976.7
"17206",5000,0.9,1206,24684.5
"17207",5000,0.9,1207,24645.5
"17208",5000,0.9,1208,24817
"17209",5000,0.9,1209,25070.8
"17210",5000,0.9,1210,24609.9
"17211",5000,0.9,1211,24412.7
"17212",5000,0.9,1212,24906
"17213",5000,0.9,1213,24727
"17214",5000,0.9,1214,25231
"17215",5000,0.9,1215,25235.4
"17216",5000,0.9,1216,25140.9
"17217",5000,0.9,1217,25002.2
"17218",5000,0.9,1218,24152
"17219",5000,0.9,1219,24432.4
"17220",5000,0.9,1220,24346.2
"17221",5000,0.9,1221,24965.1
"17222",5000,0.9,1222,24498.7
"17223",5000,0.9,1223,24793.9
"17224",5000,0.9,1224,24998.7
"17225",5000,0.9,1225,24599.4
"17226",5000,0.9,1226,25325
"17227",5000,0.9,1227,24116.8
"17228",5000,0.9,1228,23670.3
"17229",5000,0.9,1229,24328.2
"17230",5000,0.9,1230,24321
"17231",5000,0.9,1231,24201.8
"17232",5000,0.9,1232,24688.8
"17233",5000,0.9,1233,24616.7
"17234",5000,0.9,1234,25160.2
"17235",5000,0.9,1235,24729.9
"17236",5000,0.9,1236,24573.8
"17237",5000,0.9,1237,25037.5
"17238",5000,0.9,1238,24656.5
"17239",5000,0.9,1239,24706.1
"17240",5000,0.9,1240,24942.8
"17241",5000,0.9,1241,24687.8
"17242",5000,0.9,1242,24715
"17243",5000,0.9,1243,24455.4
"17244",5000,0.9,1244,24246.5
"17245",5000,0.9,1245,24871.2
"17246",5000,0.9,1246,24626.9
"17247",5000,0.9,1247,24616.7
"17248",5000,0.9,1248,24492.3
"17249",5000,0.9,1249,24591.3
"17250",5000,0.9,1250,24286.2
"17251",5000,0.9,1251,24413.6
"17252",5000,0.9,1252,24294.1
"17253",5000,0.9,1253,24884.7
"17254",5000,0.9,1254,24573.2
"17255",5000,0.9,1255,24380.5
"17256",5000,0.9,1256,24857.3
"17257",5000,0.9,1257,24992.3
"17258",5000,0.9,1258,24990.3
"17259",5000,0.9,1259,24397.8
"17260",5000,0.9,1260,24866.5
"17261",5000,0.9,1261,24731.2
"17262",5000,0.9,1262,24794.7
"17263",5000,0.9,1263,24993.9
"17264",5000,0.9,1264,24751.9
"17265",5000,0.9,1265,25056.5
"17266",5000,0.9,1266,24803.7
"17267",5000,0.9,1267,24879.1
"17268",5000,0.9,1268,24495.9
"17269",5000,0.9,1269,24644.8
"17270",5000,0.9,1270,24814.5
"17271",5000,0.9,1271,24522.6
"17272",5000,0.9,1272,24175.8
"17273",5000,0.9,1273,24411.3
"17274",5000,0.9,1274,24484.6
"17275",5000,0.9,1275,25042.7
"17276",5000,0.9,1276,25047.3
"17277",5000,0.9,1277,25044.6
"17278",5000,0.9,1278,25090.2
"17279",5000,0.9,1279,24643.5
"17280",5000,0.9,1280,24680.6
"17281",5000,0.9,1281,24898.5
"17282",5000,0.9,1282,24925.1
"17283",5000,0.9,1283,24627.8
"17284",5000,0.9,1284,24538.8
"17285",5000,0.9,1285,24827.3
"17286",5000,0.9,1286,24697
"17287",5000,0.9,1287,25019.3
"17288",5000,0.9,1288,24853.8
"17289",5000,0.9,1289,24529.3
"17290",5000,0.9,1290,24662.9
"17291",5000,0.9,1291,24554.9
"17292",5000,0.9,1292,24933.3
"17293",5000,0.9,1293,25158.7
"17294",5000,0.9,1294,24965.6
"17295",5000,0.9,1295,24902.6
"17296",5000,0.9,1296,24149.8
"17297",5000,0.9,1297,24839
"17298",5000,0.9,1298,24640.4
"17299",5000,0.9,1299,24692.7
"17300",5000,0.9,1300,25013
"17301",5000,0.9,1301,24714.5
"17302",5000,0.9,1302,25036.2
"17303",5000,0.9,1303,25009.9
"17304",5000,0.9,1304,25486.9
"17305",5000,0.9,1305,24355.6
"17306",5000,0.9,1306,24414.8
"17307",5000,0.9,1307,23826.2
"17308",5000,0.9,1308,24172.5
"17309",5000,0.9,1309,24698.8
"17310",5000,0.9,1310,24444.6
"17311",5000,0.9,1311,25291
"17312",5000,0.9,1312,24821.5
"17313",5000,0.9,1313,24585.4
"17314",5000,0.9,1314,24346.9
"17315",5000,0.9,1315,24554.9
"17316",5000,0.9,1316,24182.8
"17317",5000,0.9,1317,24717.7
"17318",5000,0.9,1318,25000.2
"17319",5000,0.9,1319,25484.9
"17320",5000,0.9,1320,24549.5
"17321",5000,0.9,1321,24723.8
"17322",5000,0.9,1322,24906.1
"17323",5000,0.9,1323,25205.5
"17324",5000,0.9,1324,25045
"17325",5000,0.9,1325,24533.1
"17326",5000,0.9,1326,25080.6
"17327",5000,0.9,1327,24761.1
"17328",5000,0.9,1328,24751
"17329",5000,0.9,1329,25090.6
"17330",5000,0.9,1330,25155.5
"17331",5000,0.9,1331,24617.4
"17332",5000,0.9,1332,24605.7
"17333",5000,0.9,1333,24527.6
"17334",5000,0.9,1334,25416.9
"17335",5000,0.9,1335,24899.9
"17336",5000,0.9,1336,24864.3
"17337",5000,0.9,1337,24268.7
"17338",5000,0.9,1338,24277.4
"17339",5000,0.9,1339,24867.6
"17340",5000,0.9,1340,24919.3
"17341",5000,0.9,1341,25308.6
"17342",5000,0.9,1342,24395.2
"17343",5000,0.9,1343,24497.6
"17344",5000,0.9,1344,24844.6
"17345",5000,0.9,1345,25084.7
"17346",5000,0.9,1346,24369.1
"17347",5000,0.9,1347,24509.9
"17348",5000,0.9,1348,24374.2
"17349",5000,0.9,1349,24659.5
"17350",5000,0.9,1350,24594.1
"17351",5000,0.9,1351,24701.4
"17352",5000,0.9,1352,24694.3
"17353",5000,0.9,1353,24875.5
"17354",5000,0.9,1354,25287
"17355",5000,0.9,1355,24666.4
"17356",5000,0.9,1356,24870.5
"17357",5000,0.9,1357,25290.4
"17358",5000,0.9,1358,24640
"17359",5000,0.9,1359,24485.3
"17360",5000,0.9,1360,24955.2
"17361",5000,0.9,1361,24700.1
"17362",5000,0.9,1362,24745.6
"17363",5000,0.9,1363,24666.6
"17364",5000,0.9,1364,25241.6
"17365",5000,0.9,1365,24908.6
"17366",5000,0.9,1366,24969.4
"17367",5000,0.9,1367,25398.2
"17368",5000,0.9,1368,24621
"17369",5000,0.9,1369,24103
"17370",5000,0.9,1370,24559.9
"17371",5000,0.9,1371,24792.9
"17372",5000,0.9,1372,24944.9
"17373",5000,0.9,1373,25393
"17374",5000,0.9,1374,24918
"17375",5000,0.9,1375,24652.6
"17376",5000,0.9,1376,24682.2
"17377",5000,0.9,1377,24689.5
"17378",5000,0.9,1378,24873.9
"17379",5000,0.9,1379,24312.2
"17380",5000,0.9,1380,24692.5
"17381",5000,0.9,1381,24411
"17382",5000,0.9,1382,24267.8
"17383",5000,0.9,1383,24372.4
"17384",5000,0.9,1384,24489.2
"17385",5000,0.9,1385,24759.7
"17386",5000,0.9,1386,25062.5
"17387",5000,0.9,1387,24413.9
"17388",5000,0.9,1388,24611.2
"17389",5000,0.9,1389,24893.8
"17390",5000,0.9,1390,24757.2
"17391",5000,0.9,1391,25187.7
"17392",5000,0.9,1392,24327.4
"17393",5000,0.9,1393,24904
"17394",5000,0.9,1394,24216.7
"17395",5000,0.9,1395,24279.2
"17396",5000,0.9,1396,24728.3
"17397",5000,0.9,1397,24960.9
"17398",5000,0.9,1398,24850.2
"17399",5000,0.9,1399,25067
"17400",5000,0.9,1400,24854.5
"17401",5000,0.9,1401,24812.3
"17402",5000,0.9,1402,24786.7
"17403",5000,0.9,1403,24653.5
"17404",5000,0.9,1404,24655.6
"17405",5000,0.9,1405,25178.8
"17406",5000,0.9,1406,25111.3
"17407",5000,0.9,1407,24632.4
"17408",5000,0.9,1408,24794.4
"17409",5000,0.9,1409,24813.8
"17410",5000,0.9,1410,24250.4
"17411",5000,0.9,1411,24736.2
"17412",5000,0.9,1412,24763.1
"17413",5000,0.9,1413,24830.4
"17414",5000,0.9,1414,24966.3
"17415",5000,0.9,1415,24772.6
"17416",5000,0.9,1416,24556.7
"17417",5000,0.9,1417,24449
"17418",5000,0.9,1418,24291
"17419",5000,0.9,1419,24791.1
"17420",5000,0.9,1420,24847.9
"17421",5000,0.9,1421,24975.6
"17422",5000,0.9,1422,24996.4
"17423",5000,0.9,1423,24606.6
"17424",5000,0.9,1424,24336.3
"17425",5000,0.9,1425,24719.3
"17426",5000,0.9,1426,25015.6
"17427",5000,0.9,1427,25073
"17428",5000,0.9,1428,24728.2
"17429",5000,0.9,1429,24617.9
"17430",5000,0.9,1430,24638.6
"17431",5000,0.9,1431,24384.9
"17432",5000,0.9,1432,24742.9
"17433",5000,0.9,1433,24847.6
"17434",5000,0.9,1434,24958.9
"17435",5000,0.9,1435,25102.3
"17436",5000,0.9,1436,24714.6
"17437",5000,0.9,1437,24590.8
"17438",5000,0.9,1438,24435.1
"17439",5000,0.9,1439,24972.1
"17440",5000,0.9,1440,25169.4
"17441",5000,0.9,1441,25031.8
"17442",5000,0.9,1442,24659.1
"17443",5000,0.9,1443,24522.3
"17444",5000,0.9,1444,24932.4
"17445",5000,0.9,1445,24397.8
"17446",5000,0.9,1446,24768.9
"17447",5000,0.9,1447,24565.3
"17448",5000,0.9,1448,24647.9
"17449",5000,0.9,1449,24677.2
"17450",5000,0.9,1450,24355.9
"17451",5000,0.9,1451,24606.7
"17452",5000,0.9,1452,24826.1
"17453",5000,0.9,1453,24816.5
"17454",5000,0.9,1454,24490.9
"17455",5000,0.9,1455,24846
"17456",5000,0.9,1456,25240.5
"17457",5000,0.9,1457,24964.7
"17458",5000,0.9,1458,24902.9
"17459",5000,0.9,1459,24525.1
"17460",5000,0.9,1460,24162.4
"17461",5000,0.9,1461,24510.9
"17462",5000,0.9,1462,24511.6
"17463",5000,0.9,1463,24622.4
"17464",5000,0.9,1464,24436
"17465",5000,0.9,1465,25099
"17466",5000,0.9,1466,25128.5
"17467",5000,0.9,1467,24873.2
"17468",5000,0.9,1468,24432.1
"17469",5000,0.9,1469,24840.8
"17470",5000,0.9,1470,24373.8
"17471",5000,0.9,1471,24584.7
"17472",5000,0.9,1472,24826.6
"17473",5000,0.9,1473,24694.5
"17474",5000,0.9,1474,24116.2
"17475",5000,0.9,1475,24668
"17476",5000,0.9,1476,25115.2
"17477",5000,0.9,1477,24563.9
"17478",5000,0.9,1478,24439.9
"17479",5000,0.9,1479,24215.5
"17480",5000,0.9,1480,23845.4
"17481",5000,0.9,1481,24123.5
"17482",5000,0.9,1482,23721.6
"17483",5000,0.9,1483,24429.5
"17484",5000,0.9,1484,24407.4
"17485",5000,0.9,1485,24498.7
"17486",5000,0.9,1486,25068.9
"17487",5000,0.9,1487,24771
"17488",5000,0.9,1488,24629.7
"17489",5000,0.9,1489,24586.5
"17490",5000,0.9,1490,24509.2
"17491",5000,0.9,1491,24789.8
"17492",5000,0.9,1492,24834.1
"17493",5000,0.9,1493,24733.1
"17494",5000,0.9,1494,25060.2
"17495",5000,0.9,1495,25379.9
"17496",5000,0.9,1496,24824.3
"17497",5000,0.9,1497,24392.6
"17498",5000,0.9,1498,24379.1
"17499",5000,0.9,1499,24567.7
"17500",5000,0.9,1500,24732.9
"17501",5000,0.9,1501,24330
"17502",5000,0.9,1502,24926.5
"17503",5000,0.9,1503,25070.5
"17504",5000,0.9,1504,24548.2
"17505",5000,0.9,1505,24507.1
"17506",5000,0.9,1506,24971.8
"17507",5000,0.9,1507,24888.2
"17508",5000,0.9,1508,24604.7
"17509",5000,0.9,1509,25056.8
"17510",5000,0.9,1510,25047.9
"17511",5000,0.9,1511,24942.6
"17512",5000,0.9,1512,24650.7
"17513",5000,0.9,1513,25124.6
"17514",5000,0.9,1514,24726
"17515",5000,0.9,1515,24418.8
"17516",5000,0.9,1516,24508
"17517",5000,0.9,1517,24533.8
"17518",5000,0.9,1518,24474.4
"17519",5000,0.9,1519,25015.4
"17520",5000,0.9,1520,24714.2
"17521",5000,0.9,1521,24817
"17522",5000,0.9,1522,24398.8
"17523",5000,0.9,1523,24891.8
"17524",5000,0.9,1524,24419
"17525",5000,0.9,1525,24718.8
"17526",5000,0.9,1526,24328.4
"17527",5000,0.9,1527,24678.5
"17528",5000,0.9,1528,25265.7
"17529",5000,0.9,1529,24735.2
"17530",5000,0.9,1530,24643.5
"17531",5000,0.9,1531,24520
"17532",5000,0.9,1532,24597.6
"17533",5000,0.9,1533,24871.8
"17534",5000,0.9,1534,24864.6
"17535",5000,0.9,1535,25385.4
"17536",5000,0.9,1536,24548.3
"17537",5000,0.9,1537,24496.5
"17538",5000,0.9,1538,24692.2
"17539",5000,0.9,1539,24279.9
"17540",5000,0.9,1540,24490.5
"17541",5000,0.9,1541,25043.8
"17542",5000,0.9,1542,25068.5
"17543",5000,0.9,1543,25430.9
"17544",5000,0.9,1544,24310.9
"17545",5000,0.9,1545,24859.2
"17546",5000,0.9,1546,24126.4
"17547",5000,0.9,1547,24345.2
"17548",5000,0.9,1548,24317.4
"17549",5000,0.9,1549,24656.5
"17550",5000,0.9,1550,24559.4
"17551",5000,0.9,1551,24393.4
"17552",5000,0.9,1552,24137.8
"17553",5000,0.9,1553,24543.4
"17554",5000,0.9,1554,24485.2
"17555",5000,0.9,1555,24724.1
"17556",5000,0.9,1556,24697.4
"17557",5000,0.9,1557,25220.4
"17558",5000,0.9,1558,24443.6
"17559",5000,0.9,1559,24050.1
"17560",5000,0.9,1560,24659
"17561",5000,0.9,1561,24456.7
"17562",5000,0.9,1562,24584.1
"17563",5000,0.9,1563,24553.7
"17564",5000,0.9,1564,25144.5
"17565",5000,0.9,1565,24717.6
"17566",5000,0.9,1566,23953
"17567",5000,0.9,1567,24349.6
"17568",5000,0.9,1568,24116.9
"17569",5000,0.9,1569,24317.4
"17570",5000,0.9,1570,24773
"17571",5000,0.9,1571,25135.7
"17572",5000,0.9,1572,24938.1
"17573",5000,0.9,1573,24648.6
"17574",5000,0.9,1574,24585.1
"17575",5000,0.9,1575,24536.4
"17576",5000,0.9,1576,24702.4
"17577",5000,0.9,1577,24997.8
"17578",5000,0.9,1578,24960.2
"17579",5000,0.9,1579,25097.7
"17580",5000,0.9,1580,24978.8
"17581",5000,0.9,1581,24809.3
"17582",5000,0.9,1582,24532.6
"17583",5000,0.9,1583,24765.3
"17584",5000,0.9,1584,24505.7
"17585",5000,0.9,1585,24573.7
"17586",5000,0.9,1586,24850.5
"17587",5000,0.9,1587,24830.2
"17588",5000,0.9,1588,24991.6
"17589",5000,0.9,1589,24837.9
"17590",5000,0.9,1590,24968.7
"17591",5000,0.9,1591,24758.9
"17592",5000,0.9,1592,24528.2
"17593",5000,0.9,1593,24644.2
"17594",5000,0.9,1594,24753.8
"17595",5000,0.9,1595,25139.5
"17596",5000,0.9,1596,24370.5
"17597",5000,0.9,1597,24868
"17598",5000,0.9,1598,24822.7
"17599",5000,0.9,1599,24513
"17600",5000,0.9,1600,24251.7
"17601",5000,0.9,1601,24837.1
"17602",5000,0.9,1602,24289.4
"17603",5000,0.9,1603,24375.4
"17604",5000,0.9,1604,24598.3
"17605",5000,0.9,1605,24856.5
"17606",5000,0.9,1606,24180.9
"17607",5000,0.9,1607,24835.5
"17608",5000,0.9,1608,24881.9
"17609",5000,0.9,1609,24474.4
"17610",5000,0.9,1610,24641.2
"17611",5000,0.9,1611,24228.4
"17612",5000,0.9,1612,24825.9
"17613",5000,0.9,1613,24907
"17614",5000,0.9,1614,24916.6
"17615",5000,0.9,1615,24497.2
"17616",5000,0.9,1616,24415.2
"17617",5000,0.9,1617,24547.7
"17618",5000,0.9,1618,24745.7
"17619",5000,0.9,1619,24933.4
"17620",5000,0.9,1620,24936.6
"17621",5000,0.9,1621,24815
"17622",5000,0.9,1622,25005.9
"17623",5000,0.9,1623,24561.3
"17624",5000,0.9,1624,24675.8
"17625",5000,0.9,1625,24970.6
"17626",5000,0.9,1626,24586.4
"17627",5000,0.9,1627,25146.6
"17628",5000,0.9,1628,24857.4
"17629",5000,0.9,1629,25001
"17630",5000,0.9,1630,24268.1
"17631",5000,0.9,1631,24598.6
"17632",5000,0.9,1632,24558.7
"17633",5000,0.9,1633,24967.6
"17634",5000,0.9,1634,25124.9
"17635",5000,0.9,1635,25035
"17636",5000,0.9,1636,25074.4
"17637",5000,0.9,1637,25327.8
"17638",5000,0.9,1638,24722.9
"17639",5000,0.9,1639,24823.6
"17640",5000,0.9,1640,25154.3
"17641",5000,0.9,1641,24522.8
"17642",5000,0.9,1642,24642.6
"17643",5000,0.9,1643,24853.4
"17644",5000,0.9,1644,24589.2
"17645",5000,0.9,1645,24867.5
"17646",5000,0.9,1646,24713.6
"17647",5000,0.9,1647,24847.4
"17648",5000,0.9,1648,24465.1
"17649",5000,0.9,1649,25031.6
"17650",5000,0.9,1650,24556.3
"17651",5000,0.9,1651,24887.8
"17652",5000,0.9,1652,25037.5
"17653",5000,0.9,1653,24353.2
"17654",5000,0.9,1654,24360.3
"17655",5000,0.9,1655,24714.7
"17656",5000,0.9,1656,24092.7
"17657",5000,0.9,1657,24604.4
"17658",5000,0.9,1658,24790.4
"17659",5000,0.9,1659,24848.1
"17660",5000,0.9,1660,25258.9
"17661",5000,0.9,1661,24877.5
"17662",5000,0.9,1662,24655.1
"17663",5000,0.9,1663,25222.4
"17664",5000,0.9,1664,24144.9
"17665",5000,0.9,1665,24390.3
"17666",5000,0.9,1666,24339.7
"17667",5000,0.9,1667,24478.3
"17668",5000,0.9,1668,24516.4
"17669",5000,0.9,1669,25022.5
"17670",5000,0.9,1670,24682.5
"17671",5000,0.9,1671,25250.6
"17672",5000,0.9,1672,24565.2
"17673",5000,0.9,1673,24358.2
"17674",5000,0.9,1674,24202.4
"17675",5000,0.9,1675,24501.7
"17676",5000,0.9,1676,24252.1
"17677",5000,0.9,1677,24550.4
"17678",5000,0.9,1678,24767.9
"17679",5000,0.9,1679,24605.8
"17680",5000,0.9,1680,25030.1
"17681",5000,0.9,1681,24981.2
"17682",5000,0.9,1682,25269.1
"17683",5000,0.9,1683,24315.5
"17684",5000,0.9,1684,24467.7
"17685",5000,0.9,1685,24447.8
"17686",5000,0.9,1686,25270.5
"17687",5000,0.9,1687,24675.2
"17688",5000,0.9,1688,24387.7
"17689",5000,0.9,1689,24492.4
"17690",5000,0.9,1690,24699.6
"17691",5000,0.9,1691,24549.6
"17692",5000,0.9,1692,24723.1
"17693",5000,0.9,1693,24286.6
"17694",5000,0.9,1694,25023.5
"17695",5000,0.9,1695,24317.1
"17696",5000,0.9,1696,24383.1
"17697",5000,0.9,1697,24312.2
"17698",5000,0.9,1698,24617
"17699",5000,0.9,1699,24095.8
"17700",5000,0.9,1700,24466.8
"17701",5000,0.9,1701,24633.2
"17702",5000,0.9,1702,24532.7
"17703",5000,0.9,1703,25345.7
"17704",5000,0.9,1704,24510.5
"17705",5000,0.9,1705,24469.1
"17706",5000,0.9,1706,24550.2
"17707",5000,0.9,1707,25282.1
"17708",5000,0.9,1708,25546.6
"17709",5000,0.9,1709,24306.4
"17710",5000,0.9,1710,24672.6
"17711",5000,0.9,1711,24183.2
"17712",5000,0.9,1712,24163.4
"17713",5000,0.9,1713,24424.3
"17714",5000,0.9,1714,24417.3
"17715",5000,0.9,1715,24682.4
"17716",5000,0.9,1716,25083.3
"17717",5000,0.9,1717,24638.7
"17718",5000,0.9,1718,24707.1
"17719",5000,0.9,1719,24724.6
"17720",5000,0.9,1720,24113.3
"17721",5000,0.9,1721,24576.8
"17722",5000,0.9,1722,24593.2
"17723",5000,0.9,1723,25215.6
"17724",5000,0.9,1724,25413.3
"17725",5000,0.9,1725,24568.4
"17726",5000,0.9,1726,24568.3
"17727",5000,0.9,1727,24752.7
"17728",5000,0.9,1728,24648.1
"17729",5000,0.9,1729,24916.2
"17730",5000,0.9,1730,24932.1
"17731",5000,0.9,1731,24703
"17732",5000,0.9,1732,24672.7
"17733",5000,0.9,1733,24744.4
"17734",5000,0.9,1734,24503.1
"17735",5000,0.9,1735,24510.8
"17736",5000,0.9,1736,24791.6
"17737",5000,0.9,1737,24773.9
"17738",5000,0.9,1738,24696.4
"17739",5000,0.9,1739,24704.3
"17740",5000,0.9,1740,25025.5
"17741",5000,0.9,1741,24646.7
"17742",5000,0.9,1742,25201.2
"17743",5000,0.9,1743,24511.8
"17744",5000,0.9,1744,24578.9
"17745",5000,0.9,1745,24439.2
"17746",5000,0.9,1746,24637.4
"17747",5000,0.9,1747,25067.1
"17748",5000,0.9,1748,24519
"17749",5000,0.9,1749,24853.5
"17750",5000,0.9,1750,24410.8
"17751",5000,0.9,1751,24909
"17752",5000,0.9,1752,24559.4
"17753",5000,0.9,1753,24836.2
"17754",5000,0.9,1754,24871
"17755",5000,0.9,1755,24764.8
"17756",5000,0.9,1756,24613.9
"17757",5000,0.9,1757,24326.9
"17758",5000,0.9,1758,24295.3
"17759",5000,0.9,1759,24902.9
"17760",5000,0.9,1760,24916.9
"17761",5000,0.9,1761,24494.5
"17762",5000,0.9,1762,24438.5
"17763",5000,0.9,1763,24512.6
"17764",5000,0.9,1764,24759.1
"17765",5000,0.9,1765,24975.9
"17766",5000,0.9,1766,24529.5
"17767",5000,0.9,1767,24874.8
"17768",5000,0.9,1768,24607.2
"17769",5000,0.9,1769,24631.1
"17770",5000,0.9,1770,24826.3
"17771",5000,0.9,1771,24699.6
"17772",5000,0.9,1772,24981.4
"17773",5000,0.9,1773,24721.6
"17774",5000,0.9,1774,24924.1
"17775",5000,0.9,1775,24855.2
"17776",5000,0.9,1776,24740.5
"17777",5000,0.9,1777,25114.8
"17778",5000,0.9,1778,24770.1
"17779",5000,0.9,1779,24469.5
"17780",5000,0.9,1780,24796.1
"17781",5000,0.9,1781,24680.4
"17782",5000,0.9,1782,25055.5
"17783",5000,0.9,1783,24769.4
"17784",5000,0.9,1784,24307.4
"17785",5000,0.9,1785,24902.7
"17786",5000,0.9,1786,24801.4
"17787",5000,0.9,1787,24955.2
"17788",5000,0.9,1788,24559
"17789",5000,0.9,1789,24856.4
"17790",5000,0.9,1790,24681.9
"17791",5000,0.9,1791,24253.8
"17792",5000,0.9,1792,24383.2
"17793",5000,0.9,1793,24805
"17794",5000,0.9,1794,24813.7
"17795",5000,0.9,1795,24608
"17796",5000,0.9,1796,24782.8
"17797",5000,0.9,1797,24746.9
"17798",5000,0.9,1798,24812.3
"17799",5000,0.9,1799,24996.8
"17800",5000,0.9,1800,24749.4
"17801",5000,0.9,1801,25051.1
"17802",5000,0.9,1802,24826.4
"17803",5000,0.9,1803,24749.1
"17804",5000,0.9,1804,24696.6
"17805",5000,0.9,1805,24721.2
"17806",5000,0.9,1806,24598.7
"17807",5000,0.9,1807,24987.3
"17808",5000,0.9,1808,24831.1
"17809",5000,0.9,1809,24843.5
"17810",5000,0.9,1810,24106.6
"17811",5000,0.9,1811,24342.7
"17812",5000,0.9,1812,24779.7
"17813",5000,0.9,1813,25010.1
"17814",5000,0.9,1814,24598.1
"17815",5000,0.9,1815,24874.5
"17816",5000,0.9,1816,24055.1
"17817",5000,0.9,1817,24532.2
"17818",5000,0.9,1818,24694.8
"17819",5000,0.9,1819,24445.4
"17820",5000,0.9,1820,24563.8
"17821",5000,0.9,1821,24438.4
"17822",5000,0.9,1822,24808.5
"17823",5000,0.9,1823,24960.6
"17824",5000,0.9,1824,24383.2
"17825",5000,0.9,1825,24705.4
"17826",5000,0.9,1826,24053.1
"17827",5000,0.9,1827,24460.6
"17828",5000,0.9,1828,24285.8
"17829",5000,0.9,1829,24314.1
"17830",5000,0.9,1830,24688.6
"17831",5000,0.9,1831,25104.6
"17832",5000,0.9,1832,24587.8
"17833",5000,0.9,1833,25209.3
"17834",5000,0.9,1834,24682
"17835",5000,0.9,1835,24605.3
"17836",5000,0.9,1836,24216
"17837",5000,0.9,1837,25094.7
"17838",5000,0.9,1838,24871.7
"17839",5000,0.9,1839,24766.7
"17840",5000,0.9,1840,24471.6
"17841",5000,0.9,1841,24712.1
"17842",5000,0.9,1842,24405.7
"17843",5000,0.9,1843,24867
"17844",5000,0.9,1844,24787.8
"17845",5000,0.9,1845,24857.7
"17846",5000,0.9,1846,24935.8
"17847",5000,0.9,1847,24853.1
"17848",5000,0.9,1848,24363.9
"17849",5000,0.9,1849,25051.4
"17850",5000,0.9,1850,24640.6
"17851",5000,0.9,1851,24483.2
"17852",5000,0.9,1852,24652.7
"17853",5000,0.9,1853,24733.7
"17854",5000,0.9,1854,24926.9
"17855",5000,0.9,1855,24917.3
"17856",5000,0.9,1856,24939.4
"17857",5000,0.9,1857,24750.5
"17858",5000,0.9,1858,25514.2
"17859",5000,0.9,1859,24486.3
"17860",5000,0.9,1860,24548
"17861",5000,0.9,1861,24235.9
"17862",5000,0.9,1862,24011.5
"17863",5000,0.9,1863,24569.9
"17864",5000,0.9,1864,23993.9
"17865",5000,0.9,1865,24119.6
"17866",5000,0.9,1866,24961.9
"17867",5000,0.9,1867,24530.8
"17868",5000,0.9,1868,24949.2
"17869",5000,0.9,1869,24583.2
"17870",5000,0.9,1870,24987.4
"17871",5000,0.9,1871,24182
"17872",5000,0.9,1872,24359.4
"17873",5000,0.9,1873,25093
"17874",5000,0.9,1874,24939.7
"17875",5000,0.9,1875,24753.4
"17876",5000,0.9,1876,24728.4
"17877",5000,0.9,1877,24876.5
"17878",5000,0.9,1878,24317.9
"17879",5000,0.9,1879,24854.5
"17880",5000,0.9,1880,24872
"17881",5000,0.9,1881,24438.3
"17882",5000,0.9,1882,24752.6
"17883",5000,0.9,1883,24542
"17884",5000,0.9,1884,24372.1
"17885",5000,0.9,1885,24721.6
"17886",5000,0.9,1886,24407.6
"17887",5000,0.9,1887,24674
"17888",5000,0.9,1888,24255.6
"17889",5000,0.9,1889,24734.6
"17890",5000,0.9,1890,24536.1
"17891",5000,0.9,1891,24926.7
"17892",5000,0.9,1892,25277
"17893",5000,0.9,1893,24714.3
"17894",5000,0.9,1894,24707
"17895",5000,0.9,1895,24828.2
"17896",5000,0.9,1896,24720.7
"17897",5000,0.9,1897,24398.6
"17898",5000,0.9,1898,24279.6
"17899",5000,0.9,1899,25026.8
"17900",5000,0.9,1900,24627.3
"17901",5000,0.9,1901,24574.4
"17902",5000,0.9,1902,24869.7
"17903",5000,0.9,1903,24260
"17904",5000,0.9,1904,24904.3
"17905",5000,0.9,1905,24590.7
"17906",5000,0.9,1906,24868.4
"17907",5000,0.9,1907,24557.6
"17908",5000,0.9,1908,24430.7
"17909",5000,0.9,1909,24436.7
"17910",5000,0.9,1910,24326
"17911",5000,0.9,1911,24437.8
"17912",5000,0.9,1912,24369.2
"17913",5000,0.9,1913,24865.1
"17914",5000,0.9,1914,24778.3
"17915",5000,0.9,1915,24825.7
"17916",5000,0.9,1916,24755.2
"17917",5000,0.9,1917,24901.3
"17918",5000,0.9,1918,24525.6
"17919",5000,0.9,1919,24503.2
"17920",5000,0.9,1920,24760.7
"17921",5000,0.9,1921,24150.3
"17922",5000,0.9,1922,24475.6
"17923",5000,0.9,1923,24593.1
"17924",5000,0.9,1924,24559.5
"17925",5000,0.9,1925,24551.1
"17926",5000,0.9,1926,24309.6
"17927",5000,0.9,1927,25130.2
"17928",5000,0.9,1928,25245.1
"17929",5000,0.9,1929,25042
"17930",5000,0.9,1930,24014
"17931",5000,0.9,1931,24102.2
"17932",5000,0.9,1932,24245.7
"17933",5000,0.9,1933,24587.2
"17934",5000,0.9,1934,25134.6
"17935",5000,0.9,1935,24904.5
"17936",5000,0.9,1936,24491.1
"17937",5000,0.9,1937,24828.9
"17938",5000,0.9,1938,24170.9
"17939",5000,0.9,1939,24597.7
"17940",5000,0.9,1940,24551
"17941",5000,0.9,1941,24950.9
"17942",5000,0.9,1942,24593.5
"17943",5000,0.9,1943,24694
"17944",5000,0.9,1944,25462.4
"17945",5000,0.9,1945,24860.8
"17946",5000,0.9,1946,24497.4
"17947",5000,0.9,1947,24667.2
"17948",5000,0.9,1948,24522.4
"17949",5000,0.9,1949,24592.6
"17950",5000,0.9,1950,24682.6
"17951",5000,0.9,1951,24720.1
"17952",5000,0.9,1952,24968.4
"17953",5000,0.9,1953,24956.8
"17954",5000,0.9,1954,24913.7
"17955",5000,0.9,1955,25082.3
"17956",5000,0.9,1956,24708.7
"17957",5000,0.9,1957,24561.2
"17958",5000,0.9,1958,24829.6
"17959",5000,0.9,1959,24236.8
"17960",5000,0.9,1960,24669.1
"17961",5000,0.9,1961,24738.6
"17962",5000,0.9,1962,24575.9
"17963",5000,0.9,1963,24587.2
"17964",5000,0.9,1964,24704.2
"17965",5000,0.9,1965,24896.4
"17966",5000,0.9,1966,25308.7
"17967",5000,0.9,1967,24752.4
"17968",5000,0.9,1968,24890.9
"17969",5000,0.9,1969,24664.5
"17970",5000,0.9,1970,24311
"17971",5000,0.9,1971,24033.3
"17972",5000,0.9,1972,24820.6
"17973",5000,0.9,1973,24547.3
"17974",5000,0.9,1974,24610.6
"17975",5000,0.9,1975,25117.6
"17976",5000,0.9,1976,24889.7
"17977",5000,0.9,1977,24510.3
"17978",5000,0.9,1978,24661.3
"17979",5000,0.9,1979,24671.8
"17980",5000,0.9,1980,24312.1
"17981",5000,0.9,1981,24678.7
"17982",5000,0.9,1982,24564.4
"17983",5000,0.9,1983,24856.3
"17984",5000,0.9,1984,24475.1
"17985",5000,0.9,1985,24766.5
"17986",5000,0.9,1986,24879.4
"17987",5000,0.9,1987,24654.3
"17988",5000,0.9,1988,25392.3
"17989",5000,0.9,1989,24936.4
"17990",5000,0.9,1990,24633.4
"17991",5000,0.9,1991,24737
"17992",5000,0.9,1992,24800.4
"17993",5000,0.9,1993,24876.9
"17994",5000,0.9,1994,24822.4
"17995",5000,0.9,1995,25181.7
"17996",5000,0.9,1996,25011.9
"17997",5000,0.9,1997,24990.6
"17998",5000,0.9,1998,24665.2
"17999",5000,0.9,1999,24377.7
"18000",5000,0.9,2000,24581.4
