"","time","mean_MR_mean_summ","mean_MR_sd_summ","mean_maladaptation_time"
"1",1,0.712129174418413,0.282081872614993,0.5
"2",2,0.710801131035142,0.278437870753285,0.6
"3",3,0.714233184322586,0.275579422926378,0.6
"4",4,0.713333790065502,0.276171291194894,0.4
"5",5,0.712150967728154,0.273620498899064,0.2
"6",6,0.719204889222516,0.272716220867461,0.6
"7",7,0.718323624434306,0.271681448387674,0.5
"8",8,0.71583567757564,0.273786056233625,0.4
"9",9,0.711487221038215,0.277682247185975,0.1
"10",10,0.710170355007562,0.277513940706965,0.4
"11",11,0.711956484128226,0.27476272435225,0.7
"12",12,0.712436752849475,0.274169263208175,0.7
"13",13,0.714848431748596,0.273132404029419,0.4
"14",14,0.718345762912451,0.270416984445998,0.4
"15",15,0.713805632283566,0.272306052151951,0.8
"16",16,0.714942117295732,0.271390026638565,0.6
"17",17,0.712351542645596,0.274047563368198,0.6
"18",18,0.711101380915144,0.275436161080932,0.1
"19",19,0.712641206354087,0.273415532226422,0.7
"20",20,0.714513482124342,0.273445584584805,0.7
"21",21,0.715158222193627,0.273929359417561,0.5
"22",22,0.710325129878122,0.276525467148879,0.3
"23",23,0.70947546596979,0.275854506809168,0.6
"24",24,0.705252429624958,0.275780810118435,0.7
"25",25,0.706709855820212,0.274317388336585,0.4
"26",26,0.710696955995616,0.27277660813941,0.6
"27",27,0.711600969697726,0.271673541625034,0.7
"28",28,0.713479069626875,0.27124376914434,0.6
"29",29,0.714717977696659,0.270433236326456,0.6
"30",30,0.710688768671279,0.270946444402849,0.5
"31",31,0.708520333759371,0.271931601633893,0.5
"32",32,0.710484461219748,0.271274810828444,0.5
"33",33,0.713010922252303,0.269844548890342,0.5
"34",34,0.711441832284448,0.270395054169361,0.4
"35",35,0.708535097196644,0.270234400418128,0.4
"36",36,0.710609157553357,0.270079559997859,0.3
"37",37,0.711883101664725,0.268810879283521,0.7
"38",38,0.709735044272906,0.268345575333952,0.4
"39",39,0.711683777675544,0.266942999000797,0.6
"40",40,0.712083112127468,0.267576398152771,0.5
"41",41,0.712060412132383,0.267896969041101,0.2
"42",42,0.708600826323568,0.268016466816627,0.4
"43",43,0.705671948948743,0.269449207155548,0.4
"44",44,0.707092180165744,0.267859832349951,0.3
"45",45,0.709494703550696,0.267985723908508,0.5
"46",46,0.704028264411405,0.270030309736358,0.4
"47",47,0.70524737478053,0.268643254291995,0.8
"48",48,0.701570379725522,0.269097722917737,0.6
"49",49,0.706133798779972,0.266854121873875,0.4
"50",50,0.701015232561157,0.268552760614934,0.4
"51",51,0.705715597845505,0.266914997376671,0.5
"52",52,0.707250187006357,0.266141419650918,0.8
"53",53,0.708291339999752,0.265345724980552,0.2
"54",54,0.705746032089727,0.267370430415444,0.7
"55",55,0.708649527679154,0.265590606545645,0.3
"56",56,0.706809159421055,0.265768359201012,0.5
"57",57,0.700639075351423,0.267356459079745,0.4
"58",58,0.703548192595998,0.26629895019942,0.3
"59",59,0.699379055804092,0.266874152801745,0.4
"60",60,0.701921505770828,0.265887298375435,0.4
"61",61,0.703112809848459,0.26508323648342,0.6
"62",62,0.704764661512095,0.265330920398906,0.5
"63",63,0.702354953951866,0.266806236855422,0.5
"64",64,0.706029199666553,0.265930730105538,0.1
"65",65,0.70239559777815,0.266133304839623,0.4
"66",66,0.705262853585217,0.264499416272434,0.3
"67",67,0.706390247124692,0.264016498487114,0.6
"68",68,0.704981679154724,0.264250011317473,0.2
"69",69,0.702026079747322,0.263849136234155,0.2
"70",70,0.704567750935892,0.263333849052824,0.6
"71",71,0.704788913554801,0.263062571947935,0.5
"72",72,0.70371748442337,0.264383913173977,0.2
"73",73,0.702049231021021,0.26329923342631,0.6
"74",74,0.705258532757552,0.261876597538538,0.5
"75",75,0.701926609415206,0.263270555308109,0.6
"76",76,0.702139704406813,0.263419256444831,0.5
"77",77,0.701491460098795,0.263023514399725,0.6
"78",78,0.700959111805888,0.262966310347161,0.3
"79",79,0.701565771183754,0.26170453529767,0.4
"80",80,0.702660637262475,0.260732562348779,0.8
"81",81,0.700070444934081,0.261344652778355,0.5
"82",82,0.697266956486412,0.261390431154315,0.5
"83",83,0.696779440779481,0.262605252180899,0.6
"84",84,0.698761224422707,0.261889416565403,0.5
"85",85,0.69375127429666,0.263732750197334,0.1
"86",86,0.69608044571644,0.261856760600921,0.6
"87",87,0.69876782968643,0.261052774352489,0.5
"88",88,0.697499978939774,0.261879700145944,0.6
"89",89,0.696843459969166,0.260820875410675,0.9
"90",90,0.698643499535272,0.260210378057436,0.4
"91",91,0.698073155336471,0.260715407773792,0.5
"92",92,0.701883600692236,0.25933184892036,0.5
"93",93,0.700967102852727,0.259448639490223,0.5
"94",94,0.697474851161666,0.260799420306619,0.4
"95",95,0.697214474900507,0.261497184879796,0.5
"96",96,0.70058075237062,0.259924681171332,0.4
"97",97,0.699436888476424,0.25937457209207,0.4
"98",98,0.699750362880605,0.259859870687378,0.7
"99",99,0.698849159546739,0.259749201706629,0.3
"100",100,0.69661020488863,0.259817897206155,0.6
"101",101,0.696275591657958,0.260225234965483,0.6
"102",102,0.697636595996619,0.259723497231305,0.5
"103",103,0.699939853371479,0.258702202036376,0.2
"104",104,0.697506828552818,0.260163091300412,0.5
"105",105,0.697091856001319,0.25965898200608,0.3
"106",106,0.697812801852609,0.259337390962795,0.5
"107",107,0.696292878794712,0.25974174393578,0.6
"108",108,0.693732633299447,0.259857512359743,0.6
"109",109,0.693664771618672,0.259036372211647,0.6
"110",110,0.694224967565505,0.258683601935551,0.6
"111",111,0.693079694443448,0.257880203100871,0.3
"112",112,0.695386301829146,0.257483227225887,0.2
"113",113,0.697573597664185,0.257190851922453,0.5
"114",114,0.695180530651534,0.257368962369119,0.3
"115",115,0.695180504809981,0.257273167937386,0.6
"116",116,0.695100388175963,0.257597213041062,0.6
"117",117,0.695305324925491,0.257172553048479,0.3
"118",118,0.690692861579505,0.25910299600951,0.4
"119",119,0.691941313899194,0.258868120793529,0.5
"120",120,0.692162275974708,0.258045060971261,0.5
"121",121,0.69267034629748,0.258131417291429,0.4
"122",122,0.693574886921635,0.257369109059582,0.5
"123",123,0.694939933580785,0.256564324469896,0.3
"124",124,0.691887883128224,0.257643612772286,0.4
"125",125,0.693657423891951,0.256700953082427,0.4
"126",126,0.691500737676671,0.256995587752998,0.6
"127",127,0.690616613998289,0.257256231443766,0.6
"128",128,0.692541242974716,0.256399131364156,0.5
"129",129,0.691339600243785,0.256342266123641,0.6
"130",130,0.690516438730809,0.256343519561606,0.3
"131",131,0.692045247283367,0.255590235702179,0.5
"132",132,0.691849415411128,0.255796197327035,0.5
"133",133,0.689998195242116,0.25652399934348,0.6
"134",134,0.690806160888509,0.256658890274345,0.6
"135",135,0.687992709378882,0.258021379086354,0.6
"136",136,0.692015133903107,0.256767778094588,0.3
"137",137,0.691255029922365,0.256370425782967,0.6
"138",138,0.691187353105363,0.255772076133318,0.3
"139",139,0.690591386324979,0.256432164694367,0.5
"140",140,0.688844465554409,0.256939546802385,0.3
"141",141,0.691888853494566,0.256126574159114,0.3
"142",142,0.689039105595367,0.257455881761787,0.7
"143",143,0.689063169949753,0.256908283173595,0.4
"144",144,0.691418125869317,0.255937264236483,0.4
"145",145,0.692271129660501,0.254656704962718,0.4
"146",146,0.691741786363575,0.254285216376449,0.8
"147",147,0.690614631580667,0.255369572885986,0.4
"148",148,0.691655923114397,0.254814343992107,0.4
"149",149,0.691117862391576,0.254538891463306,0.2
"150",150,0.691442408403243,0.25471189483879,0.7
"151",151,0.691620841870449,0.254888967730875,0.7
"152",152,0.692241569678359,0.254273841263554,0.5
"153",153,0.692263580962486,0.255110037144102,0.7
"154",154,0.694608809883371,0.254025645357365,0.4
"155",155,0.692273148900213,0.254831974765339,0.4
"156",156,0.690942278458012,0.255180205109146,0.4
"157",157,0.688621477636661,0.255972160466499,0.4
"158",158,0.687566597439091,0.255131984320314,0.8
"159",159,0.688878695451075,0.255564918827618,0.2
"160",160,0.688693107867086,0.255106656330977,0.7
"161",161,0.687816667527509,0.255280123821447,0.5
"162",162,0.688903252190846,0.255824890021498,0.4
"163",163,0.687531751498081,0.256480235785678,0.2
"164",164,0.688559763955349,0.255930955670996,0.8
"165",165,0.687001073462808,0.256722561891442,0.3
"166",166,0.686740563543646,0.257016391823497,0.7
"167",167,0.686509995378323,0.256227305671857,0.5
"168",168,0.685990739186391,0.256495157210707,0.6
"169",169,0.686445543180762,0.25605211431477,0.4
"170",170,0.684439287594135,0.257027630905142,0.4
"171",171,0.684434785970678,0.256446555874788,0.6
"172",172,0.687092584050286,0.255669430770951,0.5
"173",173,0.68332843317648,0.256972124869879,0.5
"174",174,0.684712736875425,0.256200319523766,0.2
"175",175,0.686368396744904,0.255102778700937,0.4
"176",176,0.689295751411941,0.25508839326263,0.6
"177",177,0.685574274837114,0.255611346748159,0.4
"178",178,0.684884633802549,0.25636676450603,0.3
"179",179,0.684314614207587,0.256458802211782,0.3
"180",180,0.684618907563542,0.255731177744744,0.4
"181",181,0.683333629990767,0.255939866673343,0.3
"182",182,0.685119541996419,0.256008931345589,0.7
"183",183,0.683762127426618,0.256321894042931,0.7
"184",184,0.684747046737245,0.255501526654787,0.4
"185",185,0.687390231147758,0.254648343491048,0.4
"186",186,0.687716268451175,0.254493872956965,0.8
"187",187,0.686991832122062,0.254758232041365,0.2
"188",188,0.687154335545581,0.254733288584129,0.5
"189",189,0.68556607435823,0.255725314698368,0.7
"190",190,0.686336016799403,0.25570869657634,0.7
"191",191,0.685884075947181,0.255301941148308,0.5
"192",192,0.685080477268147,0.255234903030577,0.4
"193",193,0.682848183563374,0.255614596385792,0.2
"194",194,0.682363914309982,0.255809948823629,0.4
"195",195,0.68184169731986,0.255439666645946,0.3
"196",196,0.680882539602546,0.25624636016559,0.6
"197",197,0.681367197794108,0.256582234544722,0.4
"198",198,0.683608653815581,0.255446895957012,0.4
"199",199,0.6843672552896,0.254738083459881,0.8
"200",200,0.684874650809052,0.254899543963919,0.6
"201",201,0.686855645742206,0.253916196445171,0.5
"202",202,0.685315124220761,0.253620311511477,0.5
"203",203,0.684679658446896,0.253558357528541,0.8
"204",204,0.680870998272042,0.255916390775386,0.2
"205",205,0.683854910230321,0.254812070341549,0.4
"206",206,0.68271534609068,0.254940478520017,0.7
"207",207,0.683920421484052,0.254493325211817,0.3
"208",208,0.683825280749305,0.254795876181864,0.7
"209",209,0.68364404345883,0.256169567432518,0.5
"210",210,0.683945321146649,0.255608665287963,0.5
"211",211,0.683538662032702,0.254971894161201,0.5
"212",212,0.683785772962967,0.254531178918937,0.6
"213",213,0.681481883929953,0.254976136641237,0.6
"214",214,0.680774265628336,0.255171929111172,0.5
"215",215,0.682026301873689,0.255057889527341,0.4
"216",216,0.682764355914336,0.254606879891614,0.5
"217",217,0.681837139880685,0.255198452804765,0.6
"218",218,0.681337720327119,0.255786214677617,0.4
"219",219,0.680424922157786,0.254997047577087,0.4
"220",220,0.679769560089609,0.254933972203504,0.6
"221",221,0.676214582894631,0.256301564638095,0.3
"222",222,0.678807594284803,0.25544218852448,0.4
"223",223,0.679205707491563,0.25472389178674,0.4
"224",224,0.679825258452132,0.254564857860117,0.8
"225",225,0.678106623472141,0.254674899552215,0.6
"226",226,0.678339246170788,0.254337404226236,0.6
"227",227,0.67594327051764,0.255191889995993,0.5
"228",228,0.679137659704218,0.255245354922512,0.5
"229",229,0.678268576131645,0.255304232155281,0.4
"230",230,0.680543490699492,0.254504929998833,0.5
"231",231,0.680437850923374,0.254403346196131,0.5
"232",232,0.68226554548203,0.253705939640773,0.5
"233",233,0.681038827455028,0.25410477716482,0.5
"234",234,0.681454105911806,0.25478691754137,0.6
"235",235,0.682395964474162,0.254791068302756,0.3
"236",236,0.682899088008855,0.254457058516739,0.4
"237",237,0.681148543206335,0.254701630047609,0.3
"238",238,0.677474657143164,0.256488398397219,0.6
"239",239,0.679662940123286,0.25578473449851,0.4
"240",240,0.680043667143856,0.255436620133674,0.6
"241",241,0.680272570862986,0.255025017689937,0.3
"242",242,0.677460919210776,0.25631440478094,0.6
"243",243,0.677424319106564,0.255648695283024,0.3
"244",244,0.675931739148427,0.255967016222242,0.7
"245",245,0.675012124835969,0.255900993301765,0.4
"246",246,0.674057028454935,0.255866873852128,0.3
"247",247,0.675339016095488,0.255176332523472,0.6
"248",248,0.672111901885283,0.256738811933997,0.3
"249",249,0.675079052233057,0.256234631545489,0.6
"250",250,0.674670687767774,0.255808794410277,0.6
"251",251,0.673729383062697,0.256717525832542,0.4
"252",252,0.673943899240294,0.25597663869694,0.5
"253",253,0.674856537737224,0.256295155468554,0.5
"254",254,0.673374598849359,0.255805957521738,0.6
"255",255,0.673816752058223,0.255974810851562,0.5
"256",256,0.674110968856264,0.255407968053465,0.4
"257",257,0.675049957201751,0.255137504103891,0.4
"258",258,0.672084744828851,0.256024013003256,0.7
"259",259,0.674570397099917,0.255590744499661,0.5
"260",260,0.673131355247299,0.255895562650043,0.4
"261",261,0.672606636314122,0.256070953068433,0.6
"262",262,0.672083421856471,0.256430990251771,0.5
"263",263,0.673549555341826,0.255514738552481,0.1
"264",264,0.671485967636907,0.256540176098206,0.4
"265",265,0.671877959273004,0.256557369127669,0.3
"266",266,0.674618430626463,0.256147921331014,0.4
"267",267,0.676572191703922,0.254453998567467,0.3
"268",268,0.671930773280077,0.256193653509262,0.5
"269",269,0.670494051470178,0.256148453641489,0.5
"270",270,0.672713386648024,0.255984876493596,0.4
"271",271,0.671963700654355,0.256655650649537,0.5
"272",272,0.671586544700388,0.256782082915543,0.5
"273",273,0.671390483690595,0.25734890239861,0.5
"274",274,0.668742729575485,0.258235768028174,0.5
"275",275,0.669482416066832,0.257542918830145,0.4
"276",276,0.670722382650675,0.256190030776803,0.4
"277",277,0.668660168661482,0.256527706733931,0.5
"278",278,0.668168275486452,0.257110534550166,0.4
"279",279,0.669454018744072,0.256434907066843,0.4
"280",280,0.670297580466951,0.2560389310726,0.7
"281",281,0.669204771986206,0.256906286138883,0.4
"282",282,0.669564331804242,0.25742732882855,0.4
"283",283,0.672831793207927,0.25719070328561,0
"284",284,0.673771242760679,0.256732313316261,0.5
"285",285,0.673405697351267,0.257139250248295,0.7
"286",286,0.672541383797635,0.257364945172547,0.6
"287",287,0.673142340378288,0.257258832112617,0.5
"288",288,0.671765001263319,0.256787281998441,0.2
"289",289,0.669586340040337,0.257422121533486,0.5
"290",290,0.670462552054157,0.256688044656987,0.8
"291",291,0.670919649688224,0.25687087090336,0.5
"292",292,0.670326143236021,0.257822122951899,0.5
"293",293,0.668194873983965,0.257363694843072,0.5
"294",294,0.670638180254642,0.256802461926857,0.5
"295",295,0.668648609766778,0.257032929639792,0.7
"296",296,0.668488045758556,0.257141193065687,0.7
"297",297,0.665273378761922,0.258746912232225,0.5
"298",298,0.66813346123146,0.257659873346147,0.6
"299",299,0.670121303908454,0.256401733789506,0.6
"300",300,0.668721243210108,0.257333053825858,0.8
"301",301,0.66896758907752,0.25708568947848,0.7
"302",302,0.668826318660677,0.256174425686138,0.4
"303",303,0.669104808980584,0.256132741028561,0.8
"304",304,0.66775671657887,0.257348082772565,0.7
"305",305,0.666620540387105,0.257136886143358,0.4
"306",306,0.667223620182381,0.257137859054706,0.2
"307",307,0.666643044262042,0.257018951533805,0.4
"308",308,0.665534786904003,0.257977728760427,0.4
"309",309,0.665453803400309,0.257789385376537,0.3
"310",310,0.664907584629468,0.257548288520298,0.5
"311",311,0.665586196561389,0.25645635614796,0.4
"312",312,0.669689937990554,0.255259892968241,0.6
"313",313,0.668253664586942,0.254762622381432,0.5
"314",314,0.668714333879381,0.255423273805441,0.3
"315",315,0.668062234557364,0.255727544839313,0.5
"316",316,0.66948665309541,0.254819819690664,0.3
"317",317,0.669418312960062,0.255274370198087,0.7
"318",318,0.667426143701209,0.255324716524689,0.5
"319",319,0.669611916314951,0.254933257841326,0.5
"320",320,0.668436357068743,0.255280133564912,0.5
"321",321,0.667825042962762,0.256141845049491,0.4
"322",322,0.667143159970099,0.255706383174222,0.4
"323",323,0.667094710707476,0.256266620631826,0.4
"324",324,0.66638083753385,0.256015326213947,0.6
"325",325,0.66702029561658,0.256342886521961,0.2
"326",326,0.667457145960968,0.255759619486545,0.6
"327",327,0.666589996472805,0.255923581903609,0.2
"328",328,0.665416529015388,0.256241665500917,0.6
"329",329,0.664953721224979,0.256000558655997,0.3
"330",330,0.664276821336297,0.256108484687708,0.5
"331",331,0.663626167063971,0.257192143445424,0.3
"332",332,0.662370913868747,0.257341594100025,0.6
"333",333,0.663875735629016,0.256766798753064,0.6
"334",334,0.665508766682261,0.256197747857997,0.1
"335",335,0.66473105720406,0.25671839808719,0.5
"336",336,0.663031313842848,0.256557679950938,0.3
"337",337,0.664265632350897,0.256945444345672,0.6
"338",338,0.663083894072655,0.257309398373876,0.5
"339",339,0.662159626494492,0.257174659733869,0.6
"340",340,0.663739854062827,0.257637992917184,0.5
"341",341,0.664063433811997,0.256650620286538,0.5
"342",342,0.660483569439396,0.257168677298757,0.4
"343",343,0.66111737506789,0.257294696177661,0.2
"344",344,0.666064796071949,0.255610537511841,0.4
"345",345,0.663161768028586,0.257102934390917,0.5
"346",346,0.662230395004072,0.256420966579831,0.4
"347",347,0.663049813137565,0.256854703182207,0.4
"348",348,0.664348571790884,0.256126363559685,0.6
"349",349,0.663868002864446,0.256239268576652,0.4
"350",350,0.66302524690579,0.256166817942104,0.7
"351",351,0.661805317008071,0.256823394551021,0.3
"352",352,0.662276456528545,0.256883856089379,0.5
"353",353,0.6606006941687,0.257018310501311,0.3
"354",354,0.662649681624836,0.257120910737071,0.6
"355",355,0.661292195523426,0.256596845895851,0.7
"356",356,0.66290653884317,0.256185586318536,0.4
"357",357,0.663342475630755,0.256139412157289,0.4
"358",358,0.665083943134284,0.255528480840619,0.7
"359",359,0.661438474135603,0.256645941312562,0.7
"360",360,0.660750652918841,0.257176979962391,0.4
"361",361,0.661484353156592,0.257657462654179,0.5
"362",362,0.661115784465177,0.257959298765037,0.5
"363",363,0.659783200100703,0.257710759616523,0.7
"364",364,0.656518697403302,0.258458071018345,0.5
"365",365,0.658755480587982,0.257614168936952,0.4
"366",366,0.65781521076449,0.257721408173315,0.7
"367",367,0.65816583639193,0.258063748724873,0.4
"368",368,0.659340524645668,0.25805819373206,0.6
"369",369,0.657746205675087,0.257713331257018,0.5
"370",370,0.657287360244478,0.258231869297021,0.5
"371",371,0.658506232932421,0.258598326291852,0.2
"372",372,0.658157204231928,0.258641894710194,0.5
"373",373,0.65796072450925,0.257970301809636,0.8
"374",374,0.661028603958246,0.257917891043316,0.4
"375",375,0.658988058502043,0.258069324406645,0.5
"376",376,0.65481277713166,0.259080828247972,0.4
"377",377,0.657141279363261,0.25853023764462,0.6
"378",378,0.655946925703668,0.25964051450432,0.5
"379",379,0.658806108235975,0.25906503587459,0.4
"380",380,0.658948607302879,0.258586358230171,0.4
"381",381,0.657465646194078,0.258762177192409,0.2
"382",382,0.658119871045805,0.258794876730223,0.4
"383",383,0.656420811999955,0.259074717344559,0.3
"384",384,0.656649923862213,0.258369892180756,0.6
"385",385,0.656520344443386,0.257643883078243,0.4
"386",386,0.657518671794863,0.257471758750585,0.5
"387",387,0.658387515476153,0.256731568877623,0.4
"388",388,0.658414501924794,0.25742907880456,0.6
"389",389,0.658369400914759,0.257406140327593,0.5
"390",390,0.659182441676791,0.25726644322073,0.6
"391",391,0.657596307852346,0.258457779631475,0.3
"392",392,0.654873325195748,0.259096184495509,0.6
"393",393,0.655136654661159,0.259450395605952,0.5
"394",394,0.655476402482609,0.259832925808963,0.6
"395",395,0.654711998321703,0.258984573332685,0.8
"396",396,0.656212196937194,0.259289925212223,0.4
"397",397,0.655650634150286,0.259742636793213,0.4
"398",398,0.653309555907215,0.260530859156166,0.3
"399",399,0.656020230392561,0.260199727612312,0.3
"400",400,0.656136814588571,0.260923323744873,0.4
"401",401,0.656398185609324,0.260149253983349,0.5
"402",402,0.657043943993319,0.259963348413966,0.4
"403",403,0.657588669392824,0.258850561592625,0.3
"404",404,0.659256659546812,0.258971504491622,0.5
"405",405,0.66065129524564,0.258333368042862,0.5
"406",406,0.661514268716875,0.257949841669704,0.2
"407",407,0.656604156219787,0.258899461057024,0.3
"408",408,0.657961887152465,0.258498311807719,0.8
"409",409,0.657700094199334,0.258499467926315,0.7
"410",410,0.657174864491435,0.259081881274718,0.6
"411",411,0.659058146467421,0.25824110219271,0.3
"412",412,0.658785023876905,0.258567924184944,0.1
"413",413,0.657751373887341,0.259373849417215,0.4
"414",414,0.657053541606953,0.258618899323576,0.7
"415",415,0.655719421926121,0.258803127619781,0.4
"416",416,0.652943959553098,0.258319345993846,0.4
"417",417,0.654173369131525,0.257930555189599,0.6
"418",418,0.650612157432778,0.259591726933291,0.3
"419",419,0.653274536159489,0.258746493056625,0.5
"420",420,0.65437952064256,0.258854076369821,0.5
"421",421,0.654725837853704,0.258671330896598,0.3
"422",422,0.655079879782615,0.259055863143879,0.4
"423",423,0.654567785711058,0.259580696326562,0.4
"424",424,0.65366440098058,0.259542491312002,0.5
"425",425,0.653267346975674,0.259171537080768,0.4
"426",426,0.65202328579105,0.259882442798911,0.3
"427",427,0.65399655195565,0.259966388175899,0.5
"428",428,0.651998535584354,0.260130063113229,0.6
"429",429,0.650683576716062,0.260314362340679,0.6
"430",430,0.650858658785888,0.260649030080669,0.4
"431",431,0.649930058610218,0.260807713203226,0.7
"432",432,0.652693941814383,0.259915225187432,0.5
"433",433,0.651407930851768,0.25963008197922,0.5
"434",434,0.650397004691477,0.259656360600633,0.3
"435",435,0.649356351467619,0.260779205985616,0.4
"436",436,0.651403530491192,0.260244865470693,0.5
"437",437,0.652075031533526,0.260585004455909,0.4
"438",438,0.654036947033767,0.259939549425441,0.5
"439",439,0.652275987284249,0.26030525842862,0.5
"440",440,0.65185637703103,0.260542608078082,0.3
"441",441,0.651615094404436,0.26074116353621,0.4
"442",442,0.650098933049036,0.259979897877555,0.3
"443",443,0.650982665500467,0.260797601405039,0.8
"444",444,0.650076513770588,0.260462040326162,0.8
"445",445,0.650213539139609,0.260151364727317,0.7
"446",446,0.647858900122018,0.260833268956036,0.5
"447",447,0.64985644484685,0.260099750139621,0.4
"448",448,0.648447943291031,0.261803824893196,0.5
"449",449,0.651856656886449,0.260392454151612,0.3
"450",450,0.649267300609234,0.26170268303585,0.6
"451",451,0.648247082968372,0.261349420668995,0.5
"452",452,0.650524754783566,0.261155977029689,0.3
"453",453,0.652752265063651,0.260430801037529,0.3
"454",454,0.651104139244241,0.260544521951523,0.5
"455",455,0.64917932398118,0.261229776381697,0.5
"456",456,0.65169272228801,0.260828935030693,0.4
"457",457,0.649315986385241,0.261459425219142,0.6
"458",458,0.648664222070412,0.261031425021863,0.6
"459",459,0.652548401983735,0.260188247855931,0.5
"460",460,0.650685606941562,0.260693711112164,0.4
"461",461,0.65018242746707,0.261254673189292,0.9
"462",462,0.653015917435954,0.260515703936857,0.4
"463",463,0.650559581469483,0.26080216519768,0.3
"464",464,0.651395650885491,0.261357850631061,0.4
"465",465,0.647334151107897,0.261301777560218,0.4
"466",466,0.647020490423736,0.260174319977113,0.6
"467",467,0.649333394466036,0.259965368534228,0.3
"468",468,0.647201436048919,0.259749854393253,0.2
"469",469,0.647967577181756,0.260184250061461,0.6
"470",470,0.648302078752626,0.259860932446623,0.7
"471",471,0.648264847836097,0.260616721305975,0.6
"472",472,0.648055965001721,0.261065359058002,0.5
"473",473,0.647499648739102,0.26083605136533,0.4
"474",474,0.647264155401716,0.261047827072571,0.4
"475",475,0.647410748614959,0.261498881471993,0.6
"476",476,0.64935085157876,0.26073555059633,0.5
"477",477,0.650658636301307,0.260327429645852,0.6
"478",478,0.648821304930576,0.26124797620006,0.6
"479",479,0.647081260237849,0.261104635462585,0.5
"480",480,0.646933985155134,0.260850773905766,0.5
"481",481,0.644618293534737,0.262731592826202,0.5
"482",482,0.649445715834976,0.261594059405435,0.4
"483",483,0.647932650218854,0.26167405773931,0.4
"484",484,0.649129611140719,0.260703803746438,0.6
"485",485,0.648859324482983,0.26045592508131,0.7
"486",486,0.647724427052897,0.261198030757662,0.5
"487",487,0.647867795421292,0.260658824406724,0.5
"488",488,0.647691340357171,0.261382368237944,0.4
"489",489,0.651196750921437,0.260367553591744,0.5
"490",490,0.649284067926087,0.260811435692294,0.7
"491",491,0.64774610630227,0.261246401466138,0.8
"492",492,0.647847546184433,0.261634888831201,0.2
"493",493,0.64591967729731,0.262061593586523,0.5
"494",494,0.645437227969919,0.262518371665634,0.5
"495",495,0.644611433510657,0.262283264274042,0.5
"496",496,0.645342521397921,0.262216615054233,0.6
"497",497,0.647290666979557,0.262281864563169,0.6
"498",498,0.646548059153121,0.262670972212342,0.6
"499",499,0.646962362193116,0.262072598305771,0.5
"500",500,0.6463621324263,0.261767514701961,0.8
"501",501,0.646249035105478,0.261728942496387,0.4
"502",502,0.647620794508191,0.260762010937011,0.3
"503",503,0.646157432951106,0.261894715591762,0.5
"504",504,0.646347263985419,0.261499162948883,0.4
"505",505,0.646134612147228,0.26132552262198,0.5
"506",506,0.645096101404475,0.261436461885249,0.4
"507",507,0.642925157345856,0.262453766786586,0.6
"508",508,0.644587024984316,0.262266282610627,0.6
"509",509,0.642900122152151,0.261951887864689,0.4
"510",510,0.644537514729899,0.263300075770523,0.5
"511",511,0.645558450222718,0.262068266679167,0.5
"512",512,0.646390910583833,0.261436260816174,0.5
"513",513,0.644473912438205,0.261827826890904,0.6
"514",514,0.644231103419132,0.261862417531197,0.3
"515",515,0.642348455140704,0.263070102043844,0.2
"516",516,0.643508582961512,0.262840131982592,0.6
"517",517,0.645792782356054,0.261578825174941,0.6
"518",518,0.645690699372405,0.26102040103062,0.7
"519",519,0.645437362235513,0.262100468824461,0.6
"520",520,0.645142837415271,0.262331190610053,0.5
"521",521,0.645497182242335,0.262502911149943,0.4
"522",522,0.646909854920998,0.262758859862639,0.6
"523",523,0.64459964095843,0.263073241396675,0.1
"524",524,0.644958406564405,0.262156821760374,0.9
"525",525,0.646387708846599,0.26120733376898,0.6
"526",526,0.644315769104605,0.261685272720039,0.5
"527",527,0.643165367915072,0.262033655366723,0.7
"528",528,0.644431807973566,0.262153068374202,0.1
"529",529,0.645406497634074,0.261142801584995,0.3
"530",530,0.64451066784906,0.261428030443251,0.6
"531",531,0.647295881669282,0.260819882658789,0.8
"532",532,0.645974848938904,0.261147287643332,0.5
"533",533,0.645610352129124,0.261817559213541,0.6
"534",534,0.645785024198244,0.260603211459632,0.4
"535",535,0.64402577263371,0.262141837360425,0.6
"536",536,0.645531155826214,0.261721780581373,0.5
"537",537,0.643704266421187,0.26186634325523,0.8
"538",538,0.644707650631195,0.262098758119378,0.3
"539",539,0.645482077062627,0.260847563249541,0.4
"540",540,0.643451875748002,0.261885971998389,0.4
"541",541,0.642308245074284,0.261638718244635,0.3
"542",542,0.641513249695751,0.26210859097778,0.5
"543",543,0.64242007451101,0.262664250911354,0.2
"544",544,0.643554704316707,0.261955927683577,0.7
"545",545,0.642654957175607,0.261868792755541,0.4
"546",546,0.642229698282671,0.262654012300915,0.3
"547",547,0.641900131728172,0.262504363078422,0.4
"548",548,0.643185969586435,0.261771795481121,0.5
"549",549,0.642733664829966,0.261692391077628,0.6
"550",550,0.638868930551937,0.262594832165864,0.4
"551",551,0.639084544744148,0.262376464759965,0.3
"552",552,0.641601772556395,0.261731580345867,0.6
"553",553,0.640652192812144,0.261547323243273,0.5
"554",554,0.641676987346488,0.261877974011821,0.7
"555",555,0.641274984419676,0.262685712869942,0.4
"556",556,0.642486592602781,0.262507513735825,0.6
"557",557,0.643517922174913,0.263056592048678,0.5
"558",558,0.642516532568035,0.262547829406966,0.5
"559",559,0.640013621736979,0.26284715076181,0.6
"560",560,0.641679873929769,0.263212819876197,0.3
"561",561,0.642852883370083,0.26223478403234,0.2
"562",562,0.641575382186082,0.261915557521945,0.3
"563",563,0.642087936056656,0.261897197431282,0.6
"564",564,0.641136759135348,0.261563026101442,0.8
"565",565,0.639092252695787,0.261169037638985,0.4
"566",566,0.640168937535143,0.260849448579286,0.4
"567",567,0.640414660715448,0.261017543590184,0.2
"568",568,0.638981238572779,0.261382239856154,0.3
"569",569,0.63900886501709,0.261567511819175,0.5
"570",570,0.638387751333996,0.26200551171285,0.7
"571",571,0.640404266800706,0.262434825537312,0.4
"572",572,0.638897390718985,0.262313692253157,0.7
"573",573,0.640827469946913,0.2619165394447,0.6
"574",574,0.641041836714375,0.261665465143259,0.5
"575",575,0.638429351666821,0.263007921805567,0.3
"576",576,0.637178819700167,0.262610642486795,0.4
"577",577,0.637752018768181,0.262781406761206,0.6
"578",578,0.638346081977704,0.263005101945443,0.8
"579",579,0.639299213878085,0.262010124509954,0.6
"580",580,0.641045949294759,0.261209050247067,0.5
"581",581,0.641351304043789,0.261388204841749,0.5
"582",582,0.639285963287936,0.261169743124572,0.3
"583",583,0.638626674316615,0.261880335234062,0.7
"584",584,0.640780517654883,0.261550875760147,0.8
"585",585,0.63925873324753,0.262129012831289,0.5
"586",586,0.635643813922237,0.263497597324204,0.7
"587",587,0.637356796342235,0.263173531733789,0.5
"588",588,0.633959764319476,0.263594332070061,0.3
"589",589,0.633553875506038,0.262835902691551,0.5
"590",590,0.634225054381349,0.262991983507336,0.4
"591",591,0.636343039269048,0.263392422462132,0.3
"592",592,0.635995558721849,0.263121096102621,0.6
"593",593,0.637892202213665,0.262277819389059,0.7
"594",594,0.637195467894159,0.262924995685604,0.3
"595",595,0.638214696317022,0.262414358742538,0.7
"596",596,0.637895879151025,0.262123381553571,0.3
"597",597,0.640914486883639,0.261814264832496,0.4
"598",598,0.637107461588097,0.262522744309658,0.5
"599",599,0.636390881368097,0.262548914827582,0.3
"600",600,0.637091784722773,0.262515650528155,0.5
"601",601,0.637775891304088,0.262774725959155,0.5
"602",602,0.637637360487293,0.263337217809116,0.5
"603",603,0.637434892490665,0.263285308811513,0.5
"604",604,0.638738407796516,0.262834862791818,0.6
"605",605,0.636223938516494,0.263049171953535,0.4
"606",606,0.637116592341102,0.262755397746762,0.4
"607",607,0.634210043462833,0.26404590135575,0.6
"608",608,0.635194683095656,0.264084335623365,0.4
"609",609,0.636677497616148,0.264018664650097,0.7
"610",610,0.63462532896437,0.264410024456106,0.5
"611",611,0.634632667779772,0.26405998372869,0.2
"612",612,0.63650073842348,0.263590550110458,0.7
"613",613,0.637759762443633,0.262859455397402,0.5
"614",614,0.63633917811588,0.263495091064677,0.4
"615",615,0.637060385377219,0.26268409170083,0.7
"616",616,0.636911011257839,0.262761649019995,0.6
"617",617,0.638236862900277,0.262895801608827,0.1
"618",618,0.638039185509755,0.263050974099622,0.5
"619",619,0.637690853860258,0.262775480134212,0.7
"620",620,0.63657995672326,0.263052127280198,0.4
"621",621,0.635136810080124,0.263834872499846,0.3
"622",622,0.635866272196334,0.263885057546333,0.7
"623",623,0.638130116447048,0.26301805432983,0.4
"624",624,0.634895583404686,0.263855095770079,0.7
"625",625,0.631595097877207,0.265071852463034,0.3
"626",626,0.632492160241833,0.264106382991397,0.7
"627",627,0.633823253124511,0.264091516203073,0.7
"628",628,0.63570181769543,0.263518030756193,0.4
"629",629,0.634648501474672,0.264487979851496,0.4
"630",630,0.634121658707805,0.264445068146783,0.8
"631",631,0.632812934511402,0.263634235854523,0.5
"632",632,0.636098863956248,0.26298691116553,0.5
"633",633,0.635453754272538,0.263013163836778,0.3
"634",634,0.636777999188791,0.262312879036184,0.7
"635",635,0.636266235677222,0.263297520392597,0.4
"636",636,0.633832585541398,0.263595373155486,0.4
"637",637,0.633130657161898,0.263476496710643,0.4
"638",638,0.634614071718827,0.262709919488051,0.6
"639",639,0.63442884090822,0.262511617305432,0.7
"640",640,0.632375748784085,0.26336112903467,0.4
"641",641,0.636065704337644,0.262465803204878,0.5
"642",642,0.636736185695473,0.262391871493492,0.8
"643",643,0.635672750961164,0.262893270721232,0.4
"644",644,0.637941751680526,0.263247823111611,0.6
"645",645,0.636164842544203,0.26318424921556,0.2
"646",646,0.633945646333977,0.263953896385808,0.4
"647",647,0.6348150284752,0.264249777974549,0.4
"648",648,0.633977058089407,0.264392126538578,0.2
"649",649,0.636939668749367,0.264543727618186,0.7
"650",650,0.636183485089849,0.264180042793905,0.4
"651",651,0.633803635323325,0.264610451083198,0.4
"652",652,0.633976819902566,0.264541569551219,0.6
"653",653,0.638495995486185,0.263648421048919,0.2
"654",654,0.635713481538115,0.264200728635185,0.6
"655",655,0.634443284608905,0.264117273070207,0.4
"656",656,0.63395790813133,0.264311233274813,0.3
"657",657,0.635319874989478,0.264077089171502,0.7
"658",658,0.636685271241502,0.263177113506723,0.2
"659",659,0.636192005227639,0.263711801813698,0.5
"660",660,0.636287768901047,0.263594952677132,0.6
"661",661,0.635268980850939,0.263098378098645,0.6
"662",662,0.638760778070707,0.262639896320205,0.5
"663",663,0.635619728765666,0.26426546439334,0.3
"664",664,0.636734495427035,0.26336627387255,0.3
"665",665,0.6337444472213,0.264048191435857,0.9
"666",666,0.633514164472029,0.264999332883511,0.4
"667",667,0.636851705647683,0.263782747495671,0.7
"668",668,0.634726061090147,0.264439930705291,0.3
"669",669,0.633856630763325,0.263553562654674,0.6
"670",670,0.63583832273421,0.263662037876043,0.4
"671",671,0.632896152027629,0.263993265322615,0.7
"672",672,0.630362034733068,0.264733826226384,0.5
"673",673,0.629384733549428,0.265176645902985,0.5
"674",674,0.631619429825395,0.26458785481973,0.3
"675",675,0.632484105802865,0.264235203117434,0.5
"676",676,0.631283848303146,0.265171292325367,0.3
"677",677,0.629606977805769,0.264904442815579,0.6
"678",678,0.629614432464438,0.264879736103356,0.5
"679",679,0.630009075787789,0.264562146609957,0.5
"680",680,0.632921650179084,0.264194655969422,0.4
"681",681,0.631108102863042,0.264660997832014,0.3
"682",682,0.631998593271172,0.264911546841864,0.8
"683",683,0.635060698601784,0.263615982552042,0.4
"684",684,0.634363045618278,0.263847006482047,0.2
"685",685,0.63160467990732,0.264058085239034,0.5
"686",686,0.631950467680387,0.26431560663406,0.7
"687",687,0.6327702636653,0.264032763281025,0.6
"688",688,0.631153692013915,0.263914273299011,0.6
"689",689,0.629309536210646,0.263874064140075,0.3
"690",690,0.632788447783812,0.263716325302273,0.4
"691",691,0.635206937024961,0.263722749758617,0.7
"692",692,0.635610418595444,0.263547006162365,0.5
"693",693,0.633720295139141,0.264171076740001,0.4
"694",694,0.634406284781218,0.264136327647909,0.6
"695",695,0.633503479243779,0.264342554913438,0.4
"696",696,0.633850814401353,0.263858538761466,0.3
"697",697,0.632376662847635,0.263670487356676,0.4
"698",698,0.63308308420201,0.263509013850987,0.4
"699",699,0.630958557394134,0.263268187173264,0.4
"700",700,0.634164493722325,0.263917979501023,0.5
"701",701,0.636969853626868,0.262711023189364,0.7
"702",702,0.634968107298339,0.263422422597302,0.5
"703",703,0.631973362594399,0.263957172108254,0.3
"704",704,0.626946156017677,0.265333163576673,0.5
"705",705,0.629658584141189,0.264548563761743,0.5
"706",706,0.630945842233761,0.265501479387832,0.3
"707",707,0.630521170271107,0.264801314006501,0.6
"708",708,0.629359221221564,0.264378436271424,0.6
"709",709,0.627785097371838,0.264885662678389,0.3
"710",710,0.630399833493674,0.264531970200683,0.4
"711",711,0.631288059386658,0.264816953034582,0.6
"712",712,0.627459595314767,0.265208969440214,0.2
"713",713,0.629230715012466,0.263943613894094,0.7
"714",714,0.628749185823588,0.263702810345505,0.5
"715",715,0.632422766403981,0.263517711464879,0.5
"716",716,0.633525627413667,0.263372323013419,0.7
"717",717,0.632937360912672,0.263391149773925,0.5
"718",718,0.63109858848394,0.264150094987396,0.6
"719",719,0.629650193987021,0.263976373786868,0.6
"720",720,0.626019210236021,0.265029430025773,0.4
"721",721,0.629231534200657,0.264290461445016,0.4
"722",722,0.628002701156838,0.263885397571807,0.6
"723",723,0.630909799524828,0.262964946472668,0.5
"724",724,0.630704486544747,0.263590895618704,0.5
"725",725,0.631954824703614,0.263279113190457,0.3
"726",726,0.631308364818788,0.262875386211447,0.4
"727",727,0.629374364665144,0.264875824599306,0.4
"728",728,0.630582874832755,0.26349731104404,0.4
"729",729,0.630041631436337,0.263905004114275,0.5
"730",730,0.630030784651081,0.264053684933897,0.7
"731",731,0.632511540764385,0.263884751292775,0.5
"732",732,0.631922311303879,0.263808376478576,0.5
"733",733,0.631763068633693,0.263869320777101,0.6
"734",734,0.632901146809432,0.26281436870879,0.5
"735",735,0.635617083250553,0.261971772812255,0.6
"736",736,0.633456662327223,0.263003088750332,0.5
"737",737,0.630596562797545,0.263270496888944,0.4
"738",738,0.633741244868425,0.263274802094963,0.4
"739",739,0.632599250940585,0.263314749257061,0.2
"740",740,0.632744579099025,0.263863110594387,0.6
"741",741,0.63215824716934,0.264019028715525,0.8
"742",742,0.632880843883404,0.263000170503398,0.4
"743",743,0.629100535655582,0.264392663120362,0.5
"744",744,0.63231429952891,0.26316358633121,0.5
"745",745,0.63257366955521,0.263052479142205,0.5
"746",746,0.633462372049565,0.262948415955223,0.5
"747",747,0.631248457852209,0.263947174012269,0.5
"748",748,0.632928775576156,0.263949716739131,0.5
"749",749,0.63231216094885,0.264383639452575,0.6
"750",750,0.632350045655159,0.264657110959423,0.5
"751",751,0.629268277429305,0.26521086443726,0.8
"752",752,0.63126338588315,0.264552215020661,0.4
"753",753,0.631369000187594,0.263652634268979,0.4
"754",754,0.633583918376483,0.263419059689811,0.5
"755",755,0.634123386290019,0.263324099555893,0.4
"756",756,0.635393156682222,0.263051909785326,0.9
"757",757,0.634602423116627,0.262871501433803,0.5
"758",758,0.633616350836156,0.263818963096413,0.9
"759",759,0.632019676405873,0.26436738489377,0.7
"760",760,0.628284717028799,0.26475149525621,0.4
"761",761,0.628108103754249,0.264511499747368,0.3
"762",762,0.626678188013997,0.265278557228179,0.5
"763",763,0.625094701517704,0.265525068954177,0.6
"764",764,0.627395914458141,0.265194287454976,0.6
"765",765,0.629730120357043,0.264008261832524,0.4
"766",766,0.628195406895493,0.265120351450038,0.5
"767",767,0.628954875289358,0.265117780708261,0.6
"768",768,0.629614898172577,0.264988324671923,0.6
"769",769,0.630095902961047,0.264147298620905,0.5
"770",770,0.630050056551447,0.264547093049328,0.6
"771",771,0.629420477564102,0.264321151840556,0.6
"772",772,0.630184095197765,0.264083370022297,0.6
"773",773,0.628879190770731,0.264349372302001,0.6
"774",774,0.631132420678862,0.264100566349289,0.6
"775",775,0.631923971755147,0.264080585791028,0.5
"776",776,0.629502460745125,0.264407364560764,0.3
"777",777,0.627523944001307,0.264852354211386,0.5
"778",778,0.626854537242138,0.266359228243459,0.7
"779",779,0.629621956419936,0.265188408274988,0.5
"780",780,0.626763069278856,0.265624093380264,0.5
"781",781,0.625093980625992,0.26600042018968,0.6
"782",782,0.626624689316744,0.266160442982968,0.3
"783",783,0.627019938270007,0.264520989939837,0.2
"784",784,0.626920717240083,0.265004830022316,0.6
"785",785,0.626935499362746,0.266559257265957,0.4
"786",786,0.624375028365333,0.266805698794294,0.5
"787",787,0.626977908395355,0.26647260258818,0.6
"788",788,0.628489422916983,0.266172035166706,0.7
"789",789,0.627495209888998,0.26615620510911,0.3
"790",790,0.628910043849678,0.265880540146326,0.6
"791",791,0.628890216511387,0.265462190834468,0.2
"792",792,0.628815962852224,0.265087824439576,0.6
"793",793,0.630287088713802,0.26435318051367,0.2
"794",794,0.63041222307903,0.264133706489669,0.6
"795",795,0.629669627610239,0.265144692978926,0.6
"796",796,0.627853814466251,0.265184174748134,0.4
"797",797,0.625892163041338,0.265746626434345,0.6
"798",798,0.625531714306227,0.26602967298746,0.6
"799",799,0.621733133687241,0.266866513231495,0.7
"800",800,0.622329979128829,0.266284105774504,0.6
"801",801,0.620815197926243,0.266201714468982,0.3
"802",802,0.622233213306699,0.266066363377069,0.8
"803",803,0.623828135845853,0.26564422601786,0.6
"804",804,0.624273346127609,0.264830770767207,0.5
"805",805,0.622911800892228,0.265086950989022,0.2
"806",806,0.625571295339745,0.265057493866123,0.5
"807",807,0.627249911975961,0.264780313490784,0.2
"808",808,0.624691735679877,0.264895359901413,0.7
"809",809,0.626116199881829,0.264753644623137,0.6
"810",810,0.624746124271567,0.264673293375578,0.5
"811",811,0.625363437118892,0.264348125039132,0.7
"812",812,0.625365331558061,0.264755038518542,0.4
"813",813,0.625958923412065,0.264576262030334,0.2
"814",814,0.625995818603793,0.264384910523891,0.5
"815",815,0.625385473135738,0.265150931195194,0.3
"816",816,0.625590149723026,0.265220666843011,0.6
"817",817,0.625746983795378,0.264521921775798,0.4
"818",818,0.625014784783941,0.265141147202161,0.5
"819",819,0.622757038270181,0.265483996382289,0.6
"820",820,0.624153556395738,0.264676528431408,0.5
"821",821,0.626989196085653,0.264885954758741,0.2
"822",822,0.627076949015834,0.264961271882681,0.4
"823",823,0.628220770776916,0.264553140991361,0.7
"824",824,0.629424189599462,0.265171405959922,0.5
"825",825,0.627303124798134,0.265343765815065,0.7
"826",826,0.628108521011255,0.265299734401081,0.6
"827",827,0.629580318360664,0.26542338979858,0.3
"828",828,0.627587634479558,0.26551868800649,0.7
"829",829,0.628778298852524,0.265149363909001,0.4
"830",830,0.625691273423012,0.265068238196564,0.5
"831",831,0.623814917100519,0.265232552504887,0.5
"832",832,0.623682422087413,0.265231253162658,0.6
"833",833,0.623008921797675,0.265544125850225,0.7
"834",834,0.62199271525536,0.265435047305473,0.4
"835",835,0.623505679178644,0.265859688937755,0.3
"836",836,0.623621349491377,0.266456119057839,0.6
"837",837,0.626004311722963,0.265666650764958,0.2
"838",838,0.623838298093722,0.265720349746465,0.4
"839",839,0.623452859876922,0.265341357785004,0.7
"840",840,0.623490372693415,0.265719055645834,0.5
"841",841,0.625433024916652,0.265877126866936,0.5
"842",842,0.625554897688817,0.265665301860454,0.6
"843",843,0.625840232175661,0.265344314445971,0.3
"844",844,0.623371487733613,0.265767638912618,0.3
"845",845,0.619134147409404,0.267043297425248,0.3
"846",846,0.623036268907398,0.265422542037504,0.3
"847",847,0.623417178852634,0.265964492305765,0.6
"848",848,0.623172558932847,0.264894108344008,0.5
"849",849,0.623574704416034,0.265662711180679,0.8
"850",850,0.621620638348127,0.266622150446951,0.3
"851",851,0.623042299876438,0.266632418084079,0.5
"852",852,0.625434404997949,0.265156135962586,0.3
"853",853,0.625280637593861,0.265663247290526,0.5
"854",854,0.624035785833531,0.266080205037702,0.9
"855",855,0.624739699019891,0.265079076529197,0.4
"856",856,0.624520489077578,0.264972240491198,0.3
"857",857,0.62562265037002,0.265101559205562,0.4
"858",858,0.621691954451004,0.266265982123534,0.4
"859",859,0.622917562021105,0.266238888602925,0.4
"860",860,0.620862315401521,0.267142302434661,0.4
"861",861,0.621027081458716,0.26676563694115,0.6
"862",862,0.622720083772479,0.266162526093673,0.5
"863",863,0.622944466188937,0.266342940148521,0.6
"864",864,0.620344380913278,0.266547416836624,0.5
"865",865,0.621745786012532,0.265561875035752,0.5
"866",866,0.621791965403202,0.265388306838535,0.4
"867",867,0.620951260124621,0.265779538972643,0.4
"868",868,0.620143049156801,0.266044656129859,0.3
"869",869,0.61885631126951,0.265779578999718,0.5
"870",870,0.620111384034233,0.265768261688025,0.8
"871",871,0.617141531834405,0.267170442356923,0.3
"872",872,0.618971030907697,0.266988444549809,0.4
"873",873,0.621468537420769,0.265864684112175,0.4
"874",874,0.617098711748407,0.267602847915032,0.6
"875",875,0.617422259072307,0.267500417490527,0.6
"876",876,0.617313025847549,0.266743546448915,0.5
"877",877,0.619101908974492,0.267443745261745,0.8
"878",878,0.621465188475998,0.266559840775544,0.4
"879",879,0.620288243488738,0.267282829163709,0.4
"880",880,0.620419103497549,0.267200446479844,0.5
"881",881,0.620197234974057,0.266282535011154,0.7
"882",882,0.623141044707751,0.265705107287982,0.5
"883",883,0.621475860589961,0.265808467279228,0.6
"884",884,0.620314973997446,0.265974036325439,0.4
"885",885,0.620306957626028,0.26611625881874,0.4
"886",886,0.621247404713663,0.266257805214008,0.4
"887",887,0.62199249942365,0.265859092943334,0.4
"888",888,0.619835809587507,0.266068816540361,0.5
"889",889,0.620124319860754,0.266536033563148,0.4
"890",890,0.621121464490411,0.265596308931565,0.6
"891",891,0.621128457386293,0.266679767874667,0.3
"892",892,0.616064524464288,0.267544465679285,0.3
"893",893,0.616392567759378,0.267143353831539,0.4
"894",894,0.616665909161093,0.267676567901854,0.5
"895",895,0.614596109107588,0.267826257673449,0.6
"896",896,0.616639015962636,0.266834902643262,0.4
"897",897,0.614613958989531,0.2668078523974,0.5
"898",898,0.616236786947178,0.267209371343834,0.5
"899",899,0.616909686399122,0.266654276953848,0.6
"900",900,0.621013435346863,0.266427215922914,0.5
"901",901,0.619051062894999,0.266009677861235,0.6
"902",902,0.61730603172388,0.266190063172111,0.5
"903",903,0.616085141944665,0.266480218533747,0.8
"904",904,0.617497947285587,0.265952808933921,0.5
"905",905,0.617500692552699,0.267041211657447,0.4
"906",906,0.616369169834748,0.266657402361908,0.8
"907",907,0.614921815246535,0.267262408060952,0.4
"908",908,0.616729816427685,0.266754826031125,0.6
"909",909,0.616676851711077,0.265540118248177,0.5
"910",910,0.618333747193528,0.266327777717202,0.3
"911",911,0.617856903488746,0.266374631588996,0.3
"912",912,0.615876991603996,0.266403058273037,0.5
"913",913,0.618254710626657,0.266768022359172,0.6
"914",914,0.617942447776137,0.267005767441468,0.5
"915",915,0.618094833089247,0.266638250581236,0.6
"916",916,0.617463248430566,0.266887784871459,0.5
"917",917,0.616558780259723,0.267418460699869,0.5
"918",918,0.617062044654288,0.267525472183738,0.5
"919",919,0.618247048312773,0.267576034301592,0.4
"920",920,0.617330673650859,0.266781439786427,0.4
"921",921,0.617931139232819,0.266459290350719,0.2
"922",922,0.619401440514884,0.266085383989329,0.4
"923",923,0.614715189784426,0.266167582498456,0.7
"924",924,0.613703147548687,0.266460857161948,0.7
"925",925,0.614778178910888,0.266538666894434,0.3
"926",926,0.615399345349781,0.266272208168699,0.6
"927",927,0.611588148102437,0.267423448173203,0.1
"928",928,0.613954225236363,0.266781680621117,0.5
"929",929,0.617138172107299,0.267431918148268,0.9
"930",930,0.618709394926091,0.266331723971245,0.3
"931",931,0.618116286116593,0.266574296204357,0.7
"932",932,0.61731119731786,0.267678038311492,0.3
"933",933,0.617038890649123,0.267833198651177,0.6
"934",934,0.619348756322561,0.26697643189136,0.3
"935",935,0.617886503160943,0.267577808230999,0.5
"936",936,0.618475355280032,0.266655477878954,0.4
"937",937,0.616136407528744,0.266937713339036,0.6
"938",938,0.616749235310483,0.267071161696373,0.3
"939",939,0.619554058670939,0.266304522703596,0.5
"940",940,0.616688816377994,0.266343790558436,0.3
"941",941,0.614964347700126,0.267704238202633,0.4
"942",942,0.617268766749741,0.267675869727821,0.6
"943",943,0.616744006378199,0.266821226568873,0.7
"944",944,0.616687767558903,0.266858669516414,0.2
"945",945,0.615509530277245,0.267142333603575,0.4
"946",946,0.617236723070662,0.267492755585941,0.3
"947",947,0.616565056368633,0.267683191445506,0.3
"948",948,0.616515789742027,0.268295152829966,0.5
"949",949,0.614143534444239,0.268112018291346,0.6
"950",950,0.61676554496516,0.267562158495633,0.6
"951",951,0.616878121327812,0.268116127632684,0.6
"952",952,0.617739093922673,0.267852270483522,0.5
"953",953,0.619289203388406,0.266755530862977,0.2
"954",954,0.618360119580158,0.26646730917315,0.3
"955",955,0.617990507026234,0.267216345584058,0.3
"956",956,0.615405642574885,0.267703563962583,0.5
"957",957,0.614664748872231,0.267749230941321,0.4
"958",958,0.613754172606142,0.26743799459599,0.4
"959",959,0.614104028329947,0.266831304326362,0.4
"960",960,0.613612896392617,0.266846177662308,0.7
"961",961,0.613803014711862,0.267251962114194,0.5
"962",962,0.617843428017066,0.267088562950775,0.4
"963",963,0.615339734175346,0.267434000762528,0.4
"964",964,0.613049985143886,0.268490036575378,0.5
"965",965,0.613008840013977,0.268920746687596,0.4
"966",966,0.612324274818374,0.268214067332342,0.6
"967",967,0.612746449205648,0.268116283388512,0.6
"968",968,0.614252761123424,0.268649057597601,0.4
"969",969,0.61160104675613,0.268366479826972,0.4
"970",970,0.613258324790467,0.267385495565743,0.7
"971",971,0.611723581046964,0.268381961323206,0.4
"972",972,0.611557006587855,0.267606697158019,0.6
"973",973,0.61245660846136,0.267967590647863,0.4
"974",974,0.610660948280704,0.267703468879398,0.5
"975",975,0.607469784673877,0.267984092545423,0.5
"976",976,0.608721114809692,0.267852643277353,0.5
"977",977,0.611061177046722,0.267047344774868,0.4
"978",978,0.610427370231904,0.267271142445406,0.4
"979",979,0.612570112445205,0.26695671291363,0.2
"980",980,0.608587450503997,0.268067002653419,0.6
"981",981,0.60989785223446,0.267642804715445,0.5
"982",982,0.609803378403621,0.267575099383543,0.2
"983",983,0.60899426850716,0.268128851202781,0.6
"984",984,0.610616694151267,0.267448066476142,0.6
"985",985,0.611402192462787,0.267766343602783,0.6
"986",986,0.61057340222593,0.26685511482634,0.3
"987",987,0.610705152376306,0.267649498986256,0.5
"988",988,0.609699477529022,0.268063134722819,0.6
"989",989,0.609477221291574,0.269333895688036,0.5
"990",990,0.608457711433815,0.269171790968443,0.3
"991",991,0.608673476134325,0.26895923485182,0.8
"992",992,0.606872725575961,0.269288672949575,0.4
"993",993,0.607460439782634,0.268587645384379,0.1
"994",994,0.606380886368704,0.268007206070916,0.6
"995",995,0.609375457060883,0.268082970575291,0.6
"996",996,0.609113590265322,0.26763232045506,0.6
"997",997,0.611385294047363,0.268294814157684,0.8
"998",998,0.613747049649626,0.268234683932917,0.2
"999",999,0.613143605209095,0.267557574069882,0.6
"1000",1000,0.603982662185505,0.269329161053055,0.4
"1001",1001,0.599234267817353,0.269931767725599,0.5
"1002",1002,0.588985230654091,0.270897118851652,0.4
"1003",1003,0.587501356428945,0.271490865436275,0.2
"1004",1004,0.57998764502825,0.271523504437705,0.4
"1005",1005,0.57311269187992,0.273646809655509,0.5
"1006",1006,0.566478597334105,0.274762871328,0.4
"1007",1007,0.566886983486333,0.274844294621946,0.4
"1008",1008,0.561588267614986,0.274822628297482,0.6
"1009",1009,0.559470924465451,0.275244774770576,0.2
"1010",1010,0.557613285559978,0.275698983680118,0.1
"1011",1011,0.552936262329781,0.276443941580138,0.2
"1012",1012,0.549133415716621,0.276879126896234,0.1
"1013",1013,0.541227989588686,0.277508190543155,0.4
"1014",1014,0.540058973351068,0.277208672854627,0.2
"1015",1015,0.535134217717992,0.277972501984762,0.1
"1016",1016,0.530168414904905,0.2789404308368,0.2
"1017",1017,0.527067031306484,0.278759877753136,0.1
"1018",1018,0.526332149308731,0.278849170811794,0.4
"1019",1019,0.523461027250006,0.279454956326253,0.2
"1020",1020,0.524700432024422,0.279266560929508,0.1
"1021",1021,0.516983047524965,0.280135559234025,0.2
"1022",1022,0.513520411263364,0.279737533268192,0.3
"1023",1023,0.504561799878419,0.280044288250718,0.4
"1024",1024,0.499242101932285,0.279705667308646,0.3
"1025",1025,0.499313252714318,0.278882007334543,0
"1026",1026,0.491695994300452,0.280571507007385,0.3
"1027",1027,0.48958820800968,0.281371179182475,0.2
"1028",1028,0.489414152378416,0.281666473463721,0.1
"1029",1029,0.485141676712877,0.280947791777543,0
"1030",1030,0.479665758980127,0.280003793907137,0
"1031",1031,0.479134984120115,0.280087299970613,0.1
"1032",1032,0.468073239231433,0.279612884824791,0.1
"1033",1033,0.470665683508044,0.280388006488366,0
"1034",1034,0.460812982496623,0.280805700095326,0.2
"1035",1035,0.460681679945195,0.280227406090863,0.2
"1036",1036,0.457568757689215,0.279781053723415,0.3
"1037",1037,0.454012050927652,0.279274902365015,0.3
"1038",1038,0.448294860737116,0.279418143684708,0.2
"1039",1039,0.43994492358346,0.279272861610944,0.3
"1040",1040,0.431757671771274,0.278649768813075,0.2
"1041",1041,0.42891497580196,0.279091369340513,0.1
"1042",1042,0.43048358050875,0.279270316146545,0.2
"1043",1043,0.429422979591391,0.279349734328997,0.1
"1044",1044,0.419901370143882,0.278101281671369,0.1
"1045",1045,0.417795995219126,0.278416004636632,0.3
"1046",1046,0.412460841959885,0.278257288032404,0.1
"1047",1047,0.411406066716758,0.279474588306293,0
"1048",1048,0.407273105336465,0.27846098027477,0.1
"1049",1049,0.403604770556864,0.278814010897795,0.3
"1050",1050,0.39954683936728,0.27903641076948,0.1
"1051",1051,0.395341277131309,0.277524936726801,0.2
"1052",1052,0.395700535796607,0.278173492655707,0.1
"1053",1053,0.389735260630704,0.277149582450576,0
"1054",1054,0.383215419349679,0.275981931022837,0.2
"1055",1055,0.377008432307536,0.274439435389107,0
"1056",1056,0.377255266272956,0.274978181001126,0
"1057",1057,0.375617206671616,0.275083285803712,0
"1058",1058,0.367415420966214,0.273818154283514,0.2
"1059",1059,0.368168222994592,0.273090770178119,0
"1060",1060,0.36385493900439,0.273871847564359,0.1
"1061",1061,0.356567872794422,0.271938484301471,0.2
"1062",1062,0.352927061153752,0.271891753826261,0.2
"1063",1063,0.349388872331128,0.270989932259124,0.1
"1064",1064,0.346366865722454,0.268539127327163,0.2
"1065",1065,0.34259801885289,0.269095215725071,0
"1066",1066,0.332591867771918,0.266396991424951,0.3
"1067",1067,0.330132905604431,0.265398088139005,0.2
"1068",1068,0.32330150584676,0.263080366644136,0.1
"1069",1069,0.319189171973273,0.263031276613945,0
"1070",1070,0.314657164686261,0.261837965880549,0
"1071",1071,0.311264515838062,0.25944708489713,0.2
"1072",1072,0.311782730431957,0.2602298517079,0.1
"1073",1073,0.306755546725048,0.258624387872224,0.1
"1074",1074,0.299214901120951,0.255923329820743,0.3
"1075",1075,0.301345750269975,0.256777262991242,0
"1076",1076,0.297328803284326,0.255775943402609,0.1
"1077",1077,0.292293805073734,0.25361639619212,0
"1078",1078,0.287859057793401,0.252365396839879,0.2
"1079",1079,0.284820768467794,0.252101470597817,0.1
"1080",1080,0.278165645733175,0.250073837579032,0.2
"1081",1081,0.279827173080743,0.250850349530878,0
"1082",1082,0.269938824393925,0.247015396849875,0.3
"1083",1083,0.269104482190367,0.247619629683793,0.3
"1084",1084,0.265121488896737,0.245720681613722,0.1
"1085",1085,0.26381683641879,0.244478699575101,0.1
"1086",1086,0.258476677361171,0.242321172507246,0.1
"1087",1087,0.252282179345219,0.240065851292653,0.2
"1088",1088,0.249688577824041,0.239282364477935,0.3
"1089",1089,0.248608424807161,0.238210841524427,0.1
"1090",1090,0.245426300591671,0.237033352419793,0.1
"1091",1091,0.24711900419637,0.237792589059645,0
"1092",1092,0.241234927422704,0.234906273330727,0
"1093",1093,0.238184319410058,0.233401480224225,0.2
"1094",1094,0.233356220566585,0.230854780034476,0.2
"1095",1095,0.227402697611536,0.228488384156728,0
"1096",1096,0.225026117059511,0.226876466735425,0.1
"1097",1097,0.220911173614893,0.225104633695118,0.2
"1098",1098,0.217476202625658,0.222895744634794,0.1
"1099",1099,0.21619794839633,0.222434884699251,0.1
"1100",1100,0.213161857418421,0.221404740142162,0.1
"1101",1101,0.209684310440179,0.21895050914305,0
"1102",1102,0.203467934357453,0.215264148918647,0
"1103",1103,0.205498232641186,0.217232129057276,0
"1104",1104,0.203814313802875,0.216586589245313,0
"1105",1105,0.198377980662082,0.21320642663236,0.1
"1106",1106,0.195411191618229,0.211414424958899,0
"1107",1107,0.193540917442282,0.209780414511331,0.2
"1108",1108,0.188842201055225,0.207128932027525,0.1
"1109",1109,0.186964388073808,0.205603702777298,0.2
"1110",1110,0.184230834117137,0.203471859962818,0.2
"1111",1111,0.180071406023267,0.201325693785262,0.2
"1112",1112,0.178175968531198,0.200724993212013,0.2
"1113",1113,0.175646932832518,0.199398026648058,0
"1114",1114,0.171814677446697,0.196669896281075,0.2
"1115",1115,0.171717312378149,0.196086014966092,0
"1116",1116,0.170244243845549,0.195953283711793,0.3
"1117",1117,0.1699509097195,0.196128609992698,0
"1118",1118,0.167454167602263,0.194143010810201,0.1
"1119",1119,0.166273281517316,0.193049417304321,0
"1120",1120,0.161508252546851,0.190326780020401,0.3
"1121",1121,0.158141983589163,0.187295985606547,0.1
"1122",1122,0.156715965510602,0.186278388112929,0.2
"1123",1123,0.152631403747671,0.183224997176409,0
"1124",1124,0.151769717736502,0.182848703379792,0
"1125",1125,0.149140904025143,0.181247366042248,0
"1126",1126,0.147596304142355,0.179873239297671,0.1
"1127",1127,0.146797566352214,0.180277387343476,0.3
"1128",1128,0.142978118551151,0.177348433879998,0.1
"1129",1129,0.141089245686174,0.176617095405123,0.4
"1130",1130,0.141250975461268,0.176945989439984,0.1
"1131",1131,0.139544426679091,0.175046157186919,0
"1132",1132,0.137302984191077,0.173376399755021,0
"1133",1133,0.134968694403985,0.171531790276504,0.1
"1134",1134,0.133055280187522,0.170233192406431,0.4
"1135",1135,0.131766062689129,0.169495909795153,0.2
"1136",1136,0.132974197555242,0.170348817481943,0.1
"1137",1137,0.130817539392493,0.168339882408093,0.2
"1138",1138,0.129332279292823,0.16723272629445,0.1
"1139",1139,0.128319330682334,0.165909310992108,0.2
"1140",1140,0.127805812915635,0.165558405199827,0
"1141",1141,0.125012241896239,0.163880559138743,0.3
"1142",1142,0.123153363642127,0.162099693942289,0.1
"1143",1143,0.123046531049919,0.162346219231009,0.1
"1144",1144,0.121130296332427,0.160805184375584,0.1
"1145",1145,0.119092713872808,0.15963444205916,0.3
"1146",1146,0.117066830470171,0.158221208657596,0.2
"1147",1147,0.118045128378732,0.159147907868294,0.3
"1148",1148,0.117228734598244,0.158497726230916,0
"1149",1149,0.114384638668571,0.156153602209349,0.2
"1150",1150,0.113469613777761,0.154983595518619,0.1
"1151",1151,0.113204045866571,0.155436416317935,0.1
"1152",1152,0.113010166188867,0.155235662626731,0.1
"1153",1153,0.111752235712558,0.154186706662091,0.2
"1154",1154,0.111324913288398,0.153838297215229,0.1
"1155",1155,0.108776406909141,0.151354103852033,0
"1156",1156,0.107568164295726,0.150657599911304,0.1
"1157",1157,0.108526418022281,0.151662412266732,0.3
"1158",1158,0.106039999806661,0.149584973841811,0.4
"1159",1159,0.105399793632818,0.149868029446982,0.2
"1160",1160,0.105705490254714,0.150177316846411,0.1
"1161",1161,0.10411170424083,0.148187327814854,0.3
"1162",1162,0.103567180565329,0.147634766325098,0.1
"1163",1163,0.103304980550826,0.147451996068816,0.1
"1164",1164,0.101735564428822,0.14634572434391,0.2
"1165",1165,0.101449686366531,0.14621342274253,0.2
"1166",1166,0.100552411146965,0.145375930201128,0.4
"1167",1167,0.0992379215801169,0.144431974170494,0
"1168",1168,0.0976550307092496,0.143310360091028,0.4
"1169",1169,0.0983732561209356,0.144986414172512,0.1
"1170",1170,0.0966096507125472,0.143032149459232,0.4
"1171",1171,0.0960816490853828,0.142445397021596,0.2
"1172",1172,0.0944991256651367,0.14057959840344,0.1
"1173",1173,0.0943722910369191,0.140537533499421,0.4
"1174",1174,0.0930682675389291,0.139062836694662,0.3
"1175",1175,0.0935503489697868,0.139787186171072,0
"1176",1176,0.0925044544119535,0.138819502878083,0.3
"1177",1177,0.0913217976618528,0.137513192897943,0.2
"1178",1178,0.0907532776996937,0.137377553846595,0.5
"1179",1179,0.0918383109427102,0.138299230254002,0.2
"1180",1180,0.0923294000952869,0.139395931266482,0.3
"1181",1181,0.0919244753963512,0.138796876678032,0.3
"1182",1182,0.0903555440763856,0.137184157391862,0.2
"1183",1183,0.0891802878641696,0.13585908591411,0.2
"1184",1184,0.0893012524310462,0.135722122592301,0.3
"1185",1185,0.089800635010391,0.136453088909646,0.3
"1186",1186,0.0883324598543104,0.134865864735883,0.4
"1187",1187,0.087206419990839,0.133845622856857,0.2
"1188",1188,0.0884472002512753,0.135181677149182,0.3
"1189",1189,0.0865728706006475,0.133355163643773,0.4
"1190",1190,0.0866862639911059,0.133794608967911,0.4
"1191",1191,0.0866083032516437,0.133325093699262,0.3
"1192",1192,0.0855282854000155,0.132444787806637,0.5
"1193",1193,0.085509252148106,0.132590481912117,0.2
"1194",1194,0.0850992958793192,0.132493309063237,0.4
"1195",1195,0.0847051504349855,0.131953738947353,0.4
"1196",1196,0.0839734575608957,0.131233102010385,0.6
"1197",1197,0.0849582703934721,0.133072728556292,0.1
"1198",1198,0.0847548262809373,0.133234855726216,0.3
"1199",1199,0.0840795689721029,0.131949235503539,0.3
"1200",1200,0.0822173138591184,0.129988933531336,0.5
"1201",1201,0.0817912295189447,0.12957362144025,0.4
"1202",1202,0.0806836601810432,0.128234960397635,0.4
"1203",1203,0.079893816014939,0.127632457071301,0.4
"1204",1204,0.0802105338122902,0.128468722762472,0.4
"1205",1205,0.0796520460953026,0.127813996799058,0.4
"1206",1206,0.0800495249632078,0.128207230005885,0.5
"1207",1207,0.0813568785756354,0.129908442668732,0.3
"1208",1208,0.0820293032472891,0.130398154458198,0.2
"1209",1209,0.0807201422568292,0.128663763825926,0.5
"1210",1210,0.0796346194530076,0.1275090625207,0.3
"1211",1211,0.0789017905686129,0.126700026935598,0.4
"1212",1212,0.0784496184520046,0.126265112418942,0.2
"1213",1213,0.0787265023707609,0.126624884705418,0.2
"1214",1214,0.077940777269256,0.126189706312764,0.2
"1215",1215,0.0798493662936579,0.128167577377094,0.3
"1216",1216,0.0784268113584953,0.126647942087749,0.4
"1217",1217,0.0774227158319405,0.125799368395688,0.3
"1218",1218,0.0783146251499219,0.126829652237852,0.2
"1219",1219,0.0768780653535894,0.125089955522915,0.4
"1220",1220,0.0759830093664195,0.124137935642326,0.3
"1221",1221,0.0763697523825864,0.124541829189646,0.7
"1222",1222,0.0775077223439168,0.126399662451862,0.2
"1223",1223,0.076289208100731,0.124935129955652,0.5
"1224",1224,0.0764133374588573,0.125122408808854,0.4
"1225",1225,0.0768084740502911,0.125877766601152,0.5
"1226",1226,0.0759276627458366,0.124759096338224,0.5
"1227",1227,0.0754042563766237,0.12412018165287,0.5
"1228",1228,0.0750834341896166,0.123688236987203,0.5
"1229",1229,0.0745003250221038,0.123019794468062,0.6
"1230",1230,0.0739524696521929,0.122347613917476,0.4
"1231",1231,0.0750265719347744,0.123573821927098,0.5
"1232",1232,0.0750037348468545,0.123558211228313,0.6
"1233",1233,0.074309710663664,0.123170325271286,0.3
"1234",1234,0.0744445338904592,0.123200224784435,0.3
"1235",1235,0.0762413219180827,0.125363930522608,0.3
"1236",1236,0.0750150559265151,0.124015893788137,0.6
"1237",1237,0.0737209601895681,0.12261491658581,0.5
"1238",1238,0.0736480869178095,0.122190572395076,0.3
"1239",1239,0.0744173921329408,0.122881141108225,0.4
"1240",1240,0.0734794568021944,0.121878341632608,0.3
"1241",1241,0.0733652499650446,0.121615820642164,0.1
"1242",1242,0.0731120655572608,0.121616211269228,0.8
"1243",1243,0.0737207079906138,0.122349595570558,0.7
"1244",1244,0.0737949296676752,0.122732956285386,0.6
"1245",1245,0.0747668324991907,0.123754361489786,0.2
"1246",1246,0.0741506848699755,0.123007986974296,0.6
"1247",1247,0.07262722746578,0.121174794232023,0.5
"1248",1248,0.0726879900448987,0.120854731674353,0.4
"1249",1249,0.0728187482618465,0.121085811699981,0.6
"1250",1250,0.0731559589932431,0.12151965667924,0.4
"1251",1251,0.0728334119301101,0.121427576396956,0.6
"1252",1252,0.0723327079237321,0.121027937106073,0.3
"1253",1253,0.0718362940533802,0.120317450277244,0.3
"1254",1254,0.0709429423441147,0.119581154921042,0.3
"1255",1255,0.0711420081414794,0.119709464318056,0.5
"1256",1256,0.0715131281496089,0.120081897067044,0.4
"1257",1257,0.0719463839719603,0.120506477589791,0.5
"1258",1258,0.0714523563366584,0.119993805292467,0.3
"1259",1259,0.0711433534727554,0.119541280904229,0.5
"1260",1260,0.0710021555348047,0.119413322151868,0.4
"1261",1261,0.0715905614771254,0.120096028158231,0.3
"1262",1262,0.0711798954729932,0.119828476411578,0.7
"1263",1263,0.0712133023572226,0.12004352066839,0.4
"1264",1264,0.0705791180516166,0.119258048758045,0.2
"1265",1265,0.0708387888345184,0.119428254273682,0.3
"1266",1266,0.0709738895489553,0.119706755527604,0.7
"1267",1267,0.0711625550920812,0.119714750491062,0.5
"1268",1268,0.0709238094648542,0.119668987205773,0.6
"1269",1269,0.0709825465065269,0.119752468520287,0.6
"1270",1270,0.0710412146705637,0.120035367375454,0.6
"1271",1271,0.0704349966318231,0.119468877671685,0.5
"1272",1272,0.0705521087311741,0.119364230521857,0.7
"1273",1273,0.0696326292964973,0.118490302732949,0.6
"1274",1274,0.0695261757767918,0.118276746838167,0.2
"1275",1275,0.0694220922124992,0.118340981926786,0.5
"1276",1276,0.0689858311520673,0.117761439297063,0.7
"1277",1277,0.0693135644918046,0.117998486331119,0.3
"1278",1278,0.0705257045958916,0.119626897915476,0.5
"1279",1279,0.0711316623558732,0.120765106917598,0.6
"1280",1280,0.0706070365047516,0.1201038768165,0.5
"1281",1281,0.0708186544866729,0.120150617471374,0.1
"1282",1282,0.0691506872042868,0.118149391248387,0.5
"1283",1283,0.0699504041311217,0.118993707855633,0.5
"1284",1284,0.0689362717690652,0.118092010203554,0.4
"1285",1285,0.0699958684187335,0.119486734672619,0.5
"1286",1286,0.0697955306750226,0.118985065870619,0.3
"1287",1287,0.0698262171204186,0.118921042563223,0.1
"1288",1288,0.0693472047783178,0.118257833425315,0.5
"1289",1289,0.0697058017297241,0.1191353199372,0.6
"1290",1290,0.0699473844548442,0.119063723377314,0.7
"1291",1291,0.0695650130644879,0.11907804889995,0.5
"1292",1292,0.0703174536238257,0.119838596446712,0.3
"1293",1293,0.0700280598946,0.119295219466534,0.5
"1294",1294,0.0695672502114529,0.118818059681986,0.4
"1295",1295,0.0693619945756942,0.118627630738807,0.7
"1296",1296,0.0700511770478849,0.119516923622887,0.5
"1297",1297,0.0694775797013887,0.118676149548074,0.6
"1298",1298,0.0689245196138282,0.117966567425454,0.4
"1299",1299,0.0705882733870415,0.1199009485812,0.2
"1300",1300,0.0706730685727928,0.12016841784033,0.1
"1301",1301,0.0696549083705588,0.118833868063791,0.9
"1302",1302,0.0709760082970701,0.120486102577542,0.3
"1303",1303,0.0706130569688132,0.119931812565746,0.4
"1304",1304,0.0704758012750679,0.119800272279874,0.3
"1305",1305,0.0701145566151953,0.118997771752786,0.5
"1306",1306,0.0700328491761092,0.118890423017214,0.3
"1307",1307,0.0704503676312842,0.119497279140226,0.5
"1308",1308,0.0705504638595752,0.119587085233375,0.5
"1309",1309,0.0694291664322881,0.118431785812736,0.5
"1310",1310,0.0695222266862051,0.118499648663362,0.4
"1311",1311,0.069125545227985,0.118335722936517,0.6
"1312",1312,0.069814421204341,0.119123750372425,0.5
"1313",1313,0.0697471734180201,0.118941980593736,0.3
"1314",1314,0.0698567910179836,0.119265788782996,0.6
"1315",1315,0.0695049764105938,0.118681915713501,0.4
"1316",1316,0.070002048960811,0.11953125280248,0.3
"1317",1317,0.0705651235724938,0.120428090009656,0.5
"1318",1318,0.0697995522962238,0.119376620045034,0.6
"1319",1319,0.0698951812957266,0.119591010019536,0.7
"1320",1320,0.0689736987416636,0.118479133197365,0.5
"1321",1321,0.0693241426664502,0.118833324979524,0.4
"1322",1322,0.0692441316601476,0.118655808692925,0.8
"1323",1323,0.0697835380478357,0.119129313978732,0.5
"1324",1324,0.0699495134392645,0.119264463612569,0.6
"1325",1325,0.0691421990350125,0.118611734743423,0.5
"1326",1326,0.068934794319641,0.118458299562299,0.9
"1327",1327,0.0687216989221734,0.118281858417788,0.3
"1328",1328,0.0689740880113516,0.11828008279847,0.5
"1329",1329,0.069475398122081,0.11900511910984,0.7
"1330",1330,0.0693289849855014,0.118693219491028,0.7
"1331",1331,0.0682857948965588,0.117513516291684,0.3
"1332",1332,0.0697003089230588,0.11952748870822,0.6
"1333",1333,0.0694192267941154,0.118883494101475,0.2
"1334",1334,0.069930485453455,0.119682648196546,0.5
"1335",1335,0.0696650248889333,0.119294060437641,0.6
"1336",1336,0.0696732788819985,0.119094041341067,0.4
"1337",1337,0.0696125681656773,0.119105829288203,0.6
"1338",1338,0.0697430362489545,0.11916139380471,0.5
"1339",1339,0.0691108280163187,0.11852913506051,0.6
"1340",1340,0.0686576317632953,0.117787591431685,0.5
"1341",1341,0.0686274455266776,0.117903004551658,0.5
"1342",1342,0.0685130740922695,0.117576082585259,0.3
"1343",1343,0.0692451223557155,0.118231854744653,0.4
"1344",1344,0.0690317580544438,0.118212093243307,0.5
"1345",1345,0.0688682350124008,0.11804195192058,0.1
"1346",1346,0.0688542987407762,0.117974275440696,0.5
"1347",1347,0.0690209398014995,0.118041098721801,0.2
"1348",1348,0.0693261204836161,0.11840121287327,0.3
"1349",1349,0.0689739735278368,0.118288459637209,0.4
"1350",1350,0.0700774947929166,0.119472153618173,0.6
"1351",1351,0.0695126350684655,0.118675651347774,0.4
"1352",1352,0.0693098311632445,0.118640674532605,0.6
"1353",1353,0.0683611070376084,0.117487601735593,0.6
"1354",1354,0.0676644986830411,0.116646879117169,0.6
"1355",1355,0.0677989985767241,0.11686544689241,0.3
"1356",1356,0.0681122220776455,0.117361968707338,0.5
"1357",1357,0.0697341121451031,0.119265787964163,0.4
"1358",1358,0.0685638031226756,0.117801706202263,0.4
"1359",1359,0.0686274316305249,0.118037644926704,0.6
"1360",1360,0.0686938509030089,0.118009285391269,0.4
"1361",1361,0.0691179805526802,0.118760931686471,0.5
"1362",1362,0.0691134823018627,0.118664177814325,0.5
"1363",1363,0.068687655822768,0.118099312644525,0.8
"1364",1364,0.0679292370700748,0.117173969504959,0.5
"1365",1365,0.0683029618010115,0.117434413967117,0.7
"1366",1366,0.0690511447007764,0.118468567560139,0.3
"1367",1367,0.0685387659499646,0.117957826228217,0.6
"1368",1368,0.0685842553617248,0.118051092287466,0.5
"1369",1369,0.0683348438696479,0.117686102032676,0.6
"1370",1370,0.0683133877187699,0.117868270936663,0.5
"1371",1371,0.0685576466933028,0.118184327435585,0.4
"1372",1372,0.0686264461404052,0.118419283883832,0.7
"1373",1373,0.0696914870700171,0.119560986405188,0.4
"1374",1374,0.0693954533420394,0.119133247793822,0.9
"1375",1375,0.0688912808818227,0.118523217726678,0.5
"1376",1376,0.0688957925181297,0.118357705571163,0.7
"1377",1377,0.0694764668303746,0.11961133524595,0.7
"1378",1378,0.0693201867924101,0.119220226461792,0.5
"1379",1379,0.0691150930201562,0.118753954945619,0.4
"1380",1380,0.0697412422911441,0.119595655885189,0.6
"1381",1381,0.0695297885711041,0.119419036015121,0.6
"1382",1382,0.0694013388600222,0.119236762744053,0.4
"1383",1383,0.0698002678706909,0.119719227196141,0.3
"1384",1384,0.0696346156308154,0.119587625321782,0.7
"1385",1385,0.0695752417845142,0.119445980583646,0.4
"1386",1386,0.0698026414678575,0.119741752583864,0.7
"1387",1387,0.0709153430003811,0.121148578190861,0.5
"1388",1388,0.070038077544638,0.119958470068436,0.5
"1389",1389,0.0703029142774675,0.120376265635793,0.7
"1390",1390,0.0694907868988303,0.11926948441349,0.6
"1391",1391,0.0697454782843053,0.120146602154242,0.6
"1392",1392,0.069618237584175,0.119958862613624,0.6
"1393",1393,0.0701917489079288,0.120384090238323,0.2
"1394",1394,0.0684289500415294,0.118135910054863,0.6
"1395",1395,0.0690908940628389,0.118775515273118,0.4
"1396",1396,0.0691655399133504,0.118902588473278,0.9
"1397",1397,0.0683697614629633,0.11786993979772,0.3
"1398",1398,0.0685435666909964,0.11825706804062,0.5
"1399",1399,0.0687091417929272,0.118007143988943,0.7
"1400",1400,0.0685347800346622,0.117981197053786,0.5
"1401",1401,0.0694270471060544,0.119162327083398,0.5
"1402",1402,0.0695857008374854,0.119166475721726,0.4
"1403",1403,0.0693934689064535,0.119130476077436,0.6
"1404",1404,0.0689987250750435,0.11852291393423,0.4
"1405",1405,0.069025299372758,0.118497240962604,0.6
"1406",1406,0.0691583170362742,0.118889326095791,0.6
"1407",1407,0.0687916050841386,0.118209259452936,0.4
"1408",1408,0.0677727994050929,0.117323732004036,0.5
"1409",1409,0.0681497415985811,0.117550791627301,0.8
"1410",1410,0.0682113458403344,0.117453918077785,0.5
"1411",1411,0.0681223765970442,0.117577370955866,0.3
"1412",1412,0.0678762618519937,0.117059215825316,0.4
"1413",1413,0.0684207733668889,0.117873078939359,0.5
"1414",1414,0.0684522736732666,0.117737245052318,0.4
"1415",1415,0.0683617979158559,0.117549746089772,0.6
"1416",1416,0.067891961008626,0.117147322028102,0.5
"1417",1417,0.0681401536418509,0.117568436130374,0.6
"1418",1418,0.0681617359804946,0.117427133595057,0.3
"1419",1419,0.0688098664805526,0.118516442043368,0.5
"1420",1420,0.0685360322173742,0.118188757216623,0.6
"1421",1421,0.0686730124383131,0.1182203029982,0.7
"1422",1422,0.0675424550380633,0.116851831720231,0.7
"1423",1423,0.0675948195827557,0.116569929890701,0.4
"1424",1424,0.0687391638420266,0.117763650975149,0.4
"1425",1425,0.06846141871189,0.117706677266086,0.8
"1426",1426,0.0688906842809328,0.118162272733405,0.5
"1427",1427,0.0685413733931977,0.117692710374363,0.4
"1428",1428,0.0682606560768079,0.117371469910791,0.7
"1429",1429,0.0684857796958828,0.11796976846084,0.4
"1430",1430,0.0701371651962598,0.119874675442769,0.2
"1431",1431,0.0696906427214823,0.119227456604226,0.7
"1432",1432,0.0688865013042013,0.11862314571631,0.3
"1433",1433,0.0682055152228329,0.117681221744396,0.3
"1434",1434,0.0681655755085701,0.117449289722672,0.6
"1435",1435,0.0694272124989469,0.118857323978129,0.6
"1436",1436,0.0693619931243336,0.119559524547151,0.4
"1437",1437,0.0686907515858878,0.118517142930873,0.4
"1438",1438,0.0683573620658197,0.11808669135405,0.5
"1439",1439,0.0675150232013887,0.116921535045026,0.6
"1440",1440,0.0687044368021625,0.118298950819637,0.6
"1441",1441,0.0691419604237493,0.118787116090812,0.4
"1442",1442,0.0686652295939438,0.118058950232726,0.5
"1443",1443,0.0680867229852818,0.117688126406586,0.7
"1444",1444,0.067821520287806,0.117392603908343,0.8
"1445",1445,0.0681252534081046,0.117614969626952,0.4
"1446",1446,0.0682927286121299,0.117776104272764,0.6
"1447",1447,0.0685417410284957,0.118074423458299,0.5
"1448",1448,0.0680864962896624,0.117570533492169,0.7
"1449",1449,0.0692517815519422,0.118834867977655,0.8
"1450",1450,0.06846603797333,0.117933001074723,0.6
"1451",1451,0.0684142765803194,0.118114048225344,0.6
"1452",1452,0.0692364671428954,0.118904162712329,0.4
"1453",1453,0.0695955579526861,0.119411639941467,0.3
"1454",1454,0.0701528802136144,0.120089599140997,0.7
"1455",1455,0.0693535112453604,0.119145903443286,0.5
"1456",1456,0.0696448535665822,0.119312640210506,0.3
"1457",1457,0.0694481032442421,0.119083466633368,0.5
"1458",1458,0.069284745867199,0.118988501946598,0.6
"1459",1459,0.0690816105604322,0.118632334543275,0.7
"1460",1460,0.0693323828070795,0.119009810411007,0.5
"1461",1461,0.0693247728990208,0.119163892808325,0.7
"1462",1462,0.0689554591008557,0.118630721455075,0.7
"1463",1463,0.0681608777298311,0.117735412055659,0.5
"1464",1464,0.0680899393235591,0.117488151702906,0.6
"1465",1465,0.0678525995574006,0.117394593263483,0.4
"1466",1466,0.0695185516341784,0.119564600576679,0.5
"1467",1467,0.0695668826196395,0.119482246600367,0.6
"1468",1468,0.0681529446375417,0.117605373489282,0.7
"1469",1469,0.0685987606211378,0.118276706730322,0.6
"1470",1470,0.0687348755525227,0.118596759457522,0.5
"1471",1471,0.0688194006573723,0.118498597071804,0.4
"1472",1472,0.0678848817490019,0.117467162120737,0.5
"1473",1473,0.0681178992702942,0.117717728662495,0.4
"1474",1474,0.0691771479602119,0.118941408038336,0.5
"1475",1475,0.0702556434047486,0.120130731537138,0.5
"1476",1476,0.0694407586569075,0.119358515538173,0.4
"1477",1477,0.0690992083989581,0.118789851674099,0.2
"1478",1478,0.0698017120110824,0.119648109612139,0.8
"1479",1479,0.06859964043601,0.118264956178661,0.6
"1480",1480,0.0679812527071101,0.117551496108639,0.7
"1481",1481,0.0675122568882405,0.11689549361852,0.6
"1482",1482,0.0679631653815792,0.117390921514241,0.6
"1483",1483,0.0687006509268402,0.118144119209376,0.3
"1484",1484,0.0698186621712623,0.119392013361898,0.5
"1485",1485,0.0699189425261202,0.119693165574962,0.5
"1486",1486,0.069630238695873,0.1194023443274,0.5
"1487",1487,0.0683782587158178,0.117841896835327,0.5
"1488",1488,0.068646587948478,0.118425441758918,0.4
"1489",1489,0.0692739743713178,0.119031083129019,0.3
"1490",1490,0.0690498190959263,0.118741723025751,0.6
"1491",1491,0.0690511368857659,0.118663075683946,0.9
"1492",1492,0.0686416340269454,0.1180502914628,0.3
"1493",1493,0.0680250621357506,0.117277710689148,0.5
"1494",1494,0.0681259284551762,0.117232112764261,0.4
"1495",1495,0.0681665122508034,0.117397554853391,0.4
"1496",1496,0.0686794071700076,0.118288419539735,0.5
"1497",1497,0.0692147706512214,0.118569981498685,0.4
"1498",1498,0.0687930225504794,0.118140874648293,0.7
"1499",1499,0.0697057822581119,0.119604601948149,0.3
"1500",1500,0.0693170942188945,0.118954552036017,0.6
"1501",1501,0.0676370815386216,0.116959565702715,0.6
"1502",1502,0.0689682497495908,0.118535410852084,0.5
"1503",1503,0.0704900268406607,0.120411440602829,0.2
"1504",1504,0.0695523568840335,0.119005905099585,0.7
"1505",1505,0.0697155529129802,0.119327553004865,0.6
"1506",1506,0.0698195077105139,0.119299186751233,0.7
"1507",1507,0.0688634239693303,0.118377235604964,0.8
"1508",1508,0.0685808530421046,0.117901859002985,0.5
"1509",1509,0.0685890852445921,0.117664277394512,0.4
"1510",1510,0.0687599154214139,0.118368633550878,0.5
"1511",1511,0.0679518974737141,0.117367952081397,0.7
"1512",1512,0.0677913628769746,0.117204529853508,0.6
"1513",1513,0.0687404980855174,0.118403213421015,0.5
"1514",1514,0.0686413103988647,0.118288978476952,0.3
"1515",1515,0.0690071613479486,0.119038630944572,0.8
"1516",1516,0.0685566412587104,0.118431552311065,0.3
"1517",1517,0.0684832021020389,0.118184584302811,0.4
"1518",1518,0.0685625160564841,0.118443348113241,0.5
"1519",1519,0.0679817020968165,0.117502519201236,0.3
"1520",1520,0.0681848628282168,0.117902466203844,0.4
"1521",1521,0.068435930754704,0.118156661276596,0.8
"1522",1522,0.068406615712971,0.11806157982345,0.7
"1523",1523,0.0685050812731707,0.118312809647963,0.7
"1524",1524,0.0679745101079126,0.117331159837942,0.4
"1525",1525,0.0680863616806485,0.117697626716988,0.5
"1526",1526,0.0678619827623166,0.117303307505237,0.6
"1527",1527,0.0682064982694308,0.117474594834166,0.4
"1528",1528,0.06904670309574,0.118649020390947,0.6
"1529",1529,0.0673968823843474,0.116609674286479,0.6
"1530",1530,0.0677751352033293,0.116999952217366,0.4
"1531",1531,0.0687291597725074,0.118293658761884,0.5
"1532",1532,0.0684267449451543,0.117777035356296,0.7
"1533",1533,0.0677680786874349,0.11725086975872,0.6
"1534",1534,0.0673526831738501,0.116432547816906,0.8
"1535",1535,0.0678339108307083,0.117120735476239,0.7
"1536",1536,0.0679505730752118,0.117283257618439,0.4
"1537",1537,0.0683887602360638,0.117954262287659,0.3
"1538",1538,0.067901723700179,0.11738847859312,0.6
"1539",1539,0.0684583700289107,0.118195804996682,0.7
"1540",1540,0.0688031542562015,0.118720385563574,0.1
"1541",1541,0.068738598507085,0.118422284433982,0.4
"1542",1542,0.0691771889895114,0.119088625527191,0.5
"1543",1543,0.0683686944344783,0.117923809444924,0.4
"1544",1544,0.0677420042945941,0.117084653363571,0.5
"1545",1545,0.0674455304977946,0.116720558034845,0.2
"1546",1546,0.0677026679550914,0.117411693315971,0.5
"1547",1547,0.0678999184101096,0.117782886898347,0.4
"1548",1548,0.0684087952488967,0.11828681343022,0.6
"1549",1549,0.0682539254742032,0.11789826330971,0.6
"1550",1550,0.068597165399088,0.118429843717064,0.6
"1551",1551,0.0685080163683228,0.118342065771034,0.5
"1552",1552,0.0683677334024694,0.117969800776663,0.4
"1553",1553,0.0690000873860218,0.118919310940901,0.6
"1554",1554,0.0692041145763597,0.119027590642045,0.5
"1555",1555,0.0687966365048339,0.118664123343382,0.6
"1556",1556,0.0678421094728688,0.117403747933686,0.3
"1557",1557,0.0680651534631112,0.117575981757072,0.6
"1558",1558,0.0689997154542723,0.118602121456838,0.8
"1559",1559,0.0680202611924701,0.117229098215661,0.4
"1560",1560,0.0685236007073799,0.117751177240582,0.3
"1561",1561,0.0676677763032193,0.116708566787375,0.6
"1562",1562,0.0671844255994763,0.116085014508761,0.3
"1563",1563,0.0671082326173119,0.116056192513953,0.4
"1564",1564,0.0682052912222953,0.117347715792549,0.5
"1565",1565,0.0675723239125852,0.117000699921115,0.2
"1566",1566,0.0678069916196903,0.116994753820661,0.6
"1567",1567,0.0682630510126213,0.117674749324157,0.5
"1568",1568,0.0683286051992636,0.117671043197794,0.6
"1569",1569,0.0687072715377257,0.118360611505741,0.2
"1570",1570,0.0683742440365139,0.11769277817098,0.7
"1571",1571,0.0680083773495174,0.117188238983048,0.4
"1572",1572,0.0678325101042009,0.116966585923009,0.3
"1573",1573,0.0677928040156286,0.116807439081944,0.4
"1574",1574,0.0682750968419035,0.117317941923336,0.7
"1575",1575,0.0680788800489103,0.117429780870657,0.7
"1576",1576,0.0687707831974384,0.118535371629983,0.4
"1577",1577,0.0682004660053322,0.117618825077651,0.6
"1578",1578,0.067746446232208,0.1175208252761,0.7
"1579",1579,0.0682662255885252,0.117642400274508,0.2
"1580",1580,0.0685417139441398,0.117985628564858,0.8
"1581",1581,0.0684019322193248,0.117943228451871,0.5
"1582",1582,0.0681176957268867,0.117450726793213,0.5
"1583",1583,0.0681257831617636,0.117295401841375,0.8
"1584",1584,0.0682783529189458,0.117497573684,0.7
"1585",1585,0.0689868247515627,0.118487753066744,0.3
"1586",1586,0.0702907345974315,0.120606531869884,0.5
"1587",1587,0.069643967438724,0.119529783525211,0.5
"1588",1588,0.0688697820458177,0.118462567244621,0.6
"1589",1589,0.0685807075129852,0.118092704521062,0.7
"1590",1590,0.068658367455018,0.118067696280937,0.6
"1591",1591,0.0688344559567559,0.118442326873352,0.5
"1592",1592,0.0683638294648264,0.117818032951579,0.5
"1593",1593,0.0683743279741451,0.117974006778344,0.6
"1594",1594,0.0678389095047997,0.117359389466095,0.3
"1595",1595,0.0688820736460848,0.118294656748183,0.4
"1596",1596,0.0681566112988801,0.117353502420255,0.4
"1597",1597,0.0693174790439039,0.119106343377356,0.5
"1598",1598,0.0694105869482345,0.119269158700879,0.6
"1599",1599,0.0690067079028568,0.118578946676337,0.8
"1600",1600,0.0683233637736627,0.117702422069783,0.6
"1601",1601,0.0682426698392708,0.117698499455295,0.5
"1602",1602,0.0684402296060335,0.118222924288018,0.1
"1603",1603,0.0692778878763482,0.119442939376701,0.4
"1604",1604,0.0692782427808009,0.119544386978369,0.7
"1605",1605,0.068157352419381,0.117865395158181,0.4
"1606",1606,0.0680881393751841,0.117565853412754,0.5
"1607",1607,0.0680251842750649,0.117476863351513,0.7
"1608",1608,0.0685741451364696,0.118283698279337,0.7
"1609",1609,0.068727509541825,0.118272665346011,0.3
"1610",1610,0.0685772134493273,0.118262407192774,0.6
"1611",1611,0.0680509554094947,0.117414179290095,0.4
"1612",1612,0.0686847486093068,0.118259420478536,0.5
"1613",1613,0.0680717647789136,0.117395037623112,0.7
"1614",1614,0.0671694683691268,0.116326991192593,0.4
"1615",1615,0.067876130128719,0.117193020690417,0.4
"1616",1616,0.0673917009447883,0.116475118325457,0.6
"1617",1617,0.0684926519560136,0.117766136773722,0.3
"1618",1618,0.0682119448402958,0.117507728565581,0.8
"1619",1619,0.0679774042742796,0.117391243491741,0.4
"1620",1620,0.0680019354308588,0.117468867513492,0.4
"1621",1621,0.0674153935928416,0.116914298423762,0.6
"1622",1622,0.0674615461325452,0.116657818130327,0.7
"1623",1623,0.0677459156249592,0.117044874872483,0.2
"1624",1624,0.067591500184328,0.11698176419482,0.5
"1625",1625,0.0680969410274504,0.117780003401294,0.6
"1626",1626,0.0686142935962335,0.118218308844056,0.6
"1627",1627,0.068025498094394,0.117536928674633,0.4
"1628",1628,0.0685833720563831,0.118169196782291,0.4
"1629",1629,0.0688132698403928,0.11845150605065,0.3
"1630",1630,0.0690427340262585,0.118427756117962,0.3
"1631",1631,0.0691876744548399,0.118903615200551,0.5
"1632",1632,0.0703666373104672,0.120411220320839,0.6
"1633",1633,0.0694000628079337,0.119175027850618,0.6
"1634",1634,0.0689284924431747,0.118565167553675,0.5
"1635",1635,0.0689055637215771,0.118353553220698,0.5
"1636",1636,0.0687005897314626,0.118099939619552,0.4
"1637",1637,0.0685029258095221,0.117835227889602,0.4
"1638",1638,0.0699366159455518,0.119526980925001,0.5
"1639",1639,0.0696995386551326,0.11918087336027,0.6
"1640",1640,0.0702356394144052,0.11994524309401,0.6
"1641",1641,0.0699911066900822,0.119664832895659,0.5
"1642",1642,0.0698235655346496,0.119618415481285,0.7
"1643",1643,0.0695588834334208,0.119206988649438,0.5
"1644",1644,0.0687950654824715,0.118245847273552,0.7
"1645",1645,0.068573616664279,0.117918135852355,0.6
"1646",1646,0.0688952773739127,0.118349200782682,0.5
"1647",1647,0.0692999235511567,0.118787360637167,0.5
"1648",1648,0.0697444741022629,0.119375384408029,0.6
"1649",1649,0.0689409113040767,0.11849657089491,0.8
"1650",1650,0.068601190981716,0.118192971175506,0.3
"1651",1651,0.0688364057578421,0.118532111794537,0.5
"1652",1652,0.068037199334172,0.117001406648178,0.5
"1653",1653,0.0690060395407552,0.118296966171246,0.2
"1654",1654,0.0687618321873006,0.117948890624287,0.5
"1655",1655,0.0691520494642981,0.118413488735354,0.7
"1656",1656,0.0689842289187705,0.118548294463175,0.4
"1657",1657,0.0687655046646812,0.118322680978845,0.6
"1658",1658,0.0698112000261929,0.119596685829388,0.5
"1659",1659,0.0690779287638074,0.118748717335033,0.4
"1660",1660,0.069165858263247,0.118903538323843,0.5
"1661",1661,0.0691700391155501,0.118977577355415,0.5
"1662",1662,0.0688962982584661,0.118489299423767,0.6
"1663",1663,0.06879755551791,0.118464697924413,0.6
"1664",1664,0.0688918764811558,0.118342932813956,0.5
"1665",1665,0.0678721719622301,0.117304174054557,0.6
"1666",1666,0.0677913986504237,0.117038798131069,0.4
"1667",1667,0.0675196415695483,0.116753165001463,0.9
"1668",1668,0.0682576894245867,0.118025531795686,0.5
"1669",1669,0.0695490801248761,0.119587966654511,0.3
"1670",1670,0.0692440329013808,0.119412118116653,0.5
"1671",1671,0.0696041030680831,0.119675323800893,0.2
"1672",1672,0.0697752347283671,0.119657910342107,0.3
"1673",1673,0.069316614594418,0.118786022924716,0.8
"1674",1674,0.0681400928730668,0.117450493880509,0.5
"1675",1675,0.0681423985440411,0.117710921690795,0.7
"1676",1676,0.0678867853178084,0.11707791650318,0.3
"1677",1677,0.0681550235738106,0.117476307732175,0.3
"1678",1678,0.0683701752069802,0.117792338091592,0.6
"1679",1679,0.0689325875734982,0.118762960791281,0.5
"1680",1680,0.0690106702771244,0.118839482570175,0.4
"1681",1681,0.069393043635369,0.11951641347505,0.6
"1682",1682,0.0690285039049995,0.118608866974392,0.4
"1683",1683,0.0683470119181646,0.117512377976687,0.5
"1684",1684,0.0680991191819268,0.117207905123572,0.4
"1685",1685,0.0689526898496687,0.118217974089739,0.5
"1686",1686,0.0680378025229546,0.11716913027248,0.5
"1687",1687,0.0678935423766726,0.116982881237131,0.5
"1688",1688,0.068352781245326,0.117832263929491,0.3
"1689",1689,0.06855703020903,0.117981483479381,0.8
"1690",1690,0.0680167516227966,0.117172459584324,0.6
"1691",1691,0.0683594652858124,0.117754121070265,0.4
"1692",1692,0.0680261668493154,0.117345912857273,0.3
"1693",1693,0.0678601762989968,0.117269354120227,0.8
"1694",1694,0.067914789107433,0.11716621242718,0.3
"1695",1695,0.0692819063635311,0.119138498980924,0.3
"1696",1696,0.0684483002097617,0.11797218977928,0.5
"1697",1697,0.0682171155941222,0.117686554732332,0.8
"1698",1698,0.0679272789863608,0.117349170813073,0.5
"1699",1699,0.0679401181639963,0.117089948656525,0.5
"1700",1700,0.0685991281040137,0.117790330085385,0.3
"1701",1701,0.068429726540681,0.117703979291274,0.3
"1702",1702,0.0685693237035784,0.117905523831701,0.8
"1703",1703,0.0685552316819969,0.118123162455093,0.6
"1704",1704,0.0683929104462687,0.117849986074505,0.7
"1705",1705,0.0695332507477378,0.119173073339123,0.5
"1706",1706,0.0683330755093707,0.117466478901284,0.5
"1707",1707,0.067866055634604,0.116892313824029,0.3
"1708",1708,0.0683876674334946,0.117738719345429,0.5
"1709",1709,0.0679567851261737,0.117104012095506,0.4
"1710",1710,0.0676467371997637,0.116622048229774,0.6
"1711",1711,0.067393358200889,0.116115300795061,0.3
"1712",1712,0.0669927942245938,0.115666371471188,0.6
"1713",1713,0.0684466366736871,0.117466739015987,0.2
"1714",1714,0.067517809693559,0.116283555319417,0.3
"1715",1715,0.0671805429664146,0.115960602752515,0.4
"1716",1716,0.0671826662615309,0.116160655069948,0.5
"1717",1717,0.0674487887590641,0.116650571513952,0.2
"1718",1718,0.066833136755547,0.115735395557405,0.5
"1719",1719,0.0668619184170949,0.115816000548285,0.3
"1720",1720,0.067631649675679,0.116669088262965,0.6
"1721",1721,0.0682516746606075,0.11729282689131,0.2
"1722",1722,0.0687101840745838,0.117970561063585,0.4
"1723",1723,0.0682259262473863,0.117533541198759,0.5
"1724",1724,0.0678007399304365,0.117131054143578,0.6
"1725",1725,0.0682538840005052,0.117776920201287,0.6
"1726",1726,0.0677752583384936,0.116984960571287,0.4
"1727",1727,0.068644696832955,0.117947218004946,0.7
"1728",1728,0.0694311776029981,0.119255043516085,0.3
"1729",1729,0.0683781836973593,0.118166573630156,0.6
"1730",1730,0.0671121993057469,0.116440852960148,0.5
"1731",1731,0.0671605237881678,0.116554682619008,0.3
"1732",1732,0.0673574423362145,0.11671728565845,0.8
"1733",1733,0.068373010987575,0.117970403584679,0.4
"1734",1734,0.0691225902226365,0.118787344233753,0.5
"1735",1735,0.0693816241045171,0.118976077915507,0.4
"1736",1736,0.0690604910704897,0.11849710242066,0.6
"1737",1737,0.0688155043246214,0.1182536515825,0.6
"1738",1738,0.0689359509797421,0.118498959047815,0.7
"1739",1739,0.0680193691387961,0.117368207928356,0.3
"1740",1740,0.0680586504878414,0.117284797564384,0.3
"1741",1741,0.0681208655749969,0.11736761946906,0.4
"1742",1742,0.0680622993157423,0.117266487736361,0.3
"1743",1743,0.0686915839141197,0.117886925497683,0.5
"1744",1744,0.0687097320948634,0.117873808921792,0.7
"1745",1745,0.0679771820181265,0.116989714254179,0.5
"1746",1746,0.0696294704896122,0.119618289755879,0.3
"1747",1747,0.0690381472637778,0.118679855110972,0.4
"1748",1748,0.0690177219168647,0.118848995629745,0.5
"1749",1749,0.0683103402640789,0.117624272277043,0.6
"1750",1750,0.068394422840203,0.117988041670668,0.2
"1751",1751,0.0683090661582733,0.117841451752473,0.5
"1752",1752,0.0693919666396657,0.118975745218286,0.6
"1753",1753,0.0684681143488981,0.117717765435795,0.8
"1754",1754,0.0678671968520523,0.117080887277007,0.5
"1755",1755,0.0679912319171188,0.117449592464478,0.4
"1756",1756,0.0679607567390436,0.117339646162341,0.6
"1757",1757,0.0681441861924629,0.117319767975943,0.4
"1758",1758,0.0688815157042314,0.118381388241654,0.5
"1759",1759,0.0686253616525099,0.117952239021743,0.5
"1760",1760,0.0687667622065662,0.118132038188659,0.4
"1761",1761,0.0685296334136013,0.117869760331565,0.4
"1762",1762,0.0683386739221483,0.117832955277343,0.4
"1763",1763,0.0681695084706797,0.117523712366449,0.3
"1764",1764,0.0677683571742221,0.117064965536516,0.7
"1765",1765,0.0680758604690784,0.117020690865194,0.7
"1766",1766,0.0686144819667323,0.117759828147191,0.5
"1767",1767,0.0685655722259608,0.118026829948967,0.6
"1768",1768,0.0686673071245919,0.117982891895921,0.7
"1769",1769,0.0683302254830505,0.117744971398327,0.4
"1770",1770,0.0687885248548754,0.118295553857942,0.6
"1771",1771,0.0692654172152785,0.118586406383275,0.5
"1772",1772,0.0685878450259781,0.117876964042763,0.6
"1773",1773,0.0683041028848695,0.117468806029462,0.7
"1774",1774,0.0686493782219852,0.118016718333613,0.2
"1775",1775,0.0679009803102465,0.117098011425406,0.5
"1776",1776,0.0680178232232988,0.11729779483834,0.7
"1777",1777,0.0679450128185253,0.117056278028827,0.5
"1778",1778,0.0679406885584528,0.117036723327355,0.4
"1779",1779,0.0680638698569615,0.117248358530109,0.3
"1780",1780,0.0684106452401899,0.117825320765454,0.7
"1781",1781,0.0678678427472549,0.117084232296584,0.7
"1782",1782,0.067619083554247,0.117095441620674,0.5
"1783",1783,0.0669814430396498,0.116197353635521,0.4
"1784",1784,0.0678851453213651,0.117323668637333,0.5
"1785",1785,0.0678765103484503,0.117384475810692,0.4
"1786",1786,0.0671494238421014,0.116357690359091,0.6
"1787",1787,0.0675397231024515,0.116441411130156,0.5
"1788",1788,0.067936609843103,0.116980273069695,0.1
"1789",1789,0.0674213019792325,0.116533455605406,0.5
"1790",1790,0.0682322346679846,0.117637698114545,0.3
"1791",1791,0.0688714229068632,0.11841870192586,0.4
"1792",1792,0.0692196148471418,0.118936073086263,0.4
"1793",1793,0.0689382450094852,0.11857068194145,0.4
"1794",1794,0.0691583653646423,0.118819442840384,0.2
"1795",1795,0.06838642148096,0.117733247961081,0.3
"1796",1796,0.0684439015790234,0.117865322621234,0.3
"1797",1797,0.0674951555267072,0.116935684848474,0.7
"1798",1798,0.0668426816614281,0.116015505661539,0.3
"1799",1799,0.0677637543145389,0.11706552332219,0.5
"1800",1800,0.0674432096044827,0.116842251152491,0.7
"1801",1801,0.0682680622838559,0.117656348124346,0.3
"1802",1802,0.0689705262766708,0.118593487972636,0.7
"1803",1803,0.0682699925541563,0.117569135687774,0.3
"1804",1804,0.0675438132300825,0.116661582951811,0.6
"1805",1805,0.0675783318288839,0.116728559107502,0.6
"1806",1806,0.0673782234386923,0.116464214947689,0.5
"1807",1807,0.067629772381753,0.116890819893618,0.5
"1808",1808,0.0683067034553696,0.117714727578462,0.5
"1809",1809,0.0673390403556432,0.116649078581412,0.9
"1810",1810,0.067760692489438,0.117076937993915,0.2
"1811",1811,0.0689251541658577,0.118424403528476,0.4
"1812",1812,0.0689622652418022,0.118435340226561,0.7
"1813",1813,0.0684291866905025,0.117761606906236,0.7
"1814",1814,0.0687405969335139,0.118090808230581,0.5
"1815",1815,0.0682441736075858,0.117538812779055,0.5
"1816",1816,0.0688771786027777,0.118492692173425,0.5
"1817",1817,0.0692127989128536,0.118842357269655,0.4
"1818",1818,0.0692166763096599,0.118739864870923,0.4
"1819",1819,0.0688980604734449,0.118656701101545,0.4
"1820",1820,0.0684251693963426,0.118173973398765,0.3
"1821",1821,0.0688084000748793,0.118484975859057,0.3
"1822",1822,0.0683607527802157,0.117887053161502,0.7
"1823",1823,0.0687671446254028,0.118031801772047,0.3
"1824",1824,0.0688587594905876,0.118055417903594,0.4
"1825",1825,0.0681767746444072,0.117401615745594,0.9
"1826",1826,0.0687102960632789,0.117865851682173,0.8
"1827",1827,0.0683856114897148,0.117234037300875,0.6
"1828",1828,0.0691368623557892,0.118360278168567,0.8
"1829",1829,0.0685856342933748,0.117754955475538,0.4
"1830",1830,0.0688160342178577,0.117942340242645,0.6
"1831",1831,0.0693000133872923,0.118782967249543,0.3
"1832",1832,0.0683976340322857,0.117714821742148,0.5
"1833",1833,0.0679321181981504,0.116917154791347,0.4
"1834",1834,0.0678937875404374,0.116880185184306,0.5
"1835",1835,0.0681942564359578,0.117034477128735,0.5
"1836",1836,0.0685338603971822,0.117588847278088,0.5
"1837",1837,0.0683221421514597,0.117216058115195,0.5
"1838",1838,0.0686781281751889,0.117861661906875,0.2
"1839",1839,0.0699466772655141,0.119387707432115,0.3
"1840",1840,0.0694919061952825,0.11880343012649,0.6
"1841",1841,0.0704127011536186,0.119995832628577,0.8
"1842",1842,0.0695306441709309,0.11873871036394,0.5
"1843",1843,0.0687658245970743,0.118234917047798,0.4
"1844",1844,0.0691967594334793,0.118518140987074,0.7
"1845",1845,0.0682794809240851,0.117443850850794,0.5
"1846",1846,0.0683401887750396,0.117400523237186,0.4
"1847",1847,0.068850625718955,0.118068782037119,0.7
"1848",1848,0.0680399688339012,0.117178966382201,0.4
"1849",1849,0.0682536411572213,0.117493679847726,0.7
"1850",1850,0.0681245415235462,0.117194613223685,0.8
"1851",1851,0.0690925297452525,0.118550860890075,0.2
"1852",1852,0.0693715379019196,0.118839974932076,0.5
"1853",1853,0.0689564427098959,0.118129275817719,0.2
"1854",1854,0.0696063860584245,0.119175744028477,0.6
"1855",1855,0.0685666989414385,0.117869638925357,0.5
"1856",1856,0.0689619407547278,0.118172073046426,0.5
"1857",1857,0.067581253161517,0.11683189692817,0.4
"1858",1858,0.0672589121467932,0.116531868657413,0.5
"1859",1859,0.0685499698101703,0.118134931988885,0.2
"1860",1860,0.0679144713188468,0.117113901265085,0.4
"1861",1861,0.0676967148749897,0.116756367264435,0.3
"1862",1862,0.0674634946864145,0.11650210788466,0.6
"1863",1863,0.0683217627992761,0.117517819945329,0.3
"1864",1864,0.0692623365758323,0.1187707655112,0.5
"1865",1865,0.0684500528784979,0.117697044264706,0.9
"1866",1866,0.0677093484162969,0.116813499919491,0.3
"1867",1867,0.0680423885228684,0.117119405902508,0.5
"1868",1868,0.0679549371037515,0.117208983606247,0.7
"1869",1869,0.0681212655099218,0.117381150948514,0.3
"1870",1870,0.0681899386339423,0.117369472744395,0.4
"1871",1871,0.0676264791685791,0.116552957793659,0.3
"1872",1872,0.0689587674368451,0.118387166101457,0.5
"1873",1873,0.0681988823625114,0.117396579349096,0.6
"1874",1874,0.0675741388091446,0.11651374397791,0.3
"1875",1875,0.0673029549211959,0.116316698357821,0.4
"1876",1876,0.0684033440737034,0.117801207430243,0.5
"1877",1877,0.0684886499551022,0.118024319860741,0.6
"1878",1878,0.0689805867003253,0.118686506950044,0.3
"1879",1879,0.068498879477417,0.118164995304653,0.6
"1880",1880,0.0681931218511178,0.117737017840576,0.5
"1881",1881,0.067986305276869,0.117384511502933,0.3
"1882",1882,0.0686224813748775,0.118086798637124,0.7
"1883",1883,0.0684834734122874,0.117826903847964,0.6
"1884",1884,0.0676862078405014,0.116872124656177,0.6
"1885",1885,0.0690645764578553,0.118900991612554,0.6
"1886",1886,0.0691505953220385,0.11886786092986,0.3
"1887",1887,0.0684170161311912,0.117723597066717,0.5
"1888",1888,0.0679498327629122,0.117123042641116,0.4
"1889",1889,0.0688196800910221,0.118276204798288,0.1
"1890",1890,0.0690520688579827,0.118708725206108,0.5
"1891",1891,0.0690739741840306,0.118659185464517,0.4
"1892",1892,0.0682783348200915,0.117547598001949,0.4
"1893",1893,0.0690543235877348,0.118321950658192,0.5
"1894",1894,0.0689112521870568,0.118283700919616,0.5
"1895",1895,0.0689885068895405,0.118156423464685,0.5
"1896",1896,0.0685743420322428,0.117825190800379,0.2
"1897",1897,0.0687802806416034,0.118035065368816,0.4
"1898",1898,0.0684474594193782,0.117567557715286,0.5
"1899",1899,0.0689603471922758,0.118164045647054,0.5
"1900",1900,0.0686025805469902,0.117774911395029,0.7
"1901",1901,0.0691050182539568,0.118502349492414,0.6
"1902",1902,0.0686781899884901,0.1179725875888,0.6
"1903",1903,0.0677056984772392,0.116690627726664,0.4
"1904",1904,0.0675514935994077,0.116490738367128,0.5
"1905",1905,0.0680641778013178,0.117222640534772,0.5
"1906",1906,0.0684586297678661,0.117599821608351,0.6
"1907",1907,0.0688866875678619,0.118180692559054,0.7
"1908",1908,0.0684378835761003,0.117783578314299,0.6
"1909",1909,0.0680402225644493,0.1173678634837,0.5
"1910",1910,0.0677285832510716,0.117074907464716,0.7
"1911",1911,0.0677032578935531,0.117150097593345,0.5
"1912",1912,0.0687716667146771,0.118485485107379,0.4
"1913",1913,0.0694183534499063,0.119040890903929,0.5
"1914",1914,0.0684865744917208,0.118166632123367,0.2
"1915",1915,0.0680674953873426,0.117389066323492,0.6
"1916",1916,0.0681600789544655,0.117384601538643,0.3
"1917",1917,0.068294842859322,0.117629634930162,0.5
"1918",1918,0.0688644347241342,0.118273564795633,0.6
"1919",1919,0.0687618801971818,0.118131457715062,0.4
"1920",1920,0.068636361298601,0.117711767955923,0.2
"1921",1921,0.0675853384425441,0.116435350001676,0.6
"1922",1922,0.0679978101663845,0.11687872157094,0.5
"1923",1923,0.0689850200430125,0.118272791571815,0.4
"1924",1924,0.0694227061846107,0.118774474683418,0.6
"1925",1925,0.0689144130201039,0.118235744269642,0.7
"1926",1926,0.0687901744127168,0.118197001261257,0.9
"1927",1927,0.0698042670253653,0.119859626747258,0.7
"1928",1928,0.0691802446366021,0.119164694674878,0.4
"1929",1929,0.0690295351777122,0.118716312167876,0.6
"1930",1930,0.068576991670816,0.118156329934968,0.6
"1931",1931,0.0682219109938871,0.11765673968355,0.5
"1932",1932,0.0686988181494108,0.118172695485955,0.2
"1933",1933,0.0686988672880014,0.118332540281434,0.3
"1934",1934,0.0691369640885673,0.11883322100856,0.3
"1935",1935,0.068223794072083,0.117589969533153,0.5
"1936",1936,0.0683665521879007,0.117727782394954,0.5
"1937",1937,0.0693809319148661,0.118722553673375,0.3
"1938",1938,0.0687804073256771,0.11810731755552,0.8
"1939",1939,0.0687963171304553,0.11817160229984,0.6
"1940",1940,0.0686964589144394,0.117905844408707,0.2
"1941",1941,0.0686918176207068,0.117782146073841,0.4
"1942",1942,0.0683906154045466,0.117471583793479,0.5
"1943",1943,0.0682927031821819,0.117568207636663,0.4
"1944",1944,0.0684186442112823,0.117607919050571,0.2
"1945",1945,0.0676646458826755,0.116800384778675,0.5
"1946",1946,0.067541671689025,0.116817119532113,0.7
"1947",1947,0.0682294076843879,0.117578655538106,0.5
"1948",1948,0.0688960660596354,0.118348465772595,0.6
"1949",1949,0.0678442908464789,0.117025235108571,0.5
"1950",1950,0.0677826128998536,0.116719563142512,0.2
"1951",1951,0.067256903151629,0.116215387408949,0.7
"1952",1952,0.0673760241365363,0.116275549792693,0.6
"1953",1953,0.0669106132809859,0.115681691180376,0.3
"1954",1954,0.0678628600796006,0.116896992989645,0.4
"1955",1955,0.0684104139097046,0.117699453181484,0.2
"1956",1956,0.0677052512489395,0.11703468604681,0.2
"1957",1957,0.0690848428714683,0.1188634776408,0.6
"1958",1958,0.0686397163356254,0.118225153397658,0.7
"1959",1959,0.069033006178051,0.118817130458975,0.5
"1960",1960,0.0678120067971908,0.117115043449571,0.8
"1961",1961,0.0676580030947928,0.116957655373977,0.5
"1962",1962,0.0671883015218704,0.116412823807835,0.6
"1963",1963,0.0674653628108786,0.1168760272094,0.7
"1964",1964,0.0672726025989701,0.116719768054613,0.4
"1965",1965,0.0679669252529518,0.117518524940699,0.5
"1966",1966,0.0679827073161236,0.117372673789853,0.5
"1967",1967,0.0674052950844999,0.116590245005967,1
"1968",1968,0.0673145172033929,0.116639758277677,0.4
"1969",1969,0.0683187698897459,0.117811166544984,0.5
"1970",1970,0.0686920905134925,0.118304545355049,0.4
"1971",1971,0.0681980020650874,0.117720460520239,0.7
"1972",1972,0.069245569739244,0.119153857367284,0.6
"1973",1973,0.0682059963463199,0.117798307942821,0.3
"1974",1974,0.0683237712788585,0.117832021773616,0.5
"1975",1975,0.0682772551599504,0.118018287269491,0.5
"1976",1976,0.068525110788603,0.118507656982867,0.4
"1977",1977,0.068553740108965,0.118418852939899,0.3
"1978",1978,0.0681696054108349,0.117906976829672,0.6
"1979",1979,0.0676574930124168,0.117040675596069,0.4
"1980",1980,0.0682126196382994,0.117807605096251,0.7
"1981",1981,0.0685369021607388,0.118375446775704,0.6
"1982",1982,0.0681912347349597,0.117685360738215,0.4
"1983",1983,0.0683058958308338,0.117836048849824,0.5
"1984",1984,0.0678809691042614,0.117339561958113,0.2
"1985",1985,0.0683715144075404,0.117924961278333,0.3
"1986",1986,0.0687773655482983,0.118328698599792,0.4
"1987",1987,0.0686158048650886,0.118097041433411,0.4
"1988",1988,0.0693388082240675,0.119046803358763,0.3
"1989",1989,0.0693124060037344,0.118896886349592,0.6
"1990",1990,0.0687689358343186,0.118158133621243,0.4
"1991",1991,0.0685983487612255,0.118274638058821,0.3
"1992",1992,0.0684563476162005,0.118051004050469,0.7
"1993",1993,0.0689597314595397,0.118657515822271,0.4
"1994",1994,0.067312666906689,0.116725626064105,0.5
"1995",1995,0.0681865110169839,0.117579895021199,0.5
"1996",1996,0.0682445673304563,0.117587634508705,0.6
"1997",1997,0.0682704082571178,0.117649931337673,0.4
"1998",1998,0.0680729446405384,0.117512939505669,0.4
"1999",1999,0.0688827518930705,0.118461114205999,0.3
"2000",2000,0.068997920096988,0.118558767581805,0.5
