"","time","mean_MR_mean_summ","mean_MR_sd_summ","mean_maladaptation_time"
"1",1,0.718806875034087,0.281007256301662,0.6
"2",2,0.718597314689076,0.277790984869862,0.5
"3",3,0.717102700312548,0.277339859037415,0.7
"4",4,0.712177415119152,0.27914997189181,0.6
"5",5,0.718989529669814,0.276483455817545,0.3
"6",6,0.713508067682007,0.277593112557259,0.4
"7",7,0.717303561086714,0.276315204277119,0.7
"8",8,0.713315534272634,0.276047510733089,0.4
"9",9,0.708968093384347,0.276334427289731,0.6
"10",10,0.706916365392791,0.278446417378358,0.4
"11",11,0.709278073740154,0.278483881817001,0.6
"12",12,0.714890808389365,0.274987255113861,0.7
"13",13,0.709536601157199,0.274795336550842,0.5
"14",14,0.707661377118057,0.276128580705236,0.4
"15",15,0.707766967066905,0.27366664707743,0.7
"16",16,0.708008218684779,0.275061412755613,0.6
"17",17,0.707805994062597,0.276356028747887,0.3
"18",18,0.709293550552611,0.276115891701637,0.6
"19",19,0.709134328885288,0.274072825647912,0.6
"20",20,0.708198889577148,0.273452800851036,0.6
"21",21,0.705253357079675,0.273023956243836,0.4
"22",22,0.704778884195237,0.27365412723874,0.4
"23",23,0.707544684800342,0.27200624621429,0.6
"24",24,0.700836294742138,0.274137829669796,0.3
"25",25,0.706843004399247,0.271894074705431,0.6
"26",26,0.707063521541885,0.273340501451181,0.2
"27",27,0.70878751433553,0.2712040743777,0.4
"28",28,0.707537947445265,0.27002193355194,0.7
"29",29,0.711354047990072,0.268206421953891,0.6
"30",30,0.709419637924435,0.269884450558002,0.6
"31",31,0.710738517994026,0.26974131280234,0.6
"32",32,0.708689100664661,0.270111082690087,0.7
"33",33,0.707550630330967,0.270112525038795,0.4
"34",34,0.708269309238653,0.269776909347641,0.4
"35",35,0.706310001402639,0.270397651367203,0.5
"36",36,0.702553687082331,0.270495096339312,0.7
"37",37,0.702078956651692,0.270396461469638,0.5
"38",38,0.702925416173972,0.269301383633665,0.8
"39",39,0.704924048945358,0.269060622491857,0.4
"40",40,0.705852776207989,0.269278393202548,0.3
"41",41,0.702230493038529,0.269279633056998,0.5
"42",42,0.701144393125022,0.271251128663379,0.2
"43",43,0.702788158826307,0.269731860465194,0.3
"44",44,0.704614827129491,0.268218353658612,0.3
"45",45,0.700664788705986,0.270216883701755,0.5
"46",46,0.703583472125224,0.269064857125646,0.6
"47",47,0.701778566140401,0.270227952315791,0.7
"48",48,0.703528247366844,0.268297314512105,0.3
"49",49,0.703096164833764,0.266869192864593,0.8
"50",50,0.699954373819142,0.268750910463815,0.6
"51",51,0.700380676709311,0.268905535650102,0.5
"52",52,0.701271658361464,0.2683423044018,0.5
"53",53,0.704014050086186,0.266865761394899,0.6
"54",54,0.704759052199693,0.266779283701595,0.6
"55",55,0.702939787885116,0.266709585312387,0.6
"56",56,0.699287818732321,0.266774674677352,0.4
"57",57,0.703363023456524,0.26453097324897,0.3
"58",58,0.703525541385302,0.264367196091288,0.7
"59",59,0.704500247417355,0.265375020864467,0.5
"60",60,0.700805821162047,0.265234552452082,0.6
"61",61,0.702560266275602,0.26511624309229,0.5
"62",62,0.700019948115426,0.265886795848252,0.7
"63",63,0.70114791133585,0.265118367967792,0.4
"64",64,0.697075089351685,0.266411370421868,0.6
"65",65,0.700595751491971,0.265144873219131,0.6
"66",66,0.703734472890548,0.265312436591976,0.6
"67",67,0.700554060290754,0.265692747715179,0.7
"68",68,0.703248781255616,0.264382445829907,0.6
"69",69,0.702681099519435,0.263181994551422,0.6
"70",70,0.702969926941571,0.263469435748809,0.6
"71",71,0.703770060198409,0.262992143925457,0.6
"72",72,0.70004541705559,0.263973003044445,0.2
"73",73,0.700778643679705,0.263585491851102,0.3
"74",74,0.70215557784438,0.262309184964481,0.7
"75",75,0.700377671155267,0.261997127700161,0.6
"76",76,0.697306878461231,0.262707890122009,0.3
"77",77,0.700695017401895,0.26212857193816,0.6
"78",78,0.704504853202352,0.260896066775064,0.6
"79",79,0.703416109659943,0.260530496252171,0.6
"80",80,0.700947739081497,0.260866735610785,0.7
"81",81,0.695779371264236,0.262454672597532,0.3
"82",82,0.694528133748053,0.263595906537683,0.5
"83",83,0.695043389255187,0.262007287068147,0.6
"84",84,0.695249564736341,0.26243359349362,0.7
"85",85,0.697485801086566,0.261400704379614,0.3
"86",86,0.699473549718278,0.262072805167567,0.5
"87",87,0.694941483246308,0.263684243249487,0.4
"88",88,0.69623604491522,0.263278630681659,0.5
"89",89,0.696284451266924,0.263217266559594,0.6
"90",90,0.697260497582092,0.261536297208216,0.5
"91",91,0.698439329121684,0.260199325226685,0.7
"92",92,0.695336114218905,0.260642936245213,0.5
"93",93,0.695345431806062,0.261329753641583,0.1
"94",94,0.696346066955052,0.26051226072851,0.4
"95",95,0.695251562320758,0.260119470151976,0.2
"96",96,0.693335291032568,0.260625371778981,0.9
"97",97,0.694690816844778,0.259098900559072,0.5
"98",98,0.693404340579284,0.259350969297138,0.4
"99",99,0.693689092040795,0.259241194077911,0.6
"100",100,0.693905089499642,0.258179373330288,0.3
"101",101,0.694226921877567,0.259312283195939,0.6
"102",102,0.691435900609502,0.260254277391974,0.5
"103",103,0.691196536514679,0.260537606858641,0.7
"104",104,0.688903127803957,0.261081431585923,0.3
"105",105,0.693474495571365,0.259670880580634,0.7
"106",106,0.696730826813127,0.258383377206112,0.4
"107",107,0.694810956614363,0.258488499188404,0.6
"108",108,0.691246662979782,0.260267273050197,0.5
"109",109,0.68981733854417,0.260285670647694,0.4
"110",110,0.691335207613872,0.259910905514996,0.6
"111",111,0.691646886878217,0.259470994792715,0.7
"112",112,0.690374439914447,0.260832618683945,0.3
"113",113,0.688939203410975,0.260897920296297,0.3
"114",114,0.692131197737979,0.25919675175017,0.4
"115",115,0.690965534295004,0.258957835594842,0.7
"116",116,0.692511083276451,0.259111086065064,0.7
"117",117,0.693133679689188,0.258270002614653,0.6
"118",118,0.693415422362483,0.258128509394962,0.4
"119",119,0.690048551211707,0.259035088206182,0.6
"120",120,0.690457749171769,0.257661967745915,0.5
"121",121,0.692072993571651,0.258132428358242,0.4
"122",122,0.691136321979506,0.258702492720135,0.8
"123",123,0.690955666581335,0.258064288238154,0.6
"124",124,0.691372885232016,0.257740180121784,0.3
"125",125,0.687292190831312,0.259001592108295,0.7
"126",126,0.686888605090309,0.259236353950928,0.1
"127",127,0.688409506540653,0.258754693162745,0.1
"128",128,0.687759611804951,0.257943643277699,0.8
"129",129,0.688733572894559,0.25763757920068,0.4
"130",130,0.690695185744049,0.257825917551619,0.3
"131",131,0.691633449391259,0.2568699053548,0.6
"132",132,0.689222122636879,0.257669661477137,0.7
"133",133,0.689848782495415,0.256808455610189,0.5
"134",134,0.687405836569147,0.258515733636402,0.5
"135",135,0.689001531884029,0.258700125476477,0.8
"136",136,0.686634414929525,0.258424985399272,0.6
"137",137,0.688511910868285,0.257278985669336,0.4
"138",138,0.690449581667866,0.256836594244085,0.4
"139",139,0.688880680279015,0.257040531555308,0.5
"140",140,0.686762141751406,0.257197507059585,0.8
"141",141,0.689193789851508,0.256629201117035,0.1
"142",142,0.690805298800893,0.256650671577997,0.6
"143",143,0.687536331684,0.256932500106141,0.6
"144",144,0.688749598314558,0.257243164674099,0.7
"145",145,0.689161818085448,0.256977084290959,0.4
"146",146,0.691024487022933,0.256737621623698,0.3
"147",147,0.687747828816634,0.25719221418745,0.6
"148",148,0.685812230834754,0.257555622192194,0.5
"149",149,0.687818601260497,0.256963649182153,0.5
"150",150,0.687084942009655,0.256898466020063,0.6
"151",151,0.687050356888243,0.25646788599881,0.3
"152",152,0.689136944182509,0.255780278308728,0.3
"153",153,0.689949858091644,0.254996571777938,0.8
"154",154,0.689692309280246,0.255391454043135,0.4
"155",155,0.689789580708953,0.256008745274837,0.4
"156",156,0.689510979623548,0.256196571448985,0.5
"157",157,0.688503858508056,0.256708870994593,0.5
"158",158,0.684545642203237,0.258096140665415,0.5
"159",159,0.686297998996096,0.257248463535868,0.6
"160",160,0.684673040924297,0.256470114243501,0.3
"161",161,0.686536935539331,0.256328843752451,0.5
"162",162,0.684785455405986,0.2561822087873,0.2
"163",163,0.685837210293631,0.255230910796534,0.3
"164",164,0.683285810186362,0.256426614625861,0.5
"165",165,0.684973738715913,0.25659102554672,0.6
"166",166,0.683542836143006,0.256705199994331,0.4
"167",167,0.683634973027551,0.256715365134272,0.4
"168",168,0.684135014714059,0.25665628182144,0.4
"169",169,0.686618312782093,0.256111595413342,0.6
"170",170,0.686084657834201,0.256645937148002,0.4
"171",171,0.685744441760967,0.256219018785614,0.4
"172",172,0.686984203228819,0.254461754092985,0.7
"173",173,0.687133169469867,0.254497132094136,0.5
"174",174,0.686473452599351,0.25536258312456,0.2
"175",175,0.684663031857939,0.255615197463646,0.2
"176",176,0.683675197475171,0.255503056094587,0.6
"177",177,0.682941633627904,0.256172745876592,0.3
"178",178,0.682708184316959,0.256489979232983,0.2
"179",179,0.681632034438632,0.256286048519914,0.4
"180",180,0.680163362777432,0.257343421866343,0.6
"181",181,0.683895637357398,0.256651939193857,0.4
"182",182,0.682751806110932,0.257449330658721,0.5
"183",183,0.682582320686352,0.257125085501353,0.7
"184",184,0.682141799332813,0.256677698519402,0.4
"185",185,0.681001073209637,0.256850197051569,0.6
"186",186,0.685033439131732,0.255573447955174,0.5
"187",187,0.683661073975606,0.255797805153284,0.5
"188",188,0.682857472429263,0.256925581167444,0.6
"189",189,0.683376160475719,0.256508756994617,0.7
"190",190,0.684468679914462,0.256621934528992,0.7
"191",191,0.684273785964859,0.256212352326224,0.4
"192",192,0.680704631056334,0.256642553415955,0.7
"193",193,0.683650178467569,0.25642259540348,0.6
"194",194,0.68264822530658,0.256406491286482,0.7
"195",195,0.6840673559027,0.255733419979075,0.5
"196",196,0.683875641442642,0.254825800834888,0.6
"197",197,0.680705637924504,0.256387977527999,0.5
"198",198,0.681237652183816,0.256370056444293,0.4
"199",199,0.681862510199612,0.256133856585712,0.3
"200",200,0.680309041766362,0.256624406641149,0.6
"201",201,0.680037646797612,0.256435357528656,0.4
"202",202,0.683110003266682,0.256027859137547,0.6
"203",203,0.680089099592825,0.256594035589687,0.4
"204",204,0.679578573894776,0.256411973566647,0.4
"205",205,0.679179945902828,0.25689438960543,0.5
"206",206,0.680677850172756,0.256255088634664,0.6
"207",207,0.682475351850848,0.255678429587867,0.6
"208",208,0.685248128979763,0.254252462304057,0.7
"209",209,0.683089297435468,0.254724357590945,0.7
"210",210,0.680595363729811,0.25537842506357,0.5
"211",211,0.682076462099251,0.254750725634711,0.5
"212",212,0.682081035084995,0.255102113910169,0.7
"213",213,0.681666079438898,0.255392986818491,0.3
"214",214,0.682388027752124,0.254813057266355,0.4
"215",215,0.683197724741501,0.256120452353684,0.4
"216",216,0.67955938010943,0.257369632093172,0.7
"217",217,0.67943320283454,0.257083104203225,0.6
"218",218,0.680700529252173,0.256577284924707,0.7
"219",219,0.679414784003899,0.256041227360283,0.4
"220",220,0.679448024359839,0.25605222188166,0.5
"221",221,0.679152675591785,0.25541165842335,0.7
"222",222,0.678358202368222,0.256002648667111,1
"223",223,0.681454363178944,0.255192433985371,0.4
"224",224,0.67937596284508,0.255547087918537,0.5
"225",225,0.677848841972483,0.256094442342222,0.3
"226",226,0.677511409356615,0.256039274177776,0.5
"227",227,0.676923867568489,0.256004739680219,0.2
"228",228,0.679705490796996,0.255856497995341,0.3
"229",229,0.681551392601284,0.25568846625772,0.7
"230",230,0.679908465421695,0.256017144600823,0.5
"231",231,0.677767601957308,0.255541982855791,0.5
"232",232,0.674481690660531,0.256822539774541,0.4
"233",233,0.676163480117901,0.256102484914147,0.9
"234",234,0.678489973607026,0.256482665513391,0.6
"235",235,0.674642833182702,0.257423459666399,0.5
"236",236,0.675352059604748,0.256988772162712,0.6
"237",237,0.677093277607034,0.255993754307506,0.3
"238",238,0.677838053805237,0.254994283469647,0.7
"239",239,0.678678486634186,0.255445156705335,0.6
"240",240,0.677768190031064,0.256191918171978,0.6
"241",241,0.675753492490591,0.2567563577055,0.5
"242",242,0.673533772425529,0.256556453184293,0.3
"243",243,0.674987468566406,0.256254602168348,0.6
"244",244,0.675126751724058,0.256590311823385,0.5
"245",245,0.67649578324206,0.256137782870807,0.4
"246",246,0.678438897235502,0.255303433866673,0.1
"247",247,0.675052302933774,0.256343896123371,0.3
"248",248,0.673685499622642,0.256736659081198,0.7
"249",249,0.673125394661744,0.256827137330686,0.5
"250",250,0.674286872685495,0.256651611354776,0.5
"251",251,0.674633880808283,0.256038831976771,0.8
"252",252,0.673525913140751,0.255750002612011,0.4
"253",253,0.672358814294754,0.256876271472864,0.1
"254",254,0.672742193110874,0.2563925495696,0.5
"255",255,0.672577183058027,0.256227345257273,0.4
"256",256,0.672568236243453,0.256088464003714,0.8
"257",257,0.674299523008682,0.256413907235293,0.4
"258",258,0.67180055057493,0.256803727237423,0.4
"259",259,0.673582912303864,0.256768573941028,0.4
"260",260,0.673089480494586,0.256124192586901,0.6
"261",261,0.672567048944242,0.256370215021085,0.2
"262",262,0.673125066936112,0.256156555444509,0.2
"263",263,0.674554825209903,0.255672001698123,0.5
"264",264,0.675283556360931,0.255907206337793,0.9
"265",265,0.674039553740568,0.257023627839673,0.5
"266",266,0.673691736741115,0.256347102034602,0.6
"267",267,0.670412334648676,0.256948161022374,0.7
"268",268,0.674434274820378,0.256395865945242,0.5
"269",269,0.674524207195108,0.256479753857599,0.8
"270",270,0.67441173631789,0.256742886777099,0.5
"271",271,0.674167500985806,0.257614864723771,0.4
"272",272,0.672520452205698,0.257245809692066,0.3
"273",273,0.672718403462895,0.25699100865262,0.7
"274",274,0.673507054054826,0.256744560815869,0.4
"275",275,0.673776384404812,0.256638338149476,0.5
"276",276,0.671940441355601,0.2576998815989,0.2
"277",277,0.669948377734699,0.258141794995212,0.7
"278",278,0.669228571757924,0.257591083434549,0.5
"279",279,0.669785315538243,0.256838935468472,0.4
"280",280,0.669257173069711,0.256951381644522,0.2
"281",281,0.671028824870144,0.256738659209606,0.6
"282",282,0.669652338069963,0.257360450329858,0.4
"283",283,0.670632516080645,0.256807464530755,0.8
"284",284,0.669341744901434,0.25721293961873,0.5
"285",285,0.666888337267717,0.257817165327107,0.6
"286",286,0.668883057540343,0.257864421974711,0.6
"287",287,0.66605467842286,0.258685147861949,0.4
"288",288,0.66687586562077,0.258536453770129,0.6
"289",289,0.667432155030297,0.258700080505842,0.6
"290",290,0.668087313799388,0.258514882445529,0.4
"291",291,0.667044337312146,0.2588187516036,0.1
"292",292,0.669304142544182,0.258217950997075,0.6
"293",293,0.666181927634295,0.258833802929201,0.5
"294",294,0.669079644890815,0.258234432461072,0.6
"295",295,0.668750313942651,0.257988167130128,0.5
"296",296,0.667649862084915,0.257933346802584,0.5
"297",297,0.667178671703867,0.258408656658428,0.3
"298",298,0.6671024580013,0.258467729367073,0.5
"299",299,0.668070493172376,0.25804721602943,0.3
"300",300,0.666438848728764,0.258766437034013,0.4
"301",301,0.664169790612129,0.260128249546386,0.8
"302",302,0.664852436514814,0.260187082863419,0.6
"303",303,0.665941026739517,0.260230491156369,0.5
"304",304,0.665487863067774,0.260316304466468,0.2
"305",305,0.664532292513184,0.259875836140365,0.5
"306",306,0.663124057537726,0.260218051643885,0.3
"307",307,0.664620980992476,0.259426326655694,0.8
"308",308,0.664374688111484,0.258607262705882,0.4
"309",309,0.665308229449318,0.257994153252838,0.3
"310",310,0.663390841214282,0.258835212802478,0.7
"311",311,0.664192545898642,0.259204104048465,0.4
"312",312,0.665505588209498,0.258565439829792,0.3
"313",313,0.665861115280132,0.25856900746929,0.4
"314",314,0.664583100111284,0.258914113398167,0.4
"315",315,0.663198597602448,0.259335746452979,0.7
"316",316,0.663844684099979,0.258696153606948,0.4
"317",317,0.665078799970293,0.258067161706231,0.4
"318",318,0.666048824601461,0.257809992788085,0.3
"319",319,0.664469395787337,0.258625431411844,0.2
"320",320,0.664505305890391,0.258154658470835,0.4
"321",321,0.663503017519786,0.258185723613934,0.6
"322",322,0.662071303717798,0.259403671114043,0.7
"323",323,0.664679332830141,0.258393562277944,0.5
"324",324,0.663549112853158,0.258604892020711,0.4
"325",325,0.664560932554345,0.258278498301859,0.7
"326",326,0.664926799381467,0.258087579376956,0.8
"327",327,0.665726040349705,0.258743101360947,0.4
"328",328,0.666062393146871,0.258740054662425,0.1
"329",329,0.663917226120391,0.259606214734147,0.3
"330",330,0.664567619920739,0.25786756926062,0.5
"331",331,0.664981901371564,0.258401013983275,0.5
"332",332,0.663976012469233,0.258960827826236,0.6
"333",333,0.663269654123976,0.25925898286577,0.4
"334",334,0.663221818987857,0.259168032752425,0.3
"335",335,0.666258897537064,0.258727782556624,0.5
"336",336,0.664153987406456,0.259094915981928,0.5
"337",337,0.662961414405466,0.259735099145326,0.3
"338",338,0.664114364965087,0.259159710295403,0.6
"339",339,0.662813985875086,0.259428297997795,0.6
"340",340,0.662373915200587,0.25996785365155,0.2
"341",341,0.664659636225955,0.259331388529758,0.5
"342",342,0.665246895303922,0.259368990635206,0.4
"343",343,0.666294014970612,0.259779689759476,0.5
"344",344,0.665335673637921,0.259319789082652,0.6
"345",345,0.667367686488735,0.258530071787764,0.4
"346",346,0.667128207007027,0.258559261783104,0.1
"347",347,0.66347292710252,0.260301605309156,0.2
"348",348,0.663755591579283,0.260363731463544,0.6
"349",349,0.663247809165159,0.259465988361642,0.5
"350",350,0.664099956314616,0.258995573382943,0.7
"351",351,0.665062712989118,0.258931159383723,0.4
"352",352,0.665509032781341,0.258752663014048,0.2
"353",353,0.662712177378533,0.25948091412828,0.4
"354",354,0.663213485542334,0.259815251001926,0.2
"355",355,0.665331822146301,0.258003092056262,0.3
"356",356,0.663858037987055,0.258703357524713,0.6
"357",357,0.661807774625315,0.259679135356357,0.5
"358",358,0.662326107952512,0.259664376813634,0.5
"359",359,0.662543856826898,0.259274783460905,0.6
"360",360,0.660413638101212,0.260101049494824,0.3
"361",361,0.658338754606601,0.260138671366729,0.3
"362",362,0.662819020844788,0.258688966006801,0.5
"363",363,0.661376778517286,0.258522409637232,0.7
"364",364,0.660747752126535,0.259126217300282,0.4
"365",365,0.662582199582505,0.258643667953062,0.5
"366",366,0.66197269542385,0.259396553365495,0.8
"367",367,0.661642199102385,0.259574329469187,0.7
"368",368,0.661047688938539,0.259898379979855,0.5
"369",369,0.663014155658283,0.258760902329959,0.7
"370",370,0.65912525897996,0.258947852874592,0.5
"371",371,0.659746621172106,0.258988268515692,0.5
"372",372,0.659799009558611,0.259390151610847,0.5
"373",373,0.65966092981209,0.259887981088819,0.5
"374",374,0.658478636243601,0.260136338903333,0.6
"375",375,0.659618136307851,0.259441943315981,0.5
"376",376,0.65675960626215,0.260499889245659,0.5
"377",377,0.656215988490844,0.260928899206203,0.5
"378",378,0.656479560449455,0.260562157963843,0.4
"379",379,0.656243627831225,0.261644378709656,0.5
"380",380,0.656528733756098,0.260798689823241,0.5
"381",381,0.657551548256912,0.260316391127758,0.6
"382",382,0.659688887951257,0.259605447784682,0.4
"383",383,0.658222335827956,0.260136583348877,0.6
"384",384,0.656668182207201,0.260644031266004,0.5
"385",385,0.657097084945716,0.259899479702549,0.5
"386",386,0.656484605929754,0.259453534121863,0.4
"387",387,0.656195474946759,0.258885615619007,0.6
"388",388,0.657649308819286,0.259046829475223,0.4
"389",389,0.658732333694834,0.259367005439582,0.6
"390",390,0.656152476676021,0.259847851640082,0.8
"391",391,0.658532670746246,0.259598428445102,0.5
"392",392,0.658716493129094,0.259452962296318,0.5
"393",393,0.65764248733459,0.25997320607709,0.5
"394",394,0.656046802436731,0.259858373442264,0.4
"395",395,0.654021164516094,0.260820472065322,0.4
"396",396,0.65446158969004,0.260890487662145,0.5
"397",397,0.653776601290426,0.260827931915644,0.6
"398",398,0.651644295618791,0.261324149068267,0.4
"399",399,0.654750194961281,0.261236263390019,0.3
"400",400,0.655482507991612,0.260626848160558,0.7
"401",401,0.654855445843852,0.260824330928294,0.7
"402",402,0.656287708640545,0.261109308563284,0.5
"403",403,0.658793023201372,0.260429485945485,0.7
"404",404,0.658722938158041,0.260581497950256,0.3
"405",405,0.656637173119465,0.260585307896994,0.8
"406",406,0.657091918453595,0.259703701007517,0.8
"407",407,0.657730992893725,0.259101971776873,0.7
"408",408,0.658385398398156,0.259223732496185,0.5
"409",409,0.657075877746479,0.25957007485746,0.5
"410",410,0.656176429154031,0.259123811847087,0.5
"411",411,0.656166156506292,0.259701646651496,0.5
"412",412,0.656792560206298,0.259530109635193,0.3
"413",413,0.653429903420303,0.261240119053133,0.2
"414",414,0.653104439587918,0.260627650343447,0.6
"415",415,0.652809566134515,0.260093546058795,0.7
"416",416,0.653643729433451,0.260989888166977,0.5
"417",417,0.654301973682354,0.260160912404864,0.5
"418",418,0.652025942415746,0.261267891149707,0.6
"419",419,0.654512825952041,0.259922670100356,0.7
"420",420,0.650974222428484,0.26066615514032,0.8
"421",421,0.65388756689549,0.260361098881202,0.3
"422",422,0.652632065027862,0.260970435140977,0.8
"423",423,0.651203193117095,0.261175153283376,0.5
"424",424,0.651865586879627,0.260218129961455,0.4
"425",425,0.65510436481206,0.260627038940672,0.5
"426",426,0.650642101121482,0.261784739931989,0.3
"427",427,0.65095668758394,0.261831037954391,0.3
"428",428,0.650273772776532,0.262146639847261,0.3
"429",429,0.651028564369029,0.261698695781194,0.5
"430",430,0.65180764762818,0.260875912024732,0.4
"431",431,0.653468603952183,0.260976966297871,0.4
"432",432,0.650172245805563,0.261669728751445,0.6
"433",433,0.648709941281942,0.261474477719984,0.3
"434",434,0.649942771283627,0.261292390720634,0.7
"435",435,0.65188509070171,0.261101456702904,0.4
"436",436,0.651905774634482,0.261728939675053,0.3
"437",437,0.650473787494393,0.261764995470464,0.5
"438",438,0.652189487228758,0.261245790483816,0.4
"439",439,0.65039596205898,0.261965728353477,0.6
"440",440,0.652093822467433,0.261440578098804,0.7
"441",441,0.653535881406335,0.261002350344079,0.3
"442",442,0.650987467983687,0.26235822993618,0.6
"443",443,0.650069028754485,0.262717947966551,0.4
"444",444,0.650740515723866,0.262888845565385,0.4
"445",445,0.650713133334181,0.262559286627728,0.4
"446",446,0.650240876965391,0.262550979693725,0.5
"447",447,0.651280927813932,0.26179262778657,0.5
"448",448,0.651356095752747,0.262386871567399,0.6
"449",449,0.651961801759889,0.261713866807654,0.5
"450",450,0.651722215416391,0.261456159610192,0.5
"451",451,0.651187630598843,0.261528716353625,0.4
"452",452,0.64916176951178,0.261702524614815,0.5
"453",453,0.646704952599209,0.262711083365066,0.5
"454",454,0.648665189883776,0.26221640424866,0.5
"455",455,0.650392129182444,0.26197715753631,0.5
"456",456,0.652068054201181,0.261601336370467,0.5
"457",457,0.652626553018283,0.261300410725236,0.6
"458",458,0.651149350845702,0.261669160648875,0.5
"459",459,0.651736279966478,0.260823938318528,0.7
"460",460,0.648369038939354,0.26177502934477,0.4
"461",461,0.645415429005451,0.26219544539365,0.5
"462",462,0.647850464130618,0.261627823359648,0.6
"463",463,0.648314690917552,0.261501682553615,0.5
"464",464,0.647531264424257,0.262180197229708,0.4
"465",465,0.648714172561797,0.261851159612198,0.4
"466",466,0.648071997525815,0.260989340619284,0.4
"467",467,0.649031722342094,0.260936325704041,0.6
"468",468,0.649036987469217,0.261732036858406,0.4
"469",469,0.647714817681401,0.261332051036811,0.8
"470",470,0.645499270259235,0.262190251319067,0.6
"471",471,0.64500887132707,0.263060167822767,0.6
"472",472,0.644376329793349,0.262813839731246,0.4
"473",473,0.646954364374305,0.261312468444133,0.5
"474",474,0.646229353165314,0.261792169965906,0.5
"475",475,0.647744461180632,0.261086436867515,0.5
"476",476,0.646290923980455,0.261472612255297,0.2
"477",477,0.649200643091858,0.26125258492714,0.8
"478",478,0.647186684303348,0.261749744882548,0.8
"479",479,0.646510265217619,0.261954682078973,0.7
"480",480,0.644048709407236,0.263073462332217,0.4
"481",481,0.644343673426384,0.262145792633359,0.6
"482",482,0.641862446444933,0.263287828541643,0.7
"483",483,0.642175084753657,0.262263540395407,0.9
"484",484,0.64340487647735,0.26184002935447,0.7
"485",485,0.643480404647687,0.262581372046861,0.4
"486",486,0.646034822297531,0.262513353796487,0.5
"487",487,0.645690723717489,0.262072356559284,0.3
"488",488,0.643929895092785,0.262306231617017,0.4
"489",489,0.646783631654638,0.262032640700521,0.3
"490",490,0.647033747962245,0.261312205504732,0.3
"491",491,0.642120630646851,0.26217645430636,0.3
"492",492,0.643270491075062,0.262283317355034,0.6
"493",493,0.642162891263293,0.262785674485368,0.4
"494",494,0.645121001304401,0.262090609185212,0.4
"495",495,0.644185308696887,0.262932373486625,0.6
"496",496,0.645252145914701,0.262469083421107,0.5
"497",497,0.645290238476277,0.262216747939104,0.4
"498",498,0.645304666966451,0.261291219869191,0.4
"499",499,0.645850340378972,0.261685050611809,1
"500",500,0.646597821328129,0.261603577670881,0.5
"501",501,0.643100433882698,0.262631867038885,0.3
"502",502,0.645634840159538,0.262306664624105,0.7
"503",503,0.646422548832693,0.261739354886419,0.6
"504",504,0.646961926623409,0.26133423918204,0.4
"505",505,0.643367515410137,0.262960178099296,0.2
"506",506,0.644707530435247,0.262049859931645,0.6
"507",507,0.645768487993044,0.26216591667341,0.4
"508",508,0.646243045857907,0.261963823795717,0.6
"509",509,0.644925013382254,0.262186088349111,0.4
"510",510,0.642391991587943,0.262677945818984,0.4
"511",511,0.642266189631024,0.262565096757578,0.5
"512",512,0.642667819266526,0.263281658704168,0.7
"513",513,0.645452255341464,0.26289306155405,0.6
"514",514,0.64400065599205,0.26357206823489,0.6
"515",515,0.644007164244322,0.262980322674162,0.6
"516",516,0.644063395413544,0.262812910543774,0.4
"517",517,0.642060236019518,0.263296164551719,0.4
"518",518,0.642075698015174,0.263321673106454,0.5
"519",519,0.644163675954148,0.26355548533622,0.3
"520",520,0.639717841654352,0.26473659921741,0.4
"521",521,0.640533453619226,0.263859452929091,0.5
"522",522,0.639954274972929,0.264075495312267,0.5
"523",523,0.642262136901709,0.263528571638419,0.3
"524",524,0.642707560226259,0.26289765163711,0.6
"525",525,0.643406506588663,0.262496385746031,0.4
"526",526,0.640544018381599,0.262724141054908,0.6
"527",527,0.639495979527651,0.263012113729083,0.7
"528",528,0.640919978337505,0.26244858619823,0.4
"529",529,0.640253796000662,0.262585890670531,0.6
"530",530,0.639540412013193,0.264707766505184,0.6
"531",531,0.636811015583776,0.263352604060091,0.4
"532",532,0.638659859345654,0.262883755751106,0.5
"533",533,0.637189806688336,0.263748685800408,0.4
"534",534,0.637961973980495,0.263012032698644,0.2
"535",535,0.641241894529191,0.262582887504834,0.5
"536",536,0.640747285702889,0.263043375005601,0.4
"537",537,0.641090410982096,0.262938748651876,0.2
"538",538,0.641698805606037,0.262901200934209,0.8
"539",539,0.64102386070274,0.262539930511433,0.5
"540",540,0.640482491544575,0.262412813621729,0.3
"541",541,0.639165574959464,0.263404158596793,0.3
"542",542,0.638564507991166,0.26337010941418,0.8
"543",543,0.639057637347213,0.264026459744533,0.7
"544",544,0.639217156880786,0.264292541944543,0.4
"545",545,0.639796029784059,0.263642431160583,0.3
"546",546,0.640433179501099,0.263048929297055,0.6
"547",547,0.640507552454195,0.262771443919794,0.5
"548",548,0.640164865176183,0.263104566047237,0.3
"549",549,0.642993467352137,0.262805432952462,0.7
"550",550,0.642997968441695,0.262476581885693,0.7
"551",551,0.641412331329218,0.262596751699886,0.6
"552",552,0.639242889776788,0.262472356744673,0.4
"553",553,0.640108432100333,0.263529864546283,0.8
"554",554,0.641214676136292,0.263799905900055,0.6
"555",555,0.64018069337623,0.263163949843226,0.7
"556",556,0.635173261284163,0.264186012739728,0.4
"557",557,0.637753362200269,0.262940575078347,0.7
"558",558,0.638118687090434,0.263896749778897,0.7
"559",559,0.638826870765197,0.262996145252787,0.5
"560",560,0.637765923127493,0.26366607474528,0.5
"561",561,0.639238150180574,0.26271495766731,0.6
"562",562,0.639122979787619,0.262638126414403,0.5
"563",563,0.637684887493761,0.263282706678356,0.3
"564",564,0.639520146749539,0.263030588420842,0.6
"565",565,0.638464651544294,0.263214477409558,0.8
"566",566,0.63734363305338,0.263382493394592,0.4
"567",567,0.638921165455875,0.263123291210273,0.6
"568",568,0.636950930264084,0.264356954398439,0.6
"569",569,0.637048980641802,0.263102627368102,0.4
"570",570,0.637840023108993,0.264316003613536,0.6
"571",571,0.638996658470146,0.26387964031118,0.3
"572",572,0.637823578120665,0.263265672099282,0.8
"573",573,0.637870950313769,0.263308783747832,0.4
"574",574,0.63711081764138,0.264053288732021,0.8
"575",575,0.639945919697844,0.263086886903711,0.6
"576",576,0.640535697170456,0.262762787647945,0.6
"577",577,0.637487467152801,0.262491310454964,0.5
"578",578,0.635177015981297,0.263061346227591,0.4
"579",579,0.633178629073491,0.263830831191809,0.3
"580",580,0.634838254033623,0.263528585079497,0.5
"581",581,0.634203099072017,0.263199499306596,0.1
"582",582,0.631200837890903,0.263576824281566,0.4
"583",583,0.632683032594792,0.263566380847392,0.4
"584",584,0.632364511587858,0.263342044530204,0.4
"585",585,0.634353560364701,0.262745408357883,0.2
"586",586,0.637579207705287,0.262147157507111,0.4
"587",587,0.638788947302409,0.262519618253519,0.3
"588",588,0.640212098643542,0.261748786028883,0.5
"589",589,0.635791987450495,0.263524189102477,0.3
"590",590,0.637415964706261,0.26270118168669,0.3
"591",591,0.637138091522846,0.262468539817043,0.5
"592",592,0.636783503383451,0.262303684437517,0.5
"593",593,0.635032693950641,0.262737611465782,0.4
"594",594,0.635221575197142,0.262501209243726,0.5
"595",595,0.634104674386866,0.263267877404081,0.3
"596",596,0.632405260625791,0.263437641882755,0.5
"597",597,0.632321380323336,0.264533222752481,0.7
"598",598,0.632046931224342,0.264062570559871,0.7
"599",599,0.630905694679205,0.264582626947036,0.5
"600",600,0.631900881174065,0.263771631681774,0.6
"601",601,0.633530302075477,0.263677525101811,0.4
"602",602,0.631284328985818,0.263508357382605,0.6
"603",603,0.630650848362431,0.263519451367862,0.4
"604",604,0.630049898911746,0.263773170126162,0.2
"605",605,0.634194967707381,0.263740931012656,0.4
"606",606,0.636979175308934,0.262845514974585,0.5
"607",607,0.636445966748825,0.263446763613046,0.7
"608",608,0.636369649879328,0.263229481629205,0.6
"609",609,0.633705974331078,0.26351750934462,0.6
"610",610,0.634259862231287,0.263064386140852,0.5
"611",611,0.635754420411398,0.261888357654323,0.6
"612",612,0.634790932297757,0.262241532233577,0.6
"613",613,0.63650806296985,0.262421563297781,0.3
"614",614,0.634890053731491,0.263105089281879,0.6
"615",615,0.635820582036484,0.262304714510926,0.4
"616",616,0.631527309127698,0.263310329036797,0.7
"617",617,0.632264544909595,0.262398236277286,0.4
"618",618,0.633592756288927,0.262765129111538,0.6
"619",619,0.63231661304242,0.263820399998707,0.2
"620",620,0.632380254468733,0.264106667547452,0.3
"621",621,0.635596706567208,0.263514774653766,0.5
"622",622,0.633392063604279,0.263820770106246,0.7
"623",623,0.63160409493711,0.263582775502153,0.4
"624",624,0.635192010590275,0.262957094623463,0.2
"625",625,0.636423999404523,0.263078129248392,0.5
"626",626,0.63580204244886,0.26250942378416,0.6
"627",627,0.634420344705852,0.262645912321452,0.6
"628",628,0.632585591549583,0.263225984498658,0.2
"629",629,0.633682255135224,0.263041400536761,0.5
"630",630,0.634159088639311,0.262722548556881,0.6
"631",631,0.634409566135747,0.26242422611712,0.4
"632",632,0.635395956764038,0.262365742061819,0.3
"633",633,0.633940403086125,0.262097754975498,0.4
"634",634,0.633513134488801,0.262301845222893,0.8
"635",635,0.632381896882946,0.26292659081035,0.6
"636",636,0.631134887900031,0.263114044837189,0.3
"637",637,0.632006000248166,0.262318934497531,0.6
"638",638,0.633253537374156,0.262159361325365,0.6
"639",639,0.631065091136219,0.262246788500815,0.7
"640",640,0.633660116232874,0.261480702240258,0.4
"641",641,0.632439339097569,0.262558004552256,0.6
"642",642,0.631701771787367,0.263610900324498,0.4
"643",643,0.631902825468222,0.263216519830488,0.4
"644",644,0.632636090848358,0.262945581464447,0.6
"645",645,0.632719676249582,0.263185933539215,0.8
"646",646,0.632853702938216,0.262886510034911,0.4
"647",647,0.633484525381111,0.262833036210681,0.6
"648",648,0.630917212156812,0.263374948689167,0.5
"649",649,0.632756778839809,0.262913307681781,0.5
"650",650,0.632384098491528,0.262942158451723,0.8
"651",651,0.632395856740882,0.262978728433578,0.2
"652",652,0.632712806542111,0.262718393936227,0.6
"653",653,0.629885708736066,0.263212648702806,0.3
"654",654,0.628704716353927,0.263977324161246,0.6
"655",655,0.629820725061901,0.263840240507475,0.6
"656",656,0.632187452613543,0.263718450502688,0.5
"657",657,0.631976197583644,0.262244936727892,0.7
"658",658,0.627763667796728,0.263954501160978,0.5
"659",659,0.629616257321558,0.263675015846704,0.7
"660",660,0.63211757589703,0.263334177205385,0.5
"661",661,0.632191095060296,0.263509374655862,0.6
"662",662,0.633085237669219,0.263407345207063,0.6
"663",663,0.632483252359339,0.263570915187488,0.5
"664",664,0.629920183246163,0.26422514958438,0.3
"665",665,0.629822373275995,0.263715029361213,0.7
"666",666,0.629628293515028,0.263887101084127,0.6
"667",667,0.631353829712824,0.263603969498851,0.5
"668",668,0.631609234899019,0.263124862817599,0.3
"669",669,0.632252680675803,0.263622601854995,0.4
"670",670,0.629241937503124,0.264292151102528,0.6
"671",671,0.633414165295572,0.263252883885373,0.4
"672",672,0.63187829511221,0.263022745157807,0.6
"673",673,0.631106797678524,0.263316275813792,0.7
"674",674,0.632063452128551,0.263382445857524,0.8
"675",675,0.632888588818611,0.262791464804438,0.7
"676",676,0.630993080968919,0.26332762374332,0.4
"677",677,0.633030245004538,0.262326745721922,0.4
"678",678,0.630402479065481,0.263757111744875,0.4
"679",679,0.629140096328215,0.26376481763299,0.5
"680",680,0.630864790011658,0.263156007568325,0.9
"681",681,0.63038268047234,0.263734207498633,0.5
"682",682,0.630100100720689,0.263308492979533,0.5
"683",683,0.632872173558026,0.262623792627088,0.6
"684",684,0.62941013734098,0.262909489583687,0.6
"685",685,0.627659208048666,0.262491225825971,0.5
"686",686,0.627419226539759,0.262905107302469,0.5
"687",687,0.628814035074318,0.26382341847498,0.4
"688",688,0.631976837759646,0.263279736871274,0.1
"689",689,0.629040268047173,0.263331920469713,0.5
"690",690,0.628869016522619,0.262989754187478,0.6
"691",691,0.631238837849789,0.262779672400249,0.6
"692",692,0.627782051161862,0.263397132974175,0.6
"693",693,0.628792644412917,0.2628658705195,0.5
"694",694,0.630383731360594,0.262126274486112,0.5
"695",695,0.630557928284873,0.261612022427352,0.6
"696",696,0.628849916981214,0.262815758608665,0.8
"697",697,0.628140666296092,0.262730168971763,0.6
"698",698,0.626754216956526,0.26248734782806,0.3
"699",699,0.629966692148937,0.263039223294044,0.7
"700",700,0.626820464643804,0.263552836418157,0.3
"701",701,0.627906486435617,0.263325518232772,0.6
"702",702,0.62792119318595,0.262652312957644,0.6
"703",703,0.629282171899037,0.26331191933704,0.5
"704",704,0.627127541699528,0.264513133473267,0.5
"705",705,0.628072685764687,0.263945323859588,0.5
"706",706,0.626807334518964,0.2648828954484,0.6
"707",707,0.628245149642855,0.263931776742588,0.5
"708",708,0.628284048844983,0.264429209452317,0.4
"709",709,0.62704547988334,0.263455509039873,0.4
"710",710,0.626454755159425,0.263682791685283,0.6
"711",711,0.62776820058321,0.263329839552816,0.4
"712",712,0.627600417741641,0.262873668833092,0.4
"713",713,0.625307092554248,0.2632336568644,0.3
"714",714,0.625986125695803,0.263522934525578,0.6
"715",715,0.62641910263234,0.264025329975378,0.3
"716",716,0.626061410401533,0.263912401319557,0.6
"717",717,0.626397106734537,0.263816995225803,0.6
"718",718,0.624473037627586,0.264246436607066,0.7
"719",719,0.629366907741363,0.263369721501259,0.5
"720",720,0.627048459585825,0.262992261566755,0.5
"721",721,0.625517266579017,0.263465953544416,0.5
"722",722,0.625377297437655,0.263676032417076,0.5
"723",723,0.625645768024955,0.263116599652346,0.4
"724",724,0.626919555301307,0.262573196666025,0.5
"725",725,0.625150679831456,0.263567991716485,0.6
"726",726,0.624215041950922,0.264079330388206,0.5
"727",727,0.62395592521526,0.263501803763361,0.4
"728",728,0.625595894659616,0.26431795055553,0.5
"729",729,0.62598121259365,0.264204266704568,0.5
"730",730,0.623903861932254,0.264543538634901,0.4
"731",731,0.626519139054902,0.264353183816614,0.6
"732",732,0.626843598333864,0.264179817766644,0.5
"733",733,0.626446360304768,0.264220419365216,0.7
"734",734,0.624596264866062,0.264366996562404,0.6
"735",735,0.626641023917053,0.263488754425437,0.6
"736",736,0.626653070005726,0.263379902332446,0.7
"737",737,0.625602279355318,0.263937896788936,0.7
"738",738,0.623372467102744,0.263664199188254,0.4
"739",739,0.626421318589351,0.26362485165685,0.7
"740",740,0.625708490085226,0.263468335983527,0.3
"741",741,0.626427829327772,0.263385928955601,0.3
"742",742,0.625367746642022,0.263007437730703,0.1
"743",743,0.626473405263267,0.263458200077092,0.5
"744",744,0.626126124732984,0.263513740386717,0.7
"745",745,0.6283798338205,0.263583658105715,0.3
"746",746,0.629507929587981,0.263651823432646,0.5
"747",747,0.624166328877,0.26455749799295,0.3
"748",748,0.626040483912689,0.264173823893187,0.4
"749",749,0.62629766777301,0.263446947217831,0.5
"750",750,0.625469687901078,0.263368056359258,0.6
"751",751,0.623468709562439,0.263365556857059,0.4
"752",752,0.622816281336346,0.26357936388644,0.3
"753",753,0.622019953789861,0.264093959974588,0.6
"754",754,0.623176472238079,0.26457957498205,0.4
"755",755,0.624093908882797,0.264874509853571,0.8
"756",756,0.624526565838901,0.264143888509649,0.6
"757",757,0.622407457287858,0.265011881429575,0.5
"758",758,0.623339743577208,0.264672275153026,0.3
"759",759,0.623388123665615,0.264200497218248,0.4
"760",760,0.621975308107805,0.264634897214789,0.4
"761",761,0.623252341931549,0.264912887350847,0.5
"762",762,0.622386631237458,0.264997677997326,0.4
"763",763,0.62194949329074,0.265482736863851,0.6
"764",764,0.623646082278818,0.265026954080581,0.4
"765",765,0.623898809693574,0.264604784545572,0.5
"766",766,0.626977037125503,0.263620854453838,0.2
"767",767,0.624793829224314,0.264363064530289,0.5
"768",768,0.627357080207753,0.263964378369577,0.5
"769",769,0.624451056858533,0.264663198035763,0.3
"770",770,0.623144086931329,0.265371814066496,0.7
"771",771,0.621639730674637,0.266083404987128,0.5
"772",772,0.624506165105419,0.264953776827222,0.4
"773",773,0.627927577825312,0.264061796034866,0.5
"774",774,0.629356820751778,0.264165395205575,0.5
"775",775,0.62807137861039,0.263641038635922,0.5
"776",776,0.625160072454207,0.264155648841975,0.5
"777",777,0.623985079202587,0.264595240110172,0.5
"778",778,0.622810533490513,0.264696086241311,0.6
"779",779,0.626452415164278,0.26478422220915,0.4
"780",780,0.626556983174663,0.264047085582889,0.5
"781",781,0.626244548282844,0.264028940615224,0.5
"782",782,0.623548840153458,0.265035610669088,0.5
"783",783,0.623958014715091,0.264533085539006,0.6
"784",784,0.625732389718814,0.264774863038924,0.3
"785",785,0.62414796140567,0.265560702225138,0.4
"786",786,0.623802324447644,0.266185266481829,0.8
"787",787,0.620507091540996,0.266852910013478,0.9
"788",788,0.622326119352176,0.265866868913324,0.7
"789",789,0.622107854061149,0.266115218610369,0.5
"790",790,0.620262837829481,0.266393950982156,0.5
"791",791,0.621760109973156,0.266710010200673,0.4
"792",792,0.622532313616414,0.266184998275149,0.5
"793",793,0.62316834418335,0.265683083275808,0.2
"794",794,0.621140608976346,0.265766086488359,0.6
"795",795,0.618692195772545,0.267845756876582,0.7
"796",796,0.618010898511728,0.267947099264081,0.5
"797",797,0.617178156819758,0.267266542378753,0.6
"798",798,0.617538299550901,0.266906119217072,0.3
"799",799,0.620037544724783,0.266832721007099,0.5
"800",800,0.616686314619152,0.267636129851812,0.3
"801",801,0.617656831625865,0.266351221996531,0.6
"802",802,0.61674487119349,0.266942465549197,0.3
"803",803,0.616049475423974,0.267505413577141,0.4
"804",804,0.615758219854061,0.267768984505865,0.3
"805",805,0.617003938988532,0.267457460840855,0.3
"806",806,0.616288176809198,0.267558840718602,0.4
"807",807,0.617450553785142,0.267112836823962,0.5
"808",808,0.618688542551696,0.267606477823953,0.4
"809",809,0.618668394329566,0.266935113461259,0.6
"810",810,0.619373397163689,0.266865676736456,0.2
"811",811,0.618245195641819,0.267463165948067,0.4
"812",812,0.62045162738682,0.26682076357908,0.4
"813",813,0.620298246601579,0.266316237735904,0.4
"814",814,0.618970354708307,0.266211491522918,0.7
"815",815,0.618728973203123,0.26636327975344,0.4
"816",816,0.616517670645375,0.267091551783119,0.7
"817",817,0.618257710836336,0.26654496292518,0.5
"818",818,0.619739160455863,0.266833355603882,0.6
"819",819,0.619438498825831,0.266887133784093,0.4
"820",820,0.620836915763958,0.266917013023076,0.3
"821",821,0.620038240166763,0.266908346012222,0.5
"822",822,0.617635969770991,0.267149257301843,0.8
"823",823,0.615772296999654,0.267665098486806,0.5
"824",824,0.614428155154569,0.267620907081879,0.2
"825",825,0.614565472092817,0.267235807012469,0.7
"826",826,0.616569490841966,0.26707552168226,0.5
"827",827,0.615846534818715,0.266839442156798,0.5
"828",828,0.617128496856642,0.267058995233943,0.7
"829",829,0.616421923227429,0.266819582737478,0.7
"830",830,0.614119707090853,0.267544119434794,0.4
"831",831,0.614960091962419,0.26731889938548,0.7
"832",832,0.617519282948766,0.266588458123704,0.5
"833",833,0.615497518239415,0.267143858829905,0.3
"834",834,0.613964970804245,0.266781378920644,0.6
"835",835,0.615200135351417,0.266664399758989,0.6
"836",836,0.616013845964452,0.267123740300454,0.6
"837",837,0.615573677493397,0.266416190555509,0.6
"838",838,0.614269938506781,0.266094000831752,0.2
"839",839,0.613533350220859,0.267117035931808,0.7
"840",840,0.615236377310497,0.267035426028339,0.6
"841",841,0.6171775570649,0.267004053777384,0.6
"842",842,0.614826194716348,0.26781906644762,0.4
"843",843,0.6149356886367,0.267418960222193,0.6
"844",844,0.613939196297139,0.26638917725038,0.1
"845",845,0.614051892583052,0.267173315486331,0.6
"846",846,0.612709977313577,0.266811791268687,0.5
"847",847,0.612153040876425,0.266740282543779,0.4
"848",848,0.614036890959011,0.26607623255242,0.3
"849",849,0.614940970273398,0.267838587049459,0.7
"850",850,0.616939426638231,0.266694171657604,0.4
"851",851,0.616191850844347,0.266440765045943,0.5
"852",852,0.615397767445787,0.266742303512386,0.7
"853",853,0.612157068614545,0.267262537787139,0.4
"854",854,0.61363677979095,0.266611011946893,0.3
"855",855,0.615872287976894,0.266442059256304,0.3
"856",856,0.61494672833707,0.266797917730054,0.6
"857",857,0.616154151860515,0.266271032673937,0.6
"858",858,0.616766945469357,0.266191448210624,0.2
"859",859,0.61604822964227,0.267337660153232,0.2
"860",860,0.618318354101414,0.26658596554346,0.6
"861",861,0.617276147361462,0.267122445685432,0.7
"862",862,0.619927411130955,0.267264523253843,0.6
"863",863,0.61663268249812,0.2682736634355,0.8
"864",864,0.616170882434754,0.268068437196112,0.6
"865",865,0.618229975926374,0.267175661258601,0.5
"866",866,0.618155847658484,0.267526631432643,0.5
"867",867,0.617547119504982,0.267046780376564,0.4
"868",868,0.613599529093866,0.268142938529722,0.5
"869",869,0.615803223273324,0.268111175033119,0.1
"870",870,0.616238115639053,0.267239006237838,0.6
"871",871,0.615030465434188,0.268008329945478,0.5
"872",872,0.610211635363256,0.268891155799944,0.5
"873",873,0.612238714127341,0.267953787001307,0.6
"874",874,0.612431583596601,0.267870640342658,0.7
"875",875,0.612847209863268,0.267772559028198,0.6
"876",876,0.611754743759759,0.269146573908419,0.4
"877",877,0.610643099165399,0.269440844741576,0.5
"878",878,0.612054508296204,0.268843260055872,0.5
"879",879,0.611330667183545,0.268304402315489,0.6
"880",880,0.613547061363402,0.268501193005537,0.5
"881",881,0.611238665556773,0.268622759651369,0.4
"882",882,0.611430983848742,0.267669728401126,0.4
"883",883,0.613709689728451,0.268617732325534,0.8
"884",884,0.612096280940231,0.267810488118538,0.4
"885",885,0.609268782249907,0.268696077799261,0.5
"886",886,0.611746442213321,0.26800367954832,0.5
"887",887,0.613098161848172,0.268469839508094,0.6
"888",888,0.612489594840763,0.267763203506787,0.4
"889",889,0.61137446545689,0.267719741852802,0.4
"890",890,0.611392785608167,0.267882405839313,0.6
"891",891,0.610483914226061,0.267972341412647,0.6
"892",892,0.608533895811822,0.268984292267246,0.8
"893",893,0.610581041545782,0.267895247622508,0.6
"894",894,0.608770834014648,0.268106502328783,0.5
"895",895,0.611722989219441,0.267547137216005,0.4
"896",896,0.610083002348716,0.267677851666465,0.4
"897",897,0.611725939002935,0.267514820232361,0.5
"898",898,0.610927628855104,0.266455950954183,0.7
"899",899,0.612974471999623,0.266809677990717,0.5
"900",900,0.609499092209404,0.267738551302829,0.6
"901",901,0.609287779111703,0.268382018006872,0.4
"902",902,0.61162487057115,0.268166918486725,0.5
"903",903,0.61308461427366,0.267830543395698,0.4
"904",904,0.61298067341315,0.267751275710852,0.4
"905",905,0.612227800102893,0.267395112451095,0.2
"906",906,0.60910570074335,0.267948793920045,0.9
"907",907,0.609020922046536,0.268192502756081,0.5
"908",908,0.60752117761605,0.269246545155251,0.6
"909",909,0.609510414628873,0.269218151454958,0.2
"910",910,0.611640190718532,0.269435743456866,0.3
"911",911,0.609965014397852,0.269765119172155,0.6
"912",912,0.609872585276731,0.269989031792258,0.4
"913",913,0.608308849929653,0.269073462875423,0.3
"914",914,0.609835184184668,0.268059894611631,0.5
"915",915,0.609024048062325,0.26771804317737,0.4
"916",916,0.609203179218183,0.268148717863711,0.4
"917",917,0.610197179163337,0.267236692492659,0.7
"918",918,0.6099897393447,0.266759547392488,0.6
"919",919,0.610934576592107,0.26744734631492,0.5
"920",920,0.610590926934906,0.267120246479199,0.4
"921",921,0.609172499271874,0.268277321446541,0.5
"922",922,0.609158119856154,0.268765896219913,0.5
"923",923,0.609062098609208,0.268839747921747,0.6
"924",924,0.608484995585225,0.268190477969345,0.5
"925",925,0.611571066103327,0.26761349739124,0.7
"926",926,0.610777587861282,0.267633590978031,0.5
"927",927,0.610833678122196,0.267939184708099,0.7
"928",928,0.612093308491388,0.267299696779851,0.7
"929",929,0.61121030124078,0.268463380955441,0.4
"930",930,0.611370332899483,0.268519411847011,0.4
"931",931,0.611353256144535,0.267791914472256,0.5
"932",932,0.611322365763935,0.267765858971387,0.6
"933",933,0.610575341752968,0.268879106146902,0.7
"934",934,0.61157773875021,0.269342368673492,0.6
"935",935,0.609931429725836,0.2689590901572,0.4
"936",936,0.610596611406751,0.268301737317569,0.3
"937",937,0.611360117904909,0.268007959339476,0.4
"938",938,0.60981345371179,0.268528680549102,0.4
"939",939,0.612958843956544,0.268584741818074,0.5
"940",940,0.613539803146307,0.267723994041591,0.3
"941",941,0.610730821254659,0.268750991823845,0.5
"942",942,0.612164275930239,0.268524812484204,0.7
"943",943,0.612269155206369,0.268824982853777,0.5
"944",944,0.612431654455906,0.2684329649508,0.6
"945",945,0.61379441707419,0.268116168995881,0.7
"946",946,0.614346347029541,0.268222541041876,0.4
"947",947,0.61250219785676,0.268336472888919,0.3
"948",948,0.612032437014668,0.269156400038295,0.4
"949",949,0.611571583181686,0.268871725801731,0.7
"950",950,0.611422040949266,0.26821033802782,0.6
"951",951,0.610829828101102,0.268125119463083,0.4
"952",952,0.611409797810965,0.268234358260663,0.7
"953",953,0.611711433219063,0.268330169095503,0.5
"954",954,0.612482931507989,0.268462680907946,0.5
"955",955,0.61365554027619,0.268061348906858,0.5
"956",956,0.612695212409262,0.26834360458167,0.7
"957",957,0.612684069010188,0.267716054051858,0.4
"958",958,0.608259323565042,0.268658177697096,0.4
"959",959,0.609596398488386,0.26835905984704,0.9
"960",960,0.608707406861672,0.269832735513203,0.6
"961",961,0.606341039674878,0.270230379346957,0.5
"962",962,0.603386329725155,0.269852514776227,0.4
"963",963,0.604224628697161,0.269632016911074,0.5
"964",964,0.607406458304669,0.268854013055487,0.7
"965",965,0.607046031071422,0.268512885332632,0.5
"966",966,0.605752772937625,0.269067950424746,0.7
"967",967,0.603301563740624,0.27036734673094,0.5
"968",968,0.605068719415648,0.270172168707699,0.7
"969",969,0.606327822739937,0.269760103661351,0.2
"970",970,0.608336372346003,0.268713106717489,0.7
"971",971,0.607657019593713,0.269062506433907,0.6
"972",972,0.608221227262973,0.268997780114717,0.6
"973",973,0.608814397012436,0.268835372471968,0.5
"974",974,0.60692795148024,0.269415171595696,0.4
"975",975,0.610504843313373,0.268723695558443,0.7
"976",976,0.607272690592696,0.268941945681488,0.6
"977",977,0.607494874054126,0.269150003357141,0.3
"978",978,0.606359435416303,0.270397661743141,0.6
"979",979,0.608438852736123,0.269163387142404,0.7
"980",980,0.608696642347567,0.269068416742116,0.2
"981",981,0.607756993804162,0.269172843795389,0.4
"982",982,0.605021003785233,0.2691769691361,0.5
"983",983,0.604294367869926,0.269828144737158,0.4
"984",984,0.6046517126475,0.26841906946892,0.8
"985",985,0.605997240265384,0.268468109126334,0.6
"986",986,0.609718235677699,0.267938620184616,0.8
"987",987,0.610516684682857,0.268664034003411,0.7
"988",988,0.609799315586783,0.267932126007824,0.8
"989",989,0.608586340481073,0.26798375278223,0.7
"990",990,0.609694989006492,0.267881128640709,0.3
"991",991,0.608423611982017,0.267655825925988,0.8
"992",992,0.609231288361533,0.268605769507143,0.5
"993",993,0.609527769700168,0.268540235422134,0.3
"994",994,0.608731088088103,0.268755227133577,0.5
"995",995,0.608459160315864,0.26978633388661,0.3
"996",996,0.610295686495707,0.26882337018753,0.3
"997",997,0.608339314220936,0.269368224567871,0.6
"998",998,0.610133842147685,0.268421212400448,0.4
"999",999,0.607848643749521,0.268606473119924,0.3
"1000",1000,0.576083823370567,0.272672798403779,0.6
"1001",1001,0.556838294996704,0.274452594787893,0.5
"1002",1002,0.544573389072727,0.277296549560258,0.9
"1003",1003,0.528897028426458,0.277786064711477,0.6
"1004",1004,0.518194247517537,0.278356110110665,0.8
"1005",1005,0.507062100469128,0.278089062710276,0.6
"1006",1006,0.49405008834316,0.278337109200169,0.7
"1007",1007,0.480543069055894,0.278346804207057,0.4
"1008",1008,0.476378534370044,0.279462470700754,0.8
"1009",1009,0.467845140318029,0.279991649234261,0.6
"1010",1010,0.461590973501863,0.282460884261207,0.6
"1011",1011,0.448160410769214,0.281675338568072,0.9
"1012",1012,0.433592625247677,0.280983616635187,0.7
"1013",1013,0.422189204876146,0.276900671900141,0.4
"1014",1014,0.418827581773559,0.281537793030978,0.6
"1015",1015,0.414347582603952,0.27899368726151,0.9
"1016",1016,0.407592980485364,0.276638580746475,0.9
"1017",1017,0.390398910989406,0.276124151501725,0.6
"1018",1018,0.390443429276723,0.27713343390148,0.7
"1019",1019,0.381914613803671,0.273723102726742,0.9
"1020",1020,0.374860447997374,0.274710632967637,0.6
"1021",1021,0.371170802950451,0.272364561851037,0.7
"1022",1022,0.357275312827461,0.27096949665917,0.7
"1023",1023,0.349408907566694,0.269101928649509,0.7
"1024",1024,0.345070078894851,0.268495086063672,0.8
"1025",1025,0.341530662744654,0.270303302857735,0.9
"1026",1026,0.332731870779091,0.264965813562888,0.9
"1027",1027,0.326917484588499,0.264031873683918,0.9
"1028",1028,0.319104547580869,0.26364309581747,0.8
"1029",1029,0.312201016470768,0.261696242229922,0.9
"1030",1030,0.307698428035864,0.259180979831122,0.9
"1031",1031,0.308871094990022,0.259632820402365,0.9
"1032",1032,0.290204424921018,0.253778640895559,0.8
"1033",1033,0.288151123953356,0.252518887807196,0.9
"1034",1034,0.279574952306465,0.25112026502936,0.8
"1035",1035,0.268212190639385,0.245954242247213,0.8
"1036",1036,0.267684383670151,0.249411755962075,0.9
"1037",1037,0.260221870072686,0.24361285163907,0.7
"1038",1038,0.254190113930049,0.239993079129506,0.9
"1039",1039,0.242363388725077,0.233850449180741,0.7
"1040",1040,0.236880927783433,0.232013038526019,0.8
"1041",1041,0.231375528966125,0.227522846904881,0.8
"1042",1042,0.230536332185645,0.230510338143487,0.9
"1043",1043,0.228948345463445,0.228625170910414,0.8
"1044",1044,0.221635589724649,0.2256617682779,1
"1045",1045,0.223914295528069,0.228108958801903,1
"1046",1046,0.214968193526017,0.2247752369473,0.8
"1047",1047,0.208687965741576,0.219630229665784,1
"1048",1048,0.204110683020312,0.217001167681035,1
"1049",1049,0.203052061248192,0.216592050575015,1
"1050",1050,0.202192650356682,0.215468797796652,1
"1051",1051,0.193271408256611,0.21372520593864,0.8
"1052",1052,0.180805932426473,0.204275088030808,1
"1053",1053,0.180389851282946,0.204641438255579,0.9
"1054",1054,0.176465825776637,0.20072068978144,1
"1055",1055,0.161600626707323,0.19115080408196,0.8
"1056",1056,0.163597743850042,0.192622634703534,1
"1057",1057,0.16843284804807,0.198661236657488,0.9
"1058",1058,0.165393333157118,0.1935976128154,1
"1059",1059,0.162747864379988,0.193184781205898,0.9
"1060",1060,0.155687798255113,0.187588176214087,1
"1061",1061,0.154749502666056,0.186672319993959,0.9
"1062",1062,0.145336406287774,0.178664919225931,1
"1063",1063,0.141410169866101,0.179732263599317,1
"1064",1064,0.13925166198105,0.175231837289722,1
"1065",1065,0.141048843074166,0.17729358505799,0.9
"1066",1066,0.134926275962548,0.172341896941525,0.9
"1067",1067,0.135949165897242,0.176334667505005,0.8
"1068",1068,0.128667018709202,0.168663330392999,0.9
"1069",1069,0.128134096855509,0.16777915528226,0.8
"1070",1070,0.121537592654966,0.162130063920172,0.8
"1071",1071,0.115860779330148,0.156864515041362,0.8
"1072",1072,0.120424993778866,0.161878921458083,0.9
"1073",1073,0.119229584959408,0.160619129121225,0.8
"1074",1074,0.114932287918698,0.156853098456258,0.9
"1075",1075,0.115349045979333,0.157718168697122,0.9
"1076",1076,0.108065286481412,0.151434208845755,0.7
"1077",1077,0.10525313894683,0.148469928483065,1
"1078",1078,0.109378563177447,0.155161258534443,0.8
"1079",1079,0.102077572847707,0.147817565030388,0.8
"1080",1080,0.105119310920573,0.14998511416899,0.9
"1081",1081,0.0981832837476503,0.143310718849894,0.8
"1082",1082,0.0921430122254194,0.137660938152379,0.9
"1083",1083,0.0888451651259249,0.134305249328089,0.8
"1084",1084,0.0945428896452592,0.141519420333495,0.8
"1085",1085,0.0949829016689844,0.143342643101962,1
"1086",1086,0.0933449185104794,0.141690582202359,1
"1087",1087,0.0926790334712286,0.142646854806774,0.9
"1088",1088,0.0879992606178353,0.136479129134062,0.8
"1089",1089,0.0885433734505501,0.137265720972611,0.9
"1090",1090,0.083710042905661,0.13161484231026,0.8
"1091",1091,0.0799146829354733,0.127374765848919,0.9
"1092",1092,0.0835577715212627,0.132164052302188,0.9
"1093",1093,0.080010105097719,0.127734877619781,0.9
"1094",1094,0.0783384593195351,0.125228258079054,0.8
"1095",1095,0.0719132287460544,0.118302511010219,0.7
"1096",1096,0.0762001934570809,0.125808998682477,0.9
"1097",1097,0.0772196362272826,0.130706311329403,0.9
"1098",1098,0.0646743926299633,0.112715717981621,0.8
"1099",1099,0.0742593521011414,0.124597417855303,1
"1100",1100,0.0725789798939304,0.12496962268539,0.9
"1101",1101,0.0672167512879971,0.117322634135229,0.9
"1102",1102,0.0657800570902536,0.113871768371009,0.8
"1103",1103,0.0685831100428455,0.118696234956386,0.7
"1104",1104,0.0665971114741697,0.115842448600753,0.8
"1105",1105,0.0641114803175369,0.112291306185054,0.7
"1106",1106,0.0663447764834154,0.117771029171975,1
"1107",1107,0.062633229727828,0.111403613964031,1
"1108",1108,0.0627084423279056,0.112262261909093,1
"1109",1109,0.0633627520886917,0.115479247923795,0.9
"1110",1110,0.058986605638235,0.108525422363515,1
"1111",1111,0.0619630276145213,0.112613298813525,0.9
"1112",1112,0.0576188723538583,0.106237203558649,1
"1113",1113,0.0576487950897085,0.107535847703448,1
"1114",1114,0.0558713001731652,0.104245665278819,0.9
"1115",1115,0.0527855016278119,0.100138606696069,0.9
"1116",1116,0.0562916532424724,0.107081818361555,0.9
"1117",1117,0.0554194515569797,0.106096527568487,0.9
"1118",1118,0.0525962660721939,0.101299201567106,0.8
"1119",1119,0.0569110950613451,0.108657824232757,0.9
"1120",1120,0.0557782192042398,0.106642887307545,0.9
"1121",1121,0.0575492586582964,0.110001807606192,0.8
"1122",1122,0.0551683243138577,0.106700813499126,0.7
"1123",1123,0.0627567980843365,0.119357501674232,1
"1124",1124,0.0589219744813107,0.112116090320684,0.9
"1125",1125,0.05786182342853,0.110239492362157,0.8
"1126",1126,0.0520804804926659,0.102299185217625,0.6
"1127",1127,0.054741116755115,0.105149309748101,1
"1128",1128,0.0555625770224708,0.106727767723546,0.9
"1129",1129,0.0491534912193687,0.0979165119297034,0.7
"1130",1130,0.0488641518473499,0.0980203849786412,0.8
"1131",1131,0.0512307274168865,0.101362996287919,0.8
"1132",1132,0.050006340521085,0.0992245728770077,0.8
"1133",1133,0.0537577458367714,0.105885090907631,0.9
"1134",1134,0.0493301328380222,0.0995534263302378,0.8
"1135",1135,0.0497604091833704,0.101087932470641,0.9
"1136",1136,0.0463570338362,0.0950143692651837,0.7
"1137",1137,0.0460927103939096,0.0950454962752725,0.8
"1138",1138,0.0449734743845719,0.0923923487836608,1
"1139",1139,0.0461948184748986,0.0949349593384258,0.8
"1140",1140,0.0476786555040069,0.0973933179500668,0.8
"1141",1141,0.0471768849649162,0.0980710144246998,0.9
"1142",1142,0.0473829948732589,0.0984891914647868,1
"1143",1143,0.0473655088793806,0.0979855053456761,0.9
"1144",1144,0.0485127873893163,0.100981453168354,0.9
"1145",1145,0.0456465327150928,0.096648818523737,0.6
"1146",1146,0.0443685566841172,0.0940336546805385,0.9
"1147",1147,0.044388493616392,0.0939675173184518,0.9
"1148",1148,0.0419224601529311,0.0904169619938316,0.7
"1149",1149,0.0426077804079096,0.0918057243467761,0.9
"1150",1150,0.0433035405297158,0.0937301549340883,0.9
"1151",1151,0.0431948538242922,0.0931651800904718,0.8
"1152",1152,0.042593928358409,0.0916136520846111,0.7
"1153",1153,0.0456328343225746,0.0964587563702644,0.6
"1154",1154,0.0473171996897434,0.0989819600232377,0.8
"1155",1155,0.0444278995596511,0.095430480384727,0.7
"1156",1156,0.0423376176144514,0.0917383976220912,0.8
"1157",1157,0.0415011757806183,0.0908281294238565,0.8
"1158",1158,0.044081734064962,0.0944997912722026,0.8
"1159",1159,0.0439709912181229,0.094764133332442,0.7
"1160",1160,0.0451029645107359,0.0959410681648404,0.9
"1161",1161,0.0425761186933193,0.0925027906765834,0.8
"1162",1162,0.0440880083408816,0.0950666623467073,0.7
"1163",1163,0.0413367791887141,0.0906460576923069,0.8
"1164",1164,0.0451357039955501,0.0967956536814049,0.8
"1165",1165,0.0430949097302085,0.0930611830991464,0.5
"1166",1166,0.0419463399643247,0.0914400694570171,0.6
"1167",1167,0.0422040195006815,0.0921977233031052,0.6
"1168",1168,0.0415233488364632,0.0908604199522366,0.8
"1169",1169,0.0411689949404887,0.09076419492445,0.7
"1170",1170,0.0415753303081828,0.091705225820141,0.8
"1171",1171,0.0422364660395349,0.0922630435809923,0.6
"1172",1172,0.0400710837121669,0.0886785477808407,0.6
"1173",1173,0.041057795127319,0.0905070533012394,0.8
"1174",1174,0.0408192982477933,0.0900381451815145,0.7
"1175",1175,0.0394551880167155,0.0875847852672655,0.6
"1176",1176,0.0394722062223865,0.0873189128229328,0.8
"1177",1177,0.0396466118546136,0.0875246194666953,0.8
"1178",1178,0.038318763736921,0.0853092976829328,0.7
"1179",1179,0.0383416802373446,0.0855682840965053,0.7
"1180",1180,0.0394024726839082,0.0882760620959573,0.7
"1181",1181,0.0411195505118992,0.0913292545639472,0.8
"1182",1182,0.0384907733652139,0.0873924335011803,0.8
"1183",1183,0.038888972910792,0.0875707597440856,0.8
"1184",1184,0.0403350853877593,0.090215348355624,0.7
"1185",1185,0.0395452612657346,0.08907677470981,0.6
"1186",1186,0.0405119257490539,0.0901660760308859,0.7
"1187",1187,0.0422828621697642,0.0932368870022629,0.8
"1188",1188,0.0431260007756187,0.0943762289971492,0.9
"1189",1189,0.0403805179619478,0.0903009154571934,0.6
"1190",1190,0.0380785412170703,0.0865735151468675,0.7
"1191",1191,0.0400875448747418,0.0895161044542715,0.7
"1192",1192,0.0385110138106561,0.0869939692696501,0.8
"1193",1193,0.0388080451118497,0.088408055454144,0.8
"1194",1194,0.039189590351299,0.0888488757579535,0.8
"1195",1195,0.0404315666953233,0.0901202029408996,0.8
"1196",1196,0.0390535572952021,0.0881567546567387,0.7
"1197",1197,0.0390324922192524,0.0877099600993776,0.5
"1198",1198,0.0402734996093108,0.090394643085884,0.7
"1199",1199,0.0407095246414003,0.0911074228630664,0.8
"1200",1200,0.039809756576727,0.0898174338014379,0.6
"1201",1201,0.039671286488062,0.0896551590109701,0.7
"1202",1202,0.0391755772773741,0.0889055108519204,0.7
"1203",1203,0.0380667722502765,0.0869027043185781,0.7
"1204",1204,0.0380113575231908,0.0867202360146766,0.6
"1205",1205,0.0367348336173974,0.0848913058692454,0.6
"1206",1206,0.0374851032573633,0.0858354504044511,0.6
"1207",1207,0.0383997859704733,0.0876839877624811,0.8
"1208",1208,0.0382235087106537,0.0875283755487556,0.7
"1209",1209,0.0385240603534912,0.0880415178433994,0.6
"1210",1210,0.0372551537850443,0.0861336259969066,0.5
"1211",1211,0.0374226030804761,0.0866270548519063,0.5
"1212",1212,0.0376437388200554,0.0870895926847396,0.7
"1213",1213,0.0370513918519049,0.0860088005876514,0.6
"1214",1214,0.0370625798858679,0.0859853284037385,0.7
"1215",1215,0.0373816198731163,0.0867882396575585,0.6
"1216",1216,0.0365677813039434,0.0851057929001406,0.4
"1217",1217,0.0390637392174401,0.0891868065987522,0.9
"1218",1218,0.038059998297836,0.0877551158048611,0.5
"1219",1219,0.0394907823262414,0.0904736677278188,0.8
"1220",1220,0.0382243864857437,0.0878424473205311,0.7
"1221",1221,0.0373066247458775,0.086174076163296,0.6
"1222",1222,0.0382506199987979,0.0876963434927937,0.8
"1223",1223,0.0378649367616651,0.0867875740130827,0.4
"1224",1224,0.0380918229697788,0.0874314995445812,0.8
"1225",1225,0.0363291846521977,0.0845213614992499,0.3
"1226",1226,0.0369068734226385,0.0859939992165275,0.7
"1227",1227,0.0369117724870618,0.0859524465410302,0.7
"1228",1228,0.0376893681540874,0.0877430501415845,0.9
"1229",1229,0.0366420072460056,0.0854530096978102,0.7
"1230",1230,0.0371591347933455,0.0861509386905946,0.6
"1231",1231,0.0363614880302002,0.0846418905695057,0.5
"1232",1232,0.0384227218624546,0.0886581212906418,0.7
"1233",1233,0.037500023491771,0.0866186810477063,0.6
"1234",1234,0.037546776936349,0.0873056352844835,0.8
"1235",1235,0.0366023321102999,0.0851625371283508,0.7
"1236",1236,0.0367356867549327,0.0852031149683264,0.9
"1237",1237,0.0363624857527109,0.0845494752265514,0.6
"1238",1238,0.0357184976358418,0.0833774433236188,0.4
"1239",1239,0.0366965981429902,0.0854021321470319,0.6
"1240",1240,0.0374571851521249,0.0870798376506756,0.9
"1241",1241,0.0364330742132335,0.0850460559070367,0.6
"1242",1242,0.0382280004326613,0.0887652919465958,0.7
"1243",1243,0.0386689206111484,0.0891009893317363,0.8
"1244",1244,0.0372373123082655,0.0865801482164974,0.6
"1245",1245,0.0369043585884948,0.0857752059269811,0.6
"1246",1246,0.036638950810678,0.0849697027134163,0.3
"1247",1247,0.035915955510759,0.083807367191064,0.2
"1248",1248,0.0370195235180211,0.0861852173011465,0.7
"1249",1249,0.035335522282645,0.0828154365190018,0.2
"1250",1250,0.0356523720075294,0.0835409954078243,0.4
"1251",1251,0.0357838487078012,0.0838325856698411,0.5
"1252",1252,0.0360486024002953,0.0844208680682898,0.4
"1253",1253,0.0346557113186816,0.0817869682335367,0.1
"1254",1254,0.0352460945355443,0.0831476489690589,0.4
"1255",1255,0.0348055694880354,0.082358324530075,0.2
"1256",1256,0.0349688448983211,0.0827579024971713,0.5
"1257",1257,0.0355407333888789,0.0834973778845793,0.5
"1258",1258,0.0345660584284371,0.0820861505098376,0.4
"1259",1259,0.0352351174955529,0.0828899752051083,0.4
"1260",1260,0.0357628778233755,0.0840003427501808,0.5
"1261",1261,0.0344481240159885,0.0815347472593159,0.2
"1262",1262,0.0358039267156107,0.0843548158895971,0.5
"1263",1263,0.0342647021787285,0.0818308123532804,0.3
"1264",1264,0.0349865712494945,0.0830414892664979,0.5
"1265",1265,0.0350757190050587,0.0830763389915172,0.5
"1266",1266,0.0359920015588011,0.0843559825939363,0.5
"1267",1267,0.0355124835167622,0.0834258499592154,0.2
"1268",1268,0.0357454845407146,0.0843352084417836,0.7
"1269",1269,0.0363722261950169,0.0853964875281499,0.8
"1270",1270,0.0348836712167996,0.0826759748049767,0.5
"1271",1271,0.0351777544795172,0.0832364875215437,0.6
"1272",1272,0.0350608114811772,0.0826092366828147,0.2
"1273",1273,0.0348209855067979,0.0822581652951466,0.4
"1274",1274,0.0349722910198703,0.0828197780240347,0.6
"1275",1275,0.0346444411607067,0.0824312931940315,0.3
"1276",1276,0.0354878968913624,0.0838305882342044,0.5
"1277",1277,0.0360103460131199,0.0848499825428165,0.5
"1278",1278,0.036151488891579,0.0851025698868005,0.6
"1279",1279,0.0357983801236821,0.0842195476374537,0.4
"1280",1280,0.0358192775007879,0.0850706861157393,0.8
"1281",1281,0.0352043739988893,0.0835863346378845,0.4
"1282",1282,0.0352266070011139,0.0833038856140397,0.4
"1283",1283,0.0349438275362122,0.0824836498293879,0.2
"1284",1284,0.0352201431141323,0.0834817084038698,0.6
"1285",1285,0.0365314625347066,0.0853988997565488,0.6
"1286",1286,0.036944641997517,0.0861384583522235,0.7
"1287",1287,0.0354321703915928,0.0835879067779099,0.5
"1288",1288,0.0350614014759578,0.0831260727081927,0.5
"1289",1289,0.0368789808239103,0.0864533343050689,0.8
"1290",1290,0.0360153546581463,0.0846412242328275,0.4
"1291",1291,0.0368133650082147,0.0865201501595953,0.6
"1292",1292,0.0363423280199966,0.0853594211800008,0.6
"1293",1293,0.0383270857110335,0.0889947608981861,1
"1294",1294,0.0373041333179295,0.0869818975032758,0.6
"1295",1295,0.0374833022855486,0.087587974883611,0.8
"1296",1296,0.0364034369891913,0.0854950147892375,0.9
"1297",1297,0.0361713069270692,0.0851240505334196,0.5
"1298",1298,0.0368299150177931,0.086196111181632,0.8
"1299",1299,0.0368178117523091,0.0863251100551721,0.7
"1300",1300,0.0352255446467412,0.0832111405191112,0.2
"1301",1301,0.03496755609719,0.0830246407442448,0.5
"1302",1302,0.034689797805807,0.0827638491073155,0.5
"1303",1303,0.0351270662510173,0.0833283365327679,0.5
"1304",1304,0.0358628984951702,0.0844700253835368,0.5
"1305",1305,0.0362987253708014,0.0855289660338306,0.5
"1306",1306,0.0366900530268701,0.0863118610338555,0.6
"1307",1307,0.0357066964465862,0.0842599580150672,0.4
"1308",1308,0.0358295890060965,0.0844424274173576,0.5
"1309",1309,0.03457026301666,0.0819620228213037,0.3
"1310",1310,0.036311054687067,0.0852897288237215,0.8
"1311",1311,0.0364044634414131,0.0854718054513714,0.5
"1312",1312,0.0364424655469853,0.0855587330053382,0.5
"1313",1313,0.0356163860325508,0.0841798925920521,0.6
"1314",1314,0.0354440748046443,0.0838335755481795,0.4
"1315",1315,0.0357107500862044,0.084222701963389,0.6
"1316",1316,0.0352928462957387,0.0838179758578203,0.5
"1317",1317,0.0347158157854076,0.0823666347348754,0.3
"1318",1318,0.0353041649307116,0.0836409906522808,0.6
"1319",1319,0.0355597737484742,0.0842173778785175,0.6
"1320",1320,0.0362292402205925,0.0852965844974309,0.6
"1321",1321,0.0346390330930885,0.0824480798340834,0.4
"1322",1322,0.0360502416574063,0.0849882708229648,0.6
"1323",1323,0.036466077854416,0.0858164015928159,0.5
"1324",1324,0.0369809678640202,0.0868117744355039,0.6
"1325",1325,0.0352527535765145,0.0834182610116448,0.5
"1326",1326,0.0355096438695595,0.0843903716297195,0.7
"1327",1327,0.0343054967294355,0.0818016759472584,0.4
"1328",1328,0.0346904299748077,0.082402441849227,0.4
"1329",1329,0.0359540051897505,0.0849603030644407,0.7
"1330",1330,0.0351954840010384,0.0831500911434902,0.3
"1331",1331,0.0354277769926004,0.0836706780373532,0.4
"1332",1332,0.0346789946226673,0.0826157922637281,0.4
"1333",1333,0.0359613647005916,0.084709873328845,0.5
"1334",1334,0.0374492534768677,0.0872818460493216,0.7
"1335",1335,0.037099635090653,0.0866715837663822,0.8
"1336",1336,0.0360818217480229,0.0844063097255725,0.3
"1337",1337,0.0372790717899661,0.0868158187508352,0.6
"1338",1338,0.0354109131740042,0.0834292510080809,0.4
"1339",1339,0.0341159079784443,0.0812823498905482,0.3
"1340",1340,0.034550488415518,0.0823642452053507,0.4
"1341",1341,0.0353171263600049,0.0837005080723573,0.5
"1342",1342,0.0367072754220838,0.086028598687186,0.5
"1343",1343,0.035737376838933,0.0844031314940784,0.7
"1344",1344,0.0366639148968066,0.0860970834323325,0.5
"1345",1345,0.0362521258731753,0.0850240968799432,0.3
"1346",1346,0.0354880201274291,0.0835009601130775,0.3
"1347",1347,0.0359172494395327,0.084568066516646,0.6
"1348",1348,0.0355642522370695,0.083834817580688,0.4
"1349",1349,0.0360135790041684,0.0847636760323733,0.5
"1350",1350,0.0357333770980268,0.0843872638410592,0.4
"1351",1351,0.0357184629262681,0.0840718937787333,0.4
"1352",1352,0.0361162366511108,0.084705067951354,0.6
"1353",1353,0.0361619562595693,0.0848720731498603,0.7
"1354",1354,0.0367932434058355,0.0860299970711016,0.6
"1355",1355,0.036484877622813,0.0854534648187262,0.5
"1356",1356,0.03557318167092,0.0837667398175239,0.3
"1357",1357,0.0357928241027538,0.0844140885315016,0.5
"1358",1358,0.035720974663986,0.0843083673462428,0.6
"1359",1359,0.03520152979461,0.0834226375114301,0.2
"1360",1360,0.0339827913684375,0.0814496751024878,0.3
"1361",1361,0.0344070742712655,0.0824280249657931,0.5
"1362",1362,0.0344217047226553,0.082135919165724,0.4
"1363",1363,0.0352869042575041,0.0837234130686257,0.5
"1364",1364,0.0351475222438532,0.0833572399903868,0.4
"1365",1365,0.0349723834568909,0.0829530480922006,0.4
"1366",1366,0.0343348251576198,0.081800567729208,0.4
"1367",1367,0.0342745110697398,0.0822736079568583,0.5
"1368",1368,0.0354168274066621,0.0840799561829985,0.7
"1369",1369,0.0346219621137603,0.0821993160853157,0.3
"1370",1370,0.0352593900854922,0.0834526468522503,0.4
"1371",1371,0.0355176437626295,0.0837212356277713,0.4
"1372",1372,0.0347751779800711,0.0825057709501205,0.3
"1373",1373,0.0347071145071398,0.0828363534509455,0.7
"1374",1374,0.0345218355175904,0.0825689398752417,0.6
"1375",1375,0.0344268569913012,0.0823365850241155,0.3
"1376",1376,0.0361541218590575,0.0855502802729141,0.5
"1377",1377,0.0356977114086545,0.0846906887473273,0.5
"1378",1378,0.0352703068974385,0.0840016278460721,0.6
"1379",1379,0.0347158421746244,0.0829185292861935,0.5
"1380",1380,0.0349812619879385,0.0832890354672105,0.4
"1381",1381,0.0350725453921308,0.0835987181029998,0.7
"1382",1382,0.0363501164511089,0.0859578360640401,0.8
"1383",1383,0.0368449592699132,0.0866154229047616,0.7
"1384",1384,0.0361874721053497,0.085346056838182,0.5
"1385",1385,0.035816228169201,0.084230664832406,0.3
"1386",1386,0.035190499561159,0.0831085394347049,0.4
"1387",1387,0.0345002612444848,0.0820398925227385,0.3
"1388",1388,0.0348546736940343,0.0829528728748033,0.2
"1389",1389,0.0365357162162437,0.0862939917050455,0.6
"1390",1390,0.0358247465266464,0.0845048274507727,0.5
"1391",1391,0.0358852689159314,0.0846048694129229,0.6
"1392",1392,0.0354934604469244,0.0844316134868459,0.5
"1393",1393,0.034813870937574,0.083183341813072,0.5
"1394",1394,0.0357938925742814,0.0850783959390009,0.5
"1395",1395,0.0350161359391964,0.0830913675590345,0.3
"1396",1396,0.0361515901441544,0.0851528657607046,0.7
"1397",1397,0.0366482637158487,0.0857924707467076,0.4
"1398",1398,0.0361549931054605,0.084472115923355,0.4
"1399",1399,0.0347727631882689,0.082587229155761,0.2
"1400",1400,0.0347072003571661,0.0827293477366357,0.4
"1401",1401,0.036448832658167,0.0860329355007944,0.5
"1402",1402,0.0367974441269709,0.086424929477535,0.6
"1403",1403,0.0366528688490938,0.0861316687774809,0.6
"1404",1404,0.0352486396462506,0.0833028232826836,0.3
"1405",1405,0.035665283601874,0.0839515044134348,0.5
"1406",1406,0.0368200196459723,0.0864928571671382,0.8
"1407",1407,0.035405036492145,0.0838252119000974,0.4
"1408",1408,0.0349158715018768,0.0823202123632475,0.2
"1409",1409,0.0354881839761172,0.0836673985120497,0.5
"1410",1410,0.0353461871654921,0.0834716020734476,0.4
"1411",1411,0.0344387883809453,0.0818738106881843,0.2
"1412",1412,0.0343860577411509,0.0820422260364861,0.4
"1413",1413,0.0341770850182506,0.0814146131666891,0.4
"1414",1414,0.0354256467551339,0.0839325317535893,0.4
"1415",1415,0.036887540055375,0.0867878787734945,0.8
"1416",1416,0.0349342903388059,0.0831184372198607,0.4
"1417",1417,0.0343887500139331,0.0819677741234364,0.3
"1418",1418,0.0348444737359094,0.0829436870121074,0.5
"1419",1419,0.034596446181313,0.0827899352126353,0.5
"1420",1420,0.0355645467380908,0.084332122796841,0.5
"1421",1421,0.0367624440146364,0.0865260655579147,0.6
"1422",1422,0.0366102753734716,0.0858879976303025,0.6
"1423",1423,0.0355114034087241,0.0839719797823113,0.5
"1424",1424,0.0360068867119718,0.084705328022132,0.7
"1425",1425,0.0359553574700431,0.0848194482262014,0.5
"1426",1426,0.0354941407346461,0.0840651654206624,0.5
"1427",1427,0.0357875535162456,0.084145458307356,0.6
"1428",1428,0.0376428675460999,0.087766551945512,0.7
"1429",1429,0.035812988582576,0.0842758265885828,0.5
"1430",1430,0.0349137420418808,0.0830296563362079,0.2
"1431",1431,0.0357771101260591,0.0847386845425099,0.6
"1432",1432,0.035758275371094,0.0842703564671316,0.6
"1433",1433,0.0352488495410864,0.0830929203802724,0.4
"1434",1434,0.0358620834477512,0.0843826527836529,0.7
"1435",1435,0.0355763993766409,0.084291157865999,0.4
"1436",1436,0.0353467948987784,0.0837791273387218,0.5
"1437",1437,0.0357795614578703,0.0842406468725261,0.6
"1438",1438,0.0358392137009964,0.0842275720350918,0.2
"1439",1439,0.0350793646779013,0.0831281244237846,0.3
"1440",1440,0.035587488918187,0.0845796376952215,0.7
"1441",1441,0.0352902263602734,0.0836464762104355,0.6
"1442",1442,0.0358886430123007,0.084989045282191,0.5
"1443",1443,0.0351634894348446,0.0835380330161924,0.5
"1444",1444,0.0357040652056389,0.084435044840892,0.5
"1445",1445,0.0348853207307123,0.0829396706594167,0.5
"1446",1446,0.036699046215661,0.0860357949889723,0.7
"1447",1447,0.0346173972992201,0.0822686701963321,0.2
"1448",1448,0.0344898763122661,0.0821322450168741,0.5
"1449",1449,0.034523676219193,0.0821995698285024,0.4
"1450",1450,0.0344386734995306,0.0822141829876103,0.4
"1451",1451,0.0369291617785148,0.0865657125411051,0.8
"1452",1452,0.0361054336383379,0.0854350079182888,0.4
"1453",1453,0.0357787125809836,0.0844348766455783,0.6
"1454",1454,0.0357871684131053,0.0844293718200155,0.6
"1455",1455,0.0349220485075772,0.0827832662872058,0.5
"1456",1456,0.0350983812416068,0.083479375318542,0.6
"1457",1457,0.0354183092854502,0.0843804817586158,0.7
"1458",1458,0.0353214683134592,0.0845261093722849,0.5
"1459",1459,0.0358055848618156,0.0852682152635697,0.8
"1460",1460,0.0358973348648482,0.0851309299712179,0.6
"1461",1461,0.0360730129672814,0.0856726519594054,0.8
"1462",1462,0.0358313215531769,0.0848178380660258,0.5
"1463",1463,0.0357571660121742,0.0844177511673585,0.4
"1464",1464,0.0343891925711118,0.0819797169326,0.1
"1465",1465,0.0337092273645247,0.0808900024109467,0.2
"1466",1466,0.0351208002569013,0.0834245727573978,0.4
"1467",1467,0.0346799843634264,0.0828782726071653,0.6
"1468",1468,0.0351328733353009,0.0841237340751194,0.6
"1469",1469,0.0346315806334518,0.0825211856145464,0.3
"1470",1470,0.0346598933463971,0.0823569549226143,0.4
"1471",1471,0.0351603502264906,0.0833480820789358,0.6
"1472",1472,0.035631342832873,0.0845547678575679,0.7
"1473",1473,0.0353500303543977,0.0837355878423093,0.2
"1474",1474,0.0357069023835224,0.084566744072837,0.5
"1475",1475,0.0357028230680926,0.0844295875082868,0.5
"1476",1476,0.0358348787037782,0.0852410201153778,0.6
"1477",1477,0.0360384489227146,0.0852252283731841,0.7
"1478",1478,0.035133674604192,0.0835871491685446,0.4
"1479",1479,0.0345849155625195,0.082533392136938,0.3
"1480",1480,0.0348600294078628,0.0832702890709125,0.5
"1481",1481,0.0355816156779414,0.0844442051663861,0.5
"1482",1482,0.0352919953622573,0.0837763719264874,0.3
"1483",1483,0.0355464143903097,0.0841171311703827,0.5
"1484",1484,0.0353479133597517,0.0836249279652453,0.2
"1485",1485,0.0358698064661652,0.0846312868902564,0.6
"1486",1486,0.0359708653494762,0.0848967921525133,0.5
"1487",1487,0.0362234641136293,0.0855826809643107,0.5
"1488",1488,0.0347967345997767,0.082701386086742,0.3
"1489",1489,0.0350439714109602,0.0832345879230202,0.4
"1490",1490,0.0356347217243598,0.0842370866626336,0.6
"1491",1491,0.0358037242016264,0.0845827759569867,0.6
"1492",1492,0.0349221798435649,0.0829522469276407,0.5
"1493",1493,0.0354526679967115,0.0840216451494477,0.6
"1494",1494,0.036007946561038,0.085227114762921,0.4
"1495",1495,0.0349514529061426,0.083091972342607,0.3
"1496",1496,0.0353469160856831,0.0837404778104332,0.5
"1497",1497,0.0353892582838301,0.0840411598424184,0.7
"1498",1498,0.0363023033993638,0.0859404914001784,0.6
"1499",1499,0.035605063922988,0.0840542353809516,0.3
"1500",1500,0.0365597762979361,0.0858690087735599,0.8
"1501",1501,0.0369260059169644,0.0865472992256676,0.8
"1502",1502,0.0357126277870168,0.0841705188437367,0.4
"1503",1503,0.0342680864704778,0.0820377263198648,0.5
"1504",1504,0.036232661065544,0.0855297232850158,0.8
"1505",1505,0.0361190001023048,0.0853467679352419,0.6
"1506",1506,0.0360078615881785,0.0847565189726084,0.6
"1507",1507,0.0358930050124318,0.0846457440461848,0.4
"1508",1508,0.035923733330037,0.0848253023952182,0.6
"1509",1509,0.0348322010422869,0.0825409425884554,0.3
"1510",1510,0.035780724819236,0.0847906738295511,0.8
"1511",1511,0.0349178027841594,0.0831968052094753,0.4
"1512",1512,0.0351362749590716,0.0837073341698483,0.4
"1513",1513,0.0358033952259019,0.0845948115667777,0.4
"1514",1514,0.0369209341712149,0.086606818068687,0.6
"1515",1515,0.0358391845777536,0.0843919657075221,0.4
"1516",1516,0.0357670325966801,0.0847428300486427,0.8
"1517",1517,0.036160585731999,0.0849948432641884,0.5
"1518",1518,0.0365316372207668,0.0854682451915322,0.6
"1519",1519,0.0359184268476565,0.0846106789535193,0.5
"1520",1520,0.0353338738417789,0.0837849281605034,0.5
"1521",1521,0.034847834505696,0.0829754775078269,0.5
"1522",1522,0.0352298544723102,0.0833560951171832,0.5
"1523",1523,0.0355559252027938,0.0843393451765076,0.5
"1524",1524,0.0357162859667337,0.08405194220301,0.4
"1525",1525,0.0350899672189724,0.0831218040277248,0.3
"1526",1526,0.035250685232891,0.0831853707701355,0.2
"1527",1527,0.0350148981101868,0.0830764686766625,0.4
"1528",1528,0.0342731913653646,0.0822661758190105,0.3
"1529",1529,0.0356162692333768,0.0849751044066132,0.8
"1530",1530,0.035528011594288,0.084074018574414,0.4
"1531",1531,0.0357760827575864,0.084634426835223,0.7
"1532",1532,0.0366944513079138,0.0867203982736821,0.6
"1533",1533,0.0360685066547997,0.0854329543145327,0.7
"1534",1534,0.0350886410380233,0.0837852495245157,0.4
"1535",1535,0.0355294788360586,0.084381862819928,0.7
"1536",1536,0.0350905509102949,0.0833297700505866,0.3
"1537",1537,0.0346245748197367,0.0822538844712704,0.3
"1538",1538,0.0353584302562582,0.0835950074288505,0.8
"1539",1539,0.0357304439680321,0.0845563617007906,0.6
"1540",1540,0.036027266986241,0.0850365843093835,0.9
"1541",1541,0.0353511700791895,0.0836129543477945,0.5
"1542",1542,0.0363422077581377,0.085211350697389,0.7
"1543",1543,0.0349126425837051,0.0825547532494014,0.2
"1544",1544,0.0366260046250467,0.0858860318655421,0.7
"1545",1545,0.0380978193359971,0.0885182547418285,0.9
"1546",1546,0.0365505948810016,0.0854791055842967,0.3
"1547",1547,0.0362174096196826,0.0847979301938384,0.4
"1548",1548,0.0355795072172592,0.0837138336677854,0.6
"1549",1549,0.0350646498118585,0.0828479157513929,0.2
"1550",1550,0.0343968398171472,0.081472022149535,0.2
"1551",1551,0.0348617553399971,0.0822768173656866,0.3
"1552",1552,0.0362705119894423,0.0848512067237795,0.7
"1553",1553,0.0360219853347383,0.0846699319968285,0.6
"1554",1554,0.0354282782882671,0.0835079068745359,0.5
"1555",1555,0.0358894303522652,0.0846336276092201,0.6
"1556",1556,0.0353129973891603,0.0836907875443778,0.6
"1557",1557,0.0350007474343256,0.0833657114788659,0.5
"1558",1558,0.0358824927711772,0.0847577388930089,0.5
"1559",1559,0.0350162627945593,0.0833410920107045,0.3
"1560",1560,0.0344295731010321,0.0821872432832878,0.4
"1561",1561,0.0348597143069028,0.083388050736511,0.6
"1562",1562,0.0354634941908154,0.0840544236150508,0.6
"1563",1563,0.0337448050592937,0.0813456841145136,0.5
"1564",1564,0.0345604148258689,0.0828397319684586,0.5
"1565",1565,0.0346825846349904,0.0834512849261056,0.5
"1566",1566,0.034852012568161,0.0833425014804636,0.4
"1567",1567,0.0336366021623217,0.0812346212145677,0.3
"1568",1568,0.0350917477608884,0.0836515196979327,0.6
"1569",1569,0.0356395008067775,0.0844896960855143,0.5
"1570",1570,0.0343595445137432,0.0822588308820768,0.3
"1571",1571,0.0352305441257118,0.0833779350578878,0.4
"1572",1572,0.0349133518800121,0.0830199916983974,0.4
"1573",1573,0.0353403461671872,0.0841474335849612,0.7
"1574",1574,0.0344996337952108,0.0826038602219173,0.5
"1575",1575,0.0352239386185209,0.0835678149731373,0.5
"1576",1576,0.0345990898666471,0.0824149526624889,0.3
"1577",1577,0.0341109762466459,0.0820897318640787,0.4
"1578",1578,0.0349254325380789,0.0831054810541991,0.3
"1579",1579,0.0357638929548078,0.0845953612842201,0.5
"1580",1580,0.0344185217977269,0.0819909859076502,0.3
"1581",1581,0.0360667682728258,0.085174319917829,0.5
"1582",1582,0.0364195304872898,0.0856425863813847,0.7
"1583",1583,0.0353138004918845,0.0837366616247315,0.3
"1584",1584,0.034845732685399,0.082986724350736,0.4
"1585",1585,0.0339024465870895,0.081161626433476,0.2
"1586",1586,0.0349559548029416,0.0830286870373666,0.4
"1587",1587,0.0360875988127883,0.0854014817927471,0.5
"1588",1588,0.0352828806587126,0.083814425202978,0.6
"1589",1589,0.0347774014745085,0.083127383876495,0.4
"1590",1590,0.0352344740144227,0.0838114264441995,0.5
"1591",1591,0.0342991385601952,0.0821967077563953,0.4
"1592",1592,0.0355077808949246,0.0842457958449745,0.4
"1593",1593,0.034563136368355,0.082792649210882,0.5
"1594",1594,0.0353150248777584,0.084301708892283,0.6
"1595",1595,0.0340756084169217,0.0817263803301385,0.1
"1596",1596,0.0354785691479251,0.0844425956854441,0.6
"1597",1597,0.0352162782190069,0.0837464652866279,0.4
"1598",1598,0.0346758386709759,0.0827181356936668,0.5
"1599",1599,0.0355043682154494,0.084241870920071,0.7
"1600",1600,0.0355129659350756,0.0844147105516675,0.3
"1601",1601,0.034887290352604,0.0829323807427367,0.5
"1602",1602,0.0359099673508138,0.0851086006459762,0.7
"1603",1603,0.0355734542487866,0.0842445230168467,0.4
"1604",1604,0.0342868401294199,0.0819761348547279,0.4
"1605",1605,0.0344330431835198,0.0823659596703182,0.5
"1606",1606,0.034272298436861,0.0816879365868302,0.4
"1607",1607,0.0349266177876097,0.0829287817419977,0.6
"1608",1608,0.0356269006035782,0.0839457694358355,0.6
"1609",1609,0.0354556798574538,0.084040740884315,0.4
"1610",1610,0.0359364631862672,0.0847969757838509,0.5
"1611",1611,0.0356442252193005,0.0843424769868847,0.6
"1612",1612,0.0362697636838509,0.0854570821184566,0.7
"1613",1613,0.0354826823808562,0.0841190229312084,0.6
"1614",1614,0.0354508600974561,0.0839490581920914,0.5
"1615",1615,0.0340970558361818,0.0812912144251095,0.2
"1616",1616,0.0351009306301711,0.0832061977024,0.8
"1617",1617,0.0343245781443967,0.0815518113303015,0.4
"1618",1618,0.0362255162117281,0.0858143947410775,0.9
"1619",1619,0.0355879059272215,0.0844456329671326,0.4
"1620",1620,0.0352416567319305,0.0838915312266225,0.5
"1621",1621,0.0346838902534499,0.0824436204084704,0.4
"1622",1622,0.0353622904718888,0.0833345910554731,0.5
"1623",1623,0.0343640568280085,0.0818663643217512,0.2
"1624",1624,0.0354101949958786,0.0842017361129794,0.7
"1625",1625,0.0358789931750266,0.0848557263841515,0.7
"1626",1626,0.0353283371571636,0.0837473440431589,0.4
"1627",1627,0.03518842846873,0.0834902354585769,0.4
"1628",1628,0.0353941803375836,0.0842560432767945,0.6
"1629",1629,0.0351322983531566,0.0834583452916506,0.4
"1630",1630,0.0349031133116042,0.0829799182455403,0.4
"1631",1631,0.0352714637594978,0.0839858979002456,0.3
"1632",1632,0.0355134946456913,0.0840864780536591,0.5
"1633",1633,0.0355251155433697,0.083875897944811,0.3
"1634",1634,0.036637905515932,0.0859642317298844,0.7
"1635",1635,0.0361448542824023,0.0847265616028034,0.7
"1636",1636,0.0357743334542339,0.0840477381203544,0.6
"1637",1637,0.0353679385326761,0.0833449436404618,0.4
"1638",1638,0.0358186180792076,0.0843235058151101,0.5
"1639",1639,0.0361254559034591,0.0848884807379235,0.6
"1640",1640,0.0360927742748798,0.0844799072169252,0.5
"1641",1641,0.0350455762439034,0.0827600018251047,0.4
"1642",1642,0.0352378867677809,0.0833448764538594,0.7
"1643",1643,0.0360994488085826,0.084995896723682,0.5
"1644",1644,0.035579799031704,0.0838805513475146,0.6
"1645",1645,0.0360091914001422,0.0848820896483296,0.7
"1646",1646,0.0347756619812728,0.0827799197803446,0.3
"1647",1647,0.0346953746732604,0.0824426280454129,0.2
"1648",1648,0.0361339082208825,0.0849344914311838,0.7
"1649",1649,0.0343305298794274,0.0817190944134135,0.2
"1650",1650,0.035178988589149,0.0835411123780033,0.7
"1651",1651,0.0346995682827994,0.0827643968317551,0.6
"1652",1652,0.034986715108821,0.083628125847751,0.5
"1653",1653,0.0348474996120274,0.0827535936322111,0.3
"1654",1654,0.0360052838617481,0.0852445834985972,0.6
"1655",1655,0.0349368206584483,0.0831678364621867,0.3
"1656",1656,0.0342470678950313,0.0818568918160558,0.3
"1657",1657,0.0355998057582081,0.0843126802773416,0.7
"1658",1658,0.035409477471852,0.0841671589548869,0.6
"1659",1659,0.0373796938791269,0.0878959985446132,0.7
"1660",1660,0.0356945381558744,0.0842913485085653,0.5
"1661",1661,0.0353078135996434,0.0835089190415761,0.5
"1662",1662,0.0349318335653847,0.0830277284163143,0.5
"1663",1663,0.0351344924220151,0.0833710166248428,0.4
"1664",1664,0.035661184020929,0.0843702148345867,0.4
"1665",1665,0.0365500123755478,0.0859732771007743,0.7
"1666",1666,0.0366331381518696,0.0861168159153163,0.6
"1667",1667,0.0352108529315575,0.0836373446238832,0.6
"1668",1668,0.0348307133105869,0.0829330635676578,0.3
"1669",1669,0.0357168157541434,0.0844691079432407,0.5
"1670",1670,0.0359033788816599,0.0847421200643654,0.6
"1671",1671,0.0355704459280862,0.0838517555855657,0.6
"1672",1672,0.0356066437238628,0.084054319347751,0.5
"1673",1673,0.0359617196971471,0.0845136559966052,0.5
"1674",1674,0.0371184252207469,0.0868278101942134,0.9
"1675",1675,0.0353069559722925,0.083710594061244,0.5
"1676",1676,0.0360406997693107,0.0849992630845948,0.4
"1677",1677,0.0360145585975652,0.0850617202796161,0.7
"1678",1678,0.0371892226067257,0.0870218449848157,0.6
"1679",1679,0.0362975557055556,0.0852167940926032,0.5
"1680",1680,0.035605693032966,0.0839096158035415,0.5
"1681",1681,0.0348839907419222,0.0827496191206233,0.2
"1682",1682,0.0344820069958981,0.0820844502584758,0.5
"1683",1683,0.0361520329040944,0.0850399827256511,0.7
"1684",1684,0.0349280660818234,0.0825848640221039,0.4
"1685",1685,0.0339738415212526,0.0807244344070721,0.2
"1686",1686,0.0361424601417422,0.0851401391749031,0.7
"1687",1687,0.0366932401301268,0.0863784795908626,0.8
"1688",1688,0.034839707041247,0.0827992467420629,0.5
"1689",1689,0.0358562634332121,0.084675234280639,0.6
"1690",1690,0.035095654248231,0.0834957623631187,0.4
"1691",1691,0.0361663109409296,0.0852441653474151,0.6
"1692",1692,0.03692815350295,0.0862150340690989,0.5
"1693",1693,0.0361944461176215,0.0851600466558363,0.5
"1694",1694,0.0352678786629975,0.0834302146349564,0.4
"1695",1695,0.036432654419151,0.0854230324981553,0.7
"1696",1696,0.0354125477472391,0.08364568085462,0.3
"1697",1697,0.0360199440042746,0.0848311710381817,0.6
"1698",1698,0.0358072730922105,0.0841592239257823,0.4
"1699",1699,0.0353915234229232,0.0834976185459788,0.5
"1700",1700,0.0338556117019935,0.080653214983727,0.3
"1701",1701,0.0342165656988959,0.0815854275982534,0.3
"1702",1702,0.0352363545324364,0.0837617949713954,0.6
"1703",1703,0.0349467421974448,0.0830822612311641,0.6
"1704",1704,0.0340776775934784,0.0810796857001764,0
"1705",1705,0.0348461698241293,0.0824271817886608,0.2
"1706",1706,0.0339666481036046,0.081101184583125,0.4
"1707",1707,0.0342207485657495,0.081692822073619,0.4
"1708",1708,0.0347403496130448,0.082782395772047,0.4
"1709",1709,0.036195302538619,0.0854014962593488,0.7
"1710",1710,0.0343805037598963,0.0822376518226711,0.2
"1711",1711,0.0359374990065308,0.0852415333219335,0.7
"1712",1712,0.0344735747775371,0.0823102323015246,0.3
"1713",1713,0.0343874216754243,0.0820267153876364,0.6
"1714",1714,0.0353338761578465,0.0838001015011613,0.3
"1715",1715,0.0349427734147403,0.0829430323891227,0.6
"1716",1716,0.0351067591756643,0.0834532607113895,0.4
"1717",1717,0.0359900505196333,0.085560069963407,0.7
"1718",1718,0.0368277385775346,0.086706616149736,0.7
"1719",1719,0.0357393667463913,0.0846938027167521,0.6
"1720",1720,0.036316939246764,0.0857342294145991,0.6
"1721",1721,0.035799367210555,0.0843013189181027,0.5
"1722",1722,0.0371134867701494,0.0871799028332791,0.8
"1723",1723,0.0360998599697994,0.0852852999263688,0.4
"1724",1724,0.035063439342973,0.0831811243818485,0.3
"1725",1725,0.0345666722613421,0.0823127677888085,0.3
"1726",1726,0.0357253629946402,0.0846589016949185,0.6
"1727",1727,0.0361020390057165,0.0850892483669783,0.6
"1728",1728,0.0355428403203277,0.0840823299326768,0.7
"1729",1729,0.0363387105009404,0.0857346206310563,0.5
"1730",1730,0.0353926776053518,0.0839544997448746,0.7
"1731",1731,0.0360980042833711,0.0851623390812283,0.4
"1732",1732,0.0361517617367807,0.0850161087794027,0.4
"1733",1733,0.0371591083776325,0.0866034355816568,0.5
"1734",1734,0.0356560859714831,0.0841840139045438,0.5
"1735",1735,0.0346454856697651,0.0825484646860893,0.3
"1736",1736,0.0353494954468037,0.0836838203034856,0.6
"1737",1737,0.034885798916218,0.082942209149283,0.5
"1738",1738,0.0350129006669223,0.0833196514765334,0.6
"1739",1739,0.0357546230415099,0.0841688634393543,0.4
"1740",1740,0.0354674257445301,0.0838745918454093,0.5
"1741",1741,0.0346671216307582,0.0825980013653809,0.5
"1742",1742,0.0354314897174478,0.0842268840080886,0.6
"1743",1743,0.0343376997388652,0.0817839951623517,0.3
"1744",1744,0.0338818886181671,0.0810620972289264,0.3
"1745",1745,0.034950978404727,0.0832018186452799,0.6
"1746",1746,0.0362482190606917,0.0859337006790216,0.8
"1747",1747,0.0351545631968998,0.0836134699840904,0.5
"1748",1748,0.03586365710343,0.0845424032304624,0.5
"1749",1749,0.0344960364916126,0.0824961407716876,0.4
"1750",1750,0.0343021173063549,0.0818942208179196,0.3
"1751",1751,0.0357184610798886,0.0846310904641166,0.6
"1752",1752,0.0344401501594349,0.082221609088909,0.4
"1753",1753,0.0356517339106625,0.0844555778021139,0.6
"1754",1754,0.0344516486451934,0.0824450772157374,0.3
"1755",1755,0.0349920915100105,0.0833995392427236,0.6
"1756",1756,0.0345625445392753,0.0826844243991903,0.2
"1757",1757,0.0344898933149457,0.0824830290740258,0.4
"1758",1758,0.0341206258511617,0.0819408171680832,0.5
"1759",1759,0.0345614406249033,0.082586646573478,0.4
"1760",1760,0.0345721757318189,0.0826916962512157,0.6
"1761",1761,0.034240094165886,0.0818459338307888,0.5
"1762",1762,0.0348188818922788,0.0829774878227022,0.5
"1763",1763,0.0352412460501761,0.0838415215582603,0.5
"1764",1764,0.0352279266137588,0.0841145796624977,0.5
"1765",1765,0.0343686000113088,0.0821543082840874,0.3
"1766",1766,0.035586279521277,0.0841995496331417,0.7
"1767",1767,0.0353468908473414,0.0836937399423086,0.6
"1768",1768,0.0354240995873673,0.0837538059086569,0.3
"1769",1769,0.0355621797985012,0.0839974723901791,0.5
"1770",1770,0.0351619463146815,0.0834607929533778,0.5
"1771",1771,0.0351608152635427,0.0837062981838521,0.6
"1772",1772,0.0341910150400324,0.08200472229179,0.4
"1773",1773,0.035925501946811,0.0851813093460039,0.6
"1774",1774,0.0359585845402128,0.0850944066754045,0.4
"1775",1775,0.0362144770843269,0.0853304205224267,0.7
"1776",1776,0.035669934504714,0.0842500486889219,0.3
"1777",1777,0.0353225644831465,0.0833417847777911,0.3
"1778",1778,0.035508202899296,0.0837971646343844,0.5
"1779",1779,0.0351947171721091,0.0835969204398463,0.4
"1780",1780,0.034686218849169,0.0825858023659548,0.4
"1781",1781,0.0351699049751809,0.0834156507211486,0.6
"1782",1782,0.0349286330369081,0.0826477140743937,0.3
"1783",1783,0.0355488561927953,0.0842330944027737,0.6
"1784",1784,0.0364129327535861,0.0859308439734881,0.7
"1785",1785,0.0357805087967095,0.084376568961664,0.6
"1786",1786,0.035863681778667,0.0846576963831597,0.3
"1787",1787,0.0350188450907641,0.083111161292949,0.5
"1788",1788,0.0349733018208623,0.083294908660493,0.6
"1789",1789,0.0345549822984233,0.0825526359184335,0.7
"1790",1790,0.0354148060884199,0.0841468667452035,0.5
"1791",1791,0.0343447629036134,0.0819170924783216,0.3
"1792",1792,0.0358457332123996,0.0847611633684446,0.6
"1793",1793,0.0376325999887704,0.0879479949526485,0.8
"1794",1794,0.0371869083861981,0.0870927466894674,0.8
"1795",1795,0.036285740724512,0.0857089760114638,0.4
"1796",1796,0.035749091606663,0.0844441979907308,0.6
"1797",1797,0.034750753096211,0.0824079542798566,0.2
"1798",1798,0.0346168467709009,0.0822566734325004,0.4
"1799",1799,0.0340185511800023,0.0809014021079227,0.3
"1800",1800,0.0365080394828413,0.0856206669912512,0.6
"1801",1801,0.0366204007754246,0.0856862644572363,0.6
"1802",1802,0.0357266485220068,0.0843630434046788,0.7
"1803",1803,0.0357415196449843,0.0841645009206166,0.5
"1804",1804,0.0357388557534532,0.0844856812732682,0.5
"1805",1805,0.0362090146678966,0.0851780745579886,0.5
"1806",1806,0.0365746953309032,0.0865191717782741,0.5
"1807",1807,0.0364486403947109,0.085629377226045,0.6
"1808",1808,0.0354573128072796,0.0837771020012212,0.2
"1809",1809,0.0351303256245437,0.0831083171892042,0.6
"1810",1810,0.0352696665508724,0.0835725647216232,0.5
"1811",1811,0.0360299550347527,0.0851855328270767,0.7
"1812",1812,0.0368901754082312,0.0866018952985143,0.9
"1813",1813,0.0362373163372771,0.0854196964312668,0.4
"1814",1814,0.0356618343039407,0.0844540792829365,0.4
"1815",1815,0.0346810364638055,0.0829245180194643,0.4
"1816",1816,0.0355097022052692,0.0843385566433986,0.6
"1817",1817,0.0357890399349177,0.0844012661279414,0.4
"1818",1818,0.0351849864484193,0.083275719233315,0.3
"1819",1819,0.0345956186728063,0.0825194719573881,0.4
"1820",1820,0.0351693879954474,0.0836512933728386,0.5
"1821",1821,0.0364824377251254,0.0859738477092438,0.4
"1822",1822,0.0353731107310811,0.0836894888698973,0.5
"1823",1823,0.0353142709843709,0.0836646001167252,0.6
"1824",1824,0.0343588542243717,0.0821027838889654,0.4
"1825",1825,0.03509181544952,0.0831783380690085,0.6
"1826",1826,0.0346175633208245,0.0823620411008529,0.4
"1827",1827,0.0355156104220227,0.0841762017002424,0.7
"1828",1828,0.0348175971865498,0.0827594273449331,0.4
"1829",1829,0.0364085934287357,0.0856352551024978,0.7
"1830",1830,0.0355429136212391,0.0840733724395499,0.4
"1831",1831,0.035039381787661,0.083084133756838,0.5
"1832",1832,0.0360791192520858,0.0844762814986764,0.4
"1833",1833,0.0356364475480505,0.0839830694926744,0.5
"1834",1834,0.0347757229712756,0.0826397172987041,0.5
"1835",1835,0.0351672087071684,0.0831366346427487,0.4
"1836",1836,0.0353392320216396,0.0836521240763967,0.5
"1837",1837,0.0351232097403011,0.0831249884319128,0.4
"1838",1838,0.0366215210897927,0.0858639496643637,0.7
"1839",1839,0.0349821552315947,0.0829871359083603,0.4
"1840",1840,0.0361498962120419,0.0853035858119992,0.6
"1841",1841,0.0356490737569891,0.0843397036547398,0.6
"1842",1842,0.0364243632618632,0.0859060977331259,0.5
"1843",1843,0.0356206161774448,0.0841444894066046,0.4
"1844",1844,0.0364326998186012,0.0859479321283896,0.7
"1845",1845,0.0367671167765928,0.0865711325555162,0.8
"1846",1846,0.0351760290679737,0.0834474374278181,0.3
"1847",1847,0.0354507851552561,0.0841896898641689,0.7
"1848",1848,0.0357293304910312,0.0843616569044319,0.5
"1849",1849,0.0345411399890932,0.0825347391091644,0.3
"1850",1850,0.0343085156191135,0.0821163764177167,0.4
"1851",1851,0.0343549157727851,0.0822370131661936,0.5
"1852",1852,0.0335304442572003,0.0806859321553187,0.2
"1853",1853,0.0347265519714275,0.0827541178012135,0.4
"1854",1854,0.0348522926131798,0.0829544768838635,0.5
"1855",1855,0.03457471412506,0.0822974091787104,0.5
"1856",1856,0.0343366050244669,0.0817985885387416,0.3
"1857",1857,0.0345704064987856,0.0820033797605363,0.2
"1858",1858,0.0352239047364412,0.0837043739142983,0.7
"1859",1859,0.0344617650493243,0.0824751612016384,0.4
"1860",1860,0.0343654585307929,0.082574225714658,0.7
"1861",1861,0.0355636510666217,0.084808212227853,0.7
"1862",1862,0.0353333490850423,0.0842194219031806,0.5
"1863",1863,0.0346279451837418,0.0827151114851488,0.2
"1864",1864,0.0356097738002921,0.084349268898487,0.4
"1865",1865,0.0346395925585657,0.0828012988647502,0.5
"1866",1866,0.0358510636917255,0.0851593315778833,0.6
"1867",1867,0.0368738927425197,0.0866900087298124,0.6
"1868",1868,0.0360409918315154,0.0852222100436425,0.5
"1869",1869,0.0361160668945387,0.0849159238658072,0.6
"1870",1870,0.0355557137307182,0.0843523696543303,0.6
"1871",1871,0.034898318881623,0.0831030272231685,0.6
"1872",1872,0.0351638837422516,0.083600070382569,0.8
"1873",1873,0.0363122029458868,0.0858586376820665,0.7
"1874",1874,0.0358573300970659,0.0845619953568711,0.3
"1875",1875,0.0355756313371419,0.0843258566038619,0.5
"1876",1876,0.0362193890031728,0.0853695790814206,0.6
"1877",1877,0.0357426625487176,0.0847273562196997,0.6
"1878",1878,0.0361667215729993,0.0853067827558591,0.7
"1879",1879,0.0367549192340085,0.0861362030346688,0.8
"1880",1880,0.0370554686957485,0.0866933179514106,0.7
"1881",1881,0.036314007665874,0.0853499759244626,0.6
"1882",1882,0.0356711829853418,0.0843068467959069,0.4
"1883",1883,0.034133329319352,0.0816101353610385,0.3
"1884",1884,0.0344702679311195,0.0819873730756779,0.3
"1885",1885,0.0348415796607276,0.0832499991930282,0.5
"1886",1886,0.0346925189739882,0.0828561698851616,0.5
"1887",1887,0.0345535130378819,0.082204267000099,0.5
"1888",1888,0.0356762488605209,0.0848952817596088,0.6
"1889",1889,0.0350316391022222,0.083500584329453,0.6
"1890",1890,0.0339002089180676,0.0814929542051666,0.3
"1891",1891,0.0343322633380824,0.081996916400615,0.3
"1892",1892,0.0343884984379465,0.0823422617236531,0.3
"1893",1893,0.0347380823549162,0.0828879749390115,0.4
"1894",1894,0.0358604041187495,0.0846265221613386,0.5
"1895",1895,0.0363307993533386,0.0863258917220274,0.8
"1896",1896,0.0358415621626346,0.0854988205531271,0.7
"1897",1897,0.0353320893958908,0.0840227989053905,0.4
"1898",1898,0.0360738837019665,0.0855252884352014,0.6
"1899",1899,0.0348701463220755,0.0832217520859219,0.4
"1900",1900,0.0352906277852576,0.0838333872947655,0.6
"1901",1901,0.0350849537243685,0.0837494782760999,0.4
"1902",1902,0.0344881764193669,0.0823390811223035,0.3
"1903",1903,0.0353755299157522,0.083847596521655,0.4
"1904",1904,0.0351277500599891,0.0836896793452416,0.6
"1905",1905,0.0363253313227672,0.0860607856173818,0.7
"1906",1906,0.0350941920617793,0.0834675774122244,0.3
"1907",1907,0.0345144796017519,0.082443855697342,0.3
"1908",1908,0.0342173090679377,0.0818747280242451,0.4
"1909",1909,0.0348997429008209,0.0832221263604322,0.7
"1910",1910,0.0361039541353298,0.085334909371283,0.7
"1911",1911,0.0355483357260581,0.0842693443789433,0.4
"1912",1912,0.0360627431868625,0.0850549292763832,0.6
"1913",1913,0.0358725744978763,0.0846487999523539,0.5
"1914",1914,0.0357211031787918,0.0847695530583083,0.4
"1915",1915,0.0357059065670422,0.0846595107626402,0.7
"1916",1916,0.0356306122572004,0.0840551075247498,0.3
"1917",1917,0.0346685944982469,0.0824618146702571,0.4
"1918",1918,0.0345296591070576,0.0824964349997187,0.3
"1919",1919,0.0368869582801103,0.0867606064912968,0.9
"1920",1920,0.0357889281191791,0.0845264253114086,0.4
"1921",1921,0.0348688399513168,0.0829179937902785,0.3
"1922",1922,0.0359536409871638,0.0852296201517943,0.7
"1923",1923,0.0348493859031364,0.0831449736549076,0.4
"1924",1924,0.0343649079615145,0.0823680376093739,0.6
"1925",1925,0.0348543624004818,0.0830041681807782,0.4
"1926",1926,0.0358878027878184,0.0852577218845013,0.6
"1927",1927,0.0353621180248523,0.0840931183622155,0.6
"1928",1928,0.0345849440438562,0.0826194373446713,0.5
"1929",1929,0.0343502911875233,0.0821914038058756,0.5
"1930",1930,0.0348514769191787,0.0830113682073831,0.4
"1931",1931,0.0353646090307584,0.0838429616641191,0.3
"1932",1932,0.0345978495068169,0.0821571934698802,0.2
"1933",1933,0.0345325606309981,0.0822926485766759,0.6
"1934",1934,0.0358765172326396,0.085399372522606,0.5
"1935",1935,0.0369248482325629,0.0870089522017056,0.7
"1936",1936,0.0362945254084884,0.0861968358046333,0.7
"1937",1937,0.0347458554200386,0.0834396315933935,0.3
"1938",1938,0.0351051618690296,0.0837043581312043,0.3
"1939",1939,0.0353741754888089,0.0842093989043908,0.6
"1940",1940,0.0350088616150049,0.0834669211764689,0.7
"1941",1941,0.0358552904225472,0.0846949853548155,0.6
"1942",1942,0.0373553440449562,0.0873110583255187,0.8
"1943",1943,0.0361068987107792,0.0849021147880106,0.4
"1944",1944,0.0356727182154341,0.0841353418623176,0.4
"1945",1945,0.0366420737280898,0.0861888326747331,0.5
"1946",1946,0.0358709947317914,0.0843375742631895,0.2
"1947",1947,0.0358011291514842,0.0840484808873621,0.2
"1948",1948,0.0355352106769123,0.0834767164711589,0.3
"1949",1949,0.0365254273091262,0.0858843539364109,0.5
"1950",1950,0.0357764605140367,0.0841629958802994,0.2
"1951",1951,0.0354292270121943,0.083801850485012,0.6
"1952",1952,0.035565857956335,0.0841980820393175,0.6
"1953",1953,0.0353697017469645,0.0837466815492636,0.5
"1954",1954,0.0358197402141741,0.0843889564319691,0.6
"1955",1955,0.0348526494390305,0.0827700040655162,0.3
"1956",1956,0.0352473260795561,0.0834425541805923,0.3
"1957",1957,0.0348826526278699,0.082959551036524,0.4
"1958",1958,0.0348396395551722,0.082654578547299,0.4
"1959",1959,0.0340226701473236,0.0816699937209254,0.3
"1960",1960,0.0350378985765577,0.0836441756464407,0.5
"1961",1961,0.0339828050624512,0.081554413182977,0.1
"1962",1962,0.034081571318959,0.0819854953066771,0.4
"1963",1963,0.0344843684946352,0.0829236849821758,0.5
"1964",1964,0.0346914940312582,0.0834751571562696,0.6
"1965",1965,0.0349530849963204,0.0836997986088362,0.4
"1966",1966,0.0353020922685214,0.0843086906853845,0.5
"1967",1967,0.0350106428594778,0.0837371252806214,0.4
"1968",1968,0.0358990325157788,0.0851597394798345,0.8
"1969",1969,0.0352629641191153,0.083773995166126,0.5
"1970",1970,0.0360885469004186,0.0852885577178793,0.6
"1971",1971,0.0365565254230135,0.0858095746920633,0.6
"1972",1972,0.0355703600749953,0.083859645726918,0.4
"1973",1973,0.0344416011257555,0.0819426844671881,0.1
"1974",1974,0.0344341306370552,0.0820577816699404,0.2
"1975",1975,0.0356825993982839,0.0845893363719986,0.6
"1976",1976,0.0355657201067775,0.0844528837187323,0.7
"1977",1977,0.0356328324200214,0.0844604326448497,0.5
"1978",1978,0.0354634332557205,0.0842011284676607,0.5
"1979",1979,0.0352837581251218,0.0837784998426972,0.6
"1980",1980,0.0357967235501335,0.0847369735724505,0.5
"1981",1981,0.0362732693149262,0.085786123821187,0.6
"1982",1982,0.0358109185800241,0.0847099205861471,0.5
"1983",1983,0.0370991581864019,0.0867808231921139,0.6
"1984",1984,0.0370099113404103,0.086235498531995,0.6
"1985",1985,0.0363122535780629,0.0853860662433803,0.7
"1986",1986,0.035710115521396,0.084279393677029,0.6
"1987",1987,0.0360325653178504,0.084716295374142,0.4
"1988",1988,0.0346651514766745,0.08237462399313,0.3
"1989",1989,0.0352093215314396,0.083516291439504,0.6
"1990",1990,0.0349150399283469,0.0830109584240861,0.5
"1991",1991,0.0359107426442196,0.0845820816090772,0.7
"1992",1992,0.0355894518405836,0.0841520608383295,0.3
"1993",1993,0.0354966388188838,0.0838865919936561,0.6
"1994",1994,0.0357883894451709,0.0843286090551704,0.4
"1995",1995,0.0353161922257909,0.0834820600630088,0.2
"1996",1996,0.0349572155733359,0.0826738740982839,0.4
"1997",1997,0.0345240194954355,0.0821842219114756,0.5
"1998",1998,0.0359737442330927,0.0848274088885528,0.8
"1999",1999,0.0366145399637485,0.0864442067013813,0.5
"2000",2000,0.0359710560685488,0.0845804943004169,0.5
